scenario,policy,week,hub,category,region,quantity
base,last_week,2018-05-28,MG,bed_bath_table,Central-West,3.0
base,last_week,2018-05-28,MG,bed_bath_table,Northeast,5.0
base,last_week,2018-05-28,MG,computers_accessories,Northeast,7.0
base,last_week,2018-05-28,MG,furniture_decor,Central-West,7.0
base,last_week,2018-05-28,MG,furniture_decor,Northeast,5.0
base,last_week,2018-05-28,MG,health_beauty,Northeast,10.0
base,last_week,2018-05-28,MG,sports_leisure,Northeast,5.0
base,last_week,2018-05-28,MG,telephony,North,1.0
base,last_week,2018-05-28,PR,auto,South,4.0
base,last_week,2018-05-28,PR,furniture_decor,South,9.0
base,last_week,2018-05-28,PR,health_beauty,South,7.0
base,last_week,2018-05-28,PR,housewares,South,9.0
base,last_week,2018-05-28,PR,sports_leisure,South,3.0
base,last_week,2018-05-28,PR,watches_gifts,South,4.0
base,last_week,2018-05-28,RJ,auto,Central-West,3.0
base,last_week,2018-05-28,RJ,bed_bath_table,South,3.0
base,last_week,2018-05-28,RJ,furniture_decor,Northeast,3.0
base,last_week,2018-05-28,RJ,garden_tools,Northeast,1.0
base,last_week,2018-05-28,RJ,housewares,Northeast,4.0
base,last_week,2018-05-28,RJ,sports_leisure,Central-West,6.0
base,last_week,2018-05-28,RJ,sports_leisure,North,3.0
base,last_week,2018-05-28,RJ,telephony,North,1.0
base,last_week,2018-05-28,RS,auto,South,2.0
base,last_week,2018-05-28,RS,bed_bath_table,South,1.0
base,last_week,2018-05-28,RS,computers_accessories,South,1.0
base,last_week,2018-05-28,RS,furniture_decor,South,2.0
base,last_week,2018-05-28,RS,health_beauty,South,4.0
base,last_week,2018-05-28,RS,housewares,South,2.0
base,last_week,2018-05-28,SC,bed_bath_table,South,10.0
base,last_week,2018-05-28,SC,computers_accessories,South,4.0
base,last_week,2018-05-28,SC,furniture_decor,South,2.0
base,last_week,2018-05-28,SC,garden_tools,South,2.0
base,last_week,2018-05-28,SC,sports_leisure,South,15.0
base,last_week,2018-05-28,SP,auto,Central-West,1.0
base,last_week,2018-05-28,SP,auto,Northeast,7.0
base,last_week,2018-05-28,SP,auto,Southeast,24.0
base,last_week,2018-05-28,SP,bed_bath_table,Central-West,1.0
base,last_week,2018-05-28,SP,bed_bath_table,Southeast,110.0
base,last_week,2018-05-28,SP,computers_accessories,Central-West,2.0
base,last_week,2018-05-28,SP,computers_accessories,Southeast,37.0
base,last_week,2018-05-28,SP,furniture_decor,Southeast,60.0
base,last_week,2018-05-28,SP,garden_tools,Northeast,5.0
base,last_week,2018-05-28,SP,garden_tools,Southeast,20.0
base,last_week,2018-05-28,SP,health_beauty,Central-West,6.0
base,last_week,2018-05-28,SP,health_beauty,North,1.0
base,last_week,2018-05-28,SP,health_beauty,Northeast,5.0
base,last_week,2018-05-28,SP,health_beauty,Southeast,80.0
base,last_week,2018-05-28,SP,housewares,Central-West,4.0
base,last_week,2018-05-28,SP,housewares,North,1.0
base,last_week,2018-05-28,SP,housewares,Northeast,2.0
base,last_week,2018-05-28,SP,housewares,Southeast,102.0
base,last_week,2018-05-28,SP,sports_leisure,Southeast,52.0
base,last_week,2018-05-28,SP,telephony,Central-West,2.0
base,last_week,2018-05-28,SP,telephony,North,1.0
base,last_week,2018-05-28,SP,telephony,Northeast,8.0
base,last_week,2018-05-28,SP,telephony,South,8.0
base,last_week,2018-05-28,SP,telephony,Southeast,20.0
base,last_week,2018-05-28,SP,watches_gifts,Central-West,7.0
base,last_week,2018-05-28,SP,watches_gifts,North,1.0
base,last_week,2018-05-28,SP,watches_gifts,Northeast,11.0
base,last_week,2018-05-28,SP,watches_gifts,Southeast,67.0
base,last_week,2018-06-04,MG,auto,Southeast,6.0
base,last_week,2018-06-04,MG,bed_bath_table,Central-West,7.0
base,last_week,2018-06-04,MG,bed_bath_table,Southeast,7.0
base,last_week,2018-06-04,MG,computers_accessories,Northeast,16.0
base,last_week,2018-06-04,MG,furniture_decor,Central-West,1.0
base,last_week,2018-06-04,MG,health_beauty,Central-West,2.0
base,last_week,2018-06-04,MG,health_beauty,Northeast,11.0
base,last_week,2018-06-04,MG,housewares,Central-West,10.0
base,last_week,2018-06-04,MG,housewares,Southeast,10.0
base,last_week,2018-06-04,MG,sports_leisure,Northeast,7.0
base,last_week,2018-06-04,MG,telephony,Northeast,5.0
base,last_week,2018-06-04,MG,watches_gifts,Northeast,3.0
base,last_week,2018-06-04,PR,auto,South,5.0
base,last_week,2018-06-04,PR,bed_bath_table,South,3.0
base,last_week,2018-06-04,PR,computers_accessories,South,4.0
base,last_week,2018-06-04,PR,furniture_decor,South,17.0
base,last_week,2018-06-04,PR,health_beauty,South,9.0
base,last_week,2018-06-04,PR,housewares,South,9.0
base,last_week,2018-06-04,PR,sports_leisure,South,7.0
base,last_week,2018-06-04,PR,watches_gifts,North,1.0
base,last_week,2018-06-04,PR,watches_gifts,South,7.0
base,last_week,2018-06-04,RJ,auto,Central-West,6.0
base,last_week,2018-06-04,RJ,bed_bath_table,South,4.0
base,last_week,2018-06-04,RJ,bed_bath_table,Southeast,6.0
base,last_week,2018-06-04,RJ,furniture_decor,Central-West,3.0
base,last_week,2018-06-04,RJ,furniture_decor,Northeast,2.0
base,last_week,2018-06-04,RJ,health_beauty,Central-West,6.0
base,last_week,2018-06-04,RJ,health_beauty,Southeast,21.0
base,last_week,2018-06-04,RJ,housewares,Northeast,4.0
base,last_week,2018-06-04,RJ,housewares,Southeast,4.0
base,last_week,2018-06-04,RJ,telephony,North,3.0
base,last_week,2018-06-04,RJ,telephony,Northeast,1.0
base,last_week,2018-06-04,RJ,watches_gifts,Central-West,5.0
base,last_week,2018-06-04,RJ,watches_gifts,Northeast,7.0
base,last_week,2018-06-04,RS,auto,North,3.0
base,last_week,2018-06-04,RS,bed_bath_table,South,6.0
base,last_week,2018-06-04,RS,computers_accessories,South,9.0
base,last_week,2018-06-04,RS,furniture_decor,North,3.0
base,last_week,2018-06-04,RS,garden_tools,North,1.0
base,last_week,2018-06-04,RS,housewares,South,2.0
base,last_week,2018-06-04,RS,sports_leisure,North,3.0
base,last_week,2018-06-04,RS,telephony,South,5.0
base,last_week,2018-06-04,SC,auto,South,4.0
base,last_week,2018-06-04,SC,bed_bath_table,South,4.0
base,last_week,2018-06-04,SC,garden_tools,Central-West,2.0
base,last_week,2018-06-04,SC,garden_tools,South,7.0
base,last_week,2018-06-04,SC,health_beauty,South,7.0
base,last_week,2018-06-04,SC,housewares,South,8.0
base,last_week,2018-06-04,SC,watches_gifts,South,2.0
base,last_week,2018-06-04,SP,auto,Central-West,2.0
base,last_week,2018-06-04,SP,auto,South,8.0
base,last_week,2018-06-04,SP,auto,Southeast,39.0
base,last_week,2018-06-04,SP,bed_bath_table,Southeast,148.0
base,last_week,2018-06-04,SP,computers_accessories,Central-West,1.0
base,last_week,2018-06-04,SP,computers_accessories,North,3.0
base,last_week,2018-06-04,SP,computers_accessories,Southeast,79.0
base,last_week,2018-06-04,SP,furniture_decor,North,3.0
base,last_week,2018-06-04,SP,furniture_decor,Southeast,39.0
base,last_week,2018-06-04,SP,garden_tools,South,1.0
base,last_week,2018-06-04,SP,garden_tools,Southeast,36.0
base,last_week,2018-06-04,SP,health_beauty,Southeast,101.0
base,last_week,2018-06-04,SP,housewares,Southeast,49.0
base,last_week,2018-06-04,SP,sports_leisure,Central-West,8.0
base,last_week,2018-06-04,SP,sports_leisure,North,2.0
base,last_week,2018-06-04,SP,sports_leisure,Northeast,2.0
base,last_week,2018-06-04,SP,sports_leisure,Southeast,49.0
base,last_week,2018-06-04,SP,telephony,Central-West,1.0
base,last_week,2018-06-04,SP,telephony,Northeast,1.0
base,last_week,2018-06-04,SP,telephony,South,2.0
base,last_week,2018-06-04,SP,telephony,Southeast,27.0
base,last_week,2018-06-04,SP,watches_gifts,Northeast,3.0
base,last_week,2018-06-04,SP,watches_gifts,Southeast,63.0
base,last_week,2018-06-11,MG,bed_bath_table,Central-West,2.0
base,last_week,2018-06-11,MG,bed_bath_table,Southeast,12.0
base,last_week,2018-06-11,MG,computers_accessories,Central-West,5.0
base,last_week,2018-06-11,MG,computers_accessories,Northeast,3.0
base,last_week,2018-06-11,MG,computers_accessories,Southeast,9.0
base,last_week,2018-06-11,MG,furniture_decor,Central-West,8.0
base,last_week,2018-06-11,MG,health_beauty,Central-West,4.0
base,last_week,2018-06-11,MG,health_beauty,Southeast,10.0
base,last_week,2018-06-11,MG,sports_leisure,Northeast,8.0
base,last_week,2018-06-11,MG,telephony,Northeast,5.0
base,last_week,2018-06-11,PR,auto,South,5.0
base,last_week,2018-06-11,PR,computers_accessories,South,13.0
base,last_week,2018-06-11,PR,computers_accessories,Southeast,24.0
base,last_week,2018-06-11,PR,furniture_decor,South,9.0
base,last_week,2018-06-11,PR,garden_tools,South,2.0
base,last_week,2018-06-11,PR,health_beauty,South,5.0
base,last_week,2018-06-11,PR,health_beauty,Southeast,3.0
base,last_week,2018-06-11,PR,housewares,South,16.0
base,last_week,2018-06-11,PR,watches_gifts,South,8.0
base,last_week,2018-06-11,RJ,auto,Central-West,2.0
base,last_week,2018-06-11,RJ,auto,Southeast,4.0
base,last_week,2018-06-11,RJ,bed_bath_table,Southeast,10.0
base,last_week,2018-06-11,RJ,computers_accessories,Southeast,3.0
base,last_week,2018-06-11,RJ,furniture_decor,Northeast,5.0
base,last_week,2018-06-11,RJ,garden_tools,Central-West,1.0
base,last_week,2018-06-11,RJ,garden_tools,Northeast,4.0
base,last_week,2018-06-11,RJ,housewares,Central-West,3.0
base,last_week,2018-06-11,RJ,housewares,Northeast,5.0
base,last_week,2018-06-11,RJ,sports_leisure,Central-West,3.0
base,last_week,2018-06-11,RJ,sports_leisure,North,3.0
base,last_week,2018-06-11,RJ,sports_leisure,Northeast,3.0
base,last_week,2018-06-11,RJ,sports_leisure,Southeast,3.0
base,last_week,2018-06-11,RJ,telephony,Northeast,3.0
base,last_week,2018-06-11,RJ,watches_gifts,Central-West,1.0
base,last_week,2018-06-11,RS,auto,South,3.0
base,last_week,2018-06-11,RS,bed_bath_table,South,6.0
base,last_week,2018-06-11,RS,furniture_decor,South,5.0
base,last_week,2018-06-11,RS,garden_tools,North,3.0
base,last_week,2018-06-11,RS,health_beauty,South,8.0
base,last_week,2018-06-11,RS,telephony,South,5.0
base,last_week,2018-06-11,RS,watches_gifts,South,1.0
base,last_week,2018-06-11,SC,furniture_decor,South,6.0
base,last_week,2018-06-11,SC,sports_leisure,South,15.0
base,last_week,2018-06-11,SC,watches_gifts,South,6.0
base,last_week,2018-06-11,SP,auto,Southeast,33.0
base,last_week,2018-06-11,SP,bed_bath_table,Southeast,104.0
base,last_week,2018-06-11,SP,computers_accessories,Southeast,14.0
base,last_week,2018-06-11,SP,furniture_decor,Southeast,67.0
base,last_week,2018-06-11,SP,garden_tools,South,3.0
base,last_week,2018-06-11,SP,garden_tools,Southeast,29.0
base,last_week,2018-06-11,SP,health_beauty,Southeast,106.0
base,last_week,2018-06-11,SP,housewares,Central-West,5.0
base,last_week,2018-06-11,SP,housewares,North,3.0
base,last_week,2018-06-11,SP,housewares,South,2.0
base,last_week,2018-06-11,SP,housewares,Southeast,96.0
base,last_week,2018-06-11,SP,sports_leisure,Southeast,77.0
base,last_week,2018-06-11,SP,telephony,Central-West,4.0
base,last_week,2018-06-11,SP,telephony,South,2.0
base,last_week,2018-06-11,SP,telephony,Southeast,43.0
base,last_week,2018-06-11,SP,watches_gifts,Central-West,8.0
base,last_week,2018-06-11,SP,watches_gifts,Northeast,14.0
base,last_week,2018-06-11,SP,watches_gifts,Southeast,91.0
base,last_week,2018-06-18,MG,bed_bath_table,Central-West,6.0
base,last_week,2018-06-18,MG,bed_bath_table,Northeast,2.0
base,last_week,2018-06-18,MG,computers_accessories,Northeast,9.0
base,last_week,2018-06-18,MG,furniture_decor,Central-West,6.0
base,last_week,2018-06-18,MG,furniture_decor,Northeast,2.0
base,last_week,2018-06-18,MG,furniture_decor,Southeast,1.0
base,last_week,2018-06-18,MG,health_beauty,Northeast,14.0
base,last_week,2018-06-18,MG,sports_leisure,Central-West,2.0
base,last_week,2018-06-18,MG,sports_leisure,Northeast,10.0
base,last_week,2018-06-18,MG,telephony,Central-West,5.0
base,last_week,2018-06-18,PR,auto,South,8.0
base,last_week,2018-06-18,PR,furniture_decor,South,11.0
base,last_week,2018-06-18,PR,health_beauty,South,14.0
base,last_week,2018-06-18,PR,housewares,South,12.0
base,last_week,2018-06-18,PR,sports_leisure,South,9.0
base,last_week,2018-06-18,PR,sports_leisure,Southeast,14.0
base,last_week,2018-06-18,PR,telephony,South,2.0
base,last_week,2018-06-18,PR,watches_gifts,North,1.0
base,last_week,2018-06-18,PR,watches_gifts,South,7.0
base,last_week,2018-06-18,RJ,auto,Central-West,4.0
base,last_week,2018-06-18,RJ,auto,Northeast,2.0
base,last_week,2018-06-18,RJ,bed_bath_table,South,10.0
base,last_week,2018-06-18,RJ,furniture_decor,Northeast,5.0
base,last_week,2018-06-18,RJ,garden_tools,Northeast,2.0
base,last_week,2018-06-18,RJ,housewares,Central-West,2.0
base,last_week,2018-06-18,RJ,housewares,Northeast,6.0
base,last_week,2018-06-18,RJ,sports_leisure,Central-West,9.0
base,last_week,2018-06-18,RJ,sports_leisure,North,2.0
base,last_week,2018-06-18,RJ,sports_leisure,Southeast,5.0
base,last_week,2018-06-18,RJ,telephony,Northeast,7.0
base,last_week,2018-06-18,RJ,telephony,South,1.0
base,last_week,2018-06-18,RS,auto,South,3.0
base,last_week,2018-06-18,RS,bed_bath_table,North,1.0
base,last_week,2018-06-18,RS,bed_bath_table,South,5.0
base,last_week,2018-06-18,RS,computers_accessories,South,8.0
base,last_week,2018-06-18,RS,furniture_decor,South,5.0
base,last_week,2018-06-18,RS,health_beauty,South,8.0
base,last_week,2018-06-18,RS,telephony,South,5.0
base,last_week,2018-06-18,SC,bed_bath_table,South,12.0
base,last_week,2018-06-18,SC,computers_accessories,South,9.0
base,last_week,2018-06-18,SC,furniture_decor,South,6.0
base,last_week,2018-06-18,SC,garden_tools,South,3.0
base,last_week,2018-06-18,SC,sports_leisure,South,3.0
base,last_week,2018-06-18,SC,telephony,South,1.0
base,last_week,2018-06-18,SC,watches_gifts,South,5.0
base,last_week,2018-06-18,SP,auto,Northeast,7.0
base,last_week,2018-06-18,SP,auto,Southeast,50.0
base,last_week,2018-06-18,SP,bed_bath_table,Southeast,158.0
base,last_week,2018-06-18,SP,computers_accessories,Central-West,7.0
base,last_week,2018-06-18,SP,computers_accessories,South,2.0
base,last_week,2018-06-18,SP,computers_accessories,Southeast,71.0
base,last_week,2018-06-18,SP,furniture_decor,Southeast,51.0
base,last_week,2018-06-18,SP,garden_tools,Southeast,25.0
base,last_week,2018-06-18,SP,health_beauty,Central-West,10.0
base,last_week,2018-06-18,SP,health_beauty,North,4.0
base,last_week,2018-06-18,SP,health_beauty,Northeast,5.0
base,last_week,2018-06-18,SP,health_beauty,South,1.0
base,last_week,2018-06-18,SP,health_beauty,Southeast,171.0
base,last_week,2018-06-18,SP,housewares,Central-West,7.0
base,last_week,2018-06-18,SP,housewares,North,2.0
base,last_week,2018-06-18,SP,housewares,Southeast,85.0
base,last_week,2018-06-18,SP,sports_leisure,Southeast,53.0
base,last_week,2018-06-18,SP,telephony,Central-West,12.0
base,last_week,2018-06-18,SP,telephony,Southeast,26.0
base,last_week,2018-06-18,SP,watches_gifts,Central-West,7.0
base,last_week,2018-06-18,SP,watches_gifts,North,1.0
base,last_week,2018-06-18,SP,watches_gifts,Northeast,17.0
base,last_week,2018-06-18,SP,watches_gifts,Southeast,79.0
base,last_week,2018-06-25,MG,bed_bath_table,Central-West,1.0
base,last_week,2018-06-25,MG,bed_bath_table,Northeast,19.0
base,last_week,2018-06-25,MG,computers_accessories,Central-West,2.0
base,last_week,2018-06-25,MG,computers_accessories,Northeast,8.0
base,last_week,2018-06-25,MG,computers_accessories,Southeast,2.0
base,last_week,2018-06-25,MG,furniture_decor,Central-West,1.0
base,last_week,2018-06-25,MG,furniture_decor,Northeast,9.0
base,last_week,2018-06-25,MG,furniture_decor,Southeast,3.0
base,last_week,2018-06-25,MG,health_beauty,Northeast,14.0
base,last_week,2018-06-25,MG,sports_leisure,Northeast,5.0
base,last_week,2018-06-25,MG,telephony,Northeast,1.0
base,last_week,2018-06-25,PR,auto,South,7.0
base,last_week,2018-06-25,PR,furniture_decor,South,10.0
base,last_week,2018-06-25,PR,health_beauty,South,15.0
base,last_week,2018-06-25,PR,housewares,South,19.0
base,last_week,2018-06-25,PR,watches_gifts,South,8.0
base,last_week,2018-06-25,RJ,auto,Central-West,5.0
base,last_week,2018-06-25,RJ,auto,Northeast,1.0
base,last_week,2018-06-25,RJ,furniture_decor,Northeast,5.0
base,last_week,2018-06-25,RJ,garden_tools,Northeast,5.0
base,last_week,2018-06-25,RJ,garden_tools,Southeast,3.0
base,last_week,2018-06-25,RJ,housewares,Northeast,8.0
base,last_week,2018-06-25,RJ,sports_leisure,Central-West,6.0
base,last_week,2018-06-25,RJ,telephony,North,1.0
base,last_week,2018-06-25,RS,auto,North,1.0
base,last_week,2018-06-25,RS,auto,South,2.0
base,last_week,2018-06-25,RS,bed_bath_table,South,6.0
base,last_week,2018-06-25,RS,computers_accessories,South,8.0
base,last_week,2018-06-25,RS,furniture_decor,North,1.0
base,last_week,2018-06-25,RS,furniture_decor,South,4.0
base,last_week,2018-06-25,RS,garden_tools,North,1.0
base,last_week,2018-06-25,RS,health_beauty,South,8.0
base,last_week,2018-06-25,RS,telephony,South,5.0
base,last_week,2018-06-25,SC,bed_bath_table,South,2.0
base,last_week,2018-06-25,SC,computers_accessories,South,9.0
base,last_week,2018-06-25,SC,furniture_decor,South,6.0
base,last_week,2018-06-25,SC,garden_tools,Central-West,4.0
base,last_week,2018-06-25,SC,garden_tools,South,9.0
base,last_week,2018-06-25,SC,sports_leisure,South,13.0
base,last_week,2018-06-25,SC,watches_gifts,South,4.0
base,last_week,2018-06-25,SP,auto,Northeast,4.0
base,last_week,2018-06-25,SP,auto,Southeast,50.0
base,last_week,2018-06-25,SP,bed_bath_table,Central-West,3.0
base,last_week,2018-06-25,SP,bed_bath_table,South,12.0
base,last_week,2018-06-25,SP,bed_bath_table,Southeast,113.0
base,last_week,2018-06-25,SP,computers_accessories,South,2.0
base,last_week,2018-06-25,SP,computers_accessories,Southeast,74.0
base,last_week,2018-06-25,SP,furniture_decor,Southeast,81.0
base,last_week,2018-06-25,SP,garden_tools,Southeast,49.0
base,last_week,2018-06-25,SP,health_beauty,Central-West,8.0
base,last_week,2018-06-25,SP,health_beauty,North,7.0
base,last_week,2018-06-25,SP,health_beauty,Northeast,6.0
base,last_week,2018-06-25,SP,health_beauty,South,1.0
base,last_week,2018-06-25,SP,health_beauty,Southeast,131.0
base,last_week,2018-06-25,SP,housewares,Central-West,9.0
base,last_week,2018-06-25,SP,housewares,North,3.0
base,last_week,2018-06-25,SP,housewares,Northeast,10.0
base,last_week,2018-06-25,SP,housewares,Southeast,88.0
base,last_week,2018-06-25,SP,sports_leisure,Southeast,78.0
base,last_week,2018-06-25,SP,telephony,Central-West,4.0
base,last_week,2018-06-25,SP,telephony,South,3.0
base,last_week,2018-06-25,SP,telephony,Southeast,24.0
base,last_week,2018-06-25,SP,watches_gifts,Central-West,11.0
base,last_week,2018-06-25,SP,watches_gifts,North,3.0
base,last_week,2018-06-25,SP,watches_gifts,Northeast,7.0
base,last_week,2018-06-25,SP,watches_gifts,Southeast,74.0
base,last_week,2018-07-02,MG,bed_bath_table,Northeast,6.0
base,last_week,2018-07-02,MG,computers_accessories,Northeast,9.0
base,last_week,2018-07-02,MG,furniture_decor,Central-West,4.0
base,last_week,2018-07-02,MG,furniture_decor,Southeast,12.0
base,last_week,2018-07-02,MG,garden_tools,Southeast,14.0
base,last_week,2018-07-02,MG,health_beauty,Northeast,14.0
base,last_week,2018-07-02,MG,sports_leisure,Northeast,10.0
base,last_week,2018-07-02,MG,telephony,Northeast,7.0
base,last_week,2018-07-02,PR,auto,South,8.0
base,last_week,2018-07-02,PR,furniture_decor,South,9.0
base,last_week,2018-07-02,PR,garden_tools,Southeast,3.0
base,last_week,2018-07-02,PR,health_beauty,South,5.0
base,last_week,2018-07-02,PR,housewares,South,3.0
base,last_week,2018-07-02,PR,watches_gifts,South,8.0
base,last_week,2018-07-02,RJ,auto,Northeast,4.0
base,last_week,2018-07-02,RJ,bed_bath_table,South,10.0
base,last_week,2018-07-02,RJ,furniture_decor,Northeast,5.0
base,last_week,2018-07-02,RJ,garden_tools,Southeast,1.0
base,last_week,2018-07-02,RJ,housewares,Central-West,1.0
base,last_week,2018-07-02,RJ,housewares,Northeast,7.0
base,last_week,2018-07-02,RJ,sports_leisure,Central-West,7.0
base,last_week,2018-07-02,RJ,sports_leisure,North,1.0
base,last_week,2018-07-02,RS,auto,North,2.0
base,last_week,2018-07-02,RS,auto,South,1.0
base,last_week,2018-07-02,RS,bed_bath_table,North,3.0
base,last_week,2018-07-02,RS,bed_bath_table,South,3.0
base,last_week,2018-07-02,RS,computers_accessories,South,2.0
base,last_week,2018-07-02,RS,furniture_decor,North,1.0
base,last_week,2018-07-02,RS,furniture_decor,South,4.0
base,last_week,2018-07-02,RS,garden_tools,South,5.0
base,last_week,2018-07-02,RS,health_beauty,South,8.0
base,last_week,2018-07-02,RS,housewares,South,14.0
base,last_week,2018-07-02,RS,telephony,South,5.0
base,last_week,2018-07-02,SC,bed_bath_table,South,1.0
base,last_week,2018-07-02,SC,computers_accessories,South,9.0
base,last_week,2018-07-02,SC,furniture_decor,South,4.0
base,last_week,2018-07-02,SC,furniture_decor,Southeast,2.0
base,last_week,2018-07-02,SC,sports_leisure,South,18.0
base,last_week,2018-07-02,SC,watches_gifts,South,3.0
base,last_week,2018-07-02,SP,auto,Southeast,44.0
base,last_week,2018-07-02,SP,bed_bath_table,Central-West,9.0
base,last_week,2018-07-02,SP,bed_bath_table,Southeast,96.0
base,last_week,2018-07-02,SP,computers_accessories,Central-West,3.0
base,last_week,2018-07-02,SP,computers_accessories,Southeast,58.0
base,last_week,2018-07-02,SP,furniture_decor,Southeast,49.0
base,last_week,2018-07-02,SP,garden_tools,Southeast,9.0
base,last_week,2018-07-02,SP,health_beauty,Central-West,6.0
base,last_week,2018-07-02,SP,health_beauty,North,5.0
base,last_week,2018-07-02,SP,health_beauty,Northeast,6.0
base,last_week,2018-07-02,SP,health_beauty,Southeast,138.0
base,last_week,2018-07-02,SP,housewares,Central-West,3.0
base,last_week,2018-07-02,SP,housewares,North,1.0
base,last_week,2018-07-02,SP,housewares,Southeast,82.0
base,last_week,2018-07-02,SP,sports_leisure,Southeast,78.0
base,last_week,2018-07-02,SP,telephony,Central-West,1.0
base,last_week,2018-07-02,SP,telephony,South,4.0
base,last_week,2018-07-02,SP,telephony,Southeast,18.0
base,last_week,2018-07-02,SP,watches_gifts,Central-West,5.0
base,last_week,2018-07-02,SP,watches_gifts,North,2.0
base,last_week,2018-07-02,SP,watches_gifts,Northeast,12.0
base,last_week,2018-07-02,SP,watches_gifts,Southeast,56.0
base,last_week,2018-07-09,MG,bed_bath_table,Central-West,5.0
base,last_week,2018-07-09,MG,bed_bath_table,Northeast,9.0
base,last_week,2018-07-09,MG,computers_accessories,Northeast,10.0
base,last_week,2018-07-09,MG,furniture_decor,Central-West,2.0
base,last_week,2018-07-09,MG,furniture_decor,Northeast,1.0
base,last_week,2018-07-09,MG,health_beauty,Northeast,14.0
base,last_week,2018-07-09,MG,sports_leisure,Northeast,10.0
base,last_week,2018-07-09,MG,telephony,Northeast,2.0
base,last_week,2018-07-09,PR,auto,South,9.0
base,last_week,2018-07-09,PR,health_beauty,South,7.0
base,last_week,2018-07-09,PR,housewares,South,10.0
base,last_week,2018-07-09,PR,watches_gifts,South,8.0
base,last_week,2018-07-09,RJ,auto,Central-West,3.0
base,last_week,2018-07-09,RJ,auto,Northeast,5.0
base,last_week,2018-07-09,RJ,bed_bath_table,South,7.0
base,last_week,2018-07-09,RJ,furniture_decor,Northeast,5.0
base,last_week,2018-07-09,RJ,garden_tools,Northeast,3.0
base,last_week,2018-07-09,RJ,housewares,Central-West,3.0
base,last_week,2018-07-09,RJ,housewares,Northeast,5.0
base,last_week,2018-07-09,RJ,sports_leisure,Central-West,4.0
base,last_week,2018-07-09,RJ,sports_leisure,North,2.0
base,last_week,2018-07-09,RJ,telephony,North,1.0
base,last_week,2018-07-09,RJ,telephony,Northeast,4.0
base,last_week,2018-07-09,RS,auto,North,2.0
base,last_week,2018-07-09,RS,auto,South,1.0
base,last_week,2018-07-09,RS,bed_bath_table,South,6.0
base,last_week,2018-07-09,RS,computers_accessories,South,7.0
base,last_week,2018-07-09,RS,furniture_decor,North,1.0
base,last_week,2018-07-09,RS,furniture_decor,South,2.0
base,last_week,2018-07-09,RS,garden_tools,North,1.0
base,last_week,2018-07-09,RS,health_beauty,South,8.0
base,last_week,2018-07-09,RS,telephony,South,5.0
base,last_week,2018-07-09,SC,computers_accessories,South,9.0
base,last_week,2018-07-09,SC,furniture_decor,South,6.0
base,last_week,2018-07-09,SC,garden_tools,Central-West,1.0
base,last_week,2018-07-09,SC,garden_tools,South,2.0
base,last_week,2018-07-09,SC,sports_leisure,South,6.0
base,last_week,2018-07-09,SC,watches_gifts,South,8.0
base,last_week,2018-07-09,SP,auto,Northeast,14.0
base,last_week,2018-07-09,SP,auto,South,2.0
base,last_week,2018-07-09,SP,auto,Southeast,19.0
base,last_week,2018-07-09,SP,bed_bath_table,Central-West,3.0
base,last_week,2018-07-09,SP,bed_bath_table,Southeast,50.0
base,last_week,2018-07-09,SP,computers_accessories,Central-West,1.0
base,last_week,2018-07-09,SP,computers_accessories,North,1.0
base,last_week,2018-07-09,SP,computers_accessories,Southeast,38.0
base,last_week,2018-07-09,SP,furniture_decor,Southeast,26.0
base,last_week,2018-07-09,SP,garden_tools,Southeast,16.0
base,last_week,2018-07-09,SP,health_beauty,Central-West,15.0
base,last_week,2018-07-09,SP,health_beauty,North,6.0
base,last_week,2018-07-09,SP,health_beauty,Northeast,13.0
base,last_week,2018-07-09,SP,health_beauty,Southeast,82.0
base,last_week,2018-07-09,SP,housewares,Central-West,9.0
base,last_week,2018-07-09,SP,housewares,Southeast,43.0
base,last_week,2018-07-09,SP,sports_leisure,Southeast,38.0
base,last_week,2018-07-09,SP,telephony,Central-West,1.0
base,last_week,2018-07-09,SP,telephony,South,7.0
base,last_week,2018-07-09,SP,telephony,Southeast,12.0
base,last_week,2018-07-09,SP,watches_gifts,Central-West,8.0
base,last_week,2018-07-09,SP,watches_gifts,North,4.0
base,last_week,2018-07-09,SP,watches_gifts,Northeast,28.0
base,last_week,2018-07-09,SP,watches_gifts,Southeast,65.0
base,last_week,2018-07-16,MG,bed_bath_table,Central-West,8.0
base,last_week,2018-07-16,MG,bed_bath_table,Northeast,6.0
base,last_week,2018-07-16,MG,computers_accessories,Northeast,9.0
base,last_week,2018-07-16,MG,furniture_decor,Central-West,3.0
base,last_week,2018-07-16,MG,furniture_decor,Northeast,5.0
base,last_week,2018-07-16,MG,health_beauty,Northeast,14.0
base,last_week,2018-07-16,MG,sports_leisure,Northeast,13.0
base,last_week,2018-07-16,MG,telephony,Central-West,1.0
base,last_week,2018-07-16,MG,telephony,Northeast,4.0
base,last_week,2018-07-16,PR,auto,South,8.0
base,last_week,2018-07-16,PR,furniture_decor,South,22.0
base,last_week,2018-07-16,PR,health_beauty,South,22.0
base,last_week,2018-07-16,PR,housewares,South,24.0
base,last_week,2018-07-16,PR,watches_gifts,North,1.0
base,last_week,2018-07-16,PR,watches_gifts,South,7.0
base,last_week,2018-07-16,RJ,auto,Central-West,6.0
base,last_week,2018-07-16,RJ,bed_bath_table,South,13.0
base,last_week,2018-07-16,RJ,furniture_decor,Northeast,5.0
base,last_week,2018-07-16,RJ,garden_tools,Northeast,5.0
base,last_week,2018-07-16,RJ,housewares,Central-West,3.0
base,last_week,2018-07-16,RJ,housewares,Northeast,5.0
base,last_week,2018-07-16,RJ,sports_leisure,Central-West,5.0
base,last_week,2018-07-16,RJ,sports_leisure,North,3.0
base,last_week,2018-07-16,RJ,telephony,North,3.0
base,last_week,2018-07-16,RJ,telephony,South,1.0
base,last_week,2018-07-16,RS,auto,North,3.0
base,last_week,2018-07-16,RS,bed_bath_table,North,1.0
base,last_week,2018-07-16,RS,bed_bath_table,South,5.0
base,last_week,2018-07-16,RS,computers_accessories,South,17.0
base,last_week,2018-07-16,RS,furniture_decor,North,3.0
base,last_week,2018-07-16,RS,garden_tools,North,1.0
base,last_week,2018-07-16,RS,housewares,South,7.0
base,last_week,2018-07-16,RS,telephony,South,5.0
base,last_week,2018-07-16,RS,watches_gifts,South,3.0
base,last_week,2018-07-16,SC,bed_bath_table,South,2.0
base,last_week,2018-07-16,SC,furniture_decor,South,2.0
base,last_week,2018-07-16,SC,garden_tools,Central-West,3.0
base,last_week,2018-07-16,SC,garden_tools,South,3.0
base,last_week,2018-07-16,SC,sports_leisure,South,16.0
base,last_week,2018-07-16,SC,watches_gifts,South,1.0
base,last_week,2018-07-16,SP,auto,Central-West,1.0
base,last_week,2018-07-16,SP,auto,North,2.0
base,last_week,2018-07-16,SP,auto,Northeast,12.0
base,last_week,2018-07-16,SP,auto,South,9.0
base,last_week,2018-07-16,SP,auto,Southeast,55.0
base,last_week,2018-07-16,SP,bed_bath_table,Central-West,3.0
base,last_week,2018-07-16,SP,bed_bath_table,Southeast,144.0
base,last_week,2018-07-16,SP,computers_accessories,Central-West,8.0
base,last_week,2018-07-16,SP,computers_accessories,North,4.0
base,last_week,2018-07-16,SP,computers_accessories,Southeast,66.0
base,last_week,2018-07-16,SP,furniture_decor,Southeast,77.0
base,last_week,2018-07-16,SP,garden_tools,Southeast,28.0
base,last_week,2018-07-16,SP,health_beauty,Central-West,14.0
base,last_week,2018-07-16,SP,health_beauty,North,2.0
base,last_week,2018-07-16,SP,health_beauty,Northeast,15.0
base,last_week,2018-07-16,SP,health_beauty,Southeast,153.0
base,last_week,2018-07-16,SP,housewares,Central-West,8.0
base,last_week,2018-07-16,SP,housewares,North,1.0
base,last_week,2018-07-16,SP,housewares,Southeast,82.0
base,last_week,2018-07-16,SP,sports_leisure,Northeast,5.0
base,last_week,2018-07-16,SP,sports_leisure,Southeast,64.0
base,last_week,2018-07-16,SP,telephony,Central-West,6.0
base,last_week,2018-07-16,SP,telephony,South,4.0
base,last_week,2018-07-16,SP,telephony,Southeast,38.0
base,last_week,2018-07-16,SP,watches_gifts,Central-West,1.0
base,last_week,2018-07-16,SP,watches_gifts,Northeast,5.0
base,last_week,2018-07-16,SP,watches_gifts,Southeast,89.0
base,last_week,2018-07-23,MG,bed_bath_table,Southeast,14.0
base,last_week,2018-07-23,MG,computers_accessories,Southeast,17.0
base,last_week,2018-07-23,MG,furniture_decor,Central-West,4.0
base,last_week,2018-07-23,MG,furniture_decor,Southeast,5.0
base,last_week,2018-07-23,MG,health_beauty,Central-West,6.0
base,last_week,2018-07-23,MG,health_beauty,South,4.0
base,last_week,2018-07-23,MG,health_beauty,Southeast,4.0
base,last_week,2018-07-23,MG,sports_leisure,Central-West,8.0
base,last_week,2018-07-23,MG,sports_leisure,Northeast,1.0
base,last_week,2018-07-23,MG,sports_leisure,South,2.0
base,last_week,2018-07-23,MG,telephony,Southeast,5.0
base,last_week,2018-07-23,PR,auto,South,8.0
base,last_week,2018-07-23,PR,furniture_decor,South,18.0
base,last_week,2018-07-23,PR,health_beauty,South,7.0
base,last_week,2018-07-23,PR,sports_leisure,South,8.0
base,last_week,2018-07-23,PR,watches_gifts,South,8.0
base,last_week,2018-07-23,RJ,auto,Southeast,6.0
base,last_week,2018-07-23,RJ,furniture_decor,Southeast,5.0
base,last_week,2018-07-23,RJ,garden_tools,Northeast,3.0
base,last_week,2018-07-23,RJ,garden_tools,Southeast,1.0
base,last_week,2018-07-23,RJ,health_beauty,Southeast,44.0
base,last_week,2018-07-23,RJ,housewares,Southeast,8.0
base,last_week,2018-07-23,RJ,sports_leisure,Central-West,3.0
base,last_week,2018-07-23,RJ,sports_leisure,Southeast,7.0
base,last_week,2018-07-23,RJ,telephony,Southeast,8.0
base,last_week,2018-07-23,RS,auto,South,3.0
base,last_week,2018-07-23,RS,bed_bath_table,North,2.0
base,last_week,2018-07-23,RS,bed_bath_table,South,4.0
base,last_week,2018-07-23,RS,computers_accessories,South,10.0
base,last_week,2018-07-23,RS,furniture_decor,South,3.0
base,last_week,2018-07-23,RS,garden_tools,Southeast,2.0
base,last_week,2018-07-23,RS,health_beauty,South,7.0
base,last_week,2018-07-23,RS,housewares,South,3.0
base,last_week,2018-07-23,RS,telephony,South,5.0
base,last_week,2018-07-23,SC,bed_bath_table,South,12.0
base,last_week,2018-07-23,SC,bed_bath_table,Southeast,5.0
base,last_week,2018-07-23,SC,computers_accessories,South,5.0
base,last_week,2018-07-23,SC,computers_accessories,Southeast,4.0
base,last_week,2018-07-23,SC,garden_tools,Central-West,1.0
base,last_week,2018-07-23,SC,garden_tools,South,6.0
base,last_week,2018-07-23,SC,garden_tools,Southeast,3.0
base,last_week,2018-07-23,SC,sports_leisure,South,11.0
base,last_week,2018-07-23,SC,watches_gifts,South,3.0
base,last_week,2018-07-23,SP,auto,Southeast,37.0
base,last_week,2018-07-23,SP,bed_bath_table,Southeast,48.0
base,last_week,2018-07-23,SP,computers_accessories,Southeast,42.0
base,last_week,2018-07-23,SP,furniture_decor,Southeast,49.0
base,last_week,2018-07-23,SP,garden_tools,Southeast,40.0
base,last_week,2018-07-23,SP,health_beauty,Southeast,70.0
base,last_week,2018-07-23,SP,housewares,Southeast,77.0
base,last_week,2018-07-23,SP,sports_leisure,Southeast,81.0
base,last_week,2018-07-23,SP,telephony,Southeast,14.0
base,last_week,2018-07-23,SP,watches_gifts,Central-West,10.0
base,last_week,2018-07-23,SP,watches_gifts,North,5.0
base,last_week,2018-07-23,SP,watches_gifts,Northeast,21.0
base,last_week,2018-07-23,SP,watches_gifts,Southeast,69.0
base,last_week,2018-07-30,MG,bed_bath_table,Central-West,6.0
base,last_week,2018-07-30,MG,bed_bath_table,Northeast,7.0
base,last_week,2018-07-30,MG,computers_accessories,North,7.0
base,last_week,2018-07-30,MG,computers_accessories,Northeast,5.0
base,last_week,2018-07-30,MG,furniture_decor,Central-West,6.0
base,last_week,2018-07-30,MG,furniture_decor,Northeast,4.0
base,last_week,2018-07-30,MG,furniture_decor,Southeast,3.0
base,last_week,2018-07-30,MG,health_beauty,Northeast,14.0
base,last_week,2018-07-30,MG,sports_leisure,Central-West,5.0
base,last_week,2018-07-30,MG,sports_leisure,Northeast,12.0
base,last_week,2018-07-30,MG,telephony,Northeast,5.0
base,last_week,2018-07-30,PR,auto,South,8.0
base,last_week,2018-07-30,PR,furniture_decor,South,16.0
base,last_week,2018-07-30,PR,furniture_decor,Southeast,6.0
base,last_week,2018-07-30,PR,health_beauty,South,13.0
base,last_week,2018-07-30,PR,housewares,South,17.0
base,last_week,2018-07-30,PR,sports_leisure,Southeast,3.0
base,last_week,2018-07-30,PR,watches_gifts,South,8.0
base,last_week,2018-07-30,RJ,auto,Central-West,4.0
base,last_week,2018-07-30,RJ,auto,Northeast,2.0
base,last_week,2018-07-30,RJ,bed_bath_table,South,6.0
base,last_week,2018-07-30,RJ,furniture_decor,Northeast,5.0
base,last_week,2018-07-30,RJ,garden_tools,Northeast,3.0
base,last_week,2018-07-30,RJ,health_beauty,Central-West,7.0
base,last_week,2018-07-30,RJ,housewares,Central-West,1.0
base,last_week,2018-07-30,RJ,housewares,Northeast,7.0
base,last_week,2018-07-30,RJ,sports_leisure,Central-West,5.0
base,last_week,2018-07-30,RJ,sports_leisure,North,2.0
base,last_week,2018-07-30,RJ,sports_leisure,Southeast,5.0
base,last_week,2018-07-30,RJ,telephony,North,1.0
base,last_week,2018-07-30,RJ,telephony,Northeast,5.0
base,last_week,2018-07-30,RS,auto,North,1.0
base,last_week,2018-07-30,RS,auto,South,2.0
base,last_week,2018-07-30,RS,bed_bath_table,South,6.0
base,last_week,2018-07-30,RS,computers_accessories,South,11.0
base,last_week,2018-07-30,RS,furniture_decor,South,5.0
base,last_week,2018-07-30,RS,health_beauty,South,8.0
base,last_week,2018-07-30,RS,housewares,South,11.0
base,last_week,2018-07-30,RS,telephony,South,5.0
base,last_week,2018-07-30,SC,computers_accessories,South,2.0
base,last_week,2018-07-30,SC,computers_accessories,Southeast,7.0
base,last_week,2018-07-30,SC,furniture_decor,Southeast,6.0
base,last_week,2018-07-30,SC,garden_tools,Central-West,1.0
base,last_week,2018-07-30,SC,garden_tools,South,4.0
base,last_week,2018-07-30,SC,sports_leisure,South,17.0
base,last_week,2018-07-30,SC,sports_leisure,Southeast,1.0
base,last_week,2018-07-30,SC,watches_gifts,South,9.0
base,last_week,2018-07-30,SP,auto,Northeast,10.0
base,last_week,2018-07-30,SP,auto,South,4.0
base,last_week,2018-07-30,SP,auto,Southeast,70.0
base,last_week,2018-07-30,SP,bed_bath_table,Southeast,174.0
base,last_week,2018-07-30,SP,computers_accessories,Central-West,7.0
base,last_week,2018-07-30,SP,computers_accessories,North,2.0
base,last_week,2018-07-30,SP,computers_accessories,Southeast,85.0
base,last_week,2018-07-30,SP,furniture_decor,Southeast,92.0
base,last_week,2018-07-30,SP,garden_tools,Southeast,26.0
base,last_week,2018-07-30,SP,health_beauty,Central-West,8.0
base,last_week,2018-07-30,SP,health_beauty,North,11.0
base,last_week,2018-07-30,SP,health_beauty,Northeast,13.0
base,last_week,2018-07-30,SP,health_beauty,Southeast,166.0
base,last_week,2018-07-30,SP,housewares,Central-West,9.0
base,last_week,2018-07-30,SP,housewares,North,4.0
base,last_week,2018-07-30,SP,housewares,Southeast,108.0
base,last_week,2018-07-30,SP,sports_leisure,Southeast,79.0
base,last_week,2018-07-30,SP,telephony,Central-West,7.0
base,last_week,2018-07-30,SP,telephony,Southeast,55.0
base,last_week,2018-07-30,SP,watches_gifts,Central-West,9.0
base,last_week,2018-07-30,SP,watches_gifts,North,2.0
base,last_week,2018-07-30,SP,watches_gifts,Northeast,26.0
base,last_week,2018-07-30,SP,watches_gifts,Southeast,104.0
base,last_week,2018-08-06,MG,bed_bath_table,Central-West,9.0
base,last_week,2018-08-06,MG,bed_bath_table,Northeast,3.0
base,last_week,2018-08-06,MG,bed_bath_table,Southeast,3.0
base,last_week,2018-08-06,MG,computers_accessories,Northeast,5.0
base,last_week,2018-08-06,MG,furniture_decor,Central-West,3.0
base,last_week,2018-08-06,MG,furniture_decor,Northeast,1.0
base,last_week,2018-08-06,MG,health_beauty,Northeast,14.0
base,last_week,2018-08-06,MG,sports_leisure,Northeast,9.0
base,last_week,2018-08-06,MG,telephony,Northeast,5.0
base,last_week,2018-08-06,PR,auto,South,8.0
base,last_week,2018-08-06,PR,furniture_decor,South,26.0
base,last_week,2018-08-06,PR,health_beauty,South,13.0
base,last_week,2018-08-06,PR,housewares,South,17.0
base,last_week,2018-08-06,PR,sports_leisure,South,7.0
base,last_week,2018-08-06,RJ,auto,Central-West,6.0
base,last_week,2018-08-06,RJ,bed_bath_table,South,9.0
base,last_week,2018-08-06,RJ,bed_bath_table,Southeast,5.0
base,last_week,2018-08-06,RJ,furniture_decor,Northeast,5.0
base,last_week,2018-08-06,RJ,garden_tools,Northeast,2.0
base,last_week,2018-08-06,RJ,health_beauty,Central-West,8.0
base,last_week,2018-08-06,RJ,housewares,Central-West,1.0
base,last_week,2018-08-06,RJ,housewares,Northeast,7.0
base,last_week,2018-08-06,RJ,sports_leisure,Central-West,7.0
base,last_week,2018-08-06,RJ,sports_leisure,North,1.0
base,last_week,2018-08-06,RJ,telephony,North,2.0
base,last_week,2018-08-06,RJ,telephony,Northeast,4.0
base,last_week,2018-08-06,RS,auto,North,3.0
base,last_week,2018-08-06,RS,bed_bath_table,South,6.0
base,last_week,2018-08-06,RS,computers_accessories,South,9.0
base,last_week,2018-08-06,RS,furniture_decor,South,5.0
base,last_week,2018-08-06,RS,health_beauty,South,8.0
base,last_week,2018-08-06,RS,housewares,South,11.0
base,last_week,2018-08-06,RS,telephony,South,5.0
base,last_week,2018-08-06,RS,watches_gifts,South,6.0
base,last_week,2018-08-06,SC,bed_bath_table,South,16.0
base,last_week,2018-08-06,SC,computers_accessories,South,9.0
base,last_week,2018-08-06,SC,furniture_decor,South,6.0
base,last_week,2018-08-06,SC,garden_tools,Central-West,5.0
base,last_week,2018-08-06,SC,garden_tools,South,6.0
base,last_week,2018-08-06,SC,sports_leisure,South,18.0
base,last_week,2018-08-06,SC,watches_gifts,South,6.0
base,last_week,2018-08-06,SP,auto,Central-West,3.0
base,last_week,2018-08-06,SP,auto,Northeast,18.0
base,last_week,2018-08-06,SP,auto,South,3.0
base,last_week,2018-08-06,SP,auto,Southeast,91.0
base,last_week,2018-08-06,SP,bed_bath_table,Southeast,126.0
base,last_week,2018-08-06,SP,computers_accessories,Central-West,11.0
base,last_week,2018-08-06,SP,computers_accessories,South,3.0
base,last_week,2018-08-06,SP,computers_accessories,Southeast,91.0
base,last_week,2018-08-06,SP,furniture_decor,North,4.0
base,last_week,2018-08-06,SP,furniture_decor,South,13.0
base,last_week,2018-08-06,SP,furniture_decor,Southeast,82.0
base,last_week,2018-08-06,SP,garden_tools,South,6.0
base,last_week,2018-08-06,SP,garden_tools,Southeast,33.0
base,last_week,2018-08-06,SP,health_beauty,Central-West,2.0
base,last_week,2018-08-06,SP,health_beauty,North,2.0
base,last_week,2018-08-06,SP,health_beauty,Southeast,119.0
base,last_week,2018-08-06,SP,housewares,Central-West,1.0
base,last_week,2018-08-06,SP,housewares,Southeast,138.0
base,last_week,2018-08-06,SP,sports_leisure,South,3.0
base,last_week,2018-08-06,SP,sports_leisure,Southeast,83.0
base,last_week,2018-08-06,SP,telephony,Central-West,8.0
base,last_week,2018-08-06,SP,telephony,Northeast,10.0
base,last_week,2018-08-06,SP,telephony,South,10.0
base,last_week,2018-08-06,SP,telephony,Southeast,36.0
base,last_week,2018-08-06,SP,watches_gifts,Central-West,9.0
base,last_week,2018-08-06,SP,watches_gifts,North,5.0
base,last_week,2018-08-06,SP,watches_gifts,Northeast,18.0
base,last_week,2018-08-06,SP,watches_gifts,South,4.0
base,last_week,2018-08-06,SP,watches_gifts,Southeast,70.0
base,last_week,2018-08-13,MG,bed_bath_table,Central-West,5.0
base,last_week,2018-08-13,MG,bed_bath_table,Northeast,9.0
base,last_week,2018-08-13,MG,computers_accessories,Northeast,12.0
base,last_week,2018-08-13,MG,furniture_decor,Central-West,7.0
base,last_week,2018-08-13,MG,furniture_decor,Northeast,4.0
base,last_week,2018-08-13,MG,health_beauty,Northeast,14.0
base,last_week,2018-08-13,MG,sports_leisure,Northeast,6.0
base,last_week,2018-08-13,MG,telephony,Northeast,5.0
base,last_week,2018-08-13,PR,auto,South,8.0
base,last_week,2018-08-13,PR,furniture_decor,South,5.0
base,last_week,2018-08-13,PR,health_beauty,South,16.0
base,last_week,2018-08-13,PR,housewares,South,17.0
base,last_week,2018-08-13,PR,watches_gifts,South,8.0
base,last_week,2018-08-13,RJ,auto,Central-West,6.0
base,last_week,2018-08-13,RJ,bed_bath_table,South,10.0
base,last_week,2018-08-13,RJ,furniture_decor,Northeast,5.0
base,last_week,2018-08-13,RJ,garden_tools,Northeast,4.0
base,last_week,2018-08-13,RJ,health_beauty,Central-West,2.0
base,last_week,2018-08-13,RJ,housewares,Central-West,5.0
base,last_week,2018-08-13,RJ,housewares,Northeast,3.0
base,last_week,2018-08-13,RJ,sports_leisure,Central-West,9.0
base,last_week,2018-08-13,RJ,sports_leisure,North,1.0
base,last_week,2018-08-13,RJ,telephony,Northeast,2.0
base,last_week,2018-08-13,RS,auto,North,1.0
base,last_week,2018-08-13,RS,auto,South,2.0
base,last_week,2018-08-13,RS,bed_bath_table,South,6.0
base,last_week,2018-08-13,RS,computers_accessories,South,4.0
base,last_week,2018-08-13,RS,furniture_decor,North,3.0
base,last_week,2018-08-13,RS,furniture_decor,South,2.0
base,last_week,2018-08-13,RS,health_beauty,South,8.0
base,last_week,2018-08-13,RS,housewares,South,6.0
base,last_week,2018-08-13,RS,telephony,South,5.0
base,last_week,2018-08-13,SC,bed_bath_table,South,2.0
base,last_week,2018-08-13,SC,computers_accessories,South,9.0
base,last_week,2018-08-13,SC,furniture_decor,South,6.0
base,last_week,2018-08-13,SC,garden_tools,Central-West,4.0
base,last_week,2018-08-13,SC,garden_tools,South,4.0
base,last_week,2018-08-13,SC,sports_leisure,South,14.0
base,last_week,2018-08-13,SC,watches_gifts,South,4.0
base,last_week,2018-08-13,SP,auto,Central-West,1.0
base,last_week,2018-08-13,SP,auto,Northeast,5.0
base,last_week,2018-08-13,SP,auto,South,7.0
base,last_week,2018-08-13,SP,auto,Southeast,76.0
base,last_week,2018-08-13,SP,bed_bath_table,Central-West,6.0
base,last_week,2018-08-13,SP,bed_bath_table,South,7.0
base,last_week,2018-08-13,SP,bed_bath_table,Southeast,167.0
base,last_week,2018-08-13,SP,computers_accessories,Central-West,5.0
base,last_week,2018-08-13,SP,computers_accessories,North,1.0
base,last_week,2018-08-13,SP,computers_accessories,Southeast,93.0
base,last_week,2018-08-13,SP,furniture_decor,Southeast,93.0
base,last_week,2018-08-13,SP,garden_tools,South,2.0
base,last_week,2018-08-13,SP,garden_tools,Southeast,27.0
base,last_week,2018-08-13,SP,health_beauty,Central-West,20.0
base,last_week,2018-08-13,SP,health_beauty,North,3.0
base,last_week,2018-08-13,SP,health_beauty,Northeast,11.0
base,last_week,2018-08-13,SP,health_beauty,South,11.0
base,last_week,2018-08-13,SP,health_beauty,Southeast,153.0
base,last_week,2018-08-13,SP,housewares,Central-West,4.0
base,last_week,2018-08-13,SP,housewares,North,1.0
base,last_week,2018-08-13,SP,housewares,Southeast,159.0
base,last_week,2018-08-13,SP,sports_leisure,Southeast,119.0
base,last_week,2018-08-13,SP,telephony,Central-West,4.0
base,last_week,2018-08-13,SP,telephony,South,4.0
base,last_week,2018-08-13,SP,telephony,Southeast,43.0
base,last_week,2018-08-13,SP,watches_gifts,Central-West,7.0
base,last_week,2018-08-13,SP,watches_gifts,Northeast,14.0
base,last_week,2018-08-13,SP,watches_gifts,Southeast,80.0
base,last_week,2018-08-20,MG,bed_bath_table,Central-West,1.0
base,last_week,2018-08-20,MG,bed_bath_table,Northeast,2.0
base,last_week,2018-08-20,MG,computers_accessories,Northeast,2.0
base,last_week,2018-08-20,MG,health_beauty,Northeast,7.0
base,last_week,2018-08-20,MG,sports_leisure,Northeast,2.0
base,last_week,2018-08-20,MG,telephony,Northeast,1.0
base,last_week,2018-08-20,PR,auto,South,6.0
base,last_week,2018-08-20,PR,health_beauty,South,6.0
base,last_week,2018-08-20,PR,housewares,South,15.0
base,last_week,2018-08-20,PR,watches_gifts,South,8.0
base,last_week,2018-08-20,RJ,auto,Central-West,2.0
base,last_week,2018-08-20,RJ,auto,Northeast,3.0
base,last_week,2018-08-20,RJ,garden_tools,Northeast,1.0
base,last_week,2018-08-20,RJ,housewares,Central-West,7.0
base,last_week,2018-08-20,RJ,housewares,Northeast,1.0
base,last_week,2018-08-20,RJ,sports_leisure,Central-West,3.0
base,last_week,2018-08-20,RS,auto,South,3.0
base,last_week,2018-08-20,RS,bed_bath_table,South,5.0
base,last_week,2018-08-20,RS,furniture_decor,South,1.0
base,last_week,2018-08-20,RS,health_beauty,South,8.0
base,last_week,2018-08-20,RS,telephony,South,3.0
base,last_week,2018-08-20,SC,computers_accessories,South,8.0
base,last_week,2018-08-20,SC,furniture_decor,South,6.0
base,last_week,2018-08-20,SC,sports_leisure,South,11.0
base,last_week,2018-08-20,SP,auto,Southeast,45.0
base,last_week,2018-08-20,SP,bed_bath_table,Southeast,96.0
base,last_week,2018-08-20,SP,computers_accessories,Central-West,3.0
base,last_week,2018-08-20,SP,computers_accessories,Southeast,45.0
base,last_week,2018-08-20,SP,furniture_decor,Southeast,53.0
base,last_week,2018-08-20,SP,garden_tools,Southeast,17.0
base,last_week,2018-08-20,SP,health_beauty,Central-West,7.0
base,last_week,2018-08-20,SP,health_beauty,Southeast,118.0
base,last_week,2018-08-20,SP,housewares,Central-West,2.0
base,last_week,2018-08-20,SP,housewares,Southeast,84.0
base,last_week,2018-08-20,SP,sports_leisure,Southeast,63.0
base,last_week,2018-08-20,SP,telephony,Central-West,3.0
base,last_week,2018-08-20,SP,telephony,Southeast,28.0
base,last_week,2018-08-20,SP,watches_gifts,Central-West,2.0
base,last_week,2018-08-20,SP,watches_gifts,Northeast,3.0
base,last_week,2018-08-20,SP,watches_gifts,Southeast,48.0
base,moving_average,2018-05-28,MG,bed_bath_table,Central-West,3.0
base,moving_average,2018-05-28,MG,bed_bath_table,Northeast,5.0
base,moving_average,2018-05-28,MG,computers_accessories,Northeast,7.0
base,moving_average,2018-05-28,MG,furniture_decor,Central-West,7.0
base,moving_average,2018-05-28,MG,furniture_decor,Northeast,5.0
base,moving_average,2018-05-28,MG,health_beauty,Northeast,10.0
base,moving_average,2018-05-28,MG,sports_leisure,Northeast,5.0
base,moving_average,2018-05-28,MG,telephony,North,1.0
base,moving_average,2018-05-28,PR,auto,South,4.0
base,moving_average,2018-05-28,PR,furniture_decor,South,9.0
base,moving_average,2018-05-28,PR,health_beauty,South,7.0
base,moving_average,2018-05-28,PR,housewares,South,9.0
base,moving_average,2018-05-28,PR,sports_leisure,South,3.0
base,moving_average,2018-05-28,PR,watches_gifts,South,4.0
base,moving_average,2018-05-28,RJ,auto,Central-West,3.0
base,moving_average,2018-05-28,RJ,bed_bath_table,South,3.0
base,moving_average,2018-05-28,RJ,furniture_decor,Northeast,3.0
base,moving_average,2018-05-28,RJ,garden_tools,Northeast,1.0
base,moving_average,2018-05-28,RJ,housewares,Northeast,4.0
base,moving_average,2018-05-28,RJ,sports_leisure,Central-West,6.0
base,moving_average,2018-05-28,RJ,sports_leisure,North,3.0
base,moving_average,2018-05-28,RJ,telephony,North,1.0
base,moving_average,2018-05-28,RS,auto,South,2.0
base,moving_average,2018-05-28,RS,bed_bath_table,South,1.0
base,moving_average,2018-05-28,RS,computers_accessories,South,1.0
base,moving_average,2018-05-28,RS,furniture_decor,South,2.0
base,moving_average,2018-05-28,RS,health_beauty,South,4.0
base,moving_average,2018-05-28,RS,housewares,South,2.0
base,moving_average,2018-05-28,SC,bed_bath_table,South,10.0
base,moving_average,2018-05-28,SC,computers_accessories,South,4.0
base,moving_average,2018-05-28,SC,furniture_decor,South,2.0
base,moving_average,2018-05-28,SC,garden_tools,South,2.0
base,moving_average,2018-05-28,SC,sports_leisure,South,15.0
base,moving_average,2018-05-28,SP,auto,Central-West,1.0
base,moving_average,2018-05-28,SP,auto,Northeast,7.0
base,moving_average,2018-05-28,SP,auto,Southeast,24.0
base,moving_average,2018-05-28,SP,bed_bath_table,Central-West,1.0
base,moving_average,2018-05-28,SP,bed_bath_table,Southeast,110.0
base,moving_average,2018-05-28,SP,computers_accessories,Central-West,2.0
base,moving_average,2018-05-28,SP,computers_accessories,Southeast,37.0
base,moving_average,2018-05-28,SP,furniture_decor,Southeast,60.0
base,moving_average,2018-05-28,SP,garden_tools,Northeast,5.0
base,moving_average,2018-05-28,SP,garden_tools,Southeast,20.0
base,moving_average,2018-05-28,SP,health_beauty,Central-West,6.0
base,moving_average,2018-05-28,SP,health_beauty,North,1.0
base,moving_average,2018-05-28,SP,health_beauty,Northeast,5.0
base,moving_average,2018-05-28,SP,health_beauty,Southeast,80.0
base,moving_average,2018-05-28,SP,housewares,Central-West,4.0
base,moving_average,2018-05-28,SP,housewares,North,1.0
base,moving_average,2018-05-28,SP,housewares,Northeast,2.0
base,moving_average,2018-05-28,SP,housewares,Southeast,102.0
base,moving_average,2018-05-28,SP,sports_leisure,Southeast,52.0
base,moving_average,2018-05-28,SP,telephony,Central-West,2.0
base,moving_average,2018-05-28,SP,telephony,North,1.0
base,moving_average,2018-05-28,SP,telephony,Northeast,8.0
base,moving_average,2018-05-28,SP,telephony,South,8.0
base,moving_average,2018-05-28,SP,telephony,Southeast,20.0
base,moving_average,2018-05-28,SP,watches_gifts,Central-West,7.0
base,moving_average,2018-05-28,SP,watches_gifts,North,1.0
base,moving_average,2018-05-28,SP,watches_gifts,Northeast,11.0
base,moving_average,2018-05-28,SP,watches_gifts,Southeast,67.0
base,moving_average,2018-06-04,MG,bed_bath_table,Central-West,7.0
base,moving_average,2018-06-04,MG,bed_bath_table,Northeast,6.0
base,moving_average,2018-06-04,MG,computers_accessories,Northeast,16.0
base,moving_average,2018-06-04,MG,furniture_decor,Central-West,1.0
base,moving_average,2018-06-04,MG,health_beauty,Northeast,14.0
base,moving_average,2018-06-04,MG,sports_leisure,Central-West,2.0
base,moving_average,2018-06-04,MG,sports_leisure,Northeast,9.0
base,moving_average,2018-06-04,MG,telephony,Northeast,5.0
base,moving_average,2018-06-04,PR,auto,South,8.0
base,moving_average,2018-06-04,PR,computers_accessories,South,4.0
base,moving_average,2018-06-04,PR,furniture_decor,South,11.0
base,moving_average,2018-06-04,PR,health_beauty,South,9.0
base,moving_average,2018-06-04,PR,housewares,South,17.0
base,moving_average,2018-06-04,PR,sports_leisure,South,7.0
base,moving_average,2018-06-04,PR,watches_gifts,South,8.0
base,moving_average,2018-06-04,RJ,auto,Central-West,6.0
base,moving_average,2018-06-04,RJ,bed_bath_table,South,10.0
base,moving_average,2018-06-04,RJ,furniture_decor,Central-West,3.0
base,moving_average,2018-06-04,RJ,furniture_decor,Northeast,2.0
base,moving_average,2018-06-04,RJ,housewares,Central-West,4.0
base,moving_average,2018-06-04,RJ,housewares,Northeast,4.0
base,moving_average,2018-06-04,RJ,sports_leisure,Central-West,6.0
base,moving_average,2018-06-04,RJ,sports_leisure,North,5.0
base,moving_average,2018-06-04,RJ,telephony,North,3.0
base,moving_average,2018-06-04,RJ,telephony,Northeast,2.0
base,moving_average,2018-06-04,RS,auto,North,3.0
base,moving_average,2018-06-04,RS,bed_bath_table,South,6.0
base,moving_average,2018-06-04,RS,computers_accessories,South,9.0
base,moving_average,2018-06-04,RS,furniture_decor,North,5.0
base,moving_average,2018-06-04,RS,garden_tools,North,1.0
base,moving_average,2018-06-04,RS,health_beauty,South,8.0
base,moving_average,2018-06-04,RS,housewares,South,9.0
base,moving_average,2018-06-04,RS,telephony,South,5.0
base,moving_average,2018-06-04,SC,bed_bath_table,South,8.0
base,moving_average,2018-06-04,SC,furniture_decor,South,6.0
base,moving_average,2018-06-04,SC,garden_tools,Central-West,2.0
base,moving_average,2018-06-04,SC,garden_tools,South,7.0
base,moving_average,2018-06-04,SC,watches_gifts,South,1.0
base,moving_average,2018-06-04,SP,auto,Central-West,2.0
base,moving_average,2018-06-04,SP,auto,Northeast,6.0
base,moving_average,2018-06-04,SP,auto,South,9.0
base,moving_average,2018-06-04,SP,auto,Southeast,45.0
base,moving_average,2018-06-04,SP,bed_bath_table,Southeast,162.0
base,moving_average,2018-06-04,SP,computers_accessories,Central-West,1.0
base,moving_average,2018-06-04,SP,computers_accessories,North,3.0
base,moving_average,2018-06-04,SP,computers_accessories,Southeast,79.0
base,moving_average,2018-06-04,SP,furniture_decor,North,1.0
base,moving_average,2018-06-04,SP,furniture_decor,Southeast,39.0
base,moving_average,2018-06-04,SP,garden_tools,South,1.0
base,moving_average,2018-06-04,SP,garden_tools,Southeast,36.0
base,moving_average,2018-06-04,SP,health_beauty,Central-West,14.0
base,moving_average,2018-06-04,SP,health_beauty,North,8.0
base,moving_average,2018-06-04,SP,health_beauty,Northeast,10.0
base,moving_average,2018-06-04,SP,health_beauty,Southeast,134.0
base,moving_average,2018-06-04,SP,housewares,Central-West,6.0
base,moving_average,2018-06-04,SP,housewares,Southeast,126.0
base,moving_average,2018-06-04,SP,sports_leisure,Southeast,49.0
base,moving_average,2018-06-04,SP,telephony,Central-West,1.0
base,moving_average,2018-06-04,SP,telephony,South,2.0
base,moving_average,2018-06-04,SP,telephony,Southeast,27.0
base,moving_average,2018-06-04,SP,watches_gifts,Central-West,5.0
base,moving_average,2018-06-04,SP,watches_gifts,North,1.0
base,moving_average,2018-06-04,SP,watches_gifts,Northeast,13.0
base,moving_average,2018-06-04,SP,watches_gifts,Southeast,63.0
base,moving_average,2018-06-11,MG,bed_bath_table,Central-West,2.0
base,moving_average,2018-06-11,MG,bed_bath_table,Northeast,8.0
base,moving_average,2018-06-11,MG,bed_bath_table,Southeast,5.0
base,moving_average,2018-06-11,MG,computers_accessories,Northeast,10.0
base,moving_average,2018-06-11,MG,furniture_decor,Central-West,8.0
base,moving_average,2018-06-11,MG,health_beauty,Northeast,14.0
base,moving_average,2018-06-11,MG,sports_leisure,Northeast,4.0
base,moving_average,2018-06-11,MG,telephony,Northeast,5.0
base,moving_average,2018-06-11,PR,auto,South,8.0
base,moving_average,2018-06-11,PR,bed_bath_table,South,3.0
base,moving_average,2018-06-11,PR,computers_accessories,South,13.0
base,moving_average,2018-06-11,PR,furniture_decor,South,11.0
base,moving_average,2018-06-11,PR,health_beauty,North,2.0
base,moving_average,2018-06-11,PR,health_beauty,South,10.0
base,moving_average,2018-06-11,PR,housewares,South,9.0
base,moving_average,2018-06-11,PR,sports_leisure,South,7.0
base,moving_average,2018-06-11,PR,watches_gifts,South,3.0
base,moving_average,2018-06-11,RJ,auto,Central-West,2.0
base,moving_average,2018-06-11,RJ,auto,Northeast,4.0
base,moving_average,2018-06-11,RJ,bed_bath_table,Southeast,10.0
base,moving_average,2018-06-11,RJ,furniture_decor,Northeast,5.0
base,moving_average,2018-06-11,RJ,garden_tools,Northeast,4.0
base,moving_average,2018-06-11,RJ,health_beauty,Central-West,8.0
base,moving_average,2018-06-11,RJ,health_beauty,Southeast,19.0
base,moving_average,2018-06-11,RJ,housewares,Central-West,3.0
base,moving_average,2018-06-11,RJ,housewares,Northeast,5.0
base,moving_average,2018-06-11,RJ,sports_leisure,Central-West,3.0
base,moving_average,2018-06-11,RJ,sports_leisure,North,3.0
base,moving_average,2018-06-11,RJ,telephony,Northeast,3.0
base,moving_average,2018-06-11,RS,auto,South,3.0
base,moving_average,2018-06-11,RS,bed_bath_table,Northeast,1.0
base,moving_average,2018-06-11,RS,bed_bath_table,South,5.0
base,moving_average,2018-06-11,RS,furniture_decor,South,3.0
base,moving_average,2018-06-11,RS,garden_tools,North,3.0
base,moving_average,2018-06-11,RS,health_beauty,South,1.0
base,moving_average,2018-06-11,RS,housewares,South,3.0
base,moving_average,2018-06-11,RS,telephony,South,5.0
base,moving_average,2018-06-11,SC,bed_bath_table,South,4.0
base,moving_average,2018-06-11,SC,furniture_decor,South,6.0
base,moving_average,2018-06-11,SC,garden_tools,Central-West,1.0
base,moving_average,2018-06-11,SC,garden_tools,South,5.0
base,moving_average,2018-06-11,SC,health_beauty,South,7.0
base,moving_average,2018-06-11,SC,sports_leisure,South,8.0
base,moving_average,2018-06-11,SC,watches_gifts,South,12.0
base,moving_average,2018-06-11,SP,auto,Northeast,2.0
base,moving_average,2018-06-11,SP,auto,Southeast,39.0
base,moving_average,2018-06-11,SP,bed_bath_table,Southeast,131.0
base,moving_average,2018-06-11,SP,computers_accessories,Central-West,5.0
base,moving_average,2018-06-11,SP,computers_accessories,North,3.0
base,moving_average,2018-06-11,SP,computers_accessories,Southeast,50.0
base,moving_average,2018-06-11,SP,furniture_decor,Southeast,67.0
base,moving_average,2018-06-11,SP,garden_tools,Southeast,29.0
base,moving_average,2018-06-11,SP,health_beauty,Southeast,112.0
base,moving_average,2018-06-11,SP,housewares,Central-West,5.0
base,moving_average,2018-06-11,SP,housewares,North,3.0
base,moving_average,2018-06-11,SP,housewares,South,6.0
base,moving_average,2018-06-11,SP,housewares,Southeast,96.0
base,moving_average,2018-06-11,SP,sports_leisure,Northeast,7.0
base,moving_average,2018-06-11,SP,sports_leisure,Southeast,80.0
base,moving_average,2018-06-11,SP,telephony,Central-West,4.0
base,moving_average,2018-06-11,SP,telephony,South,2.0
base,moving_average,2018-06-11,SP,telephony,Southeast,43.0
base,moving_average,2018-06-11,SP,watches_gifts,Central-West,9.0
base,moving_average,2018-06-11,SP,watches_gifts,North,3.0
base,moving_average,2018-06-11,SP,watches_gifts,Northeast,18.0
base,moving_average,2018-06-11,SP,watches_gifts,Southeast,91.0
base,moving_average,2018-06-18,MG,bed_bath_table,Central-West,6.0
base,moving_average,2018-06-18,MG,bed_bath_table,Northeast,2.0
base,moving_average,2018-06-18,MG,bed_bath_table,Southeast,6.0
base,moving_average,2018-06-18,MG,computers_accessories,Northeast,9.0
base,moving_average,2018-06-18,MG,furniture_decor,Central-West,6.0
base,moving_average,2018-06-18,MG,furniture_decor,Northeast,2.0
base,moving_average,2018-06-18,MG,health_beauty,Central-West,1.0
base,moving_average,2018-06-18,MG,health_beauty,Northeast,13.0
base,moving_average,2018-06-18,MG,sports_leisure,Northeast,8.0
base,moving_average,2018-06-18,MG,telephony,Central-West,5.0
base,moving_average,2018-06-18,MG,watches_gifts,Northeast,16.0
base,moving_average,2018-06-18,PR,auto,South,8.0
base,moving_average,2018-06-18,PR,computers_accessories,South,19.0
base,moving_average,2018-06-18,PR,furniture_decor,South,11.0
base,moving_average,2018-06-18,PR,health_beauty,South,10.0
base,moving_average,2018-06-18,PR,housewares,South,12.0
base,moving_average,2018-06-18,PR,sports_leisure,South,9.0
base,moving_average,2018-06-18,PR,sports_leisure,Southeast,6.0
base,moving_average,2018-06-18,PR,telephony,Central-West,2.0
base,moving_average,2018-06-18,PR,watches_gifts,South,6.0
base,moving_average,2018-06-18,RJ,auto,Central-West,4.0
base,moving_average,2018-06-18,RJ,auto,Northeast,2.0
base,moving_average,2018-06-18,RJ,bed_bath_table,South,6.0
base,moving_average,2018-06-18,RJ,bed_bath_table,Southeast,4.0
base,moving_average,2018-06-18,RJ,furniture_decor,Northeast,5.0
base,moving_average,2018-06-18,RJ,garden_tools,Northeast,2.0
base,moving_average,2018-06-18,RJ,housewares,Central-West,2.0
base,moving_average,2018-06-18,RJ,housewares,Northeast,6.0
base,moving_average,2018-06-18,RJ,sports_leisure,Central-West,11.0
base,moving_average,2018-06-18,RJ,sports_leisure,North,2.0
base,moving_average,2018-06-18,RJ,sports_leisure,Southeast,4.0
base,moving_average,2018-06-18,RJ,telephony,Northeast,7.0
base,moving_average,2018-06-18,RJ,telephony,South,3.0
base,moving_average,2018-06-18,RJ,watches_gifts,Central-West,5.0
base,moving_average,2018-06-18,RS,auto,South,3.0
base,moving_average,2018-06-18,RS,bed_bath_table,North,1.0
base,moving_average,2018-06-18,RS,bed_bath_table,South,5.0
base,moving_average,2018-06-18,RS,furniture_decor,South,5.0
base,moving_average,2018-06-18,RS,health_beauty,South,8.0
base,moving_average,2018-06-18,RS,sports_leisure,South,3.0
base,moving_average,2018-06-18,RS,telephony,South,5.0
base,moving_average,2018-06-18,RS,watches_gifts,South,1.0
base,moving_average,2018-06-18,SC,bed_bath_table,South,6.0
base,moving_average,2018-06-18,SC,furniture_decor,South,6.0
base,moving_average,2018-06-18,SC,garden_tools,South,3.0
base,moving_average,2018-06-18,SC,telephony,South,1.0
base,moving_average,2018-06-18,SC,watches_gifts,South,2.0
base,moving_average,2018-06-18,SP,auto,Northeast,7.0
base,moving_average,2018-06-18,SP,auto,Southeast,50.0
base,moving_average,2018-06-18,SP,bed_bath_table,Southeast,146.0
base,moving_average,2018-06-18,SP,computers_accessories,Central-West,7.0
base,moving_average,2018-06-18,SP,computers_accessories,Southeast,71.0
base,moving_average,2018-06-18,SP,furniture_decor,Southeast,52.0
base,moving_average,2018-06-18,SP,garden_tools,Southeast,25.0
base,moving_average,2018-06-18,SP,health_beauty,Central-West,2.0
base,moving_average,2018-06-18,SP,health_beauty,North,3.0
base,moving_average,2018-06-18,SP,health_beauty,Southeast,138.0
base,moving_average,2018-06-18,SP,housewares,Central-West,7.0
base,moving_average,2018-06-18,SP,housewares,North,2.0
base,moving_average,2018-06-18,SP,housewares,Southeast,85.0
base,moving_average,2018-06-18,SP,sports_leisure,Southeast,61.0
base,moving_average,2018-06-18,SP,telephony,Central-West,10.0
base,moving_average,2018-06-18,SP,telephony,Southeast,24.0
base,moving_average,2018-06-18,SP,watches_gifts,Central-West,2.0
base,moving_average,2018-06-18,SP,watches_gifts,North,2.0
base,moving_average,2018-06-18,SP,watches_gifts,Northeast,1.0
base,moving_average,2018-06-18,SP,watches_gifts,South,3.0
base,moving_average,2018-06-18,SP,watches_gifts,Southeast,79.0
base,moving_average,2018-06-25,MG,auto,Northeast,2.0
base,moving_average,2018-06-25,MG,auto,Southeast,4.0
base,moving_average,2018-06-25,MG,bed_bath_table,Northeast,14.0
base,moving_average,2018-06-25,MG,computers_accessories,Central-West,2.0
base,moving_average,2018-06-25,MG,computers_accessories,Northeast,3.0
base,moving_average,2018-06-25,MG,computers_accessories,Southeast,12.0
base,moving_average,2018-06-25,MG,furniture_decor,Central-West,1.0
base,moving_average,2018-06-25,MG,furniture_decor,Northeast,9.0
base,moving_average,2018-06-25,MG,health_beauty,Northeast,14.0
base,moving_average,2018-06-25,MG,sports_leisure,Northeast,5.0
base,moving_average,2018-06-25,MG,telephony,Northeast,1.0
base,moving_average,2018-06-25,PR,auto,South,8.0
base,moving_average,2018-06-25,PR,computers_accessories,South,5.0
base,moving_average,2018-06-25,PR,furniture_decor,South,10.0
base,moving_average,2018-06-25,PR,garden_tools,Southeast,5.0
base,moving_average,2018-06-25,PR,health_beauty,South,13.0
base,moving_average,2018-06-25,PR,housewares,South,19.0
base,moving_average,2018-06-25,PR,watches_gifts,South,8.0
base,moving_average,2018-06-25,RJ,auto,Central-West,5.0
base,moving_average,2018-06-25,RJ,auto,Northeast,1.0
base,moving_average,2018-06-25,RJ,bed_bath_table,South,10.0
base,moving_average,2018-06-25,RJ,computers_accessories,South,3.0
base,moving_average,2018-06-25,RJ,furniture_decor,Northeast,5.0
base,moving_average,2018-06-25,RJ,garden_tools,Northeast,5.0
base,moving_average,2018-06-25,RJ,garden_tools,Southeast,5.0
base,moving_average,2018-06-25,RJ,housewares,Northeast,8.0
base,moving_average,2018-06-25,RJ,sports_leisure,Central-West,6.0
base,moving_average,2018-06-25,RJ,sports_leisure,Southeast,5.0
base,moving_average,2018-06-25,RJ,telephony,North,1.0
base,moving_average,2018-06-25,RS,auto,North,1.0
base,moving_average,2018-06-25,RS,auto,Northeast,2.0
base,moving_average,2018-06-25,RS,bed_bath_table,South,6.0
base,moving_average,2018-06-25,RS,furniture_decor,North,1.0
base,moving_average,2018-06-25,RS,furniture_decor,South,4.0
base,moving_average,2018-06-25,RS,garden_tools,North,1.0
base,moving_average,2018-06-25,RS,garden_tools,Southeast,1.0
base,moving_average,2018-06-25,RS,health_beauty,South,8.0
base,moving_average,2018-06-25,RS,telephony,South,5.0
base,moving_average,2018-06-25,SC,auto,South,1.0
base,moving_average,2018-06-25,SC,bed_bath_table,South,4.0
base,moving_average,2018-06-25,SC,computers_accessories,South,4.0
base,moving_average,2018-06-25,SC,furniture_decor,South,6.0
base,moving_average,2018-06-25,SC,garden_tools,Central-West,4.0
base,moving_average,2018-06-25,SC,garden_tools,South,9.0
base,moving_average,2018-06-25,SC,garden_tools,Southeast,2.0
base,moving_average,2018-06-25,SC,sports_leisure,South,13.0
base,moving_average,2018-06-25,SC,watches_gifts,South,4.0
base,moving_average,2018-06-25,SP,auto,Southeast,46.0
base,moving_average,2018-06-25,SP,bed_bath_table,Central-West,4.0
base,moving_average,2018-06-25,SP,bed_bath_table,Northeast,5.0
base,moving_average,2018-06-25,SP,bed_bath_table,Southeast,113.0
base,moving_average,2018-06-25,SP,computers_accessories,South,7.0
base,moving_average,2018-06-25,SP,computers_accessories,Southeast,64.0
base,moving_average,2018-06-25,SP,furniture_decor,Southeast,84.0
base,moving_average,2018-06-25,SP,garden_tools,Southeast,39.0
base,moving_average,2018-06-25,SP,health_beauty,Central-West,8.0
base,moving_average,2018-06-25,SP,health_beauty,North,7.0
base,moving_average,2018-06-25,SP,health_beauty,Northeast,6.0
base,moving_average,2018-06-25,SP,health_beauty,South,3.0
base,moving_average,2018-06-25,SP,health_beauty,Southeast,131.0
base,moving_average,2018-06-25,SP,housewares,Central-West,9.0
base,moving_average,2018-06-25,SP,housewares,North,3.0
base,moving_average,2018-06-25,SP,housewares,Northeast,10.0
base,moving_average,2018-06-25,SP,housewares,Southeast,88.0
base,moving_average,2018-06-25,SP,sports_leisure,Southeast,73.0
base,moving_average,2018-06-25,SP,telephony,Central-West,4.0
base,moving_average,2018-06-25,SP,telephony,South,3.0
base,moving_average,2018-06-25,SP,telephony,Southeast,24.0
base,moving_average,2018-06-25,SP,watches_gifts,Central-West,11.0
base,moving_average,2018-06-25,SP,watches_gifts,North,3.0
base,moving_average,2018-06-25,SP,watches_gifts,Northeast,7.0
base,moving_average,2018-06-25,SP,watches_gifts,Southeast,74.0
base,moving_average,2018-07-02,MG,bed_bath_table,Central-West,8.0
base,moving_average,2018-07-02,MG,bed_bath_table,Northeast,6.0
base,moving_average,2018-07-02,MG,computers_accessories,Northeast,9.0
base,moving_average,2018-07-02,MG,furniture_decor,Central-West,4.0
base,moving_average,2018-07-02,MG,furniture_decor,Southeast,9.0
base,moving_average,2018-07-02,MG,garden_tools,Southeast,6.0
base,moving_average,2018-07-02,MG,health_beauty,Northeast,14.0
base,moving_average,2018-07-02,MG,sports_leisure,Northeast,10.0
base,moving_average,2018-07-02,MG,telephony,Northeast,7.0
base,moving_average,2018-07-02,PR,auto,South,8.0
base,moving_average,2018-07-02,PR,furniture_decor,South,8.0
base,moving_average,2018-07-02,PR,health_beauty,South,5.0
base,moving_average,2018-07-02,PR,housewares,South,13.0
base,moving_average,2018-07-02,PR,watches_gifts,South,8.0
base,moving_average,2018-07-02,RJ,auto,Northeast,4.0
base,moving_average,2018-07-02,RJ,bed_bath_table,South,10.0
base,moving_average,2018-07-02,RJ,furniture_decor,Northeast,5.0
base,moving_average,2018-07-02,RJ,garden_tools,Northeast,2.0
base,moving_average,2018-07-02,RJ,housewares,Central-West,1.0
base,moving_average,2018-07-02,RJ,housewares,Northeast,7.0
base,moving_average,2018-07-02,RJ,sports_leisure,Central-West,7.0
base,moving_average,2018-07-02,RJ,sports_leisure,North,1.0
base,moving_average,2018-07-02,RS,auto,North,2.0
base,moving_average,2018-07-02,RS,auto,South,1.0
base,moving_average,2018-07-02,RS,bed_bath_table,North,3.0
base,moving_average,2018-07-02,RS,bed_bath_table,South,3.0
base,moving_average,2018-07-02,RS,computers_accessories,South,2.0
base,moving_average,2018-07-02,RS,furniture_decor,North,1.0
base,moving_average,2018-07-02,RS,furniture_decor,South,4.0
base,moving_average,2018-07-02,RS,garden_tools,South,3.0
base,moving_average,2018-07-02,RS,health_beauty,South,8.0
base,moving_average,2018-07-02,RS,housewares,South,4.0
base,moving_average,2018-07-02,RS,telephony,South,5.0
base,moving_average,2018-07-02,SC,bed_bath_table,South,1.0
base,moving_average,2018-07-02,SC,computers_accessories,South,9.0
base,moving_average,2018-07-02,SC,furniture_decor,South,5.0
base,moving_average,2018-07-02,SC,furniture_decor,Southeast,1.0
base,moving_average,2018-07-02,SC,garden_tools,South,2.0
base,moving_average,2018-07-02,SC,sports_leisure,South,18.0
base,moving_average,2018-07-02,SC,watches_gifts,South,3.0
base,moving_average,2018-07-02,SP,auto,Southeast,44.0
base,moving_average,2018-07-02,SP,bed_bath_table,Central-West,1.0
base,moving_average,2018-07-02,SP,bed_bath_table,Southeast,96.0
base,moving_average,2018-07-02,SP,computers_accessories,Central-West,3.0
base,moving_average,2018-07-02,SP,computers_accessories,Southeast,58.0
base,moving_average,2018-07-02,SP,furniture_decor,Southeast,53.0
base,moving_average,2018-07-02,SP,garden_tools,Northeast,2.0
base,moving_average,2018-07-02,SP,garden_tools,Southeast,21.0
base,moving_average,2018-07-02,SP,health_beauty,Central-West,6.0
base,moving_average,2018-07-02,SP,health_beauty,North,5.0
base,moving_average,2018-07-02,SP,health_beauty,Northeast,6.0
base,moving_average,2018-07-02,SP,health_beauty,Southeast,138.0
base,moving_average,2018-07-02,SP,housewares,Central-West,3.0
base,moving_average,2018-07-02,SP,housewares,North,1.0
base,moving_average,2018-07-02,SP,housewares,Southeast,82.0
base,moving_average,2018-07-02,SP,sports_leisure,Southeast,78.0
base,moving_average,2018-07-02,SP,telephony,Central-West,1.0
base,moving_average,2018-07-02,SP,telephony,South,4.0
base,moving_average,2018-07-02,SP,telephony,Southeast,18.0
base,moving_average,2018-07-02,SP,watches_gifts,Central-West,5.0
base,moving_average,2018-07-02,SP,watches_gifts,North,2.0
base,moving_average,2018-07-02,SP,watches_gifts,Northeast,12.0
base,moving_average,2018-07-02,SP,watches_gifts,Southeast,56.0
base,moving_average,2018-07-09,MG,bed_bath_table,Central-West,5.0
base,moving_average,2018-07-09,MG,bed_bath_table,Northeast,9.0
base,moving_average,2018-07-09,MG,computers_accessories,Northeast,10.0
base,moving_average,2018-07-09,MG,furniture_decor,Central-West,2.0
base,moving_average,2018-07-09,MG,furniture_decor,Northeast,1.0
base,moving_average,2018-07-09,MG,health_beauty,Northeast,14.0
base,moving_average,2018-07-09,MG,sports_leisure,Northeast,10.0
base,moving_average,2018-07-09,MG,telephony,Northeast,6.0
base,moving_average,2018-07-09,PR,auto,South,8.0
base,moving_average,2018-07-09,PR,health_beauty,South,7.0
base,moving_average,2018-07-09,PR,housewares,South,10.0
base,moving_average,2018-07-09,PR,watches_gifts,South,8.0
base,moving_average,2018-07-09,RJ,auto,Central-West,3.0
base,moving_average,2018-07-09,RJ,auto,Northeast,5.0
base,moving_average,2018-07-09,RJ,bed_bath_table,South,7.0
base,moving_average,2018-07-09,RJ,furniture_decor,Northeast,5.0
base,moving_average,2018-07-09,RJ,garden_tools,Northeast,3.0
base,moving_average,2018-07-09,RJ,housewares,Central-West,3.0
base,moving_average,2018-07-09,RJ,housewares,Northeast,5.0
base,moving_average,2018-07-09,RJ,sports_leisure,Central-West,4.0
base,moving_average,2018-07-09,RJ,sports_leisure,North,2.0
base,moving_average,2018-07-09,RJ,telephony,North,1.0
base,moving_average,2018-07-09,RS,auto,North,2.0
base,moving_average,2018-07-09,RS,auto,South,1.0
base,moving_average,2018-07-09,RS,bed_bath_table,South,6.0
base,moving_average,2018-07-09,RS,computers_accessories,South,7.0
base,moving_average,2018-07-09,RS,furniture_decor,North,1.0
base,moving_average,2018-07-09,RS,furniture_decor,South,2.0
base,moving_average,2018-07-09,RS,garden_tools,North,1.0
base,moving_average,2018-07-09,RS,health_beauty,South,8.0
base,moving_average,2018-07-09,RS,telephony,South,5.0
base,moving_average,2018-07-09,SC,computers_accessories,South,9.0
base,moving_average,2018-07-09,SC,furniture_decor,South,6.0
base,moving_average,2018-07-09,SC,garden_tools,Central-West,1.0
base,moving_average,2018-07-09,SC,garden_tools,South,2.0
base,moving_average,2018-07-09,SC,sports_leisure,South,6.0
base,moving_average,2018-07-09,SC,watches_gifts,South,8.0
base,moving_average,2018-07-09,SP,auto,Northeast,14.0
base,moving_average,2018-07-09,SP,auto,South,3.0
base,moving_average,2018-07-09,SP,auto,Southeast,19.0
base,moving_average,2018-07-09,SP,bed_bath_table,Central-West,3.0
base,moving_average,2018-07-09,SP,bed_bath_table,Southeast,50.0
base,moving_average,2018-07-09,SP,computers_accessories,Central-West,1.0
base,moving_average,2018-07-09,SP,computers_accessories,North,1.0
base,moving_average,2018-07-09,SP,computers_accessories,Southeast,38.0
base,moving_average,2018-07-09,SP,furniture_decor,Southeast,26.0
base,moving_average,2018-07-09,SP,garden_tools,Southeast,16.0
base,moving_average,2018-07-09,SP,health_beauty,Central-West,15.0
base,moving_average,2018-07-09,SP,health_beauty,North,6.0
base,moving_average,2018-07-09,SP,health_beauty,Northeast,13.0
base,moving_average,2018-07-09,SP,health_beauty,Southeast,82.0
base,moving_average,2018-07-09,SP,housewares,Central-West,9.0
base,moving_average,2018-07-09,SP,housewares,Southeast,43.0
base,moving_average,2018-07-09,SP,sports_leisure,Southeast,38.0
base,moving_average,2018-07-09,SP,telephony,Central-West,1.0
base,moving_average,2018-07-09,SP,telephony,South,7.0
base,moving_average,2018-07-09,SP,telephony,Southeast,12.0
base,moving_average,2018-07-09,SP,watches_gifts,Central-West,8.0
base,moving_average,2018-07-09,SP,watches_gifts,North,4.0
base,moving_average,2018-07-09,SP,watches_gifts,Northeast,28.0
base,moving_average,2018-07-09,SP,watches_gifts,Southeast,65.0
base,moving_average,2018-07-16,MG,bed_bath_table,Central-West,8.0
base,moving_average,2018-07-16,MG,bed_bath_table,Northeast,6.0
base,moving_average,2018-07-16,MG,computers_accessories,Northeast,9.0
base,moving_average,2018-07-16,MG,furniture_decor,Central-West,3.0
base,moving_average,2018-07-16,MG,furniture_decor,Northeast,5.0
base,moving_average,2018-07-16,MG,health_beauty,Northeast,14.0
base,moving_average,2018-07-16,MG,sports_leisure,Northeast,15.0
base,moving_average,2018-07-16,MG,telephony,Northeast,4.0
base,moving_average,2018-07-16,PR,auto,South,8.0
base,moving_average,2018-07-16,PR,furniture_decor,South,16.0
base,moving_average,2018-07-16,PR,health_beauty,South,14.0
base,moving_average,2018-07-16,PR,housewares,South,20.0
base,moving_average,2018-07-16,PR,watches_gifts,South,8.0
base,moving_average,2018-07-16,RJ,auto,Central-West,6.0
base,moving_average,2018-07-16,RJ,bed_bath_table,South,13.0
base,moving_average,2018-07-16,RJ,furniture_decor,Northeast,5.0
base,moving_average,2018-07-16,RJ,garden_tools,Northeast,5.0
base,moving_average,2018-07-16,RJ,housewares,Central-West,3.0
base,moving_average,2018-07-16,RJ,housewares,Northeast,5.0
base,moving_average,2018-07-16,RJ,sports_leisure,Central-West,5.0
base,moving_average,2018-07-16,RJ,sports_leisure,North,3.0
base,moving_average,2018-07-16,RJ,telephony,North,3.0
base,moving_average,2018-07-16,RS,auto,North,3.0
base,moving_average,2018-07-16,RS,bed_bath_table,North,1.0
base,moving_average,2018-07-16,RS,bed_bath_table,South,5.0
base,moving_average,2018-07-16,RS,computers_accessories,South,8.0
base,moving_average,2018-07-16,RS,furniture_decor,North,3.0
base,moving_average,2018-07-16,RS,furniture_decor,South,2.0
base,moving_average,2018-07-16,RS,garden_tools,North,1.0
base,moving_average,2018-07-16,RS,health_beauty,South,8.0
base,moving_average,2018-07-16,RS,housewares,South,3.0
base,moving_average,2018-07-16,RS,telephony,South,5.0
base,moving_average,2018-07-16,SC,bed_bath_table,South,2.0
base,moving_average,2018-07-16,SC,computers_accessories,South,9.0
base,moving_average,2018-07-16,SC,furniture_decor,South,6.0
base,moving_average,2018-07-16,SC,garden_tools,Central-West,3.0
base,moving_average,2018-07-16,SC,garden_tools,South,3.0
base,moving_average,2018-07-16,SC,sports_leisure,South,16.0
base,moving_average,2018-07-16,SC,watches_gifts,South,9.0
base,moving_average,2018-07-16,SP,auto,Central-West,1.0
base,moving_average,2018-07-16,SP,auto,North,2.0
base,moving_average,2018-07-16,SP,auto,Northeast,12.0
base,moving_average,2018-07-16,SP,auto,South,9.0
base,moving_average,2018-07-16,SP,auto,Southeast,55.0
base,moving_average,2018-07-16,SP,bed_bath_table,Central-West,3.0
base,moving_average,2018-07-16,SP,bed_bath_table,Southeast,144.0
base,moving_average,2018-07-16,SP,computers_accessories,Central-West,8.0
base,moving_average,2018-07-16,SP,computers_accessories,North,4.0
base,moving_average,2018-07-16,SP,computers_accessories,Southeast,66.0
base,moving_average,2018-07-16,SP,furniture_decor,Southeast,77.0
base,moving_average,2018-07-16,SP,garden_tools,Southeast,28.0
base,moving_average,2018-07-16,SP,health_beauty,Central-West,14.0
base,moving_average,2018-07-16,SP,health_beauty,North,2.0
base,moving_average,2018-07-16,SP,health_beauty,Northeast,15.0
base,moving_average,2018-07-16,SP,health_beauty,Southeast,153.0
base,moving_average,2018-07-16,SP,housewares,Central-West,8.0
base,moving_average,2018-07-16,SP,housewares,North,1.0
base,moving_average,2018-07-16,SP,housewares,South,8.0
base,moving_average,2018-07-16,SP,housewares,Southeast,82.0
base,moving_average,2018-07-16,SP,sports_leisure,Northeast,3.0
base,moving_average,2018-07-16,SP,sports_leisure,Southeast,64.0
base,moving_average,2018-07-16,SP,telephony,Central-West,7.0
base,moving_average,2018-07-16,SP,telephony,South,5.0
base,moving_average,2018-07-16,SP,telephony,Southeast,38.0
base,moving_average,2018-07-16,SP,watches_gifts,Central-West,8.0
base,moving_average,2018-07-16,SP,watches_gifts,North,3.0
base,moving_average,2018-07-16,SP,watches_gifts,Northeast,16.0
base,moving_average,2018-07-16,SP,watches_gifts,South,3.0
base,moving_average,2018-07-16,SP,watches_gifts,Southeast,98.0
base,moving_average,2018-07-23,MG,bed_bath_table,Central-West,10.0
base,moving_average,2018-07-23,MG,bed_bath_table,Northeast,3.0
base,moving_average,2018-07-23,MG,bed_bath_table,Southeast,1.0
base,moving_average,2018-07-23,MG,computers_accessories,North,4.0
base,moving_average,2018-07-23,MG,computers_accessories,Northeast,9.0
base,moving_average,2018-07-23,MG,furniture_decor,Central-West,4.0
base,moving_average,2018-07-23,MG,furniture_decor,Northeast,6.0
base,moving_average,2018-07-23,MG,furniture_decor,Southeast,4.0
base,moving_average,2018-07-23,MG,health_beauty,Northeast,14.0
base,moving_average,2018-07-23,MG,housewares,Central-West,20.0
base,moving_average,2018-07-23,MG,sports_leisure,Northeast,7.0
base,moving_average,2018-07-23,MG,telephony,Northeast,7.0
base,moving_average,2018-07-23,PR,auto,South,8.0
base,moving_average,2018-07-23,PR,furniture_decor,South,20.0
base,moving_average,2018-07-23,PR,health_beauty,South,10.0
base,moving_average,2018-07-23,PR,housewares,South,7.0
base,moving_average,2018-07-23,PR,watches_gifts,South,8.0
base,moving_average,2018-07-23,RJ,auto,Central-West,6.0
base,moving_average,2018-07-23,RJ,bed_bath_table,Southeast,10.0
base,moving_average,2018-07-23,RJ,furniture_decor,Northeast,3.0
base,moving_average,2018-07-23,RJ,furniture_decor,South,2.0
base,moving_average,2018-07-23,RJ,garden_tools,Northeast,4.0
base,moving_average,2018-07-23,RJ,housewares,Northeast,6.0
base,moving_average,2018-07-23,RJ,housewares,Southeast,2.0
base,moving_average,2018-07-23,RJ,sports_leisure,Central-West,9.0
base,moving_average,2018-07-23,RJ,sports_leisure,North,6.0
base,moving_average,2018-07-23,RJ,telephony,Northeast,7.0
base,moving_average,2018-07-23,RS,auto,North,3.0
base,moving_average,2018-07-23,RS,bed_bath_table,North,2.0
base,moving_average,2018-07-23,RS,bed_bath_table,Northeast,3.0
base,moving_average,2018-07-23,RS,bed_bath_table,South,1.0
base,moving_average,2018-07-23,RS,computers_accessories,South,12.0
base,moving_average,2018-07-23,RS,health_beauty,South,8.0
base,moving_average,2018-07-23,RS,telephony,South,5.0
base,moving_average,2018-07-23,SC,auto,South,3.0
base,moving_average,2018-07-23,SC,bed_bath_table,South,15.0
base,moving_average,2018-07-23,SC,computers_accessories,South,3.0
base,moving_average,2018-07-23,SC,computers_accessories,Southeast,6.0
base,moving_average,2018-07-23,SC,furniture_decor,South,3.0
base,moving_average,2018-07-23,SC,garden_tools,Central-West,1.0
base,moving_average,2018-07-23,SC,garden_tools,South,6.0
base,moving_average,2018-07-23,SC,garden_tools,Southeast,2.0
base,moving_average,2018-07-23,SC,housewares,South,8.0
base,moving_average,2018-07-23,SC,sports_leisure,South,16.0
base,moving_average,2018-07-23,SC,watches_gifts,South,3.0
base,moving_average,2018-07-23,SP,auto,Southeast,49.0
base,moving_average,2018-07-23,SP,bed_bath_table,Southeast,107.0
base,moving_average,2018-07-23,SP,computers_accessories,Central-West,3.0
base,moving_average,2018-07-23,SP,computers_accessories,North,2.0
base,moving_average,2018-07-23,SP,computers_accessories,Southeast,75.0
base,moving_average,2018-07-23,SP,furniture_decor,North,3.0
base,moving_average,2018-07-23,SP,furniture_decor,Southeast,65.0
base,moving_average,2018-07-23,SP,garden_tools,Northeast,2.0
base,moving_average,2018-07-23,SP,garden_tools,Southeast,44.0
base,moving_average,2018-07-23,SP,health_beauty,Central-West,6.0
base,moving_average,2018-07-23,SP,health_beauty,North,6.0
base,moving_average,2018-07-23,SP,health_beauty,Northeast,8.0
base,moving_average,2018-07-23,SP,health_beauty,Southeast,118.0
base,moving_average,2018-07-23,SP,housewares,Southeast,91.0
base,moving_average,2018-07-23,SP,sports_leisure,Central-West,2.0
base,moving_average,2018-07-23,SP,sports_leisure,South,5.0
base,moving_average,2018-07-23,SP,sports_leisure,Southeast,88.0
base,moving_average,2018-07-23,SP,telephony,Central-West,1.0
base,moving_average,2018-07-23,SP,telephony,Northeast,2.0
base,moving_average,2018-07-23,SP,telephony,South,1.0
base,moving_average,2018-07-23,SP,telephony,Southeast,25.0
base,moving_average,2018-07-23,SP,watches_gifts,Central-West,10.0
base,moving_average,2018-07-23,SP,watches_gifts,North,5.0
base,moving_average,2018-07-23,SP,watches_gifts,Northeast,21.0
base,moving_average,2018-07-23,SP,watches_gifts,Southeast,69.0
base,moving_average,2018-07-30,MG,bed_bath_table,Southeast,14.0
base,moving_average,2018-07-30,MG,computers_accessories,Southeast,9.0
base,moving_average,2018-07-30,MG,furniture_decor,Central-West,6.0
base,moving_average,2018-07-30,MG,furniture_decor,Southeast,4.0
base,moving_average,2018-07-30,MG,health_beauty,Northeast,14.0
base,moving_average,2018-07-30,MG,sports_leisure,Southeast,15.0
base,moving_average,2018-07-30,MG,telephony,Southeast,5.0
base,moving_average,2018-07-30,PR,auto,South,8.0
base,moving_average,2018-07-30,PR,furniture_decor,South,13.0
base,moving_average,2018-07-30,PR,health_beauty,South,13.0
base,moving_average,2018-07-30,PR,housewares,South,17.0
base,moving_average,2018-07-30,PR,watches_gifts,South,8.0
base,moving_average,2018-07-30,RJ,auto,Central-West,4.0
base,moving_average,2018-07-30,RJ,auto,South,2.0
base,moving_average,2018-07-30,RJ,bed_bath_table,Southeast,10.0
base,moving_average,2018-07-30,RJ,furniture_decor,Southeast,5.0
base,moving_average,2018-07-30,RJ,garden_tools,Northeast,3.0
base,moving_average,2018-07-30,RJ,garden_tools,Southeast,1.0
base,moving_average,2018-07-30,RJ,housewares,Southeast,8.0
base,moving_average,2018-07-30,RJ,sports_leisure,Southeast,5.0
base,moving_average,2018-07-30,RJ,telephony,North,1.0
base,moving_average,2018-07-30,RJ,telephony,Southeast,4.0
base,moving_average,2018-07-30,RJ,watches_gifts,Central-West,8.0
base,moving_average,2018-07-30,RS,auto,North,1.0
base,moving_average,2018-07-30,RS,auto,South,2.0
base,moving_average,2018-07-30,RS,bed_bath_table,South,6.0
base,moving_average,2018-07-30,RS,computers_accessories,South,7.0
base,moving_average,2018-07-30,RS,furniture_decor,South,5.0
base,moving_average,2018-07-30,RS,health_beauty,South,8.0
base,moving_average,2018-07-30,RS,housewares,South,7.0
base,moving_average,2018-07-30,RS,telephony,South,5.0
base,moving_average,2018-07-30,RS,watches_gifts,Southeast,2.0
base,moving_average,2018-07-30,SC,bed_bath_table,South,6.0
base,moving_average,2018-07-30,SC,bed_bath_table,Southeast,1.0
base,moving_average,2018-07-30,SC,computers_accessories,South,6.0
base,moving_average,2018-07-30,SC,computers_accessories,Southeast,3.0
base,moving_average,2018-07-30,SC,furniture_decor,South,3.0
base,moving_average,2018-07-30,SC,furniture_decor,Southeast,3.0
base,moving_average,2018-07-30,SC,garden_tools,Central-West,1.0
base,moving_average,2018-07-30,SC,garden_tools,South,4.0
base,moving_average,2018-07-30,SC,garden_tools,Southeast,2.0
base,moving_average,2018-07-30,SC,sports_leisure,South,17.0
base,moving_average,2018-07-30,SC,watches_gifts,South,9.0
base,moving_average,2018-07-30,SC,watches_gifts,Southeast,6.0
base,moving_average,2018-07-30,SP,auto,Southeast,70.0
base,moving_average,2018-07-30,SP,bed_bath_table,Southeast,128.0
base,moving_average,2018-07-30,SP,computers_accessories,Southeast,74.0
base,moving_average,2018-07-30,SP,furniture_decor,Southeast,72.0
base,moving_average,2018-07-30,SP,garden_tools,Southeast,23.0
base,moving_average,2018-07-30,SP,health_beauty,Central-West,15.0
base,moving_average,2018-07-30,SP,health_beauty,North,11.0
base,moving_average,2018-07-30,SP,health_beauty,Northeast,13.0
base,moving_average,2018-07-30,SP,health_beauty,Southeast,166.0
base,moving_average,2018-07-30,SP,housewares,Southeast,95.0
base,moving_average,2018-07-30,SP,sports_leisure,Southeast,61.0
base,moving_average,2018-07-30,SP,telephony,Southeast,43.0
base,moving_average,2018-07-30,SP,watches_gifts,Central-West,1.0
base,moving_average,2018-07-30,SP,watches_gifts,Northeast,24.0
base,moving_average,2018-07-30,SP,watches_gifts,Southeast,96.0
base,moving_average,2018-08-06,MG,bed_bath_table,Central-West,9.0
base,moving_average,2018-08-06,MG,bed_bath_table,Southeast,5.0
base,moving_average,2018-08-06,MG,computers_accessories,Central-West,11.0
base,moving_average,2018-08-06,MG,furniture_decor,Central-West,3.0
base,moving_average,2018-08-06,MG,furniture_decor,Southeast,8.0
base,moving_average,2018-08-06,MG,health_beauty,Central-West,14.0
base,moving_average,2018-08-06,MG,sports_leisure,Central-West,1.0
base,moving_average,2018-08-06,MG,sports_leisure,Northeast,3.0
base,moving_average,2018-08-06,MG,sports_leisure,South,10.0
base,moving_average,2018-08-06,MG,telephony,Central-West,5.0
base,moving_average,2018-08-06,PR,auto,South,8.0
base,moving_average,2018-08-06,PR,furniture_decor,South,18.0
base,moving_average,2018-08-06,PR,health_beauty,South,12.0
base,moving_average,2018-08-06,PR,housewares,South,17.0
base,moving_average,2018-08-06,PR,watches_gifts,South,8.0
base,moving_average,2018-08-06,RJ,auto,Central-West,6.0
base,moving_average,2018-08-06,RJ,bed_bath_table,South,10.0
base,moving_average,2018-08-06,RJ,furniture_decor,South,5.0
base,moving_average,2018-08-06,RJ,garden_tools,Northeast,2.0
base,moving_average,2018-08-06,RJ,health_beauty,Central-West,1.0
base,moving_average,2018-08-06,RJ,health_beauty,Southeast,14.0
base,moving_average,2018-08-06,RJ,housewares,Central-West,2.0
base,moving_average,2018-08-06,RJ,housewares,Northeast,6.0
base,moving_average,2018-08-06,RJ,sports_leisure,Central-West,6.0
base,moving_average,2018-08-06,RJ,sports_leisure,Southeast,8.0
base,moving_average,2018-08-06,RJ,telephony,North,2.0
base,moving_average,2018-08-06,RJ,telephony,South,4.0
base,moving_average,2018-08-06,RS,auto,South,3.0
base,moving_average,2018-08-06,RS,bed_bath_table,South,6.0
base,moving_average,2018-08-06,RS,computers_accessories,South,9.0
base,moving_average,2018-08-06,RS,furniture_decor,South,5.0
base,moving_average,2018-08-06,RS,health_beauty,South,8.0
base,moving_average,2018-08-06,RS,housewares,South,10.0
base,moving_average,2018-08-06,RS,telephony,South,5.0
base,moving_average,2018-08-06,SC,bed_bath_table,South,6.0
base,moving_average,2018-08-06,SC,computers_accessories,South,9.0
base,moving_average,2018-08-06,SC,furniture_decor,South,6.0
base,moving_average,2018-08-06,SC,garden_tools,Central-West,5.0
base,moving_average,2018-08-06,SC,garden_tools,South,9.0
base,moving_average,2018-08-06,SC,sports_leisure,South,18.0
base,moving_average,2018-08-06,SC,watches_gifts,South,2.0
base,moving_average,2018-08-06,SP,auto,Southeast,81.0
base,moving_average,2018-08-06,SP,bed_bath_table,Southeast,133.0
base,moving_average,2018-08-06,SP,computers_accessories,Southeast,82.0
base,moving_average,2018-08-06,SP,furniture_decor,South,3.0
base,moving_average,2018-08-06,SP,furniture_decor,Southeast,74.0
base,moving_average,2018-08-06,SP,garden_tools,South,3.0
base,moving_average,2018-08-06,SP,garden_tools,Southeast,33.0
base,moving_average,2018-08-06,SP,health_beauty,Southeast,132.0
base,moving_average,2018-08-06,SP,housewares,Southeast,114.0
base,moving_average,2018-08-06,SP,sports_leisure,Southeast,75.0
base,moving_average,2018-08-06,SP,telephony,South,9.0
base,moving_average,2018-08-06,SP,telephony,Southeast,43.0
base,moving_average,2018-08-06,SP,watches_gifts,Central-West,9.0
base,moving_average,2018-08-06,SP,watches_gifts,North,5.0
base,moving_average,2018-08-06,SP,watches_gifts,Northeast,18.0
base,moving_average,2018-08-06,SP,watches_gifts,South,6.0
base,moving_average,2018-08-06,SP,watches_gifts,Southeast,75.0
base,moving_average,2018-08-13,MG,bed_bath_table,Central-West,11.0
base,moving_average,2018-08-13,MG,bed_bath_table,Northeast,3.0
base,moving_average,2018-08-13,MG,computers_accessories,Northeast,12.0
base,moving_average,2018-08-13,MG,furniture_decor,Central-West,7.0
base,moving_average,2018-08-13,MG,furniture_decor,Northeast,4.0
base,moving_average,2018-08-13,MG,health_beauty,Northeast,14.0
base,moving_average,2018-08-13,MG,sports_leisure,Central-West,9.0
base,moving_average,2018-08-13,MG,sports_leisure,Northeast,4.0
base,moving_average,2018-08-13,MG,sports_leisure,Southeast,2.0
base,moving_average,2018-08-13,MG,telephony,Northeast,5.0
base,moving_average,2018-08-13,PR,auto,South,8.0
base,moving_average,2018-08-13,PR,furniture_decor,South,5.0
base,moving_average,2018-08-13,PR,health_beauty,South,16.0
base,moving_average,2018-08-13,PR,housewares,South,12.0
base,moving_average,2018-08-13,PR,housewares,Southeast,5.0
base,moving_average,2018-08-13,PR,sports_leisure,Southeast,2.0
base,moving_average,2018-08-13,PR,watches_gifts,South,8.0
base,moving_average,2018-08-13,RJ,auto,Central-West,6.0
base,moving_average,2018-08-13,RJ,bed_bath_table,South,10.0
base,moving_average,2018-08-13,RJ,furniture_decor,Northeast,5.0
base,moving_average,2018-08-13,RJ,garden_tools,Northeast,4.0
base,moving_average,2018-08-13,RJ,health_beauty,Central-West,2.0
base,moving_average,2018-08-13,RJ,housewares,Central-West,6.0
base,moving_average,2018-08-13,RJ,housewares,Northeast,2.0
base,moving_average,2018-08-13,RJ,sports_leisure,North,1.0
base,moving_average,2018-08-13,RJ,sports_leisure,Southeast,16.0
base,moving_average,2018-08-13,RJ,telephony,Northeast,2.0
base,moving_average,2018-08-13,RS,auto,North,1.0
base,moving_average,2018-08-13,RS,auto,South,2.0
base,moving_average,2018-08-13,RS,bed_bath_table,South,6.0
base,moving_average,2018-08-13,RS,computers_accessories,South,4.0
base,moving_average,2018-08-13,RS,furniture_decor,North,3.0
base,moving_average,2018-08-13,RS,furniture_decor,South,2.0
base,moving_average,2018-08-13,RS,health_beauty,South,8.0
base,moving_average,2018-08-13,RS,housewares,South,11.0
base,moving_average,2018-08-13,RS,telephony,South,5.0
base,moving_average,2018-08-13,SC,bed_bath_table,South,5.0
base,moving_average,2018-08-13,SC,computers_accessories,South,9.0
base,moving_average,2018-08-13,SC,furniture_decor,South,6.0
base,moving_average,2018-08-13,SC,garden_tools,Central-West,4.0
base,moving_average,2018-08-13,SC,sports_leisure,South,14.0
base,moving_average,2018-08-13,SC,sports_leisure,Southeast,4.0
base,moving_average,2018-08-13,SC,watches_gifts,South,4.0
base,moving_average,2018-08-13,SP,auto,Central-West,1.0
base,moving_average,2018-08-13,SP,auto,Northeast,5.0
base,moving_average,2018-08-13,SP,auto,South,7.0
base,moving_average,2018-08-13,SP,auto,Southeast,76.0
base,moving_average,2018-08-13,SP,bed_bath_table,South,4.0
base,moving_average,2018-08-13,SP,bed_bath_table,Southeast,167.0
base,moving_average,2018-08-13,SP,computers_accessories,Central-West,5.0
base,moving_average,2018-08-13,SP,computers_accessories,North,1.0
base,moving_average,2018-08-13,SP,computers_accessories,Southeast,93.0
base,moving_average,2018-08-13,SP,furniture_decor,Southeast,93.0
base,moving_average,2018-08-13,SP,garden_tools,South,6.0
base,moving_average,2018-08-13,SP,garden_tools,Southeast,27.0
base,moving_average,2018-08-13,SP,health_beauty,Central-West,20.0
base,moving_average,2018-08-13,SP,health_beauty,North,3.0
base,moving_average,2018-08-13,SP,health_beauty,Northeast,11.0
base,moving_average,2018-08-13,SP,health_beauty,South,11.0
base,moving_average,2018-08-13,SP,health_beauty,Southeast,153.0
base,moving_average,2018-08-13,SP,housewares,Southeast,154.0
base,moving_average,2018-08-13,SP,sports_leisure,Southeast,95.0
base,moving_average,2018-08-13,SP,telephony,Central-West,4.0
base,moving_average,2018-08-13,SP,telephony,South,4.0
base,moving_average,2018-08-13,SP,telephony,Southeast,43.0
base,moving_average,2018-08-13,SP,watches_gifts,Central-West,7.0
base,moving_average,2018-08-13,SP,watches_gifts,Northeast,14.0
base,moving_average,2018-08-13,SP,watches_gifts,Southeast,80.0
base,moving_average,2018-08-20,MG,bed_bath_table,Central-West,1.0
base,moving_average,2018-08-20,MG,bed_bath_table,Northeast,2.0
base,moving_average,2018-08-20,MG,computers_accessories,Northeast,2.0
base,moving_average,2018-08-20,MG,health_beauty,Northeast,7.0
base,moving_average,2018-08-20,MG,sports_leisure,Northeast,2.0
base,moving_average,2018-08-20,MG,telephony,Northeast,1.0
base,moving_average,2018-08-20,PR,auto,South,6.0
base,moving_average,2018-08-20,PR,health_beauty,South,6.0
base,moving_average,2018-08-20,PR,housewares,South,15.0
base,moving_average,2018-08-20,PR,watches_gifts,South,8.0
base,moving_average,2018-08-20,RJ,auto,Central-West,2.0
base,moving_average,2018-08-20,RJ,auto,Northeast,3.0
base,moving_average,2018-08-20,RJ,garden_tools,Northeast,1.0
base,moving_average,2018-08-20,RJ,housewares,Central-West,7.0
base,moving_average,2018-08-20,RJ,housewares,Northeast,1.0
base,moving_average,2018-08-20,RJ,sports_leisure,Central-West,3.0
base,moving_average,2018-08-20,RS,auto,South,3.0
base,moving_average,2018-08-20,RS,bed_bath_table,South,5.0
base,moving_average,2018-08-20,RS,furniture_decor,South,1.0
base,moving_average,2018-08-20,RS,health_beauty,South,8.0
base,moving_average,2018-08-20,RS,telephony,South,3.0
base,moving_average,2018-08-20,SC,computers_accessories,South,8.0
base,moving_average,2018-08-20,SC,furniture_decor,South,6.0
base,moving_average,2018-08-20,SC,sports_leisure,South,11.0
base,moving_average,2018-08-20,SP,auto,Southeast,45.0
base,moving_average,2018-08-20,SP,bed_bath_table,Southeast,96.0
base,moving_average,2018-08-20,SP,computers_accessories,Central-West,3.0
base,moving_average,2018-08-20,SP,computers_accessories,Southeast,45.0
base,moving_average,2018-08-20,SP,furniture_decor,Southeast,53.0
base,moving_average,2018-08-20,SP,garden_tools,Southeast,17.0
base,moving_average,2018-08-20,SP,health_beauty,Central-West,7.0
base,moving_average,2018-08-20,SP,health_beauty,Southeast,118.0
base,moving_average,2018-08-20,SP,housewares,Central-West,2.0
base,moving_average,2018-08-20,SP,housewares,Southeast,84.0
base,moving_average,2018-08-20,SP,sports_leisure,Southeast,63.0
base,moving_average,2018-08-20,SP,telephony,Central-West,3.0
base,moving_average,2018-08-20,SP,telephony,Southeast,28.0
base,moving_average,2018-08-20,SP,watches_gifts,Central-West,2.0
base,moving_average,2018-08-20,SP,watches_gifts,Northeast,3.0
base,moving_average,2018-08-20,SP,watches_gifts,Southeast,48.0
base,ridge,2018-05-28,MG,bed_bath_table,Central-West,3.0
base,ridge,2018-05-28,MG,bed_bath_table,Northeast,5.0
base,ridge,2018-05-28,MG,computers_accessories,Northeast,7.0
base,ridge,2018-05-28,MG,furniture_decor,Central-West,7.0
base,ridge,2018-05-28,MG,furniture_decor,Northeast,5.0
base,ridge,2018-05-28,MG,health_beauty,Northeast,10.0
base,ridge,2018-05-28,MG,sports_leisure,Northeast,5.0
base,ridge,2018-05-28,MG,telephony,North,1.0
base,ridge,2018-05-28,PR,auto,South,4.0
base,ridge,2018-05-28,PR,furniture_decor,South,9.0
base,ridge,2018-05-28,PR,health_beauty,South,7.0
base,ridge,2018-05-28,PR,housewares,South,9.0
base,ridge,2018-05-28,PR,sports_leisure,South,3.0
base,ridge,2018-05-28,PR,watches_gifts,South,4.0
base,ridge,2018-05-28,RJ,auto,Central-West,3.0
base,ridge,2018-05-28,RJ,bed_bath_table,South,3.0
base,ridge,2018-05-28,RJ,furniture_decor,Northeast,3.0
base,ridge,2018-05-28,RJ,garden_tools,Northeast,1.0
base,ridge,2018-05-28,RJ,housewares,Northeast,4.0
base,ridge,2018-05-28,RJ,sports_leisure,Central-West,6.0
base,ridge,2018-05-28,RJ,sports_leisure,North,3.0
base,ridge,2018-05-28,RJ,telephony,North,1.0
base,ridge,2018-05-28,RS,auto,South,2.0
base,ridge,2018-05-28,RS,bed_bath_table,South,1.0
base,ridge,2018-05-28,RS,computers_accessories,South,1.0
base,ridge,2018-05-28,RS,furniture_decor,South,2.0
base,ridge,2018-05-28,RS,health_beauty,South,4.0
base,ridge,2018-05-28,RS,housewares,South,2.0
base,ridge,2018-05-28,SC,bed_bath_table,South,10.0
base,ridge,2018-05-28,SC,computers_accessories,South,4.0
base,ridge,2018-05-28,SC,furniture_decor,South,2.0
base,ridge,2018-05-28,SC,garden_tools,South,2.0
base,ridge,2018-05-28,SC,sports_leisure,South,15.0
base,ridge,2018-05-28,SP,auto,Central-West,1.0
base,ridge,2018-05-28,SP,auto,Northeast,7.0
base,ridge,2018-05-28,SP,auto,Southeast,24.0
base,ridge,2018-05-28,SP,bed_bath_table,Central-West,1.0
base,ridge,2018-05-28,SP,bed_bath_table,Southeast,110.0
base,ridge,2018-05-28,SP,computers_accessories,Central-West,2.0
base,ridge,2018-05-28,SP,computers_accessories,Southeast,37.0
base,ridge,2018-05-28,SP,furniture_decor,Southeast,60.0
base,ridge,2018-05-28,SP,garden_tools,Northeast,5.0
base,ridge,2018-05-28,SP,garden_tools,Southeast,20.0
base,ridge,2018-05-28,SP,health_beauty,Central-West,6.0
base,ridge,2018-05-28,SP,health_beauty,North,1.0
base,ridge,2018-05-28,SP,health_beauty,Northeast,5.0
base,ridge,2018-05-28,SP,health_beauty,Southeast,80.0
base,ridge,2018-05-28,SP,housewares,Central-West,4.0
base,ridge,2018-05-28,SP,housewares,North,1.0
base,ridge,2018-05-28,SP,housewares,Northeast,2.0
base,ridge,2018-05-28,SP,housewares,Southeast,102.0
base,ridge,2018-05-28,SP,sports_leisure,Southeast,52.0
base,ridge,2018-05-28,SP,telephony,Central-West,2.0
base,ridge,2018-05-28,SP,telephony,North,1.0
base,ridge,2018-05-28,SP,telephony,Northeast,8.0
base,ridge,2018-05-28,SP,telephony,South,8.0
base,ridge,2018-05-28,SP,telephony,Southeast,20.0
base,ridge,2018-05-28,SP,watches_gifts,Central-West,7.0
base,ridge,2018-05-28,SP,watches_gifts,North,1.0
base,ridge,2018-05-28,SP,watches_gifts,Northeast,11.0
base,ridge,2018-05-28,SP,watches_gifts,Southeast,67.0
base,ridge,2018-06-04,MG,bed_bath_table,Central-West,7.0
base,ridge,2018-06-04,MG,bed_bath_table,Northeast,6.0
base,ridge,2018-06-04,MG,computers_accessories,Northeast,16.0
base,ridge,2018-06-04,MG,furniture_decor,Central-West,1.0
base,ridge,2018-06-04,MG,health_beauty,Northeast,14.0
base,ridge,2018-06-04,MG,housewares,Central-West,4.0
base,ridge,2018-06-04,MG,housewares,Southeast,16.0
base,ridge,2018-06-04,MG,sports_leisure,Central-West,2.0
base,ridge,2018-06-04,MG,sports_leisure,Northeast,9.0
base,ridge,2018-06-04,MG,telephony,Northeast,5.0
base,ridge,2018-06-04,PR,auto,South,8.0
base,ridge,2018-06-04,PR,computers_accessories,South,4.0
base,ridge,2018-06-04,PR,furniture_decor,South,11.0
base,ridge,2018-06-04,PR,health_beauty,South,9.0
base,ridge,2018-06-04,PR,housewares,South,16.0
base,ridge,2018-06-04,PR,housewares,Southeast,1.0
base,ridge,2018-06-04,PR,sports_leisure,South,7.0
base,ridge,2018-06-04,PR,watches_gifts,South,8.0
base,ridge,2018-06-04,RJ,auto,Central-West,6.0
base,ridge,2018-06-04,RJ,bed_bath_table,South,10.0
base,ridge,2018-06-04,RJ,furniture_decor,Central-West,3.0
base,ridge,2018-06-04,RJ,furniture_decor,Northeast,2.0
base,ridge,2018-06-04,RJ,housewares,Southeast,8.0
base,ridge,2018-06-04,RJ,sports_leisure,Central-West,6.0
base,ridge,2018-06-04,RJ,sports_leisure,North,5.0
base,ridge,2018-06-04,RJ,telephony,North,3.0
base,ridge,2018-06-04,RJ,telephony,Northeast,1.0
base,ridge,2018-06-04,RS,auto,North,3.0
base,ridge,2018-06-04,RS,bed_bath_table,South,6.0
base,ridge,2018-06-04,RS,computers_accessories,South,9.0
base,ridge,2018-06-04,RS,furniture_decor,North,5.0
base,ridge,2018-06-04,RS,garden_tools,North,1.0
base,ridge,2018-06-04,RS,health_beauty,South,8.0
base,ridge,2018-06-04,RS,housewares,South,2.0
base,ridge,2018-06-04,RS,telephony,South,5.0
base,ridge,2018-06-04,SC,bed_bath_table,South,8.0
base,ridge,2018-06-04,SC,furniture_decor,South,6.0
base,ridge,2018-06-04,SC,garden_tools,Central-West,2.0
base,ridge,2018-06-04,SC,garden_tools,South,7.0
base,ridge,2018-06-04,SC,housewares,South,8.0
base,ridge,2018-06-04,SC,watches_gifts,South,1.0
base,ridge,2018-06-04,SP,auto,Central-West,2.0
base,ridge,2018-06-04,SP,auto,Northeast,6.0
base,ridge,2018-06-04,SP,auto,South,9.0
base,ridge,2018-06-04,SP,auto,Southeast,45.0
base,ridge,2018-06-04,SP,bed_bath_table,Southeast,162.0
base,ridge,2018-06-04,SP,computers_accessories,Central-West,1.0
base,ridge,2018-06-04,SP,computers_accessories,North,3.0
base,ridge,2018-06-04,SP,computers_accessories,Southeast,79.0
base,ridge,2018-06-04,SP,furniture_decor,North,1.0
base,ridge,2018-06-04,SP,furniture_decor,Southeast,39.0
base,ridge,2018-06-04,SP,garden_tools,South,1.0
base,ridge,2018-06-04,SP,garden_tools,Southeast,36.0
base,ridge,2018-06-04,SP,health_beauty,Central-West,14.0
base,ridge,2018-06-04,SP,health_beauty,North,8.0
base,ridge,2018-06-04,SP,health_beauty,Northeast,10.0
base,ridge,2018-06-04,SP,health_beauty,Southeast,134.0
base,ridge,2018-06-04,SP,housewares,Southeast,90.0
base,ridge,2018-06-04,SP,sports_leisure,Southeast,49.0
base,ridge,2018-06-04,SP,telephony,Central-West,1.0
base,ridge,2018-06-04,SP,telephony,Northeast,1.0
base,ridge,2018-06-04,SP,telephony,South,2.0
base,ridge,2018-06-04,SP,telephony,Southeast,27.0
base,ridge,2018-06-04,SP,watches_gifts,Central-West,5.0
base,ridge,2018-06-04,SP,watches_gifts,North,1.0
base,ridge,2018-06-04,SP,watches_gifts,Northeast,13.0
base,ridge,2018-06-04,SP,watches_gifts,Southeast,63.0
base,ridge,2018-06-11,MG,auto,Northeast,2.0
base,ridge,2018-06-11,MG,bed_bath_table,Central-West,2.0
base,ridge,2018-06-11,MG,bed_bath_table,Northeast,2.0
base,ridge,2018-06-11,MG,bed_bath_table,Southeast,11.0
base,ridge,2018-06-11,MG,computers_accessories,Northeast,10.0
base,ridge,2018-06-11,MG,furniture_decor,Central-West,8.0
base,ridge,2018-06-11,MG,health_beauty,Northeast,14.0
base,ridge,2018-06-11,MG,sports_leisure,Northeast,8.0
base,ridge,2018-06-11,MG,telephony,Northeast,5.0
base,ridge,2018-06-11,PR,auto,South,4.0
base,ridge,2018-06-11,PR,bed_bath_table,South,3.0
base,ridge,2018-06-11,PR,computers_accessories,South,13.0
base,ridge,2018-06-11,PR,furniture_decor,South,9.0
base,ridge,2018-06-11,PR,health_beauty,Southeast,7.0
base,ridge,2018-06-11,PR,housewares,South,17.0
base,ridge,2018-06-11,PR,sports_leisure,South,4.0
base,ridge,2018-06-11,PR,watches_gifts,South,5.0
base,ridge,2018-06-11,RJ,auto,Central-West,2.0
base,ridge,2018-06-11,RJ,auto,Northeast,4.0
base,ridge,2018-06-11,RJ,bed_bath_table,Southeast,10.0
base,ridge,2018-06-11,RJ,furniture_decor,Northeast,5.0
base,ridge,2018-06-11,RJ,garden_tools,Northeast,4.0
base,ridge,2018-06-11,RJ,health_beauty,Central-West,7.0
base,ridge,2018-06-11,RJ,health_beauty,Southeast,20.0
base,ridge,2018-06-11,RJ,housewares,Central-West,3.0
base,ridge,2018-06-11,RJ,housewares,Northeast,5.0
base,ridge,2018-06-11,RJ,sports_leisure,Central-West,3.0
base,ridge,2018-06-11,RJ,sports_leisure,North,3.0
base,ridge,2018-06-11,RJ,telephony,Northeast,3.0
base,ridge,2018-06-11,RS,auto,South,3.0
base,ridge,2018-06-11,RS,bed_bath_table,Northeast,5.0
base,ridge,2018-06-11,RS,bed_bath_table,South,1.0
base,ridge,2018-06-11,RS,furniture_decor,South,5.0
base,ridge,2018-06-11,RS,garden_tools,North,1.0
base,ridge,2018-06-11,RS,health_beauty,Southeast,8.0
base,ridge,2018-06-11,RS,telephony,South,5.0
base,ridge,2018-06-11,SC,bed_bath_table,South,8.0
base,ridge,2018-06-11,SC,furniture_decor,South,6.0
base,ridge,2018-06-11,SC,garden_tools,Central-West,1.0
base,ridge,2018-06-11,SC,garden_tools,South,5.0
base,ridge,2018-06-11,SC,health_beauty,South,4.0
base,ridge,2018-06-11,SC,health_beauty,Southeast,3.0
base,ridge,2018-06-11,SC,sports_leisure,South,11.0
base,ridge,2018-06-11,SC,watches_gifts,South,10.0
base,ridge,2018-06-11,SP,auto,South,4.0
base,ridge,2018-06-11,SP,auto,Southeast,39.0
base,ridge,2018-06-11,SP,bed_bath_table,Southeast,105.0
base,ridge,2018-06-11,SP,computers_accessories,Central-West,5.0
base,ridge,2018-06-11,SP,computers_accessories,North,3.0
base,ridge,2018-06-11,SP,computers_accessories,Southeast,50.0
base,ridge,2018-06-11,SP,furniture_decor,Southeast,67.0
base,ridge,2018-06-11,SP,garden_tools,North,2.0
base,ridge,2018-06-11,SP,garden_tools,Southeast,29.0
base,ridge,2018-06-11,SP,health_beauty,Southeast,79.0
base,ridge,2018-06-11,SP,housewares,Central-West,5.0
base,ridge,2018-06-11,SP,housewares,North,3.0
base,ridge,2018-06-11,SP,housewares,South,1.0
base,ridge,2018-06-11,SP,housewares,Southeast,96.0
base,ridge,2018-06-11,SP,sports_leisure,Northeast,3.0
base,ridge,2018-06-11,SP,sports_leisure,Southeast,80.0
base,ridge,2018-06-11,SP,telephony,Central-West,4.0
base,ridge,2018-06-11,SP,telephony,South,2.0
base,ridge,2018-06-11,SP,telephony,Southeast,43.0
base,ridge,2018-06-11,SP,watches_gifts,Central-West,9.0
base,ridge,2018-06-11,SP,watches_gifts,North,3.0
base,ridge,2018-06-11,SP,watches_gifts,Northeast,18.0
base,ridge,2018-06-11,SP,watches_gifts,Southeast,91.0
base,ridge,2018-06-18,MG,bed_bath_table,Central-West,6.0
base,ridge,2018-06-18,MG,bed_bath_table,Northeast,2.0
base,ridge,2018-06-18,MG,computers_accessories,Northeast,9.0
base,ridge,2018-06-18,MG,furniture_decor,Central-West,6.0
base,ridge,2018-06-18,MG,furniture_decor,Northeast,2.0
base,ridge,2018-06-18,MG,health_beauty,Central-West,2.0
base,ridge,2018-06-18,MG,health_beauty,Northeast,12.0
base,ridge,2018-06-18,MG,sports_leisure,Northeast,10.0
base,ridge,2018-06-18,MG,telephony,Northeast,5.0
base,ridge,2018-06-18,PR,auto,South,8.0
base,ridge,2018-06-18,PR,computers_accessories,South,9.0
base,ridge,2018-06-18,PR,furniture_decor,South,11.0
base,ridge,2018-06-18,PR,health_beauty,North,2.0
base,ridge,2018-06-18,PR,health_beauty,South,15.0
base,ridge,2018-06-18,PR,housewares,South,12.0
base,ridge,2018-06-18,PR,sports_leisure,South,12.0
base,ridge,2018-06-18,PR,watches_gifts,South,8.0
base,ridge,2018-06-18,RJ,auto,Central-West,4.0
base,ridge,2018-06-18,RJ,auto,Northeast,2.0
base,ridge,2018-06-18,RJ,bed_bath_table,South,10.0
base,ridge,2018-06-18,RJ,furniture_decor,Northeast,5.0
base,ridge,2018-06-18,RJ,garden_tools,Northeast,2.0
base,ridge,2018-06-18,RJ,housewares,Central-West,2.0
base,ridge,2018-06-18,RJ,housewares,Northeast,6.0
base,ridge,2018-06-18,RJ,sports_leisure,Central-West,11.0
base,ridge,2018-06-18,RJ,sports_leisure,North,2.0
base,ridge,2018-06-18,RJ,telephony,Northeast,2.0
base,ridge,2018-06-18,RS,auto,South,3.0
base,ridge,2018-06-18,RS,bed_bath_table,North,1.0
base,ridge,2018-06-18,RS,bed_bath_table,South,5.0
base,ridge,2018-06-18,RS,computers_accessories,South,1.0
base,ridge,2018-06-18,RS,furniture_decor,South,5.0
base,ridge,2018-06-18,RS,health_beauty,South,8.0
base,ridge,2018-06-18,RS,telephony,South,5.0
base,ridge,2018-06-18,SC,bed_bath_table,South,12.0
base,ridge,2018-06-18,SC,computers_accessories,South,9.0
base,ridge,2018-06-18,SC,furniture_decor,South,6.0
base,ridge,2018-06-18,SC,garden_tools,South,3.0
base,ridge,2018-06-18,SC,watches_gifts,South,4.0
base,ridge,2018-06-18,SP,auto,Northeast,7.0
base,ridge,2018-06-18,SP,auto,Southeast,50.0
base,ridge,2018-06-18,SP,bed_bath_table,Southeast,158.0
base,ridge,2018-06-18,SP,computers_accessories,Central-West,7.0
base,ridge,2018-06-18,SP,computers_accessories,Southeast,71.0
base,ridge,2018-06-18,SP,furniture_decor,Southeast,52.0
base,ridge,2018-06-18,SP,garden_tools,Southeast,25.0
base,ridge,2018-06-18,SP,health_beauty,Central-West,8.0
base,ridge,2018-06-18,SP,health_beauty,North,1.0
base,ridge,2018-06-18,SP,health_beauty,Southeast,171.0
base,ridge,2018-06-18,SP,housewares,Central-West,7.0
base,ridge,2018-06-18,SP,housewares,North,2.0
base,ridge,2018-06-18,SP,housewares,Southeast,85.0
base,ridge,2018-06-18,SP,sports_leisure,Southeast,72.0
base,ridge,2018-06-18,SP,telephony,Central-West,17.0
base,ridge,2018-06-18,SP,telephony,South,4.0
base,ridge,2018-06-18,SP,telephony,Southeast,26.0
base,ridge,2018-06-18,SP,watches_gifts,Central-West,7.0
base,ridge,2018-06-18,SP,watches_gifts,North,2.0
base,ridge,2018-06-18,SP,watches_gifts,Northeast,17.0
base,ridge,2018-06-18,SP,watches_gifts,Southeast,79.0
base,ridge,2018-06-25,MG,bed_bath_table,Central-West,1.0
base,ridge,2018-06-25,MG,bed_bath_table,Northeast,19.0
base,ridge,2018-06-25,MG,computers_accessories,Northeast,8.0
base,ridge,2018-06-25,MG,furniture_decor,Central-West,1.0
base,ridge,2018-06-25,MG,furniture_decor,Northeast,9.0
base,ridge,2018-06-25,MG,health_beauty,Northeast,14.0
base,ridge,2018-06-25,MG,sports_leisure,Northeast,5.0
base,ridge,2018-06-25,MG,telephony,Northeast,1.0
base,ridge,2018-06-25,PR,auto,South,7.0
base,ridge,2018-06-25,PR,computers_accessories,South,15.0
base,ridge,2018-06-25,PR,furniture_decor,South,10.0
base,ridge,2018-06-25,PR,health_beauty,South,15.0
base,ridge,2018-06-25,PR,housewares,South,19.0
base,ridge,2018-06-25,PR,watches_gifts,South,8.0
base,ridge,2018-06-25,RJ,auto,Central-West,5.0
base,ridge,2018-06-25,RJ,auto,Northeast,1.0
base,ridge,2018-06-25,RJ,bed_bath_table,South,10.0
base,ridge,2018-06-25,RJ,furniture_decor,Northeast,5.0
base,ridge,2018-06-25,RJ,garden_tools,Northeast,5.0
base,ridge,2018-06-25,RJ,housewares,Northeast,8.0
base,ridge,2018-06-25,RJ,sports_leisure,Central-West,6.0
base,ridge,2018-06-25,RJ,telephony,North,1.0
base,ridge,2018-06-25,RS,auto,North,1.0
base,ridge,2018-06-25,RS,auto,South,2.0
base,ridge,2018-06-25,RS,bed_bath_table,South,6.0
base,ridge,2018-06-25,RS,furniture_decor,North,1.0
base,ridge,2018-06-25,RS,furniture_decor,South,4.0
base,ridge,2018-06-25,RS,garden_tools,North,1.0
base,ridge,2018-06-25,RS,health_beauty,South,8.0
base,ridge,2018-06-25,RS,telephony,South,5.0
base,ridge,2018-06-25,SC,bed_bath_table,South,4.0
base,ridge,2018-06-25,SC,furniture_decor,South,6.0
base,ridge,2018-06-25,SC,garden_tools,Central-West,4.0
base,ridge,2018-06-25,SC,garden_tools,South,9.0
base,ridge,2018-06-25,SC,sports_leisure,South,13.0
base,ridge,2018-06-25,SC,watches_gifts,South,4.0
base,ridge,2018-06-25,SP,auto,Northeast,4.0
base,ridge,2018-06-25,SP,auto,Southeast,50.0
base,ridge,2018-06-25,SP,bed_bath_table,Central-West,3.0
base,ridge,2018-06-25,SP,bed_bath_table,Southeast,113.0
base,ridge,2018-06-25,SP,computers_accessories,Central-West,2.0
base,ridge,2018-06-25,SP,computers_accessories,South,4.0
base,ridge,2018-06-25,SP,computers_accessories,Southeast,76.0
base,ridge,2018-06-25,SP,furniture_decor,Southeast,84.0
base,ridge,2018-06-25,SP,garden_tools,Southeast,52.0
base,ridge,2018-06-25,SP,health_beauty,Central-West,8.0
base,ridge,2018-06-25,SP,health_beauty,North,7.0
base,ridge,2018-06-25,SP,health_beauty,Northeast,6.0
base,ridge,2018-06-25,SP,health_beauty,South,1.0
base,ridge,2018-06-25,SP,health_beauty,Southeast,131.0
base,ridge,2018-06-25,SP,housewares,Central-West,9.0
base,ridge,2018-06-25,SP,housewares,North,3.0
base,ridge,2018-06-25,SP,housewares,Northeast,10.0
base,ridge,2018-06-25,SP,housewares,Southeast,88.0
base,ridge,2018-06-25,SP,sports_leisure,Southeast,78.0
base,ridge,2018-06-25,SP,telephony,Central-West,4.0
base,ridge,2018-06-25,SP,telephony,South,3.0
base,ridge,2018-06-25,SP,telephony,Southeast,24.0
base,ridge,2018-06-25,SP,watches_gifts,Central-West,11.0
base,ridge,2018-06-25,SP,watches_gifts,North,3.0
base,ridge,2018-06-25,SP,watches_gifts,Northeast,7.0
base,ridge,2018-06-25,SP,watches_gifts,Southeast,74.0
base,ridge,2018-07-02,MG,bed_bath_table,Central-West,8.0
base,ridge,2018-07-02,MG,bed_bath_table,Northeast,6.0
base,ridge,2018-07-02,MG,computers_accessories,Northeast,9.0
base,ridge,2018-07-02,MG,furniture_decor,Central-West,4.0
base,ridge,2018-07-02,MG,health_beauty,Northeast,14.0
base,ridge,2018-07-02,MG,sports_leisure,Northeast,10.0
base,ridge,2018-07-02,MG,telephony,Northeast,7.0
base,ridge,2018-07-02,PR,auto,South,8.0
base,ridge,2018-07-02,PR,furniture_decor,South,7.0
base,ridge,2018-07-02,PR,health_beauty,South,5.0
base,ridge,2018-07-02,PR,housewares,South,7.0
base,ridge,2018-07-02,PR,sports_leisure,South,6.0
base,ridge,2018-07-02,PR,watches_gifts,South,3.0
base,ridge,2018-07-02,RJ,auto,Northeast,4.0
base,ridge,2018-07-02,RJ,bed_bath_table,South,10.0
base,ridge,2018-07-02,RJ,furniture_decor,Northeast,5.0
base,ridge,2018-07-02,RJ,garden_tools,Northeast,2.0
base,ridge,2018-07-02,RJ,housewares,Central-West,1.0
base,ridge,2018-07-02,RJ,housewares,Northeast,7.0
base,ridge,2018-07-02,RJ,sports_leisure,Central-West,7.0
base,ridge,2018-07-02,RJ,sports_leisure,North,1.0
base,ridge,2018-07-02,RS,auto,North,2.0
base,ridge,2018-07-02,RS,auto,South,1.0
base,ridge,2018-07-02,RS,bed_bath_table,North,3.0
base,ridge,2018-07-02,RS,bed_bath_table,South,3.0
base,ridge,2018-07-02,RS,computers_accessories,South,2.0
base,ridge,2018-07-02,RS,furniture_decor,North,1.0
base,ridge,2018-07-02,RS,furniture_decor,South,4.0
base,ridge,2018-07-02,RS,health_beauty,South,8.0
base,ridge,2018-07-02,RS,housewares,South,10.0
base,ridge,2018-07-02,RS,telephony,South,5.0
base,ridge,2018-07-02,SC,bed_bath_table,South,1.0
base,ridge,2018-07-02,SC,computers_accessories,South,9.0
base,ridge,2018-07-02,SC,furniture_decor,South,6.0
base,ridge,2018-07-02,SC,garden_tools,South,3.0
base,ridge,2018-07-02,SC,sports_leisure,South,12.0
base,ridge,2018-07-02,SC,watches_gifts,South,8.0
base,ridge,2018-07-02,SP,auto,Southeast,44.0
base,ridge,2018-07-02,SP,bed_bath_table,Central-West,1.0
base,ridge,2018-07-02,SP,bed_bath_table,Southeast,96.0
base,ridge,2018-07-02,SP,computers_accessories,Central-West,3.0
base,ridge,2018-07-02,SP,computers_accessories,Southeast,58.0
base,ridge,2018-07-02,SP,furniture_decor,Southeast,63.0
base,ridge,2018-07-02,SP,garden_tools,Northeast,2.0
base,ridge,2018-07-02,SP,garden_tools,South,2.0
base,ridge,2018-07-02,SP,garden_tools,Southeast,27.0
base,ridge,2018-07-02,SP,health_beauty,Central-West,6.0
base,ridge,2018-07-02,SP,health_beauty,North,5.0
base,ridge,2018-07-02,SP,health_beauty,Northeast,6.0
base,ridge,2018-07-02,SP,health_beauty,Southeast,138.0
base,ridge,2018-07-02,SP,housewares,Central-West,3.0
base,ridge,2018-07-02,SP,housewares,North,1.0
base,ridge,2018-07-02,SP,housewares,Southeast,82.0
base,ridge,2018-07-02,SP,sports_leisure,Southeast,78.0
base,ridge,2018-07-02,SP,telephony,Central-West,1.0
base,ridge,2018-07-02,SP,telephony,South,4.0
base,ridge,2018-07-02,SP,telephony,Southeast,18.0
base,ridge,2018-07-02,SP,watches_gifts,Central-West,5.0
base,ridge,2018-07-02,SP,watches_gifts,North,2.0
base,ridge,2018-07-02,SP,watches_gifts,Northeast,12.0
base,ridge,2018-07-02,SP,watches_gifts,Southeast,56.0
base,ridge,2018-07-09,MG,bed_bath_table,Central-West,5.0
base,ridge,2018-07-09,MG,bed_bath_table,Northeast,9.0
base,ridge,2018-07-09,MG,computers_accessories,Northeast,10.0
base,ridge,2018-07-09,MG,furniture_decor,Central-West,2.0
base,ridge,2018-07-09,MG,furniture_decor,Northeast,1.0
base,ridge,2018-07-09,MG,health_beauty,Northeast,14.0
base,ridge,2018-07-09,MG,sports_leisure,Northeast,6.0
base,ridge,2018-07-09,MG,telephony,Northeast,2.0
base,ridge,2018-07-09,PR,auto,South,8.0
base,ridge,2018-07-09,PR,health_beauty,South,7.0
base,ridge,2018-07-09,PR,housewares,South,10.0
base,ridge,2018-07-09,PR,watches_gifts,South,8.0
base,ridge,2018-07-09,RJ,auto,Central-West,3.0
base,ridge,2018-07-09,RJ,auto,Northeast,5.0
base,ridge,2018-07-09,RJ,bed_bath_table,South,7.0
base,ridge,2018-07-09,RJ,furniture_decor,Northeast,5.0
base,ridge,2018-07-09,RJ,garden_tools,Northeast,3.0
base,ridge,2018-07-09,RJ,housewares,Central-West,3.0
base,ridge,2018-07-09,RJ,housewares,Northeast,5.0
base,ridge,2018-07-09,RJ,sports_leisure,Central-West,4.0
base,ridge,2018-07-09,RJ,sports_leisure,North,2.0
base,ridge,2018-07-09,RJ,telephony,North,1.0
base,ridge,2018-07-09,RJ,telephony,Northeast,4.0
base,ridge,2018-07-09,RS,auto,North,2.0
base,ridge,2018-07-09,RS,auto,South,1.0
base,ridge,2018-07-09,RS,bed_bath_table,South,6.0
base,ridge,2018-07-09,RS,computers_accessories,South,7.0
base,ridge,2018-07-09,RS,furniture_decor,North,1.0
base,ridge,2018-07-09,RS,furniture_decor,South,2.0
base,ridge,2018-07-09,RS,garden_tools,North,1.0
base,ridge,2018-07-09,RS,health_beauty,South,8.0
base,ridge,2018-07-09,RS,telephony,South,5.0
base,ridge,2018-07-09,RS,watches_gifts,South,1.0
base,ridge,2018-07-09,SC,computers_accessories,South,9.0
base,ridge,2018-07-09,SC,furniture_decor,South,6.0
base,ridge,2018-07-09,SC,garden_tools,Central-West,1.0
base,ridge,2018-07-09,SC,garden_tools,South,2.0
base,ridge,2018-07-09,SC,sports_leisure,South,6.0
base,ridge,2018-07-09,SC,watches_gifts,South,6.0
base,ridge,2018-07-09,SP,auto,Northeast,14.0
base,ridge,2018-07-09,SP,auto,South,3.0
base,ridge,2018-07-09,SP,auto,Southeast,19.0
base,ridge,2018-07-09,SP,bed_bath_table,Central-West,3.0
base,ridge,2018-07-09,SP,bed_bath_table,Southeast,50.0
base,ridge,2018-07-09,SP,computers_accessories,Central-West,1.0
base,ridge,2018-07-09,SP,computers_accessories,North,1.0
base,ridge,2018-07-09,SP,computers_accessories,Southeast,38.0
base,ridge,2018-07-09,SP,furniture_decor,Southeast,26.0
base,ridge,2018-07-09,SP,garden_tools,Southeast,16.0
base,ridge,2018-07-09,SP,health_beauty,Central-West,15.0
base,ridge,2018-07-09,SP,health_beauty,North,6.0
base,ridge,2018-07-09,SP,health_beauty,Northeast,13.0
base,ridge,2018-07-09,SP,health_beauty,Southeast,82.0
base,ridge,2018-07-09,SP,housewares,Central-West,9.0
base,ridge,2018-07-09,SP,housewares,Southeast,43.0
base,ridge,2018-07-09,SP,sports_leisure,Northeast,4.0
base,ridge,2018-07-09,SP,sports_leisure,Southeast,38.0
base,ridge,2018-07-09,SP,telephony,Central-West,1.0
base,ridge,2018-07-09,SP,telephony,South,7.0
base,ridge,2018-07-09,SP,telephony,Southeast,12.0
base,ridge,2018-07-09,SP,watches_gifts,Central-West,8.0
base,ridge,2018-07-09,SP,watches_gifts,North,4.0
base,ridge,2018-07-09,SP,watches_gifts,Northeast,28.0
base,ridge,2018-07-09,SP,watches_gifts,South,1.0
base,ridge,2018-07-09,SP,watches_gifts,Southeast,65.0
base,ridge,2018-07-16,MG,auto,Northeast,4.0
base,ridge,2018-07-16,MG,bed_bath_table,Central-West,8.0
base,ridge,2018-07-16,MG,bed_bath_table,Northeast,6.0
base,ridge,2018-07-16,MG,computers_accessories,Northeast,9.0
base,ridge,2018-07-16,MG,furniture_decor,Central-West,3.0
base,ridge,2018-07-16,MG,furniture_decor,Northeast,5.0
base,ridge,2018-07-16,MG,health_beauty,Northeast,14.0
base,ridge,2018-07-16,MG,sports_leisure,Northeast,10.0
base,ridge,2018-07-16,MG,telephony,Northeast,4.0
base,ridge,2018-07-16,MG,watches_gifts,Northeast,3.0
base,ridge,2018-07-16,PR,auto,South,8.0
base,ridge,2018-07-16,PR,furniture_decor,South,20.0
base,ridge,2018-07-16,PR,health_beauty,South,15.0
base,ridge,2018-07-16,PR,housewares,South,22.0
base,ridge,2018-07-16,PR,watches_gifts,South,8.0
base,ridge,2018-07-16,RJ,auto,Central-West,6.0
base,ridge,2018-07-16,RJ,bed_bath_table,South,13.0
base,ridge,2018-07-16,RJ,furniture_decor,Northeast,5.0
base,ridge,2018-07-16,RJ,garden_tools,Northeast,5.0
base,ridge,2018-07-16,RJ,housewares,Central-West,3.0
base,ridge,2018-07-16,RJ,housewares,Northeast,5.0
base,ridge,2018-07-16,RJ,sports_leisure,Central-West,5.0
base,ridge,2018-07-16,RJ,sports_leisure,North,3.0
base,ridge,2018-07-16,RJ,telephony,North,3.0
base,ridge,2018-07-16,RJ,watches_gifts,Central-West,1.0
base,ridge,2018-07-16,RJ,watches_gifts,North,1.0
base,ridge,2018-07-16,RJ,watches_gifts,Northeast,4.0
base,ridge,2018-07-16,RJ,watches_gifts,Southeast,7.0
base,ridge,2018-07-16,RS,auto,North,3.0
base,ridge,2018-07-16,RS,bed_bath_table,North,1.0
base,ridge,2018-07-16,RS,bed_bath_table,South,5.0
base,ridge,2018-07-16,RS,computers_accessories,South,8.0
base,ridge,2018-07-16,RS,furniture_decor,North,2.0
base,ridge,2018-07-16,RS,garden_tools,North,1.0
base,ridge,2018-07-16,RS,health_beauty,South,7.0
base,ridge,2018-07-16,RS,housewares,South,9.0
base,ridge,2018-07-16,RS,telephony,South,5.0
base,ridge,2018-07-16,SC,auto,South,4.0
base,ridge,2018-07-16,SC,bed_bath_table,South,2.0
base,ridge,2018-07-16,SC,computers_accessories,South,4.0
base,ridge,2018-07-16,SC,furniture_decor,South,4.0
base,ridge,2018-07-16,SC,garden_tools,Central-West,3.0
base,ridge,2018-07-16,SC,garden_tools,South,3.0
base,ridge,2018-07-16,SC,sports_leisure,South,16.0
base,ridge,2018-07-16,SC,watches_gifts,South,1.0
base,ridge,2018-07-16,SP,auto,Central-West,1.0
base,ridge,2018-07-16,SP,auto,North,2.0
base,ridge,2018-07-16,SP,auto,Northeast,6.0
base,ridge,2018-07-16,SP,auto,South,5.0
base,ridge,2018-07-16,SP,auto,Southeast,55.0
base,ridge,2018-07-16,SP,bed_bath_table,Central-West,3.0
base,ridge,2018-07-16,SP,bed_bath_table,Southeast,144.0
base,ridge,2018-07-16,SP,computers_accessories,Central-West,8.0
base,ridge,2018-07-16,SP,computers_accessories,North,4.0
base,ridge,2018-07-16,SP,computers_accessories,South,5.0
base,ridge,2018-07-16,SP,computers_accessories,Southeast,66.0
base,ridge,2018-07-16,SP,furniture_decor,North,1.0
base,ridge,2018-07-16,SP,furniture_decor,Southeast,77.0
base,ridge,2018-07-16,SP,garden_tools,Southeast,28.0
base,ridge,2018-07-16,SP,health_beauty,Central-West,14.0
base,ridge,2018-07-16,SP,health_beauty,North,2.0
base,ridge,2018-07-16,SP,health_beauty,Northeast,15.0
base,ridge,2018-07-16,SP,health_beauty,Southeast,153.0
base,ridge,2018-07-16,SP,housewares,Central-West,8.0
base,ridge,2018-07-16,SP,housewares,North,1.0
base,ridge,2018-07-16,SP,housewares,Southeast,82.0
base,ridge,2018-07-16,SP,sports_leisure,Northeast,8.0
base,ridge,2018-07-16,SP,sports_leisure,Southeast,64.0
base,ridge,2018-07-16,SP,telephony,Central-West,7.0
base,ridge,2018-07-16,SP,telephony,South,5.0
base,ridge,2018-07-16,SP,telephony,Southeast,38.0
base,ridge,2018-07-16,SP,watches_gifts,Southeast,72.0
base,ridge,2018-07-23,MG,bed_bath_table,Central-West,10.0
base,ridge,2018-07-23,MG,bed_bath_table,Southeast,4.0
base,ridge,2018-07-23,MG,computers_accessories,Southeast,15.0
base,ridge,2018-07-23,MG,furniture_decor,Central-West,4.0
base,ridge,2018-07-23,MG,furniture_decor,Southeast,13.0
base,ridge,2018-07-23,MG,garden_tools,Southeast,11.0
base,ridge,2018-07-23,MG,health_beauty,Central-West,4.0
base,ridge,2018-07-23,MG,health_beauty,Northeast,10.0
base,ridge,2018-07-23,MG,sports_leisure,Central-West,11.0
base,ridge,2018-07-23,MG,telephony,Central-West,4.0
base,ridge,2018-07-23,MG,telephony,Northeast,2.0
base,ridge,2018-07-23,PR,auto,South,8.0
base,ridge,2018-07-23,PR,furniture_decor,South,12.0
base,ridge,2018-07-23,PR,garden_tools,Southeast,5.0
base,ridge,2018-07-23,PR,health_beauty,South,7.0
base,ridge,2018-07-23,PR,housewares,South,3.0
base,ridge,2018-07-23,PR,sports_leisure,South,2.0
base,ridge,2018-07-23,PR,telephony,Southeast,2.0
base,ridge,2018-07-23,PR,watches_gifts,South,8.0
base,ridge,2018-07-23,RJ,auto,Central-West,6.0
base,ridge,2018-07-23,RJ,bed_bath_table,Southeast,10.0
base,ridge,2018-07-23,RJ,computers_accessories,Southeast,3.0
base,ridge,2018-07-23,RJ,furniture_decor,Southeast,5.0
base,ridge,2018-07-23,RJ,garden_tools,Northeast,2.0
base,ridge,2018-07-23,RJ,housewares,Central-West,8.0
base,ridge,2018-07-23,RJ,sports_leisure,Southeast,12.0
base,ridge,2018-07-23,RJ,telephony,Northeast,2.0
base,ridge,2018-07-23,RJ,telephony,Southeast,2.0
base,ridge,2018-07-23,RS,auto,South,3.0
base,ridge,2018-07-23,RS,bed_bath_table,North,2.0
base,ridge,2018-07-23,RS,bed_bath_table,South,4.0
base,ridge,2018-07-23,RS,computers_accessories,South,7.0
base,ridge,2018-07-23,RS,furniture_decor,South,2.0
base,ridge,2018-07-23,RS,garden_tools,Southeast,1.0
base,ridge,2018-07-23,RS,health_beauty,South,8.0
base,ridge,2018-07-23,RS,housewares,South,1.0
base,ridge,2018-07-23,RS,sports_leisure,South,3.0
base,ridge,2018-07-23,RS,telephony,South,5.0
base,ridge,2018-07-23,SC,bed_bath_table,South,12.0
base,ridge,2018-07-23,SC,bed_bath_table,Southeast,7.0
base,ridge,2018-07-23,SC,computers_accessories,South,8.0
base,ridge,2018-07-23,SC,computers_accessories,Southeast,1.0
base,ridge,2018-07-23,SC,garden_tools,Central-West,1.0
base,ridge,2018-07-23,SC,garden_tools,South,6.0
base,ridge,2018-07-23,SC,sports_leisure,South,8.0
base,ridge,2018-07-23,SC,telephony,South,1.0
base,ridge,2018-07-23,SC,watches_gifts,South,3.0
base,ridge,2018-07-23,SP,auto,Southeast,37.0
base,ridge,2018-07-23,SP,bed_bath_table,Southeast,91.0
base,ridge,2018-07-23,SP,computers_accessories,Southeast,60.0
base,ridge,2018-07-23,SP,furniture_decor,Southeast,48.0
base,ridge,2018-07-23,SP,garden_tools,Northeast,4.0
base,ridge,2018-07-23,SP,garden_tools,Southeast,29.0
base,ridge,2018-07-23,SP,health_beauty,Central-West,2.0
base,ridge,2018-07-23,SP,health_beauty,South,3.0
base,ridge,2018-07-23,SP,health_beauty,Southeast,118.0
base,ridge,2018-07-23,SP,housewares,Southeast,103.0
base,ridge,2018-07-23,SP,sports_leisure,Southeast,63.0
base,ridge,2018-07-23,SP,telephony,Southeast,31.0
base,ridge,2018-07-23,SP,watches_gifts,Central-West,10.0
base,ridge,2018-07-23,SP,watches_gifts,North,5.0
base,ridge,2018-07-23,SP,watches_gifts,Northeast,21.0
base,ridge,2018-07-23,SP,watches_gifts,Southeast,69.0
base,ridge,2018-07-30,MG,bed_bath_table,Central-West,6.0
base,ridge,2018-07-30,MG,bed_bath_table,Northeast,6.0
base,ridge,2018-07-30,MG,bed_bath_table,Southeast,2.0
base,ridge,2018-07-30,MG,computers_accessories,Central-West,7.0
base,ridge,2018-07-30,MG,computers_accessories,Northeast,5.0
base,ridge,2018-07-30,MG,furniture_decor,Central-West,6.0
base,ridge,2018-07-30,MG,furniture_decor,Northeast,4.0
base,ridge,2018-07-30,MG,furniture_decor,Southeast,2.0
base,ridge,2018-07-30,MG,health_beauty,Northeast,14.0
base,ridge,2018-07-30,MG,sports_leisure,Central-West,3.0
base,ridge,2018-07-30,MG,sports_leisure,Northeast,12.0
base,ridge,2018-07-30,MG,telephony,Northeast,5.0
base,ridge,2018-07-30,PR,auto,South,8.0
base,ridge,2018-07-30,PR,furniture_decor,South,15.0
base,ridge,2018-07-30,PR,health_beauty,North,3.0
base,ridge,2018-07-30,PR,health_beauty,South,13.0
base,ridge,2018-07-30,PR,housewares,South,17.0
base,ridge,2018-07-30,PR,watches_gifts,South,8.0
base,ridge,2018-07-30,RJ,auto,Central-West,4.0
base,ridge,2018-07-30,RJ,auto,Northeast,2.0
base,ridge,2018-07-30,RJ,bed_bath_table,Southeast,10.0
base,ridge,2018-07-30,RJ,furniture_decor,Northeast,5.0
base,ridge,2018-07-30,RJ,garden_tools,Northeast,3.0
base,ridge,2018-07-30,RJ,housewares,Central-West,1.0
base,ridge,2018-07-30,RJ,housewares,Northeast,7.0
base,ridge,2018-07-30,RJ,sports_leisure,Central-West,7.0
base,ridge,2018-07-30,RJ,sports_leisure,Southeast,5.0
base,ridge,2018-07-30,RJ,telephony,North,1.0
base,ridge,2018-07-30,RJ,telephony,Northeast,1.0
base,ridge,2018-07-30,RS,auto,North,1.0
base,ridge,2018-07-30,RS,auto,South,2.0
base,ridge,2018-07-30,RS,bed_bath_table,Northeast,1.0
base,ridge,2018-07-30,RS,bed_bath_table,South,5.0
base,ridge,2018-07-30,RS,computers_accessories,South,10.0
base,ridge,2018-07-30,RS,furniture_decor,South,5.0
base,ridge,2018-07-30,RS,health_beauty,South,8.0
base,ridge,2018-07-30,RS,housewares,South,9.0
base,ridge,2018-07-30,RS,telephony,South,5.0
base,ridge,2018-07-30,RS,watches_gifts,Southeast,1.0
base,ridge,2018-07-30,SC,bed_bath_table,South,7.0
base,ridge,2018-07-30,SC,computers_accessories,South,3.0
base,ridge,2018-07-30,SC,computers_accessories,Southeast,6.0
base,ridge,2018-07-30,SC,furniture_decor,Southeast,6.0
base,ridge,2018-07-30,SC,garden_tools,Central-West,1.0
base,ridge,2018-07-30,SC,garden_tools,South,4.0
base,ridge,2018-07-30,SC,sports_leisure,South,17.0
base,ridge,2018-07-30,SC,sports_leisure,Southeast,1.0
base,ridge,2018-07-30,SC,watches_gifts,South,9.0
base,ridge,2018-07-30,SC,watches_gifts,Southeast,4.0
base,ridge,2018-07-30,SP,auto,Northeast,6.0
base,ridge,2018-07-30,SP,auto,Southeast,70.0
base,ridge,2018-07-30,SP,bed_bath_table,Southeast,162.0
base,ridge,2018-07-30,SP,computers_accessories,Southeast,89.0
base,ridge,2018-07-30,SP,furniture_decor,Southeast,81.0
base,ridge,2018-07-30,SP,garden_tools,Southeast,26.0
base,ridge,2018-07-30,SP,health_beauty,Central-West,15.0
base,ridge,2018-07-30,SP,health_beauty,Northeast,11.0
base,ridge,2018-07-30,SP,health_beauty,Southeast,166.0
base,ridge,2018-07-30,SP,housewares,Central-West,8.0
base,ridge,2018-07-30,SP,housewares,Southeast,104.0
base,ridge,2018-07-30,SP,sports_leisure,Southeast,78.0
base,ridge,2018-07-30,SP,telephony,Central-West,7.0
base,ridge,2018-07-30,SP,telephony,Southeast,53.0
base,ridge,2018-07-30,SP,watches_gifts,Central-West,9.0
base,ridge,2018-07-30,SP,watches_gifts,Northeast,23.0
base,ridge,2018-07-30,SP,watches_gifts,Southeast,99.0
base,ridge,2018-08-06,MG,bed_bath_table,Central-West,9.0
base,ridge,2018-08-06,MG,bed_bath_table,Northeast,3.0
base,ridge,2018-08-06,MG,bed_bath_table,Southeast,2.0
base,ridge,2018-08-06,MG,computers_accessories,Central-West,7.0
base,ridge,2018-08-06,MG,computers_accessories,Northeast,5.0
base,ridge,2018-08-06,MG,furniture_decor,Central-West,3.0
base,ridge,2018-08-06,MG,furniture_decor,Northeast,6.0
base,ridge,2018-08-06,MG,furniture_decor,Southeast,4.0
base,ridge,2018-08-06,MG,health_beauty,Central-West,2.0
base,ridge,2018-08-06,MG,health_beauty,Northeast,12.0
base,ridge,2018-08-06,MG,sports_leisure,Northeast,9.0
base,ridge,2018-08-06,MG,sports_leisure,South,1.0
base,ridge,2018-08-06,MG,telephony,Northeast,5.0
base,ridge,2018-08-06,PR,auto,South,8.0
base,ridge,2018-08-06,PR,furniture_decor,South,20.0
base,ridge,2018-08-06,PR,health_beauty,South,14.0
base,ridge,2018-08-06,PR,housewares,South,17.0
base,ridge,2018-08-06,PR,sports_leisure,South,3.0
base,ridge,2018-08-06,PR,watches_gifts,South,8.0
base,ridge,2018-08-06,RJ,auto,Central-West,6.0
base,ridge,2018-08-06,RJ,bed_bath_table,South,8.0
base,ridge,2018-08-06,RJ,bed_bath_table,Southeast,2.0
base,ridge,2018-08-06,RJ,furniture_decor,South,5.0
base,ridge,2018-08-06,RJ,garden_tools,Northeast,2.0
base,ridge,2018-08-06,RJ,housewares,Central-West,1.0
base,ridge,2018-08-06,RJ,housewares,Northeast,7.0
base,ridge,2018-08-06,RJ,sports_leisure,Central-West,7.0
base,ridge,2018-08-06,RJ,sports_leisure,North,1.0
base,ridge,2018-08-06,RJ,telephony,North,2.0
base,ridge,2018-08-06,RJ,telephony,Northeast,4.0
base,ridge,2018-08-06,RS,auto,North,3.0
base,ridge,2018-08-06,RS,bed_bath_table,South,6.0
base,ridge,2018-08-06,RS,computers_accessories,South,10.0
base,ridge,2018-08-06,RS,furniture_decor,South,5.0
base,ridge,2018-08-06,RS,health_beauty,South,8.0
base,ridge,2018-08-06,RS,housewares,South,8.0
base,ridge,2018-08-06,RS,telephony,South,5.0
base,ridge,2018-08-06,SC,bed_bath_table,South,17.0
base,ridge,2018-08-06,SC,computers_accessories,South,9.0
base,ridge,2018-08-06,SC,furniture_decor,South,6.0
base,ridge,2018-08-06,SC,garden_tools,Central-West,5.0
base,ridge,2018-08-06,SC,garden_tools,South,5.0
base,ridge,2018-08-06,SC,sports_leisure,South,18.0
base,ridge,2018-08-06,SP,auto,Central-West,3.0
base,ridge,2018-08-06,SP,auto,Southeast,76.0
base,ridge,2018-08-06,SP,bed_bath_table,Southeast,140.0
base,ridge,2018-08-06,SP,computers_accessories,Central-West,4.0
base,ridge,2018-08-06,SP,computers_accessories,South,1.0
base,ridge,2018-08-06,SP,computers_accessories,Southeast,91.0
base,ridge,2018-08-06,SP,furniture_decor,South,9.0
base,ridge,2018-08-06,SP,furniture_decor,Southeast,78.0
base,ridge,2018-08-06,SP,garden_tools,South,7.0
base,ridge,2018-08-06,SP,garden_tools,Southeast,33.0
base,ridge,2018-08-06,SP,health_beauty,Central-West,9.0
base,ridge,2018-08-06,SP,health_beauty,Southeast,151.0
base,ridge,2018-08-06,SP,housewares,Central-West,1.0
base,ridge,2018-08-06,SP,housewares,Southeast,128.0
base,ridge,2018-08-06,SP,sports_leisure,South,6.0
base,ridge,2018-08-06,SP,sports_leisure,Southeast,83.0
base,ridge,2018-08-06,SP,telephony,Central-West,8.0
base,ridge,2018-08-06,SP,telephony,Northeast,10.0
base,ridge,2018-08-06,SP,telephony,South,21.0
base,ridge,2018-08-06,SP,telephony,Southeast,17.0
base,ridge,2018-08-06,SP,watches_gifts,Central-West,9.0
base,ridge,2018-08-06,SP,watches_gifts,Northeast,18.0
base,ridge,2018-08-06,SP,watches_gifts,South,8.0
base,ridge,2018-08-06,SP,watches_gifts,Southeast,72.0
base,ridge,2018-08-13,MG,bed_bath_table,Central-West,9.0
base,ridge,2018-08-13,MG,bed_bath_table,Northeast,5.0
base,ridge,2018-08-13,MG,computers_accessories,Northeast,12.0
base,ridge,2018-08-13,MG,furniture_decor,Central-West,7.0
base,ridge,2018-08-13,MG,furniture_decor,Northeast,4.0
base,ridge,2018-08-13,MG,health_beauty,Northeast,14.0
base,ridge,2018-08-13,MG,sports_leisure,Central-West,9.0
base,ridge,2018-08-13,MG,sports_leisure,Northeast,6.0
base,ridge,2018-08-13,MG,sports_leisure,Southeast,1.0
base,ridge,2018-08-13,MG,telephony,Northeast,5.0
base,ridge,2018-08-13,PR,auto,South,8.0
base,ridge,2018-08-13,PR,furniture_decor,South,5.0
base,ridge,2018-08-13,PR,health_beauty,South,16.0
base,ridge,2018-08-13,PR,housewares,South,12.0
base,ridge,2018-08-13,PR,housewares,Southeast,5.0
base,ridge,2018-08-13,PR,watches_gifts,South,8.0
base,ridge,2018-08-13,RJ,auto,Central-West,6.0
base,ridge,2018-08-13,RJ,bed_bath_table,South,1.0
base,ridge,2018-08-13,RJ,bed_bath_table,Southeast,9.0
base,ridge,2018-08-13,RJ,furniture_decor,Northeast,5.0
base,ridge,2018-08-13,RJ,garden_tools,Northeast,4.0
base,ridge,2018-08-13,RJ,housewares,Central-West,3.0
base,ridge,2018-08-13,RJ,housewares,Northeast,3.0
base,ridge,2018-08-13,RJ,housewares,Southeast,2.0
base,ridge,2018-08-13,RJ,sports_leisure,North,1.0
base,ridge,2018-08-13,RJ,sports_leisure,Southeast,23.0
base,ridge,2018-08-13,RJ,telephony,Northeast,2.0
base,ridge,2018-08-13,RS,auto,North,1.0
base,ridge,2018-08-13,RS,auto,South,2.0
base,ridge,2018-08-13,RS,bed_bath_table,South,6.0
base,ridge,2018-08-13,RS,computers_accessories,South,4.0
base,ridge,2018-08-13,RS,furniture_decor,North,3.0
base,ridge,2018-08-13,RS,furniture_decor,South,2.0
base,ridge,2018-08-13,RS,health_beauty,South,8.0
base,ridge,2018-08-13,RS,housewares,South,11.0
base,ridge,2018-08-13,RS,telephony,South,5.0
base,ridge,2018-08-13,SC,bed_bath_table,South,12.0
base,ridge,2018-08-13,SC,computers_accessories,South,9.0
base,ridge,2018-08-13,SC,furniture_decor,South,6.0
base,ridge,2018-08-13,SC,garden_tools,Central-West,4.0
base,ridge,2018-08-13,SC,garden_tools,South,4.0
base,ridge,2018-08-13,SC,sports_leisure,South,14.0
base,ridge,2018-08-13,SC,sports_leisure,Southeast,1.0
base,ridge,2018-08-13,SC,watches_gifts,South,4.0
base,ridge,2018-08-13,SP,auto,Central-West,1.0
base,ridge,2018-08-13,SP,auto,South,5.0
base,ridge,2018-08-13,SP,auto,Southeast,76.0
base,ridge,2018-08-13,SP,bed_bath_table,Southeast,158.0
base,ridge,2018-08-13,SP,computers_accessories,Central-West,5.0
base,ridge,2018-08-13,SP,computers_accessories,North,1.0
base,ridge,2018-08-13,SP,computers_accessories,Southeast,93.0
base,ridge,2018-08-13,SP,furniture_decor,Southeast,93.0
base,ridge,2018-08-13,SP,garden_tools,South,2.0
base,ridge,2018-08-13,SP,garden_tools,Southeast,27.0
base,ridge,2018-08-13,SP,health_beauty,Central-West,22.0
base,ridge,2018-08-13,SP,health_beauty,North,3.0
base,ridge,2018-08-13,SP,health_beauty,Northeast,11.0
base,ridge,2018-08-13,SP,health_beauty,South,3.0
base,ridge,2018-08-13,SP,health_beauty,Southeast,153.0
base,ridge,2018-08-13,SP,housewares,Southeast,140.0
base,ridge,2018-08-13,SP,sports_leisure,Southeast,94.0
base,ridge,2018-08-13,SP,telephony,Central-West,4.0
base,ridge,2018-08-13,SP,telephony,South,4.0
base,ridge,2018-08-13,SP,telephony,Southeast,43.0
base,ridge,2018-08-13,SP,watches_gifts,Central-West,7.0
base,ridge,2018-08-13,SP,watches_gifts,Northeast,14.0
base,ridge,2018-08-13,SP,watches_gifts,Southeast,80.0
base,ridge,2018-08-20,MG,bed_bath_table,Central-West,1.0
base,ridge,2018-08-20,MG,bed_bath_table,Northeast,2.0
base,ridge,2018-08-20,MG,computers_accessories,Northeast,2.0
base,ridge,2018-08-20,MG,health_beauty,Northeast,7.0
base,ridge,2018-08-20,MG,sports_leisure,Northeast,2.0
base,ridge,2018-08-20,MG,telephony,Northeast,1.0
base,ridge,2018-08-20,PR,auto,South,6.0
base,ridge,2018-08-20,PR,health_beauty,South,6.0
base,ridge,2018-08-20,PR,housewares,South,15.0
base,ridge,2018-08-20,PR,watches_gifts,South,8.0
base,ridge,2018-08-20,RJ,auto,Central-West,2.0
base,ridge,2018-08-20,RJ,auto,Northeast,3.0
base,ridge,2018-08-20,RJ,garden_tools,Northeast,1.0
base,ridge,2018-08-20,RJ,housewares,Central-West,7.0
base,ridge,2018-08-20,RJ,housewares,Northeast,1.0
base,ridge,2018-08-20,RJ,sports_leisure,Central-West,3.0
base,ridge,2018-08-20,RS,auto,South,3.0
base,ridge,2018-08-20,RS,bed_bath_table,South,5.0
base,ridge,2018-08-20,RS,furniture_decor,South,1.0
base,ridge,2018-08-20,RS,health_beauty,South,8.0
base,ridge,2018-08-20,RS,telephony,South,3.0
base,ridge,2018-08-20,SC,computers_accessories,South,8.0
base,ridge,2018-08-20,SC,furniture_decor,South,6.0
base,ridge,2018-08-20,SC,sports_leisure,South,11.0
base,ridge,2018-08-20,SP,auto,Southeast,45.0
base,ridge,2018-08-20,SP,bed_bath_table,Southeast,96.0
base,ridge,2018-08-20,SP,computers_accessories,Central-West,3.0
base,ridge,2018-08-20,SP,computers_accessories,Southeast,45.0
base,ridge,2018-08-20,SP,furniture_decor,Southeast,53.0
base,ridge,2018-08-20,SP,garden_tools,Southeast,17.0
base,ridge,2018-08-20,SP,health_beauty,Central-West,7.0
base,ridge,2018-08-20,SP,health_beauty,Southeast,118.0
base,ridge,2018-08-20,SP,housewares,Central-West,2.0
base,ridge,2018-08-20,SP,housewares,Southeast,84.0
base,ridge,2018-08-20,SP,sports_leisure,Southeast,63.0
base,ridge,2018-08-20,SP,telephony,Central-West,3.0
base,ridge,2018-08-20,SP,telephony,Southeast,28.0
base,ridge,2018-08-20,SP,watches_gifts,Central-West,2.0
base,ridge,2018-08-20,SP,watches_gifts,Northeast,3.0
base,ridge,2018-08-20,SP,watches_gifts,Southeast,48.0
