origin,target_week,horizon,category,region,forecast,error_scale,method,actual
2018-05-28,2018-05-28,1,auto,Central-West,1.0,4.568321925761286,last_week,4.0
2018-05-28,2018-06-04,2,auto,Central-West,1.0,4.568321925761286,last_week,8.0
2018-05-28,2018-06-11,3,auto,Central-West,1.0,4.568321925761286,last_week,2.0
2018-05-28,2018-06-18,4,auto,Central-West,1.0,4.568321925761286,last_week,4.0
2018-05-28,2018-05-28,1,auto,North,0.0,1.4546277974057513,last_week,0.0
2018-05-28,2018-06-04,2,auto,North,0.0,1.4546277974057513,last_week,3.0
2018-05-28,2018-06-11,3,auto,North,0.0,1.4546277974057513,last_week,0.0
2018-05-28,2018-06-18,4,auto,North,0.0,1.4546277974057513,last_week,0.0
2018-05-28,2018-05-28,1,auto,Northeast,2.0,3.360037956997475,last_week,7.0
2018-05-28,2018-06-04,2,auto,Northeast,2.0,3.360037956997475,last_week,6.0
2018-05-28,2018-06-11,3,auto,Northeast,2.0,3.360037956997475,last_week,6.0
2018-05-28,2018-06-18,4,auto,Northeast,2.0,3.360037956997475,last_week,9.0
2018-05-28,2018-05-28,1,auto,South,4.0,4.459154400894243,last_week,6.0
2018-05-28,2018-06-04,2,auto,South,4.0,4.459154400894243,last_week,17.0
2018-05-28,2018-06-11,3,auto,South,4.0,4.459154400894243,last_week,11.0
2018-05-28,2018-06-18,4,auto,South,4.0,4.459154400894243,last_week,11.0
2018-05-28,2018-05-28,1,auto,Southeast,30.0,12.960922314649402,last_week,24.0
2018-05-28,2018-06-04,2,auto,Southeast,30.0,12.960922314649402,last_week,45.0
2018-05-28,2018-06-11,3,auto,Southeast,30.0,12.960922314649402,last_week,39.0
2018-05-28,2018-06-18,4,auto,Southeast,30.0,12.960922314649402,last_week,50.0
2018-05-28,2018-05-28,1,bed_bath_table,Central-West,4.0,5.410671152347052,last_week,4.0
2018-05-28,2018-06-04,2,bed_bath_table,Central-West,4.0,5.410671152347052,last_week,7.0
2018-05-28,2018-06-11,3,bed_bath_table,Central-West,4.0,5.410671152347052,last_week,2.0
2018-05-28,2018-06-18,4,bed_bath_table,Central-West,4.0,5.410671152347052,last_week,6.0
2018-05-28,2018-05-28,1,bed_bath_table,North,1.0,1.5180078478344428,last_week,0.0
2018-05-28,2018-06-04,2,bed_bath_table,North,1.0,1.5180078478344428,last_week,0.0
2018-05-28,2018-06-11,3,bed_bath_table,North,1.0,1.5180078478344428,last_week,0.0
2018-05-28,2018-06-18,4,bed_bath_table,North,1.0,1.5180078478344428,last_week,1.0
2018-05-28,2018-05-28,1,bed_bath_table,Northeast,5.0,3.985480895828569,last_week,5.0
2018-05-28,2018-06-04,2,bed_bath_table,Northeast,5.0,3.985480895828569,last_week,6.0
2018-05-28,2018-06-11,3,bed_bath_table,Northeast,5.0,3.985480895828569,last_week,10.0
2018-05-28,2018-06-18,4,bed_bath_table,Northeast,5.0,3.985480895828569,last_week,2.0
2018-05-28,2018-05-28,1,bed_bath_table,South,13.0,8.583773029402039,last_week,14.0
2018-05-28,2018-06-04,2,bed_bath_table,South,13.0,8.583773029402039,last_week,24.0
2018-05-28,2018-06-11,3,bed_bath_table,South,13.0,8.583773029402039,last_week,12.0
2018-05-28,2018-06-18,4,bed_bath_table,South,13.0,8.583773029402039,last_week,27.0
2018-05-28,2018-05-28,1,bed_bath_table,Southeast,110.0,42.82150346987235,last_week,110.0
2018-05-28,2018-06-04,2,bed_bath_table,Southeast,110.0,42.82150346987235,last_week,162.0
2018-05-28,2018-06-11,3,bed_bath_table,Southeast,110.0,42.82150346987235,last_week,159.0
2018-05-28,2018-06-18,4,bed_bath_table,Southeast,110.0,42.82150346987235,last_week,158.0
2018-05-28,2018-05-28,1,computers_accessories,Central-West,4.0,4.827457698011134,last_week,2.0
2018-05-28,2018-06-04,2,computers_accessories,Central-West,4.0,4.827457698011134,last_week,1.0
2018-05-28,2018-06-11,3,computers_accessories,Central-West,4.0,4.827457698011134,last_week,5.0
2018-05-28,2018-06-18,4,computers_accessories,Central-West,4.0,4.827457698011134,last_week,7.0
2018-05-28,2018-05-28,1,computers_accessories,North,1.0,2.651223398215695,last_week,0.0
2018-05-28,2018-06-04,2,computers_accessories,North,1.0,2.651223398215695,last_week,3.0
2018-05-28,2018-06-11,3,computers_accessories,North,1.0,2.651223398215695,last_week,3.0
2018-05-28,2018-06-18,4,computers_accessories,North,1.0,2.651223398215695,last_week,0.0
2018-05-28,2018-05-28,1,computers_accessories,Northeast,11.0,6.60807586719967,last_week,7.0
2018-05-28,2018-06-04,2,computers_accessories,Northeast,11.0,6.60807586719967,last_week,16.0
2018-05-28,2018-06-11,3,computers_accessories,Northeast,11.0,6.60807586719967,last_week,10.0
2018-05-28,2018-06-18,4,computers_accessories,Northeast,11.0,6.60807586719967,last_week,9.0
2018-05-28,2018-05-28,1,computers_accessories,South,12.0,8.22421310274851,last_week,5.0
2018-05-28,2018-06-04,2,computers_accessories,South,12.0,8.22421310274851,last_week,13.0
2018-05-28,2018-06-11,3,computers_accessories,South,12.0,8.22421310274851,last_week,13.0
2018-05-28,2018-06-18,4,computers_accessories,South,12.0,8.22421310274851,last_week,19.0
2018-05-28,2018-05-28,1,computers_accessories,Southeast,45.0,24.810878866838383,last_week,37.0
2018-05-28,2018-06-04,2,computers_accessories,Southeast,45.0,24.810878866838383,last_week,79.0
2018-05-28,2018-06-11,3,computers_accessories,Southeast,45.0,24.810878866838383,last_week,50.0
2018-05-28,2018-06-18,4,computers_accessories,Southeast,45.0,24.810878866838383,last_week,71.0
2018-05-28,2018-05-28,1,furniture_decor,Central-West,8.0,4.857386426726901,last_week,7.0
2018-05-28,2018-06-04,2,furniture_decor,Central-West,8.0,4.857386426726901,last_week,4.0
2018-05-28,2018-06-11,3,furniture_decor,Central-West,8.0,4.857386426726901,last_week,8.0
2018-05-28,2018-06-18,4,furniture_decor,Central-West,8.0,4.857386426726901,last_week,6.0
2018-05-28,2018-05-28,1,furniture_decor,North,1.0,2.190228629452953,last_week,0.0
2018-05-28,2018-06-04,2,furniture_decor,North,1.0,2.190228629452953,last_week,6.0
2018-05-28,2018-06-11,3,furniture_decor,North,1.0,2.190228629452953,last_week,0.0
2018-05-28,2018-06-18,4,furniture_decor,North,1.0,2.190228629452953,last_week,0.0
2018-05-28,2018-05-28,1,furniture_decor,Northeast,4.0,6.15029161556765,last_week,8.0
2018-05-28,2018-06-04,2,furniture_decor,Northeast,4.0,6.15029161556765,last_week,2.0
2018-05-28,2018-06-11,3,furniture_decor,Northeast,4.0,6.15029161556765,last_week,5.0
2018-05-28,2018-06-18,4,furniture_decor,Northeast,4.0,6.15029161556765,last_week,7.0
2018-05-28,2018-05-28,1,furniture_decor,South,5.0,10.666893113538364,last_week,13.0
2018-05-28,2018-06-04,2,furniture_decor,South,5.0,10.666893113538364,last_week,17.0
2018-05-28,2018-06-11,3,furniture_decor,South,5.0,10.666893113538364,last_week,20.0
2018-05-28,2018-06-18,4,furniture_decor,South,5.0,10.666893113538364,last_week,22.0
2018-05-28,2018-05-28,1,furniture_decor,Southeast,66.0,30.761589073369414,last_week,60.0
2018-05-28,2018-06-04,2,furniture_decor,Southeast,66.0,30.761589073369414,last_week,39.0
2018-05-28,2018-06-11,3,furniture_decor,Southeast,66.0,30.761589073369414,last_week,67.0
2018-05-28,2018-06-18,4,furniture_decor,Southeast,66.0,30.761589073369414,last_week,52.0
2018-05-28,2018-05-28,1,garden_tools,Central-West,1.0,4.774631027553371,last_week,0.0
2018-05-28,2018-06-04,2,garden_tools,Central-West,1.0,4.774631027553371,last_week,2.0
2018-05-28,2018-06-11,3,garden_tools,Central-West,1.0,4.774631027553371,last_week,1.0
2018-05-28,2018-06-18,4,garden_tools,Central-West,1.0,4.774631027553371,last_week,0.0
2018-05-28,2018-05-28,1,garden_tools,North,0.0,1.6724537211161816,last_week,0.0
2018-05-28,2018-06-04,2,garden_tools,North,0.0,1.6724537211161816,last_week,1.0
2018-05-28,2018-06-11,3,garden_tools,North,0.0,1.6724537211161816,last_week,3.0
2018-05-28,2018-06-18,4,garden_tools,North,0.0,1.6724537211161816,last_week,0.0
2018-05-28,2018-05-28,1,garden_tools,Northeast,2.0,6.3508529610858835,last_week,6.0
2018-05-28,2018-06-04,2,garden_tools,Northeast,2.0,6.3508529610858835,last_week,0.0
2018-05-28,2018-06-11,3,garden_tools,Northeast,2.0,6.3508529610858835,last_week,4.0
2018-05-28,2018-06-18,4,garden_tools,Northeast,2.0,6.3508529610858835,last_week,2.0
2018-05-28,2018-05-28,1,garden_tools,South,12.0,5.900135100393765,last_week,2.0
2018-05-28,2018-06-04,2,garden_tools,South,12.0,5.900135100393765,last_week,8.0
2018-05-28,2018-06-11,3,garden_tools,South,12.0,5.900135100393765,last_week,5.0
2018-05-28,2018-06-18,4,garden_tools,South,12.0,5.900135100393765,last_week,3.0
2018-05-28,2018-05-28,1,garden_tools,Southeast,30.0,25.815398168703414,last_week,20.0
2018-05-28,2018-06-04,2,garden_tools,Southeast,30.0,25.815398168703414,last_week,36.0
2018-05-28,2018-06-11,3,garden_tools,Southeast,30.0,25.815398168703414,last_week,29.0
2018-05-28,2018-06-18,4,garden_tools,Southeast,30.0,25.815398168703414,last_week,25.0
2018-05-28,2018-05-28,1,health_beauty,Central-West,4.0,5.017361163348545,last_week,6.0
2018-05-28,2018-06-04,2,health_beauty,Central-West,4.0,5.017361163348545,last_week,14.0
2018-05-28,2018-06-11,3,health_beauty,Central-West,4.0,5.017361163348545,last_week,13.0
2018-05-28,2018-06-18,4,health_beauty,Central-West,4.0,5.017361163348545,last_week,10.0
2018-05-28,2018-05-28,1,health_beauty,North,1.0,2.5366873297069255,last_week,1.0
2018-05-28,2018-06-04,2,health_beauty,North,1.0,2.5366873297069255,last_week,8.0
2018-05-28,2018-06-11,3,health_beauty,North,1.0,2.5366873297069255,last_week,3.0
2018-05-28,2018-06-18,4,health_beauty,North,1.0,2.5366873297069255,last_week,4.0
2018-05-28,2018-05-28,1,health_beauty,Northeast,8.0,6.146755948925593,last_week,15.0
2018-05-28,2018-06-04,2,health_beauty,Northeast,8.0,6.146755948925593,last_week,24.0
2018-05-28,2018-06-11,3,health_beauty,Northeast,8.0,6.146755948925593,last_week,22.0
2018-05-28,2018-06-18,4,health_beauty,Northeast,8.0,6.146755948925593,last_week,19.0
2018-05-28,2018-05-28,1,health_beauty,South,7.0,6.674632921568134,last_week,11.0
2018-05-28,2018-06-04,2,health_beauty,South,7.0,6.674632921568134,last_week,17.0
2018-05-28,2018-06-11,3,health_beauty,South,7.0,6.674632921568134,last_week,18.0
2018-05-28,2018-06-18,4,health_beauty,South,7.0,6.674632921568134,last_week,23.0
2018-05-28,2018-05-28,1,health_beauty,Southeast,78.0,20.96339114065141,last_week,80.0
2018-05-28,2018-06-04,2,health_beauty,Southeast,78.0,20.96339114065141,last_week,134.0
2018-05-28,2018-06-11,3,health_beauty,Southeast,78.0,20.96339114065141,last_week,167.0
2018-05-28,2018-06-18,4,health_beauty,Southeast,78.0,20.96339114065141,last_week,171.0
2018-05-28,2018-05-28,1,housewares,Central-West,0.0,3.567161011386985,last_week,4.0
2018-05-28,2018-06-04,2,housewares,Central-West,0.0,3.567161011386985,last_week,10.0
2018-05-28,2018-06-11,3,housewares,Central-West,0.0,3.567161011386985,last_week,8.0
2018-05-28,2018-06-18,4,housewares,Central-West,0.0,3.567161011386985,last_week,9.0
2018-05-28,2018-05-28,1,housewares,North,1.0,1.7152343820910443,last_week,1.0
2018-05-28,2018-06-04,2,housewares,North,1.0,1.7152343820910443,last_week,0.0
2018-05-28,2018-06-11,3,housewares,North,1.0,1.7152343820910443,last_week,3.0
2018-05-28,2018-06-18,4,housewares,North,1.0,1.7152343820910443,last_week,2.0
2018-05-28,2018-05-28,1,housewares,Northeast,4.0,3.8692395238281154,last_week,6.0
2018-05-28,2018-06-04,2,housewares,Northeast,4.0,3.8692395238281154,last_week,4.0
2018-05-28,2018-06-11,3,housewares,Northeast,4.0,3.8692395238281154,last_week,5.0
2018-05-28,2018-06-18,4,housewares,Northeast,4.0,3.8692395238281154,last_week,6.0
2018-05-28,2018-05-28,1,housewares,South,10.0,6.906203890265118,last_week,11.0
2018-05-28,2018-06-04,2,housewares,South,10.0,6.906203890265118,last_week,26.0
2018-05-28,2018-06-11,3,housewares,South,10.0,6.906203890265118,last_week,18.0
2018-05-28,2018-06-18,4,housewares,South,10.0,6.906203890265118,last_week,12.0
2018-05-28,2018-05-28,1,housewares,Southeast,67.0,19.694772351337665,last_week,102.0
2018-05-28,2018-06-04,2,housewares,Southeast,67.0,19.694772351337665,last_week,126.0
2018-05-28,2018-06-11,3,housewares,Southeast,67.0,19.694772351337665,last_week,96.0
2018-05-28,2018-06-18,4,housewares,Southeast,67.0,19.694772351337665,last_week,85.0
2018-05-28,2018-05-28,1,sports_leisure,Central-West,5.0,4.891578092178848,last_week,6.0
2018-05-28,2018-06-04,2,sports_leisure,Central-West,5.0,4.891578092178848,last_week,8.0
2018-05-28,2018-06-11,3,sports_leisure,Central-West,5.0,4.891578092178848,last_week,3.0
2018-05-28,2018-06-18,4,sports_leisure,Central-West,5.0,4.891578092178848,last_week,11.0
2018-05-28,2018-05-28,1,sports_leisure,North,0.0,2.359071298478354,last_week,3.0
2018-05-28,2018-06-04,2,sports_leisure,North,0.0,2.359071298478354,last_week,5.0
2018-05-28,2018-06-11,3,sports_leisure,North,0.0,2.359071298478354,last_week,3.0
2018-05-28,2018-06-18,4,sports_leisure,North,0.0,2.359071298478354,last_week,2.0
2018-05-28,2018-05-28,1,sports_leisure,Northeast,3.0,4.7196782007718046,last_week,5.0
2018-05-28,2018-06-04,2,sports_leisure,Northeast,3.0,4.7196782007718046,last_week,9.0
2018-05-28,2018-06-11,3,sports_leisure,Northeast,3.0,4.7196782007718046,last_week,11.0
2018-05-28,2018-06-18,4,sports_leisure,Northeast,3.0,4.7196782007718046,last_week,10.0
2018-05-28,2018-05-28,1,sports_leisure,South,5.0,7.6679268025506975,last_week,18.0
2018-05-28,2018-06-04,2,sports_leisure,South,5.0,7.6679268025506975,last_week,7.0
2018-05-28,2018-06-11,3,sports_leisure,South,5.0,7.6679268025506975,last_week,15.0
2018-05-28,2018-06-18,4,sports_leisure,South,5.0,7.6679268025506975,last_week,12.0
2018-05-28,2018-05-28,1,sports_leisure,Southeast,44.0,19.6914606667054,last_week,52.0
2018-05-28,2018-06-04,2,sports_leisure,Southeast,44.0,19.6914606667054,last_week,49.0
2018-05-28,2018-06-11,3,sports_leisure,Southeast,44.0,19.6914606667054,last_week,80.0
2018-05-28,2018-06-18,4,sports_leisure,Southeast,44.0,19.6914606667054,last_week,72.0
2018-05-28,2018-05-28,1,telephony,Central-West,2.0,3.2100386019621254,last_week,2.0
2018-05-28,2018-06-04,2,telephony,Central-West,2.0,3.2100386019621254,last_week,1.0
2018-05-28,2018-06-11,3,telephony,Central-West,2.0,3.2100386019621254,last_week,4.0
2018-05-28,2018-06-18,4,telephony,Central-West,2.0,3.2100386019621254,last_week,17.0
2018-05-28,2018-05-28,1,telephony,North,2.0,2.2132669799727465,last_week,3.0
2018-05-28,2018-06-04,2,telephony,North,2.0,2.2132669799727465,last_week,3.0
2018-05-28,2018-06-11,3,telephony,North,2.0,2.2132669799727465,last_week,0.0
2018-05-28,2018-06-18,4,telephony,North,2.0,2.2132669799727465,last_week,0.0
2018-05-28,2018-05-28,1,telephony,Northeast,1.0,5.942965638442658,last_week,8.0
2018-05-28,2018-06-04,2,telephony,Northeast,1.0,5.942965638442658,last_week,7.0
2018-05-28,2018-06-11,3,telephony,Northeast,1.0,5.942965638442658,last_week,8.0
2018-05-28,2018-06-18,4,telephony,Northeast,1.0,5.942965638442658,last_week,7.0
2018-05-28,2018-05-28,1,telephony,South,7.0,5.30108001027737,last_week,8.0
2018-05-28,2018-06-04,2,telephony,South,7.0,5.30108001027737,last_week,7.0
2018-05-28,2018-06-11,3,telephony,South,7.0,5.30108001027737,last_week,7.0
2018-05-28,2018-06-18,4,telephony,South,7.0,5.30108001027737,last_week,9.0
2018-05-28,2018-05-28,1,telephony,Southeast,27.0,12.068043800029079,last_week,20.0
2018-05-28,2018-06-04,2,telephony,Southeast,27.0,12.068043800029079,last_week,27.0
2018-05-28,2018-06-11,3,telephony,Southeast,27.0,12.068043800029079,last_week,43.0
2018-05-28,2018-06-18,4,telephony,Southeast,27.0,12.068043800029079,last_week,26.0
2018-05-28,2018-05-28,1,watches_gifts,Central-West,3.0,3.0216609311120095,last_week,7.0
2018-05-28,2018-06-04,2,watches_gifts,Central-West,3.0,3.0216609311120095,last_week,5.0
2018-05-28,2018-06-11,3,watches_gifts,Central-West,3.0,3.0216609311120095,last_week,9.0
2018-05-28,2018-06-18,4,watches_gifts,Central-West,3.0,3.0216609311120095,last_week,7.0
2018-05-28,2018-05-28,1,watches_gifts,North,0.0,1.8494025670665821,last_week,1.0
2018-05-28,2018-06-04,2,watches_gifts,North,0.0,1.8494025670665821,last_week,1.0
2018-05-28,2018-06-11,3,watches_gifts,North,0.0,1.8494025670665821,last_week,3.0
2018-05-28,2018-06-18,4,watches_gifts,North,0.0,1.8494025670665821,last_week,2.0
2018-05-28,2018-05-28,1,watches_gifts,Northeast,7.0,5.043290851090749,last_week,11.0
2018-05-28,2018-06-04,2,watches_gifts,Northeast,7.0,5.043290851090749,last_week,13.0
2018-05-28,2018-06-11,3,watches_gifts,Northeast,7.0,5.043290851090749,last_week,18.0
2018-05-28,2018-06-18,4,watches_gifts,Northeast,7.0,5.043290851090749,last_week,17.0
2018-05-28,2018-05-28,1,watches_gifts,South,5.0,5.7797748313796165,last_week,4.0
2018-05-28,2018-06-04,2,watches_gifts,South,5.0,5.7797748313796165,last_week,9.0
2018-05-28,2018-06-11,3,watches_gifts,South,5.0,5.7797748313796165,last_week,15.0
2018-05-28,2018-06-18,4,watches_gifts,South,5.0,5.7797748313796165,last_week,12.0
2018-05-28,2018-05-28,1,watches_gifts,Southeast,47.0,17.804493814764857,last_week,67.0
2018-05-28,2018-06-04,2,watches_gifts,Southeast,47.0,17.804493814764857,last_week,63.0
2018-05-28,2018-06-11,3,watches_gifts,Southeast,47.0,17.804493814764857,last_week,91.0
2018-05-28,2018-06-18,4,watches_gifts,Southeast,47.0,17.804493814764857,last_week,79.0
2018-05-28,2018-05-28,1,auto,Central-West,4.25,3.653343713621136,moving_average,4.0
2018-05-28,2018-06-04,2,auto,Central-West,4.3125,3.653343713621136,moving_average,8.0
2018-05-28,2018-06-11,3,auto,Central-West,4.140625,3.653343713621136,moving_average,2.0
2018-05-28,2018-06-18,4,auto,Central-West,3.42578125,3.653343713621136,moving_average,4.0
2018-05-28,2018-05-28,1,auto,North,0.75,1.1550926934384023,moving_average,0.0
2018-05-28,2018-06-04,2,auto,North,0.6875,1.1550926934384023,moving_average,3.0
2018-05-28,2018-06-11,3,auto,North,0.359375,1.1550926934384023,moving_average,0.0
2018-05-28,2018-06-18,4,auto,North,0.44921875,1.1550926934384023,moving_average,0.0
2018-05-28,2018-05-28,1,auto,Northeast,4.75,2.6763862722448843,moving_average,7.0
2018-05-28,2018-06-04,2,auto,Northeast,4.6875,2.6763862722448843,moving_average,6.0
2018-05-28,2018-06-11,3,auto,Northeast,3.609375,2.6763862722448843,moving_average,6.0
2018-05-28,2018-06-18,4,auto,Northeast,3.76171875,2.6763862722448843,moving_average,9.0
2018-05-28,2018-05-28,1,auto,South,10.25,3.5884274542204273,moving_average,6.0
2018-05-28,2018-06-04,2,auto,South,10.0625,3.5884274542204273,moving_average,17.0
2018-05-28,2018-06-11,3,auto,South,9.578125,3.5884274542204273,moving_average,11.0
2018-05-28,2018-06-18,4,auto,South,8.47265625,3.5884274542204273,moving_average,11.0
2018-05-28,2018-05-28,1,auto,Southeast,56.0,12.767854790137182,moving_average,24.0
2018-05-28,2018-06-04,2,auto,Southeast,55.5,12.767854790137182,moving_average,45.0
2018-05-28,2018-06-11,3,auto,Southeast,53.375,12.767854790137182,moving_average,39.0
2018-05-28,2018-06-18,4,auto,Southeast,48.71875,12.767854790137182,moving_average,50.0
2018-05-28,2018-05-28,1,bed_bath_table,Central-West,7.25,4.643153757048565,moving_average,4.0
2018-05-28,2018-06-04,2,bed_bath_table,Central-West,5.8125,4.643153757048565,moving_average,7.0
2018-05-28,2018-06-11,3,bed_bath_table,Central-West,5.765625,4.643153757048565,moving_average,2.0
2018-05-28,2018-06-18,4,bed_bath_table,Central-West,5.70703125,4.643153757048565,moving_average,6.0
2018-05-28,2018-05-28,1,bed_bath_table,North,0.5,1.2165822881203376,moving_average,0.0
2018-05-28,2018-06-04,2,bed_bath_table,North,0.375,1.2165822881203376,moving_average,0.0
2018-05-28,2018-06-11,3,bed_bath_table,North,0.46875,1.2165822881203376,moving_average,0.0
2018-05-28,2018-06-18,4,bed_bath_table,North,0.5859375,1.2165822881203376,moving_average,1.0
2018-05-28,2018-05-28,1,bed_bath_table,Northeast,8.25,3.693536265549255,moving_average,5.0
2018-05-28,2018-06-04,2,bed_bath_table,Northeast,7.5625,3.693536265549255,moving_average,6.0
2018-05-28,2018-06-11,3,bed_bath_table,Northeast,7.703125,3.693536265549255,moving_average,10.0
2018-05-28,2018-06-18,4,bed_bath_table,Northeast,7.12890625,3.693536265549255,moving_average,2.0
2018-05-28,2018-05-28,1,bed_bath_table,South,21.0,7.495469646219061,moving_average,14.0
2018-05-28,2018-06-04,2,bed_bath_table,South,20.25,7.495469646219061,moving_average,24.0
2018-05-28,2018-06-11,3,bed_bath_table,South,19.5625,7.495469646219061,moving_average,12.0
2018-05-28,2018-06-18,4,bed_bath_table,South,18.453125,7.495469646219061,moving_average,27.0
2018-05-28,2018-05-28,1,bed_bath_table,Southeast,138.5,41.2254098862565,moving_average,110.0
2018-05-28,2018-06-04,2,bed_bath_table,Southeast,138.625,41.2254098862565,moving_average,162.0
2018-05-28,2018-06-11,3,bed_bath_table,Southeast,141.28125,41.2254098862565,moving_average,159.0
2018-05-28,2018-06-18,4,bed_bath_table,Southeast,132.1015625,41.2254098862565,moving_average,158.0
2018-05-28,2018-05-28,1,computers_accessories,Central-West,7.0,4.04973608014653,moving_average,2.0
2018-05-28,2018-06-04,2,computers_accessories,Central-West,7.5,4.04973608014653,moving_average,1.0
2018-05-28,2018-06-11,3,computers_accessories,Central-West,5.625,4.04973608014653,moving_average,5.0
2018-05-28,2018-06-18,4,computers_accessories,Central-West,6.03125,4.04973608014653,moving_average,7.0
2018-05-28,2018-05-28,1,computers_accessories,North,2.5,2.0126412093766635,moving_average,0.0
2018-05-28,2018-06-04,2,computers_accessories,North,2.375,2.0126412093766635,moving_average,3.0
2018-05-28,2018-06-11,3,computers_accessories,North,2.21875,2.0126412093766635,moving_average,3.0
2018-05-28,2018-06-18,4,computers_accessories,North,2.0234375,2.0126412093766635,moving_average,0.0
2018-05-28,2018-05-28,1,computers_accessories,Northeast,13.25,5.116664306282796,moving_average,7.0
2018-05-28,2018-06-04,2,computers_accessories,Northeast,12.3125,5.116664306282796,moving_average,16.0
2018-05-28,2018-06-11,3,computers_accessories,Northeast,12.140625,5.116664306282796,moving_average,10.0
2018-05-28,2018-06-18,4,computers_accessories,Northeast,12.17578125,5.116664306282796,moving_average,9.0
2018-05-28,2018-05-28,1,computers_accessories,South,14.75,9.051883461628224,moving_average,5.0
2018-05-28,2018-06-04,2,computers_accessories,South,15.1875,9.051883461628224,moving_average,13.0
2018-05-28,2018-06-11,3,computers_accessories,South,13.734375,9.051883461628224,moving_average,13.0
2018-05-28,2018-06-18,4,computers_accessories,South,13.91796875,9.051883461628224,moving_average,19.0
2018-05-28,2018-05-28,1,computers_accessories,Southeast,73.5,27.99019626505898,moving_average,37.0
2018-05-28,2018-06-04,2,computers_accessories,Southeast,74.875,27.99019626505898,moving_average,79.0
2018-05-28,2018-06-11,3,computers_accessories,Southeast,72.84375,27.99019626505898,moving_average,50.0
2018-05-28,2018-06-18,4,computers_accessories,Southeast,66.5546875,27.99019626505898,moving_average,71.0
2018-05-28,2018-05-28,1,furniture_decor,Central-West,9.75,3.834199650060197,moving_average,7.0
2018-05-28,2018-06-04,2,furniture_decor,Central-West,10.4375,3.834199650060197,moving_average,4.0
2018-05-28,2018-06-11,3,furniture_decor,Central-West,10.296875,3.834199650060197,moving_average,8.0
2018-05-28,2018-06-18,4,furniture_decor,Central-West,9.62109375,3.834199650060197,moving_average,6.0
2018-05-28,2018-05-28,1,furniture_decor,North,3.0,1.6010639578422372,moving_average,0.0
2018-05-28,2018-06-04,2,furniture_decor,North,2.75,1.6010639578422372,moving_average,6.0
2018-05-28,2018-06-11,3,furniture_decor,North,2.9375,1.6010639578422372,moving_average,0.0
2018-05-28,2018-06-18,4,furniture_decor,North,2.421875,1.6010639578422372,moving_average,0.0
2018-05-28,2018-05-28,1,furniture_decor,Northeast,9.25,5.5362769366100695,moving_average,8.0
2018-05-28,2018-06-04,2,furniture_decor,Northeast,9.3125,5.5362769366100695,moving_average,2.0
2018-05-28,2018-06-11,3,furniture_decor,Northeast,7.140625,5.5362769366100695,moving_average,5.0
2018-05-28,2018-06-18,4,furniture_decor,Northeast,7.42578125,5.5362769366100695,moving_average,7.0
2018-05-28,2018-05-28,1,furniture_decor,South,25.75,9.702550837466568,moving_average,13.0
2018-05-28,2018-06-04,2,furniture_decor,South,22.9375,9.702550837466568,moving_average,17.0
2018-05-28,2018-06-11,3,furniture_decor,South,22.671875,9.702550837466568,moving_average,20.0
2018-05-28,2018-06-18,4,furniture_decor,South,19.08984375,9.702550837466568,moving_average,22.0
2018-05-28,2018-05-28,1,furniture_decor,Southeast,96.5,34.02130619718059,moving_average,60.0
2018-05-28,2018-06-04,2,furniture_decor,Southeast,99.625,34.02130619718059,moving_average,39.0
2018-05-28,2018-06-11,3,furniture_decor,Southeast,94.28125,34.02130619718059,moving_average,67.0
2018-05-28,2018-06-18,4,furniture_decor,Southeast,89.1015625,34.02130619718059,moving_average,52.0
2018-05-28,2018-05-28,1,garden_tools,Central-West,4.75,3.8396293601320957,moving_average,0.0
2018-05-28,2018-06-04,2,garden_tools,Central-West,3.9375,3.8396293601320957,moving_average,2.0
2018-05-28,2018-06-11,3,garden_tools,Central-West,3.921875,3.8396293601320957,moving_average,1.0
2018-05-28,2018-06-18,4,garden_tools,Central-West,3.40234375,3.8396293601320957,moving_average,0.0
2018-05-28,2018-05-28,1,garden_tools,North,1.25,1.25,moving_average,0.0
2018-05-28,2018-06-04,2,garden_tools,North,0.8125,1.25,moving_average,1.0
2018-05-28,2018-06-11,3,garden_tools,North,1.015625,1.25,moving_average,3.0
2018-05-28,2018-06-18,4,garden_tools,North,0.76953125,1.25,moving_average,0.0
2018-05-28,2018-05-28,1,garden_tools,Northeast,4.0,4.917157921908296,moving_average,6.0
2018-05-28,2018-06-04,2,garden_tools,Northeast,2.75,4.917157921908296,moving_average,0.0
2018-05-28,2018-06-11,3,garden_tools,Northeast,2.4375,4.917157921908296,moving_average,4.0
2018-05-28,2018-06-18,4,garden_tools,Northeast,2.796875,4.917157921908296,moving_average,2.0
2018-05-28,2018-05-28,1,garden_tools,South,9.75,5.60117741245509,moving_average,2.0
2018-05-28,2018-06-04,2,garden_tools,South,10.1875,5.60117741245509,moving_average,8.0
2018-05-28,2018-06-11,3,garden_tools,South,10.734375,5.60117741245509,moving_average,5.0
2018-05-28,2018-06-18,4,garden_tools,South,10.66796875,5.60117741245509,moving_average,3.0
2018-05-28,2018-05-28,1,garden_tools,Southeast,53.0,22.0958673754271,moving_average,20.0
2018-05-28,2018-06-04,2,garden_tools,Southeast,49.0,22.0958673754271,moving_average,36.0
2018-05-28,2018-06-11,3,garden_tools,Southeast,49.75,22.0958673754271,moving_average,29.0
2018-05-28,2018-06-18,4,garden_tools,Southeast,45.4375,22.0958673754271,moving_average,25.0
2018-05-28,2018-05-28,1,health_beauty,Central-West,10.75,4.405612362640984,moving_average,6.0
2018-05-28,2018-06-04,2,health_beauty,Central-West,9.9375,4.405612362640984,moving_average,14.0
2018-05-28,2018-06-11,3,health_beauty,Central-West,7.671875,4.405612362640984,moving_average,13.0
2018-05-28,2018-06-18,4,health_beauty,Central-West,8.08984375,4.405612362640984,moving_average,10.0
2018-05-28,2018-05-28,1,health_beauty,North,1.75,2.1131918299446757,moving_average,1.0
2018-05-28,2018-06-04,2,health_beauty,North,1.1875,2.1131918299446757,moving_average,8.0
2018-05-28,2018-06-11,3,health_beauty,North,1.484375,2.1131918299446757,moving_average,3.0
2018-05-28,2018-06-18,4,health_beauty,North,1.35546875,2.1131918299446757,moving_average,4.0
2018-05-28,2018-05-28,1,health_beauty,Northeast,16.0,5.648601853428043,moving_average,15.0
2018-05-28,2018-06-04,2,health_beauty,Northeast,15.75,5.648601853428043,moving_average,24.0
2018-05-28,2018-06-11,3,health_beauty,Northeast,12.1875,5.648601853428043,moving_average,22.0
2018-05-28,2018-06-18,4,health_beauty,Northeast,12.984375,5.648601853428043,moving_average,19.0
2018-05-28,2018-05-28,1,health_beauty,South,19.0,6.876893678592586,moving_average,11.0
2018-05-28,2018-06-04,2,health_beauty,South,16.5,6.876893678592586,moving_average,17.0
2018-05-28,2018-06-11,3,health_beauty,South,12.875,6.876893678592586,moving_average,18.0
2018-05-28,2018-06-18,4,health_beauty,South,13.84375,6.876893678592586,moving_average,23.0
2018-05-28,2018-05-28,1,health_beauty,Southeast,138.5,23.99441360104412,moving_average,80.0
2018-05-28,2018-06-04,2,health_beauty,Southeast,131.375,23.99441360104412,moving_average,134.0
2018-05-28,2018-06-11,3,health_beauty,Southeast,122.96875,23.99441360104412,moving_average,167.0
2018-05-28,2018-06-18,4,health_beauty,Southeast,117.7109375,23.99441360104412,moving_average,171.0
2018-05-28,2018-05-28,1,housewares,Central-West,6.25,3.213141043016761,moving_average,4.0
2018-05-28,2018-06-04,2,housewares,Central-West,5.3125,3.213141043016761,moving_average,10.0
2018-05-28,2018-06-11,3,housewares,Central-West,3.890625,3.213141043016761,moving_average,8.0
2018-05-28,2018-06-18,4,housewares,Central-West,3.86328125,3.213141043016761,moving_average,9.0
2018-05-28,2018-05-28,1,housewares,North,1.0,1.2543402908371362,moving_average,1.0
2018-05-28,2018-06-04,2,housewares,North,1.0,1.2543402908371362,moving_average,0.0
2018-05-28,2018-06-11,3,housewares,North,0.75,1.2543402908371362,moving_average,3.0
2018-05-28,2018-06-18,4,housewares,North,0.9375,1.2543402908371362,moving_average,2.0
2018-05-28,2018-05-28,1,housewares,Northeast,9.75,3.185821169139776,moving_average,6.0
2018-05-28,2018-06-04,2,housewares,Northeast,9.4375,3.185821169139776,moving_average,4.0
2018-05-28,2018-06-11,3,housewares,Northeast,10.296875,3.185821169139776,moving_average,5.0
2018-05-28,2018-06-18,4,housewares,Northeast,8.37109375,3.185821169139776,moving_average,6.0
2018-05-28,2018-05-28,1,housewares,South,22.75,5.476481336231044,moving_average,11.0
2018-05-28,2018-06-04,2,housewares,South,22.1875,5.476481336231044,moving_average,26.0
2018-05-28,2018-06-11,3,housewares,South,20.984375,5.476481336231044,moving_average,18.0
2018-05-28,2018-06-18,4,housewares,South,18.98046875,5.476481336231044,moving_average,12.0
2018-05-28,2018-05-28,1,housewares,Southeast,102.5,19.870504687142173,moving_average,102.0
2018-05-28,2018-06-04,2,housewares,Southeast,105.375,19.870504687142173,moving_average,126.0
2018-05-28,2018-06-11,3,housewares,Southeast,100.21875,19.870504687142173,moving_average,96.0
2018-05-28,2018-06-18,4,housewares,Southeast,93.7734375,19.870504687142173,moving_average,85.0
2018-05-28,2018-05-28,1,sports_leisure,Central-West,7.0,3.9851399699019536,moving_average,6.0
2018-05-28,2018-06-04,2,sports_leisure,Central-West,6.25,3.9851399699019536,moving_average,8.0
2018-05-28,2018-06-11,3,sports_leisure,Central-West,6.8125,3.9851399699019536,moving_average,3.0
2018-05-28,2018-06-18,4,sports_leisure,Central-West,6.265625,3.9851399699019536,moving_average,11.0
2018-05-28,2018-05-28,1,sports_leisure,North,1.0,1.902991542701702,moving_average,3.0
2018-05-28,2018-06-04,2,sports_leisure,North,0.75,1.902991542701702,moving_average,5.0
2018-05-28,2018-06-11,3,sports_leisure,North,0.4375,1.902991542701702,moving_average,3.0
2018-05-28,2018-06-18,4,sports_leisure,North,0.546875,1.902991542701702,moving_average,2.0
2018-05-28,2018-05-28,1,sports_leisure,Northeast,5.5,4.531092263621352,moving_average,5.0
2018-05-28,2018-06-04,2,sports_leisure,Northeast,5.375,4.531092263621352,moving_average,9.0
2018-05-28,2018-06-11,3,sports_leisure,Northeast,4.46875,4.531092263621352,moving_average,11.0
2018-05-28,2018-06-18,4,sports_leisure,Northeast,4.5859375,4.531092263621352,moving_average,10.0
2018-05-28,2018-05-28,1,sports_leisure,South,15.0,7.012928020469756,moving_average,18.0
2018-05-28,2018-06-04,2,sports_leisure,South,15.5,7.012928020469756,moving_average,7.0
2018-05-28,2018-06-11,3,sports_leisure,South,12.875,7.012928020469756,moving_average,15.0
2018-05-28,2018-06-18,4,sports_leisure,South,12.09375,7.012928020469756,moving_average,12.0
2018-05-28,2018-05-28,1,sports_leisure,Southeast,88.0,21.280966354597417,moving_average,52.0
2018-05-28,2018-06-04,2,sports_leisure,Southeast,85.25,21.280966354597417,moving_average,49.0
2018-05-28,2018-06-11,3,sports_leisure,Southeast,80.3125,21.280966354597417,moving_average,80.0
2018-05-28,2018-06-18,4,sports_leisure,Southeast,74.390625,21.280966354597417,moving_average,72.0
2018-05-28,2018-05-28,1,telephony,Central-West,2.5,2.572675537313218,moving_average,2.0
2018-05-28,2018-06-04,2,telephony,Central-West,2.625,2.572675537313218,moving_average,1.0
2018-05-28,2018-06-11,3,telephony,Central-West,1.78125,2.572675537313218,moving_average,4.0
2018-05-28,2018-06-18,4,telephony,Central-West,2.2265625,2.572675537313218,moving_average,17.0
2018-05-28,2018-05-28,1,telephony,North,1.5,2.003167781145726,moving_average,3.0
2018-05-28,2018-06-04,2,telephony,North,1.875,2.003167781145726,moving_average,3.0
2018-05-28,2018-06-11,3,telephony,North,1.84375,2.003167781145726,moving_average,0.0
2018-05-28,2018-06-18,4,telephony,North,1.8046875,2.003167781145726,moving_average,0.0
2018-05-28,2018-05-28,1,telephony,Northeast,8.25,5.167747666249677,moving_average,8.0
2018-05-28,2018-06-04,2,telephony,Northeast,8.8125,5.167747666249677,moving_average,7.0
2018-05-28,2018-06-11,3,telephony,Northeast,6.765625,5.167747666249677,moving_average,8.0
2018-05-28,2018-06-18,4,telephony,Northeast,6.20703125,5.167747666249677,moving_average,7.0
2018-05-28,2018-05-28,1,telephony,South,9.0,4.790634734502338,moving_average,8.0
2018-05-28,2018-06-04,2,telephony,South,7.5,4.790634734502338,moving_average,7.0
2018-05-28,2018-06-11,3,telephony,South,7.875,4.790634734502338,moving_average,7.0
2018-05-28,2018-06-18,4,telephony,South,7.84375,4.790634734502338,moving_average,9.0
2018-05-28,2018-05-28,1,telephony,Southeast,38.5,12.151705611779867,moving_average,20.0
2018-05-28,2018-06-04,2,telephony,Southeast,39.125,12.151705611779867,moving_average,27.0
2018-05-28,2018-06-11,3,telephony,Southeast,36.65625,12.151705611779867,moving_average,43.0
2018-05-28,2018-06-18,4,telephony,Southeast,35.3203125,12.151705611779867,moving_average,26.0
2018-05-28,2018-05-28,1,watches_gifts,Central-West,8.0,2.7732874334273028,moving_average,7.0
2018-05-28,2018-06-04,2,watches_gifts,Central-West,7.0,2.7732874334273028,moving_average,5.0
2018-05-28,2018-06-11,3,watches_gifts,Central-West,5.75,2.7732874334273028,moving_average,9.0
2018-05-28,2018-06-18,4,watches_gifts,Central-West,5.9375,2.7732874334273028,moving_average,7.0
2018-05-28,2018-05-28,1,watches_gifts,North,1.75,1.4823844872758019,moving_average,1.0
2018-05-28,2018-06-04,2,watches_gifts,North,1.6875,1.4823844872758019,moving_average,1.0
2018-05-28,2018-06-11,3,watches_gifts,North,1.109375,1.4823844872758019,moving_average,3.0
2018-05-28,2018-06-18,4,watches_gifts,North,1.13671875,1.4823844872758019,moving_average,2.0
2018-05-28,2018-05-28,1,watches_gifts,Northeast,20.75,4.816468578244582,moving_average,11.0
2018-05-28,2018-06-04,2,watches_gifts,Northeast,18.9375,4.816468578244582,moving_average,13.0
2018-05-28,2018-06-11,3,watches_gifts,Northeast,15.921875,4.816468578244582,moving_average,18.0
2018-05-28,2018-06-18,4,watches_gifts,Northeast,15.65234375,4.816468578244582,moving_average,17.0
2018-05-28,2018-05-28,1,watches_gifts,South,13.5,5.027370736452518,moving_average,4.0
2018-05-28,2018-06-04,2,watches_gifts,South,12.125,5.027370736452518,moving_average,9.0
2018-05-28,2018-06-11,3,watches_gifts,South,9.65625,5.027370736452518,moving_average,15.0
2018-05-28,2018-06-18,4,watches_gifts,South,10.0703125,5.027370736452518,moving_average,12.0
2018-05-28,2018-05-28,1,watches_gifts,Southeast,110.0,22.099454055818153,moving_average,67.0
2018-05-28,2018-06-04,2,watches_gifts,Southeast,100.0,22.099454055818153,moving_average,63.0
2018-05-28,2018-06-11,3,watches_gifts,Southeast,85.75,22.099454055818153,moving_average,91.0
2018-05-28,2018-06-18,4,watches_gifts,Southeast,85.6875,22.099454055818153,moving_average,79.0
2018-05-28,2018-05-28,1,auto,Central-West,1.8720730585669063,3.844203688153265,ridge,4.0
2018-05-28,2018-06-04,2,auto,Central-West,1.8603045168313894,3.844203688153265,ridge,8.0
2018-05-28,2018-06-11,3,auto,Central-West,1.3323021967164062,3.844203688153265,ridge,2.0
2018-05-28,2018-06-18,4,auto,Central-West,1.3410097578596591,3.844203688153265,ridge,4.0
2018-05-28,2018-05-28,1,auto,North,0.0,1.5472801896349344,ridge,0.0
2018-05-28,2018-06-04,2,auto,North,0.0,1.5472801896349344,ridge,3.0
2018-05-28,2018-06-11,3,auto,North,0.0,1.5472801896349344,ridge,0.0
2018-05-28,2018-06-18,4,auto,North,0.0,1.5472801896349344,ridge,0.0
2018-05-28,2018-05-28,1,auto,Northeast,3.413463945446325,2.8210718804275983,ridge,7.0
2018-05-28,2018-06-04,2,auto,Northeast,3.746466473735615,2.8210718804275983,ridge,6.0
2018-05-28,2018-06-11,3,auto,Northeast,3.1685911567500478,2.8210718804275983,ridge,6.0
2018-05-28,2018-06-18,4,auto,Northeast,3.189220259762836,2.8210718804275983,ridge,9.0
2018-05-28,2018-05-28,1,auto,South,7.322728179478679,3.7224168462061082,ridge,6.0
2018-05-28,2018-06-04,2,auto,South,7.972569147451926,3.7224168462061082,ridge,17.0
2018-05-28,2018-06-11,3,auto,South,7.80888219412024,3.7224168462061082,ridge,11.0
2018-05-28,2018-06-18,4,auto,South,7.451298400472419,3.7224168462061082,ridge,11.0
2018-05-28,2018-05-28,1,auto,Southeast,44.66234311890507,11.67050978076178,ridge,24.0
2018-05-28,2018-06-04,2,auto,Southeast,49.93440202893372,11.67050978076178,ridge,45.0
2018-05-28,2018-06-11,3,auto,Southeast,53.04002523432306,11.67050978076178,ridge,39.0
2018-05-28,2018-06-18,4,auto,Southeast,55.6325886317631,11.67050978076178,ridge,50.0
2018-05-28,2018-05-28,1,bed_bath_table,Central-West,6.890051066436887,4.755736821595982,ridge,4.0
2018-05-28,2018-06-04,2,bed_bath_table,Central-West,8.305293681683793,4.755736821595982,ridge,7.0
2018-05-28,2018-06-11,3,bed_bath_table,Central-West,8.903087011451781,4.755736821595982,ridge,2.0
2018-05-28,2018-06-18,4,bed_bath_table,Central-West,9.036983870905356,4.755736821595982,ridge,6.0
2018-05-28,2018-05-28,1,bed_bath_table,North,1.8302854062249683,2.093238833690216,ridge,0.0
2018-05-28,2018-06-04,2,bed_bath_table,North,2.253519269427036,2.093238833690216,ridge,0.0
2018-05-28,2018-06-11,3,bed_bath_table,North,2.299223570738989,2.093238833690216,ridge,0.0
2018-05-28,2018-06-18,4,bed_bath_table,North,2.406416490150905,2.093238833690216,ridge,1.0
2018-05-28,2018-05-28,1,bed_bath_table,Northeast,7.871681404928372,3.9244557214922926,ridge,5.0
2018-05-28,2018-06-04,2,bed_bath_table,Northeast,9.34058192556545,3.9244557214922926,ridge,6.0
2018-05-28,2018-06-11,3,bed_bath_table,Northeast,10.20546006354289,3.9244557214922926,ridge,10.0
2018-05-28,2018-06-18,4,bed_bath_table,Northeast,10.30335196656508,3.9244557214922926,ridge,2.0
2018-05-28,2018-05-28,1,bed_bath_table,South,18.350062374989385,7.2348006628711445,ridge,14.0
2018-05-28,2018-06-04,2,bed_bath_table,South,20.51057325347983,7.2348006628711445,ridge,24.0
2018-05-28,2018-06-11,3,bed_bath_table,South,22.023143471681728,7.2348006628711445,ridge,12.0
2018-05-28,2018-06-18,4,bed_bath_table,South,22.192570090847553,7.2348006628711445,ridge,27.0
2018-05-28,2018-05-28,1,bed_bath_table,Southeast,118.03043208928753,37.26658074458773,ridge,110.0
2018-05-28,2018-06-04,2,bed_bath_table,Southeast,120.33580901513041,37.26658074458773,ridge,162.0
2018-05-28,2018-06-11,3,bed_bath_table,Southeast,118.0082407570293,37.26658074458773,ridge,159.0
2018-05-28,2018-06-18,4,bed_bath_table,Southeast,120.01556715819073,37.26658074458773,ridge,158.0
2018-05-28,2018-05-28,1,computers_accessories,Central-West,5.323134970769626,4.115855887511115,ridge,2.0
2018-05-28,2018-06-04,2,computers_accessories,Central-West,5.109744505198314,4.115855887511115,ridge,1.0
2018-05-28,2018-06-11,3,computers_accessories,Central-West,5.639687744343682,4.115855887511115,ridge,5.0
2018-05-28,2018-06-18,4,computers_accessories,Central-West,6.017635554471951,4.115855887511115,ridge,7.0
2018-05-28,2018-05-28,1,computers_accessories,North,1.2967045481627117,2.239694276980626,ridge,0.0
2018-05-28,2018-06-04,2,computers_accessories,North,1.1251201764570453,2.239694276980626,ridge,3.0
2018-05-28,2018-06-11,3,computers_accessories,North,1.221239592772303,2.239694276980626,ridge,3.0
2018-05-28,2018-06-18,4,computers_accessories,North,1.2025930120783048,2.239694276980626,ridge,0.0
2018-05-28,2018-05-28,1,computers_accessories,Northeast,11.365093550424012,5.40205356081427,ridge,7.0
2018-05-28,2018-06-04,2,computers_accessories,Northeast,11.352439294187318,5.40205356081427,ridge,16.0
2018-05-28,2018-06-11,3,computers_accessories,Northeast,11.568606720928718,5.40205356081427,ridge,10.0
2018-05-28,2018-06-18,4,computers_accessories,Northeast,11.661066659322493,5.40205356081427,ridge,9.0
2018-05-28,2018-05-28,1,computers_accessories,South,13.192477872816724,8.283479975681193,ridge,5.0
2018-05-28,2018-06-04,2,computers_accessories,South,12.705166995533144,8.283479975681193,ridge,13.0
2018-05-28,2018-06-11,3,computers_accessories,South,13.331641052370687,8.283479975681193,ridge,13.0
2018-05-28,2018-06-18,4,computers_accessories,South,13.206988369689737,8.283479975681193,ridge,19.0
2018-05-28,2018-05-28,1,computers_accessories,Southeast,66.62168096996848,25.85969018007861,ridge,37.0
2018-05-28,2018-06-04,2,computers_accessories,Southeast,71.78994522121438,25.85969018007861,ridge,79.0
2018-05-28,2018-06-11,3,computers_accessories,Southeast,74.05916289786782,25.85969018007861,ridge,50.0
2018-05-28,2018-06-18,4,computers_accessories,Southeast,74.22583194765775,25.85969018007861,ridge,71.0
2018-05-28,2018-05-28,1,furniture_decor,Central-West,7.811499625152473,3.9853149679931357,ridge,7.0
2018-05-28,2018-06-04,2,furniture_decor,Central-West,7.5661517094656805,3.9853149679931357,ridge,4.0
2018-05-28,2018-06-11,3,furniture_decor,Central-West,7.708602658264543,3.9853149679931357,ridge,8.0
2018-05-28,2018-06-18,4,furniture_decor,Central-West,7.541060018063518,3.9853149679931357,ridge,6.0
2018-05-28,2018-05-28,1,furniture_decor,North,1.0231868330470153,1.880811068542595,ridge,0.0
2018-05-28,2018-06-04,2,furniture_decor,North,0.9621284476855578,1.880811068542595,ridge,6.0
2018-05-28,2018-06-11,3,furniture_decor,North,0.833860219529301,1.880811068542595,ridge,0.0
2018-05-28,2018-06-18,4,furniture_decor,North,0.9387107509377692,1.880811068542595,ridge,0.0
2018-05-28,2018-05-28,1,furniture_decor,Northeast,6.420930326719898,5.2476917664773435,ridge,8.0
2018-05-28,2018-06-04,2,furniture_decor,Northeast,6.66682153597756,5.2476917664773435,ridge,2.0
2018-05-28,2018-06-11,3,furniture_decor,Northeast,7.572116725360524,5.2476917664773435,ridge,5.0
2018-05-28,2018-06-18,4,furniture_decor,Northeast,8.083110759033506,5.2476917664773435,ridge,7.0
2018-05-28,2018-05-28,1,furniture_decor,South,15.539153509351973,9.107308599286206,ridge,13.0
2018-05-28,2018-06-04,2,furniture_decor,South,20.23941641991641,9.107308599286206,ridge,17.0
2018-05-28,2018-06-11,3,furniture_decor,South,21.867328507454552,9.107308599286206,ridge,20.0
2018-05-28,2018-06-18,4,furniture_decor,South,23.148333003552224,9.107308599286206,ridge,22.0
2018-05-28,2018-05-28,1,furniture_decor,Southeast,79.7192498453103,27.848038233706482,ridge,60.0
2018-05-28,2018-06-04,2,furniture_decor,Southeast,82.26314905879997,27.848038233706482,ridge,39.0
2018-05-28,2018-06-11,3,furniture_decor,Southeast,85.38319798325765,27.848038233706482,ridge,67.0
2018-05-28,2018-06-18,4,furniture_decor,Southeast,86.68584935819706,27.848038233706482,ridge,52.0
2018-05-28,2018-05-28,1,garden_tools,Central-West,1.0400781294710963,3.38876618287116,ridge,0.0
2018-05-28,2018-06-04,2,garden_tools,Central-West,1.1785078981540256,3.38876618287116,ridge,2.0
2018-05-28,2018-06-11,3,garden_tools,Central-West,1.2702663973823327,3.38876618287116,ridge,1.0
2018-05-28,2018-06-18,4,garden_tools,Central-West,1.5158975259948004,3.38876618287116,ridge,0.0
2018-05-28,2018-05-28,1,garden_tools,North,0.0,1.6879894695914286,ridge,0.0
2018-05-28,2018-06-04,2,garden_tools,North,0.0,1.6879894695914286,ridge,1.0
2018-05-28,2018-06-11,3,garden_tools,North,0.0,1.6879894695914286,ridge,3.0
2018-05-28,2018-06-18,4,garden_tools,North,0.0,1.6879894695914286,ridge,0.0
2018-05-28,2018-05-28,1,garden_tools,Northeast,2.9501394051862277,5.297383719046136,ridge,6.0
2018-05-28,2018-06-04,2,garden_tools,Northeast,3.5786409696760026,5.297383719046136,ridge,0.0
2018-05-28,2018-06-11,3,garden_tools,Northeast,4.306593195895408,5.297383719046136,ridge,4.0
2018-05-28,2018-06-18,4,garden_tools,Northeast,3.6401035483322897,5.297383719046136,ridge,2.0
2018-05-28,2018-05-28,1,garden_tools,South,9.443480597074839,5.202639539046587,ridge,2.0
2018-05-28,2018-06-04,2,garden_tools,South,8.797964015406862,5.202639539046587,ridge,8.0
2018-05-28,2018-06-11,3,garden_tools,South,8.552312164888162,5.202639539046587,ridge,5.0
2018-05-28,2018-06-18,4,garden_tools,South,8.691637731220492,5.202639539046587,ridge,3.0
2018-05-28,2018-05-28,1,garden_tools,Southeast,40.96776249841416,22.16649335900503,ridge,20.0
2018-05-28,2018-06-04,2,garden_tools,Southeast,46.7983246421522,22.16649335900503,ridge,36.0
2018-05-28,2018-06-11,3,garden_tools,Southeast,50.13056182132668,22.16649335900503,ridge,29.0
2018-05-28,2018-06-18,4,garden_tools,Southeast,52.46945117216177,22.16649335900503,ridge,25.0
2018-05-28,2018-05-28,1,health_beauty,Central-West,6.6507711413607,4.316192560830581,ridge,6.0
2018-05-28,2018-06-04,2,health_beauty,Central-West,8.028009791010604,4.316192560830581,ridge,14.0
2018-05-28,2018-06-11,3,health_beauty,Central-West,9.043551106724651,4.316192560830581,ridge,13.0
2018-05-28,2018-06-18,4,health_beauty,Central-West,9.460599972459026,4.316192560830581,ridge,10.0
2018-05-28,2018-05-28,1,health_beauty,North,1.7579825565032543,2.232758858672209,ridge,1.0
2018-05-28,2018-06-04,2,health_beauty,North,2.337153704901324,2.232758858672209,ridge,8.0
2018-05-28,2018-06-11,3,health_beauty,North,2.1818402957857934,2.232758858672209,ridge,3.0
2018-05-28,2018-06-18,4,health_beauty,North,2.2013048490210636,2.232758858672209,ridge,4.0
2018-05-28,2018-05-28,1,health_beauty,Northeast,12.137581746232316,5.024845603990851,ridge,15.0
2018-05-28,2018-06-04,2,health_beauty,Northeast,13.005328139379893,5.024845603990851,ridge,24.0
2018-05-28,2018-06-11,3,health_beauty,Northeast,14.63729468889513,5.024845603990851,ridge,22.0
2018-05-28,2018-06-18,4,health_beauty,Northeast,15.434481486469409,5.024845603990851,ridge,19.0
2018-05-28,2018-05-28,1,health_beauty,South,12.191629493889355,5.866210726618785,ridge,11.0
2018-05-28,2018-06-04,2,health_beauty,South,14.854361285358973,5.866210726618785,ridge,17.0
2018-05-28,2018-06-11,3,health_beauty,South,17.43047995276589,5.866210726618785,ridge,18.0
2018-05-28,2018-06-18,4,health_beauty,South,18.075996734851394,5.866210726618785,ridge,23.0
2018-05-28,2018-05-28,1,health_beauty,Southeast,95.91553416578435,19.37230560596789,ridge,80.0
2018-05-28,2018-06-04,2,health_beauty,Southeast,103.53090034058346,19.37230560596789,ridge,134.0
2018-05-28,2018-06-11,3,health_beauty,Southeast,107.2798352877858,19.37230560596789,ridge,167.0
2018-05-28,2018-06-18,4,health_beauty,Southeast,113.24319753507301,19.37230560596789,ridge,171.0
2018-05-28,2018-05-28,1,housewares,Central-West,2.012622834724114,3.0810283562986474,ridge,4.0
2018-05-28,2018-06-04,2,housewares,Central-West,3.026565296914714,3.0810283562986474,ridge,10.0
2018-05-28,2018-06-11,3,housewares,Central-West,3.643029314263992,3.0810283562986474,ridge,8.0
2018-05-28,2018-06-18,4,housewares,Central-West,4.106735215509065,3.0810283562986474,ridge,9.0
2018-05-28,2018-05-28,1,housewares,North,0.3463189283917263,1.5171897425207903,ridge,1.0
2018-05-28,2018-06-04,2,housewares,North,0.06587955234130938,1.5171897425207903,ridge,0.0
2018-05-28,2018-06-11,3,housewares,North,0.0,1.5171897425207903,ridge,3.0
2018-05-28,2018-06-18,4,housewares,North,0.0,1.5171897425207903,ridge,2.0
2018-05-28,2018-05-28,1,housewares,Northeast,5.645749343409087,3.193317979695897,ridge,6.0
2018-05-28,2018-06-04,2,housewares,Northeast,6.69500967039281,3.193317979695897,ridge,4.0
2018-05-28,2018-06-11,3,housewares,Northeast,6.925073956695543,3.193317979695897,ridge,5.0
2018-05-28,2018-06-18,4,housewares,Northeast,7.458106415892535,3.193317979695897,ridge,6.0
2018-05-28,2018-05-28,1,housewares,South,13.01926414957121,5.845826301735514,ridge,11.0
2018-05-28,2018-06-04,2,housewares,South,14.525444539717553,5.845826301735514,ridge,26.0
2018-05-28,2018-06-11,3,housewares,South,15.417547972006789,5.845826301735514,ridge,18.0
2018-05-28,2018-06-18,4,housewares,South,16.41619998360277,5.845826301735514,ridge,12.0
2018-05-28,2018-05-28,1,housewares,Southeast,78.47523783577172,17.579221568083774,ridge,102.0
2018-05-28,2018-06-04,2,housewares,Southeast,82.8651064617158,17.579221568083774,ridge,126.0
2018-05-28,2018-06-11,3,housewares,Southeast,85.46900004980189,17.579221568083774,ridge,96.0
2018-05-28,2018-06-18,4,housewares,Southeast,89.78530449411221,17.579221568083774,ridge,85.0
2018-05-28,2018-05-28,1,sports_leisure,Central-West,5.890167075457588,3.9959815239585645,ridge,6.0
2018-05-28,2018-06-04,2,sports_leisure,Central-West,6.288646722989172,3.9959815239585645,ridge,8.0
2018-05-28,2018-06-11,3,sports_leisure,Central-West,6.350354579469186,3.9959815239585645,ridge,3.0
2018-05-28,2018-06-18,4,sports_leisure,Central-West,6.472674882211549,3.9959815239585645,ridge,11.0
2018-05-28,2018-05-28,1,sports_leisure,North,1.460623082076829,2.094811128195188,ridge,3.0
2018-05-28,2018-06-04,2,sports_leisure,North,1.708463052994805,2.094811128195188,ridge,5.0
2018-05-28,2018-06-11,3,sports_leisure,North,1.7830937895674612,2.094811128195188,ridge,3.0
2018-05-28,2018-06-18,4,sports_leisure,North,1.7051122610042917,2.094811128195188,ridge,2.0
2018-05-28,2018-05-28,1,sports_leisure,Northeast,6.014523987691041,4.11751106576745,ridge,5.0
2018-05-28,2018-06-04,2,sports_leisure,Northeast,6.6452055062008055,4.11751106576745,ridge,9.0
2018-05-28,2018-06-11,3,sports_leisure,Northeast,6.940158609217289,4.11751106576745,ridge,11.0
2018-05-28,2018-06-18,4,sports_leisure,Northeast,7.462541733899568,4.11751106576745,ridge,10.0
2018-05-28,2018-05-28,1,sports_leisure,South,11.929777855909236,6.734121370856458,ridge,18.0
2018-05-28,2018-06-04,2,sports_leisure,South,13.505814512628273,6.734121370856458,ridge,7.0
2018-05-28,2018-06-11,3,sports_leisure,South,13.795278565115542,6.734121370856458,ridge,15.0
2018-05-28,2018-06-18,4,sports_leisure,South,14.745357248268562,6.734121370856458,ridge,12.0
2018-05-28,2018-05-28,1,sports_leisure,Southeast,68.70737912848779,17.715422401230267,ridge,52.0
2018-05-28,2018-06-04,2,sports_leisure,Southeast,76.84208617032839,17.715422401230267,ridge,49.0
2018-05-28,2018-06-11,3,sports_leisure,Southeast,79.79548510741938,17.715422401230267,ridge,80.0
2018-05-28,2018-06-18,4,sports_leisure,Southeast,83.14247803156233,17.715422401230267,ridge,72.0
2018-05-28,2018-05-28,1,telephony,Central-West,1.6717217765620083,2.704938378103604,ridge,2.0
2018-05-28,2018-06-04,2,telephony,Central-West,1.5541073271164878,2.704938378103604,ridge,1.0
2018-05-28,2018-06-11,3,telephony,Central-West,1.752987138598252,2.704938378103604,ridge,4.0
2018-05-28,2018-06-18,4,telephony,Central-West,0.8707186398438242,2.704938378103604,ridge,17.0
2018-05-28,2018-05-28,1,telephony,North,0.10026290839133267,2.129914704022123,ridge,3.0
2018-05-28,2018-06-04,2,telephony,North,0.0,2.129914704022123,ridge,3.0
2018-05-28,2018-06-11,3,telephony,North,0.0,2.129914704022123,ridge,0.0
2018-05-28,2018-06-18,4,telephony,North,0.0,2.129914704022123,ridge,0.0
2018-05-28,2018-05-28,1,telephony,Northeast,3.38982930364109,4.967540255938452,ridge,8.0
2018-05-28,2018-06-04,2,telephony,Northeast,3.956742205266618,4.967540255938452,ridge,7.0
2018-05-28,2018-06-11,3,telephony,Northeast,4.611529364358948,4.967540255938452,ridge,8.0
2018-05-28,2018-06-18,4,telephony,Northeast,4.52154271731815,4.967540255938452,ridge,7.0
2018-05-28,2018-05-28,1,telephony,South,6.889192283546186,4.3980490562391505,ridge,8.0
2018-05-28,2018-06-04,2,telephony,South,7.302269864236442,4.3980490562391505,ridge,7.0
2018-05-28,2018-06-11,3,telephony,South,7.5281080266131495,4.3980490562391505,ridge,7.0
2018-05-28,2018-06-18,4,telephony,South,7.485110401948827,4.3980490562391505,ridge,9.0
2018-05-28,2018-05-28,1,telephony,Southeast,37.31383377785855,11.166581161605873,ridge,20.0
2018-05-28,2018-06-04,2,telephony,Southeast,41.5543711825194,11.166581161605873,ridge,27.0
2018-05-28,2018-06-11,3,telephony,Southeast,43.080250387170445,11.166581161605873,ridge,43.0
2018-05-28,2018-06-18,4,telephony,Southeast,44.67878657928463,11.166581161605873,ridge,26.0
2018-05-28,2018-05-28,1,watches_gifts,Central-West,5.1511773063937865,2.7574464121565585,ridge,7.0
2018-05-28,2018-06-04,2,watches_gifts,Central-West,5.743191472706659,2.7574464121565585,ridge,5.0
2018-05-28,2018-06-11,3,watches_gifts,Central-West,6.216337142812546,2.7574464121565585,ridge,9.0
2018-05-28,2018-06-18,4,watches_gifts,Central-West,6.63224811720886,2.7574464121565585,ridge,7.0
2018-05-28,2018-05-28,1,watches_gifts,North,0.5899023318618095,1.6262706645431988,ridge,1.0
2018-05-28,2018-06-04,2,watches_gifts,North,0.5128762033346668,1.6262706645431988,ridge,1.0
2018-05-28,2018-06-11,3,watches_gifts,North,0.5458008486615231,1.6262706645431988,ridge,3.0
2018-05-28,2018-06-18,4,watches_gifts,North,0.5800980640890643,1.6262706645431988,ridge,2.0
2018-05-28,2018-05-28,1,watches_gifts,Northeast,10.880739151093655,4.572064227092427,ridge,11.0
2018-05-28,2018-06-04,2,watches_gifts,Northeast,12.250674580150434,4.572064227092427,ridge,13.0
2018-05-28,2018-06-11,3,watches_gifts,Northeast,14.27275623957808,4.572064227092427,ridge,18.0
2018-05-28,2018-06-18,4,watches_gifts,Northeast,14.941070162491839,4.572064227092427,ridge,17.0
2018-05-28,2018-05-28,1,watches_gifts,South,9.224997476988907,4.851694821615469,ridge,4.0
2018-05-28,2018-06-04,2,watches_gifts,South,11.384863466502626,4.851694821615469,ridge,9.0
2018-05-28,2018-06-11,3,watches_gifts,South,12.756279862124776,4.851694821615469,ridge,15.0
2018-05-28,2018-06-18,4,watches_gifts,South,14.094197250517222,4.851694821615469,ridge,12.0
2018-05-28,2018-05-28,1,watches_gifts,Southeast,64.47898448111499,17.183496913735382,ridge,67.0
2018-05-28,2018-06-04,2,watches_gifts,Southeast,72.76698595377945,17.183496913735382,ridge,63.0
2018-05-28,2018-06-11,3,watches_gifts,Southeast,82.98460182385621,17.183496913735382,ridge,91.0
2018-05-28,2018-06-18,4,watches_gifts,Southeast,91.56118910945813,17.183496913735382,ridge,79.0
2018-06-04,2018-06-04,1,auto,Central-West,4.0,4.54972526643093,last_week,8.0
2018-06-04,2018-06-11,2,auto,Central-West,4.0,4.54972526643093,last_week,2.0
2018-06-04,2018-06-18,3,auto,Central-West,4.0,4.54972526643093,last_week,4.0
2018-06-04,2018-06-25,4,auto,Central-West,4.0,4.54972526643093,last_week,5.0
2018-06-04,2018-06-04,1,auto,North,0.0,1.4442002235542986,last_week,3.0
2018-06-04,2018-06-11,2,auto,North,0.0,1.4442002235542986,last_week,0.0
2018-06-04,2018-06-18,3,auto,North,0.0,1.4442002235542986,last_week,0.0
2018-06-04,2018-06-25,4,auto,North,0.0,1.4442002235542986,last_week,1.0
2018-06-04,2018-06-04,1,auto,Northeast,7.0,3.389058023361991,last_week,6.0
2018-06-04,2018-06-11,2,auto,Northeast,7.0,3.389058023361991,last_week,6.0
2018-06-04,2018-06-18,3,auto,Northeast,7.0,3.389058023361991,last_week,9.0
2018-06-04,2018-06-25,4,auto,Northeast,7.0,3.389058023361991,last_week,5.0
2018-06-04,2018-06-04,1,auto,South,6.0,4.433637655147617,last_week,17.0
2018-06-04,2018-06-11,2,auto,South,6.0,4.433637655147617,last_week,11.0
2018-06-04,2018-06-18,3,auto,South,6.0,4.433637655147617,last_week,11.0
2018-06-04,2018-06-25,4,auto,South,6.0,4.433637655147617,last_week,9.0
2018-06-04,2018-06-04,1,auto,Southeast,24.0,12.887978895078932,last_week,45.0
2018-06-04,2018-06-11,2,auto,Southeast,24.0,12.887978895078932,last_week,39.0
2018-06-04,2018-06-18,3,auto,Southeast,24.0,12.887978895078932,last_week,50.0
2018-06-04,2018-06-25,4,auto,Southeast,24.0,12.887978895078932,last_week,50.0
2018-06-04,2018-06-04,1,bed_bath_table,Central-West,4.0,5.3718844791323335,last_week,7.0
2018-06-04,2018-06-11,2,bed_bath_table,Central-West,4.0,5.3718844791323335,last_week,2.0
2018-06-04,2018-06-18,3,bed_bath_table,Central-West,4.0,5.3718844791323335,last_week,6.0
2018-06-04,2018-06-25,4,bed_bath_table,Central-West,4.0,5.3718844791323335,last_week,4.0
2018-06-04,2018-06-04,1,bed_bath_table,North,0.0,1.5118578920369088,last_week,0.0
2018-06-04,2018-06-11,2,bed_bath_table,North,0.0,1.5118578920369088,last_week,0.0
2018-06-04,2018-06-18,3,bed_bath_table,North,0.0,1.5118578920369088,last_week,1.0
2018-06-04,2018-06-25,4,bed_bath_table,North,0.0,1.5118578920369088,last_week,0.0
2018-06-04,2018-06-04,1,bed_bath_table,Northeast,5.0,3.9569107719460717,last_week,6.0
2018-06-04,2018-06-11,2,bed_bath_table,Northeast,5.0,3.9569107719460717,last_week,10.0
2018-06-04,2018-06-18,3,bed_bath_table,Northeast,5.0,3.9569107719460717,last_week,2.0
2018-06-04,2018-06-25,4,bed_bath_table,Northeast,5.0,3.9569107719460717,last_week,19.0
2018-06-04,2018-06-04,1,bed_bath_table,South,14.0,8.52307791486486,last_week,24.0
2018-06-04,2018-06-11,2,bed_bath_table,South,14.0,8.52307791486486,last_week,12.0
2018-06-04,2018-06-18,3,bed_bath_table,South,14.0,8.52307791486486,last_week,27.0
2018-06-04,2018-06-25,4,bed_bath_table,South,14.0,8.52307791486486,last_week,20.0
2018-06-04,2018-06-04,1,bed_bath_table,Southeast,110.0,42.51453532952835,last_week,162.0
2018-06-04,2018-06-11,2,bed_bath_table,Southeast,110.0,42.51453532952835,last_week,159.0
2018-06-04,2018-06-18,3,bed_bath_table,Southeast,110.0,42.51453532952835,last_week,158.0
2018-06-04,2018-06-25,4,bed_bath_table,Southeast,110.0,42.51453532952835,last_week,113.0
2018-06-04,2018-06-04,1,computers_accessories,Central-West,2.0,4.798809376144402,last_week,1.0
2018-06-04,2018-06-11,2,computers_accessories,Central-West,2.0,4.798809376144402,last_week,5.0
2018-06-04,2018-06-18,3,computers_accessories,Central-West,2.0,4.798809376144402,last_week,7.0
2018-06-04,2018-06-25,4,computers_accessories,Central-West,2.0,4.798809376144402,last_week,2.0
2018-06-04,2018-06-04,1,computers_accessories,North,0.0,2.6349301969610397,last_week,3.0
2018-06-04,2018-06-11,2,computers_accessories,North,0.0,2.6349301969610397,last_week,3.0
2018-06-04,2018-06-18,3,computers_accessories,North,0.0,2.6349301969610397,last_week,0.0
2018-06-04,2018-06-25,4,computers_accessories,North,0.0,2.6349301969610397,last_week,0.0
2018-06-04,2018-06-04,1,computers_accessories,Northeast,7.0,6.578102201351737,last_week,16.0
2018-06-04,2018-06-11,2,computers_accessories,Northeast,7.0,6.578102201351737,last_week,10.0
2018-06-04,2018-06-18,3,computers_accessories,Northeast,7.0,6.578102201351737,last_week,9.0
2018-06-04,2018-06-25,4,computers_accessories,Northeast,7.0,6.578102201351737,last_week,8.0
2018-06-04,2018-06-04,1,computers_accessories,South,5.0,8.208010025056534,last_week,13.0
2018-06-04,2018-06-11,2,computers_accessories,South,5.0,8.208010025056534,last_week,13.0
2018-06-04,2018-06-18,3,computers_accessories,South,5.0,8.208010025056534,last_week,19.0
2018-06-04,2018-06-25,4,computers_accessories,South,5.0,8.208010025056534,last_week,19.0
2018-06-04,2018-06-04,1,computers_accessories,Southeast,37.0,24.651571957990836,last_week,79.0
2018-06-04,2018-06-11,2,computers_accessories,Southeast,37.0,24.651571957990836,last_week,50.0
2018-06-04,2018-06-18,3,computers_accessories,Southeast,37.0,24.651571957990836,last_week,71.0
2018-06-04,2018-06-25,4,computers_accessories,Southeast,37.0,24.651571957990836,last_week,76.0
2018-06-04,2018-06-04,1,furniture_decor,Central-West,7.0,4.8240469080875,last_week,4.0
2018-06-04,2018-06-11,2,furniture_decor,Central-West,7.0,4.8240469080875,last_week,8.0
2018-06-04,2018-06-18,3,furniture_decor,Central-West,7.0,4.8240469080875,last_week,6.0
2018-06-04,2018-06-25,4,furniture_decor,Central-West,7.0,4.8240469080875,last_week,1.0
2018-06-04,2018-06-04,1,furniture_decor,North,0.0,2.177810171446801,last_week,6.0
2018-06-04,2018-06-11,2,furniture_decor,North,0.0,2.177810171446801,last_week,0.0
2018-06-04,2018-06-18,3,furniture_decor,North,0.0,2.177810171446801,last_week,0.0
2018-06-04,2018-06-25,4,furniture_decor,North,0.0,2.177810171446801,last_week,1.0
2018-06-04,2018-06-04,1,furniture_decor,Northeast,8.0,6.1248906695781695,last_week,2.0
2018-06-04,2018-06-11,2,furniture_decor,Northeast,8.0,6.1248906695781695,last_week,5.0
2018-06-04,2018-06-18,3,furniture_decor,Northeast,8.0,6.1248906695781695,last_week,7.0
2018-06-04,2018-06-25,4,furniture_decor,Northeast,8.0,6.1248906695781695,last_week,14.0
2018-06-04,2018-06-04,1,furniture_decor,South,13.0,10.63350499936068,last_week,17.0
2018-06-04,2018-06-11,2,furniture_decor,South,13.0,10.63350499936068,last_week,20.0
2018-06-04,2018-06-18,3,furniture_decor,South,13.0,10.63350499936068,last_week,22.0
2018-06-04,2018-06-25,4,furniture_decor,South,13.0,10.63350499936068,last_week,20.0
2018-06-04,2018-06-04,1,furniture_decor,Southeast,60.0,30.54949146174824,last_week,39.0
2018-06-04,2018-06-11,2,furniture_decor,Southeast,60.0,30.54949146174824,last_week,67.0
2018-06-04,2018-06-18,3,furniture_decor,Southeast,60.0,30.54949146174824,last_week,52.0
2018-06-04,2018-06-25,4,furniture_decor,Southeast,60.0,30.54949146174824,last_week,84.0
2018-06-04,2018-06-04,1,garden_tools,Central-West,0.0,4.741910404648562,last_week,2.0
2018-06-04,2018-06-11,2,garden_tools,Central-West,0.0,4.741910404648562,last_week,1.0
2018-06-04,2018-06-18,3,garden_tools,Central-West,0.0,4.741910404648562,last_week,0.0
2018-06-04,2018-06-25,4,garden_tools,Central-West,0.0,4.741910404648562,last_week,4.0
2018-06-04,2018-06-04,1,garden_tools,North,0.0,1.6604646509766046,last_week,1.0
2018-06-04,2018-06-11,2,garden_tools,North,0.0,1.6604646509766046,last_week,3.0
2018-06-04,2018-06-18,3,garden_tools,North,0.0,1.6604646509766046,last_week,0.0
2018-06-04,2018-06-25,4,garden_tools,North,0.0,1.6604646509766046,last_week,1.0
2018-06-04,2018-06-04,1,garden_tools,Northeast,6.0,6.3234258346021806,last_week,0.0
2018-06-04,2018-06-11,2,garden_tools,Northeast,6.0,6.3234258346021806,last_week,4.0
2018-06-04,2018-06-18,3,garden_tools,Northeast,6.0,6.3234258346021806,last_week,2.0
2018-06-04,2018-06-25,4,garden_tools,Northeast,6.0,6.3234258346021806,last_week,5.0
2018-06-04,2018-06-04,1,garden_tools,South,2.0,5.978533025990334,last_week,8.0
2018-06-04,2018-06-11,2,garden_tools,South,2.0,5.978533025990334,last_week,5.0
2018-06-04,2018-06-18,3,garden_tools,South,2.0,5.978533025990334,last_week,3.0
2018-06-04,2018-06-25,4,garden_tools,South,2.0,5.978533025990334,last_week,9.0
2018-06-04,2018-06-04,1,garden_tools,Southeast,20.0,25.65819278793534,last_week,36.0
2018-06-04,2018-06-11,2,garden_tools,Southeast,20.0,25.65819278793534,last_week,29.0
2018-06-04,2018-06-18,3,garden_tools,Southeast,20.0,25.65819278793534,last_week,25.0
2018-06-04,2018-06-25,4,garden_tools,Southeast,20.0,25.65819278793534,last_week,52.0
2018-06-04,2018-06-04,1,health_beauty,Central-West,6.0,4.987126283886199,last_week,14.0
2018-06-04,2018-06-11,2,health_beauty,Central-West,6.0,4.987126283886199,last_week,13.0
2018-06-04,2018-06-18,3,health_beauty,Central-West,6.0,4.987126283886199,last_week,10.0
2018-06-04,2018-06-25,4,health_beauty,Central-West,6.0,4.987126283886199,last_week,8.0
2018-06-04,2018-06-04,1,health_beauty,North,1.0,2.5185029566901727,last_week,8.0
2018-06-04,2018-06-11,2,health_beauty,North,1.0,2.5185029566901727,last_week,3.0
2018-06-04,2018-06-18,3,health_beauty,North,1.0,2.5185029566901727,last_week,4.0
2018-06-04,2018-06-25,4,health_beauty,North,1.0,2.5185029566901727,last_week,7.0
2018-06-04,2018-06-04,1,health_beauty,Northeast,15.0,6.159777361468281,last_week,24.0
2018-06-04,2018-06-11,2,health_beauty,Northeast,15.0,6.159777361468281,last_week,22.0
2018-06-04,2018-06-18,3,health_beauty,Northeast,15.0,6.159777361468281,last_week,19.0
2018-06-04,2018-06-25,4,health_beauty,Northeast,15.0,6.159777361468281,last_week,20.0
2018-06-04,2018-06-04,1,health_beauty,South,11.0,6.644009116704849,last_week,17.0
2018-06-04,2018-06-11,2,health_beauty,South,11.0,6.644009116704849,last_week,18.0
2018-06-04,2018-06-18,3,health_beauty,South,11.0,6.644009116704849,last_week,23.0
2018-06-04,2018-06-25,4,health_beauty,South,11.0,6.644009116704849,last_week,24.0
2018-06-04,2018-06-04,1,health_beauty,Southeast,80.0,20.81448671341326,last_week,134.0
2018-06-04,2018-06-11,2,health_beauty,Southeast,80.0,20.81448671341326,last_week,167.0
2018-06-04,2018-06-18,3,health_beauty,Southeast,80.0,20.81448671341326,last_week,171.0
2018-06-04,2018-06-25,4,health_beauty,Southeast,80.0,20.81448671341326,last_week,131.0
2018-06-04,2018-06-04,1,housewares,Central-West,4.0,3.5737135547534544,last_week,10.0
2018-06-04,2018-06-11,2,housewares,Central-West,4.0,3.5737135547534544,last_week,8.0
2018-06-04,2018-06-18,3,housewares,Central-West,4.0,3.5737135547534544,last_week,9.0
2018-06-04,2018-06-25,4,housewares,Central-West,4.0,3.5737135547534544,last_week,9.0
2018-06-04,2018-06-04,1,housewares,North,1.0,1.70293863659264,last_week,0.0
2018-06-04,2018-06-11,2,housewares,North,1.0,1.70293863659264,last_week,3.0
2018-06-04,2018-06-18,3,housewares,North,1.0,1.70293863659264,last_week,2.0
2018-06-04,2018-06-25,4,housewares,North,1.0,1.70293863659264,last_week,3.0
2018-06-04,2018-06-04,1,housewares,Northeast,6.0,3.8489330618089106,last_week,4.0
2018-06-04,2018-06-11,2,housewares,Northeast,6.0,3.8489330618089106,last_week,5.0
2018-06-04,2018-06-18,3,housewares,Northeast,6.0,3.8489330618089106,last_week,6.0
2018-06-04,2018-06-25,4,housewares,Northeast,6.0,3.8489330618089106,last_week,18.0
2018-06-04,2018-06-04,1,housewares,South,11.0,6.857738069405351,last_week,26.0
2018-06-04,2018-06-11,2,housewares,South,11.0,6.857738069405351,last_week,18.0
2018-06-04,2018-06-18,3,housewares,South,11.0,6.857738069405351,last_week,12.0
2018-06-04,2018-06-25,4,housewares,South,11.0,6.857738069405351,last_week,19.0
2018-06-04,2018-06-04,1,housewares,Southeast,102.0,19.99607104265378,last_week,126.0
2018-06-04,2018-06-11,2,housewares,Southeast,102.0,19.99607104265378,last_week,96.0
2018-06-04,2018-06-18,3,housewares,Southeast,102.0,19.99607104265378,last_week,85.0
2018-06-04,2018-06-25,4,housewares,Southeast,102.0,19.99607104265378,last_week,88.0
2018-06-04,2018-06-04,1,sports_leisure,Central-West,6.0,4.857983120596447,last_week,8.0
2018-06-04,2018-06-11,2,sports_leisure,Central-West,6.0,4.857983120596447,last_week,3.0
2018-06-04,2018-06-18,3,sports_leisure,Central-West,6.0,4.857983120596447,last_week,11.0
2018-06-04,2018-06-25,4,sports_leisure,Central-West,6.0,4.857983120596447,last_week,6.0
2018-06-04,2018-06-04,1,sports_leisure,North,3.0,2.3694483987387684,last_week,5.0
2018-06-04,2018-06-11,2,sports_leisure,North,3.0,2.3694483987387684,last_week,3.0
2018-06-04,2018-06-18,3,sports_leisure,North,3.0,2.3694483987387684,last_week,2.0
2018-06-04,2018-06-25,4,sports_leisure,North,3.0,2.3694483987387684,last_week,0.0
2018-06-04,2018-06-04,1,sports_leisure,Northeast,5.0,4.691938374945447,last_week,9.0
2018-06-04,2018-06-11,2,sports_leisure,Northeast,5.0,4.691938374945447,last_week,11.0
2018-06-04,2018-06-18,3,sports_leisure,Northeast,5.0,4.691938374945447,last_week,10.0
2018-06-04,2018-06-25,4,sports_leisure,Northeast,5.0,4.691938374945447,last_week,5.0
2018-06-04,2018-06-04,1,sports_leisure,South,18.0,7.769905312899803,last_week,7.0
2018-06-04,2018-06-11,2,sports_leisure,South,18.0,7.769905312899803,last_week,15.0
2018-06-04,2018-06-18,3,sports_leisure,South,18.0,7.769905312899803,last_week,12.0
2018-06-04,2018-06-25,4,sports_leisure,South,18.0,7.769905312899803,last_week,13.0
2018-06-04,2018-06-04,1,sports_leisure,Southeast,52.0,19.573670361702003,last_week,49.0
2018-06-04,2018-06-11,2,sports_leisure,Southeast,52.0,19.573670361702003,last_week,80.0
2018-06-04,2018-06-18,3,sports_leisure,Southeast,52.0,19.573670361702003,last_week,72.0
2018-06-04,2018-06-25,4,sports_leisure,Southeast,52.0,19.573670361702003,last_week,78.0
2018-06-04,2018-06-04,1,telephony,Central-West,2.0,3.1870272758705496,last_week,1.0
2018-06-04,2018-06-11,2,telephony,Central-West,2.0,3.1870272758705496,last_week,4.0
2018-06-04,2018-06-18,3,telephony,Central-West,2.0,3.1870272758705496,last_week,17.0
2018-06-04,2018-06-25,4,telephony,Central-West,2.0,3.1870272758705496,last_week,4.0
2018-06-04,2018-06-04,1,telephony,North,3.0,2.200649254846656,last_week,3.0
2018-06-04,2018-06-11,2,telephony,North,3.0,2.200649254846656,last_week,0.0
2018-06-04,2018-06-18,3,telephony,North,3.0,2.200649254846656,last_week,0.0
2018-06-04,2018-06-25,4,telephony,North,3.0,2.200649254846656,last_week,1.0
2018-06-04,2018-06-04,1,telephony,Northeast,8.0,5.959386353835915,last_week,7.0
2018-06-04,2018-06-11,2,telephony,Northeast,8.0,5.959386353835915,last_week,8.0
2018-06-04,2018-06-18,3,telephony,Northeast,8.0,5.959386353835915,last_week,7.0
2018-06-04,2018-06-25,4,telephony,Northeast,8.0,5.959386353835915,last_week,1.0
2018-06-04,2018-06-04,1,telephony,South,8.0,5.264435935053794,last_week,7.0
2018-06-04,2018-06-11,2,telephony,South,8.0,5.264435935053794,last_week,7.0
2018-06-04,2018-06-18,3,telephony,South,8.0,5.264435935053794,last_week,9.0
2018-06-04,2018-06-25,4,telephony,South,8.0,5.264435935053794,last_week,8.0
2018-06-04,2018-06-04,1,telephony,Southeast,20.0,12.010709506816942,last_week,27.0
2018-06-04,2018-06-11,2,telephony,Southeast,20.0,12.010709506816942,last_week,43.0
2018-06-04,2018-06-18,3,telephony,Southeast,20.0,12.010709506816942,last_week,26.0
2018-06-04,2018-06-25,4,telephony,Southeast,20.0,12.010709506816942,last_week,24.0
2018-06-04,2018-06-04,1,watches_gifts,Central-West,7.0,3.0378563870880115,last_week,5.0
2018-06-04,2018-06-11,2,watches_gifts,Central-West,7.0,3.0378563870880115,last_week,9.0
2018-06-04,2018-06-18,3,watches_gifts,Central-West,7.0,3.0378563870880115,last_week,7.0
2018-06-04,2018-06-25,4,watches_gifts,Central-West,7.0,3.0378563870880115,last_week,11.0
2018-06-04,2018-06-04,1,watches_gifts,North,1.0,1.8400310556385415,last_week,1.0
2018-06-04,2018-06-11,2,watches_gifts,North,1.0,1.8400310556385415,last_week,3.0
2018-06-04,2018-06-18,3,watches_gifts,North,1.0,1.8400310556385415,last_week,2.0
2018-06-04,2018-06-25,4,watches_gifts,North,1.0,1.8400310556385415,last_week,3.0
2018-06-04,2018-06-04,1,watches_gifts,Northeast,11.0,5.029910535983717,last_week,13.0
2018-06-04,2018-06-11,2,watches_gifts,Northeast,11.0,5.029910535983717,last_week,18.0
2018-06-04,2018-06-18,3,watches_gifts,Northeast,11.0,5.029910535983717,last_week,17.0
2018-06-04,2018-06-25,4,watches_gifts,Northeast,11.0,5.029910535983717,last_week,7.0
2018-06-04,2018-06-04,1,watches_gifts,South,4.0,5.739586844264763,last_week,9.0
2018-06-04,2018-06-11,2,watches_gifts,South,4.0,5.739586844264763,last_week,15.0
2018-06-04,2018-06-18,3,watches_gifts,South,4.0,5.739586844264763,last_week,12.0
2018-06-04,2018-06-25,4,watches_gifts,South,4.0,5.739586844264763,last_week,12.0
2018-06-04,2018-06-04,1,watches_gifts,Southeast,67.0,17.83776091009503,last_week,63.0
2018-06-04,2018-06-11,2,watches_gifts,Southeast,67.0,17.83776091009503,last_week,91.0
2018-06-04,2018-06-18,3,watches_gifts,Southeast,67.0,17.83776091009503,last_week,79.0
2018-06-04,2018-06-25,4,watches_gifts,Southeast,67.0,17.83776091009503,last_week,74.0
2018-06-04,2018-06-04,1,auto,Central-West,4.25,3.6272776096051507,moving_average,8.0
2018-06-04,2018-06-11,2,auto,Central-West,4.0625,3.6272776096051507,moving_average,2.0
2018-06-04,2018-06-18,3,auto,Central-West,3.328125,3.6272776096051507,moving_average,4.0
2018-06-04,2018-06-25,4,auto,Central-West,3.91015625,3.6272776096051507,moving_average,5.0
2018-06-04,2018-06-04,1,auto,North,0.5,1.1503105170840984,moving_average,3.0
2018-06-04,2018-06-11,2,auto,North,0.125,1.1503105170840984,moving_average,0.0
2018-06-04,2018-06-18,3,auto,North,0.15625,1.1503105170840984,moving_average,0.0
2018-06-04,2018-06-25,4,auto,North,0.1953125,1.1503105170840984,moving_average,1.0
2018-06-04,2018-06-04,1,auto,Northeast,5.25,2.6707743660380063,moving_average,6.0
2018-06-04,2018-06-11,2,auto,Northeast,4.3125,2.6707743660380063,moving_average,6.0
2018-06-04,2018-06-18,3,auto,Northeast,4.640625,2.6707743660380063,moving_average,9.0
2018-06-04,2018-06-25,4,auto,Northeast,5.30078125,2.6707743660380063,moving_average,5.0
2018-06-04,2018-06-04,1,auto,South,9.0,3.5987348967578674,moving_average,17.0
2018-06-04,2018-06-11,2,auto,South,8.25,3.5987348967578674,moving_average,11.0
2018-06-04,2018-06-18,3,auto,South,6.8125,3.5987348967578674,moving_average,11.0
2018-06-04,2018-06-25,4,auto,South,7.515625,3.5987348967578674,moving_average,9.0
2018-06-04,2018-06-04,1,auto,Southeast,47.5,13.240764975742797,moving_average,45.0
2018-06-04,2018-06-11,2,auto,Southeast,43.375,13.240764975742797,moving_average,39.0
2018-06-04,2018-06-18,3,auto,Southeast,36.21875,13.240764975742797,moving_average,50.0
2018-06-04,2018-06-25,4,auto,Southeast,37.7734375,13.240764975742797,moving_average,50.0
2018-06-04,2018-06-04,1,bed_bath_table,Central-West,5.0,4.626206406364259,moving_average,7.0
2018-06-04,2018-06-11,2,bed_bath_table,Central-West,4.75,4.626206406364259,moving_average,2.0
2018-06-04,2018-06-18,3,bed_bath_table,Central-West,4.4375,4.626206406364259,moving_average,6.0
2018-06-04,2018-06-25,4,bed_bath_table,Central-West,4.546875,4.626206406364259,moving_average,4.0
2018-06-04,2018-06-04,1,bed_bath_table,North,0.25,1.2093386622447824,moving_average,0.0
2018-06-04,2018-06-11,2,bed_bath_table,North,0.3125,1.2093386622447824,moving_average,0.0
2018-06-04,2018-06-18,3,bed_bath_table,North,0.390625,1.2093386622447824,moving_average,1.0
2018-06-04,2018-06-25,4,bed_bath_table,North,0.23828125,1.2093386622447824,moving_average,0.0
2018-06-04,2018-06-04,1,bed_bath_table,Northeast,6.75,3.687575665083265,moving_average,6.0
2018-06-04,2018-06-11,2,bed_bath_table,Northeast,6.6875,3.687575665083265,moving_average,10.0
2018-06-04,2018-06-18,3,bed_bath_table,Northeast,5.859375,3.687575665083265,moving_average,2.0
2018-06-04,2018-06-25,4,bed_bath_table,Northeast,6.07421875,3.687575665083265,moving_average,19.0
2018-06-04,2018-06-04,1,bed_bath_table,South,18.5,7.488622322277595,moving_average,24.0
2018-06-04,2018-06-11,2,bed_bath_table,South,17.375,7.488622322277595,moving_average,12.0
2018-06-04,2018-06-18,3,bed_bath_table,South,15.71875,7.488622322277595,moving_average,27.0
2018-06-04,2018-06-25,4,bed_bath_table,South,16.3984375,7.488622322277595,moving_average,20.0
2018-06-04,2018-06-04,1,bed_bath_table,Southeast,131.5,41.07138819873792,moving_average,162.0
2018-06-04,2018-06-11,2,bed_bath_table,Southeast,132.375,41.07138819873792,moving_average,159.0
2018-06-04,2018-06-18,3,bed_bath_table,Southeast,120.96875,41.07138819873792,moving_average,158.0
2018-06-04,2018-06-25,4,bed_bath_table,Southeast,123.7109375,41.07138819873792,moving_average,113.0
2018-06-04,2018-06-04,1,computers_accessories,Central-West,6.25,4.064875678998595,moving_average,1.0
2018-06-04,2018-06-11,2,computers_accessories,Central-West,4.0625,4.064875678998595,moving_average,5.0
2018-06-04,2018-06-18,3,computers_accessories,Central-West,4.078125,4.064875678998595,moving_average,7.0
2018-06-04,2018-06-25,4,computers_accessories,Central-West,4.09765625,4.064875678998595,moving_average,2.0
2018-06-04,2018-06-04,1,computers_accessories,North,1.75,2.0204313542268286,moving_average,3.0
2018-06-04,2018-06-11,2,computers_accessories,North,1.4375,2.0204313542268286,moving_average,3.0
2018-06-04,2018-06-18,3,computers_accessories,North,1.046875,2.0204313542268286,moving_average,0.0
2018-06-04,2018-06-25,4,computers_accessories,North,1.05859375,2.0204313542268286,moving_average,0.0
2018-06-04,2018-06-04,1,computers_accessories,Northeast,10.75,5.134616413548895,moving_average,16.0
2018-06-04,2018-06-11,2,computers_accessories,Northeast,10.1875,5.134616413548895,moving_average,10.0
2018-06-04,2018-06-18,3,computers_accessories,Northeast,9.734375,5.134616413548895,moving_average,9.0
2018-06-04,2018-06-25,4,computers_accessories,Northeast,9.41796875,5.134616413548895,moving_average,8.0
2018-06-04,2018-06-04,1,computers_accessories,South,12.75,9.06223521780676,moving_average,13.0
2018-06-04,2018-06-11,2,computers_accessories,South,10.6875,9.06223521780676,moving_average,13.0
2018-06-04,2018-06-18,3,computers_accessories,South,10.109375,9.06223521780676,moving_average,19.0
2018-06-04,2018-06-25,4,computers_accessories,South,9.63671875,9.06223521780676,moving_average,19.0
2018-06-04,2018-06-04,1,computers_accessories,Southeast,65.75,28.129896399179493,moving_average,79.0
2018-06-04,2018-06-11,2,computers_accessories,Southeast,61.4375,28.129896399179493,moving_average,50.0
2018-06-04,2018-06-18,3,computers_accessories,Southeast,52.296875,28.129896399179493,moving_average,71.0
2018-06-04,2018-06-25,4,computers_accessories,Southeast,54.12109375,28.129896399179493,moving_average,76.0
2018-06-04,2018-06-04,1,furniture_decor,Central-West,9.75,3.8208777974252386,moving_average,4.0
2018-06-04,2018-06-11,2,furniture_decor,Central-West,9.4375,3.8208777974252386,moving_average,8.0
2018-06-04,2018-06-18,3,furniture_decor,Central-West,8.546875,3.8208777974252386,moving_average,6.0
2018-06-04,2018-06-25,4,furniture_decor,Central-West,8.68359375,3.8208777974252386,moving_average,1.0
2018-06-04,2018-06-04,1,furniture_decor,North,2.0,1.6295266622111904,moving_average,6.0
2018-06-04,2018-06-11,2,furniture_decor,North,2.0,1.6295266622111904,moving_average,0.0
2018-06-04,2018-06-18,3,furniture_decor,North,1.25,1.6295266622111904,moving_average,0.0
2018-06-04,2018-06-25,4,furniture_decor,North,1.3125,1.6295266622111904,moving_average,1.0
2018-06-04,2018-06-04,1,furniture_decor,Northeast,9.0,5.498619956732001,moving_average,2.0
2018-06-04,2018-06-11,2,furniture_decor,Northeast,6.75,5.498619956732001,moving_average,5.0
2018-06-04,2018-06-18,3,furniture_decor,Northeast,6.9375,5.498619956732001,moving_average,7.0
2018-06-04,2018-06-25,4,furniture_decor,Northeast,7.671875,5.498619956732001,moving_average,14.0
2018-06-04,2018-06-04,1,furniture_decor,South,19.75,9.75279264035252,moving_average,17.0
2018-06-04,2018-06-11,2,furniture_decor,South,18.6875,9.75279264035252,moving_average,20.0
2018-06-04,2018-06-18,3,furniture_decor,South,14.109375,9.75279264035252,moving_average,22.0
2018-06-04,2018-06-25,4,furniture_decor,South,16.38671875,9.75279264035252,moving_average,20.0
2018-06-04,2018-06-04,1,furniture_decor,Southeast,90.5,34.05798626712138,moving_average,39.0
2018-06-04,2018-06-11,2,furniture_decor,Southeast,82.875,34.05798626712138,moving_average,67.0
2018-06-04,2018-06-18,3,furniture_decor,Southeast,74.84375,34.05798626712138,moving_average,52.0
2018-06-04,2018-06-25,4,furniture_decor,Southeast,77.0546875,34.05798626712138,moving_average,84.0
2018-06-04,2018-06-04,1,garden_tools,Central-West,2.75,3.8541489703583443,moving_average,2.0
2018-06-04,2018-06-11,2,garden_tools,Central-West,2.4375,3.8541489703583443,moving_average,1.0
2018-06-04,2018-06-18,3,garden_tools,Central-West,1.546875,3.8541489703583443,moving_average,0.0
2018-06-04,2018-06-25,4,garden_tools,Central-West,1.68359375,3.8541489703583443,moving_average,4.0
2018-06-04,2018-06-04,1,garden_tools,North,0.5,1.25,moving_average,1.0
2018-06-04,2018-06-11,2,garden_tools,North,0.625,1.25,moving_average,3.0
2018-06-04,2018-06-18,3,garden_tools,North,0.28125,1.25,moving_average,0.0
2018-06-04,2018-06-25,4,garden_tools,North,0.3515625,1.25,moving_average,1.0
2018-06-04,2018-06-04,1,garden_tools,Northeast,3.25,4.887758031186545,moving_average,0.0
2018-06-04,2018-06-11,2,garden_tools,Northeast,3.0625,4.887758031186545,moving_average,4.0
2018-06-04,2018-06-18,3,garden_tools,Northeast,3.578125,4.887758031186545,moving_average,2.0
2018-06-04,2018-06-25,4,garden_tools,Northeast,3.97265625,4.887758031186545,moving_average,5.0
2018-06-04,2018-06-04,1,garden_tools,South,8.25,5.6376445182616575,moving_average,8.0
2018-06-04,2018-06-11,2,garden_tools,South,8.3125,5.6376445182616575,moving_average,5.0
2018-06-04,2018-06-18,3,garden_tools,South,7.640625,5.6376445182616575,moving_average,3.0
2018-06-04,2018-06-25,4,garden_tools,South,6.55078125,5.6376445182616575,moving_average,9.0
2018-06-04,2018-06-04,1,garden_tools,Southeast,40.75,22.289231064093965,moving_average,36.0
2018-06-04,2018-06-11,2,garden_tools,Southeast,39.4375,22.289231064093965,moving_average,29.0
2018-06-04,2018-06-18,3,garden_tools,Southeast,32.546875,22.289231064093965,moving_average,25.0
2018-06-04,2018-06-25,4,garden_tools,Southeast,33.18359375,22.289231064093965,moving_average,52.0
2018-06-04,2018-06-04,1,health_beauty,Central-West,8.75,4.410721515320853,moving_average,14.0
2018-06-04,2018-06-11,2,health_beauty,Central-West,6.1875,4.410721515320853,moving_average,13.0
2018-06-04,2018-06-18,3,health_beauty,Central-West,6.234375,4.410721515320853,moving_average,10.0
2018-06-04,2018-06-25,4,health_beauty,Central-West,6.79296875,4.410721515320853,moving_average,8.0
2018-06-04,2018-06-04,1,health_beauty,North,1.0,2.0999574825627847,moving_average,8.0
2018-06-04,2018-06-11,2,health_beauty,North,1.25,2.0999574825627847,moving_average,3.0
2018-06-04,2018-06-18,3,health_beauty,North,1.0625,2.0999574825627847,moving_average,4.0
2018-06-04,2018-06-25,4,health_beauty,North,1.078125,2.0999574825627847,moving_average,7.0
2018-06-04,2018-06-04,1,health_beauty,Northeast,15.5,5.60938308296274,moving_average,24.0
2018-06-04,2018-06-11,2,health_beauty,Northeast,11.875,5.60938308296274,moving_average,22.0
2018-06-04,2018-06-18,3,health_beauty,Northeast,12.59375,5.60938308296274,moving_average,19.0
2018-06-04,2018-06-25,4,health_beauty,Northeast,13.7421875,5.60938308296274,moving_average,20.0
2018-06-04,2018-06-04,1,health_beauty,South,14.5,6.894226362896503,moving_average,17.0
2018-06-04,2018-06-11,2,health_beauty,South,10.375,6.894226362896503,moving_average,18.0
2018-06-04,2018-06-18,3,health_beauty,South,10.71875,6.894226362896503,moving_average,23.0
2018-06-04,2018-06-25,4,health_beauty,South,11.6484375,6.894226362896503,moving_average,24.0
2018-06-04,2018-06-04,1,health_beauty,Southeast,116.75,24.827332288657768,moving_average,134.0
2018-06-04,2018-06-11,2,health_beauty,Southeast,104.6875,24.827332288657768,moving_average,167.0
2018-06-04,2018-06-18,3,health_beauty,Southeast,94.859375,24.827332288657768,moving_average,171.0
2018-06-04,2018-06-25,4,health_beauty,Southeast,99.07421875,24.827332288657768,moving_average,131.0
2018-06-04,2018-06-04,1,housewares,Central-West,4.75,3.201422674820859,moving_average,10.0
2018-06-04,2018-06-11,2,housewares,Central-West,3.1875,3.201422674820859,moving_average,8.0
2018-06-04,2018-06-18,3,housewares,Central-West,2.984375,3.201422674820859,moving_average,9.0
2018-06-04,2018-06-25,4,housewares,Central-West,3.73046875,3.201422674820859,moving_average,9.0
2018-06-04,2018-06-04,1,housewares,North,1.0,1.2453484882324535,moving_average,0.0
2018-06-04,2018-06-11,2,housewares,North,0.75,1.2453484882324535,moving_average,3.0
2018-06-04,2018-06-18,3,housewares,North,0.9375,1.2453484882324535,moving_average,2.0
2018-06-04,2018-06-25,4,housewares,North,0.921875,1.2453484882324535,moving_average,3.0
2018-06-04,2018-06-04,1,housewares,Northeast,8.5,3.194582467687623,moving_average,4.0
2018-06-04,2018-06-11,2,housewares,Northeast,9.125,3.194582467687623,moving_average,5.0
2018-06-04,2018-06-18,3,housewares,Northeast,6.90625,3.194582467687623,moving_average,6.0
2018-06-04,2018-06-25,4,housewares,Northeast,7.6328125,3.194582467687623,moving_average,18.0
2018-06-04,2018-06-04,1,housewares,South,19.25,5.615666860285988,moving_average,26.0
2018-06-04,2018-06-11,2,housewares,South,17.3125,5.615666860285988,moving_average,18.0
2018-06-04,2018-06-18,3,housewares,South,14.390625,5.615666860285988,moving_average,12.0
2018-06-04,2018-06-25,4,housewares,South,15.48828125,5.615666860285988,moving_average,19.0
2018-06-04,2018-06-04,1,housewares,Southeast,105.25,19.72815247305231,moving_average,126.0
2018-06-04,2018-06-11,2,housewares,Southeast,100.0625,19.72815247305231,moving_average,96.0
2018-06-04,2018-06-18,3,housewares,Southeast,93.578125,19.72815247305231,moving_average,85.0
2018-06-04,2018-06-25,4,housewares,Southeast,100.22265625,19.72815247305231,moving_average,88.0
2018-06-04,2018-06-04,1,sports_leisure,Central-West,6.0,3.958377192739469,moving_average,8.0
2018-06-04,2018-06-11,2,sports_leisure,Central-West,6.5,3.958377192739469,moving_average,3.0
2018-06-04,2018-06-18,3,sports_leisure,Central-West,5.875,3.958377192739469,moving_average,11.0
2018-06-04,2018-06-25,4,sports_leisure,Central-West,6.09375,3.958377192739469,moving_average,6.0
2018-06-04,2018-06-04,1,sports_leisure,North,1.25,1.9044121702734718,moving_average,5.0
2018-06-04,2018-06-11,2,sports_leisure,North,1.0625,1.9044121702734718,moving_average,3.0
2018-06-04,2018-06-18,3,sports_leisure,North,1.328125,1.9044121702734718,moving_average,2.0
2018-06-04,2018-06-25,4,sports_leisure,North,1.66015625,1.9044121702734718,moving_average,0.0
2018-06-04,2018-06-04,1,sports_leisure,Northeast,5.25,4.49900782712938,moving_average,9.0
2018-06-04,2018-06-11,2,sports_leisure,Northeast,4.3125,4.49900782712938,moving_average,11.0
2018-06-04,2018-06-18,3,sports_leisure,Northeast,4.390625,4.49900782712938,moving_average,10.0
2018-06-04,2018-06-25,4,sports_leisure,Northeast,4.73828125,4.49900782712938,moving_average,5.0
2018-06-04,2018-06-04,1,sports_leisure,South,16.25,6.971882303735689,moving_average,7.0
2018-06-04,2018-06-11,2,sports_leisure,South,13.8125,6.971882303735689,moving_average,15.0
2018-06-04,2018-06-18,3,sports_leisure,South,13.265625,6.971882303735689,moving_average,12.0
2018-06-04,2018-06-25,4,sports_leisure,South,15.33203125,6.971882303735689,moving_average,13.0
2018-06-04,2018-06-04,1,sports_leisure,Southeast,76.25,21.562098857552275,moving_average,49.0
2018-06-04,2018-06-11,2,sports_leisure,Southeast,69.0625,21.562098857552275,moving_average,80.0
2018-06-04,2018-06-18,3,sports_leisure,Southeast,60.328125,21.562098857552275,moving_average,72.0
2018-06-04,2018-06-25,4,sports_leisure,Southeast,64.41015625,21.562098857552275,moving_average,78.0
2018-06-04,2018-06-04,1,telephony,Central-West,2.5,2.5549322048595675,moving_average,1.0
2018-06-04,2018-06-11,2,telephony,Central-West,1.625,2.5549322048595675,moving_average,4.0
2018-06-04,2018-06-18,3,telephony,Central-West,2.03125,2.5549322048595675,moving_average,17.0
2018-06-04,2018-06-25,4,telephony,Central-West,2.0390625,2.5549322048595675,moving_average,4.0
2018-06-04,2018-06-04,1,telephony,North,2.25,1.9968725547715858,moving_average,3.0
2018-06-04,2018-06-11,2,telephony,North,2.3125,1.9968725547715858,moving_average,0.0
2018-06-04,2018-06-18,3,telephony,North,2.390625,1.9968725547715858,moving_average,0.0
2018-06-04,2018-06-25,4,telephony,North,2.48828125,1.9968725547715858,moving_average,1.0
2018-06-04,2018-06-04,1,telephony,Northeast,8.75,5.130789412946121,moving_average,7.0
2018-06-04,2018-06-11,2,telephony,Northeast,6.6875,5.130789412946121,moving_average,8.0
2018-06-04,2018-06-18,3,telephony,Northeast,6.109375,5.130789412946121,moving_average,7.0
2018-06-04,2018-06-25,4,telephony,Northeast,7.38671875,5.130789412946121,moving_average,1.0
2018-06-04,2018-06-04,1,telephony,South,7.25,4.757794356932332,moving_average,7.0
2018-06-04,2018-06-11,2,telephony,South,7.5625,4.757794356932332,moving_average,7.0
2018-06-04,2018-06-18,3,telephony,South,7.453125,4.757794356932332,moving_average,9.0
2018-06-04,2018-06-25,4,telephony,South,7.56640625,4.757794356932332,moving_average,8.0
2018-06-04,2018-06-04,1,telephony,Southeast,34.5,12.265551353282085,moving_average,27.0
2018-06-04,2018-06-11,2,telephony,Southeast,30.875,12.265551353282085,moving_average,43.0
2018-06-04,2018-06-18,3,telephony,Southeast,28.09375,12.265551353282085,moving_average,26.0
2018-06-04,2018-06-25,4,telephony,Southeast,28.3671875,12.265551353282085,moving_average,24.0
2018-06-04,2018-06-04,1,watches_gifts,Central-West,6.75,2.755999948165042,moving_average,5.0
2018-06-04,2018-06-11,2,watches_gifts,Central-West,5.4375,2.755999948165042,moving_average,9.0
2018-06-04,2018-06-18,3,watches_gifts,Central-West,5.546875,2.755999948165042,moving_average,7.0
2018-06-04,2018-06-25,4,watches_gifts,Central-West,6.18359375,2.755999948165042,moving_average,11.0
2018-06-04,2018-06-04,1,watches_gifts,North,1.5,1.474485382381644,moving_average,1.0
2018-06-04,2018-06-11,2,watches_gifts,North,0.875,1.474485382381644,moving_average,3.0
2018-06-04,2018-06-18,3,watches_gifts,North,0.84375,1.474485382381644,moving_average,2.0
2018-06-04,2018-06-25,4,watches_gifts,North,1.0546875,1.474485382381644,moving_average,3.0
2018-06-04,2018-06-04,1,watches_gifts,Northeast,16.5,4.921889880929886,moving_average,13.0
2018-06-04,2018-06-11,2,watches_gifts,Northeast,12.875,4.921889880929886,moving_average,18.0
2018-06-04,2018-06-18,3,watches_gifts,Northeast,11.84375,4.921889880929886,moving_average,17.0
2018-06-04,2018-06-25,4,watches_gifts,Northeast,13.0546875,4.921889880929886,moving_average,7.0
2018-06-04,2018-06-04,1,watches_gifts,South,9.75,5.11885520125629,moving_average,9.0
2018-06-04,2018-06-11,2,watches_gifts,South,6.6875,5.11885520125629,moving_average,15.0
2018-06-04,2018-06-18,3,watches_gifts,South,6.359375,5.11885520125629,moving_average,12.0
2018-06-04,2018-06-25,4,watches_gifts,South,6.69921875,5.11885520125629,moving_average,12.0
2018-06-04,2018-06-04,1,watches_gifts,Southeast,89.25,22.53493319905152,moving_average,63.0
2018-06-04,2018-06-11,2,watches_gifts,Southeast,72.3125,22.53493319905152,moving_average,91.0
2018-06-04,2018-06-18,3,watches_gifts,Southeast,68.890625,22.53493319905152,moving_average,79.0
2018-06-04,2018-06-25,4,watches_gifts,Southeast,74.36328125,22.53493319905152,moving_average,74.0
2018-06-04,2018-06-04,1,auto,Central-West,2.7007163835152754,3.8519923099519233,ridge,8.0
2018-06-04,2018-06-11,2,auto,Central-West,1.628289908674689,3.8519923099519233,ridge,2.0
2018-06-04,2018-06-18,3,auto,Central-West,1.362312692548926,3.8519923099519233,ridge,4.0
2018-06-04,2018-06-25,4,auto,Central-West,0.8952191306917561,3.8519923099519233,ridge,5.0
2018-06-04,2018-06-04,1,auto,North,0.0,1.5653075629316235,ridge,3.0
2018-06-04,2018-06-11,2,auto,North,0.0,1.5653075629316235,ridge,0.0
2018-06-04,2018-06-18,3,auto,North,0.0,1.5653075629316235,ridge,0.0
2018-06-04,2018-06-25,4,auto,North,0.0,1.5653075629316235,ridge,1.0
2018-06-04,2018-06-04,1,auto,Northeast,5.337780457490333,2.849786369302408,ridge,6.0
2018-06-04,2018-06-11,2,auto,Northeast,3.9698377809805123,2.849786369302408,ridge,6.0
2018-06-04,2018-06-18,3,auto,Northeast,3.593018559694383,2.849786369302408,ridge,9.0
2018-06-04,2018-06-25,4,auto,Northeast,2.8901454224395966,2.849786369302408,ridge,5.0
2018-06-04,2018-06-04,1,auto,South,6.998130053075665,3.7254253191952533,ridge,17.0
2018-06-04,2018-06-11,2,auto,South,6.916010979396843,3.7254253191952533,ridge,11.0
2018-06-04,2018-06-18,3,auto,South,6.599837365800649,3.7254253191952533,ridge,11.0
2018-06-04,2018-06-25,4,auto,South,6.683872271571744,3.7254253191952533,ridge,9.0
2018-06-04,2018-06-04,1,auto,Southeast,38.87207049751024,11.821249979578964,ridge,45.0
2018-06-04,2018-06-11,2,auto,Southeast,45.663252655837624,11.821249979578964,ridge,39.0
2018-06-04,2018-06-18,3,auto,Southeast,49.78390620943189,11.821249979578964,ridge,50.0
2018-06-04,2018-06-25,4,auto,Southeast,51.38458194072298,11.821249979578964,ridge,50.0
2018-06-04,2018-06-04,1,bed_bath_table,Central-West,6.576827246243578,4.735738865245698,ridge,7.0
2018-06-04,2018-06-11,2,bed_bath_table,Central-West,7.598106789324887,4.735738865245698,ridge,2.0
2018-06-04,2018-06-18,3,bed_bath_table,Central-West,7.888559591642727,4.735738865245698,ridge,6.0
2018-06-04,2018-06-25,4,bed_bath_table,Central-West,8.118944449109296,4.735738865245698,ridge,4.0
2018-06-04,2018-06-04,1,bed_bath_table,North,1.0850295646335706,2.1039865762716454,ridge,0.0
2018-06-04,2018-06-11,2,bed_bath_table,North,1.3769085216597574,2.1039865762716454,ridge,0.0
2018-06-04,2018-06-18,3,bed_bath_table,North,1.5548791604399845,2.1039865762716454,ridge,1.0
2018-06-04,2018-06-25,4,bed_bath_table,North,1.8039987212006476,2.1039865762716454,ridge,0.0
2018-06-04,2018-06-04,1,bed_bath_table,Northeast,7.653890220670129,3.920767286223747,ridge,6.0
2018-06-04,2018-06-11,2,bed_bath_table,Northeast,8.927271763409786,3.920767286223747,ridge,10.0
2018-06-04,2018-06-18,3,bed_bath_table,Northeast,9.202408142680866,3.920767286223747,ridge,2.0
2018-06-04,2018-06-25,4,bed_bath_table,Northeast,9.535249368299578,3.920767286223747,ridge,19.0
2018-06-04,2018-06-04,1,bed_bath_table,South,17.997900304137634,7.216378983664426,ridge,24.0
2018-06-04,2018-06-11,2,bed_bath_table,South,20.131028377034866,7.216378983664426,ridge,12.0
2018-06-04,2018-06-18,3,bed_bath_table,South,20.572253192293076,7.216378983664426,ridge,27.0
2018-06-04,2018-06-25,4,bed_bath_table,South,20.487952487219136,7.216378983664426,ridge,20.0
2018-06-04,2018-06-04,1,bed_bath_table,Southeast,115.52607311946907,37.06750345588047,ridge,162.0
2018-06-04,2018-06-11,2,bed_bath_table,Southeast,114.42978616399505,37.06750345588047,ridge,159.0
2018-06-04,2018-06-18,3,bed_bath_table,Southeast,116.85021202695103,37.06750345588047,ridge,158.0
2018-06-04,2018-06-25,4,bed_bath_table,Southeast,118.00040090479274,37.06750345588047,ridge,113.0
2018-06-04,2018-06-04,1,computers_accessories,Central-West,3.078168219069287,4.113793419690367,ridge,1.0
2018-06-04,2018-06-11,2,computers_accessories,Central-West,4.07055590270188,4.113793419690367,ridge,5.0
2018-06-04,2018-06-18,3,computers_accessories,Central-West,4.593488518242297,4.113793419690367,ridge,7.0
2018-06-04,2018-06-25,4,computers_accessories,Central-West,4.578795340324974,4.113793419690367,ridge,2.0
2018-06-04,2018-06-04,1,computers_accessories,North,0.15235747686863554,2.233920673179824,ridge,3.0
2018-06-04,2018-06-11,2,computers_accessories,North,0.3181701828745034,2.233920673179824,ridge,3.0
2018-06-04,2018-06-18,3,computers_accessories,North,0.3009052212660066,2.233920673179824,ridge,0.0
2018-06-04,2018-06-25,4,computers_accessories,North,0.36455035543217384,2.233920673179824,ridge,0.0
2018-06-04,2018-06-04,1,computers_accessories,Northeast,8.7808650745924,5.408048037978936,ridge,16.0
2018-06-04,2018-06-11,2,computers_accessories,Northeast,9.660753801863507,5.408048037978936,ridge,10.0
2018-06-04,2018-06-18,3,computers_accessories,Northeast,9.990268732180919,5.408048037978936,ridge,9.0
2018-06-04,2018-06-25,4,computers_accessories,Northeast,10.166959178109575,5.408048037978936,ridge,8.0
2018-06-04,2018-06-04,1,computers_accessories,South,8.122927128203813,8.233990023912114,ridge,13.0
2018-06-04,2018-06-11,2,computers_accessories,South,10.109408565687797,8.233990023912114,ridge,13.0
2018-06-04,2018-06-18,3,computers_accessories,South,10.557354223581362,8.233990023912114,ridge,19.0
2018-06-04,2018-06-25,4,computers_accessories,South,11.263608238523425,8.233990023912114,ridge,19.0
2018-06-04,2018-06-04,1,computers_accessories,Southeast,55.952787951098,25.75500916922708,ridge,79.0
2018-06-04,2018-06-11,2,computers_accessories,Southeast,63.47833293005468,25.75500916922708,ridge,50.0
2018-06-04,2018-06-18,3,computers_accessories,Southeast,65.96804611489033,25.75500916922708,ridge,71.0
2018-06-04,2018-06-25,4,computers_accessories,Southeast,67.22341880072543,25.75500916922708,ridge,76.0
2018-06-04,2018-06-04,1,furniture_decor,Central-West,6.8956745416756,3.985773383492198,ridge,4.0
2018-06-04,2018-06-11,2,furniture_decor,Central-West,7.023857087739255,3.985773383492198,ridge,8.0
2018-06-04,2018-06-18,3,furniture_decor,Central-West,6.846566019574186,3.985773383492198,ridge,6.0
2018-06-04,2018-06-25,4,furniture_decor,Central-West,6.823629891371989,3.985773383492198,ridge,1.0
2018-06-04,2018-06-04,1,furniture_decor,North,0.1955589445937438,1.8927639128671254,ridge,6.0
2018-06-04,2018-06-11,2,furniture_decor,North,0.13259479709799038,1.8927639128671254,ridge,0.0
2018-06-04,2018-06-18,3,furniture_decor,North,0.23715488473792234,1.8927639128671254,ridge,0.0
2018-06-04,2018-06-25,4,furniture_decor,North,0.4599360453407755,1.8927639128671254,ridge,1.0
2018-06-04,2018-06-04,1,furniture_decor,Northeast,7.2739533166250885,5.2322944771929905,ridge,2.0
2018-06-04,2018-06-11,2,furniture_decor,Northeast,7.726969091228582,5.2322944771929905,ridge,5.0
2018-06-04,2018-06-18,3,furniture_decor,Northeast,8.018904293353529,5.2322944771929905,ridge,7.0
2018-06-04,2018-06-25,4,furniture_decor,Northeast,7.8451884909340075,5.2322944771929905,ridge,14.0
2018-06-04,2018-06-04,1,furniture_decor,South,18.639417577319513,9.070199540222353,ridge,17.0
2018-06-04,2018-06-11,2,furniture_decor,South,20.53133429468184,9.070199540222353,ridge,20.0
2018-06-04,2018-06-18,3,furniture_decor,South,21.886795904695266,9.070199540222353,ridge,22.0
2018-06-04,2018-06-25,4,furniture_decor,South,21.428046276946315,9.070199540222353,ridge,20.0
2018-06-04,2018-06-04,1,furniture_decor,Southeast,71.60287607282403,27.68637853106076,ridge,39.0
2018-06-04,2018-06-11,2,furniture_decor,Southeast,78.08500167068202,27.68637853106076,ridge,67.0
2018-06-04,2018-06-18,3,furniture_decor,Southeast,80.899420262799,27.68637853106076,ridge,52.0
2018-06-04,2018-06-25,4,furniture_decor,Southeast,82.48783846047512,27.68637853106076,ridge,84.0
2018-06-04,2018-06-04,1,garden_tools,Central-West,0.3729676132422899,3.3831883586751177,ridge,2.0
2018-06-04,2018-06-11,2,garden_tools,Central-West,0.5112846218006899,3.3831883586751177,ridge,1.0
2018-06-04,2018-06-18,3,garden_tools,Central-West,0.7339265516520204,3.3831883586751177,ridge,0.0
2018-06-04,2018-06-25,4,garden_tools,Central-West,0.72078056713557,3.3831883586751177,ridge,4.0
2018-06-04,2018-06-04,1,garden_tools,North,0.0,1.7161490755681388,ridge,1.0
2018-06-04,2018-06-11,2,garden_tools,North,0.0,1.7161490755681388,ridge,3.0
2018-06-04,2018-06-18,3,garden_tools,North,0.0,1.7161490755681388,ridge,0.0
2018-06-04,2018-06-25,4,garden_tools,North,0.0,1.7161490755681388,ridge,1.0
2018-06-04,2018-06-04,1,garden_tools,Northeast,4.910221018004238,5.297429298031721,ridge,0.0
2018-06-04,2018-06-11,2,garden_tools,Northeast,4.8585936792011815,5.297429298031721,ridge,4.0
2018-06-04,2018-06-18,3,garden_tools,Northeast,3.8732245885868952,5.297429298031721,ridge,2.0
2018-06-04,2018-06-25,4,garden_tools,Northeast,3.1230517667723916,5.297429298031721,ridge,5.0
2018-06-04,2018-06-04,1,garden_tools,South,4.628077001960064,5.253458900455631,ridge,8.0
2018-06-04,2018-06-11,2,garden_tools,South,5.663430436700144,5.253458900455631,ridge,5.0
2018-06-04,2018-06-18,3,garden_tools,South,6.267599383677186,5.253458900455631,ridge,3.0
2018-06-04,2018-06-25,4,garden_tools,South,6.2509999807305,5.253458900455631,ridge,9.0
2018-06-04,2018-06-04,1,garden_tools,Southeast,35.56859088549298,22.19584929413946,ridge,36.0
2018-06-04,2018-06-11,2,garden_tools,Southeast,42.64147648478364,22.19584929413946,ridge,29.0
2018-06-04,2018-06-18,3,garden_tools,Southeast,46.551535138029564,22.19584929413946,ridge,25.0
2018-06-04,2018-06-25,4,garden_tools,Southeast,49.058922673496376,22.19584929413946,ridge,52.0
2018-06-04,2018-06-04,1,health_beauty,Central-West,7.439227872709409,4.293559746366272,ridge,14.0
2018-06-04,2018-06-11,2,health_beauty,Central-West,8.447068872567188,4.293559746366272,ridge,13.0
2018-06-04,2018-06-18,3,health_beauty,Central-West,8.83151401703657,4.293559746366272,ridge,10.0
2018-06-04,2018-06-25,4,health_beauty,Central-West,8.853968823420558,4.293559746366272,ridge,8.0
2018-06-04,2018-06-04,1,health_beauty,North,1.7075693813272252,2.236815283954964,ridge,8.0
2018-06-04,2018-06-11,2,health_beauty,North,1.587741493054395,2.236815283954964,ridge,3.0
2018-06-04,2018-06-18,3,health_beauty,North,1.5813028589740359,2.236815283954964,ridge,4.0
2018-06-04,2018-06-25,4,health_beauty,North,1.5291111730784444,2.236815283954964,ridge,7.0
2018-06-04,2018-06-04,1,health_beauty,Northeast,14.279122964977097,5.015406528186428,ridge,24.0
2018-06-04,2018-06-11,2,health_beauty,Northeast,15.198192632006133,5.015406528186428,ridge,22.0
2018-06-04,2018-06-18,3,health_beauty,Northeast,15.649442247973251,5.015406528186428,ridge,19.0
2018-06-04,2018-06-25,4,health_beauty,Northeast,14.885000634136581,5.015406528186428,ridge,20.0
2018-06-04,2018-06-04,1,health_beauty,South,13.974011688130062,5.815454597951168,ridge,17.0
2018-06-04,2018-06-11,2,health_beauty,South,16.59059523390357,5.815454597951168,ridge,18.0
2018-06-04,2018-06-18,3,health_beauty,South,17.24683118444322,5.815454597951168,ridge,23.0
2018-06-04,2018-06-25,4,health_beauty,South,17.301063607780822,5.815454597951168,ridge,24.0
2018-06-04,2018-06-04,1,health_beauty,Southeast,94.71081618374816,19.305842125314516,ridge,134.0
2018-06-04,2018-06-11,2,health_beauty,Southeast,101.27600045526819,19.305842125314516,ridge,167.0
2018-06-04,2018-06-18,3,health_beauty,Southeast,108.26115864262009,19.305842125314516,ridge,171.0
2018-06-04,2018-06-25,4,health_beauty,Southeast,111.55581010721022,19.305842125314516,ridge,131.0
2018-06-04,2018-06-04,1,housewares,Central-West,3.9248018325465965,3.087224361115753,ridge,10.0
2018-06-04,2018-06-11,2,housewares,Central-West,4.085069952586088,3.087224361115753,ridge,8.0
2018-06-04,2018-06-18,3,housewares,Central-West,4.3342371081939595,3.087224361115753,ridge,9.0
2018-06-04,2018-06-25,4,housewares,Central-West,4.355008946224022,3.087224361115753,ridge,9.0
2018-06-04,2018-06-04,1,housewares,North,0.27801356911573727,1.5494702525979576,ridge,0.0
2018-06-04,2018-06-11,2,housewares,North,0.0,1.5494702525979576,ridge,3.0
2018-06-04,2018-06-18,3,housewares,North,0.0,1.5494702525979576,ridge,2.0
2018-06-04,2018-06-25,4,housewares,North,0.0,1.5494702525979576,ridge,3.0
2018-06-04,2018-06-04,1,housewares,Northeast,6.777934323468631,3.2113232635799185,ridge,4.0
2018-06-04,2018-06-11,2,housewares,Northeast,6.851948514386758,3.2113232635799185,ridge,5.0
2018-06-04,2018-06-18,3,housewares,Northeast,7.307834455910198,3.2113232635799185,ridge,6.0
2018-06-04,2018-06-25,4,housewares,Northeast,7.4605795183550985,3.2113232635799185,ridge,18.0
2018-06-04,2018-06-04,1,housewares,South,13.314025637620137,5.826324046503895,ridge,26.0
2018-06-04,2018-06-11,2,housewares,South,14.477701138647351,5.826324046503895,ridge,18.0
2018-06-04,2018-06-18,3,housewares,South,15.591462943021943,5.826324046503895,ridge,12.0
2018-06-04,2018-06-25,4,housewares,South,16.481802312921985,5.826324046503895,ridge,19.0
2018-06-04,2018-06-04,1,housewares,Southeast,94.69560186587178,17.720102256053117,ridge,126.0
2018-06-04,2018-06-11,2,housewares,Southeast,92.46643487717165,17.720102256053117,ridge,96.0
2018-06-04,2018-06-18,3,housewares,Southeast,94.65103579847377,17.720102256053117,ridge,85.0
2018-06-04,2018-06-25,4,housewares,Southeast,93.38003964098333,17.720102256053117,ridge,88.0
2018-06-04,2018-06-04,1,sports_leisure,Central-West,6.1400816509626575,3.9923438610650557,ridge,8.0
2018-06-04,2018-06-11,2,sports_leisure,Central-West,6.0520388242289105,3.9923438610650557,ridge,3.0
2018-06-04,2018-06-18,3,sports_leisure,Central-West,6.08099969779713,3.9923438610650557,ridge,11.0
2018-06-04,2018-06-25,4,sports_leisure,Central-West,5.998451104048253,3.9923438610650557,ridge,6.0
2018-06-04,2018-06-04,1,sports_leisure,North,2.3065706802910206,2.114113766661037,ridge,5.0
2018-06-04,2018-06-11,2,sports_leisure,North,1.96297957067984,2.114113766661037,ridge,3.0
2018-06-04,2018-06-18,3,sports_leisure,North,1.6765051675058888,2.114113766661037,ridge,2.0
2018-06-04,2018-06-25,4,sports_leisure,North,1.1603937226598973,2.114113766661037,ridge,0.0
2018-06-04,2018-06-04,1,sports_leisure,Northeast,5.935764632603087,4.078006930885669,ridge,9.0
2018-06-04,2018-06-11,2,sports_leisure,Northeast,6.326458105303411,4.078006930885669,ridge,11.0
2018-06-04,2018-06-18,3,sports_leisure,Northeast,6.823575563377446,4.078006930885669,ridge,10.0
2018-06-04,2018-06-25,4,sports_leisure,Northeast,6.348154228420405,4.078006930885669,ridge,5.0
2018-06-04,2018-06-04,1,sports_leisure,South,16.398441091652845,6.7321605112836975,ridge,7.0
2018-06-04,2018-06-11,2,sports_leisure,South,15.392297834801358,6.7321605112836975,ridge,15.0
2018-06-04,2018-06-18,3,sports_leisure,South,15.732224193526541,6.7321605112836975,ridge,12.0
2018-06-04,2018-06-25,4,sports_leisure,South,15.046133859326694,6.7321605112836975,ridge,13.0
2018-06-04,2018-06-04,1,sports_leisure,Southeast,67.75310374007411,17.66829345055596,ridge,49.0
2018-06-04,2018-06-11,2,sports_leisure,Southeast,73.6407355576891,17.66829345055596,ridge,80.0
2018-06-04,2018-06-18,3,sports_leisure,Southeast,78.15954901934563,17.66829345055596,ridge,72.0
2018-06-04,2018-06-25,4,sports_leisure,Southeast,79.17813874644543,17.66829345055596,ridge,78.0
2018-06-04,2018-06-04,1,telephony,Central-West,1.485898494725605,2.689472809183138,ridge,1.0
2018-06-04,2018-06-11,2,telephony,Central-West,1.4648544864491928,2.689472809183138,ridge,4.0
2018-06-04,2018-06-18,3,telephony,Central-West,0.5049449017943095,2.689472809183138,ridge,17.0
2018-06-04,2018-06-25,4,telephony,Central-West,0.00047126262263308405,2.689472809183138,ridge,4.0
2018-06-04,2018-06-04,1,telephony,North,0.4175180155899607,2.1508711070300204,ridge,3.0
2018-06-04,2018-06-11,2,telephony,North,0.0,2.1508711070300204,ridge,0.0
2018-06-04,2018-06-18,3,telephony,North,0.0,2.1508711070300204,ridge,0.0
2018-06-04,2018-06-25,4,telephony,North,0.0,2.1508711070300204,ridge,1.0
2018-06-04,2018-06-04,1,telephony,Northeast,6.138247040552627,4.966776646326496,ridge,7.0
2018-06-04,2018-06-11,2,telephony,Northeast,5.747354355592204,4.966776646326496,ridge,8.0
2018-06-04,2018-06-18,3,telephony,Northeast,5.234530188168124,4.966776646326496,ridge,7.0
2018-06-04,2018-06-25,4,telephony,Northeast,4.82202042837177,4.966776646326496,ridge,1.0
2018-06-04,2018-06-04,1,telephony,South,7.62519746697248,4.379729511176105,ridge,7.0
2018-06-04,2018-06-11,2,telephony,South,7.484628867187646,4.379729511176105,ridge,7.0
2018-06-04,2018-06-18,3,telephony,South,7.253732939368457,4.379729511176105,ridge,9.0
2018-06-04,2018-06-25,4,telephony,South,6.99955169944413,4.379729511176105,ridge,8.0
2018-06-04,2018-06-04,1,telephony,Southeast,32.19308295418695,11.216820947183411,ridge,27.0
2018-06-04,2018-06-11,2,telephony,Southeast,36.89204592700317,11.216820947183411,ridge,43.0
2018-06-04,2018-06-18,3,telephony,Southeast,39.75088832381265,11.216820947183411,ridge,26.0
2018-06-04,2018-06-25,4,telephony,Southeast,40.81594694741675,11.216820947183411,ridge,24.0
2018-06-04,2018-06-04,1,watches_gifts,Central-West,6.493587536835562,2.765487197100475,ridge,5.0
2018-06-04,2018-06-11,2,watches_gifts,Central-West,6.487645672510908,2.765487197100475,ridge,9.0
2018-06-04,2018-06-18,3,watches_gifts,Central-West,6.650096286605182,2.765487197100475,ridge,7.0
2018-06-04,2018-06-25,4,watches_gifts,Central-West,6.159908263196614,2.765487197100475,ridge,11.0
2018-06-04,2018-06-04,1,watches_gifts,North,0.5282915121038059,1.6343729546398569,ridge,1.0
2018-06-04,2018-06-11,2,watches_gifts,North,0.36671519065527924,1.6343729546398569,ridge,3.0
2018-06-04,2018-06-18,3,watches_gifts,North,0.2846889077663324,1.6343729546398569,ridge,2.0
2018-06-04,2018-06-25,4,watches_gifts,North,0.0,1.6343729546398569,ridge,3.0
2018-06-04,2018-06-04,1,watches_gifts,Northeast,12.134386966667726,4.5456741239210325,ridge,13.0
2018-06-04,2018-06-11,2,watches_gifts,Northeast,13.956425558769274,4.5456741239210325,ridge,18.0
2018-06-04,2018-06-18,3,watches_gifts,Northeast,14.555343871316946,4.5456741239210325,ridge,17.0
2018-06-04,2018-06-25,4,watches_gifts,Northeast,14.757466986783397,4.5456741239210325,ridge,7.0
2018-06-04,2018-06-04,1,watches_gifts,South,8.432104751002186,4.87316131123375,ridge,9.0
2018-06-04,2018-06-11,2,watches_gifts,South,10.69756595986722,4.87316131123375,ridge,15.0
2018-06-04,2018-06-18,3,watches_gifts,South,12.303353689280387,4.87316131123375,ridge,12.0
2018-06-04,2018-06-25,4,watches_gifts,South,11.829268820518811,4.87316131123375,ridge,12.0
2018-06-04,2018-06-04,1,watches_gifts,Southeast,73.78568772519142,17.020174502325823,ridge,63.0
2018-06-04,2018-06-11,2,watches_gifts,Southeast,83.19684875196265,17.020174502325823,ridge,91.0
2018-06-04,2018-06-18,3,watches_gifts,Southeast,91.23390064174086,17.020174502325823,ridge,79.0
2018-06-04,2018-06-25,4,watches_gifts,Southeast,92.82510116076091,17.020174502325823,ridge,74.0
2018-06-11,2018-06-11,1,auto,Central-West,8.0,4.542444586002278,last_week,2.0
2018-06-11,2018-06-18,2,auto,Central-West,8.0,4.542444586002278,last_week,4.0
2018-06-11,2018-06-25,3,auto,Central-West,8.0,4.542444586002278,last_week,5.0
2018-06-11,2018-07-02,4,auto,Central-West,8.0,4.542444586002278,last_week,0.0
2018-06-11,2018-06-11,1,auto,North,3.0,1.4775312489248056,last_week,0.0
2018-06-11,2018-06-18,2,auto,North,3.0,1.4775312489248056,last_week,0.0
2018-06-11,2018-06-25,3,auto,North,3.0,1.4775312489248056,last_week,1.0
2018-06-11,2018-07-02,4,auto,North,3.0,1.4775312489248056,last_week,2.0
2018-06-11,2018-06-11,1,auto,Northeast,6.0,3.367198860924921,last_week,6.0
2018-06-11,2018-06-18,2,auto,Northeast,6.0,3.367198860924921,last_week,9.0
2018-06-11,2018-06-25,3,auto,Northeast,6.0,3.367198860924921,last_week,5.0
2018-06-11,2018-07-02,4,auto,Northeast,6.0,3.367198860924921,last_week,4.0
2018-06-11,2018-06-11,1,auto,South,17.0,4.59178691167758,last_week,11.0
2018-06-11,2018-06-18,2,auto,South,17.0,4.59178691167758,last_week,11.0
2018-06-11,2018-06-25,3,auto,South,17.0,4.59178691167758,last_week,9.0
2018-06-11,2018-07-02,4,auto,South,17.0,4.59178691167758,last_week,9.0
2018-06-11,2018-06-11,1,auto,Southeast,45.0,13.037324533274283,last_week,39.0
2018-06-11,2018-06-18,2,auto,Southeast,45.0,13.037324533274283,last_week,50.0
2018-06-11,2018-06-25,3,auto,Southeast,45.0,13.037324533274283,last_week,50.0
2018-06-11,2018-07-02,4,auto,Southeast,45.0,13.037324533274283,last_week,44.0
2018-06-11,2018-06-11,1,bed_bath_table,Central-West,7.0,5.345789444855867,last_week,2.0
2018-06-11,2018-06-18,2,bed_bath_table,Central-West,7.0,5.345789444855867,last_week,6.0
2018-06-11,2018-06-25,3,bed_bath_table,Central-West,7.0,5.345789444855867,last_week,4.0
2018-06-11,2018-07-02,4,bed_bath_table,Central-West,7.0,5.345789444855867,last_week,9.0
2018-06-11,2018-06-11,1,bed_bath_table,North,0.0,1.501173250081603,last_week,0.0
2018-06-11,2018-06-18,2,bed_bath_table,North,0.0,1.501173250081603,last_week,1.0
2018-06-11,2018-06-25,3,bed_bath_table,North,0.0,1.501173250081603,last_week,0.0
2018-06-11,2018-07-02,4,bed_bath_table,North,0.0,1.501173250081603,last_week,3.0
2018-06-11,2018-06-11,1,bed_bath_table,Northeast,6.0,3.930738381697784,last_week,10.0
2018-06-11,2018-06-18,2,bed_bath_table,Northeast,6.0,3.930738381697784,last_week,2.0
2018-06-11,2018-06-25,3,bed_bath_table,Northeast,6.0,3.930738381697784,last_week,19.0
2018-06-11,2018-07-02,4,bed_bath_table,Northeast,6.0,3.930738381697784,last_week,6.0
2018-06-11,2018-06-11,1,bed_bath_table,South,24.0,8.545652053183801,last_week,12.0
2018-06-11,2018-06-18,2,bed_bath_table,South,24.0,8.545652053183801,last_week,27.0
2018-06-11,2018-06-25,3,bed_bath_table,South,24.0,8.545652053183801,last_week,20.0
2018-06-11,2018-07-02,4,bed_bath_table,South,24.0,8.545652053183801,last_week,14.0
2018-06-11,2018-06-11,1,bed_bath_table,Southeast,162.0,42.66277857871353,last_week,159.0
2018-06-11,2018-06-18,2,bed_bath_table,Southeast,162.0,42.66277857871353,last_week,158.0
2018-06-11,2018-06-25,3,bed_bath_table,Southeast,162.0,42.66277857871353,last_week,113.0
2018-06-11,2018-07-02,4,bed_bath_table,Southeast,162.0,42.66277857871353,last_week,96.0
2018-06-11,2018-06-11,1,computers_accessories,Central-West,1.0,4.766372819991626,last_week,5.0
2018-06-11,2018-06-18,2,computers_accessories,Central-West,1.0,4.766372819991626,last_week,7.0
2018-06-11,2018-06-25,3,computers_accessories,Central-West,1.0,4.766372819991626,last_week,2.0
2018-06-11,2018-07-02,4,computers_accessories,Central-West,1.0,4.766372819991626,last_week,3.0
2018-06-11,2018-06-11,1,computers_accessories,North,3.0,2.6404225014030414,last_week,3.0
2018-06-11,2018-06-18,2,computers_accessories,North,3.0,2.6404225014030414,last_week,0.0
2018-06-11,2018-06-25,3,computers_accessories,North,3.0,2.6404225014030414,last_week,0.0
2018-06-11,2018-07-02,4,computers_accessories,North,3.0,2.6404225014030414,last_week,0.0
2018-06-11,2018-06-11,1,computers_accessories,Northeast,16.0,6.6183696558448935,last_week,10.0
2018-06-11,2018-06-18,2,computers_accessories,Northeast,16.0,6.6183696558448935,last_week,9.0
2018-06-11,2018-06-25,3,computers_accessories,Northeast,16.0,6.6183696558448935,last_week,8.0
2018-06-11,2018-07-02,4,computers_accessories,Northeast,16.0,6.6183696558448935,last_week,9.0
2018-06-11,2018-06-11,1,computers_accessories,South,13.0,8.20511691945775,last_week,13.0
2018-06-11,2018-06-18,2,computers_accessories,South,13.0,8.20511691945775,last_week,19.0
2018-06-11,2018-06-25,3,computers_accessories,South,13.0,8.20511691945775,last_week,19.0
2018-06-11,2018-07-02,4,computers_accessories,South,13.0,8.20511691945775,last_week,11.0
2018-06-11,2018-06-11,1,computers_accessories,Southeast,79.0,24.97971007623903,last_week,50.0
2018-06-11,2018-06-18,2,computers_accessories,Southeast,79.0,24.97971007623903,last_week,71.0
2018-06-11,2018-06-25,3,computers_accessories,Southeast,79.0,24.97971007623903,last_week,76.0
2018-06-11,2018-07-02,4,computers_accessories,Southeast,79.0,24.97971007623903,last_week,58.0
2018-06-11,2018-06-11,1,furniture_decor,Central-West,4.0,4.803167968665188,last_week,8.0
2018-06-11,2018-06-18,2,furniture_decor,Central-West,4.0,4.803167968665188,last_week,6.0
2018-06-11,2018-06-25,3,furniture_decor,Central-West,4.0,4.803167968665188,last_week,1.0
2018-06-11,2018-07-02,4,furniture_decor,Central-West,4.0,4.803167968665188,last_week,4.0
2018-06-11,2018-06-11,1,furniture_decor,North,6.0,2.276641955062169,last_week,0.0
2018-06-11,2018-06-18,2,furniture_decor,North,6.0,2.276641955062169,last_week,0.0
2018-06-11,2018-06-25,3,furniture_decor,North,6.0,2.276641955062169,last_week,1.0
2018-06-11,2018-07-02,4,furniture_decor,North,6.0,2.276641955062169,last_week,1.0
2018-06-11,2018-06-11,1,furniture_decor,Northeast,2.0,6.1231493323680155,last_week,5.0
2018-06-11,2018-06-18,2,furniture_decor,Northeast,2.0,6.1231493323680155,last_week,7.0
2018-06-11,2018-06-25,3,furniture_decor,Northeast,2.0,6.1231493323680155,last_week,14.0
2018-06-11,2018-07-02,4,furniture_decor,Northeast,2.0,6.1231493323680155,last_week,5.0
2018-06-11,2018-06-11,1,furniture_decor,South,17.0,10.569021967623716,last_week,20.0
2018-06-11,2018-06-18,2,furniture_decor,South,17.0,10.569021967623716,last_week,22.0
2018-06-11,2018-06-25,3,furniture_decor,South,17.0,10.569021967623716,last_week,20.0
2018-06-11,2018-07-02,4,furniture_decor,South,17.0,10.569021967623716,last_week,17.0
2018-06-11,2018-06-11,1,furniture_decor,Southeast,39.0,30.435801750060964,last_week,67.0
2018-06-11,2018-06-18,2,furniture_decor,Southeast,39.0,30.435801750060964,last_week,52.0
2018-06-11,2018-06-25,3,furniture_decor,Southeast,39.0,30.435801750060964,last_week,84.0
2018-06-11,2018-07-02,4,furniture_decor,Southeast,39.0,30.435801750060964,last_week,63.0
2018-06-11,2018-06-11,1,garden_tools,Central-West,2.0,4.714377171236521,last_week,1.0
2018-06-11,2018-06-18,2,garden_tools,Central-West,2.0,4.714377171236521,last_week,0.0
2018-06-11,2018-06-25,3,garden_tools,Central-West,2.0,4.714377171236521,last_week,4.0
2018-06-11,2018-07-02,4,garden_tools,Central-West,2.0,4.714377171236521,last_week,0.0
2018-06-11,2018-06-11,1,garden_tools,North,1.0,1.6529955735564397,last_week,3.0
2018-06-11,2018-06-18,2,garden_tools,North,1.0,1.6529955735564397,last_week,0.0
2018-06-11,2018-06-25,3,garden_tools,North,1.0,1.6529955735564397,last_week,1.0
2018-06-11,2018-07-02,4,garden_tools,North,1.0,1.6529955735564397,last_week,0.0
2018-06-11,2018-06-11,1,garden_tools,Northeast,0.0,6.318985477494685,last_week,4.0
2018-06-11,2018-06-18,2,garden_tools,Northeast,0.0,6.318985477494685,last_week,2.0
2018-06-11,2018-06-25,3,garden_tools,Northeast,0.0,6.318985477494685,last_week,5.0
2018-06-11,2018-07-02,4,garden_tools,Northeast,0.0,6.318985477494685,last_week,4.0
2018-06-11,2018-06-11,1,garden_tools,South,8.0,5.978835912888013,last_week,5.0
2018-06-11,2018-06-18,2,garden_tools,South,8.0,5.978835912888013,last_week,3.0
2018-06-11,2018-06-25,3,garden_tools,South,8.0,5.978835912888013,last_week,9.0
2018-06-11,2018-07-02,4,garden_tools,South,8.0,5.978835912888013,last_week,5.0
2018-06-11,2018-06-11,1,garden_tools,Southeast,36.0,25.547525444512786,last_week,29.0
2018-06-11,2018-06-18,2,garden_tools,Southeast,36.0,25.547525444512786,last_week,25.0
2018-06-11,2018-06-25,3,garden_tools,Southeast,36.0,25.547525444512786,last_week,52.0
2018-06-11,2018-07-02,4,garden_tools,Southeast,36.0,25.547525444512786,last_week,27.0
2018-06-11,2018-06-11,1,health_beauty,Central-West,14.0,5.042076478125615,last_week,13.0
2018-06-11,2018-06-18,2,health_beauty,Central-West,14.0,5.042076478125615,last_week,10.0
2018-06-11,2018-06-25,3,health_beauty,Central-West,14.0,5.042076478125615,last_week,8.0
2018-06-11,2018-07-02,4,health_beauty,Central-West,14.0,5.042076478125615,last_week,6.0
2018-06-11,2018-06-11,1,health_beauty,North,8.0,2.635082915551423,last_week,3.0
2018-06-11,2018-06-18,2,health_beauty,North,8.0,2.635082915551423,last_week,4.0
2018-06-11,2018-06-25,3,health_beauty,North,8.0,2.635082915551423,last_week,7.0
2018-06-11,2018-07-02,4,health_beauty,North,8.0,2.635082915551423,last_week,5.0
2018-06-11,2018-06-11,1,health_beauty,Northeast,24.0,6.208807918968656,last_week,22.0
2018-06-11,2018-06-18,2,health_beauty,Northeast,24.0,6.208807918968656,last_week,19.0
2018-06-11,2018-06-25,3,health_beauty,Northeast,24.0,6.208807918968656,last_week,20.0
2018-06-11,2018-07-02,4,health_beauty,Northeast,24.0,6.208807918968656,last_week,20.0
2018-06-11,2018-06-11,1,health_beauty,South,17.0,6.635372560307711,last_week,18.0
2018-06-11,2018-06-18,2,health_beauty,South,17.0,6.635372560307711,last_week,23.0
2018-06-11,2018-06-25,3,health_beauty,South,17.0,6.635372560307711,last_week,24.0
2018-06-11,2018-07-02,4,health_beauty,South,17.0,6.635372560307711,last_week,13.0
2018-06-11,2018-06-11,1,health_beauty,Southeast,134.0,21.638190026100467,last_week,167.0
2018-06-11,2018-06-18,2,health_beauty,Southeast,134.0,21.638190026100467,last_week,171.0
2018-06-11,2018-06-25,3,health_beauty,Southeast,134.0,21.638190026100467,last_week,131.0
2018-06-11,2018-07-02,4,health_beauty,Southeast,134.0,21.638190026100467,last_week,138.0
2018-06-11,2018-06-11,1,housewares,Central-West,10.0,3.61919763888293,last_week,8.0
2018-06-11,2018-06-18,2,housewares,Central-West,10.0,3.61919763888293,last_week,9.0
2018-06-11,2018-06-25,3,housewares,Central-West,10.0,3.61919763888293,last_week,9.0
2018-06-11,2018-07-02,4,housewares,Central-West,10.0,3.61919763888293,last_week,4.0
2018-06-11,2018-06-11,1,housewares,North,0.0,1.6950632544597617,last_week,3.0
2018-06-11,2018-06-18,2,housewares,North,0.0,1.6950632544597617,last_week,2.0
2018-06-11,2018-06-25,3,housewares,North,0.0,1.6950632544597617,last_week,3.0
2018-06-11,2018-07-02,4,housewares,North,0.0,1.6950632544597617,last_week,1.0
2018-06-11,2018-06-11,1,housewares,Northeast,4.0,3.8290954324730424,last_week,5.0
2018-06-11,2018-06-18,2,housewares,Northeast,4.0,3.8290954324730424,last_week,6.0
2018-06-11,2018-06-25,3,housewares,Northeast,4.0,3.8290954324730424,last_week,18.0
2018-06-11,2018-07-02,4,housewares,Northeast,4.0,3.8290954324730424,last_week,7.0
2018-06-11,2018-06-11,1,housewares,South,26.0,7.038125550713459,last_week,18.0
2018-06-11,2018-06-18,2,housewares,South,26.0,7.038125550713459,last_week,12.0
2018-06-11,2018-06-25,3,housewares,South,26.0,7.038125550713459,last_week,19.0
2018-06-11,2018-07-02,4,housewares,South,26.0,7.038125550713459,last_week,17.0
2018-06-11,2018-06-11,1,housewares,Southeast,126.0,20.05801444964012,last_week,96.0
2018-06-11,2018-06-18,2,housewares,Southeast,126.0,20.05801444964012,last_week,85.0
2018-06-11,2018-06-25,3,housewares,Southeast,126.0,20.05801444964012,last_week,88.0
2018-06-11,2018-07-02,4,housewares,Southeast,126.0,20.05801444964012,last_week,82.0
2018-06-11,2018-06-11,1,sports_leisure,Central-West,8.0,4.829486894274777,last_week,3.0
2018-06-11,2018-06-18,2,sports_leisure,Central-West,8.0,4.829486894274777,last_week,11.0
2018-06-11,2018-06-25,3,sports_leisure,Central-West,8.0,4.829486894274777,last_week,6.0
2018-06-11,2018-07-02,4,sports_leisure,Central-West,8.0,4.829486894274777,last_week,7.0
2018-06-11,2018-06-11,1,sports_leisure,North,5.0,2.3646457019550833,last_week,3.0
2018-06-11,2018-06-18,2,sports_leisure,North,5.0,2.3646457019550833,last_week,2.0
2018-06-11,2018-06-25,3,sports_leisure,North,5.0,2.3646457019550833,last_week,0.0
2018-06-11,2018-07-02,4,sports_leisure,North,5.0,2.3646457019550833,last_week,1.0
2018-06-11,2018-06-11,1,sports_leisure,Northeast,9.0,4.682902675135234,last_week,11.0
2018-06-11,2018-06-18,2,sports_leisure,Northeast,9.0,4.682902675135234,last_week,10.0
2018-06-11,2018-06-25,3,sports_leisure,Northeast,9.0,4.682902675135234,last_week,5.0
2018-06-11,2018-07-02,4,sports_leisure,Northeast,9.0,4.682902675135234,last_week,10.0
2018-06-11,2018-06-11,1,sports_leisure,South,7.0,7.824663067038482,last_week,15.0
2018-06-11,2018-06-18,2,sports_leisure,South,7.0,7.824663067038482,last_week,12.0
2018-06-11,2018-06-25,3,sports_leisure,South,7.0,7.824663067038482,last_week,13.0
2018-06-11,2018-07-02,4,sports_leisure,South,7.0,7.824663067038482,last_week,18.0
2018-06-11,2018-06-11,1,sports_leisure,Southeast,49.0,19.43859961338721,last_week,80.0
2018-06-11,2018-06-18,2,sports_leisure,Southeast,49.0,19.43859961338721,last_week,72.0
2018-06-11,2018-06-25,3,sports_leisure,Southeast,49.0,19.43859961338721,last_week,78.0
2018-06-11,2018-07-02,4,sports_leisure,Southeast,49.0,19.43859961338721,last_week,78.0
2018-06-11,2018-06-11,1,telephony,Central-West,1.0,3.166728440217839,last_week,4.0
2018-06-11,2018-06-18,2,telephony,Central-West,1.0,3.166728440217839,last_week,17.0
2018-06-11,2018-06-25,3,telephony,Central-West,1.0,3.166728440217839,last_week,4.0
2018-06-11,2018-07-02,4,telephony,Central-West,1.0,3.166728440217839,last_week,1.0
2018-06-11,2018-06-11,1,telephony,North,3.0,2.185096768411858,last_week,0.0
2018-06-11,2018-06-18,2,telephony,North,3.0,2.185096768411858,last_week,0.0
2018-06-11,2018-06-25,3,telephony,North,3.0,2.185096768411858,last_week,1.0
2018-06-11,2018-07-02,4,telephony,North,3.0,2.185096768411858,last_week,0.0
2018-06-11,2018-06-11,1,telephony,Northeast,7.0,5.918460020485439,last_week,8.0
2018-06-11,2018-06-18,2,telephony,Northeast,7.0,5.918460020485439,last_week,7.0
2018-06-11,2018-06-25,3,telephony,Northeast,7.0,5.918460020485439,last_week,1.0
2018-06-11,2018-07-02,4,telephony,Northeast,7.0,5.918460020485439,last_week,7.0
2018-06-11,2018-06-11,1,telephony,South,7.0,5.228578025526069,last_week,7.0
2018-06-11,2018-06-18,2,telephony,South,7.0,5.228578025526069,last_week,9.0
2018-06-11,2018-06-25,3,telephony,South,7.0,5.228578025526069,last_week,8.0
2018-06-11,2018-07-02,4,telephony,South,7.0,5.228578025526069,last_week,9.0
2018-06-11,2018-06-11,1,telephony,Southeast,27.0,11.95472680397785,last_week,43.0
2018-06-11,2018-06-18,2,telephony,Southeast,27.0,11.95472680397785,last_week,26.0
2018-06-11,2018-06-25,3,telephony,Southeast,27.0,11.95472680397785,last_week,24.0
2018-06-11,2018-07-02,4,telephony,Southeast,27.0,11.95472680397785,last_week,18.0
2018-06-11,2018-06-11,1,watches_gifts,Central-West,5.0,3.0257114167522303,last_week,9.0
2018-06-11,2018-06-18,2,watches_gifts,Central-West,5.0,3.0257114167522303,last_week,7.0
2018-06-11,2018-06-25,3,watches_gifts,Central-West,5.0,3.0257114167522303,last_week,11.0
2018-06-11,2018-07-02,4,watches_gifts,Central-West,5.0,3.0257114167522303,last_week,5.0
2018-06-11,2018-06-11,1,watches_gifts,North,1.0,1.8270271396490214,last_week,3.0
2018-06-11,2018-06-18,2,watches_gifts,North,1.0,1.8270271396490214,last_week,2.0
2018-06-11,2018-06-25,3,watches_gifts,North,1.0,1.8270271396490214,last_week,3.0
2018-06-11,2018-07-02,4,watches_gifts,North,1.0,1.8270271396490214,last_week,2.0
2018-06-11,2018-06-11,1,watches_gifts,Northeast,13.0,5.0,last_week,18.0
2018-06-11,2018-06-18,2,watches_gifts,Northeast,13.0,5.0,last_week,17.0
2018-06-11,2018-06-25,3,watches_gifts,Northeast,13.0,5.0,last_week,7.0
2018-06-11,2018-07-02,4,watches_gifts,Northeast,13.0,5.0,last_week,12.0
2018-06-11,2018-06-11,1,watches_gifts,South,9.0,5.729832974484768,last_week,15.0
2018-06-11,2018-06-18,2,watches_gifts,South,9.0,5.729832974484768,last_week,12.0
2018-06-11,2018-06-25,3,watches_gifts,South,9.0,5.729832974484768,last_week,12.0
2018-06-11,2018-07-02,4,watches_gifts,South,9.0,5.729832974484768,last_week,11.0
2018-06-11,2018-06-11,1,watches_gifts,Southeast,63.0,17.718057948454415,last_week,91.0
2018-06-11,2018-06-18,2,watches_gifts,Southeast,63.0,17.718057948454415,last_week,79.0
2018-06-11,2018-06-25,3,watches_gifts,Southeast,63.0,17.718057948454415,last_week,74.0
2018-06-11,2018-07-02,4,watches_gifts,Southeast,63.0,17.718057948454415,last_week,56.0
2018-06-11,2018-06-11,1,auto,Central-West,5.0,3.629034908374013,moving_average,2.0
2018-06-11,2018-06-18,2,auto,Central-West,4.5,3.629034908374013,moving_average,4.0
2018-06-11,2018-06-25,3,auto,Central-West,5.375,3.629034908374013,moving_average,5.0
2018-06-11,2018-07-02,4,auto,Central-West,5.71875,3.629034908374013,moving_average,0.0
2018-06-11,2018-06-11,1,auto,North,0.75,1.1800871297505184,moving_average,0.0
2018-06-11,2018-06-18,2,auto,North,0.9375,1.1800871297505184,moving_average,0.0
2018-06-11,2018-06-25,3,auto,North,1.171875,1.1800871297505184,moving_average,1.0
2018-06-11,2018-07-02,4,auto,North,1.46484375,1.1800871297505184,moving_average,2.0
2018-06-11,2018-06-11,1,auto,Northeast,4.5,2.6533927258787906,moving_average,6.0
2018-06-11,2018-06-18,2,auto,Northeast,4.875,2.6533927258787906,moving_average,9.0
2018-06-11,2018-06-25,3,auto,Northeast,5.59375,2.6533927258787906,moving_average,5.0
2018-06-11,2018-07-02,4,auto,Northeast,5.2421875,2.6533927258787906,moving_average,4.0
2018-06-11,2018-06-11,1,auto,South,10.25,3.6972820241627744,moving_average,11.0
2018-06-11,2018-06-18,2,auto,South,9.3125,3.6972820241627744,moving_average,11.0
2018-06-11,2018-06-25,3,auto,South,10.640625,3.6972820241627744,moving_average,9.0
2018-06-11,2018-07-02,4,auto,South,11.80078125,3.6972820241627744,moving_average,9.0
2018-06-11,2018-06-11,1,auto,Southeast,42.75,13.150536860459722,moving_average,39.0
2018-06-11,2018-06-18,2,auto,Southeast,35.4375,13.150536860459722,moving_average,50.0
2018-06-11,2018-06-25,3,auto,Southeast,36.796875,13.150536860459722,moving_average,50.0
2018-06-11,2018-07-02,4,auto,Southeast,39.99609375,13.150536860459722,moving_average,44.0
2018-06-11,2018-06-11,1,bed_bath_table,Central-West,5.25,4.5996402186307,moving_average,2.0
2018-06-11,2018-06-18,2,bed_bath_table,Central-West,5.0625,4.5996402186307,moving_average,6.0
2018-06-11,2018-06-25,3,bed_bath_table,Central-West,5.328125,4.5996402186307,moving_average,4.0
2018-06-11,2018-07-02,4,bed_bath_table,Central-West,5.66015625,4.5996402186307,moving_average,9.0
2018-06-11,2018-06-11,1,bed_bath_table,North,0.25,1.2011584783619709,moving_average,0.0
2018-06-11,2018-06-18,2,bed_bath_table,North,0.3125,1.2011584783619709,moving_average,1.0
2018-06-11,2018-06-25,3,bed_bath_table,North,0.140625,1.2011584783619709,moving_average,0.0
2018-06-11,2018-07-02,4,bed_bath_table,North,0.17578125,1.2011584783619709,moving_average,3.0
2018-06-11,2018-06-11,1,bed_bath_table,Northeast,6.5,3.6625964391475536,moving_average,10.0
2018-06-11,2018-06-18,2,bed_bath_table,Northeast,5.625,3.6625964391475536,moving_average,2.0
2018-06-11,2018-06-25,3,bed_bath_table,Northeast,5.78125,3.6625964391475536,moving_average,19.0
2018-06-11,2018-07-02,4,bed_bath_table,Northeast,5.9765625,3.6625964391475536,moving_average,6.0
2018-06-11,2018-06-11,1,bed_bath_table,South,18.75,7.464292934637848,moving_average,12.0
2018-06-11,2018-06-18,2,bed_bath_table,South,17.4375,7.464292934637848,moving_average,27.0
2018-06-11,2018-06-25,3,bed_bath_table,South,18.546875,7.464292934637848,moving_average,20.0
2018-06-11,2018-07-02,4,bed_bath_table,South,19.68359375,7.464292934637848,moving_average,14.0
2018-06-11,2018-06-11,1,bed_bath_table,Southeast,140.0,40.941451669289066,moving_average,159.0
2018-06-11,2018-06-18,2,bed_bath_table,Southeast,130.5,40.941451669289066,moving_average,158.0
2018-06-11,2018-06-25,3,bed_bath_table,Southeast,135.625,40.941451669289066,moving_average,113.0
2018-06-11,2018-07-02,4,bed_bath_table,Southeast,142.03125,40.941451669289066,moving_average,96.0
2018-06-11,2018-06-11,1,computers_accessories,Central-West,2.75,4.083956070172474,moving_average,5.0
2018-06-11,2018-06-18,2,computers_accessories,Central-West,2.4375,4.083956070172474,moving_average,7.0
2018-06-11,2018-06-25,3,computers_accessories,Central-West,2.046875,4.083956070172474,moving_average,2.0
2018-06-11,2018-07-02,4,computers_accessories,Central-West,2.05859375,4.083956070172474,moving_average,3.0
2018-06-11,2018-06-11,1,computers_accessories,North,1.75,2.0116299186424587,moving_average,3.0
2018-06-11,2018-06-18,2,computers_accessories,North,1.4375,2.0116299186424587,moving_average,0.0
2018-06-11,2018-06-25,3,computers_accessories,North,1.546875,2.0116299186424587,moving_average,0.0
2018-06-11,2018-07-02,4,computers_accessories,North,1.93359375,2.0116299186424587,moving_average,0.0
2018-06-11,2018-06-11,1,computers_accessories,Northeast,11.5,5.136259531198846,moving_average,10.0
2018-06-11,2018-06-18,2,computers_accessories,Northeast,11.375,5.136259531198846,moving_average,9.0
2018-06-11,2018-06-25,3,computers_accessories,Northeast,11.46875,5.136259531198846,moving_average,8.0
2018-06-11,2018-07-02,4,computers_accessories,Northeast,12.5859375,5.136259531198846,moving_average,9.0
2018-06-11,2018-06-11,1,computers_accessories,South,10.75,8.998239264386946,moving_average,13.0
2018-06-11,2018-06-18,2,computers_accessories,South,10.1875,8.998239264386946,moving_average,19.0
2018-06-11,2018-06-25,3,computers_accessories,South,9.734375,8.998239264386946,moving_average,19.0
2018-06-11,2018-07-02,4,computers_accessories,South,10.91796875,8.998239264386946,moving_average,11.0
2018-06-11,2018-06-11,1,computers_accessories,Southeast,64.75,27.97532552139776,moving_average,50.0
2018-06-11,2018-06-18,2,computers_accessories,Southeast,56.4375,27.97532552139776,moving_average,71.0
2018-06-11,2018-06-25,3,computers_accessories,Southeast,59.296875,27.97532552139776,moving_average,76.0
2018-06-11,2018-07-02,4,computers_accessories,Southeast,64.87109375,27.97532552139776,moving_average,58.0
2018-06-11,2018-06-11,1,furniture_decor,Central-West,8.0,3.8547574410820538,moving_average,8.0
2018-06-11,2018-06-18,2,furniture_decor,Central-West,6.75,3.8547574410820538,moving_average,6.0
2018-06-11,2018-06-25,3,furniture_decor,Central-West,6.4375,3.8547574410820538,moving_average,1.0
2018-06-11,2018-07-02,4,furniture_decor,Central-West,6.296875,3.8547574410820538,moving_average,4.0
2018-06-11,2018-06-11,1,furniture_decor,North,3.0,1.6862116887137657,moving_average,0.0
2018-06-11,2018-06-18,2,furniture_decor,North,2.5,1.6862116887137657,moving_average,0.0
2018-06-11,2018-06-25,3,furniture_decor,North,2.875,1.6862116887137657,moving_average,1.0
2018-06-11,2018-07-02,4,furniture_decor,North,3.59375,1.6862116887137657,moving_average,1.0
2018-06-11,2018-06-11,1,furniture_decor,Northeast,5.0,5.52260081105903,moving_average,5.0
2018-06-11,2018-06-18,2,furniture_decor,Northeast,4.75,5.52260081105903,moving_average,7.0
2018-06-11,2018-06-25,3,furniture_decor,Northeast,4.9375,5.52260081105903,moving_average,14.0
2018-06-11,2018-07-02,4,furniture_decor,Northeast,4.171875,5.52260081105903,moving_average,5.0
2018-06-11,2018-06-11,1,furniture_decor,South,18.0,9.68936544965156,moving_average,20.0
2018-06-11,2018-06-18,2,furniture_decor,South,13.25,9.68936544965156,moving_average,22.0
2018-06-11,2018-06-25,3,furniture_decor,South,15.3125,9.68936544965156,moving_average,20.0
2018-06-11,2018-07-02,4,furniture_decor,South,15.890625,9.68936544965156,moving_average,17.0
2018-06-11,2018-06-11,1,furniture_decor,Southeast,70.0,34.36516824827712,moving_average,67.0
2018-06-11,2018-06-18,2,furniture_decor,Southeast,58.75,34.36516824827712,moving_average,52.0
2018-06-11,2018-06-25,3,furniture_decor,Southeast,56.9375,34.36516824827712,moving_average,84.0
2018-06-11,2018-07-02,4,furniture_decor,Southeast,56.171875,34.36516824827712,moving_average,63.0
2018-06-11,2018-06-11,1,garden_tools,Central-West,2.25,3.827945795604283,moving_average,1.0
2018-06-11,2018-06-18,2,garden_tools,Central-West,1.3125,3.827945795604283,moving_average,0.0
2018-06-11,2018-06-25,3,garden_tools,Central-West,1.390625,3.827945795604283,moving_average,4.0
2018-06-11,2018-07-02,4,garden_tools,Central-West,1.73828125,3.827945795604283,moving_average,0.0
2018-06-11,2018-06-11,1,garden_tools,North,0.75,1.2425836328018498,moving_average,3.0
2018-06-11,2018-06-18,2,garden_tools,North,0.4375,1.2425836328018498,moving_average,0.0
2018-06-11,2018-06-25,3,garden_tools,North,0.546875,1.2425836328018498,moving_average,1.0
2018-06-11,2018-07-02,4,garden_tools,North,0.68359375,1.2425836328018498,moving_average,0.0
2018-06-11,2018-06-11,1,garden_tools,Northeast,2.25,4.86851771987454,moving_average,4.0
2018-06-11,2018-06-18,2,garden_tools,Northeast,2.5625,4.86851771987454,moving_average,2.0
2018-06-11,2018-06-25,3,garden_tools,Northeast,2.703125,4.86851771987454,moving_average,5.0
2018-06-11,2018-07-02,4,garden_tools,Northeast,1.87890625,4.86851771987454,moving_average,4.0
2018-06-11,2018-06-11,1,garden_tools,South,8.25,5.597880635172012,moving_average,5.0
2018-06-11,2018-06-18,2,garden_tools,South,7.5625,5.597880635172012,moving_average,3.0
2018-06-11,2018-06-25,3,garden_tools,South,6.453125,5.597880635172012,moving_average,9.0
2018-06-11,2018-07-02,4,garden_tools,South,7.56640625,5.597880635172012,moving_average,5.0
2018-06-11,2018-06-11,1,garden_tools,Southeast,38.25,22.13888618901459,moving_average,29.0
2018-06-11,2018-06-18,2,garden_tools,Southeast,31.0625,22.13888618901459,moving_average,25.0
2018-06-11,2018-06-25,3,garden_tools,Southeast,31.328125,22.13888618901459,moving_average,52.0
2018-06-11,2018-07-02,4,garden_tools,Southeast,34.16015625,22.13888618901459,moving_average,27.0
2018-06-11,2018-06-11,1,health_beauty,Central-West,7.5,4.423648038873683,moving_average,13.0
2018-06-11,2018-06-18,2,health_beauty,Central-West,7.875,4.423648038873683,moving_average,10.0
2018-06-11,2018-06-25,3,health_beauty,Central-West,8.84375,4.423648038873683,moving_average,8.0
2018-06-11,2018-07-02,4,health_beauty,Central-West,9.5546875,4.423648038873683,moving_average,6.0
2018-06-11,2018-06-11,1,health_beauty,North,3.0,2.2445160085586506,moving_average,3.0
2018-06-11,2018-06-18,2,health_beauty,North,3.25,2.2445160085586506,moving_average,4.0
2018-06-11,2018-06-25,3,health_beauty,North,3.8125,2.2445160085586506,moving_average,7.0
2018-06-11,2018-07-02,4,health_beauty,North,4.515625,2.2445160085586506,moving_average,5.0
2018-06-11,2018-06-11,1,health_beauty,Northeast,14.0,5.660354465583965,moving_average,22.0
2018-06-11,2018-06-18,2,health_beauty,Northeast,15.25,5.660354465583965,moving_average,19.0
2018-06-11,2018-06-25,3,health_beauty,Northeast,17.0625,5.660354465583965,moving_average,20.0
2018-06-11,2018-07-02,4,health_beauty,Northeast,17.578125,5.660354465583965,moving_average,20.0
2018-06-11,2018-06-11,1,health_beauty,South,11.0,6.851929922435856,moving_average,18.0
2018-06-11,2018-06-18,2,health_beauty,South,11.5,6.851929922435856,moving_average,23.0
2018-06-11,2018-06-25,3,health_beauty,South,12.625,6.851929922435856,moving_average,24.0
2018-06-11,2018-07-02,4,health_beauty,South,13.03125,6.851929922435856,moving_average,13.0
2018-06-11,2018-06-11,1,health_beauty,Southeast,109.0,24.736729975062488,moving_average,167.0
2018-06-11,2018-06-18,2,health_beauty,Southeast,100.25,24.736729975062488,moving_average,171.0
2018-06-11,2018-06-25,3,health_beauty,Southeast,105.8125,24.736729975062488,moving_average,131.0
2018-06-11,2018-07-02,4,health_beauty,Southeast,112.265625,24.736729975062488,moving_average,138.0
2018-06-11,2018-06-11,1,housewares,Central-West,4.5,3.2392835236327917,moving_average,8.0
2018-06-11,2018-06-18,2,housewares,Central-West,4.625,3.2392835236327917,moving_average,9.0
2018-06-11,2018-06-25,3,housewares,Central-West,5.78125,3.2392835236327917,moving_average,9.0
2018-06-11,2018-07-02,4,housewares,Central-West,6.2265625,3.2392835236327917,moving_average,4.0
2018-06-11,2018-06-11,1,housewares,North,0.5,1.2422293680383272,moving_average,3.0
2018-06-11,2018-06-18,2,housewares,North,0.625,1.2422293680383272,moving_average,2.0
2018-06-11,2018-06-25,3,housewares,North,0.53125,1.2422293680383272,moving_average,3.0
2018-06-11,2018-07-02,4,housewares,North,0.4140625,1.2422293680383272,moving_average,1.0
2018-06-11,2018-06-11,1,housewares,Northeast,8.0,3.21664903057755,moving_average,5.0
2018-06-11,2018-06-18,2,housewares,Northeast,5.5,3.21664903057755,moving_average,6.0
2018-06-11,2018-06-25,3,housewares,Northeast,5.875,3.21664903057755,moving_average,18.0
2018-06-11,2018-07-02,4,housewares,Northeast,5.84375,3.21664903057755,moving_average,7.0
2018-06-11,2018-06-11,1,housewares,South,19.0,5.633229504279701,moving_average,18.0
2018-06-11,2018-06-18,2,housewares,South,16.5,5.633229504279701,moving_average,12.0
2018-06-11,2018-06-25,3,housewares,South,18.125,5.633229504279701,moving_average,19.0
2018-06-11,2018-07-02,4,housewares,South,19.90625,5.633229504279701,moving_average,17.0
2018-06-11,2018-06-11,1,housewares,Southeast,105.25,19.74291190332711,moving_average,96.0
2018-06-11,2018-06-18,2,housewares,Southeast,100.0625,19.74291190332711,moving_average,85.0
2018-06-11,2018-06-25,3,housewares,Southeast,108.328125,19.74291190332711,moving_average,88.0
2018-06-11,2018-07-02,4,housewares,Southeast,109.91015625,19.74291190332711,moving_average,82.0
2018-06-11,2018-06-11,1,sports_leisure,Central-West,7.0,3.937562876761551,moving_average,3.0
2018-06-11,2018-06-18,2,sports_leisure,Central-West,6.5,3.937562876761551,moving_average,11.0
2018-06-11,2018-06-25,3,sports_leisure,Central-West,6.875,3.937562876761551,moving_average,6.0
2018-06-11,2018-07-02,4,sports_leisure,Central-West,7.09375,3.937562876761551,moving_average,7.0
2018-06-11,2018-06-11,1,sports_leisure,North,2.0,1.9426187494291831,moving_average,3.0
2018-06-11,2018-06-18,2,sports_leisure,North,2.5,1.9426187494291831,moving_average,2.0
2018-06-11,2018-06-25,3,sports_leisure,North,3.125,1.9426187494291831,moving_average,0.0
2018-06-11,2018-07-02,4,sports_leisure,North,3.15625,1.9426187494291831,moving_average,1.0
2018-06-11,2018-06-11,1,sports_leisure,Northeast,5.25,4.489326151637309,moving_average,11.0
2018-06-11,2018-06-18,2,sports_leisure,Northeast,5.5625,4.489326151637309,moving_average,10.0
2018-06-11,2018-06-25,3,sports_leisure,Northeast,6.203125,4.489326151637309,moving_average,5.0
2018-06-11,2018-07-02,4,sports_leisure,Northeast,6.50390625,4.489326151637309,moving_average,10.0
2018-06-11,2018-06-11,1,sports_leisure,South,11.5,7.009111273554617,moving_average,15.0
2018-06-11,2018-06-18,2,sports_leisure,South,10.375,7.009111273554617,moving_average,12.0
2018-06-11,2018-06-25,3,sports_leisure,South,11.71875,7.009111273554617,moving_average,13.0
2018-06-11,2018-07-02,4,sports_leisure,South,10.1484375,7.009111273554617,moving_average,18.0
2018-06-11,2018-06-11,1,sports_leisure,Southeast,62.25,21.652586613202903,moving_average,80.0
2018-06-11,2018-06-18,2,sports_leisure,Southeast,51.8125,21.652586613202903,moving_average,72.0
2018-06-11,2018-06-25,3,sports_leisure,Southeast,53.765625,21.652586613202903,moving_average,78.0
2018-06-11,2018-07-02,4,sports_leisure,Southeast,54.20703125,21.652586613202903,moving_average,78.0
2018-06-11,2018-06-11,1,telephony,Central-West,1.25,2.5431141495152727,moving_average,4.0
2018-06-11,2018-06-18,2,telephony,Central-West,1.5625,2.5431141495152727,moving_average,17.0
2018-06-11,2018-06-25,3,telephony,Central-West,1.453125,2.5431141495152727,moving_average,4.0
2018-06-11,2018-07-02,4,telephony,Central-West,1.31640625,2.5431141495152727,moving_average,1.0
2018-06-11,2018-06-11,1,telephony,North,2.5,1.9847570539943376,moving_average,0.0
2018-06-11,2018-06-18,2,telephony,North,2.625,1.9847570539943376,moving_average,0.0
2018-06-11,2018-06-25,3,telephony,North,2.78125,1.9847570539943376,moving_average,1.0
2018-06-11,2018-07-02,4,telephony,North,2.7265625,1.9847570539943376,moving_average,0.0
2018-06-11,2018-06-11,1,telephony,Northeast,6.25,5.0987605508524885,moving_average,8.0
2018-06-11,2018-06-18,2,telephony,Northeast,5.5625,5.0987605508524885,moving_average,7.0
2018-06-11,2018-06-25,3,telephony,Northeast,6.703125,5.0987605508524885,moving_average,1.0
2018-06-11,2018-07-02,4,telephony,Northeast,6.37890625,5.0987605508524885,moving_average,7.0
2018-06-11,2018-06-11,1,telephony,South,7.5,4.724263114161931,moving_average,7.0
2018-06-11,2018-06-18,2,telephony,South,7.375,4.724263114161931,moving_average,9.0
2018-06-11,2018-06-25,3,telephony,South,7.46875,4.724263114161931,moving_average,8.0
2018-06-11,2018-07-02,4,telephony,South,7.3359375,4.724263114161931,moving_average,9.0
2018-06-11,2018-06-11,1,telephony,Southeast,29.0,12.211350353862947,moving_average,43.0
2018-06-11,2018-06-18,2,telephony,Southeast,25.75,12.211350353862947,moving_average,26.0
2018-06-11,2018-06-25,3,telephony,Southeast,25.4375,12.211350353862947,moving_average,24.0
2018-06-11,2018-07-02,4,telephony,Southeast,26.796875,12.211350353862947,moving_average,18.0
2018-06-11,2018-06-11,1,watches_gifts,Central-West,5.0,2.744392490305472,moving_average,9.0
2018-06-11,2018-06-18,2,watches_gifts,Central-West,5.0,2.744392490305472,moving_average,7.0
2018-06-11,2018-06-25,3,watches_gifts,Central-West,5.5,2.744392490305472,moving_average,11.0
2018-06-11,2018-07-02,4,watches_gifts,Central-West,5.125,2.744392490305472,moving_average,5.0
2018-06-11,2018-06-11,1,watches_gifts,North,0.75,1.4652668843093128,moving_average,3.0
2018-06-11,2018-06-18,2,watches_gifts,North,0.6875,1.4652668843093128,moving_average,2.0
2018-06-11,2018-06-25,3,watches_gifts,North,0.859375,1.4652668843093128,moving_average,3.0
2018-06-11,2018-07-02,4,watches_gifts,North,0.82421875,1.4652668843093128,moving_average,2.0
2018-06-11,2018-06-11,1,watches_gifts,Northeast,12.0,4.904726091044129,moving_average,18.0
2018-06-11,2018-06-18,2,watches_gifts,Northeast,10.75,4.904726091044129,moving_average,17.0
2018-06-11,2018-06-25,3,watches_gifts,Northeast,11.6875,4.904726091044129,moving_average,7.0
2018-06-11,2018-07-02,4,watches_gifts,Northeast,11.859375,4.904726091044129,moving_average,12.0
2018-06-11,2018-06-11,1,watches_gifts,South,6.5,5.083458399138784,moving_average,15.0
2018-06-11,2018-06-18,2,watches_gifts,South,6.125,5.083458399138784,moving_average,12.0
2018-06-11,2018-06-25,3,watches_gifts,South,6.40625,5.083458399138784,moving_average,12.0
2018-06-11,2018-07-02,4,watches_gifts,South,7.0078125,5.083458399138784,moving_average,11.0
2018-06-11,2018-06-11,1,watches_gifts,Southeast,65.75,22.591500177759116,moving_average,91.0
2018-06-11,2018-06-18,2,watches_gifts,Southeast,60.6875,22.591500177759116,moving_average,79.0
2018-06-11,2018-06-25,3,watches_gifts,Southeast,64.109375,22.591500177759116,moving_average,74.0
2018-06-11,2018-07-02,4,watches_gifts,Southeast,63.38671875,22.591500177759116,moving_average,56.0
2018-06-11,2018-06-11,1,auto,Central-West,4.651276150940863,3.8500767803452973,ridge,2.0
2018-06-11,2018-06-18,2,auto,Central-West,3.4930077782199067,3.8500767803452973,ridge,4.0
2018-06-11,2018-06-25,3,auto,Central-West,2.7387723570149713,3.8500767803452973,ridge,5.0
2018-06-11,2018-07-02,4,auto,Central-West,2.230845028491128,3.8500767803452973,ridge,0.0
2018-06-11,2018-06-11,1,auto,North,0.5065356940914683,1.5621707769048467,ridge,0.0
2018-06-11,2018-06-18,2,auto,North,0.0,1.5621707769048467,ridge,0.0
2018-06-11,2018-06-25,3,auto,North,0.0,1.5621707769048467,ridge,1.0
2018-06-11,2018-07-02,4,auto,North,0.0,1.5621707769048467,ridge,2.0
2018-06-11,2018-06-11,1,auto,Northeast,4.531414511374547,2.812305968241743,ridge,6.0
2018-06-11,2018-06-18,2,auto,Northeast,4.213320942036571,2.812305968241743,ridge,9.0
2018-06-11,2018-06-25,3,auto,Northeast,3.5712959918166725,2.812305968241743,ridge,5.0
2018-06-11,2018-07-02,4,auto,Northeast,3.402580818390363,2.812305968241743,ridge,4.0
2018-06-11,2018-06-11,1,auto,South,12.433893495644362,3.87442908718354,ridge,11.0
2018-06-11,2018-06-18,2,auto,South,10.21140427207673,3.87442908718354,ridge,11.0
2018-06-11,2018-06-25,3,auto,South,9.668691311763506,3.87442908718354,ridge,9.0
2018-06-11,2018-07-02,4,auto,South,8.948328863932714,3.87442908718354,ridge,9.0
2018-06-11,2018-06-11,1,auto,Southeast,49.41669298643179,11.768883540528067,ridge,39.0
2018-06-11,2018-06-18,2,auto,Southeast,52.329610980178586,11.768883540528067,ridge,50.0
2018-06-11,2018-06-25,3,auto,Southeast,53.54877549495954,11.768883540528067,ridge,50.0
2018-06-11,2018-07-02,4,auto,Southeast,53.02607648959276,11.768883540528067,ridge,44.0
2018-06-11,2018-06-11,1,bed_bath_table,Central-West,8.112899635244341,4.719183771643626,ridge,2.0
2018-06-11,2018-06-18,2,bed_bath_table,Central-West,8.437773400186092,4.719183771643626,ridge,6.0
2018-06-11,2018-06-25,3,bed_bath_table,Central-West,8.74935054209043,4.719183771643626,ridge,4.0
2018-06-11,2018-07-02,4,bed_bath_table,Central-West,8.328931912584242,4.719183771643626,ridge,9.0
2018-06-11,2018-06-11,1,bed_bath_table,North,1.0817146224611474,2.1258516993153402,ridge,0.0
2018-06-11,2018-06-18,2,bed_bath_table,North,1.6108359533145098,2.1258516993153402,ridge,1.0
2018-06-11,2018-06-25,3,bed_bath_table,North,2.0350400952153116,2.1258516993153402,ridge,0.0
2018-06-11,2018-07-02,4,bed_bath_table,North,2.286517311271167,2.1258516993153402,ridge,3.0
2018-06-11,2018-06-11,1,bed_bath_table,Northeast,8.364597317676914,3.9114287184588292,ridge,10.0
2018-06-11,2018-06-18,2,bed_bath_table,Northeast,9.060795382796854,3.9114287184588292,ridge,2.0
2018-06-11,2018-06-25,3,bed_bath_table,Northeast,9.608433284069822,3.9114287184588292,ridge,19.0
2018-06-11,2018-07-02,4,bed_bath_table,Northeast,9.631877335320238,3.9114287184588292,ridge,6.0
2018-06-11,2018-06-11,1,bed_bath_table,South,23.66497660117847,7.220304369375639,ridge,12.0
2018-06-11,2018-06-18,2,bed_bath_table,South,23.021782264866697,7.220304369375639,ridge,27.0
2018-06-11,2018-06-25,3,bed_bath_table,South,22.588236398882692,7.220304369375639,ridge,20.0
2018-06-11,2018-07-02,4,bed_bath_table,South,21.8596669403488,7.220304369375639,ridge,14.0
2018-06-11,2018-06-11,1,bed_bath_table,Southeast,139.5500717137396,37.13400729815777,ridge,159.0
2018-06-11,2018-06-18,2,bed_bath_table,Southeast,132.95820921374772,37.13400729815777,ridge,158.0
2018-06-11,2018-06-25,3,bed_bath_table,Southeast,130.9801277960945,37.13400729815777,ridge,113.0
2018-06-11,2018-07-02,4,bed_bath_table,Southeast,127.20552341848125,37.13400729815777,ridge,96.0
2018-06-11,2018-06-11,1,computers_accessories,Central-West,3.2744759999150403,4.105723016575143,ridge,5.0
2018-06-11,2018-06-18,2,computers_accessories,Central-West,4.364687628398297,4.105723016575143,ridge,7.0
2018-06-11,2018-06-25,3,computers_accessories,Central-West,4.575504531887127,4.105723016575143,ridge,2.0
2018-06-11,2018-07-02,4,computers_accessories,Central-West,4.992514097809689,4.105723016575143,ridge,3.0
2018-06-11,2018-06-11,1,computers_accessories,North,2.0891418876011425,2.235082648171469,ridge,3.0
2018-06-11,2018-06-18,2,computers_accessories,North,1.635080671513938,2.235082648171469,ridge,0.0
2018-06-11,2018-06-25,3,computers_accessories,North,1.5819514589433474,2.235082648171469,ridge,0.0
2018-06-11,2018-07-02,4,computers_accessories,North,1.3822551819377775,2.235082648171469,ridge,0.0
2018-06-11,2018-06-11,1,computers_accessories,Northeast,13.726482729600608,5.427428949654486,ridge,10.0
2018-06-11,2018-06-18,2,computers_accessories,Northeast,12.736760947321631,5.427428949654486,ridge,9.0
2018-06-11,2018-06-25,3,computers_accessories,Northeast,12.471769335297175,5.427428949654486,ridge,8.0
2018-06-11,2018-07-02,4,computers_accessories,Northeast,11.612975152403182,5.427428949654486,ridge,9.0
2018-06-11,2018-06-11,1,computers_accessories,South,13.007316698098766,8.236272420175759,ridge,13.0
2018-06-11,2018-06-18,2,computers_accessories,South,12.558317664863026,8.236272420175759,ridge,19.0
2018-06-11,2018-06-25,3,computers_accessories,South,12.974658611958457,8.236272420175759,ridge,19.0
2018-06-11,2018-07-02,4,computers_accessories,South,13.065341627226749,8.236272420175759,ridge,11.0
2018-06-11,2018-06-11,1,computers_accessories,Southeast,76.26674108697999,25.79558505860027,ridge,50.0
2018-06-11,2018-06-18,2,computers_accessories,Southeast,74.03173164210764,25.79558505860027,ridge,71.0
2018-06-11,2018-06-25,3,computers_accessories,Southeast,73.61476782126282,25.79558505860027,ridge,76.0
2018-06-11,2018-07-02,4,computers_accessories,Southeast,72.31616912492831,25.79558505860027,ridge,58.0
2018-06-11,2018-06-11,1,furniture_decor,Central-West,5.647019435536411,3.959051355282229,ridge,8.0
2018-06-11,2018-06-18,2,furniture_decor,Central-West,6.077466432457092,3.959051355282229,ridge,6.0
2018-06-11,2018-06-25,3,furniture_decor,Central-West,6.29083778043593,3.959051355282229,ridge,1.0
2018-06-11,2018-07-02,4,furniture_decor,Central-West,6.623246904671793,3.959051355282229,ridge,4.0
2018-06-11,2018-06-11,1,furniture_decor,North,3.2240010077510295,1.9727236282403007,ridge,0.0
2018-06-11,2018-06-18,2,furniture_decor,North,2.186621168613412,1.9727236282403007,ridge,0.0
2018-06-11,2018-06-25,3,furniture_decor,North,2.0158340739603293,1.9727236282403007,ridge,1.0
2018-06-11,2018-07-02,4,furniture_decor,North,1.549862485285658,1.9727236282403007,ridge,1.0
2018-06-11,2018-06-11,1,furniture_decor,Northeast,5.014930352177414,5.231699683949877,ridge,5.0
2018-06-11,2018-06-18,2,furniture_decor,Northeast,6.4233491420147555,5.231699683949877,ridge,7.0
2018-06-11,2018-06-25,3,furniture_decor,Northeast,6.67337332068903,5.231699683949877,ridge,14.0
2018-06-11,2018-07-02,4,furniture_decor,Northeast,7.191554857924817,5.231699683949877,ridge,5.0
2018-06-11,2018-06-11,1,furniture_decor,South,19.903856083371448,9.009579977544579,ridge,20.0
2018-06-11,2018-06-18,2,furniture_decor,South,21.63439878332261,9.009579977544579,ridge,22.0
2018-06-11,2018-06-25,3,furniture_decor,South,21.386164089343357,9.009579977544579,ridge,20.0
2018-06-11,2018-07-02,4,furniture_decor,South,19.795982429416533,9.009579977544579,ridge,17.0
2018-06-11,2018-06-11,1,furniture_decor,Southeast,61.86387505382942,27.8143703811927,ridge,67.0
2018-06-11,2018-06-18,2,furniture_decor,Southeast,71.21608361631914,27.8143703811927,ridge,52.0
2018-06-11,2018-06-25,3,furniture_decor,Southeast,75.29665308248022,27.8143703811927,ridge,84.0
2018-06-11,2018-07-02,4,furniture_decor,Southeast,78.49503995051472,27.8143703811927,ridge,63.0
2018-06-11,2018-06-11,1,garden_tools,Central-West,1.5808763013372458,3.3509306923121507,ridge,1.0
2018-06-11,2018-06-18,2,garden_tools,Central-West,1.5874882890971733,3.3509306923121507,ridge,0.0
2018-06-11,2018-06-25,3,garden_tools,Central-West,1.5377050962981684,3.3509306923121507,ridge,4.0
2018-06-11,2018-07-02,4,garden_tools,Central-West,0.9664907160776464,3.3509306923121507,ridge,0.0
2018-06-11,2018-06-11,1,garden_tools,North,0.0,1.6850128902581687,ridge,3.0
2018-06-11,2018-06-18,2,garden_tools,North,0.0,1.6850128902581687,ridge,0.0
2018-06-11,2018-06-25,3,garden_tools,North,0.0,1.6850128902581687,ridge,1.0
2018-06-11,2018-07-02,4,garden_tools,North,0.0,1.6850128902581687,ridge,0.0
2018-06-11,2018-06-11,1,garden_tools,Northeast,2.5244446324869285,5.299981065556654,ridge,4.0
2018-06-11,2018-06-18,2,garden_tools,Northeast,2.6356836818727105,5.299981065556654,ridge,2.0
2018-06-11,2018-06-25,3,garden_tools,Northeast,2.3348391990118227,5.299981065556654,ridge,5.0
2018-06-11,2018-07-02,4,garden_tools,Northeast,1.959171037972892,5.299981065556654,ridge,4.0
2018-06-11,2018-06-11,1,garden_tools,South,7.710358525759396,5.231024236355535,ridge,5.0
2018-06-11,2018-06-18,2,garden_tools,South,7.749410807259642,5.231024236355535,ridge,3.0
2018-06-11,2018-06-25,3,garden_tools,South,7.505142419587036,5.231024236355535,ridge,9.0
2018-06-11,2018-07-02,4,garden_tools,South,7.1239163851394105,5.231024236355535,ridge,5.0
2018-06-11,2018-06-11,1,garden_tools,Southeast,43.36229473701587,22.08795260453273,ridge,29.0
2018-06-11,2018-06-18,2,garden_tools,Southeast,47.12255699359882,22.08795260453273,ridge,25.0
2018-06-11,2018-06-25,3,garden_tools,Southeast,49.713224221419395,22.08795260453273,ridge,52.0
2018-06-11,2018-07-02,4,garden_tools,Southeast,48.3196802767683,22.08795260453273,ridge,27.0
2018-06-11,2018-06-11,1,health_beauty,Central-West,12.21247032380939,4.332281950231921,ridge,13.0
2018-06-11,2018-06-18,2,health_beauty,Central-West,11.466473643916693,4.332281950231921,ridge,10.0
2018-06-11,2018-06-25,3,health_beauty,Central-West,11.138124945527093,4.332281950231921,ridge,8.0
2018-06-11,2018-07-02,4,health_beauty,Central-West,10.647692772983248,4.332281950231921,ridge,6.0
2018-06-11,2018-06-11,1,health_beauty,North,5.204853658643712,2.3684018305492716,ridge,3.0
2018-06-11,2018-06-18,2,health_beauty,North,4.118171032627435,2.3684018305492716,ridge,4.0
2018-06-11,2018-06-25,3,health_beauty,North,3.7235049044695554,2.3684018305492716,ridge,7.0
2018-06-11,2018-07-02,4,health_beauty,North,3.1518575184099555,2.3684018305492716,ridge,5.0
2018-06-11,2018-06-11,1,health_beauty,Northeast,20.575463364950313,5.10691213186328,ridge,22.0
2018-06-11,2018-06-18,2,health_beauty,Northeast,19.33015134112605,5.10691213186328,ridge,19.0
2018-06-11,2018-06-25,3,health_beauty,Northeast,17.962753281523035,5.10691213186328,ridge,20.0
2018-06-11,2018-07-02,4,health_beauty,Northeast,17.41860862681718,5.10691213186328,ridge,20.0
2018-06-11,2018-06-11,1,health_beauty,South,18.565718577440027,5.798394465582681,ridge,18.0
2018-06-11,2018-06-18,2,health_beauty,South,18.80523532496848,5.798394465582681,ridge,23.0
2018-06-11,2018-06-25,3,health_beauty,South,18.800841498160203,5.798394465582681,ridge,24.0
2018-06-11,2018-07-02,4,health_beauty,South,18.003569022797304,5.798394465582681,ridge,13.0
2018-06-11,2018-06-11,1,health_beauty,Southeast,122.58005994612586,19.67271858142916,ridge,167.0
2018-06-11,2018-06-18,2,health_beauty,Southeast,122.00481856438549,19.67271858142916,ridge,171.0
2018-06-11,2018-06-25,3,health_beauty,Southeast,122.84662931416322,19.67271858142916,ridge,131.0
2018-06-11,2018-07-02,4,health_beauty,Southeast,118.19161854517935,19.67271858142916,ridge,138.0
2018-06-11,2018-06-11,1,housewares,Central-West,7.529048854400941,3.1461082541344143,ridge,8.0
2018-06-11,2018-06-18,2,housewares,Central-West,6.7357433924044265,3.1461082541344143,ridge,9.0
2018-06-11,2018-06-25,3,housewares,Central-West,6.444524525733094,3.1461082541344143,ridge,9.0
2018-06-11,2018-07-02,4,housewares,Central-West,5.912662519166561,3.1461082541344143,ridge,4.0
2018-06-11,2018-06-11,1,housewares,North,0.16229891653397033,1.5399637021796007,ridge,3.0
2018-06-11,2018-06-18,2,housewares,North,0.16072391941620268,1.5399637021796007,ridge,2.0
2018-06-11,2018-06-25,3,housewares,North,0.13784811880001158,1.5399637021796007,ridge,3.0
2018-06-11,2018-07-02,4,housewares,North,0.18742343309008724,1.5399637021796007,ridge,1.0
2018-06-11,2018-06-11,1,housewares,Northeast,5.754110251181942,3.2179268734001756,ridge,5.0
2018-06-11,2018-06-18,2,housewares,Northeast,6.919415560114902,3.2179268734001756,ridge,6.0
2018-06-11,2018-06-25,3,housewares,Northeast,7.401260431451202,3.2179268734001756,ridge,18.0
2018-06-11,2018-07-02,4,housewares,Northeast,7.373646897682355,3.2179268734001756,ridge,7.0
2018-06-11,2018-06-11,1,housewares,South,21.47677112384092,5.964485087848605,ridge,18.0
2018-06-11,2018-06-18,2,housewares,South,20.18199264358553,5.964485087848605,ridge,12.0
2018-06-11,2018-06-25,3,housewares,South,20.287976742182103,5.964485087848605,ridge,19.0
2018-06-11,2018-07-02,4,housewares,South,19.5003243727166,5.964485087848605,ridge,17.0
2018-06-11,2018-06-11,1,housewares,Southeast,109.24205384664151,17.941978093542996,ridge,96.0
2018-06-11,2018-06-18,2,housewares,Southeast,105.64181108751544,17.941978093542996,ridge,85.0
2018-06-11,2018-06-25,3,housewares,Southeast,102.32005779297955,17.941978093542996,ridge,88.0
2018-06-11,2018-07-02,4,housewares,Southeast,101.53030535374228,17.941978093542996,ridge,82.0
2018-06-11,2018-06-11,1,sports_leisure,Central-West,7.126986318586703,3.9662814340818775,ridge,3.0
2018-06-11,2018-06-18,2,sports_leisure,Central-West,6.841199624053319,3.9662814340818775,ridge,11.0
2018-06-11,2018-06-25,3,sports_leisure,Central-West,6.672976180584316,3.9662814340818775,ridge,6.0
2018-06-11,2018-07-02,4,sports_leisure,Central-West,6.179984085137508,3.9662814340818775,ridge,7.0
2018-06-11,2018-06-11,1,sports_leisure,North,3.450992315174263,2.0938700841090436,ridge,3.0
2018-06-11,2018-06-18,2,sports_leisure,North,2.7049981084858636,2.0938700841090436,ridge,2.0
2018-06-11,2018-06-25,3,sports_leisure,North,2.0293412533311255,2.0938700841090436,ridge,0.0
2018-06-11,2018-07-02,4,sports_leisure,North,1.6819631276970863,2.0938700841090436,ridge,1.0
2018-06-11,2018-06-11,1,sports_leisure,Northeast,7.964972083067664,4.060607436723006,ridge,11.0
2018-06-11,2018-06-18,2,sports_leisure,Northeast,7.922776359022349,4.060607436723006,ridge,10.0
2018-06-11,2018-06-25,3,sports_leisure,Northeast,7.2331743877590435,4.060607436723006,ridge,5.0
2018-06-11,2018-07-02,4,sports_leisure,Northeast,6.933156158000992,4.060607436723006,ridge,10.0
2018-06-11,2018-06-11,1,sports_leisure,South,10.555398721276426,6.799826820218003,ridge,15.0
2018-06-11,2018-06-18,2,sports_leisure,South,12.920775868957579,6.799826820218003,ridge,12.0
2018-06-11,2018-06-25,3,sports_leisure,South,13.014893302552238,6.799826820218003,ridge,13.0
2018-06-11,2018-07-02,4,sports_leisure,South,13.93218597236055,6.799826820218003,ridge,18.0
2018-06-11,2018-06-11,1,sports_leisure,Southeast,64.42012240235631,17.737225524456747,ridge,80.0
2018-06-11,2018-06-18,2,sports_leisure,Southeast,72.77327813948413,17.737225524456747,ridge,72.0
2018-06-11,2018-06-25,3,sports_leisure,Southeast,75.36403346365765,17.737225524456747,ridge,78.0
2018-06-11,2018-07-02,4,sports_leisure,Southeast,75.33094726651649,17.737225524456747,ridge,78.0
2018-06-11,2018-06-11,1,telephony,Central-West,1.4418706552639966,2.665237390589482,ridge,4.0
2018-06-11,2018-06-18,2,telephony,Central-West,0.6635978433289775,2.665237390589482,ridge,17.0
2018-06-11,2018-06-25,3,telephony,Central-West,0.2516384098018074,2.665237390589482,ridge,4.0
2018-06-11,2018-07-02,4,telephony,Central-West,0.1631700523459676,2.665237390589482,ridge,1.0
2018-06-11,2018-06-11,1,telephony,North,0.8941722405901391,2.1324636783008812,ridge,0.0
2018-06-11,2018-06-18,2,telephony,North,0.0,2.1324636783008812,ridge,0.0
2018-06-11,2018-06-25,3,telephony,North,0.0,2.1324636783008812,ridge,1.0
2018-06-11,2018-07-02,4,telephony,North,0.0,2.1324636783008812,ridge,0.0
2018-06-11,2018-06-11,1,telephony,Northeast,6.373161085053779,4.935164932869882,ridge,8.0
2018-06-11,2018-06-18,2,telephony,Northeast,5.784389671071226,4.935164932869882,ridge,7.0
2018-06-11,2018-06-25,3,telephony,Northeast,5.387597776053435,4.935164932869882,ridge,1.0
2018-06-11,2018-07-02,4,telephony,Northeast,5.578579239774259,4.935164932869882,ridge,7.0
2018-06-11,2018-06-11,1,telephony,South,7.371227755099736,4.350368050944517,ridge,7.0
2018-06-11,2018-06-18,2,telephony,South,7.388176619818106,4.350368050944517,ridge,9.0
2018-06-11,2018-06-25,3,telephony,South,7.277310932737869,4.350368050944517,ridge,8.0
2018-06-11,2018-07-02,4,telephony,South,6.594245600547771,4.350368050944517,ridge,9.0
2018-06-11,2018-06-11,1,telephony,Southeast,34.49550318464438,11.184647387219611,ridge,43.0
2018-06-11,2018-06-18,2,telephony,Southeast,38.402502878153626,11.184647387219611,ridge,26.0
2018-06-11,2018-06-25,3,telephony,Southeast,39.863574168433885,11.184647387219611,ridge,24.0
2018-06-11,2018-07-02,4,telephony,Southeast,40.76119461951177,11.184647387219611,ridge,18.0
2018-06-11,2018-06-11,1,watches_gifts,Central-West,5.880109943304126,2.735190291146147,ridge,9.0
2018-06-11,2018-06-18,2,watches_gifts,Central-West,6.489637206430479,2.735190291146147,ridge,7.0
2018-06-11,2018-06-25,3,watches_gifts,Central-West,6.198629518457924,2.735190291146147,ridge,11.0
2018-06-11,2018-07-02,4,watches_gifts,Central-West,5.841397351023248,2.735190291146147,ridge,5.0
2018-06-11,2018-06-11,1,watches_gifts,North,0.7987841024962137,1.609406019576905,ridge,3.0
2018-06-11,2018-06-18,2,watches_gifts,North,0.742237556944362,1.609406019576905,ridge,2.0
2018-06-11,2018-06-25,3,watches_gifts,North,0.4459437053942761,1.609406019576905,ridge,3.0
2018-06-11,2018-07-02,4,watches_gifts,North,0.3144390859319408,1.609406019576905,ridge,2.0
2018-06-11,2018-06-11,1,watches_gifts,Northeast,14.658652875066696,4.507638217697902,ridge,18.0
2018-06-11,2018-06-18,2,watches_gifts,Northeast,15.184400966577718,4.507638217697902,ridge,17.0
2018-06-11,2018-06-25,3,watches_gifts,Northeast,15.443317326369346,4.507638217697902,ridge,7.0
2018-06-11,2018-07-02,4,watches_gifts,Northeast,14.838872646330163,4.507638217697902,ridge,12.0
2018-06-11,2018-06-11,1,watches_gifts,South,11.203486986309176,4.831861647798029,ridge,15.0
2018-06-11,2018-06-18,2,watches_gifts,South,12.845976684234923,4.831861647798029,ridge,12.0
2018-06-11,2018-06-25,3,watches_gifts,South,12.379101418725455,4.831861647798029,ridge,12.0
2018-06-11,2018-07-02,4,watches_gifts,South,11.63590632132872,4.831861647798029,ridge,11.0
2018-06-11,2018-06-11,1,watches_gifts,Southeast,77.99072345060574,16.94557260595821,ridge,91.0
2018-06-11,2018-06-18,2,watches_gifts,Southeast,88.63882710380582,16.94557260595821,ridge,79.0
2018-06-11,2018-06-25,3,watches_gifts,Southeast,91.42437755919471,16.94557260595821,ridge,74.0
2018-06-11,2018-07-02,4,watches_gifts,Southeast,89.48038467867173,16.94557260595821,ridge,56.0
2018-06-18,2018-06-18,1,auto,Central-West,2.0,4.565875843934242,last_week,4.0
2018-06-18,2018-06-25,2,auto,Central-West,2.0,4.565875843934242,last_week,5.0
2018-06-18,2018-07-02,3,auto,Central-West,2.0,4.565875843934242,last_week,0.0
2018-06-18,2018-07-09,4,auto,Central-West,2.0,4.565875843934242,last_week,3.0
2018-06-18,2018-06-18,1,auto,North,0.0,1.509230856356236,last_week,0.0
2018-06-18,2018-06-25,2,auto,North,0.0,1.509230856356236,last_week,1.0
2018-06-18,2018-07-02,3,auto,North,0.0,1.509230856356236,last_week,2.0
2018-06-18,2018-07-09,4,auto,North,0.0,1.509230856356236,last_week,2.0
2018-06-18,2018-06-18,1,auto,Northeast,6.0,3.3437337746231464,last_week,9.0
2018-06-18,2018-06-25,2,auto,Northeast,6.0,3.3437337746231464,last_week,5.0
2018-06-18,2018-07-02,3,auto,Northeast,6.0,3.3437337746231464,last_week,4.0
2018-06-18,2018-07-09,4,auto,Northeast,6.0,3.3437337746231464,last_week,19.0
2018-06-18,2018-06-18,1,auto,South,11.0,4.614289399969043,last_week,11.0
2018-06-18,2018-06-25,2,auto,South,11.0,4.614289399969043,last_week,9.0
2018-06-18,2018-07-02,3,auto,South,11.0,4.614289399969043,last_week,9.0
2018-06-18,2018-07-09,4,auto,South,11.0,4.614289399969043,last_week,12.0
2018-06-18,2018-06-18,1,auto,Southeast,39.0,12.965766892517816,last_week,50.0
2018-06-18,2018-06-25,2,auto,Southeast,39.0,12.965766892517816,last_week,50.0
2018-06-18,2018-07-02,3,auto,Southeast,39.0,12.965766892517816,last_week,44.0
2018-06-18,2018-07-09,4,auto,Southeast,39.0,12.965766892517816,last_week,19.0
2018-06-18,2018-06-18,1,bed_bath_table,Central-West,2.0,5.341140119654022,last_week,6.0
2018-06-18,2018-06-25,2,bed_bath_table,Central-West,2.0,5.341140119654022,last_week,4.0
2018-06-18,2018-07-02,3,bed_bath_table,Central-West,2.0,5.341140119654022,last_week,9.0
2018-06-18,2018-07-09,4,bed_bath_table,Central-West,2.0,5.341140119654022,last_week,8.0
2018-06-18,2018-06-18,1,bed_bath_table,North,0.0,1.4907119849998598,last_week,1.0
2018-06-18,2018-06-25,2,bed_bath_table,North,0.0,1.4907119849998598,last_week,0.0
2018-06-18,2018-07-02,3,bed_bath_table,North,0.0,1.4907119849998598,last_week,3.0
2018-06-18,2018-07-09,4,bed_bath_table,North,0.0,1.4907119849998598,last_week,0.0
2018-06-18,2018-06-18,1,bed_bath_table,Northeast,10.0,3.931708704028483,last_week,2.0
2018-06-18,2018-06-25,2,bed_bath_table,Northeast,10.0,3.931708704028483,last_week,19.0
2018-06-18,2018-07-02,3,bed_bath_table,Northeast,10.0,3.931708704028483,last_week,6.0
2018-06-18,2018-07-09,4,bed_bath_table,Northeast,10.0,3.931708704028483,last_week,9.0
2018-06-18,2018-06-18,1,bed_bath_table,South,12.0,8.603132504436328,last_week,27.0
2018-06-18,2018-06-25,2,bed_bath_table,South,12.0,8.603132504436328,last_week,20.0
2018-06-18,2018-07-02,3,bed_bath_table,South,12.0,8.603132504436328,last_week,14.0
2018-06-18,2018-07-09,4,bed_bath_table,South,12.0,8.603132504436328,last_week,13.0
2018-06-18,2018-06-18,1,bed_bath_table,Southeast,159.0,42.36694859596727,last_week,158.0
2018-06-18,2018-06-25,2,bed_bath_table,Southeast,159.0,42.36694859596727,last_week,113.0
2018-06-18,2018-07-02,3,bed_bath_table,Southeast,159.0,42.36694859596727,last_week,96.0
2018-06-18,2018-07-09,4,bed_bath_table,Southeast,159.0,42.36694859596727,last_week,50.0
2018-06-18,2018-06-18,1,computers_accessories,Central-West,5.0,4.756574397610112,last_week,7.0
2018-06-18,2018-06-25,2,computers_accessories,Central-West,5.0,4.756574397610112,last_week,2.0
2018-06-18,2018-07-02,3,computers_accessories,Central-West,5.0,4.756574397610112,last_week,3.0
2018-06-18,2018-07-09,4,computers_accessories,Central-West,5.0,4.756574397610112,last_week,1.0
2018-06-18,2018-06-18,1,computers_accessories,North,3.0,2.622022120425379,last_week,0.0
2018-06-18,2018-06-25,2,computers_accessories,North,3.0,2.622022120425379,last_week,0.0
2018-06-18,2018-07-02,3,computers_accessories,North,3.0,2.622022120425379,last_week,0.0
2018-06-18,2018-07-09,4,computers_accessories,North,3.0,2.622022120425379,last_week,1.0
2018-06-18,2018-06-18,1,computers_accessories,Northeast,10.0,6.610177338350647,last_week,9.0
2018-06-18,2018-06-25,2,computers_accessories,Northeast,10.0,6.610177338350647,last_week,8.0
2018-06-18,2018-07-02,3,computers_accessories,Northeast,10.0,6.610177338350647,last_week,9.0
2018-06-18,2018-07-09,4,computers_accessories,Northeast,10.0,6.610177338350647,last_week,10.0
2018-06-18,2018-06-18,1,computers_accessories,South,13.0,8.14793770772021,last_week,19.0
2018-06-18,2018-06-25,2,computers_accessories,South,13.0,8.14793770772021,last_week,19.0
2018-06-18,2018-07-02,3,computers_accessories,South,13.0,8.14793770772021,last_week,11.0
2018-06-18,2018-07-09,4,computers_accessories,South,13.0,8.14793770772021,last_week,16.0
2018-06-18,2018-06-18,1,computers_accessories,Southeast,50.0,25.03996805109783,last_week,71.0
2018-06-18,2018-06-25,2,computers_accessories,Southeast,50.0,25.03996805109783,last_week,76.0
2018-06-18,2018-07-02,3,computers_accessories,Southeast,50.0,25.03996805109783,last_week,58.0
2018-06-18,2018-07-09,4,computers_accessories,Southeast,50.0,25.03996805109783,last_week,38.0
2018-06-18,2018-06-18,1,furniture_decor,Central-West,8.0,4.792934614849468,last_week,6.0
2018-06-18,2018-06-25,2,furniture_decor,Central-West,8.0,4.792934614849468,last_week,1.0
2018-06-18,2018-07-02,3,furniture_decor,Central-West,8.0,4.792934614849468,last_week,4.0
2018-06-18,2018-07-09,4,furniture_decor,Central-West,8.0,4.792934614849468,last_week,2.0
2018-06-18,2018-06-18,1,furniture_decor,North,0.0,2.3687784005919825,last_week,0.0
2018-06-18,2018-06-25,2,furniture_decor,North,0.0,2.3687784005919825,last_week,1.0
2018-06-18,2018-07-02,3,furniture_decor,North,0.0,2.3687784005919825,last_week,1.0
2018-06-18,2018-07-09,4,furniture_decor,North,0.0,2.3687784005919825,last_week,1.0
2018-06-18,2018-06-18,1,furniture_decor,Northeast,5.0,6.090748904873868,last_week,7.0
2018-06-18,2018-06-25,2,furniture_decor,Northeast,5.0,6.090748904873868,last_week,14.0
2018-06-18,2018-07-02,3,furniture_decor,Northeast,5.0,6.090748904873868,last_week,5.0
2018-06-18,2018-07-09,4,furniture_decor,Northeast,5.0,6.090748904873868,last_week,6.0
2018-06-18,2018-06-18,1,furniture_decor,South,20.0,10.501322668015575,last_week,22.0
2018-06-18,2018-06-25,2,furniture_decor,South,20.0,10.501322668015575,last_week,20.0
2018-06-18,2018-07-02,3,furniture_decor,South,20.0,10.501322668015575,last_week,17.0
2018-06-18,2018-07-09,4,furniture_decor,South,20.0,10.501322668015575,last_week,8.0
2018-06-18,2018-06-18,1,furniture_decor,Southeast,67.0,30.403307568603637,last_week,52.0
2018-06-18,2018-06-25,2,furniture_decor,Southeast,67.0,30.403307568603637,last_week,84.0
2018-06-18,2018-07-02,3,furniture_decor,Southeast,67.0,30.403307568603637,last_week,63.0
2018-06-18,2018-07-09,4,furniture_decor,Southeast,67.0,30.403307568603637,last_week,26.0
2018-06-18,2018-06-18,1,garden_tools,Central-West,1.0,4.6830071060757055,last_week,0.0
2018-06-18,2018-06-25,2,garden_tools,Central-West,1.0,4.6830071060757055,last_week,4.0
2018-06-18,2018-07-02,3,garden_tools,Central-West,1.0,4.6830071060757055,last_week,0.0
2018-06-18,2018-07-09,4,garden_tools,Central-West,1.0,4.6830071060757055,last_week,1.0
2018-06-18,2018-06-18,1,garden_tools,North,3.0,1.6583123951777,last_week,0.0
2018-06-18,2018-06-25,2,garden_tools,North,3.0,1.6583123951777,last_week,1.0
2018-06-18,2018-07-02,3,garden_tools,North,3.0,1.6583123951777,last_week,0.0
2018-06-18,2018-07-09,4,garden_tools,North,3.0,1.6583123951777,last_week,1.0
2018-06-18,2018-06-18,1,garden_tools,Northeast,4.0,6.292632376217621,last_week,2.0
2018-06-18,2018-06-25,2,garden_tools,Northeast,4.0,6.292632376217621,last_week,5.0
2018-06-18,2018-07-02,3,garden_tools,Northeast,4.0,6.292632376217621,last_week,4.0
2018-06-18,2018-07-09,4,garden_tools,Northeast,4.0,6.292632376217621,last_week,3.0
2018-06-18,2018-06-18,1,garden_tools,South,5.0,5.947688626685159,last_week,3.0
2018-06-18,2018-06-25,2,garden_tools,South,5.0,5.947688626685159,last_week,9.0
2018-06-18,2018-07-02,3,garden_tools,South,5.0,5.947688626685159,last_week,5.0
2018-06-18,2018-07-09,4,garden_tools,South,5.0,5.947688626685159,last_week,2.0
2018-06-18,2018-06-18,1,garden_tools,Southeast,29.0,25.38290106876412,last_week,25.0
2018-06-18,2018-06-25,2,garden_tools,Southeast,29.0,25.38290106876412,last_week,52.0
2018-06-18,2018-07-02,3,garden_tools,Southeast,29.0,25.38290106876412,last_week,27.0
2018-06-18,2018-07-09,4,garden_tools,Southeast,29.0,25.38290106876412,last_week,16.0
2018-06-18,2018-06-18,1,health_beauty,Central-West,13.0,5.008326400438906,last_week,10.0
2018-06-18,2018-06-25,2,health_beauty,Central-West,13.0,5.008326400438906,last_week,8.0
2018-06-18,2018-07-02,3,health_beauty,Central-West,13.0,5.008326400438906,last_week,6.0
2018-06-18,2018-07-09,4,health_beauty,Central-West,13.0,5.008326400438906,last_week,15.0
2018-06-18,2018-06-18,1,health_beauty,North,3.0,2.6822461565718467,last_week,4.0
2018-06-18,2018-06-25,2,health_beauty,North,3.0,2.6822461565718467,last_week,7.0
2018-06-18,2018-07-02,3,health_beauty,North,3.0,2.6822461565718467,last_week,5.0
2018-06-18,2018-07-09,4,health_beauty,North,3.0,2.6822461565718467,last_week,6.0
2018-06-18,2018-06-18,1,health_beauty,Northeast,22.0,6.1700441201375895,last_week,19.0
2018-06-18,2018-06-25,2,health_beauty,Northeast,22.0,6.1700441201375895,last_week,20.0
2018-06-18,2018-07-02,3,health_beauty,Northeast,22.0,6.1700441201375895,last_week,20.0
2018-06-18,2018-07-09,4,health_beauty,Northeast,22.0,6.1700441201375895,last_week,27.0
2018-06-18,2018-06-18,1,health_beauty,South,18.0,6.590186306589182,last_week,23.0
2018-06-18,2018-06-25,2,health_beauty,South,18.0,6.590186306589182,last_week,24.0
2018-06-18,2018-07-02,3,health_beauty,South,18.0,6.590186306589182,last_week,13.0
2018-06-18,2018-07-09,4,health_beauty,South,18.0,6.590186306589182,last_week,15.0
2018-06-18,2018-06-18,1,health_beauty,Southeast,167.0,21.836513763266638,last_week,171.0
2018-06-18,2018-06-25,2,health_beauty,Southeast,167.0,21.836513763266638,last_week,131.0
2018-06-18,2018-07-02,3,health_beauty,Southeast,167.0,21.836513763266638,last_week,138.0
2018-06-18,2018-07-09,4,health_beauty,Southeast,167.0,21.836513763266638,last_week,82.0
2018-06-18,2018-06-18,1,housewares,Central-West,8.0,3.6016971308290513,last_week,9.0
2018-06-18,2018-06-25,2,housewares,Central-West,8.0,3.6016971308290513,last_week,9.0
2018-06-18,2018-07-02,3,housewares,Central-West,8.0,3.6016971308290513,last_week,4.0
2018-06-18,2018-07-09,4,housewares,Central-West,8.0,3.6016971308290513,last_week,12.0
2018-06-18,2018-06-18,1,housewares,North,3.0,1.7199806200458578,last_week,2.0
2018-06-18,2018-06-25,2,housewares,North,3.0,1.7199806200458578,last_week,3.0
2018-06-18,2018-07-02,3,housewares,North,3.0,1.7199806200458578,last_week,1.0
2018-06-18,2018-07-09,4,housewares,North,3.0,1.7199806200458578,last_week,0.0
2018-06-18,2018-06-18,1,housewares,Northeast,5.0,3.8042374035044424,last_week,6.0
2018-06-18,2018-06-25,2,housewares,Northeast,5.0,3.8042374035044424,last_week,18.0
2018-06-18,2018-07-02,3,housewares,Northeast,5.0,3.8042374035044424,last_week,7.0
2018-06-18,2018-07-09,4,housewares,Northeast,5.0,3.8042374035044424,last_week,5.0
2018-06-18,2018-06-18,1,housewares,South,18.0,7.052383363878563,last_week,12.0
2018-06-18,2018-06-25,2,housewares,South,18.0,7.052383363878563,last_week,19.0
2018-06-18,2018-07-02,3,housewares,South,18.0,7.052383363878563,last_week,17.0
2018-06-18,2018-07-09,4,housewares,South,18.0,7.052383363878563,last_week,10.0
2018-06-18,2018-06-18,1,housewares,Southeast,96.0,20.229585045450417,last_week,85.0
2018-06-18,2018-06-25,2,housewares,Southeast,96.0,20.229585045450417,last_week,88.0
2018-06-18,2018-07-02,3,housewares,Southeast,96.0,20.229585045450417,last_week,82.0
2018-06-18,2018-07-09,4,housewares,Southeast,96.0,20.229585045450417,last_week,43.0
2018-06-18,2018-06-18,1,sports_leisure,Central-West,3.0,4.831896338108074,last_week,11.0
2018-06-18,2018-06-25,2,sports_leisure,Central-West,3.0,4.831896338108074,last_week,6.0
2018-06-18,2018-07-02,3,sports_leisure,Central-West,3.0,4.831896338108074,last_week,7.0
2018-06-18,2018-07-09,4,sports_leisure,Central-West,3.0,4.831896338108074,last_week,4.0
2018-06-18,2018-06-18,1,sports_leisure,North,3.0,2.359967043084383,last_week,2.0
2018-06-18,2018-06-25,2,sports_leisure,North,3.0,2.359967043084383,last_week,0.0
2018-06-18,2018-07-02,3,sports_leisure,North,3.0,2.359967043084383,last_week,1.0
2018-06-18,2018-07-09,4,sports_leisure,North,3.0,2.359967043084383,last_week,2.0
2018-06-18,2018-06-18,1,sports_leisure,Northeast,11.0,4.656238348232998,last_week,10.0
2018-06-18,2018-06-25,2,sports_leisure,Northeast,11.0,4.656238348232998,last_week,5.0
2018-06-18,2018-07-02,3,sports_leisure,Northeast,11.0,4.656238348232998,last_week,10.0
2018-06-18,2018-07-09,4,sports_leisure,Northeast,11.0,4.656238348232998,last_week,10.0
2018-06-18,2018-06-18,1,sports_leisure,South,15.0,7.827125199515393,last_week,12.0
2018-06-18,2018-06-25,2,sports_leisure,South,15.0,7.827125199515393,last_week,13.0
2018-06-18,2018-07-02,3,sports_leisure,South,15.0,7.827125199515393,last_week,18.0
2018-06-18,2018-07-09,4,sports_leisure,South,15.0,7.827125199515393,last_week,6.0
2018-06-18,2018-06-18,1,sports_leisure,Southeast,80.0,19.645822287024114,last_week,72.0
2018-06-18,2018-06-25,2,sports_leisure,Southeast,80.0,19.645822287024114,last_week,78.0
2018-06-18,2018-07-02,3,sports_leisure,Southeast,80.0,19.645822287024114,last_week,78.0
2018-06-18,2018-07-09,4,sports_leisure,Southeast,80.0,19.645822287024114,last_week,38.0
2018-06-18,2018-06-18,1,telephony,Central-West,4.0,3.164472924341254,last_week,17.0
2018-06-18,2018-06-25,2,telephony,Central-West,4.0,3.164472924341254,last_week,4.0
2018-06-18,2018-07-02,3,telephony,Central-West,4.0,3.164472924341254,last_week,1.0
2018-06-18,2018-07-09,4,telephony,Central-West,4.0,3.164472924341254,last_week,1.0
2018-06-18,2018-06-18,1,telephony,North,0.0,2.1984843263788196,last_week,0.0
2018-06-18,2018-06-25,2,telephony,North,0.0,2.1984843263788196,last_week,1.0
2018-06-18,2018-07-02,3,telephony,North,0.0,2.1984843263788196,last_week,0.0
2018-06-18,2018-07-09,4,telephony,North,0.0,2.1984843263788196,last_week,1.0
2018-06-18,2018-06-18,1,telephony,Northeast,8.0,5.878397362849466,last_week,7.0
2018-06-18,2018-06-25,2,telephony,Northeast,8.0,5.878397362849466,last_week,1.0
2018-06-18,2018-07-02,3,telephony,Northeast,8.0,5.878397362849466,last_week,7.0
2018-06-18,2018-07-09,4,telephony,Northeast,8.0,5.878397362849466,last_week,6.0
2018-06-18,2018-06-18,1,telephony,South,7.0,5.192141497815071,last_week,9.0
2018-06-18,2018-06-25,2,telephony,South,7.0,5.192141497815071,last_week,8.0
2018-06-18,2018-07-02,3,telephony,South,7.0,5.192141497815071,last_week,9.0
2018-06-18,2018-07-09,4,telephony,South,7.0,5.192141497815071,last_week,12.0
2018-06-18,2018-06-18,1,telephony,Southeast,43.0,12.020237564670305,last_week,26.0
2018-06-18,2018-06-25,2,telephony,Southeast,43.0,12.020237564670305,last_week,24.0
2018-06-18,2018-07-02,3,telephony,Southeast,43.0,12.020237564670305,last_week,18.0
2018-06-18,2018-07-09,4,telephony,Southeast,43.0,12.020237564670305,last_week,12.0
2018-06-18,2018-06-18,1,watches_gifts,Central-West,9.0,3.0413812651491097,last_week,7.0
2018-06-18,2018-06-25,2,watches_gifts,Central-West,9.0,3.0413812651491097,last_week,11.0
2018-06-18,2018-07-02,3,watches_gifts,Central-West,9.0,3.0413812651491097,last_week,5.0
2018-06-18,2018-07-09,4,watches_gifts,Central-West,9.0,3.0413812651491097,last_week,8.0
2018-06-18,2018-06-18,1,watches_gifts,North,3.0,1.8295415333416791,last_week,2.0
2018-06-18,2018-06-25,2,watches_gifts,North,3.0,1.8295415333416791,last_week,3.0
2018-06-18,2018-07-02,3,watches_gifts,North,3.0,1.8295415333416791,last_week,2.0
2018-06-18,2018-07-09,4,watches_gifts,North,3.0,1.8295415333416791,last_week,4.0
2018-06-18,2018-06-18,1,watches_gifts,Northeast,18.0,5.0,last_week,17.0
2018-06-18,2018-06-25,2,watches_gifts,Northeast,18.0,5.0,last_week,7.0
2018-06-18,2018-07-02,3,watches_gifts,Northeast,18.0,5.0,last_week,12.0
2018-06-18,2018-07-09,4,watches_gifts,Northeast,18.0,5.0,last_week,28.0
2018-06-18,2018-06-18,1,watches_gifts,South,15.0,5.733672470589857,last_week,12.0
2018-06-18,2018-06-25,2,watches_gifts,South,15.0,5.733672470589857,last_week,12.0
2018-06-18,2018-07-02,3,watches_gifts,South,15.0,5.733672470589857,last_week,11.0
2018-06-18,2018-07-09,4,watches_gifts,South,15.0,5.733672470589857,last_week,16.0
2018-06-18,2018-06-18,1,watches_gifts,Southeast,91.0,17.901350042198864,last_week,79.0
2018-06-18,2018-06-25,2,watches_gifts,Southeast,91.0,17.901350042198864,last_week,74.0
2018-06-18,2018-07-02,3,watches_gifts,Southeast,91.0,17.901350042198864,last_week,56.0
2018-06-18,2018-07-09,4,watches_gifts,Southeast,91.0,17.901350042198864,last_week,65.0
2018-06-18,2018-06-18,1,auto,Central-West,3.75,3.621046694902824,moving_average,4.0
2018-06-18,2018-06-25,2,auto,Central-West,4.4375,3.621046694902824,moving_average,5.0
2018-06-18,2018-07-02,3,auto,Central-West,4.546875,3.621046694902824,moving_average,0.0
2018-06-18,2018-07-09,4,auto,Central-West,3.68359375,3.621046694902824,moving_average,3.0
2018-06-18,2018-06-18,1,auto,North,0.75,1.1751920646808711,moving_average,0.0
2018-06-18,2018-06-25,2,auto,North,0.9375,1.1751920646808711,moving_average,1.0
2018-06-18,2018-07-02,3,auto,North,1.171875,1.1751920646808711,moving_average,2.0
2018-06-18,2018-07-09,4,auto,North,0.71484375,1.1751920646808711,moving_average,2.0
2018-06-18,2018-06-18,1,auto,Northeast,5.25,2.6408253129151373,moving_average,9.0
2018-06-18,2018-06-25,2,auto,Northeast,6.0625,2.6408253129151373,moving_average,5.0
2018-06-18,2018-07-02,3,auto,Northeast,5.828125,2.6408253129151373,moving_average,4.0
2018-06-18,2018-07-09,4,auto,Northeast,5.78515625,2.6408253129151373,moving_average,19.0
2018-06-18,2018-06-18,1,auto,South,9.5,3.672580458236718,moving_average,11.0
2018-06-18,2018-06-25,2,auto,South,10.875,3.672580458236718,moving_average,9.0
2018-06-18,2018-07-02,3,auto,South,12.09375,3.672580458236718,moving_average,9.0
2018-06-18,2018-07-09,4,auto,South,10.8671875,3.672580458236718,moving_average,12.0
2018-06-18,2018-06-18,1,auto,Southeast,34.5,13.0663703729162,moving_average,50.0
2018-06-18,2018-06-25,2,auto,Southeast,35.625,13.0663703729162,moving_average,50.0
2018-06-18,2018-07-02,3,auto,Southeast,38.53125,13.0663703729162,moving_average,44.0
2018-06-18,2018-07-09,4,auto,Southeast,36.9140625,13.0663703729162,moving_average,19.0
2018-06-18,2018-06-18,1,bed_bath_table,Central-West,4.25,4.5836174154385,moving_average,6.0
2018-06-18,2018-06-25,2,bed_bath_table,Central-West,4.3125,4.5836174154385,moving_average,4.0
2018-06-18,2018-07-02,3,bed_bath_table,Central-West,4.390625,4.5836174154385,moving_average,9.0
2018-06-18,2018-07-09,4,bed_bath_table,Central-West,3.73828125,4.5836174154385,moving_average,8.0
2018-06-18,2018-06-18,1,bed_bath_table,North,0.25,1.1931517552730295,moving_average,1.0
2018-06-18,2018-06-25,2,bed_bath_table,North,0.0625,1.1931517552730295,moving_average,0.0
2018-06-18,2018-07-02,3,bed_bath_table,North,0.078125,1.1931517552730295,moving_average,3.0
2018-06-18,2018-07-09,4,bed_bath_table,North,0.09765625,1.1931517552730295,moving_average,0.0
2018-06-18,2018-06-18,1,bed_bath_table,Northeast,6.5,3.6603876160865805,moving_average,2.0
2018-06-18,2018-06-25,2,bed_bath_table,Northeast,6.875,3.6603876160865805,moving_average,19.0
2018-06-18,2018-07-02,3,bed_bath_table,Northeast,7.34375,3.6603876160865805,moving_average,6.0
2018-06-18,2018-07-09,4,bed_bath_table,Northeast,7.6796875,3.6603876160865805,moving_average,9.0
2018-06-18,2018-06-18,1,bed_bath_table,South,15.75,7.454840895537461,moving_average,27.0
2018-06-18,2018-06-25,2,bed_bath_table,South,16.4375,7.454840895537461,moving_average,20.0
2018-06-18,2018-07-02,3,bed_bath_table,South,17.046875,7.454840895537461,moving_average,14.0
2018-06-18,2018-07-09,4,bed_bath_table,South,15.30859375,7.454840895537461,moving_average,13.0
2018-06-18,2018-06-18,1,bed_bath_table,Southeast,135.25,40.71775735338194,moving_average,158.0
2018-06-18,2018-06-25,2,bed_bath_table,Southeast,141.5625,40.71775735338194,moving_average,113.0
2018-06-18,2018-07-02,3,bed_bath_table,Southeast,149.453125,40.71775735338194,moving_average,96.0
2018-06-18,2018-07-09,4,bed_bath_table,Southeast,146.31640625,40.71775735338194,moving_average,50.0
2018-06-18,2018-06-18,1,computers_accessories,Central-West,3.0,4.064155645532183,moving_average,7.0
2018-06-18,2018-06-25,2,computers_accessories,Central-West,2.75,4.064155645532183,moving_average,2.0
2018-06-18,2018-07-02,3,computers_accessories,Central-West,2.9375,4.064155645532183,moving_average,3.0
2018-06-18,2018-07-09,4,computers_accessories,Central-West,3.421875,4.064155645532183,moving_average,1.0
2018-06-18,2018-06-18,1,computers_accessories,North,1.75,2.0030358902869856,moving_average,0.0
2018-06-18,2018-06-25,2,computers_accessories,North,1.9375,2.0030358902869856,moving_average,0.0
2018-06-18,2018-07-02,3,computers_accessories,North,2.421875,2.0030358902869856,moving_average,0.0
2018-06-18,2018-07-09,4,computers_accessories,North,2.27734375,2.0030358902869856,moving_average,1.0
2018-06-18,2018-06-18,1,computers_accessories,Northeast,11.0,5.103528871716554,moving_average,9.0
2018-06-18,2018-06-25,2,computers_accessories,Northeast,11.0,5.103528871716554,moving_average,8.0
2018-06-18,2018-07-02,3,computers_accessories,Northeast,12.0,5.103528871716554,moving_average,9.0
2018-06-18,2018-07-09,4,computers_accessories,Northeast,11.0,5.103528871716554,moving_average,10.0
2018-06-18,2018-06-18,1,computers_accessories,South,10.75,8.939466566859569,moving_average,19.0
2018-06-18,2018-06-25,2,computers_accessories,South,10.4375,8.939466566859569,moving_average,19.0
2018-06-18,2018-07-02,3,computers_accessories,South,11.796875,8.939466566859569,moving_average,11.0
2018-06-18,2018-07-09,4,computers_accessories,South,11.49609375,8.939466566859569,moving_average,16.0
2018-06-18,2018-06-18,1,computers_accessories,Southeast,52.75,27.834705554996148,moving_average,71.0
2018-06-18,2018-06-25,2,computers_accessories,Southeast,54.6875,27.834705554996148,moving_average,76.0
2018-06-18,2018-07-02,3,computers_accessories,Southeast,59.109375,27.834705554996148,moving_average,58.0
2018-06-18,2018-07-09,4,computers_accessories,Southeast,54.13671875,27.834705554996148,moving_average,38.0
2018-06-18,2018-06-18,1,furniture_decor,Central-West,6.75,3.8278946926186173,moving_average,6.0
2018-06-18,2018-06-25,2,furniture_decor,Central-West,6.4375,3.8278946926186173,moving_average,1.0
2018-06-18,2018-07-02,3,furniture_decor,Central-West,6.296875,3.8278946926186173,moving_average,4.0
2018-06-18,2018-07-09,4,furniture_decor,Central-West,6.87109375,3.8278946926186173,moving_average,2.0
2018-06-18,2018-06-18,1,furniture_decor,North,1.75,1.7113793981594043,moving_average,0.0
2018-06-18,2018-06-25,2,furniture_decor,North,1.9375,1.7113793981594043,moving_average,1.0
2018-06-18,2018-07-02,3,furniture_decor,North,2.421875,1.7113793981594043,moving_average,1.0
2018-06-18,2018-07-09,4,furniture_decor,North,1.52734375,1.7113793981594043,moving_average,1.0
2018-06-18,2018-06-18,1,furniture_decor,Northeast,4.75,5.4841153191133145,moving_average,7.0
2018-06-18,2018-06-25,2,furniture_decor,Northeast,4.9375,5.4841153191133145,moving_average,14.0
2018-06-18,2018-07-02,3,furniture_decor,Northeast,4.171875,5.4841153191133145,moving_average,5.0
2018-06-18,2018-07-09,4,furniture_decor,Northeast,4.71484375,5.4841153191133145,moving_average,6.0
2018-06-18,2018-06-18,1,furniture_decor,South,13.75,9.624729433426515,moving_average,22.0
2018-06-18,2018-06-25,2,furniture_decor,South,15.9375,9.624729433426515,moving_average,20.0
2018-06-18,2018-07-02,3,furniture_decor,South,16.671875,9.624729433426515,moving_average,17.0
2018-06-18,2018-07-09,4,furniture_decor,South,16.58984375,9.624729433426515,moving_average,8.0
2018-06-18,2018-06-18,1,furniture_decor,Southeast,58.0,34.127518222103404,moving_average,52.0
2018-06-18,2018-06-25,2,furniture_decor,Southeast,56.0,34.127518222103404,moving_average,84.0
2018-06-18,2018-07-02,3,furniture_decor,Southeast,55.0,34.127518222103404,moving_average,63.0
2018-06-18,2018-07-09,4,furniture_decor,Southeast,59.0,34.127518222103404,moving_average,26.0
2018-06-18,2018-06-18,1,garden_tools,Central-West,1.0,3.8041233111804704,moving_average,0.0
2018-06-18,2018-06-25,2,garden_tools,Central-West,1.0,3.8041233111804704,moving_average,4.0
2018-06-18,2018-07-02,3,garden_tools,Central-West,1.25,3.8041233111804704,moving_average,0.0
2018-06-18,2018-07-09,4,garden_tools,Central-West,1.0625,3.8041233111804704,moving_average,1.0
2018-06-18,2018-06-18,1,garden_tools,North,1.0,1.2620942692384132,moving_average,0.0
2018-06-18,2018-06-25,2,garden_tools,North,1.25,1.2620942692384132,moving_average,1.0
2018-06-18,2018-07-02,3,garden_tools,North,1.5625,1.2620942692384132,moving_average,0.0
2018-06-18,2018-07-09,4,garden_tools,North,1.703125,1.2620942692384132,moving_average,1.0
2018-06-18,2018-06-18,1,garden_tools,Northeast,3.0,4.838987353890389,moving_average,2.0
2018-06-18,2018-06-25,2,garden_tools,Northeast,3.25,4.838987353890389,moving_average,5.0
2018-06-18,2018-07-02,3,garden_tools,Northeast,2.5625,4.838987353890389,moving_average,4.0
2018-06-18,2018-07-09,4,garden_tools,Northeast,3.203125,4.838987353890389,moving_average,3.0
2018-06-18,2018-06-18,1,garden_tools,South,6.75,5.572050166281309,moving_average,3.0
2018-06-18,2018-06-25,2,garden_tools,South,5.4375,5.572050166281309,moving_average,9.0
2018-06-18,2018-07-02,3,garden_tools,South,6.296875,5.572050166281309,moving_average,5.0
2018-06-18,2018-07-09,4,garden_tools,South,5.87109375,5.572050166281309,moving_average,2.0
2018-06-18,2018-06-18,1,garden_tools,Southeast,28.75,22.011617040150007,moving_average,25.0
2018-06-18,2018-06-25,2,garden_tools,Southeast,28.4375,22.011617040150007,moving_average,52.0
2018-06-18,2018-07-02,3,garden_tools,Southeast,30.546875,22.011617040150007,moving_average,27.0
2018-06-18,2018-07-09,4,garden_tools,Southeast,29.18359375,22.011617040150007,moving_average,16.0
2018-06-18,2018-06-18,1,health_beauty,Central-West,9.25,4.440384430304305,moving_average,10.0
2018-06-18,2018-06-25,2,health_beauty,Central-West,10.5625,4.440384430304305,moving_average,8.0
2018-06-18,2018-07-02,3,health_beauty,Central-West,11.703125,4.440384430304305,moving_average,6.0
2018-06-18,2018-07-09,4,health_beauty,Central-West,11.12890625,4.440384430304305,moving_average,15.0
2018-06-18,2018-06-18,1,health_beauty,North,3.25,2.2288745914574117,moving_average,4.0
2018-06-18,2018-06-25,2,health_beauty,North,3.8125,2.2288745914574117,moving_average,7.0
2018-06-18,2018-07-02,3,health_beauty,North,4.515625,2.2288745914574117,moving_average,5.0
2018-06-18,2018-07-09,4,health_beauty,North,3.64453125,2.2288745914574117,moving_average,6.0
2018-06-18,2018-06-18,1,health_beauty,Northeast,17.25,5.699430405263708,moving_average,19.0
2018-06-18,2018-06-25,2,health_beauty,Northeast,19.5625,5.699430405263708,moving_average,20.0
2018-06-18,2018-07-02,3,health_beauty,Northeast,20.703125,5.699430405263708,moving_average,20.0
2018-06-18,2018-07-09,4,health_beauty,Northeast,19.87890625,5.699430405263708,moving_average,27.0
2018-06-18,2018-06-18,1,health_beauty,South,13.25,6.854008356834383,moving_average,23.0
2018-06-18,2018-06-25,2,health_beauty,South,14.8125,6.854008356834383,moving_average,24.0
2018-06-18,2018-07-02,3,health_beauty,South,15.765625,6.854008356834383,moving_average,13.0
2018-06-18,2018-07-09,4,health_beauty,South,15.45703125,6.854008356834383,moving_average,15.0
2018-06-18,2018-06-18,1,health_beauty,Southeast,114.75,25.497634013331076,moving_average,171.0
2018-06-18,2018-06-25,2,health_beauty,Southeast,123.9375,25.497634013331076,moving_average,131.0
2018-06-18,2018-07-02,3,health_beauty,Southeast,134.921875,25.497634013331076,moving_average,138.0
2018-06-18,2018-07-09,4,health_beauty,Southeast,135.15234375,25.497634013331076,moving_average,82.0
2018-06-18,2018-06-18,1,housewares,Central-West,5.5,3.2430481203816743,moving_average,9.0
2018-06-18,2018-06-25,2,housewares,Central-West,6.875,3.2430481203816743,moving_average,9.0
2018-06-18,2018-07-02,3,housewares,Central-West,7.59375,3.2430481203816743,moving_average,4.0
2018-06-18,2018-07-09,4,housewares,Central-West,6.9921875,3.2430481203816743,moving_average,12.0
2018-06-18,2018-06-18,1,housewares,North,1.25,1.268269271268702,moving_average,2.0
2018-06-18,2018-06-25,2,housewares,North,1.3125,1.268269271268702,moving_average,3.0
2018-06-18,2018-07-02,3,housewares,North,1.390625,1.268269271268702,moving_average,1.0
2018-06-18,2018-07-09,4,housewares,North,1.73828125,1.268269271268702,moving_average,0.0
2018-06-18,2018-06-18,1,housewares,Northeast,4.75,3.2137400330456103,moving_average,6.0
2018-06-18,2018-06-25,2,housewares,Northeast,4.9375,3.2137400330456103,moving_average,18.0
2018-06-18,2018-07-02,3,housewares,Northeast,4.671875,3.2137400330456103,moving_average,7.0
2018-06-18,2018-07-09,4,housewares,Northeast,4.83984375,3.2137400330456103,moving_average,5.0
2018-06-18,2018-06-18,1,housewares,South,16.25,5.595214348987097,moving_average,12.0
2018-06-18,2018-06-25,2,housewares,South,17.8125,5.595214348987097,moving_average,19.0
2018-06-18,2018-07-02,3,housewares,South,19.515625,5.595214348987097,moving_average,17.0
2018-06-18,2018-07-09,4,housewares,South,17.89453125,5.595214348987097,moving_average,10.0
2018-06-18,2018-06-18,1,housewares,Southeast,97.75,19.635612841637172,moving_average,85.0
2018-06-18,2018-06-25,2,housewares,Southeast,105.4375,19.635612841637172,moving_average,88.0
2018-06-18,2018-07-02,3,housewares,Southeast,106.296875,19.635612841637172,moving_average,82.0
2018-06-18,2018-07-09,4,housewares,Southeast,101.37109375,19.635612841637172,moving_average,43.0
2018-06-18,2018-06-18,1,sports_leisure,Central-West,5.5,3.938436837404178,moving_average,11.0
2018-06-18,2018-06-25,2,sports_leisure,Central-West,5.625,3.938436837404178,moving_average,6.0
2018-06-18,2018-07-02,3,sports_leisure,Central-West,5.53125,3.938436837404178,moving_average,7.0
2018-06-18,2018-07-09,4,sports_leisure,Central-West,4.9140625,3.938436837404178,moving_average,4.0
2018-06-18,2018-06-18,1,sports_leisure,North,2.75,1.9326776905515195,moving_average,2.0
2018-06-18,2018-06-25,2,sports_leisure,North,3.4375,1.9326776905515195,moving_average,0.0
2018-06-18,2018-07-02,3,sports_leisure,North,3.546875,1.9326776905515195,moving_average,1.0
2018-06-18,2018-07-09,4,sports_leisure,North,3.18359375,1.9326776905515195,moving_average,2.0
2018-06-18,2018-06-18,1,sports_leisure,Northeast,7.0,4.509249752822894,moving_average,10.0
2018-06-18,2018-06-25,2,sports_leisure,Northeast,8.0,4.509249752822894,moving_average,5.0
2018-06-18,2018-07-02,3,sports_leisure,Northeast,8.75,4.509249752822894,moving_average,10.0
2018-06-18,2018-07-09,4,sports_leisure,Northeast,8.6875,4.509249752822894,moving_average,10.0
2018-06-18,2018-06-18,1,sports_leisure,South,11.25,6.97247813828691,moving_average,12.0
2018-06-18,2018-06-25,2,sports_leisure,South,12.8125,6.97247813828691,moving_average,13.0
2018-06-18,2018-07-02,3,sports_leisure,South,11.515625,6.97247813828691,moving_average,18.0
2018-06-18,2018-07-09,4,sports_leisure,South,12.64453125,6.97247813828691,moving_average,6.0
2018-06-18,2018-06-18,1,sports_leisure,Southeast,56.25,21.60321237043746,moving_average,72.0
2018-06-18,2018-06-25,2,sports_leisure,Southeast,59.3125,21.60321237043746,moving_average,78.0
2018-06-18,2018-07-02,3,sports_leisure,Southeast,61.140625,21.60321237043746,moving_average,78.0
2018-06-18,2018-07-09,4,sports_leisure,Southeast,64.17578125,21.60321237043746,moving_average,38.0
2018-06-18,2018-06-18,1,telephony,Central-West,2.25,2.5461026862420315,moving_average,17.0
2018-06-18,2018-06-25,2,telephony,Central-West,2.3125,2.5461026862420315,moving_average,4.0
2018-06-18,2018-07-02,3,telephony,Central-West,2.390625,2.5461026862420315,moving_average,1.0
2018-06-18,2018-07-09,4,telephony,Central-West,2.73828125,2.5461026862420315,moving_average,1.0
2018-06-18,2018-06-18,1,telephony,North,2.0,1.99282567392802,moving_average,0.0
2018-06-18,2018-06-25,2,telephony,North,2.0,1.99282567392802,moving_average,1.0
2018-06-18,2018-07-02,3,telephony,North,1.75,1.99282567392802,moving_average,0.0
2018-06-18,2018-07-09,4,telephony,North,1.4375,1.99282567392802,moving_average,1.0
2018-06-18,2018-06-18,1,telephony,Northeast,6.0,5.067427300361047,moving_average,7.0
2018-06-18,2018-06-25,2,telephony,Northeast,7.25,5.067427300361047,moving_average,1.0
2018-06-18,2018-07-02,3,telephony,Northeast,7.0625,5.067427300361047,moving_average,7.0
2018-06-18,2018-07-09,4,telephony,Northeast,7.078125,5.067427300361047,moving_average,6.0
2018-06-18,2018-06-18,1,telephony,South,7.25,4.691711071429887,moving_average,9.0
2018-06-18,2018-06-25,2,telephony,South,7.3125,4.691711071429887,moving_average,8.0
2018-06-18,2018-07-02,3,telephony,South,7.140625,4.691711071429887,moving_average,9.0
2018-06-18,2018-07-09,4,telephony,South,7.17578125,4.691711071429887,moving_average,12.0
2018-06-18,2018-06-18,1,telephony,Southeast,29.25,12.237983051412789,moving_average,26.0
2018-06-18,2018-06-25,2,telephony,Southeast,29.8125,12.237983051412789,moving_average,24.0
2018-06-18,2018-07-02,3,telephony,Southeast,32.265625,12.237983051412789,moving_average,18.0
2018-06-18,2018-07-09,4,telephony,Southeast,33.58203125,12.237983051412789,moving_average,12.0
2018-06-18,2018-06-18,1,watches_gifts,Central-West,6.0,2.7657377958793483,moving_average,7.0
2018-06-18,2018-06-25,2,watches_gifts,Central-West,6.75,2.7657377958793483,moving_average,11.0
2018-06-18,2018-07-02,3,watches_gifts,Central-West,6.6875,2.7657377958793483,moving_average,5.0
2018-06-18,2018-07-09,4,watches_gifts,Central-West,7.109375,2.7657377958793483,moving_average,8.0
2018-06-18,2018-06-18,1,watches_gifts,North,1.25,1.479019945774904,moving_average,2.0
2018-06-18,2018-06-25,2,watches_gifts,North,1.5625,1.479019945774904,moving_average,3.0
2018-06-18,2018-07-02,3,watches_gifts,North,1.703125,1.479019945774904,moving_average,2.0
2018-06-18,2018-07-09,4,watches_gifts,North,1.87890625,1.479019945774904,moving_average,4.0
2018-06-18,2018-06-18,1,watches_gifts,Northeast,12.25,4.9216076867444665,moving_average,17.0
2018-06-18,2018-06-25,2,watches_gifts,Northeast,13.5625,4.9216076867444665,moving_average,7.0
2018-06-18,2018-07-02,3,watches_gifts,Northeast,14.203125,4.9216076867444665,moving_average,12.0
2018-06-18,2018-07-09,4,watches_gifts,Northeast,14.50390625,4.9216076867444665,moving_average,28.0
2018-06-18,2018-06-18,1,watches_gifts,South,8.25,5.14646588554817,moving_average,12.0
2018-06-18,2018-06-25,2,watches_gifts,South,9.0625,5.14646588554817,moving_average,12.0
2018-06-18,2018-07-02,3,watches_gifts,South,10.328125,5.14646588554817,moving_average,11.0
2018-06-18,2018-07-09,4,watches_gifts,South,10.66015625,5.14646588554817,moving_average,16.0
2018-06-18,2018-06-18,1,watches_gifts,Southeast,67.0,22.630562545175742,moving_average,79.0
2018-06-18,2018-06-25,2,watches_gifts,Southeast,72.0,22.630562545175742,moving_average,74.0
2018-06-18,2018-07-02,3,watches_gifts,Southeast,73.25,22.630562545175742,moving_average,56.0
2018-06-18,2018-07-09,4,watches_gifts,Southeast,75.8125,22.630562545175742,moving_average,65.0
2018-06-18,2018-06-18,1,auto,Central-West,2.099052198237687,3.8408019553453987,ridge,4.0
2018-06-18,2018-06-25,2,auto,Central-West,1.8817100356637182,3.8408019553453987,ridge,5.0
2018-06-18,2018-07-02,3,auto,Central-West,1.5808282061470074,3.8408019553453987,ridge,0.0
2018-06-18,2018-07-09,4,auto,Central-West,1.6059243116561843,3.8408019553453987,ridge,3.0
2018-06-18,2018-06-18,1,auto,North,0.0,1.550544491342912,ridge,0.0
2018-06-18,2018-06-25,2,auto,North,0.0,1.550544491342912,ridge,1.0
2018-06-18,2018-07-02,3,auto,North,0.0,1.550544491342912,ridge,2.0
2018-06-18,2018-07-09,4,auto,North,0.0,1.550544491342912,ridge,2.0
2018-06-18,2018-06-18,1,auto,Northeast,4.956957227513535,2.802186159703525,ridge,9.0
2018-06-18,2018-06-25,2,auto,Northeast,4.028050455558969,2.802186159703525,ridge,5.0
2018-06-18,2018-07-02,3,auto,Northeast,3.7268310391429953,2.802186159703525,ridge,4.0
2018-06-18,2018-07-09,4,auto,Northeast,3.2099807323955654,2.802186159703525,ridge,19.0
2018-06-18,2018-06-18,1,auto,South,9.466350223945984,3.857577802862283,ridge,11.0
2018-06-18,2018-06-25,2,auto,South,9.164208933574105,3.857577802862283,ridge,9.0
2018-06-18,2018-07-02,3,auto,South,8.541589335723032,3.857577802862283,ridge,9.0
2018-06-18,2018-07-09,4,auto,South,8.433839361915405,3.857577802862283,ridge,12.0
2018-06-18,2018-06-18,1,auto,Southeast,47.01276162843973,11.742220005933365,ridge,50.0
2018-06-18,2018-06-25,2,auto,Southeast,50.28548550354394,11.742220005933365,ridge,50.0
2018-06-18,2018-07-02,3,auto,Southeast,50.43731933330057,11.742220005933365,ridge,44.0
2018-06-18,2018-07-09,4,auto,Southeast,50.04388916185195,11.742220005933365,ridge,19.0
2018-06-18,2018-06-18,1,bed_bath_table,Central-West,5.2282700633651045,4.727373065387983,ridge,6.0
2018-06-18,2018-06-25,2,bed_bath_table,Central-West,6.7164262064832645,4.727373065387983,ridge,4.0
2018-06-18,2018-07-02,3,bed_bath_table,Central-West,6.759552683618872,4.727373065387983,ridge,9.0
2018-06-18,2018-07-09,4,bed_bath_table,Central-West,7.053858631129922,4.727373065387983,ridge,8.0
2018-06-18,2018-06-18,1,bed_bath_table,North,1.0082341457096327,2.06587483134411,ridge,1.0
2018-06-18,2018-06-25,2,bed_bath_table,North,1.6241305610055186,2.06587483134411,ridge,0.0
2018-06-18,2018-07-02,3,bed_bath_table,North,1.945095224231502,2.06587483134411,ridge,3.0
2018-06-18,2018-07-09,4,bed_bath_table,North,2.242441193350201,2.06587483134411,ridge,0.0
2018-06-18,2018-06-18,1,bed_bath_table,Northeast,9.90136673616568,3.870345057839875,ridge,2.0
2018-06-18,2018-06-25,2,bed_bath_table,Northeast,10.072684164470639,3.870345057839875,ridge,19.0
2018-06-18,2018-07-02,3,bed_bath_table,Northeast,9.961733744077032,3.870345057839875,ridge,6.0
2018-06-18,2018-07-09,4,bed_bath_table,Northeast,10.019330826580582,3.870345057839875,ridge,9.0
2018-06-18,2018-06-18,1,bed_bath_table,South,16.937990394421224,7.300294547249043,ridge,27.0
2018-06-18,2018-06-25,2,bed_bath_table,South,18.832296555036546,7.300294547249043,ridge,20.0
2018-06-18,2018-07-02,3,bed_bath_table,South,18.97528982278511,7.300294547249043,ridge,14.0
2018-06-18,2018-07-09,4,bed_bath_table,South,19.344786635197586,7.300294547249043,ridge,13.0
2018-06-18,2018-06-18,1,bed_bath_table,Southeast,143.6138584704745,36.93027906045349,ridge,158.0
2018-06-18,2018-06-25,2,bed_bath_table,Southeast,137.7912201914023,36.93027906045349,ridge,113.0
2018-06-18,2018-07-02,3,bed_bath_table,Southeast,132.77916176897315,36.93027906045349,ridge,96.0
2018-06-18,2018-07-09,4,bed_bath_table,Southeast,132.2701075881317,36.93027906045349,ridge,50.0
2018-06-18,2018-06-18,1,computers_accessories,Central-West,5.184587960432489,4.083713236271274,ridge,7.0
2018-06-18,2018-06-25,2,computers_accessories,Central-West,5.0139565278600715,4.083713236271274,ridge,2.0
2018-06-18,2018-07-02,3,computers_accessories,Central-West,5.191816656545534,4.083713236271274,ridge,3.0
2018-06-18,2018-07-09,4,computers_accessories,Central-West,4.2994975641747555,4.083713236271274,ridge,1.0
2018-06-18,2018-06-18,1,computers_accessories,North,2.0379347799867737,2.207029402549872,ridge,0.0
2018-06-18,2018-06-25,2,computers_accessories,North,1.743991310798089,2.207029402549872,ridge,0.0
2018-06-18,2018-07-02,3,computers_accessories,North,1.4440339796314312,2.207029402549872,ridge,0.0
2018-06-18,2018-07-09,4,computers_accessories,North,1.2741915800826682,2.207029402549872,ridge,1.0
2018-06-18,2018-06-18,1,computers_accessories,Northeast,10.75438646086241,5.413430895233838,ridge,9.0
2018-06-18,2018-06-25,2,computers_accessories,Northeast,11.178563621077373,5.413430895233838,ridge,8.0
2018-06-18,2018-07-02,3,computers_accessories,Northeast,10.594964889246059,5.413430895233838,ridge,9.0
2018-06-18,2018-07-09,4,computers_accessories,Northeast,10.472463345839866,5.413430895233838,ridge,10.0
2018-06-18,2018-06-18,1,computers_accessories,South,12.503389877315081,8.186643094031645,ridge,19.0
2018-06-18,2018-06-25,2,computers_accessories,South,12.847560105454535,8.186643094031645,ridge,19.0
2018-06-18,2018-07-02,3,computers_accessories,South,12.83979043680255,8.186643094031645,ridge,11.0
2018-06-18,2018-07-09,4,computers_accessories,South,12.212393465475476,8.186643094031645,ridge,16.0
2018-06-18,2018-06-18,1,computers_accessories,Southeast,60.502885829190646,25.79151881865132,ridge,71.0
2018-06-18,2018-06-25,2,computers_accessories,Southeast,65.37349904944853,25.79151881865132,ridge,76.0
2018-06-18,2018-07-02,3,computers_accessories,Southeast,65.97357729814226,25.79151881865132,ridge,58.0
2018-06-18,2018-07-09,4,computers_accessories,Southeast,66.74212827054778,25.79151881865132,ridge,38.0
2018-06-18,2018-06-18,1,furniture_decor,Central-West,7.339955750471388,3.9412217312714595,ridge,6.0
2018-06-18,2018-06-25,2,furniture_decor,Central-West,7.095979514705489,3.9412217312714595,ridge,1.0
2018-06-18,2018-07-02,3,furniture_decor,Central-West,7.222858461404698,3.9412217312714595,ridge,4.0
2018-06-18,2018-07-09,4,furniture_decor,Central-West,6.965374285207792,3.9412217312714595,ridge,2.0
2018-06-18,2018-06-18,1,furniture_decor,North,0.52755647848522,1.9900499864005674,ridge,0.0
2018-06-18,2018-06-25,2,furniture_decor,North,0.990984187254476,1.9900499864005674,ridge,1.0
2018-06-18,2018-07-02,3,furniture_decor,North,0.7840188057134156,1.9900499864005674,ridge,1.0
2018-06-18,2018-07-09,4,furniture_decor,North,0.9945439969212693,1.9900499864005674,ridge,1.0
2018-06-18,2018-06-18,1,furniture_decor,Northeast,6.438458236886759,5.195506513336219,ridge,7.0
2018-06-18,2018-06-25,2,furniture_decor,Northeast,6.707927741195098,5.195506513336219,ridge,14.0
2018-06-18,2018-07-02,3,furniture_decor,Northeast,7.147249034148176,5.195506513336219,ridge,5.0
2018-06-18,2018-07-09,4,furniture_decor,Northeast,6.316771627720496,5.195506513336219,ridge,6.0
2018-06-18,2018-06-18,1,furniture_decor,South,21.721227888127242,8.94688327734521,ridge,22.0
2018-06-18,2018-06-25,2,furniture_decor,South,21.386526128496214,8.94688327734521,ridge,20.0
2018-06-18,2018-07-02,3,furniture_decor,South,19.7899940710197,8.94688327734521,ridge,17.0
2018-06-18,2018-07-09,4,furniture_decor,South,18.975033432531998,8.94688327734521,ridge,8.0
2018-06-18,2018-06-18,1,furniture_decor,Southeast,74.32453923767655,27.595490290298393,ridge,52.0
2018-06-18,2018-06-25,2,furniture_decor,Southeast,77.49882250822458,27.595490290298393,ridge,84.0
2018-06-18,2018-07-02,3,furniture_decor,Southeast,79.97393537552968,27.595490290298393,ridge,63.0
2018-06-18,2018-07-09,4,furniture_decor,Southeast,77.08600432864789,27.595490290298393,ridge,26.0
2018-06-18,2018-06-18,1,garden_tools,Central-West,1.2785567772528266,3.328850662143682,ridge,0.0
2018-06-18,2018-06-25,2,garden_tools,Central-West,1.3073115000759703,3.328850662143682,ridge,4.0
2018-06-18,2018-07-02,3,garden_tools,Central-West,0.7725954834441717,3.328850662143682,ridge,0.0
2018-06-18,2018-07-09,4,garden_tools,Central-West,0.4644191879142383,3.328850662143682,ridge,1.0
2018-06-18,2018-06-18,1,garden_tools,North,0.579860285555613,1.7290730455173298,ridge,0.0
2018-06-18,2018-06-25,2,garden_tools,North,0.0,1.7290730455173298,ridge,1.0
2018-06-18,2018-07-02,3,garden_tools,North,0.0,1.7290730455173298,ridge,0.0
2018-06-18,2018-07-09,4,garden_tools,North,0.0,1.7290730455173298,ridge,1.0
2018-06-18,2018-06-18,1,garden_tools,Northeast,3.381070268350892,5.267610801733179,ridge,2.0
2018-06-18,2018-06-25,2,garden_tools,Northeast,2.7519839121279217,5.267610801733179,ridge,5.0
2018-06-18,2018-07-02,3,garden_tools,Northeast,2.2582714795074272,5.267610801733179,ridge,4.0
2018-06-18,2018-07-09,4,garden_tools,Northeast,1.7399659098548685,5.267610801733179,ridge,3.0
2018-06-18,2018-06-18,1,garden_tools,South,6.282785350183187,5.211796476392942,ridge,3.0
2018-06-18,2018-06-25,2,garden_tools,South,6.578102455667381,5.211796476392942,ridge,9.0
2018-06-18,2018-07-02,3,garden_tools,South,6.3936930463568915,5.211796476392942,ridge,5.0
2018-06-18,2018-07-09,4,garden_tools,South,6.446409402822594,5.211796476392942,ridge,2.0
2018-06-18,2018-06-18,1,garden_tools,Southeast,39.763599135393854,22.011504576881876,ridge,25.0
2018-06-18,2018-06-25,2,garden_tools,Southeast,45.08313988692154,22.011504576881876,ridge,52.0
2018-06-18,2018-07-02,3,garden_tools,Southeast,44.757231805703086,22.011504576881876,ridge,27.0
2018-06-18,2018-07-09,4,garden_tools,Southeast,45.168865193503,22.011504576881876,ridge,16.0
2018-06-18,2018-06-18,1,health_beauty,Central-West,12.006363058589717,4.314346802828871,ridge,10.0
2018-06-18,2018-06-25,2,health_beauty,Central-West,11.544698552382767,4.314346802828871,ridge,8.0
2018-06-18,2018-07-02,3,health_beauty,Central-West,10.97877462865795,4.314346802828871,ridge,6.0
2018-06-18,2018-07-09,4,health_beauty,Central-West,10.060643138978444,4.314346802828871,ridge,15.0
2018-06-18,2018-06-18,1,health_beauty,North,3.064749531271282,2.3961048935811693,ridge,4.0
2018-06-18,2018-06-25,2,health_beauty,North,3.151796132992315,2.3961048935811693,ridge,7.0
2018-06-18,2018-07-02,3,health_beauty,North,2.8132798517266204,2.3961048935811693,ridge,5.0
2018-06-18,2018-07-09,4,health_beauty,North,3.1537971122019943,2.3961048935811693,ridge,6.0
2018-06-18,2018-06-18,1,health_beauty,Northeast,20.189844484013623,5.076139832392224,ridge,19.0
2018-06-18,2018-06-25,2,health_beauty,Northeast,18.61684281487844,5.076139832392224,ridge,20.0
2018-06-18,2018-07-02,3,health_beauty,Northeast,17.938359984666498,5.076139832392224,ridge,20.0
2018-06-18,2018-07-09,4,health_beauty,Northeast,16.620432517822366,5.076139832392224,ridge,27.0
2018-06-18,2018-06-18,1,health_beauty,South,18.63624985740694,5.761024651002083,ridge,23.0
2018-06-18,2018-06-25,2,health_beauty,South,18.717712141860623,5.761024651002083,ridge,24.0
2018-06-18,2018-07-02,3,health_beauty,South,17.903794907482474,5.761024651002083,ridge,13.0
2018-06-18,2018-07-09,4,health_beauty,South,16.25024208815772,5.761024651002083,ridge,15.0
2018-06-18,2018-06-18,1,health_beauty,Southeast,145.84906206630632,20.157734882343036,ridge,171.0
2018-06-18,2018-06-25,2,health_beauty,Southeast,137.5586851483073,20.157734882343036,ridge,131.0
2018-06-18,2018-07-02,3,health_beauty,Southeast,129.43231327603735,20.157734882343036,ridge,138.0
2018-06-18,2018-07-09,4,health_beauty,Southeast,121.91613074916584,20.157734882343036,ridge,82.0
2018-06-18,2018-06-18,1,housewares,Central-West,6.960369020575083,3.114546408327808,ridge,9.0
2018-06-18,2018-06-25,2,housewares,Central-West,6.5208698779570025,3.114546408327808,ridge,9.0
2018-06-18,2018-07-02,3,housewares,Central-West,5.919977518534365,3.114546408327808,ridge,4.0
2018-06-18,2018-07-09,4,housewares,Central-West,5.341557421306665,3.114546408327808,ridge,12.0
2018-06-18,2018-06-18,1,housewares,North,1.607556434044879,1.5493797410502663,ridge,2.0
2018-06-18,2018-06-25,2,housewares,North,0.9934625940079229,1.5493797410502663,ridge,3.0
2018-06-18,2018-07-02,3,housewares,North,0.8081425962684836,1.5493797410502663,ridge,1.0
2018-06-18,2018-07-09,4,housewares,North,0.5402617527315297,1.5493797410502663,ridge,0.0
2018-06-18,2018-06-18,1,housewares,Northeast,6.538566288195204,3.1862982238609305,ridge,6.0
2018-06-18,2018-06-25,2,housewares,Northeast,7.1533031576347295,3.1862982238609305,ridge,18.0
2018-06-18,2018-07-02,3,housewares,Northeast,7.188254680440723,3.1862982238609305,ridge,7.0
2018-06-18,2018-07-09,4,housewares,Northeast,7.512674680220583,3.1862982238609305,ridge,5.0
2018-06-18,2018-06-18,1,housewares,South,18.435602279508124,5.932303760662497,ridge,12.0
2018-06-18,2018-06-25,2,housewares,South,19.18000909893191,5.932303760662497,ridge,19.0
2018-06-18,2018-07-02,3,housewares,South,18.61719844120717,5.932303760662497,ridge,17.0
2018-06-18,2018-07-09,4,housewares,South,18.291659132738584,5.932303760662497,ridge,10.0
2018-06-18,2018-06-18,1,housewares,Southeast,99.01810297827927,17.897053568430096,ridge,85.0
2018-06-18,2018-06-25,2,housewares,Southeast,98.60745875146421,17.897053568430096,ridge,88.0
2018-06-18,2018-07-02,3,housewares,Southeast,98.80232861362366,17.897053568430096,ridge,82.0
2018-06-18,2018-07-09,4,housewares,Southeast,98.63864640674649,17.897053568430096,ridge,43.0
2018-06-18,2018-06-18,1,sports_leisure,Central-West,4.726504541404592,3.975314724194824,ridge,11.0
2018-06-18,2018-06-25,2,sports_leisure,Central-West,5.3939996054485215,3.975314724194824,ridge,6.0
2018-06-18,2018-07-02,3,sports_leisure,Central-West,5.254673602431587,3.975314724194824,ridge,7.0
2018-06-18,2018-07-09,4,sports_leisure,Central-West,5.629749584658028,3.975314724194824,ridge,4.0
2018-06-18,2018-06-18,1,sports_leisure,North,2.475723148959781,2.0788012209393036,ridge,2.0
2018-06-18,2018-06-25,2,sports_leisure,North,1.911085483380175,2.0788012209393036,ridge,0.0
2018-06-18,2018-07-02,3,sports_leisure,North,1.6179513846672453,2.0788012209393036,ridge,1.0
2018-06-18,2018-07-09,4,sports_leisure,North,1.5735300109641024,2.0788012209393036,ridge,2.0
2018-06-18,2018-06-18,1,sports_leisure,Northeast,9.492814519231196,4.047414602014482,ridge,10.0
2018-06-18,2018-06-25,2,sports_leisure,Northeast,8.214213555094599,4.047414602014482,ridge,5.0
2018-06-18,2018-07-02,3,sports_leisure,Northeast,7.682614293211269,4.047414602014482,ridge,10.0
2018-06-18,2018-07-09,4,sports_leisure,Northeast,7.24178468770939,4.047414602014482,ridge,10.0
2018-06-18,2018-06-18,1,sports_leisure,South,15.253963616636208,6.780368637761366,ridge,12.0
2018-06-18,2018-06-25,2,sports_leisure,South,14.498695648582457,6.780368637761366,ridge,13.0
2018-06-18,2018-07-02,3,sports_leisure,South,14.98845452045463,6.780368637761366,ridge,18.0
2018-06-18,2018-07-09,4,sports_leisure,South,14.008992074351367,6.780368637761366,ridge,6.0
2018-06-18,2018-06-18,1,sports_leisure,Southeast,81.20446098724864,17.706771717463837,ridge,72.0
2018-06-18,2018-06-25,2,sports_leisure,Southeast,80.61475813092578,17.706771717463837,ridge,78.0
2018-06-18,2018-07-02,3,sports_leisure,Southeast,79.1977153171616,17.706771717463837,ridge,78.0
2018-06-18,2018-07-09,4,sports_leisure,Southeast,75.54549606502012,17.706771717463837,ridge,38.0
2018-06-18,2018-06-18,1,telephony,Central-West,2.0426623026251365,2.655150699385386,ridge,17.0
2018-06-18,2018-06-25,2,telephony,Central-West,1.1346651039075404,2.655150699385386,ridge,4.0
2018-06-18,2018-07-02,3,telephony,Central-West,0.8344323681168619,2.655150699385386,ridge,1.0
2018-06-18,2018-07-09,4,telephony,Central-West,0.19384826687887635,2.655150699385386,ridge,1.0
2018-06-18,2018-06-18,1,telephony,North,0.0,2.0907736756418416,ridge,0.0
2018-06-18,2018-06-25,2,telephony,North,0.0,2.0907736756418416,ridge,1.0
2018-06-18,2018-07-02,3,telephony,North,0.0,2.0907736756418416,ridge,0.0
2018-06-18,2018-07-09,4,telephony,North,0.0,2.0907736756418416,ridge,1.0
2018-06-18,2018-06-18,1,telephony,Northeast,6.727884796183952,4.893251706716577,ridge,7.0
2018-06-18,2018-06-25,2,telephony,Northeast,6.047595226966682,4.893251706716577,ridge,1.0
2018-06-18,2018-07-02,3,telephony,Northeast,6.066538936517706,4.893251706716577,ridge,7.0
2018-06-18,2018-07-09,4,telephony,Northeast,5.2575225450487375,4.893251706716577,ridge,6.0
2018-06-18,2018-06-18,1,telephony,South,7.215961127465899,4.322278621576674,ridge,9.0
2018-06-18,2018-06-25,2,telephony,South,7.154457312192868,4.322278621576674,ridge,8.0
2018-06-18,2018-07-02,3,telephony,South,6.531162493313321,4.322278621576674,ridge,9.0
2018-06-18,2018-07-09,4,telephony,South,6.369138533043672,4.322278621576674,ridge,12.0
2018-06-18,2018-06-18,1,telephony,Southeast,42.86545375375674,11.134215270142995,ridge,26.0
2018-06-18,2018-06-25,2,telephony,Southeast,42.5987749800888,11.134215270142995,ridge,24.0
2018-06-18,2018-07-02,3,telephony,Southeast,42.71842541299074,11.134215270142995,ridge,18.0
2018-06-18,2018-07-09,4,telephony,Southeast,41.54894737296996,11.134215270142995,ridge,12.0
2018-06-18,2018-06-18,1,watches_gifts,Central-West,8.193340471675064,2.7354269106205207,ridge,7.0
2018-06-18,2018-06-25,2,watches_gifts,Central-West,7.302066435719412,2.7354269106205207,ridge,11.0
2018-06-18,2018-07-02,3,watches_gifts,Central-West,6.707341754097345,2.7354269106205207,ridge,5.0
2018-06-18,2018-07-09,4,watches_gifts,Central-West,5.844571445790635,2.7354269106205207,ridge,8.0
2018-06-18,2018-06-18,1,watches_gifts,North,1.96739509835594,1.6109515123294704,ridge,2.0
2018-06-18,2018-06-25,2,watches_gifts,North,1.27232119137582,1.6109515123294704,ridge,3.0
2018-06-18,2018-07-02,3,watches_gifts,North,0.9846061329651086,1.6109515123294704,ridge,2.0
2018-06-18,2018-07-09,4,watches_gifts,North,0.5803825052222393,1.6109515123294704,ridge,4.0
2018-06-18,2018-06-18,1,watches_gifts,Northeast,17.125080339151154,4.480836539060101,ridge,17.0
2018-06-18,2018-06-25,2,watches_gifts,Northeast,16.708194493730485,4.480836539060101,ridge,7.0
2018-06-18,2018-07-02,3,watches_gifts,Northeast,15.794996382971064,4.480836539060101,ridge,12.0
2018-06-18,2018-07-09,4,watches_gifts,Northeast,13.973594610818958,4.480836539060101,ridge,28.0
2018-06-18,2018-06-18,1,watches_gifts,South,14.842304397465249,4.820460764370391,ridge,12.0
2018-06-18,2018-06-25,2,watches_gifts,South,13.614709706963831,4.820460764370391,ridge,12.0
2018-06-18,2018-07-02,3,watches_gifts,South,12.532942765851738,4.820460764370391,ridge,11.0
2018-06-18,2018-07-09,4,watches_gifts,South,10.946230804302946,4.820460764370391,ridge,16.0
2018-06-18,2018-06-18,1,watches_gifts,Southeast,95.87521901843144,16.8843069609842,ridge,79.0
2018-06-18,2018-06-25,2,watches_gifts,Southeast,95.89033019884633,16.8843069609842,ridge,74.0
2018-06-18,2018-07-02,3,watches_gifts,Southeast,92.59351345218931,16.8843069609842,ridge,56.0
2018-06-18,2018-07-09,4,watches_gifts,Southeast,84.30222860538414,16.8843069609842,ridge,65.0
2018-06-25,2018-06-25,1,auto,Central-West,4.0,4.540532827341345,last_week,5.0
2018-06-25,2018-07-02,2,auto,Central-West,4.0,4.540532827341345,last_week,0.0
2018-06-25,2018-07-09,3,auto,Central-West,4.0,4.540532827341345,last_week,3.0
2018-06-25,2018-07-16,4,auto,Central-West,4.0,4.540532827341345,last_week,7.0
2018-06-25,2018-06-25,1,auto,North,0.0,1.4988580127769786,last_week,1.0
2018-06-25,2018-07-02,2,auto,North,0.0,1.4988580127769786,last_week,2.0
2018-06-25,2018-07-09,3,auto,North,0.0,1.4988580127769786,last_week,2.0
2018-06-25,2018-07-16,4,auto,North,0.0,1.4988580127769786,last_week,5.0
2018-06-25,2018-06-25,1,auto,Northeast,9.0,3.339264130239902,last_week,5.0
2018-06-25,2018-07-02,2,auto,Northeast,9.0,3.339264130239902,last_week,4.0
2018-06-25,2018-07-09,3,auto,Northeast,9.0,3.339264130239902,last_week,19.0
2018-06-25,2018-07-16,4,auto,Northeast,9.0,3.339264130239902,last_week,12.0
2018-06-25,2018-06-25,1,auto,South,11.0,4.58257569495584,last_week,9.0
2018-06-25,2018-07-02,2,auto,South,11.0,4.58257569495584,last_week,9.0
2018-06-25,2018-07-09,3,auto,South,11.0,4.58257569495584,last_week,12.0
2018-06-25,2018-07-16,4,auto,South,11.0,4.58257569495584,last_week,17.0
2018-06-25,2018-06-25,1,auto,Southeast,50.0,12.940855977278224,last_week,50.0
2018-06-25,2018-07-02,2,auto,Southeast,50.0,12.940855977278224,last_week,44.0
2018-06-25,2018-07-09,3,auto,Southeast,50.0,12.940855977278224,last_week,19.0
2018-06-25,2018-07-16,4,auto,Southeast,50.0,12.940855977278224,last_week,55.0
2018-06-25,2018-06-25,1,bed_bath_table,Central-West,6.0,5.3250506461029685,last_week,4.0
2018-06-25,2018-07-02,2,bed_bath_table,Central-West,6.0,5.3250506461029685,last_week,9.0
2018-06-25,2018-07-09,3,bed_bath_table,Central-West,6.0,5.3250506461029685,last_week,8.0
2018-06-25,2018-07-16,4,bed_bath_table,Central-West,6.0,5.3250506461029685,last_week,11.0
2018-06-25,2018-06-25,1,bed_bath_table,North,1.0,1.4850856716212686,last_week,0.0
2018-06-25,2018-07-02,2,bed_bath_table,North,1.0,1.4850856716212686,last_week,3.0
2018-06-25,2018-07-09,3,bed_bath_table,North,1.0,1.4850856716212686,last_week,0.0
2018-06-25,2018-07-16,4,bed_bath_table,North,1.0,1.4850856716212686,last_week,1.0
2018-06-25,2018-06-25,1,bed_bath_table,Northeast,2.0,4.015381385526521,last_week,19.0
2018-06-25,2018-07-02,2,bed_bath_table,Northeast,2.0,4.015381385526521,last_week,6.0
2018-06-25,2018-07-09,3,bed_bath_table,Northeast,2.0,4.015381385526521,last_week,9.0
2018-06-25,2018-07-16,4,bed_bath_table,Northeast,2.0,4.015381385526521,last_week,6.0
2018-06-25,2018-06-25,1,bed_bath_table,South,27.0,8.72251063517964,last_week,20.0
2018-06-25,2018-07-02,2,bed_bath_table,South,27.0,8.72251063517964,last_week,14.0
2018-06-25,2018-07-09,3,bed_bath_table,South,27.0,8.72251063517964,last_week,13.0
2018-06-25,2018-07-16,4,bed_bath_table,South,27.0,8.72251063517964,last_week,20.0
2018-06-25,2018-06-25,1,bed_bath_table,Southeast,158.0,42.075926153132215,last_week,113.0
2018-06-25,2018-07-02,2,bed_bath_table,Southeast,158.0,42.075926153132215,last_week,96.0
2018-06-25,2018-07-09,3,bed_bath_table,Southeast,158.0,42.075926153132215,last_week,50.0
2018-06-25,2018-07-16,4,bed_bath_table,Southeast,158.0,42.075926153132215,last_week,144.0
2018-06-25,2018-06-25,1,computers_accessories,Central-West,7.0,4.729678954611891,last_week,2.0
2018-06-25,2018-07-02,2,computers_accessories,Central-West,7.0,4.729678954611891,last_week,3.0
2018-06-25,2018-07-09,3,computers_accessories,Central-West,7.0,4.729678954611891,last_week,1.0
2018-06-25,2018-07-16,4,computers_accessories,Central-West,7.0,4.729678954611891,last_week,8.0
2018-06-25,2018-06-25,1,computers_accessories,North,0.0,2.6275672377773884,last_week,0.0
2018-06-25,2018-07-02,2,computers_accessories,North,0.0,2.6275672377773884,last_week,0.0
2018-06-25,2018-07-09,3,computers_accessories,North,0.0,2.6275672377773884,last_week,1.0
2018-06-25,2018-07-16,4,computers_accessories,North,0.0,2.6275672377773884,last_week,4.0
2018-06-25,2018-06-25,1,computers_accessories,Northeast,9.0,6.565789293077862,last_week,8.0
2018-06-25,2018-07-02,2,computers_accessories,Northeast,9.0,6.565789293077862,last_week,9.0
2018-06-25,2018-07-09,3,computers_accessories,Northeast,9.0,6.565789293077862,last_week,10.0
2018-06-25,2018-07-16,4,computers_accessories,Northeast,9.0,6.565789293077862,last_week,9.0
2018-06-25,2018-06-25,1,computers_accessories,South,19.0,8.12235204480365,last_week,19.0
2018-06-25,2018-07-02,2,computers_accessories,South,19.0,8.12235204480365,last_week,11.0
2018-06-25,2018-07-09,3,computers_accessories,South,19.0,8.12235204480365,last_week,16.0
2018-06-25,2018-07-16,4,computers_accessories,South,19.0,8.12235204480365,last_week,17.0
2018-06-25,2018-06-25,1,computers_accessories,Southeast,71.0,24.989038692885337,last_week,76.0
2018-06-25,2018-07-02,2,computers_accessories,Southeast,71.0,24.989038692885337,last_week,58.0
2018-06-25,2018-07-09,3,computers_accessories,Southeast,71.0,24.989038692885337,last_week,38.0
2018-06-25,2018-07-16,4,computers_accessories,Southeast,71.0,24.989038692885337,last_week,66.0
2018-06-25,2018-06-25,1,furniture_decor,Central-West,6.0,4.765745352735843,last_week,1.0
2018-06-25,2018-07-02,2,furniture_decor,Central-West,6.0,4.765745352735843,last_week,4.0
2018-06-25,2018-07-09,3,furniture_decor,Central-West,6.0,4.765745352735843,last_week,2.0
2018-06-25,2018-07-16,4,furniture_decor,Central-West,6.0,4.765745352735843,last_week,3.0
2018-06-25,2018-06-25,1,furniture_decor,North,0.0,2.3524979437488285,last_week,1.0
2018-06-25,2018-07-02,2,furniture_decor,North,0.0,2.3524979437488285,last_week,1.0
2018-06-25,2018-07-09,3,furniture_decor,North,0.0,2.3524979437488285,last_week,1.0
2018-06-25,2018-07-16,4,furniture_decor,North,0.0,2.3524979437488285,last_week,3.0
2018-06-25,2018-06-25,1,furniture_decor,Northeast,7.0,6.053415202713123,last_week,14.0
2018-06-25,2018-07-02,2,furniture_decor,Northeast,7.0,6.053415202713123,last_week,5.0
2018-06-25,2018-07-09,3,furniture_decor,Northeast,7.0,6.053415202713123,last_week,6.0
2018-06-25,2018-07-16,4,furniture_decor,Northeast,7.0,6.053415202713123,last_week,10.0
2018-06-25,2018-06-25,1,furniture_decor,South,22.0,10.43177443238777,last_week,20.0
2018-06-25,2018-07-02,2,furniture_decor,South,22.0,10.43177443238777,last_week,17.0
2018-06-25,2018-07-09,3,furniture_decor,South,22.0,10.43177443238777,last_week,8.0
2018-06-25,2018-07-16,4,furniture_decor,South,22.0,10.43177443238777,last_week,24.0
2018-06-25,2018-06-25,1,furniture_decor,Southeast,52.0,30.245343805581186,last_week,84.0
2018-06-25,2018-07-02,2,furniture_decor,Southeast,52.0,30.245343805581186,last_week,63.0
2018-06-25,2018-07-09,3,furniture_decor,Southeast,52.0,30.245343805581186,last_week,26.0
2018-06-25,2018-07-16,4,furniture_decor,Southeast,52.0,30.245343805581186,last_week,77.0
2018-06-25,2018-06-25,1,garden_tools,Central-West,0.0,4.652293586655764,last_week,4.0
2018-06-25,2018-07-02,2,garden_tools,Central-West,0.0,4.652293586655764,last_week,0.0
2018-06-25,2018-07-09,3,garden_tools,Central-West,0.0,4.652293586655764,last_week,1.0
2018-06-25,2018-07-16,4,garden_tools,Central-West,0.0,4.652293586655764,last_week,3.0
2018-06-25,2018-06-25,1,garden_tools,North,0.0,1.6839288697436612,last_week,1.0
2018-06-25,2018-07-02,2,garden_tools,North,0.0,1.6839288697436612,last_week,0.0
2018-06-25,2018-07-09,3,garden_tools,North,0.0,1.6839288697436612,last_week,1.0
2018-06-25,2018-07-16,4,garden_tools,North,0.0,1.6839288697436612,last_week,1.0
2018-06-25,2018-06-25,1,garden_tools,Northeast,2.0,6.253765988674015,last_week,5.0
2018-06-25,2018-07-02,2,garden_tools,Northeast,2.0,6.253765988674015,last_week,4.0
2018-06-25,2018-07-09,3,garden_tools,Northeast,2.0,6.253765988674015,last_week,3.0
2018-06-25,2018-07-16,4,garden_tools,Northeast,2.0,6.253765988674015,last_week,5.0
2018-06-25,2018-06-25,1,garden_tools,South,3.0,5.911446986944234,last_week,9.0
2018-06-25,2018-07-02,2,garden_tools,South,3.0,5.911446986944234,last_week,5.0
2018-06-25,2018-07-09,3,garden_tools,South,3.0,5.911446986944234,last_week,2.0
2018-06-25,2018-07-16,4,garden_tools,South,3.0,5.911446986944234,last_week,3.0
2018-06-25,2018-06-25,1,garden_tools,Southeast,25.0,25.212793012810963,last_week,52.0
2018-06-25,2018-07-02,2,garden_tools,Southeast,25.0,25.212793012810963,last_week,27.0
2018-06-25,2018-07-09,3,garden_tools,Southeast,25.0,25.212793012810963,last_week,16.0
2018-06-25,2018-07-16,4,garden_tools,Southeast,25.0,25.212793012810963,last_week,28.0
2018-06-25,2018-06-25,1,health_beauty,Central-West,10.0,4.986282553027871,last_week,8.0
2018-06-25,2018-07-02,2,health_beauty,Central-West,10.0,4.986282553027871,last_week,6.0
2018-06-25,2018-07-09,3,health_beauty,Central-West,10.0,4.986282553027871,last_week,15.0
2018-06-25,2018-07-16,4,health_beauty,Central-West,10.0,4.986282553027871,last_week,14.0
2018-06-25,2018-06-25,1,health_beauty,North,4.0,2.6663812632659813,last_week,7.0
2018-06-25,2018-07-02,2,health_beauty,North,4.0,2.6663812632659813,last_week,5.0
2018-06-25,2018-07-09,3,health_beauty,North,4.0,2.6663812632659813,last_week,6.0
2018-06-25,2018-07-16,4,health_beauty,North,4.0,2.6663812632659813,last_week,2.0
2018-06-25,2018-06-25,1,health_beauty,Northeast,19.0,6.137689538964343,last_week,20.0
2018-06-25,2018-07-02,2,health_beauty,Northeast,19.0,6.137689538964343,last_week,20.0
2018-06-25,2018-07-09,3,health_beauty,Northeast,19.0,6.137689538964343,last_week,27.0
2018-06-25,2018-07-16,4,health_beauty,Northeast,19.0,6.137689538964343,last_week,29.0
2018-06-25,2018-06-25,1,health_beauty,South,23.0,6.571003134360904,last_week,24.0
2018-06-25,2018-07-02,2,health_beauty,South,23.0,6.571003134360904,last_week,13.0
2018-06-25,2018-07-09,3,health_beauty,South,23.0,6.571003134360904,last_week,15.0
2018-06-25,2018-07-16,4,health_beauty,South,23.0,6.571003134360904,last_week,22.0
2018-06-25,2018-06-25,1,health_beauty,Southeast,171.0,21.691485609455277,last_week,131.0
2018-06-25,2018-07-02,2,health_beauty,Southeast,171.0,21.691485609455277,last_week,138.0
2018-06-25,2018-07-09,3,health_beauty,Southeast,171.0,21.691485609455277,last_week,82.0
2018-06-25,2018-07-16,4,health_beauty,Southeast,171.0,21.691485609455277,last_week,153.0
2018-06-25,2018-06-25,1,housewares,Central-West,9.0,3.5788572447196314,last_week,9.0
2018-06-25,2018-07-02,2,housewares,Central-West,9.0,3.5788572447196314,last_week,4.0
2018-06-25,2018-07-09,3,housewares,Central-West,9.0,3.5788572447196314,last_week,12.0
2018-06-25,2018-07-16,4,housewares,Central-West,9.0,3.5788572447196314,last_week,11.0
2018-06-25,2018-06-25,1,housewares,North,2.0,1.7121643756704754,last_week,3.0
2018-06-25,2018-07-02,2,housewares,North,2.0,1.7121643756704754,last_week,1.0
2018-06-25,2018-07-09,3,housewares,North,2.0,1.7121643756704754,last_week,0.0
2018-06-25,2018-07-16,4,housewares,North,2.0,1.7121643756704754,last_week,1.0
2018-06-25,2018-06-25,1,housewares,Northeast,6.0,3.7799036010031677,last_week,18.0
2018-06-25,2018-07-02,2,housewares,Northeast,6.0,3.7799036010031677,last_week,7.0
2018-06-25,2018-07-09,3,housewares,Northeast,6.0,3.7799036010031677,last_week,5.0
2018-06-25,2018-07-16,4,housewares,Northeast,6.0,3.7799036010031677,last_week,5.0
2018-06-25,2018-06-25,1,housewares,South,12.0,7.039030132445766,last_week,19.0
2018-06-25,2018-07-02,2,housewares,South,12.0,7.039030132445766,last_week,17.0
2018-06-25,2018-07-09,3,housewares,South,12.0,7.039030132445766,last_week,10.0
2018-06-25,2018-07-16,4,housewares,South,12.0,7.039030132445766,last_week,31.0
2018-06-25,2018-06-25,1,housewares,Southeast,85.0,20.131757778020198,last_week,88.0
2018-06-25,2018-07-02,2,housewares,Southeast,85.0,20.131757778020198,last_week,82.0
2018-06-25,2018-07-09,3,housewares,Southeast,85.0,20.131757778020198,last_week,43.0
2018-06-25,2018-07-16,4,housewares,Southeast,85.0,20.131757778020198,last_week,82.0
2018-06-25,2018-06-25,1,sports_leisure,Central-West,11.0,4.889182916300135,last_week,6.0
2018-06-25,2018-07-02,2,sports_leisure,Central-West,11.0,4.889182916300135,last_week,7.0
2018-06-25,2018-07-09,3,sports_leisure,Central-West,11.0,4.889182916300135,last_week,4.0
2018-06-25,2018-07-16,4,sports_leisure,Central-West,11.0,4.889182916300135,last_week,5.0
2018-06-25,2018-06-25,1,sports_leisure,North,2.0,2.3466677044414475,last_week,0.0
2018-06-25,2018-07-02,2,sports_leisure,North,2.0,2.3466677044414475,last_week,1.0
2018-06-25,2018-07-09,3,sports_leisure,North,2.0,2.3466677044414475,last_week,2.0
2018-06-25,2018-07-16,4,sports_leisure,North,2.0,2.3466677044414475,last_week,3.0
2018-06-25,2018-06-25,1,sports_leisure,Northeast,10.0,4.625717271296701,last_week,5.0
2018-06-25,2018-07-02,2,sports_leisure,Northeast,10.0,4.625717271296701,last_week,10.0
2018-06-25,2018-07-09,3,sports_leisure,Northeast,10.0,4.625717271296701,last_week,10.0
2018-06-25,2018-07-16,4,sports_leisure,Northeast,10.0,4.625717271296701,last_week,18.0
2018-06-25,2018-06-25,1,sports_leisure,South,12.0,7.7812560172172365,last_week,13.0
2018-06-25,2018-07-02,2,sports_leisure,South,12.0,7.7812560172172365,last_week,18.0
2018-06-25,2018-07-09,3,sports_leisure,South,12.0,7.7812560172172365,last_week,6.0
2018-06-25,2018-07-16,4,sports_leisure,South,12.0,7.7812560172172365,last_week,16.0
2018-06-25,2018-06-25,1,sports_leisure,Southeast,72.0,19.533252294625168,last_week,78.0
2018-06-25,2018-07-02,2,sports_leisure,Southeast,72.0,19.533252294625168,last_week,78.0
2018-06-25,2018-07-09,3,sports_leisure,Southeast,72.0,19.533252294625168,last_week,38.0
2018-06-25,2018-07-16,4,sports_leisure,Southeast,72.0,19.533252294625168,last_week,64.0
2018-06-25,2018-06-25,1,telephony,Central-West,17.0,3.491673069162949,last_week,4.0
2018-06-25,2018-07-02,2,telephony,Central-West,17.0,3.491673069162949,last_week,1.0
2018-06-25,2018-07-09,3,telephony,Central-West,17.0,3.491673069162949,last_week,1.0
2018-06-25,2018-07-16,4,telephony,Central-West,17.0,3.491673069162949,last_week,7.0
2018-06-25,2018-06-25,1,telephony,North,0.0,2.183374289413346,last_week,1.0
2018-06-25,2018-07-02,2,telephony,North,0.0,2.183374289413346,last_week,0.0
2018-06-25,2018-07-09,3,telephony,North,0.0,2.183374289413346,last_week,1.0
2018-06-25,2018-07-16,4,telephony,North,0.0,2.183374289413346,last_week,3.0
2018-06-25,2018-06-25,1,telephony,Northeast,7.0,5.8391686403938445,last_week,1.0
2018-06-25,2018-07-02,2,telephony,Northeast,7.0,5.8391686403938445,last_week,7.0
2018-06-25,2018-07-09,3,telephony,Northeast,7.0,5.8391686403938445,last_week,6.0
2018-06-25,2018-07-16,4,telephony,Northeast,7.0,5.8391686403938445,last_week,4.0
2018-06-25,2018-06-25,1,telephony,South,9.0,5.161766714647065,last_week,8.0
2018-06-25,2018-07-02,2,telephony,South,9.0,5.161766714647065,last_week,9.0
2018-06-25,2018-07-09,3,telephony,South,9.0,5.161766714647065,last_week,12.0
2018-06-25,2018-07-16,4,telephony,South,9.0,5.161766714647065,last_week,10.0
2018-06-25,2018-06-25,1,telephony,Southeast,26.0,12.102303641235313,last_week,24.0
2018-06-25,2018-07-02,2,telephony,Southeast,26.0,12.102303641235313,last_week,18.0
2018-06-25,2018-07-09,3,telephony,Southeast,26.0,12.102303641235313,last_week,12.0
2018-06-25,2018-07-16,4,telephony,Southeast,26.0,12.102303641235313,last_week,38.0
2018-06-25,2018-06-25,1,watches_gifts,Central-West,7.0,3.029534979461505,last_week,11.0
2018-06-25,2018-07-02,2,watches_gifts,Central-West,7.0,3.029534979461505,last_week,5.0
2018-06-25,2018-07-09,3,watches_gifts,Central-West,7.0,3.029534979461505,last_week,8.0
2018-06-25,2018-07-16,4,watches_gifts,Central-West,7.0,3.029534979461505,last_week,8.0
2018-06-25,2018-06-25,1,watches_gifts,North,2.0,1.8207329549252094,last_week,3.0
2018-06-25,2018-07-02,2,watches_gifts,North,2.0,1.8207329549252094,last_week,2.0
2018-06-25,2018-07-09,3,watches_gifts,North,2.0,1.8207329549252094,last_week,4.0
2018-06-25,2018-07-16,4,watches_gifts,North,2.0,1.8207329549252094,last_week,3.0
2018-06-25,2018-06-25,1,watches_gifts,Northeast,17.0,4.967014483239638,last_week,7.0
2018-06-25,2018-07-02,2,watches_gifts,Northeast,17.0,4.967014483239638,last_week,12.0
2018-06-25,2018-07-09,3,watches_gifts,Northeast,17.0,4.967014483239638,last_week,28.0
2018-06-25,2018-07-16,4,watches_gifts,Northeast,17.0,4.967014483239638,last_week,16.0
2018-06-25,2018-06-25,1,watches_gifts,South,12.0,5.705080648464091,last_week,12.0
2018-06-25,2018-07-02,2,watches_gifts,South,12.0,5.705080648464091,last_week,11.0
2018-06-25,2018-07-09,3,watches_gifts,South,12.0,5.705080648464091,last_week,16.0
2018-06-25,2018-07-16,4,watches_gifts,South,12.0,5.705080648464091,last_week,20.0
2018-06-25,2018-06-25,1,watches_gifts,Southeast,79.0,17.833706734451226,last_week,74.0
2018-06-25,2018-07-02,2,watches_gifts,Southeast,79.0,17.833706734451226,last_week,56.0
2018-06-25,2018-07-09,3,watches_gifts,Southeast,79.0,17.833706734451226,last_week,65.0
2018-06-25,2018-07-16,4,watches_gifts,Southeast,79.0,17.833706734451226,last_week,98.0
2018-06-25,2018-06-25,1,auto,Central-West,4.5,3.5962785178684635,moving_average,5.0
2018-06-25,2018-07-02,2,auto,Central-West,4.625,3.5962785178684635,moving_average,0.0
2018-06-25,2018-07-09,3,auto,Central-West,3.78125,3.5962785178684635,moving_average,3.0
2018-06-25,2018-07-16,4,auto,Central-West,4.2265625,3.5962785178684635,moving_average,7.0
2018-06-25,2018-06-25,1,auto,North,0.75,1.1704114719613057,moving_average,1.0
2018-06-25,2018-07-02,2,auto,North,0.9375,1.1704114719613057,moving_average,2.0
2018-06-25,2018-07-09,3,auto,North,0.421875,1.1704114719613057,moving_average,2.0
2018-06-25,2018-07-16,4,auto,North,0.52734375,1.1704114719613057,moving_average,5.0
2018-06-25,2018-06-25,1,auto,Northeast,7.0,2.659146788696633,moving_average,5.0
2018-06-25,2018-07-02,2,auto,Northeast,7.0,2.659146788696633,moving_average,4.0
2018-06-25,2018-07-09,3,auto,Northeast,7.25,2.659146788696633,moving_average,19.0
2018-06-25,2018-07-16,4,auto,Northeast,7.5625,2.659146788696633,moving_average,12.0
2018-06-25,2018-06-25,1,auto,South,11.25,3.651561872622322,moving_average,9.0
2018-06-25,2018-07-02,2,auto,South,12.5625,3.651561872622322,moving_average,9.0
2018-06-25,2018-07-09,3,auto,South,11.453125,3.651561872622322,moving_average,12.0
2018-06-25,2018-07-16,4,auto,South,11.56640625,3.651561872622322,moving_average,17.0
2018-06-25,2018-06-25,1,auto,Southeast,39.5,13.102761655990642,moving_average,50.0
2018-06-25,2018-07-02,2,auto,Southeast,43.375,13.102761655990642,moving_average,44.0
2018-06-25,2018-07-09,3,auto,Southeast,42.96875,13.102761655990642,moving_average,19.0
2018-06-25,2018-07-16,4,auto,Southeast,43.9609375,13.102761655990642,moving_average,55.0
2018-06-25,2018-06-25,1,bed_bath_table,Central-West,4.75,4.556720161490826,moving_average,4.0
2018-06-25,2018-07-02,2,bed_bath_table,Central-West,4.9375,4.556720161490826,moving_average,9.0
2018-06-25,2018-07-09,3,bed_bath_table,Central-West,4.421875,4.556720161490826,moving_average,8.0
2018-06-25,2018-07-16,4,bed_bath_table,Central-West,5.02734375,4.556720161490826,moving_average,11.0
2018-06-25,2018-06-25,1,bed_bath_table,North,0.25,1.1881982446095225,moving_average,0.0
2018-06-25,2018-07-02,2,bed_bath_table,North,0.3125,1.1881982446095225,moving_average,3.0
2018-06-25,2018-07-09,3,bed_bath_table,North,0.390625,1.1881982446095225,moving_average,0.0
2018-06-25,2018-07-16,4,bed_bath_table,North,0.48828125,1.1881982446095225,moving_average,1.0
2018-06-25,2018-06-25,1,bed_bath_table,Northeast,5.75,3.673185881567654,moving_average,19.0
2018-06-25,2018-07-02,2,bed_bath_table,Northeast,5.9375,3.673185881567654,moving_average,6.0
2018-06-25,2018-07-09,3,bed_bath_table,Northeast,5.921875,3.673185881567654,moving_average,9.0
2018-06-25,2018-07-16,4,bed_bath_table,Northeast,4.90234375,3.673185881567654,moving_average,6.0
2018-06-25,2018-06-25,1,bed_bath_table,South,19.25,7.519779853233463,moving_average,20.0
2018-06-25,2018-07-02,2,bed_bath_table,South,20.5625,7.519779853233463,moving_average,14.0
2018-06-25,2018-07-09,3,bed_bath_table,South,19.703125,7.519779853233463,moving_average,13.0
2018-06-25,2018-07-16,4,bed_bath_table,South,21.62890625,7.519779853233463,moving_average,20.0
2018-06-25,2018-06-25,1,bed_bath_table,Southeast,147.25,40.52547609009383,moving_average,113.0
2018-06-25,2018-07-02,2,bed_bath_table,Southeast,156.5625,40.52547609009383,moving_average,96.0
2018-06-25,2018-07-09,3,bed_bath_table,Southeast,155.203125,40.52547609009383,moving_average,50.0
2018-06-25,2018-07-16,4,bed_bath_table,Southeast,154.25390625,40.52547609009383,moving_average,144.0
2018-06-25,2018-06-25,1,computers_accessories,Central-West,3.75,4.063283644123646,moving_average,2.0
2018-06-25,2018-07-02,2,computers_accessories,Central-West,4.1875,4.063283644123646,moving_average,3.0
2018-06-25,2018-07-09,3,computers_accessories,Central-West,4.984375,4.063283644123646,moving_average,1.0
2018-06-25,2018-07-16,4,computers_accessories,Central-West,4.98046875,4.063283644123646,moving_average,8.0
2018-06-25,2018-06-25,1,computers_accessories,North,1.5,1.999785947449486,moving_average,0.0
2018-06-25,2018-07-02,2,computers_accessories,North,1.875,1.999785947449486,moving_average,0.0
2018-06-25,2018-07-09,3,computers_accessories,North,1.59375,1.999785947449486,moving_average,1.0
2018-06-25,2018-07-16,4,computers_accessories,North,1.2421875,1.999785947449486,moving_average,4.0
2018-06-25,2018-06-25,1,computers_accessories,Northeast,10.5,5.073855225498169,moving_average,8.0
2018-06-25,2018-07-02,2,computers_accessories,Northeast,11.375,5.073855225498169,moving_average,9.0
2018-06-25,2018-07-09,3,computers_accessories,Northeast,10.21875,5.073855225498169,moving_average,10.0
2018-06-25,2018-07-16,4,computers_accessories,Northeast,10.2734375,5.073855225498169,moving_average,9.0
2018-06-25,2018-06-25,1,computers_accessories,South,12.5,8.93038142123656,moving_average,19.0
2018-06-25,2018-07-02,2,computers_accessories,South,14.375,8.93038142123656,moving_average,11.0
2018-06-25,2018-07-09,3,computers_accessories,South,14.71875,8.93038142123656,moving_average,16.0
2018-06-25,2018-07-16,4,computers_accessories,South,15.1484375,8.93038142123656,moving_average,17.0
2018-06-25,2018-06-25,1,computers_accessories,Southeast,59.25,27.72580087655856,moving_average,76.0
2018-06-25,2018-07-02,2,computers_accessories,Southeast,64.8125,27.72580087655856,moving_average,58.0
2018-06-25,2018-07-09,3,computers_accessories,Southeast,61.265625,27.72580087655856,moving_average,38.0
2018-06-25,2018-07-16,4,computers_accessories,Southeast,64.08203125,27.72580087655856,moving_average,66.0
2018-06-25,2018-06-25,1,furniture_decor,Central-West,6.25,3.8025991471587695,moving_average,1.0
2018-06-25,2018-07-02,2,furniture_decor,Central-West,6.0625,3.8025991471587695,moving_average,4.0
2018-06-25,2018-07-09,3,furniture_decor,Central-West,6.578125,3.8025991471587695,moving_average,2.0
2018-06-25,2018-07-16,4,furniture_decor,Central-West,6.22265625,3.8025991471587695,moving_average,3.0
2018-06-25,2018-06-25,1,furniture_decor,North,1.5,1.7119143334090954,moving_average,1.0
2018-06-25,2018-07-02,2,furniture_decor,North,1.875,1.7119143334090954,moving_average,1.0
2018-06-25,2018-07-09,3,furniture_decor,North,0.84375,1.7119143334090954,moving_average,1.0
2018-06-25,2018-07-16,4,furniture_decor,North,1.0546875,1.7119143334090954,moving_average,3.0
2018-06-25,2018-06-25,1,furniture_decor,Northeast,5.5,5.452786142178031,moving_average,14.0
2018-06-25,2018-07-02,2,furniture_decor,Northeast,4.875,5.452786142178031,moving_average,5.0
2018-06-25,2018-07-09,3,furniture_decor,Northeast,5.59375,5.452786142178031,moving_average,6.0
2018-06-25,2018-07-16,4,furniture_decor,Northeast,5.7421875,5.452786142178031,moving_average,10.0
2018-06-25,2018-06-25,1,furniture_decor,South,18.0,9.607226518088506,moving_average,20.0
2018-06-25,2018-07-02,2,furniture_decor,South,19.25,9.607226518088506,moving_average,17.0
2018-06-25,2018-07-09,3,furniture_decor,South,19.8125,9.607226518088506,moving_average,8.0
2018-06-25,2018-07-16,4,furniture_decor,South,19.765625,9.607226518088506,moving_average,24.0
2018-06-25,2018-06-25,1,furniture_decor,Southeast,54.5,33.90023639146577,moving_average,84.0
2018-06-25,2018-07-02,2,furniture_decor,Southeast,53.125,33.90023639146577,moving_average,63.0
2018-06-25,2018-07-09,3,furniture_decor,Southeast,56.65625,33.90023639146577,moving_average,26.0
2018-06-25,2018-07-16,4,furniture_decor,Southeast,54.0703125,33.90023639146577,moving_average,77.0
2018-06-25,2018-06-25,1,garden_tools,Central-West,0.75,3.779790347161222,moving_average,4.0
2018-06-25,2018-07-02,2,garden_tools,Central-West,0.9375,3.779790347161222,moving_average,0.0
2018-06-25,2018-07-09,3,garden_tools,Central-West,0.671875,3.779790347161222,moving_average,1.0
2018-06-25,2018-07-16,4,garden_tools,Central-West,0.58984375,3.779790347161222,moving_average,3.0
2018-06-25,2018-06-25,1,garden_tools,North,1.0,1.2588726202331206,moving_average,1.0
2018-06-25,2018-07-02,2,garden_tools,North,1.25,1.2588726202331206,moving_average,0.0
2018-06-25,2018-07-09,3,garden_tools,North,1.3125,1.2588726202331206,moving_average,1.0
2018-06-25,2018-07-16,4,garden_tools,North,0.890625,1.2588726202331206,moving_average,1.0
2018-06-25,2018-06-25,1,garden_tools,Northeast,3.0,4.807154342926003,moving_average,5.0
2018-06-25,2018-07-02,2,garden_tools,Northeast,2.25,4.807154342926003,moving_average,4.0
2018-06-25,2018-07-09,3,garden_tools,Northeast,2.8125,4.807154342926003,moving_average,3.0
2018-06-25,2018-07-16,4,garden_tools,Northeast,2.515625,4.807154342926003,moving_average,5.0
2018-06-25,2018-06-25,1,garden_tools,South,4.5,5.551132181199677,moving_average,9.0
2018-06-25,2018-07-02,2,garden_tools,South,5.125,5.551132181199677,moving_average,5.0
2018-06-25,2018-07-09,3,garden_tools,South,4.40625,5.551132181199677,moving_average,2.0
2018-06-25,2018-07-16,4,garden_tools,South,4.2578125,5.551132181199677,moving_average,3.0
2018-06-25,2018-06-25,1,garden_tools,Southeast,27.5,21.86473829758586,moving_average,52.0
2018-06-25,2018-07-02,2,garden_tools,Southeast,29.375,21.86473829758586,moving_average,27.0
2018-06-25,2018-07-09,3,garden_tools,Southeast,27.71875,21.86473829758586,moving_average,16.0
2018-06-25,2018-07-16,4,garden_tools,Southeast,27.3984375,21.86473829758586,moving_average,28.0
2018-06-25,2018-06-25,1,health_beauty,Central-West,10.75,4.410739539767819,moving_average,8.0
2018-06-25,2018-07-02,2,health_beauty,Central-West,11.9375,4.410739539767819,moving_average,6.0
2018-06-25,2018-07-09,3,health_beauty,Central-West,11.421875,4.410739539767819,moving_average,15.0
2018-06-25,2018-07-16,4,health_beauty,Central-West,11.02734375,4.410739539767819,moving_average,14.0
2018-06-25,2018-06-25,1,health_beauty,North,4.0,2.215295521273706,moving_average,7.0
2018-06-25,2018-07-02,2,health_beauty,North,4.75,2.215295521273706,moving_average,5.0
2018-06-25,2018-07-09,3,health_beauty,North,3.9375,2.215295521273706,moving_average,6.0
2018-06-25,2018-07-16,4,health_beauty,North,4.171875,2.215295521273706,moving_average,2.0
2018-06-25,2018-06-25,1,health_beauty,Northeast,20.0,5.663963228345925,moving_average,20.0
2018-06-25,2018-07-02,2,health_beauty,Northeast,21.25,5.663963228345925,moving_average,20.0
2018-06-25,2018-07-09,3,health_beauty,Northeast,20.5625,5.663963228345925,moving_average,27.0
2018-06-25,2018-07-16,4,health_beauty,Northeast,20.203125,5.663963228345925,moving_average,29.0
2018-06-25,2018-06-25,1,health_beauty,South,17.25,6.901893228454516,moving_average,24.0
2018-06-25,2018-07-02,2,health_beauty,South,18.8125,6.901893228454516,moving_average,13.0
2018-06-25,2018-07-09,3,health_beauty,South,19.265625,6.901893228454516,moving_average,15.0
2018-06-25,2018-07-16,4,health_beauty,South,19.58203125,6.901893228454516,moving_average,22.0
2018-06-25,2018-06-25,1,health_beauty,Southeast,138.0,26.16422712066836,moving_average,131.0
2018-06-25,2018-07-02,2,health_beauty,Southeast,152.5,26.16422712066836,moving_average,138.0
2018-06-25,2018-07-09,3,health_beauty,Southeast,157.125,26.16422712066836,moving_average,82.0
2018-06-25,2018-07-16,4,health_beauty,Southeast,154.65625,26.16422712066836,moving_average,153.0
2018-06-25,2018-06-25,1,housewares,Central-West,7.75,3.246705390147212,moving_average,9.0
2018-06-25,2018-07-02,2,housewares,Central-West,8.6875,3.246705390147212,moving_average,4.0
2018-06-25,2018-07-09,3,housewares,Central-West,8.359375,3.246705390147212,moving_average,12.0
2018-06-25,2018-07-16,4,housewares,Central-West,8.44921875,3.246705390147212,moving_average,11.0
2018-06-25,2018-06-25,1,housewares,North,1.5,1.2626076517239158,moving_average,3.0
2018-06-25,2018-07-02,2,housewares,North,1.625,1.2626076517239158,moving_average,1.0
2018-06-25,2018-07-09,3,housewares,North,2.03125,1.2626076517239158,moving_average,0.0
2018-06-25,2018-07-16,4,housewares,North,1.7890625,1.2626076517239158,moving_average,1.0
2018-06-25,2018-06-25,1,housewares,Northeast,5.25,3.195003590796962,moving_average,18.0
2018-06-25,2018-07-02,2,housewares,Northeast,5.0625,3.195003590796962,moving_average,7.0
2018-06-25,2018-07-09,3,housewares,Northeast,5.328125,3.195003590796962,moving_average,5.0
2018-06-25,2018-07-16,4,housewares,Northeast,5.41015625,3.195003590796962,moving_average,5.0
2018-06-25,2018-06-25,1,housewares,South,16.75,5.578978401105349,moving_average,19.0
2018-06-25,2018-07-02,2,housewares,South,18.1875,5.578978401105349,moving_average,17.0
2018-06-25,2018-07-09,3,housewares,South,16.234375,5.578978401105349,moving_average,10.0
2018-06-25,2018-07-16,4,housewares,South,15.79296875,5.578978401105349,moving_average,31.0
2018-06-25,2018-06-25,1,housewares,Southeast,102.25,19.557672880308402,moving_average,88.0
2018-06-25,2018-07-02,2,housewares,Southeast,102.3125,19.557672880308402,moving_average,82.0
2018-06-25,2018-07-09,3,housewares,Southeast,96.390625,19.557672880308402,moving_average,43.0
2018-06-25,2018-07-16,4,housewares,Southeast,96.48828125,19.557672880308402,moving_average,82.0
2018-06-25,2018-06-25,1,sports_leisure,Central-West,7.0,3.963985990326763,moving_average,6.0
2018-06-25,2018-07-02,2,sports_leisure,Central-West,7.25,3.963985990326763,moving_average,7.0
2018-06-25,2018-07-09,3,sports_leisure,Central-West,7.0625,3.963985990326763,moving_average,4.0
2018-06-25,2018-07-16,4,sports_leisure,Central-West,8.078125,3.963985990326763,moving_average,5.0
2018-06-25,2018-06-25,1,sports_leisure,North,3.25,1.921400744747906,moving_average,0.0
2018-06-25,2018-07-02,2,sports_leisure,North,3.3125,1.921400744747906,moving_average,1.0
2018-06-25,2018-07-09,3,sports_leisure,North,2.890625,1.921400744747906,moving_average,2.0
2018-06-25,2018-07-16,4,sports_leisure,North,2.86328125,1.921400744747906,moving_average,3.0
2018-06-25,2018-06-25,1,sports_leisure,Northeast,8.75,4.492002024908362,moving_average,5.0
2018-06-25,2018-07-02,2,sports_leisure,Northeast,9.6875,4.492002024908362,moving_average,10.0
2018-06-25,2018-07-09,3,sports_leisure,Northeast,9.859375,4.492002024908362,moving_average,10.0
2018-06-25,2018-07-16,4,sports_leisure,Northeast,9.57421875,4.492002024908362,moving_average,18.0
2018-06-25,2018-06-25,1,sports_leisure,South,13.0,6.925113124045117,moving_average,13.0
2018-06-25,2018-07-02,2,sports_leisure,South,11.75,6.925113124045117,moving_average,18.0
2018-06-25,2018-07-09,3,sports_leisure,South,12.9375,6.925113124045117,moving_average,6.0
2018-06-25,2018-07-16,4,sports_leisure,South,12.421875,6.925113124045117,moving_average,16.0
2018-06-25,2018-06-25,1,sports_leisure,Southeast,63.25,21.53378199767258,moving_average,78.0
2018-06-25,2018-07-02,2,sports_leisure,Southeast,66.0625,21.53378199767258,moving_average,78.0
2018-06-25,2018-07-09,3,sports_leisure,Southeast,70.328125,21.53378199767258,moving_average,38.0
2018-06-25,2018-07-16,4,sports_leisure,Southeast,67.91015625,21.53378199767258,moving_average,64.0
2018-06-25,2018-06-25,1,telephony,Central-West,6.0,3.0617223642284155,moving_average,4.0
2018-06-25,2018-07-02,2,telephony,Central-West,7.0,3.0617223642284155,moving_average,1.0
2018-06-25,2018-07-09,3,telephony,Central-West,8.5,3.0617223642284155,moving_average,1.0
2018-06-25,2018-07-16,4,telephony,Central-West,9.625,3.0617223642284155,moving_average,7.0
2018-06-25,2018-06-25,1,telephony,North,1.5,1.9929241268403737,moving_average,1.0
2018-06-25,2018-07-02,2,telephony,North,1.125,1.9929241268403737,moving_average,0.0
2018-06-25,2018-07-09,3,telephony,North,0.65625,1.9929241268403737,moving_average,1.0
2018-06-25,2018-07-16,4,telephony,North,0.8203125,1.9929241268403737,moving_average,3.0
2018-06-25,2018-06-25,1,telephony,Northeast,7.5,5.033960014209244,moving_average,1.0
2018-06-25,2018-07-02,2,telephony,Northeast,7.375,5.033960014209244,moving_average,7.0
2018-06-25,2018-07-09,3,telephony,Northeast,7.46875,5.033960014209244,moving_average,6.0
2018-06-25,2018-07-16,4,telephony,Northeast,7.3359375,5.033960014209244,moving_average,4.0
2018-06-25,2018-06-25,1,telephony,South,7.75,4.663964889785373,moving_average,8.0
2018-06-25,2018-07-02,2,telephony,South,7.6875,4.663964889785373,moving_average,9.0
2018-06-25,2018-07-09,3,telephony,South,7.859375,4.663964889785373,moving_average,12.0
2018-06-25,2018-07-16,4,telephony,South,8.07421875,4.663964889785373,moving_average,10.0
2018-06-25,2018-06-25,1,telephony,Southeast,29.0,12.159823245831454,moving_average,24.0
2018-06-25,2018-07-02,2,telephony,Southeast,31.25,12.159823245831454,moving_average,18.0
2018-06-25,2018-07-09,3,telephony,Southeast,32.3125,12.159823245831454,moving_average,12.0
2018-06-25,2018-07-16,4,telephony,Southeast,29.640625,12.159823245831454,moving_average,38.0
2018-06-25,2018-06-25,1,watches_gifts,Central-West,7.0,2.749221558565659,moving_average,11.0
2018-06-25,2018-07-02,2,watches_gifts,Central-West,7.0,2.749221558565659,moving_average,5.0
2018-06-25,2018-07-09,3,watches_gifts,Central-West,7.5,2.749221558565659,moving_average,8.0
2018-06-25,2018-07-16,4,watches_gifts,Central-West,7.125,2.749221558565659,moving_average,8.0
2018-06-25,2018-06-25,1,watches_gifts,North,1.75,1.4714753569215482,moving_average,3.0
2018-06-25,2018-07-02,2,watches_gifts,North,1.9375,1.4714753569215482,moving_average,2.0
2018-06-25,2018-07-09,3,watches_gifts,North,2.171875,1.4714753569215482,moving_average,4.0
2018-06-25,2018-07-16,4,watches_gifts,North,1.96484375,1.4714753569215482,moving_average,3.0
2018-06-25,2018-06-25,1,watches_gifts,Northeast,14.75,4.919297338174413,moving_average,7.0
2018-06-25,2018-07-02,2,watches_gifts,Northeast,15.6875,4.919297338174413,moving_average,12.0
2018-06-25,2018-07-09,3,watches_gifts,Northeast,16.359375,4.919297338174413,moving_average,28.0
2018-06-25,2018-07-16,4,watches_gifts,Northeast,15.94921875,4.919297338174413,moving_average,16.0
2018-06-25,2018-06-25,1,watches_gifts,South,10.0,5.1299049365007,moving_average,12.0
2018-06-25,2018-07-02,2,watches_gifts,South,11.5,5.1299049365007,moving_average,11.0
2018-06-25,2018-07-09,3,watches_gifts,South,12.125,5.1299049365007,moving_average,16.0
2018-06-25,2018-07-16,4,watches_gifts,South,11.40625,5.1299049365007,moving_average,20.0
2018-06-25,2018-06-25,1,watches_gifts,Southeast,75.0,22.518865758925184,moving_average,74.0
2018-06-25,2018-07-02,2,watches_gifts,Southeast,77.0,22.518865758925184,moving_average,56.0
2018-06-25,2018-07-09,3,watches_gifts,Southeast,80.5,22.518865758925184,moving_average,65.0
2018-06-25,2018-07-16,4,watches_gifts,Southeast,77.875,22.518865758925184,moving_average,98.0
2018-06-25,2018-06-25,1,auto,Central-West,2.896962921407182,3.806884563147071,ridge,5.0
2018-06-25,2018-07-02,2,auto,Central-West,2.2454614545463363,3.806884563147071,ridge,0.0
2018-06-25,2018-07-09,3,auto,Central-West,2.1203638148092576,3.806884563147071,ridge,3.0
2018-06-25,2018-07-16,4,auto,Central-West,1.6368903724732293,3.806884563147071,ridge,7.0
2018-06-25,2018-06-25,1,auto,North,0.0,1.5188536790611082,ridge,1.0
2018-06-25,2018-07-02,2,auto,North,0.0,1.5188536790611082,ridge,2.0
2018-06-25,2018-07-09,3,auto,North,0.0,1.5188536790611082,ridge,2.0
2018-06-25,2018-07-16,4,auto,North,0.0,1.5188536790611082,ridge,5.0
2018-06-25,2018-06-25,1,auto,Northeast,6.1444515579231105,2.818978695133997,ridge,5.0
2018-06-25,2018-07-02,2,auto,Northeast,5.029191401369637,2.818978695133997,ridge,4.0
2018-06-25,2018-07-09,3,auto,Northeast,4.196934296701848,2.818978695133997,ridge,19.0
2018-06-25,2018-07-16,4,auto,Northeast,3.834401657396535,2.818978695133997,ridge,12.0
2018-06-25,2018-06-25,1,auto,South,9.97155605541859,3.8314290404338807,ridge,9.0
2018-06-25,2018-07-02,2,auto,South,9.067285757591659,3.8314290404338807,ridge,9.0
2018-06-25,2018-07-09,3,auto,South,8.83541373308983,3.8314290404338807,ridge,12.0
2018-06-25,2018-07-16,4,auto,South,8.295896889172976,3.8314290404338807,ridge,17.0
2018-06-25,2018-06-25,1,auto,Southeast,51.64890134014503,11.650258456984389,ridge,50.0
2018-06-25,2018-07-02,2,auto,Southeast,51.21285843389424,11.650258456984389,ridge,44.0
2018-06-25,2018-07-09,3,auto,Southeast,50.57624245687891,11.650258456984389,ridge,19.0
2018-06-25,2018-07-16,4,auto,Southeast,47.706555758457824,11.650258456984389,ridge,55.0
2018-06-25,2018-06-25,1,bed_bath_table,Central-West,7.102295716156898,4.710983714362663,ridge,4.0
2018-06-25,2018-07-02,2,bed_bath_table,Central-West,7.033057097923437,4.710983714362663,ridge,9.0
2018-06-25,2018-07-09,3,bed_bath_table,Central-West,7.281137160614486,4.710983714362663,ridge,8.0
2018-06-25,2018-07-16,4,bed_bath_table,Central-West,7.306148931706341,4.710983714362663,ridge,11.0
2018-06-25,2018-06-25,1,bed_bath_table,North,1.6076789920352272,2.068778114055194,ridge,0.0
2018-06-25,2018-07-02,2,bed_bath_table,North,1.9315538794487104,2.068778114055194,ridge,3.0
2018-06-25,2018-07-09,3,bed_bath_table,North,2.230608117104593,2.068778114055194,ridge,0.0
2018-06-25,2018-07-16,4,bed_bath_table,North,2.530948435025543,2.068778114055194,ridge,1.0
2018-06-25,2018-06-25,1,bed_bath_table,Northeast,5.937919582656061,3.961525800386898,ridge,19.0
2018-06-25,2018-07-02,2,bed_bath_table,Northeast,7.388671815135508,3.961525800386898,ridge,6.0
2018-06-25,2018-07-09,3,bed_bath_table,Northeast,8.061887013959014,3.961525800386898,ridge,9.0
2018-06-25,2018-07-16,4,bed_bath_table,Northeast,8.51501642452729,3.961525800386898,ridge,6.0
2018-06-25,2018-06-25,1,bed_bath_table,South,24.03020546924277,7.3496944035364455,ridge,20.0
2018-06-25,2018-07-02,2,bed_bath_table,South,22.226888203846453,7.3496944035364455,ridge,14.0
2018-06-25,2018-07-09,3,bed_bath_table,South,21.815158190801437,7.3496944035364455,ridge,13.0
2018-06-25,2018-07-16,4,bed_bath_table,South,20.71858245094325,7.3496944035364455,ridge,20.0
2018-06-25,2018-06-25,1,bed_bath_table,Southeast,145.42623361153065,36.733780138057114,ridge,113.0
2018-06-25,2018-07-02,2,bed_bath_table,Southeast,137.65410051120534,36.733780138057114,ridge,96.0
2018-06-25,2018-07-09,3,bed_bath_table,Southeast,135.95647483039815,36.733780138057114,ridge,50.0
2018-06-25,2018-07-16,4,bed_bath_table,Southeast,131.57759317687822,36.733780138057114,ridge,144.0
2018-06-25,2018-06-25,1,computers_accessories,Central-West,5.993464341255633,4.06050020100753,ridge,2.0
2018-06-25,2018-07-02,2,computers_accessories,Central-West,5.80759251787779,4.06050020100753,ridge,3.0
2018-06-25,2018-07-09,3,computers_accessories,Central-West,4.80418329002369,4.06050020100753,ridge,1.0
2018-06-25,2018-07-16,4,computers_accessories,Central-West,4.374871364774496,4.06050020100753,ridge,8.0
2018-06-25,2018-06-25,1,computers_accessories,North,0.6840859672160402,2.2085737173633495,ridge,0.0
2018-06-25,2018-07-02,2,computers_accessories,North,0.7890893029014929,2.2085737173633495,ridge,0.0
2018-06-25,2018-07-09,3,computers_accessories,North,0.7775248786970792,2.2085737173633495,ridge,1.0
2018-06-25,2018-07-16,4,computers_accessories,North,0.7827617551719523,2.2085737173633495,ridge,4.0
2018-06-25,2018-06-25,1,computers_accessories,Northeast,10.226700769883188,5.383794195429864,ridge,8.0
2018-06-25,2018-07-02,2,computers_accessories,Northeast,10.01181177012206,5.383794195429864,ridge,9.0
2018-06-25,2018-07-09,3,computers_accessories,Northeast,10.025004788913206,5.383794195429864,ridge,10.0
2018-06-25,2018-07-16,4,computers_accessories,Northeast,9.985164229749161,5.383794195429864,ridge,9.0
2018-06-25,2018-06-25,1,computers_accessories,South,16.23780475733639,8.148116463466833,ridge,19.0
2018-06-25,2018-07-02,2,computers_accessories,South,14.946564118446139,8.148116463466833,ridge,11.0
2018-06-25,2018-07-09,3,computers_accessories,South,13.834090629616288,8.148116463466833,ridge,16.0
2018-06-25,2018-07-16,4,computers_accessories,South,13.188082561063544,8.148116463466833,ridge,17.0
2018-06-25,2018-06-25,1,computers_accessories,Southeast,70.61582185911186,25.590444874936498,ridge,76.0
2018-06-25,2018-07-02,2,computers_accessories,Southeast,69.19004449177548,25.590444874936498,ridge,58.0
2018-06-25,2018-07-09,3,computers_accessories,Southeast,69.10421510651209,25.590444874936498,ridge,38.0
2018-06-25,2018-07-16,4,computers_accessories,Southeast,65.40398364667433,25.590444874936498,ridge,66.0
2018-06-25,2018-06-25,1,furniture_decor,Central-West,6.335090984187138,3.9188674143384574,ridge,1.0
2018-06-25,2018-07-02,2,furniture_decor,Central-West,6.672866270765728,3.9188674143384574,ridge,4.0
2018-06-25,2018-07-09,3,furniture_decor,Central-West,6.495343655968235,3.9188674143384574,ridge,2.0
2018-06-25,2018-07-16,4,furniture_decor,Central-West,6.061649302399535,3.9188674143384574,ridge,3.0
2018-06-25,2018-06-25,1,furniture_decor,North,0.5890093634032496,1.9744247808201076,ridge,1.0
2018-06-25,2018-07-02,2,furniture_decor,North,0.4477046223862473,1.9744247808201076,ridge,1.0
2018-06-25,2018-07-09,3,furniture_decor,North,0.6567251323329923,1.9744247808201076,ridge,1.0
2018-06-25,2018-07-16,4,furniture_decor,North,0.4655681181491982,1.9744247808201076,ridge,3.0
2018-06-25,2018-06-25,1,furniture_decor,Northeast,6.877397221083636,5.153775200214365,ridge,14.0
2018-06-25,2018-07-02,2,furniture_decor,Northeast,7.122062085246756,5.153775200214365,ridge,5.0
2018-06-25,2018-07-09,3,furniture_decor,Northeast,6.231196572886729,5.153775200214365,ridge,6.0
2018-06-25,2018-07-16,4,furniture_decor,Northeast,5.765892510202137,5.153775200214365,ridge,10.0
2018-06-25,2018-06-25,1,furniture_decor,South,21.414832411687204,8.891534403778984,ridge,20.0
2018-06-25,2018-07-02,2,furniture_decor,South,19.748392107937846,8.891534403778984,ridge,17.0
2018-06-25,2018-07-09,3,furniture_decor,South,18.879872981744672,8.891534403778984,ridge,8.0
2018-06-25,2018-07-16,4,furniture_decor,South,16.736124351560168,8.891534403778984,ridge,24.0
2018-06-25,2018-06-25,1,furniture_decor,Southeast,65.6261814797488,27.541643642638803,ridge,84.0
2018-06-25,2018-07-02,2,furniture_decor,Southeast,72.33390806770493,27.541643642638803,ridge,63.0
2018-06-25,2018-07-09,3,furniture_decor,Southeast,71.19742317030388,27.541643642638803,ridge,26.0
2018-06-25,2018-07-16,4,furniture_decor,Southeast,67.5573580995986,27.541643642638803,ridge,77.0
2018-06-25,2018-06-25,1,garden_tools,Central-West,0.5622609515319246,3.311983906157251,ridge,4.0
2018-06-25,2018-07-02,2,garden_tools,Central-West,0.2572123732567464,3.311983906157251,ridge,0.0
2018-06-25,2018-07-09,3,garden_tools,Central-West,0.027340647961293207,3.311983906157251,ridge,1.0
2018-06-25,2018-07-16,4,garden_tools,Central-West,0.0,3.311983906157251,ridge,3.0
2018-06-25,2018-06-25,1,garden_tools,North,0.0,1.7358790040217398,ridge,1.0
2018-06-25,2018-07-02,2,garden_tools,North,0.0,1.7358790040217398,ridge,0.0
2018-06-25,2018-07-09,3,garden_tools,North,0.0,1.7358790040217398,ridge,1.0
2018-06-25,2018-07-16,4,garden_tools,North,0.0,1.7358790040217398,ridge,1.0
2018-06-25,2018-06-25,1,garden_tools,Northeast,1.9380372427667671,5.2338958089399625,ridge,5.0
2018-06-25,2018-07-02,2,garden_tools,Northeast,1.658030984098894,5.2338958089399625,ridge,4.0
2018-06-25,2018-07-09,3,garden_tools,Northeast,1.2203424940404357,5.2338958089399625,ridge,3.0
2018-06-25,2018-07-16,4,garden_tools,Northeast,1.2042406864894533,5.2338958089399625,ridge,5.0
2018-06-25,2018-06-25,1,garden_tools,South,4.758558270145604,5.190571774691958,ridge,9.0
2018-06-25,2018-07-02,2,garden_tools,South,5.192948134799037,5.190571774691958,ridge,5.0
2018-06-25,2018-07-09,3,garden_tools,South,5.46913137730581,5.190571774691958,ridge,2.0
2018-06-25,2018-07-16,4,garden_tools,South,5.407092142224942,5.190571774691958,ridge,3.0
2018-06-25,2018-06-25,1,garden_tools,Southeast,37.02754045628294,21.891929948057594,ridge,52.0
2018-06-25,2018-07-02,2,garden_tools,Southeast,39.61381692889161,21.891929948057594,ridge,27.0
2018-06-25,2018-07-09,3,garden_tools,Southeast,41.12799498393156,21.891929948057594,ridge,16.0
2018-06-25,2018-07-16,4,garden_tools,Southeast,39.605539320756215,21.891929948057594,ridge,28.0
2018-06-25,2018-06-25,1,health_beauty,Central-West,10.568280382622689,4.310115693284512,ridge,8.0
2018-06-25,2018-07-02,2,health_beauty,Central-West,10.440831274029232,4.310115693284512,ridge,6.0
2018-06-25,2018-07-09,3,health_beauty,Central-West,9.723339829091408,4.310115693284512,ridge,15.0
2018-06-25,2018-07-16,4,health_beauty,Central-West,9.76745780416291,4.310115693284512,ridge,14.0
2018-06-25,2018-06-25,1,health_beauty,North,3.6654036050646175,2.4091264009950963,ridge,7.0
2018-06-25,2018-07-02,2,health_beauty,North,3.1811886768405717,2.4091264009950963,ridge,5.0
2018-06-25,2018-07-09,3,health_beauty,North,3.453131570184568,2.4091264009950963,ridge,6.0
2018-06-25,2018-07-16,4,health_beauty,North,3.6713656617755266,2.4091264009950963,ridge,2.0
2018-06-25,2018-06-25,1,health_beauty,Northeast,18.05515677817089,5.049510759544928,ridge,20.0
2018-06-25,2018-07-02,2,health_beauty,Northeast,17.62781176880741,5.049510759544928,ridge,20.0
2018-06-25,2018-07-09,3,health_beauty,Northeast,16.43938804209577,5.049510759544928,ridge,27.0
2018-06-25,2018-07-16,4,health_beauty,Northeast,16.530726403138765,5.049510759544928,ridge,29.0
2018-06-25,2018-06-25,1,health_beauty,South,21.02247758507306,5.763073728366081,ridge,24.0
2018-06-25,2018-07-02,2,health_beauty,South,19.379664086031582,5.763073728366081,ridge,13.0
2018-06-25,2018-07-09,3,health_beauty,South,17.44781858609872,5.763073728366081,ridge,15.0
2018-06-25,2018-07-16,4,health_beauty,South,16.905545960810457,5.763073728366081,ridge,22.0
2018-06-25,2018-06-25,1,health_beauty,Southeast,150.86149050390358,20.25373943327297,ridge,131.0
2018-06-25,2018-07-02,2,health_beauty,Southeast,137.81097727315137,20.25373943327297,ridge,138.0
2018-06-25,2018-07-09,3,health_beauty,Southeast,128.4514205045892,20.25373943327297,ridge,82.0
2018-06-25,2018-07-16,4,health_beauty,Southeast,122.09496642341917,20.25373943327297,ridge,153.0
2018-06-25,2018-06-25,1,housewares,Central-West,7.532315995740856,3.1035121125491996,ridge,9.0
2018-06-25,2018-07-02,2,housewares,Central-West,6.507710477044585,3.1035121125491996,ridge,4.0
2018-06-25,2018-07-09,3,housewares,Central-West,5.762929092841596,3.1035121125491996,ridge,12.0
2018-06-25,2018-07-16,4,housewares,Central-West,5.488395256389444,3.1035121125491996,ridge,11.0
2018-06-25,2018-06-25,1,housewares,North,1.1291827191719523,1.5295232108930823,ridge,3.0
2018-06-25,2018-07-02,2,housewares,North,0.8123870306888019,1.5295232108930823,ridge,1.0
2018-06-25,2018-07-09,3,housewares,North,0.4886968138372012,1.5295232108930823,ridge,0.0
2018-06-25,2018-07-16,4,housewares,North,0.5061488193412664,1.5295232108930823,ridge,1.0
2018-06-25,2018-06-25,1,housewares,Northeast,6.754871001909223,3.1528764876939133,ridge,18.0
2018-06-25,2018-07-02,2,housewares,Northeast,6.8502570412371275,3.1528764876939133,ridge,7.0
2018-06-25,2018-07-09,3,housewares,Northeast,7.171263758233494,3.1528764876939133,ridge,5.0
2018-06-25,2018-07-16,4,housewares,Northeast,6.390843043411138,3.1528764876939133,ridge,5.0
2018-06-25,2018-06-25,1,housewares,South,15.713568237183097,5.945178897921537,ridge,19.0
2018-06-25,2018-07-02,2,housewares,South,16.413446293037698,5.945178897921537,ridge,17.0
2018-06-25,2018-07-09,3,housewares,South,16.565890941673015,5.945178897921537,ridge,10.0
2018-06-25,2018-07-16,4,housewares,South,15.783687752752527,5.945178897921537,ridge,31.0
2018-06-25,2018-06-25,1,housewares,Southeast,91.16381575383886,17.863665920824296,ridge,88.0
2018-06-25,2018-07-02,2,housewares,Southeast,94.10522608309415,17.863665920824296,ridge,82.0
2018-06-25,2018-07-09,3,housewares,Southeast,94.96249173136374,17.863665920824296,ridge,43.0
2018-06-25,2018-07-16,4,housewares,Southeast,92.75501321997645,17.863665920824296,ridge,82.0
2018-06-25,2018-06-25,1,sports_leisure,Central-West,8.615284132564422,4.017996841579238,ridge,6.0
2018-06-25,2018-07-02,2,sports_leisure,Central-West,7.239705498398022,4.017996841579238,ridge,7.0
2018-06-25,2018-07-09,3,sports_leisure,Central-West,7.107843857037286,4.017996841579238,ridge,4.0
2018-06-25,2018-07-16,4,sports_leisure,Central-West,6.597074870317284,4.017996841579238,ridge,5.0
2018-06-25,2018-06-25,1,sports_leisure,North,1.6147438254413267,2.0601263024298895,ridge,0.0
2018-06-25,2018-07-02,2,sports_leisure,North,1.3912067794689627,2.0601263024298895,ridge,1.0
2018-06-25,2018-07-09,3,sports_leisure,North,1.3626140579683863,2.0601263024298895,ridge,2.0
2018-06-25,2018-07-16,4,sports_leisure,North,1.5433366102913126,2.0601263024298895,ridge,3.0
2018-06-25,2018-06-25,1,sports_leisure,Northeast,8.436844815056778,4.019890692117298,ridge,5.0
2018-06-25,2018-07-02,2,sports_leisure,Northeast,7.769965179589366,4.019890692117298,ridge,10.0
2018-06-25,2018-07-09,3,sports_leisure,Northeast,7.273152838083192,4.019890692117298,ridge,10.0
2018-06-25,2018-07-16,4,sports_leisure,Northeast,7.350658478195137,4.019890692117298,ridge,18.0
2018-06-25,2018-06-25,1,sports_leisure,South,12.783341109055232,6.736301397081696,ridge,13.0
2018-06-25,2018-07-02,2,sports_leisure,South,13.854677294929884,6.736301397081696,ridge,18.0
2018-06-25,2018-07-09,3,sports_leisure,South,13.131536723702082,6.736301397081696,ridge,6.0
2018-06-25,2018-07-16,4,sports_leisure,South,12.580560456175387,6.736301397081696,ridge,16.0
2018-06-25,2018-06-25,1,sports_leisure,Southeast,75.69187763235071,17.61276441069592,ridge,78.0
2018-06-25,2018-07-02,2,sports_leisure,Southeast,76.00936338496135,17.61276441069592,ridge,78.0
2018-06-25,2018-07-09,3,sports_leisure,Southeast,73.10304198387936,17.61276441069592,ridge,38.0
2018-06-25,2018-07-16,4,sports_leisure,Southeast,69.06583024460947,17.61276441069592,ridge,64.0
2018-06-25,2018-06-25,1,telephony,Central-West,8.962165565681282,3.18657144595134,ridge,4.0
2018-06-25,2018-07-02,2,telephony,Central-West,5.687279150908093,3.18657144595134,ridge,1.0
2018-06-25,2018-07-09,3,telephony,Central-West,3.8889752747852153,3.18657144595134,ridge,1.0
2018-06-25,2018-07-16,4,telephony,Central-West,2.9361878164825743,3.18657144595134,ridge,7.0
2018-06-25,2018-06-25,1,telephony,North,0.0,2.069114459650919,ridge,1.0
2018-06-25,2018-07-02,2,telephony,North,0.0,2.069114459650919,ridge,0.0
2018-06-25,2018-07-09,3,telephony,North,0.0,2.069114459650919,ridge,1.0
2018-06-25,2018-07-16,4,telephony,North,0.0,2.069114459650919,ridge,3.0
2018-06-25,2018-06-25,1,telephony,Northeast,6.165757881946861,4.8607520306866725,ridge,1.0
2018-06-25,2018-07-02,2,telephony,Northeast,6.088195527026871,4.8607520306866725,ridge,7.0
2018-06-25,2018-07-09,3,telephony,Northeast,5.253162240079221,4.8607520306866725,ridge,6.0
2018-06-25,2018-07-16,4,telephony,Northeast,4.596023936181554,4.8607520306866725,ridge,4.0
2018-06-25,2018-06-25,1,telephony,South,8.054310757343078,4.29848427790547,ridge,8.0
2018-06-25,2018-07-02,2,telephony,South,7.0791374512098075,4.29848427790547,ridge,9.0
2018-06-25,2018-07-09,3,telephony,South,6.770544057994766,4.29848427790547,ridge,12.0
2018-06-25,2018-07-16,4,telephony,South,6.524816971098191,4.29848427790547,ridge,10.0
2018-06-25,2018-06-25,1,telephony,Southeast,33.698190126551516,11.209032021413025,ridge,24.0
2018-06-25,2018-07-02,2,telephony,Southeast,37.077257312408136,11.209032021413025,ridge,18.0
2018-06-25,2018-07-09,3,telephony,Southeast,37.22368877228014,11.209032021413025,ridge,12.0
2018-06-25,2018-07-16,4,telephony,Southeast,37.403494058939,11.209032021413025,ridge,38.0
2018-06-25,2018-06-25,1,watches_gifts,Central-West,6.6357037674749995,2.7199405435274144,ridge,11.0
2018-06-25,2018-07-02,2,watches_gifts,Central-West,6.241707808323632,2.7199405435274144,ridge,5.0
2018-06-25,2018-07-09,3,watches_gifts,Central-West,5.467176348577071,2.7199405435274144,ridge,8.0
2018-06-25,2018-07-16,4,watches_gifts,Central-West,5.255317867914306,2.7199405435274144,ridge,8.0
2018-06-25,2018-06-25,1,watches_gifts,North,1.213082013032226,1.5976957249551123,ridge,3.0
2018-06-25,2018-07-02,2,watches_gifts,North,0.865608520937343,1.5976957249551123,ridge,2.0
2018-06-25,2018-07-09,3,watches_gifts,North,0.4331586635645941,1.5976957249551123,ridge,4.0
2018-06-25,2018-07-16,4,watches_gifts,North,0.29596181268060384,1.5976957249551123,ridge,3.0
2018-06-25,2018-06-25,1,watches_gifts,Northeast,16.54251600226066,4.456760694225054,ridge,7.0
2018-06-25,2018-07-02,2,watches_gifts,Northeast,15.598313822269947,4.456760694225054,ridge,12.0
2018-06-25,2018-07-09,3,watches_gifts,Northeast,13.791092944278772,4.456760694225054,ridge,28.0
2018-06-25,2018-07-16,4,watches_gifts,Northeast,12.682351754242799,4.456760694225054,ridge,16.0
2018-06-25,2018-06-25,1,watches_gifts,South,12.057320209289017,4.79994352184609,ridge,12.0
2018-06-25,2018-07-02,2,watches_gifts,South,11.49946949459262,4.79994352184609,ridge,11.0
2018-06-25,2018-07-09,3,watches_gifts,South,10.140446511387582,4.79994352184609,ridge,16.0
2018-06-25,2018-07-16,4,watches_gifts,South,9.782028416468568,4.79994352184609,ridge,20.0
2018-06-25,2018-06-25,1,watches_gifts,Southeast,86.86952896520313,16.89211203272133,ridge,74.0
2018-06-25,2018-07-02,2,watches_gifts,Southeast,86.82769511984515,16.89211203272133,ridge,56.0
2018-06-25,2018-07-09,3,watches_gifts,Southeast,80.00010281181272,16.89211203272133,ridge,65.0
2018-06-25,2018-07-16,4,watches_gifts,Southeast,76.21989340348568,16.89211203272133,ridge,98.0
2018-07-02,2018-07-02,1,auto,Central-West,5.0,4.511247205746028,last_week,0.0
2018-07-02,2018-07-09,2,auto,Central-West,5.0,4.511247205746028,last_week,3.0
2018-07-02,2018-07-16,3,auto,Central-West,5.0,4.511247205746028,last_week,7.0
2018-07-02,2018-07-23,4,auto,Central-West,5.0,4.511247205746028,last_week,7.0
2018-07-02,2018-07-02,1,auto,North,1.0,1.4932279563850022,last_week,2.0
2018-07-02,2018-07-09,2,auto,North,1.0,1.4932279563850022,last_week,2.0
2018-07-02,2018-07-16,3,auto,North,1.0,1.4932279563850022,last_week,5.0
2018-07-02,2018-07-23,4,auto,North,1.0,1.4932279563850022,last_week,3.0
2018-07-02,2018-07-02,1,auto,Northeast,5.0,3.349061990500656,last_week,4.0
2018-07-02,2018-07-09,2,auto,Northeast,5.0,3.349061990500656,last_week,19.0
2018-07-02,2018-07-16,3,auto,Northeast,5.0,3.349061990500656,last_week,12.0
2018-07-02,2018-07-23,4,auto,Northeast,5.0,3.349061990500656,last_week,10.0
2018-07-02,2018-07-02,1,auto,South,9.0,4.557441197675541,last_week,9.0
2018-07-02,2018-07-09,2,auto,South,9.0,4.557441197675541,last_week,12.0
2018-07-02,2018-07-16,3,auto,South,9.0,4.557441197675541,last_week,17.0
2018-07-02,2018-07-23,4,auto,South,9.0,4.557441197675541,last_week,12.0
2018-07-02,2018-07-02,1,auto,Southeast,50.0,12.853120348876482,last_week,44.0
2018-07-02,2018-07-09,2,auto,Southeast,50.0,12.853120348876482,last_week,19.0
2018-07-02,2018-07-16,3,auto,Southeast,50.0,12.853120348876482,last_week,55.0
2018-07-02,2018-07-23,4,auto,Southeast,50.0,12.853120348876482,last_week,65.0
2018-07-02,2018-07-02,1,bed_bath_table,Central-West,4.0,5.294055820165389,last_week,9.0
2018-07-02,2018-07-09,2,bed_bath_table,Central-West,4.0,5.294055820165389,last_week,8.0
2018-07-02,2018-07-16,3,bed_bath_table,Central-West,4.0,5.294055820165389,last_week,11.0
2018-07-02,2018-07-23,4,bed_bath_table,Central-West,4.0,5.294055820165389,last_week,10.0
2018-07-02,2018-07-02,1,bed_bath_table,North,0.0,1.4795908857482156,last_week,3.0
2018-07-02,2018-07-09,2,bed_bath_table,North,0.0,1.4795908857482156,last_week,0.0
2018-07-02,2018-07-16,3,bed_bath_table,North,0.0,1.4795908857482156,last_week,1.0
2018-07-02,2018-07-23,4,bed_bath_table,North,0.0,1.4795908857482156,last_week,2.0
2018-07-02,2018-07-02,1,bed_bath_table,Northeast,19.0,4.450933701012723,last_week,6.0
2018-07-02,2018-07-09,2,bed_bath_table,Northeast,19.0,4.450933701012723,last_week,9.0
2018-07-02,2018-07-16,3,bed_bath_table,Northeast,19.0,4.450933701012723,last_week,6.0
2018-07-02,2018-07-23,4,bed_bath_table,Northeast,19.0,4.450933701012723,last_week,6.0
2018-07-02,2018-07-02,1,bed_bath_table,South,20.0,8.701506548650999,last_week,14.0
2018-07-02,2018-07-09,2,bed_bath_table,South,20.0,8.701506548650999,last_week,13.0
2018-07-02,2018-07-16,3,bed_bath_table,South,20.0,8.701506548650999,last_week,20.0
2018-07-02,2018-07-23,4,bed_bath_table,South,20.0,8.701506548650999,last_week,16.0
2018-07-02,2018-07-02,1,bed_bath_table,Southeast,113.0,42.11679385143561,last_week,96.0
2018-07-02,2018-07-09,2,bed_bath_table,Southeast,113.0,42.11679385143561,last_week,50.0
2018-07-02,2018-07-16,3,bed_bath_table,Southeast,113.0,42.11679385143561,last_week,144.0
2018-07-02,2018-07-23,4,bed_bath_table,Southeast,113.0,42.11679385143561,last_week,118.0
2018-07-02,2018-07-02,1,computers_accessories,Central-West,2.0,4.733434842205543,last_week,3.0
2018-07-02,2018-07-09,2,computers_accessories,Central-West,2.0,4.733434842205543,last_week,1.0
2018-07-02,2018-07-16,3,computers_accessories,Central-West,2.0,4.733434842205543,last_week,8.0
2018-07-02,2018-07-23,4,computers_accessories,Central-West,2.0,4.733434842205543,last_week,6.0
2018-07-02,2018-07-02,1,computers_accessories,North,0.0,2.60975301720504,last_week,0.0
2018-07-02,2018-07-09,2,computers_accessories,North,0.0,2.60975301720504,last_week,1.0
2018-07-02,2018-07-16,3,computers_accessories,North,0.0,2.60975301720504,last_week,4.0
2018-07-02,2018-07-23,4,computers_accessories,North,0.0,2.60975301720504,last_week,6.0
2018-07-02,2018-07-02,1,computers_accessories,Northeast,8.0,6.522310981587779,last_week,9.0
2018-07-02,2018-07-09,2,computers_accessories,Northeast,8.0,6.522310981587779,last_week,10.0
2018-07-02,2018-07-16,3,computers_accessories,Northeast,8.0,6.522310981587779,last_week,9.0
2018-07-02,2018-07-23,4,computers_accessories,Northeast,8.0,6.522310981587779,last_week,9.0
2018-07-02,2018-07-02,1,computers_accessories,South,19.0,8.067284616342793,last_week,11.0
2018-07-02,2018-07-09,2,computers_accessories,South,19.0,8.067284616342793,last_week,16.0
2018-07-02,2018-07-16,3,computers_accessories,South,19.0,8.067284616342793,last_week,17.0
2018-07-02,2018-07-23,4,computers_accessories,South,19.0,8.067284616342793,last_week,15.0
2018-07-02,2018-07-02,1,computers_accessories,Southeast,76.0,24.82642445764898,last_week,58.0
2018-07-02,2018-07-09,2,computers_accessories,Southeast,76.0,24.82642445764898,last_week,38.0
2018-07-02,2018-07-16,3,computers_accessories,Southeast,76.0,24.82642445764898,last_week,66.0
2018-07-02,2018-07-23,4,computers_accessories,Southeast,76.0,24.82642445764898,last_week,81.0
2018-07-02,2018-07-02,1,furniture_decor,Central-West,1.0,4.7689876539201945,last_week,4.0
2018-07-02,2018-07-09,2,furniture_decor,Central-West,1.0,4.7689876539201945,last_week,2.0
2018-07-02,2018-07-16,3,furniture_decor,Central-West,1.0,4.7689876539201945,last_week,3.0
2018-07-02,2018-07-23,4,furniture_decor,Central-West,1.0,4.7689876539201945,last_week,4.0
2018-07-02,2018-07-02,1,furniture_decor,North,1.0,2.3394386020951634,last_week,1.0
2018-07-02,2018-07-09,2,furniture_decor,North,1.0,2.3394386020951634,last_week,1.0
2018-07-02,2018-07-16,3,furniture_decor,North,1.0,2.3394386020951634,last_week,3.0
2018-07-02,2018-07-23,4,furniture_decor,North,1.0,2.3394386020951634,last_week,6.0
2018-07-02,2018-07-02,1,furniture_decor,Northeast,14.0,6.067191344502892,last_week,5.0
2018-07-02,2018-07-09,2,furniture_decor,Northeast,14.0,6.067191344502892,last_week,6.0
2018-07-02,2018-07-16,3,furniture_decor,Northeast,14.0,6.067191344502892,last_week,10.0
2018-07-02,2018-07-23,4,furniture_decor,Northeast,14.0,6.067191344502892,last_week,9.0
2018-07-02,2018-07-02,1,furniture_decor,South,20.0,10.363657916267083,last_week,17.0
2018-07-02,2018-07-09,2,furniture_decor,South,20.0,10.363657916267083,last_week,8.0
2018-07-02,2018-07-16,3,furniture_decor,South,20.0,10.363657916267083,last_week,24.0
2018-07-02,2018-07-23,4,furniture_decor,South,20.0,10.363657916267083,last_week,28.0
2018-07-02,2018-07-02,1,furniture_decor,Southeast,84.0,30.26973334465893,last_week,63.0
2018-07-02,2018-07-09,2,furniture_decor,Southeast,84.0,30.26973334465893,last_week,26.0
2018-07-02,2018-07-16,3,furniture_decor,Southeast,84.0,30.26973334465893,last_week,77.0
2018-07-02,2018-07-23,4,furniture_decor,Southeast,84.0,30.26973334465893,last_week,84.0
2018-07-02,2018-07-02,1,garden_tools,Central-West,4.0,4.644089530528839,last_week,0.0
2018-07-02,2018-07-09,2,garden_tools,Central-West,4.0,4.644089530528839,last_week,1.0
2018-07-02,2018-07-16,3,garden_tools,Central-West,4.0,4.644089530528839,last_week,3.0
2018-07-02,2018-07-23,4,garden_tools,Central-West,4.0,4.644089530528839,last_week,1.0
2018-07-02,2018-07-02,1,garden_tools,North,1.0,1.6765472885698187,last_week,0.0
2018-07-02,2018-07-09,2,garden_tools,North,1.0,1.6765472885698187,last_week,1.0
2018-07-02,2018-07-16,3,garden_tools,North,1.0,1.6765472885698187,last_week,1.0
2018-07-02,2018-07-23,4,garden_tools,North,1.0,1.6765472885698187,last_week,0.0
2018-07-02,2018-07-02,1,garden_tools,Northeast,5.0,6.221149628702295,last_week,4.0
2018-07-02,2018-07-09,2,garden_tools,Northeast,5.0,6.221149628702295,last_week,3.0
2018-07-02,2018-07-16,3,garden_tools,Northeast,5.0,6.221149628702295,last_week,5.0
2018-07-02,2018-07-23,4,garden_tools,Northeast,5.0,6.221149628702295,last_week,6.0
2018-07-02,2018-07-02,1,garden_tools,South,9.0,5.912652489319786,last_week,5.0
2018-07-02,2018-07-09,2,garden_tools,South,9.0,5.912652489319786,last_week,2.0
2018-07-02,2018-07-16,3,garden_tools,South,9.0,5.912652489319786,last_week,3.0
2018-07-02,2018-07-23,4,garden_tools,South,9.0,5.912652489319786,last_week,6.0
2018-07-02,2018-07-02,1,garden_tools,Southeast,52.0,25.23778805572996,last_week,27.0
2018-07-02,2018-07-09,2,garden_tools,Southeast,52.0,25.23778805572996,last_week,16.0
2018-07-02,2018-07-16,3,garden_tools,Southeast,52.0,25.23778805572996,last_week,28.0
2018-07-02,2018-07-23,4,garden_tools,Southeast,52.0,25.23778805572996,last_week,46.0
2018-07-02,2018-07-02,1,health_beauty,Central-West,8.0,4.957931129118383,last_week,6.0
2018-07-02,2018-07-09,2,health_beauty,Central-West,8.0,4.957931129118383,last_week,15.0
2018-07-02,2018-07-16,3,health_beauty,Central-West,8.0,4.957931129118383,last_week,14.0
2018-07-02,2018-07-23,4,health_beauty,Central-West,8.0,4.957931129118383,last_week,6.0
2018-07-02,2018-07-02,1,health_beauty,North,7.0,2.6711673731039647,last_week,5.0
2018-07-02,2018-07-09,2,health_beauty,North,7.0,2.6711673731039647,last_week,6.0
2018-07-02,2018-07-16,3,health_beauty,North,7.0,2.6711673731039647,last_week,2.0
2018-07-02,2018-07-23,4,health_beauty,North,7.0,2.6711673731039647,last_week,6.0
2018-07-02,2018-07-02,1,health_beauty,Northeast,20.0,6.097185881673256,last_week,20.0
2018-07-02,2018-07-09,2,health_beauty,Northeast,20.0,6.097185881673256,last_week,27.0
2018-07-02,2018-07-16,3,health_beauty,Northeast,20.0,6.097185881673256,last_week,29.0
2018-07-02,2018-07-23,4,health_beauty,Northeast,20.0,6.097185881673256,last_week,22.0
2018-07-02,2018-07-02,1,health_beauty,South,24.0,6.527488652468735,last_week,13.0
2018-07-02,2018-07-09,2,health_beauty,South,24.0,6.527488652468735,last_week,15.0
2018-07-02,2018-07-16,3,health_beauty,South,24.0,6.527488652468735,last_week,22.0
2018-07-02,2018-07-23,4,health_beauty,South,24.0,6.527488652468735,last_week,18.0
2018-07-02,2018-07-02,1,health_beauty,Southeast,131.0,22.040503256136958,last_week,138.0
2018-07-02,2018-07-09,2,health_beauty,Southeast,131.0,22.040503256136958,last_week,82.0
2018-07-02,2018-07-16,3,health_beauty,Southeast,131.0,22.040503256136958,last_week,153.0
2018-07-02,2018-07-23,4,health_beauty,Southeast,131.0,22.040503256136958,last_week,118.0
2018-07-02,2018-07-02,1,housewares,Central-West,9.0,3.554593526007599,last_week,4.0
2018-07-02,2018-07-09,2,housewares,Central-West,9.0,3.554593526007599,last_week,12.0
2018-07-02,2018-07-16,3,housewares,Central-West,9.0,3.554593526007599,last_week,11.0
2018-07-02,2018-07-23,4,housewares,Central-West,9.0,3.554593526007599,last_week,20.0
2018-07-02,2018-07-02,1,housewares,North,3.0,1.704524979402005,last_week,1.0
2018-07-02,2018-07-09,2,housewares,North,3.0,1.704524979402005,last_week,0.0
2018-07-02,2018-07-16,3,housewares,North,3.0,1.704524979402005,last_week,1.0
2018-07-02,2018-07-23,4,housewares,North,3.0,1.704524979402005,last_week,0.0
2018-07-02,2018-07-02,1,housewares,Northeast,18.0,4.005064361597769,last_week,7.0
2018-07-02,2018-07-09,2,housewares,Northeast,18.0,4.005064361597769,last_week,5.0
2018-07-02,2018-07-16,3,housewares,Northeast,18.0,4.005064361597769,last_week,5.0
2018-07-02,2018-07-23,4,housewares,Northeast,18.0,4.005064361597769,last_week,6.0
2018-07-02,2018-07-02,1,housewares,South,19.0,7.038504140834226,last_week,17.0
2018-07-02,2018-07-09,2,housewares,South,19.0,7.038504140834226,last_week,10.0
2018-07-02,2018-07-16,3,housewares,South,19.0,7.038504140834226,last_week,31.0
2018-07-02,2018-07-23,4,housewares,South,19.0,7.038504140834226,last_week,26.0
2018-07-02,2018-07-02,1,housewares,Southeast,88.0,19.99831073947078,last_week,82.0
2018-07-02,2018-07-09,2,housewares,Southeast,88.0,19.99831073947078,last_week,43.0
2018-07-02,2018-07-16,3,housewares,Southeast,88.0,19.99831073947078,last_week,82.0
2018-07-02,2018-07-23,4,housewares,Southeast,88.0,19.99831073947078,last_week,117.0
2018-07-02,2018-07-02,1,sports_leisure,Central-West,6.0,4.890697181273741,last_week,7.0
2018-07-02,2018-07-09,2,sports_leisure,Central-West,6.0,4.890697181273741,last_week,4.0
2018-07-02,2018-07-16,3,sports_leisure,Central-West,6.0,4.890697181273741,last_week,5.0
2018-07-02,2018-07-23,4,sports_leisure,Central-West,6.0,4.890697181273741,last_week,11.0
2018-07-02,2018-07-02,1,sports_leisure,North,0.0,2.3423250172609453,last_week,1.0
2018-07-02,2018-07-09,2,sports_leisure,North,0.0,2.3423250172609453,last_week,2.0
2018-07-02,2018-07-16,3,sports_leisure,North,0.0,2.3423250172609453,last_week,3.0
2018-07-02,2018-07-23,4,sports_leisure,North,0.0,2.3423250172609453,last_week,6.0
2018-07-02,2018-07-02,1,sports_leisure,Northeast,5.0,4.630976780976768,last_week,10.0
2018-07-02,2018-07-09,2,sports_leisure,Northeast,5.0,4.630976780976768,last_week,10.0
2018-07-02,2018-07-16,3,sports_leisure,Northeast,5.0,4.630976780976768,last_week,18.0
2018-07-02,2018-07-23,4,sports_leisure,Northeast,5.0,4.630976780976768,last_week,7.0
2018-07-02,2018-07-02,1,sports_leisure,South,13.0,7.729375346251678,last_week,18.0
2018-07-02,2018-07-09,2,sports_leisure,South,13.0,7.729375346251678,last_week,6.0
2018-07-02,2018-07-16,3,sports_leisure,South,13.0,7.729375346251678,last_week,16.0
2018-07-02,2018-07-23,4,sports_leisure,South,13.0,7.729375346251678,last_week,21.0
2018-07-02,2018-07-02,1,sports_leisure,Southeast,78.0,19.413355670217822,last_week,78.0
2018-07-02,2018-07-09,2,sports_leisure,Southeast,78.0,19.413355670217822,last_week,38.0
2018-07-02,2018-07-16,3,sports_leisure,Southeast,78.0,19.413355670217822,last_week,64.0
2018-07-02,2018-07-23,4,sports_leisure,Southeast,78.0,19.413355670217822,last_week,88.0
2018-07-02,2018-07-02,1,telephony,Central-West,4.0,3.7829632314907333,last_week,1.0
2018-07-02,2018-07-09,2,telephony,Central-West,4.0,3.7829632314907333,last_week,1.0
2018-07-02,2018-07-16,3,telephony,Central-West,4.0,3.7829632314907333,last_week,7.0
2018-07-02,2018-07-23,4,telephony,Central-West,4.0,3.7829632314907333,last_week,4.0
2018-07-02,2018-07-02,1,telephony,North,1.0,2.171685109820532,last_week,0.0
2018-07-02,2018-07-09,2,telephony,North,1.0,2.171685109820532,last_week,1.0
2018-07-02,2018-07-16,3,telephony,North,1.0,2.171685109820532,last_week,3.0
2018-07-02,2018-07-23,4,telephony,North,1.0,2.171685109820532,last_week,0.0
2018-07-02,2018-07-02,1,telephony,Northeast,1.0,5.841371553121888,last_week,7.0
2018-07-02,2018-07-09,2,telephony,Northeast,1.0,5.841371553121888,last_week,6.0
2018-07-02,2018-07-16,3,telephony,Northeast,1.0,5.841371553121888,last_week,4.0
2018-07-02,2018-07-23,4,telephony,Northeast,1.0,5.841371553121888,last_week,17.0
2018-07-02,2018-07-02,1,telephony,South,8.0,5.128089049275305,last_week,9.0
2018-07-02,2018-07-09,2,telephony,South,8.0,5.128089049275305,last_week,12.0
2018-07-02,2018-07-16,3,telephony,South,8.0,5.128089049275305,last_week,10.0
2018-07-02,2018-07-23,4,telephony,South,8.0,5.128089049275305,last_week,6.0
2018-07-02,2018-07-02,1,telephony,Southeast,24.0,12.022501426098504,last_week,18.0
2018-07-02,2018-07-09,2,telephony,Southeast,24.0,12.022501426098504,last_week,12.0
2018-07-02,2018-07-16,3,telephony,Southeast,24.0,12.022501426098504,last_week,38.0
2018-07-02,2018-07-23,4,telephony,Southeast,24.0,12.022501426098504,last_week,36.0
2018-07-02,2018-07-02,1,watches_gifts,Central-West,11.0,3.04471185340588,last_week,5.0
2018-07-02,2018-07-09,2,watches_gifts,Central-West,11.0,3.04471185340588,last_week,8.0
2018-07-02,2018-07-16,3,watches_gifts,Central-West,11.0,3.04471185340588,last_week,8.0
2018-07-02,2018-07-23,4,watches_gifts,Central-West,11.0,3.04471185340588,last_week,10.0
2018-07-02,2018-07-02,1,watches_gifts,North,3.0,1.8121213490778656,last_week,2.0
2018-07-02,2018-07-09,2,watches_gifts,North,3.0,1.8121213490778656,last_week,4.0
2018-07-02,2018-07-16,3,watches_gifts,North,3.0,1.8121213490778656,last_week,3.0
2018-07-02,2018-07-23,4,watches_gifts,North,3.0,1.8121213490778656,last_week,5.0
2018-07-02,2018-07-02,1,watches_gifts,Northeast,7.0,5.0684503735549375,last_week,12.0
2018-07-02,2018-07-09,2,watches_gifts,Northeast,7.0,5.0684503735549375,last_week,28.0
2018-07-02,2018-07-16,3,watches_gifts,Northeast,7.0,5.0684503735549375,last_week,16.0
2018-07-02,2018-07-23,4,watches_gifts,Northeast,7.0,5.0684503735549375,last_week,21.0
2018-07-02,2018-07-02,1,watches_gifts,South,12.0,5.66640168961821,last_week,11.0
2018-07-02,2018-07-09,2,watches_gifts,South,12.0,5.66640168961821,last_week,16.0
2018-07-02,2018-07-16,3,watches_gifts,South,12.0,5.66640168961821,last_week,20.0
2018-07-02,2018-07-23,4,watches_gifts,South,12.0,5.66640168961821,last_week,11.0
2018-07-02,2018-07-02,1,watches_gifts,Southeast,74.0,17.722332834056612,last_week,56.0
2018-07-02,2018-07-09,2,watches_gifts,Southeast,74.0,17.722332834056612,last_week,65.0
2018-07-02,2018-07-16,3,watches_gifts,Southeast,74.0,17.722332834056612,last_week,98.0
2018-07-02,2018-07-23,4,watches_gifts,Southeast,74.0,17.722332834056612,last_week,69.0
2018-07-02,2018-07-02,1,auto,Central-West,4.75,3.5723695671534776,moving_average,0.0
2018-07-02,2018-07-09,2,auto,Central-West,3.9375,3.5723695671534776,moving_average,3.0
2018-07-02,2018-07-16,3,auto,Central-West,4.421875,3.5723695671534776,moving_average,7.0
2018-07-02,2018-07-23,4,auto,Central-West,4.52734375,3.5723695671534776,moving_average,7.0
2018-07-02,2018-07-02,1,auto,North,1.0,1.162839604565456,moving_average,2.0
2018-07-02,2018-07-09,2,auto,North,0.5,1.162839604565456,moving_average,2.0
2018-07-02,2018-07-16,3,auto,North,0.625,1.162839604565456,moving_average,5.0
2018-07-02,2018-07-23,4,auto,North,0.78125,1.162839604565456,moving_average,3.0
2018-07-02,2018-07-02,1,auto,Northeast,6.5,2.6513318937490284,moving_average,4.0
2018-07-02,2018-07-09,2,auto,Northeast,6.625,2.6513318937490284,moving_average,19.0
2018-07-02,2018-07-16,3,auto,Northeast,6.78125,2.6513318937490284,moving_average,12.0
2018-07-02,2018-07-23,4,auto,Northeast,6.2265625,2.6513318937490284,moving_average,10.0
2018-07-02,2018-07-02,1,auto,South,12.0,3.636224467545751,moving_average,9.0
2018-07-02,2018-07-09,2,auto,South,10.75,3.636224467545751,moving_average,12.0
2018-07-02,2018-07-16,3,auto,South,10.6875,3.636224467545751,moving_average,17.0
2018-07-02,2018-07-23,4,auto,South,10.609375,3.636224467545751,moving_average,12.0
2018-07-02,2018-07-02,1,auto,Southeast,46.0,13.071044179634079,moving_average,44.0
2018-07-02,2018-07-09,2,auto,Southeast,46.25,13.071044179634079,moving_average,19.0
2018-07-02,2018-07-16,3,auto,Southeast,48.0625,13.071044179634079,moving_average,55.0
2018-07-02,2018-07-23,4,auto,Southeast,47.578125,13.071044179634079,moving_average,65.0
2018-07-02,2018-07-02,1,bed_bath_table,Central-West,4.75,4.526666484230914,moving_average,9.0
2018-07-02,2018-07-09,2,bed_bath_table,Central-West,4.1875,4.526666484230914,moving_average,8.0
2018-07-02,2018-07-16,3,bed_bath_table,Central-West,4.734375,4.526666484230914,moving_average,11.0
2018-07-02,2018-07-23,4,bed_bath_table,Central-West,4.41796875,4.526666484230914,moving_average,10.0
2018-07-02,2018-07-02,1,bed_bath_table,North,0.25,1.1805003520037938,moving_average,3.0
2018-07-02,2018-07-09,2,bed_bath_table,North,0.3125,1.1805003520037938,moving_average,0.0
2018-07-02,2018-07-16,3,bed_bath_table,North,0.390625,1.1805003520037938,moving_average,1.0
2018-07-02,2018-07-23,4,bed_bath_table,North,0.23828125,1.1805003520037938,moving_average,2.0
2018-07-02,2018-07-02,1,bed_bath_table,Northeast,9.25,3.9601051037103083,moving_average,6.0
2018-07-02,2018-07-09,2,bed_bath_table,Northeast,10.0625,3.9601051037103083,moving_average,9.0
2018-07-02,2018-07-16,3,bed_bath_table,Northeast,10.078125,3.9601051037103083,moving_average,6.0
2018-07-02,2018-07-23,4,bed_bath_table,Northeast,12.09765625,3.9601051037103083,moving_average,6.0
2018-07-02,2018-07-02,1,bed_bath_table,South,20.75,7.469306563566697,moving_average,14.0
2018-07-02,2018-07-09,2,bed_bath_table,South,19.9375,7.469306563566697,moving_average,13.0
2018-07-02,2018-07-16,3,bed_bath_table,South,21.921875,7.469306563566697,moving_average,20.0
2018-07-02,2018-07-23,4,bed_bath_table,South,20.65234375,7.469306563566697,moving_average,16.0
2018-07-02,2018-07-02,1,bed_bath_table,Southeast,148.0,40.4471627308143,moving_average,96.0
2018-07-02,2018-07-09,2,bed_bath_table,Southeast,144.5,40.4471627308143,moving_average,50.0
2018-07-02,2018-07-16,3,bed_bath_table,Southeast,140.875,40.4471627308143,moving_average,144.0
2018-07-02,2018-07-23,4,bed_bath_table,Southeast,136.59375,40.4471627308143,moving_average,118.0
2018-07-02,2018-07-02,1,computers_accessories,Central-West,3.75,4.040859722546342,moving_average,3.0
2018-07-02,2018-07-09,2,computers_accessories,Central-West,4.4375,4.040859722546342,moving_average,1.0
2018-07-02,2018-07-16,3,computers_accessories,Central-West,4.296875,4.040859722546342,moving_average,8.0
2018-07-02,2018-07-23,4,computers_accessories,Central-West,3.62109375,4.040859722546342,moving_average,6.0
2018-07-02,2018-07-02,1,computers_accessories,North,1.5,1.9938672866459184,moving_average,0.0
2018-07-02,2018-07-09,2,computers_accessories,North,1.125,1.9938672866459184,moving_average,1.0
2018-07-02,2018-07-16,3,computers_accessories,North,0.65625,1.9938672866459184,moving_average,4.0
2018-07-02,2018-07-23,4,computers_accessories,North,0.8203125,1.9938672866459184,moving_average,6.0
2018-07-02,2018-07-02,1,computers_accessories,Northeast,10.75,5.047828674224624,moving_average,9.0
2018-07-02,2018-07-09,2,computers_accessories,Northeast,9.4375,5.047828674224624,moving_average,10.0
2018-07-02,2018-07-16,3,computers_accessories,Northeast,9.296875,5.047828674224624,moving_average,9.0
2018-07-02,2018-07-23,4,computers_accessories,Northeast,9.37109375,5.047828674224624,moving_average,9.0
2018-07-02,2018-07-02,1,computers_accessories,South,16.0,8.901962279881467,moving_average,11.0
2018-07-02,2018-07-09,2,computers_accessories,South,16.75,8.901962279881467,moving_average,16.0
2018-07-02,2018-07-16,3,computers_accessories,South,17.6875,8.901962279881467,moving_average,17.0
2018-07-02,2018-07-23,4,computers_accessories,South,17.359375,8.901962279881467,moving_average,15.0
2018-07-02,2018-07-02,1,computers_accessories,Southeast,69.0,27.60658093300963,moving_average,58.0
2018-07-02,2018-07-09,2,computers_accessories,Southeast,66.5,27.60658093300963,moving_average,38.0
2018-07-02,2018-07-16,3,computers_accessories,Southeast,70.625,27.60658093300963,moving_average,66.0
2018-07-02,2018-07-23,4,computers_accessories,Southeast,70.53125,27.60658093300963,moving_average,81.0
2018-07-02,2018-07-02,1,furniture_decor,Central-West,4.75,3.8258102833679986,moving_average,4.0
2018-07-02,2018-07-09,2,furniture_decor,Central-West,4.9375,3.8258102833679986,moving_average,2.0
2018-07-02,2018-07-16,3,furniture_decor,Central-West,4.171875,3.8258102833679986,moving_average,3.0
2018-07-02,2018-07-23,4,furniture_decor,Central-West,3.71484375,3.8258102833679986,moving_average,4.0
2018-07-02,2018-07-02,1,furniture_decor,North,1.75,1.7013011713614012,moving_average,1.0
2018-07-02,2018-07-09,2,furniture_decor,North,0.6875,1.7013011713614012,moving_average,1.0
2018-07-02,2018-07-16,3,furniture_decor,North,0.859375,1.7013011713614012,moving_average,3.0
2018-07-02,2018-07-23,4,furniture_decor,North,1.07421875,1.7013011713614012,moving_average,6.0
2018-07-02,2018-07-02,1,furniture_decor,Northeast,7.0,5.505218654370817,moving_average,5.0
2018-07-02,2018-07-09,2,furniture_decor,Northeast,8.25,5.505218654370817,moving_average,6.0
2018-07-02,2018-07-16,3,furniture_decor,Northeast,9.0625,5.505218654370817,moving_average,10.0
2018-07-02,2018-07-23,4,furniture_decor,Northeast,9.578125,5.505218654370817,moving_average,9.0
2018-07-02,2018-07-02,1,furniture_decor,South,19.75,9.544924008305374,moving_average,17.0
2018-07-02,2018-07-09,2,furniture_decor,South,20.4375,9.544924008305374,moving_average,8.0
2018-07-02,2018-07-16,3,furniture_decor,South,20.546875,9.544924008305374,moving_average,24.0
2018-07-02,2018-07-23,4,furniture_decor,South,20.18359375,9.544924008305374,moving_average,28.0
2018-07-02,2018-07-02,1,furniture_decor,Southeast,60.5,33.84458717551569,moving_average,63.0
2018-07-02,2018-07-09,2,furniture_decor,Southeast,65.875,33.84458717551569,moving_average,26.0
2018-07-02,2018-07-16,3,furniture_decor,Southeast,65.59375,33.84458717551569,moving_average,77.0
2018-07-02,2018-07-23,4,furniture_decor,Southeast,68.9921875,33.84458717551569,moving_average,84.0
2018-07-02,2018-07-02,1,garden_tools,Central-West,1.75,3.7731268844933488,moving_average,0.0
2018-07-02,2018-07-09,2,garden_tools,Central-West,1.6875,3.7731268844933488,moving_average,1.0
2018-07-02,2018-07-16,3,garden_tools,Central-West,1.859375,3.7731268844933488,moving_average,3.0
2018-07-02,2018-07-23,4,garden_tools,Central-West,2.32421875,3.7731268844933488,moving_average,1.0
2018-07-02,2018-07-02,1,garden_tools,North,1.25,1.2503377921964107,moving_average,0.0
2018-07-02,2018-07-09,2,garden_tools,North,1.3125,1.2503377921964107,moving_average,1.0
2018-07-02,2018-07-16,3,garden_tools,North,0.890625,1.2503377921964107,moving_average,1.0
2018-07-02,2018-07-23,4,garden_tools,North,1.11328125,1.2503377921964107,moving_average,0.0
2018-07-02,2018-07-02,1,garden_tools,Northeast,2.75,4.780220366966021,moving_average,4.0
2018-07-02,2018-07-09,2,garden_tools,Northeast,3.4375,4.780220366966021,moving_average,3.0
2018-07-02,2018-07-16,3,garden_tools,Northeast,3.296875,4.780220366966021,moving_average,5.0
2018-07-02,2018-07-23,4,garden_tools,Northeast,3.62109375,4.780220366966021,moving_average,6.0
2018-07-02,2018-07-02,1,garden_tools,South,6.25,5.538257604815552,moving_average,5.0
2018-07-02,2018-07-09,2,garden_tools,South,5.8125,5.538257604815552,moving_average,2.0
2018-07-02,2018-07-16,3,garden_tools,South,6.015625,5.538257604815552,moving_average,3.0
2018-07-02,2018-07-23,4,garden_tools,South,6.76953125,5.538257604815552,moving_average,6.0
2018-07-02,2018-07-02,1,garden_tools,Southeast,35.5,21.902463455177944,moving_average,27.0
2018-07-02,2018-07-09,2,garden_tools,Southeast,35.375,21.902463455177944,moving_average,16.0
2018-07-02,2018-07-16,3,garden_tools,Southeast,36.96875,21.902463455177944,moving_average,28.0
2018-07-02,2018-07-23,4,garden_tools,Southeast,39.9609375,21.902463455177944,moving_average,46.0
2018-07-02,2018-07-02,1,health_beauty,Central-West,11.25,4.392484367521291,moving_average,6.0
2018-07-02,2018-07-09,2,health_beauty,Central-West,10.5625,4.392484367521291,moving_average,15.0
2018-07-02,2018-07-16,3,health_beauty,Central-West,9.953125,4.392484367521291,moving_average,14.0
2018-07-02,2018-07-23,4,health_beauty,Central-West,9.94140625,4.392484367521291,moving_average,6.0
2018-07-02,2018-07-02,1,health_beauty,North,5.5,2.227742767430261,moving_average,5.0
2018-07-02,2018-07-09,2,health_beauty,North,4.875,2.227742767430261,moving_average,6.0
2018-07-02,2018-07-16,3,health_beauty,North,5.34375,2.227742767430261,moving_average,2.0
2018-07-02,2018-07-23,4,health_beauty,North,5.6796875,2.227742767430261,moving_average,6.0
2018-07-02,2018-07-02,1,health_beauty,Northeast,21.25,5.625563034884549,moving_average,20.0
2018-07-02,2018-07-09,2,health_beauty,Northeast,20.5625,5.625563034884549,moving_average,27.0
2018-07-02,2018-07-16,3,health_beauty,Northeast,20.203125,5.625563034884549,moving_average,29.0
2018-07-02,2018-07-23,4,health_beauty,Northeast,20.50390625,5.625563034884549,moving_average,22.0
2018-07-02,2018-07-02,1,health_beauty,South,20.5,6.899862905022687,moving_average,13.0
2018-07-02,2018-07-09,2,health_beauty,South,21.375,6.899862905022687,moving_average,15.0
2018-07-02,2018-07-16,3,health_beauty,South,22.21875,6.899862905022687,moving_average,22.0
2018-07-02,2018-07-23,4,health_beauty,South,22.0234375,6.899862905022687,moving_average,18.0
2018-07-02,2018-07-02,1,health_beauty,Southeast,150.75,25.99957769927313,moving_average,138.0
2018-07-02,2018-07-09,2,health_beauty,Southeast,154.9375,25.99957769927313,moving_average,82.0
2018-07-02,2018-07-16,3,health_beauty,Southeast,151.921875,25.99957769927313,moving_average,153.0
2018-07-02,2018-07-23,4,health_beauty,Southeast,147.15234375,25.99957769927313,moving_average,118.0
2018-07-02,2018-07-02,1,housewares,Central-West,9.0,3.2279658476374116,moving_average,4.0
2018-07-02,2018-07-09,2,housewares,Central-West,8.75,3.2279658476374116,moving_average,12.0
2018-07-02,2018-07-16,3,housewares,Central-West,8.9375,3.2279658476374116,moving_average,11.0
2018-07-02,2018-07-23,4,housewares,Central-West,8.921875,3.2279658476374116,moving_average,20.0
2018-07-02,2018-07-02,1,housewares,North,2.0,1.2661123727934027,moving_average,1.0
2018-07-02,2018-07-09,2,housewares,North,2.5,1.2661123727934027,moving_average,0.0
2018-07-02,2018-07-16,3,housewares,North,2.375,1.2661123727934027,moving_average,1.0
2018-07-02,2018-07-23,4,housewares,North,2.46875,1.2661123727934027,moving_average,0.0
2018-07-02,2018-07-02,1,housewares,Northeast,8.25,3.502412296102772,moving_average,7.0
2018-07-02,2018-07-09,2,housewares,Northeast,9.3125,3.502412296102772,moving_average,5.0
2018-07-02,2018-07-16,3,housewares,Northeast,10.390625,3.502412296102772,moving_average,5.0
2018-07-02,2018-07-23,4,housewares,Northeast,11.48828125,3.502412296102772,moving_average,6.0
2018-07-02,2018-07-02,1,housewares,South,18.75,5.547324044442875,moving_average,17.0
2018-07-02,2018-07-09,2,housewares,South,16.9375,5.547324044442875,moving_average,10.0
2018-07-02,2018-07-16,3,housewares,South,16.671875,5.547324044442875,moving_average,31.0
2018-07-02,2018-07-23,4,housewares,South,17.83984375,5.547324044442875,moving_average,26.0
2018-07-02,2018-07-02,1,housewares,Southeast,98.75,19.495581620015923,moving_average,82.0
2018-07-02,2018-07-09,2,housewares,Southeast,91.9375,19.495581620015923,moving_average,43.0
2018-07-02,2018-07-16,3,housewares,Southeast,90.921875,19.495581620015923,moving_average,82.0
2018-07-02,2018-07-23,4,housewares,Southeast,92.40234375,19.495581620015923,moving_average,117.0
2018-07-02,2018-07-02,1,sports_leisure,Central-West,7.0,3.9388269964683786,moving_average,7.0
2018-07-02,2018-07-09,2,sports_leisure,Central-West,6.75,3.9388269964683786,moving_average,4.0
2018-07-02,2018-07-16,3,sports_leisure,Central-West,7.6875,3.9388269964683786,moving_average,5.0
2018-07-02,2018-07-23,4,sports_leisure,Central-West,6.859375,3.9388269964683786,moving_average,11.0
2018-07-02,2018-07-02,1,sports_leisure,North,2.5,1.9454121358669423,moving_average,1.0
2018-07-02,2018-07-09,2,sports_leisure,North,1.875,1.9454121358669423,moving_average,2.0
2018-07-02,2018-07-16,3,sports_leisure,North,1.59375,1.9454121358669423,moving_average,3.0
2018-07-02,2018-07-23,4,sports_leisure,North,1.4921875,1.9454121358669423,moving_average,6.0
2018-07-02,2018-07-02,1,sports_leisure,Northeast,8.75,4.48279368130959,moving_average,10.0
2018-07-02,2018-07-09,2,sports_leisure,Northeast,8.6875,4.48279368130959,moving_average,10.0
2018-07-02,2018-07-16,3,sports_leisure,Northeast,8.109375,4.48279368130959,moving_average,18.0
2018-07-02,2018-07-23,4,sports_leisure,Northeast,7.63671875,4.48279368130959,moving_average,7.0
2018-07-02,2018-07-02,1,sports_leisure,South,11.75,6.878162663213311,moving_average,18.0
2018-07-02,2018-07-09,2,sports_leisure,South,12.9375,6.878162663213311,moving_average,6.0
2018-07-02,2018-07-16,3,sports_leisure,South,12.421875,6.878162663213311,moving_average,16.0
2018-07-02,2018-07-23,4,sports_leisure,South,12.52734375,6.878162663213311,moving_average,21.0
2018-07-02,2018-07-02,1,sports_leisure,Southeast,69.75,21.45641008612074,moving_average,78.0
2018-07-02,2018-07-09,2,sports_leisure,Southeast,74.9375,21.45641008612074,moving_average,38.0
2018-07-02,2018-07-16,3,sports_leisure,Southeast,73.671875,21.45641008612074,moving_average,64.0
2018-07-02,2018-07-23,4,sports_leisure,Southeast,74.08984375,21.45641008612074,moving_average,88.0
2018-07-02,2018-07-02,1,telephony,Central-West,6.5,3.0498393843398164,moving_average,1.0
2018-07-02,2018-07-09,2,telephony,Central-West,7.875,3.0498393843398164,moving_average,1.0
2018-07-02,2018-07-16,3,telephony,Central-West,8.84375,3.0498393843398164,moving_average,7.0
2018-07-02,2018-07-23,4,telephony,Central-West,6.8046875,3.0498393843398164,moving_average,4.0
2018-07-02,2018-07-02,1,telephony,North,1.0,1.9802658161728446,moving_average,0.0
2018-07-02,2018-07-09,2,telephony,North,0.5,1.9802658161728446,moving_average,1.0
2018-07-02,2018-07-16,3,telephony,North,0.625,1.9802658161728446,moving_average,3.0
2018-07-02,2018-07-23,4,telephony,North,0.78125,1.9802658161728446,moving_average,0.0
2018-07-02,2018-07-02,1,telephony,Northeast,5.75,5.056605260128257,moving_average,7.0
2018-07-02,2018-07-09,2,telephony,Northeast,5.4375,5.056605260128257,moving_average,6.0
2018-07-02,2018-07-16,3,telephony,Northeast,4.796875,5.056605260128257,moving_average,4.0
2018-07-02,2018-07-23,4,telephony,Northeast,4.24609375,5.056605260128257,moving_average,17.0
2018-07-02,2018-07-02,1,telephony,South,7.75,4.632435586110125,moving_average,9.0
2018-07-02,2018-07-09,2,telephony,South,7.9375,4.632435586110125,moving_average,12.0
2018-07-02,2018-07-16,3,telephony,South,8.171875,4.632435586110125,moving_average,10.0
2018-07-02,2018-07-23,4,telephony,South,7.96484375,4.632435586110125,moving_average,6.0
2018-07-02,2018-07-02,1,telephony,Southeast,30.0,12.091361110872239,moving_average,18.0
2018-07-02,2018-07-09,2,telephony,Southeast,30.75,12.091361110872239,moving_average,12.0
2018-07-02,2018-07-16,3,telephony,Southeast,27.6875,12.091361110872239,moving_average,38.0
2018-07-02,2018-07-23,4,telephony,Southeast,28.109375,12.091361110872239,moving_average,36.0
2018-07-02,2018-07-02,1,watches_gifts,Central-West,8.0,2.7698912067619728,moving_average,5.0
2018-07-02,2018-07-09,2,watches_gifts,Central-West,8.75,2.7698912067619728,moving_average,8.0
2018-07-02,2018-07-16,3,watches_gifts,Central-West,8.6875,2.7698912067619728,moving_average,8.0
2018-07-02,2018-07-23,4,watches_gifts,Central-West,9.109375,2.7698912067619728,moving_average,10.0
2018-07-02,2018-07-02,1,watches_gifts,North,2.25,1.4687050740685126,moving_average,2.0
2018-07-02,2018-07-09,2,watches_gifts,North,2.5625,1.4687050740685126,moving_average,4.0
2018-07-02,2018-07-16,3,watches_gifts,North,2.453125,1.4687050740685126,moving_average,3.0
2018-07-02,2018-07-23,4,watches_gifts,North,2.56640625,1.4687050740685126,moving_average,5.0
2018-07-02,2018-07-02,1,watches_gifts,Northeast,13.75,4.968311747628325,moving_average,12.0
2018-07-02,2018-07-09,2,watches_gifts,Northeast,13.9375,4.968311747628325,moving_average,28.0
2018-07-02,2018-07-16,3,watches_gifts,Northeast,12.921875,4.968311747628325,moving_average,16.0
2018-07-02,2018-07-23,4,watches_gifts,Northeast,11.90234375,4.968311747628325,moving_average,21.0
2018-07-02,2018-07-02,1,watches_gifts,South,12.0,5.100427247604666,moving_average,11.0
2018-07-02,2018-07-09,2,watches_gifts,South,12.75,5.100427247604666,moving_average,16.0
2018-07-02,2018-07-16,3,watches_gifts,South,12.1875,5.100427247604666,moving_average,20.0
2018-07-02,2018-07-23,4,watches_gifts,South,12.234375,5.100427247604666,moving_average,11.0
2018-07-02,2018-07-02,1,watches_gifts,Southeast,76.75,22.366495817072803,moving_average,56.0
2018-07-02,2018-07-09,2,watches_gifts,Southeast,80.1875,22.366495817072803,moving_average,65.0
2018-07-02,2018-07-16,3,watches_gifts,Southeast,77.484375,22.366495817072803,moving_average,98.0
2018-07-02,2018-07-23,4,watches_gifts,Southeast,77.10546875,22.366495817072803,moving_average,69.0
2018-07-02,2018-07-02,1,auto,Central-West,3.3423401180466366,3.794288845961768,ridge,0.0
2018-07-02,2018-07-09,2,auto,Central-West,2.7705557218507675,3.794288845961768,ridge,3.0
2018-07-02,2018-07-16,3,auto,Central-West,2.1347299952056806,3.794288845961768,ridge,7.0
2018-07-02,2018-07-23,4,auto,Central-West,2.027224618047998,3.794288845961768,ridge,7.0
2018-07-02,2018-07-02,1,auto,North,0.0,1.5441268466436922,ridge,2.0
2018-07-02,2018-07-09,2,auto,North,0.0,1.5441268466436922,ridge,2.0
2018-07-02,2018-07-16,3,auto,North,0.0,1.5441268466436922,ridge,5.0
2018-07-02,2018-07-23,4,auto,North,0.0,1.5441268466436922,ridge,3.0
2018-07-02,2018-07-02,1,auto,Northeast,4.447495936811983,2.8018876035736326,ridge,4.0
2018-07-02,2018-07-09,2,auto,Northeast,3.870425063584549,2.8018876035736326,ridge,19.0
2018-07-02,2018-07-16,3,auto,Northeast,3.6391592349187114,2.8018876035736326,ridge,12.0
2018-07-02,2018-07-23,4,auto,Northeast,3.968610785312041,2.8018876035736326,ridge,10.0
2018-07-02,2018-07-02,1,auto,South,8.601091421027725,3.7979866464818453,ridge,9.0
2018-07-02,2018-07-09,2,auto,South,8.560234216326489,3.7979866464818453,ridge,12.0
2018-07-02,2018-07-16,3,auto,South,8.124155127444464,3.7979866464818453,ridge,17.0
2018-07-02,2018-07-23,4,auto,South,8.368218806814953,3.7979866464818453,ridge,12.0
2018-07-02,2018-07-02,1,auto,Southeast,50.30411009762949,11.585935151710178,ridge,44.0
2018-07-02,2018-07-09,2,auto,Southeast,49.91369111709686,11.585935151710178,ridge,19.0
2018-07-02,2018-07-16,3,auto,Southeast,47.26570584126945,11.585935151710178,ridge,55.0
2018-07-02,2018-07-23,4,auto,Southeast,47.06149694329079,11.585935151710178,ridge,65.0
2018-07-02,2018-07-02,1,bed_bath_table,Central-West,5.4408141250743824,4.676913117279922,ridge,9.0
2018-07-02,2018-07-09,2,bed_bath_table,Central-West,6.289672164012187,4.676913117279922,ridge,8.0
2018-07-02,2018-07-16,3,bed_bath_table,Central-West,6.571446554687038,4.676913117279922,ridge,11.0
2018-07-02,2018-07-23,4,bed_bath_table,Central-West,6.981781674451964,4.676913117279922,ridge,10.0
2018-07-02,2018-07-02,1,bed_bath_table,North,1.143477523223119,2.0792703313077396,ridge,3.0
2018-07-02,2018-07-09,2,bed_bath_table,North,1.7856009105379806,2.0792703313077396,ridge,0.0
2018-07-02,2018-07-16,3,bed_bath_table,North,2.2273610090854046,2.0792703313077396,ridge,1.0
2018-07-02,2018-07-23,4,bed_bath_table,North,2.57814455566991,2.0792703313077396,ridge,2.0
2018-07-02,2018-07-02,1,bed_bath_table,Northeast,14.226562641627135,4.235812641935776,ridge,6.0
2018-07-02,2018-07-09,2,bed_bath_table,Northeast,12.32199633927448,4.235812641935776,ridge,9.0
2018-07-02,2018-07-16,3,bed_bath_table,Northeast,11.725893036726664,4.235812641935776,ridge,6.0
2018-07-02,2018-07-23,4,bed_bath_table,Northeast,11.338469405576362,4.235812641935776,ridge,6.0
2018-07-02,2018-07-02,1,bed_bath_table,South,20.114334486531913,7.295444682802388,ridge,14.0
2018-07-02,2018-07-09,2,bed_bath_table,South,20.43369537818055,7.295444682802388,ridge,13.0
2018-07-02,2018-07-16,3,bed_bath_table,South,19.717591821932977,7.295444682802388,ridge,20.0
2018-07-02,2018-07-23,4,bed_bath_table,South,20.159986916571874,7.295444682802388,ridge,16.0
2018-07-02,2018-07-02,1,bed_bath_table,Southeast,120.23136921121252,36.68733642002689,ridge,96.0
2018-07-02,2018-07-09,2,bed_bath_table,Southeast,124.67938140724993,36.68733642002689,ridge,50.0
2018-07-02,2018-07-16,3,bed_bath_table,Southeast,122.8420817382836,36.68733642002689,ridge,144.0
2018-07-02,2018-07-23,4,bed_bath_table,Southeast,124.4962930574677,36.68733642002689,ridge,118.0
2018-07-02,2018-07-02,1,computers_accessories,Central-West,3.733160796347865,4.0598273298142775,ridge,3.0
2018-07-02,2018-07-09,2,computers_accessories,Central-West,3.5729010529450713,4.0598273298142775,ridge,1.0
2018-07-02,2018-07-16,3,computers_accessories,Central-West,3.497852722755418,4.0598273298142775,ridge,8.0
2018-07-02,2018-07-23,4,computers_accessories,Central-West,3.6502059867940995,4.0598273298142775,ridge,6.0
2018-07-02,2018-07-02,1,computers_accessories,North,0.5138175114402728,2.201019136474842,ridge,0.0
2018-07-02,2018-07-09,2,computers_accessories,North,0.6857078768071645,2.201019136474842,ridge,1.0
2018-07-02,2018-07-16,3,computers_accessories,North,0.7641418986470399,2.201019136474842,ridge,4.0
2018-07-02,2018-07-23,4,computers_accessories,North,0.8335231424020311,2.201019136474842,ridge,6.0
2018-07-02,2018-07-02,1,computers_accessories,Northeast,8.940714113187653,5.343758222957933,ridge,9.0
2018-07-02,2018-07-09,2,computers_accessories,Northeast,9.420480014723413,5.343758222957933,ridge,10.0
2018-07-02,2018-07-16,3,computers_accessories,Northeast,9.569931293091617,5.343758222957933,ridge,9.0
2018-07-02,2018-07-23,4,computers_accessories,Northeast,9.576554293305794,5.343758222957933,ridge,9.0
2018-07-02,2018-07-02,1,computers_accessories,South,16.39706968607482,8.088798860189087,ridge,11.0
2018-07-02,2018-07-09,2,computers_accessories,South,14.75818131839683,8.088798860189087,ridge,16.0
2018-07-02,2018-07-16,3,computers_accessories,South,13.949460961455777,8.088798860189087,ridge,17.0
2018-07-02,2018-07-23,4,computers_accessories,South,13.695262072855412,8.088798860189087,ridge,15.0
2018-07-02,2018-07-02,1,computers_accessories,Southeast,71.93498463139007,25.39654069302366,ridge,58.0
2018-07-02,2018-07-09,2,computers_accessories,Southeast,70.5601995288818,25.39654069302366,ridge,38.0
2018-07-02,2018-07-16,3,computers_accessories,Southeast,66.53161162135468,25.39654069302366,ridge,66.0
2018-07-02,2018-07-23,4,computers_accessories,Southeast,65.78273226833718,25.39654069302366,ridge,81.0
2018-07-02,2018-07-02,1,furniture_decor,Central-West,3.965009186543492,3.939621387366177,ridge,4.0
2018-07-02,2018-07-09,2,furniture_decor,Central-West,4.908294501855398,3.939621387366177,ridge,2.0
2018-07-02,2018-07-16,3,furniture_decor,Central-West,4.930522814645978,3.939621387366177,ridge,3.0
2018-07-02,2018-07-23,4,furniture_decor,Central-West,4.962567797955201,3.939621387366177,ridge,4.0
2018-07-02,2018-07-02,1,furniture_decor,North,0.8121033451474542,1.9673654051843434,ridge,1.0
2018-07-02,2018-07-09,2,furniture_decor,North,0.9847905118944382,1.9673654051843434,ridge,1.0
2018-07-02,2018-07-16,3,furniture_decor,North,0.8015381133751802,1.9673654051843434,ridge,3.0
2018-07-02,2018-07-23,4,furniture_decor,North,0.7221497390771567,1.9673654051843434,ridge,6.0
2018-07-02,2018-07-02,1,furniture_decor,Northeast,10.911856785725785,5.184525073521956,ridge,5.0
2018-07-02,2018-07-09,2,furniture_decor,Northeast,8.677383293902313,5.184525073521956,ridge,6.0
2018-07-02,2018-07-16,3,furniture_decor,Northeast,7.711769511145894,5.184525073521956,ridge,10.0
2018-07-02,2018-07-23,4,furniture_decor,Northeast,7.4253324118832955,5.184525073521956,ridge,9.0
2018-07-02,2018-07-02,1,furniture_decor,South,19.04632202226376,8.808238903904444,ridge,17.0
2018-07-02,2018-07-09,2,furniture_decor,South,18.473786471460272,8.808238903904444,ridge,8.0
2018-07-02,2018-07-16,3,furniture_decor,South,16.534100551472232,8.808238903904444,ridge,24.0
2018-07-02,2018-07-23,4,furniture_decor,South,16.6577430319779,8.808238903904444,ridge,28.0
2018-07-02,2018-07-02,1,furniture_decor,Southeast,81.63065040140273,27.40457400332026,ridge,63.0
2018-07-02,2018-07-09,2,furniture_decor,Southeast,76.81100735000665,27.40457400332026,ridge,26.0
2018-07-02,2018-07-16,3,furniture_decor,Southeast,71.70536175070056,27.40457400332026,ridge,77.0
2018-07-02,2018-07-23,4,furniture_decor,Southeast,68.49019588933173,27.40457400332026,ridge,84.0
2018-07-02,2018-07-02,1,garden_tools,Central-West,2.1289380503564033,3.306208319397195,ridge,0.0
2018-07-02,2018-07-09,2,garden_tools,Central-West,1.2500368274882279,3.306208319397195,ridge,1.0
2018-07-02,2018-07-16,3,garden_tools,Central-West,0.5448538314506868,3.306208319397195,ridge,3.0
2018-07-02,2018-07-23,4,garden_tools,Central-West,0.1244782128804367,3.306208319397195,ridge,1.0
2018-07-02,2018-07-02,1,garden_tools,North,0.0,1.7149010324719427,ridge,0.0
2018-07-02,2018-07-09,2,garden_tools,North,0.0,1.7149010324719427,ridge,1.0
2018-07-02,2018-07-16,3,garden_tools,North,0.0,1.7149010324719427,ridge,1.0
2018-07-02,2018-07-23,4,garden_tools,North,0.0,1.7149010324719427,ridge,0.0
2018-07-02,2018-07-02,1,garden_tools,Northeast,3.365259664721771,5.197647394941648,ridge,4.0
2018-07-02,2018-07-09,2,garden_tools,Northeast,2.4044598829307677,5.197647394941648,ridge,3.0
2018-07-02,2018-07-16,3,garden_tools,Northeast,2.1908339712856986,5.197647394941648,ridge,5.0
2018-07-02,2018-07-23,4,garden_tools,Northeast,2.1626412532984887,5.197647394941648,ridge,6.0
2018-07-02,2018-07-02,1,garden_tools,South,7.5354850867265,5.172945751844357,ridge,5.0
2018-07-02,2018-07-09,2,garden_tools,South,7.014405365795467,5.172945751844357,ridge,2.0
2018-07-02,2018-07-16,3,garden_tools,South,6.638011506651568,5.172945751844357,ridge,3.0
2018-07-02,2018-07-23,4,garden_tools,South,5.821165348572323,5.172945751844357,ridge,6.0
2018-07-02,2018-07-02,1,garden_tools,Southeast,47.551608640400815,21.80132142929661,ridge,27.0
2018-07-02,2018-07-09,2,garden_tools,Southeast,46.04987669823231,21.80132142929661,ridge,16.0
2018-07-02,2018-07-16,3,garden_tools,Southeast,43.37072395664821,21.80132142929661,ridge,28.0
2018-07-02,2018-07-23,4,garden_tools,Southeast,41.843960955633264,21.80132142929661,ridge,46.0
2018-07-02,2018-07-02,1,health_beauty,Central-West,9.082216813296556,4.280189223403042,ridge,6.0
2018-07-02,2018-07-09,2,health_beauty,Central-West,8.89423449596406,4.280189223403042,ridge,15.0
2018-07-02,2018-07-16,3,health_beauty,Central-West,9.140251596252508,4.280189223403042,ridge,14.0
2018-07-02,2018-07-23,4,health_beauty,Central-West,9.741784465315495,4.280189223403042,ridge,6.0
2018-07-02,2018-07-02,1,health_beauty,North,4.968656280161925,2.430468641484183,ridge,5.0
2018-07-02,2018-07-09,2,health_beauty,North,4.575206955512289,2.430468641484183,ridge,6.0
2018-07-02,2018-07-16,3,health_beauty,North,4.5416791915838495,2.430468641484183,ridge,2.0
2018-07-02,2018-07-23,4,health_beauty,North,4.724549184011243,2.430468641484183,ridge,6.0
2018-07-02,2018-07-02,1,health_beauty,Northeast,18.610386463719298,5.010355337884847,ridge,20.0
2018-07-02,2018-07-09,2,health_beauty,Northeast,17.061531138602046,5.010355337884847,ridge,27.0
2018-07-02,2018-07-16,3,health_beauty,Northeast,17.00578151503054,5.010355337884847,ridge,29.0
2018-07-02,2018-07-23,4,health_beauty,Northeast,17.719565388751338,5.010355337884847,ridge,22.0
2018-07-02,2018-07-02,1,health_beauty,South,20.872823490792822,5.725055127871121,ridge,13.0
2018-07-02,2018-07-09,2,health_beauty,South,18.368646168556495,5.725055127871121,ridge,15.0
2018-07-02,2018-07-16,3,health_beauty,South,17.638457041712737,5.725055127871121,ridge,22.0
2018-07-02,2018-07-23,4,health_beauty,South,18.12004274881322,5.725055127871121,ridge,18.0
2018-07-02,2018-07-02,1,health_beauty,Southeast,126.6690088770986,20.275097541496805,ridge,138.0
2018-07-02,2018-07-09,2,health_beauty,Southeast,121.14395500459287,20.275097541496805,ridge,82.0
2018-07-02,2018-07-16,3,health_beauty,Southeast,116.48605492870979,20.275097541496805,ridge,153.0
2018-07-02,2018-07-23,4,health_beauty,Southeast,118.49106074387204,20.275097541496805,ridge,118.0
2018-07-02,2018-07-02,1,housewares,Central-West,7.308270699060227,3.0869161381202206,ridge,4.0
2018-07-02,2018-07-09,2,housewares,Central-West,6.300765356726512,3.0869161381202206,ridge,12.0
2018-07-02,2018-07-16,3,housewares,Central-West,5.94805013441707,3.0869161381202206,ridge,11.0
2018-07-02,2018-07-23,4,housewares,Central-West,6.324150997798496,3.0869161381202206,ridge,20.0
2018-07-02,2018-07-02,1,housewares,North,1.8570513372678104,1.5494141947736808,ridge,1.0
2018-07-02,2018-07-09,2,housewares,North,1.2199259806936027,1.5494141947736808,ridge,0.0
2018-07-02,2018-07-16,3,housewares,North,1.1226242773452473,1.5494141947736808,ridge,1.0
2018-07-02,2018-07-23,4,housewares,North,1.141130603630149,1.5494141947736808,ridge,0.0
2018-07-02,2018-07-02,1,housewares,Northeast,12.773137109406088,3.4140733133146255,ridge,7.0
2018-07-02,2018-07-09,2,housewares,Northeast,10.862229897208023,3.4140733133146255,ridge,5.0
2018-07-02,2018-07-16,3,housewares,Northeast,9.238898849746356,3.4140733133146255,ridge,5.0
2018-07-02,2018-07-23,4,housewares,Northeast,8.531174624079515,3.4140733133146255,ridge,6.0
2018-07-02,2018-07-02,1,housewares,South,18.193973131366597,5.909269028308583,ridge,17.0
2018-07-02,2018-07-09,2,housewares,South,17.68892971618474,5.909269028308583,ridge,10.0
2018-07-02,2018-07-16,3,housewares,South,16.655825071526074,5.909269028308583,ridge,31.0
2018-07-02,2018-07-23,4,housewares,South,16.41414817149879,5.909269028308583,ridge,26.0
2018-07-02,2018-07-02,1,housewares,Southeast,92.29548306219512,17.738454380084672,ridge,82.0
2018-07-02,2018-07-09,2,housewares,Southeast,93.56978507451004,17.738454380084672,ridge,43.0
2018-07-02,2018-07-16,3,housewares,Southeast,91.54406718738541,17.738454380084672,ridge,82.0
2018-07-02,2018-07-23,4,housewares,Southeast,92.61648347092151,17.738454380084672,ridge,117.0
2018-07-02,2018-07-02,1,sports_leisure,Central-West,5.909154218421849,4.000366344096807,ridge,7.0
2018-07-02,2018-07-09,2,sports_leisure,Central-West,6.280960434211391,4.000366344096807,ridge,4.0
2018-07-02,2018-07-16,3,sports_leisure,Central-West,6.02206185117698,4.000366344096807,ridge,5.0
2018-07-02,2018-07-23,4,sports_leisure,Central-West,6.2525257076907605,4.000366344096807,ridge,11.0
2018-07-02,2018-07-02,1,sports_leisure,North,0.6303295038871504,2.0637055659373824,ridge,1.0
2018-07-02,2018-07-09,2,sports_leisure,North,0.9649893096785487,2.0637055659373824,ridge,2.0
2018-07-02,2018-07-16,3,sports_leisure,North,1.2958835537535478,2.0637055659373824,ridge,3.0
2018-07-02,2018-07-23,4,sports_leisure,North,1.7216845654070703,2.0637055659373824,ridge,6.0
2018-07-02,2018-07-02,1,sports_leisure,Northeast,6.052574010611514,4.013525065164087,ridge,10.0
2018-07-02,2018-07-09,2,sports_leisure,Northeast,6.307235880286337,4.013525065164087,ridge,10.0
2018-07-02,2018-07-16,3,sports_leisure,Northeast,6.696416914489697,4.013525065164087,ridge,18.0
2018-07-02,2018-07-23,4,sports_leisure,Northeast,7.390729412633377,4.013525065164087,ridge,7.0
2018-07-02,2018-07-02,1,sports_leisure,South,13.967499945119286,6.6813294177762845,ridge,18.0
2018-07-02,2018-07-09,2,sports_leisure,South,13.261264903948792,6.6813294177762845,ridge,6.0
2018-07-02,2018-07-16,3,sports_leisure,South,12.731858514687932,6.6813294177762845,ridge,16.0
2018-07-02,2018-07-23,4,sports_leisure,South,13.2211745278673,6.6813294177762845,ridge,21.0
2018-07-02,2018-07-02,1,sports_leisure,Southeast,76.89359629049258,17.49453775949042,ridge,78.0
2018-07-02,2018-07-09,2,sports_leisure,Southeast,73.5188040700196,17.49453775949042,ridge,38.0
2018-07-02,2018-07-16,3,sports_leisure,Southeast,69.36882172147551,17.49453775949042,ridge,64.0
2018-07-02,2018-07-23,4,sports_leisure,Southeast,69.03166868134747,17.49453775949042,ridge,88.0
2018-07-02,2018-07-02,1,telephony,Central-West,2.99181722492731,3.233885467611413,ridge,1.0
2018-07-02,2018-07-09,2,telephony,Central-West,2.161495032821673,3.233885467611413,ridge,1.0
2018-07-02,2018-07-16,3,telephony,Central-West,1.6648511845250544,3.233885467611413,ridge,7.0
2018-07-02,2018-07-23,4,telephony,Central-West,2.029193694529976,3.233885467611413,ridge,4.0
2018-07-02,2018-07-02,1,telephony,North,0.0,2.0976082207470044,ridge,0.0
2018-07-02,2018-07-09,2,telephony,North,0.0,2.0976082207470044,ridge,1.0
2018-07-02,2018-07-16,3,telephony,North,0.0,2.0976082207470044,ridge,3.0
2018-07-02,2018-07-23,4,telephony,North,0.0,2.0976082207470044,ridge,0.0
2018-07-02,2018-07-02,1,telephony,Northeast,3.3685577393259383,4.873784335411331,ridge,7.0
2018-07-02,2018-07-09,2,telephony,Northeast,3.5782700014588045,4.873784335411331,ridge,6.0
2018-07-02,2018-07-16,3,telephony,Northeast,3.350935076728235,4.873784335411331,ridge,4.0
2018-07-02,2018-07-23,4,telephony,Northeast,3.795708831156034,4.873784335411331,ridge,17.0
2018-07-02,2018-07-02,1,telephony,South,7.041280652632138,4.267194315676534,ridge,9.0
2018-07-02,2018-07-09,2,telephony,South,6.73767249164445,4.267194315676534,ridge,12.0
2018-07-02,2018-07-16,3,telephony,South,6.5105299839063395,4.267194315676534,ridge,10.0
2018-07-02,2018-07-23,4,telephony,South,6.523898977180644,4.267194315676534,ridge,6.0
2018-07-02,2018-07-02,1,telephony,Southeast,32.04375119440125,11.172285621068259,ridge,18.0
2018-07-02,2018-07-09,2,telephony,Southeast,34.225846494995395,11.172285621068259,ridge,12.0
2018-07-02,2018-07-16,3,telephony,Southeast,35.15468551004771,11.172285621068259,ridge,38.0
2018-07-02,2018-07-23,4,telephony,Southeast,35.97605806972187,11.172285621068259,ridge,36.0
2018-07-02,2018-07-02,1,watches_gifts,Central-West,8.430721594703334,2.7515647542890367,ridge,5.0
2018-07-02,2018-07-09,2,watches_gifts,Central-West,6.780752974943872,2.7515647542890367,ridge,8.0
2018-07-02,2018-07-16,3,watches_gifts,Central-West,6.218480848494539,2.7515647542890367,ridge,8.0
2018-07-02,2018-07-23,4,watches_gifts,Central-West,6.193084311802992,2.7515647542890367,ridge,10.0
2018-07-02,2018-07-02,1,watches_gifts,North,1.77151158347068,1.6096175419079202,ridge,2.0
2018-07-02,2018-07-09,2,watches_gifts,North,0.9909194603317442,1.6096175419079202,ridge,4.0
2018-07-02,2018-07-16,3,watches_gifts,North,0.7185813874229421,1.6096175419079202,ridge,3.0
2018-07-02,2018-07-23,4,watches_gifts,North,0.7136050321191902,1.6096175419079202,ridge,5.0
2018-07-02,2018-07-02,1,watches_gifts,Northeast,10.536874775883305,4.565824585094308,ridge,12.0
2018-07-02,2018-07-09,2,watches_gifts,Northeast,10.648681024502542,4.565824585094308,ridge,28.0
2018-07-02,2018-07-16,3,watches_gifts,Northeast,10.319839296072633,4.565824585094308,ridge,16.0
2018-07-02,2018-07-23,4,watches_gifts,Northeast,10.868141621470315,4.565824585094308,ridge,21.0
2018-07-02,2018-07-02,1,watches_gifts,South,11.419488412877858,4.760278137177343,ridge,11.0
2018-07-02,2018-07-09,2,watches_gifts,South,10.110402649584177,4.760278137177343,ridge,16.0
2018-07-02,2018-07-16,3,watches_gifts,South,9.771994368145357,4.760278137177343,ridge,20.0
2018-07-02,2018-07-23,4,watches_gifts,South,9.98333024685693,4.760278137177343,ridge,11.0
2018-07-02,2018-07-02,1,watches_gifts,Southeast,79.62895679108514,16.858303220192468,ridge,56.0
2018-07-02,2018-07-09,2,watches_gifts,Southeast,75.39894329202501,16.858303220192468,ridge,65.0
2018-07-02,2018-07-16,3,watches_gifts,Southeast,72.65210751916447,16.858303220192468,ridge,98.0
2018-07-02,2018-07-23,4,watches_gifts,Southeast,73.55548331153592,16.858303220192468,ridge,69.0
2018-07-09,2018-07-09,1,auto,Central-West,0.0,4.51811169996198,last_week,3.0
2018-07-09,2018-07-16,2,auto,Central-West,0.0,4.51811169996198,last_week,7.0
2018-07-09,2018-07-23,3,auto,Central-West,0.0,4.51811169996198,last_week,7.0
2018-07-09,2018-07-30,4,auto,Central-West,0.0,4.51811169996198,last_week,4.0
2018-07-09,2018-07-09,1,auto,North,2.0,1.4877275736280933,last_week,2.0
2018-07-09,2018-07-16,2,auto,North,2.0,1.4877275736280933,last_week,5.0
2018-07-09,2018-07-23,3,auto,North,2.0,1.4877275736280933,last_week,3.0
2018-07-09,2018-07-30,4,auto,North,2.0,1.4877275736280933,last_week,1.0
2018-07-09,2018-07-09,1,auto,Northeast,4.0,3.3286633954186478,last_week,19.0
2018-07-09,2018-07-16,2,auto,Northeast,4.0,3.3286633954186478,last_week,12.0
2018-07-09,2018-07-23,3,auto,Northeast,4.0,3.3286633954186478,last_week,10.0
2018-07-09,2018-07-30,4,auto,Northeast,4.0,3.3286633954186478,last_week,12.0
2018-07-09,2018-07-09,1,auto,South,9.0,4.5269562990306556,last_week,12.0
2018-07-09,2018-07-16,2,auto,South,9.0,4.5269562990306556,last_week,17.0
2018-07-09,2018-07-23,3,auto,South,9.0,4.5269562990306556,last_week,12.0
2018-07-09,2018-07-30,4,auto,South,9.0,4.5269562990306556,last_week,14.0
2018-07-09,2018-07-09,1,auto,Southeast,44.0,12.785929766739686,last_week,19.0
2018-07-09,2018-07-16,2,auto,Southeast,44.0,12.785929766739686,last_week,55.0
2018-07-09,2018-07-23,3,auto,Southeast,44.0,12.785929766739686,last_week,65.0
2018-07-09,2018-07-30,4,auto,Southeast,44.0,12.785929766739686,last_week,70.0
2018-07-09,2018-07-09,1,bed_bath_table,Central-West,9.0,5.290242590530861,last_week,8.0
2018-07-09,2018-07-16,2,bed_bath_table,Central-West,9.0,5.290242590530861,last_week,11.0
2018-07-09,2018-07-23,3,bed_bath_table,Central-West,9.0,5.290242590530861,last_week,10.0
2018-07-09,2018-07-30,4,bed_bath_table,Central-West,9.0,5.290242590530861,last_week,6.0
2018-07-09,2018-07-09,1,bed_bath_table,North,3.0,1.5099668870541498,last_week,0.0
2018-07-09,2018-07-16,2,bed_bath_table,North,3.0,1.5099668870541498,last_week,1.0
2018-07-09,2018-07-23,3,bed_bath_table,North,3.0,1.5099668870541498,last_week,2.0
2018-07-09,2018-07-30,4,bed_bath_table,North,3.0,1.5099668870541498,last_week,0.0
2018-07-09,2018-07-09,1,bed_bath_table,Northeast,6.0,4.669047011971501,last_week,9.0
2018-07-09,2018-07-16,2,bed_bath_table,Northeast,6.0,4.669047011971501,last_week,6.0
2018-07-09,2018-07-23,3,bed_bath_table,Northeast,6.0,4.669047011971501,last_week,6.0
2018-07-09,2018-07-30,4,bed_bath_table,Northeast,6.0,4.669047011971501,last_week,7.0
2018-07-09,2018-07-09,1,bed_bath_table,South,14.0,8.671024545384856,last_week,13.0
2018-07-09,2018-07-16,2,bed_bath_table,South,14.0,8.671024545384856,last_week,20.0
2018-07-09,2018-07-23,3,bed_bath_table,South,14.0,8.671024545384856,last_week,16.0
2018-07-09,2018-07-30,4,bed_bath_table,South,14.0,8.671024545384856,last_week,12.0
2018-07-09,2018-07-09,1,bed_bath_table,Southeast,96.0,41.88110154552608,last_week,50.0
2018-07-09,2018-07-16,2,bed_bath_table,Southeast,96.0,41.88110154552608,last_week,144.0
2018-07-09,2018-07-23,3,bed_bath_table,Southeast,96.0,41.88110154552608,last_week,118.0
2018-07-09,2018-07-30,4,bed_bath_table,Southeast,96.0,41.88110154552608,last_week,174.0
2018-07-09,2018-07-09,1,computers_accessories,Central-West,3.0,4.703190406521939,last_week,1.0
2018-07-09,2018-07-16,2,computers_accessories,Central-West,3.0,4.703190406521939,last_week,8.0
2018-07-09,2018-07-23,3,computers_accessories,Central-West,3.0,4.703190406521939,last_week,6.0
2018-07-09,2018-07-30,4,computers_accessories,Central-West,3.0,4.703190406521939,last_week,7.0
2018-07-09,2018-07-09,1,computers_accessories,North,0.0,2.592296279363144,last_week,1.0
2018-07-09,2018-07-16,2,computers_accessories,North,0.0,2.592296279363144,last_week,4.0
2018-07-09,2018-07-23,3,computers_accessories,North,0.0,2.592296279363144,last_week,6.0
2018-07-09,2018-07-30,4,computers_accessories,North,0.0,2.592296279363144,last_week,9.0
2018-07-09,2018-07-09,1,computers_accessories,Northeast,9.0,6.479711927753167,last_week,10.0
2018-07-09,2018-07-16,2,computers_accessories,Northeast,9.0,6.479711927753167,last_week,9.0
2018-07-09,2018-07-23,3,computers_accessories,Northeast,9.0,6.479711927753167,last_week,9.0
2018-07-09,2018-07-30,4,computers_accessories,Northeast,9.0,6.479711927753167,last_week,12.0
2018-07-09,2018-07-09,1,computers_accessories,South,11.0,8.066391179868893,last_week,16.0
2018-07-09,2018-07-16,2,computers_accessories,South,11.0,8.066391179868893,last_week,17.0
2018-07-09,2018-07-23,3,computers_accessories,South,11.0,8.066391179868893,last_week,15.0
2018-07-09,2018-07-30,4,computers_accessories,South,11.0,8.066391179868893,last_week,13.0
2018-07-09,2018-07-09,1,computers_accessories,Southeast,58.0,24.747794514528632,last_week,38.0
2018-07-09,2018-07-16,2,computers_accessories,Southeast,58.0,24.747794514528632,last_week,66.0
2018-07-09,2018-07-23,3,computers_accessories,Southeast,58.0,24.747794514528632,last_week,81.0
2018-07-09,2018-07-30,4,computers_accessories,Southeast,58.0,24.747794514528632,last_week,109.0
2018-07-09,2018-07-09,1,furniture_decor,Central-West,4.0,4.749736834815167,last_week,2.0
2018-07-09,2018-07-16,2,furniture_decor,Central-West,4.0,4.749736834815167,last_week,3.0
2018-07-09,2018-07-23,3,furniture_decor,Central-West,4.0,4.749736834815167,last_week,4.0
2018-07-09,2018-07-30,4,furniture_decor,Central-West,4.0,4.749736834815167,last_week,6.0
2018-07-09,2018-07-09,1,furniture_decor,North,1.0,2.32379000772445,last_week,1.0
2018-07-09,2018-07-16,2,furniture_decor,North,1.0,2.32379000772445,last_week,3.0
2018-07-09,2018-07-23,3,furniture_decor,North,1.0,2.32379000772445,last_week,6.0
2018-07-09,2018-07-30,4,furniture_decor,North,1.0,2.32379000772445,last_week,0.0
2018-07-09,2018-07-09,1,furniture_decor,Northeast,5.0,6.115553940568262,last_week,6.0
2018-07-09,2018-07-16,2,furniture_decor,Northeast,5.0,6.115553940568262,last_week,10.0
2018-07-09,2018-07-23,3,furniture_decor,Northeast,5.0,6.115553940568262,last_week,9.0
2018-07-09,2018-07-30,4,furniture_decor,Northeast,5.0,6.115553940568262,last_week,9.0
2018-07-09,2018-07-09,1,furniture_decor,South,17.0,10.300161811026724,last_week,8.0
2018-07-09,2018-07-16,2,furniture_decor,South,17.0,10.300161811026724,last_week,24.0
2018-07-09,2018-07-23,3,furniture_decor,South,17.0,10.300161811026724,last_week,28.0
2018-07-09,2018-07-30,4,furniture_decor,South,17.0,10.300161811026724,last_week,21.0
2018-07-09,2018-07-09,1,furniture_decor,Southeast,63.0,30.164880241764592,last_week,26.0
2018-07-09,2018-07-16,2,furniture_decor,Southeast,63.0,30.164880241764592,last_week,77.0
2018-07-09,2018-07-23,3,furniture_decor,Southeast,63.0,30.164880241764592,last_week,84.0
2018-07-09,2018-07-30,4,furniture_decor,Southeast,63.0,30.164880241764592,last_week,111.0
2018-07-09,2018-07-09,1,garden_tools,Central-West,0.0,4.636090306856989,last_week,1.0
2018-07-09,2018-07-16,2,garden_tools,Central-West,0.0,4.636090306856989,last_week,3.0
2018-07-09,2018-07-23,3,garden_tools,Central-West,0.0,4.636090306856989,last_week,1.0
2018-07-09,2018-07-30,4,garden_tools,Central-West,0.0,4.636090306856989,last_week,1.0
2018-07-09,2018-07-09,1,garden_tools,North,0.0,1.669331203406522,last_week,1.0
2018-07-09,2018-07-16,2,garden_tools,North,0.0,1.669331203406522,last_week,1.0
2018-07-09,2018-07-23,3,garden_tools,North,0.0,1.669331203406522,last_week,0.0
2018-07-09,2018-07-30,4,garden_tools,North,0.0,1.669331203406522,last_week,0.0
2018-07-09,2018-07-09,1,garden_tools,Northeast,4.0,6.180614856144977,last_week,3.0
2018-07-09,2018-07-16,2,garden_tools,Northeast,4.0,6.180614856144977,last_week,5.0
2018-07-09,2018-07-23,3,garden_tools,Northeast,4.0,6.180614856144977,last_week,6.0
2018-07-09,2018-07-30,4,garden_tools,Northeast,4.0,6.180614856144977,last_week,3.0
2018-07-09,2018-07-09,1,garden_tools,South,5.0,5.891236429364099,last_week,2.0
2018-07-09,2018-07-16,2,garden_tools,South,5.0,5.891236429364099,last_week,3.0
2018-07-09,2018-07-23,3,garden_tools,South,5.0,5.891236429364099,last_week,6.0
2018-07-09,2018-07-30,4,garden_tools,South,5.0,5.891236429364099,last_week,4.0
2018-07-09,2018-07-09,1,garden_tools,Southeast,27.0,25.234632287130054,last_week,16.0
2018-07-09,2018-07-16,2,garden_tools,Southeast,27.0,25.234632287130054,last_week,28.0
2018-07-09,2018-07-23,3,garden_tools,Southeast,27.0,25.234632287130054,last_week,46.0
2018-07-09,2018-07-30,4,garden_tools,Southeast,27.0,25.234632287130054,last_week,26.0
2018-07-09,2018-07-09,1,health_beauty,Central-West,6.0,4.930179171862486,last_week,15.0
2018-07-09,2018-07-16,2,health_beauty,Central-West,6.0,4.930179171862486,last_week,14.0
2018-07-09,2018-07-23,3,health_beauty,Central-West,6.0,4.930179171862486,last_week,6.0
2018-07-09,2018-07-30,4,health_beauty,Central-West,6.0,4.930179171862486,last_week,15.0
2018-07-09,2018-07-09,1,health_beauty,North,5.0,2.663331247391757,last_week,6.0
2018-07-09,2018-07-16,2,health_beauty,North,5.0,2.663331247391757,last_week,2.0
2018-07-09,2018-07-23,3,health_beauty,North,5.0,2.663331247391757,last_week,6.0
2018-07-09,2018-07-30,4,health_beauty,North,5.0,2.663331247391757,last_week,11.0
2018-07-09,2018-07-09,1,health_beauty,Northeast,20.0,6.056401571890688,last_week,27.0
2018-07-09,2018-07-16,2,health_beauty,Northeast,20.0,6.056401571890688,last_week,29.0
2018-07-09,2018-07-23,3,health_beauty,Northeast,20.0,6.056401571890688,last_week,22.0
2018-07-09,2018-07-30,4,health_beauty,Northeast,20.0,6.056401571890688,last_week,27.0
2018-07-09,2018-07-09,1,health_beauty,South,13.0,6.607066923630586,last_week,15.0
2018-07-09,2018-07-16,2,health_beauty,South,13.0,6.607066923630586,last_week,22.0
2018-07-09,2018-07-23,3,health_beauty,South,13.0,6.607066923630586,last_week,18.0
2018-07-09,2018-07-30,4,health_beauty,South,13.0,6.607066923630586,last_week,21.0
2018-07-09,2018-07-09,1,health_beauty,Southeast,138.0,21.907989410258534,last_week,82.0
2018-07-09,2018-07-16,2,health_beauty,Southeast,138.0,21.907989410258534,last_week,153.0
2018-07-09,2018-07-23,3,health_beauty,Southeast,138.0,21.907989410258534,last_week,118.0
2018-07-09,2018-07-30,4,health_beauty,Southeast,138.0,21.907989410258534,last_week,166.0
2018-07-09,2018-07-09,1,housewares,Central-West,4.0,3.5777087639996634,last_week,12.0
2018-07-09,2018-07-16,2,housewares,Central-West,4.0,3.5777087639996634,last_week,11.0
2018-07-09,2018-07-23,3,housewares,Central-West,4.0,3.5777087639996634,last_week,20.0
2018-07-09,2018-07-30,4,housewares,Central-West,4.0,3.5777087639996634,last_week,18.0
2018-07-09,2018-07-09,1,housewares,North,1.0,1.7088007490635062,last_week,0.0
2018-07-09,2018-07-16,2,housewares,North,1.0,1.7088007490635062,last_week,1.0
2018-07-09,2018-07-23,3,housewares,North,1.0,1.7088007490635062,last_week,0.0
2018-07-09,2018-07-30,4,housewares,North,1.0,1.7088007490635062,last_week,4.0
2018-07-09,2018-07-09,1,housewares,Northeast,7.0,4.17612260356422,last_week,5.0
2018-07-09,2018-07-16,2,housewares,Northeast,7.0,4.17612260356422,last_week,5.0
2018-07-09,2018-07-23,3,housewares,Northeast,7.0,4.17612260356422,last_week,6.0
2018-07-09,2018-07-30,4,housewares,Northeast,7.0,4.17612260356422,last_week,7.0
2018-07-09,2018-07-09,1,housewares,South,17.0,6.995236474439826,last_week,10.0
2018-07-09,2018-07-16,2,housewares,South,17.0,6.995236474439826,last_week,31.0
2018-07-09,2018-07-23,3,housewares,South,17.0,6.995236474439826,last_week,26.0
2018-07-09,2018-07-30,4,housewares,South,17.0,6.995236474439826,last_week,33.0
2018-07-09,2018-07-09,1,housewares,Southeast,82.0,19.876619430879085,last_week,43.0
2018-07-09,2018-07-16,2,housewares,Southeast,82.0,19.876619430879085,last_week,82.0
2018-07-09,2018-07-23,3,housewares,Southeast,82.0,19.876619430879085,last_week,117.0
2018-07-09,2018-07-30,4,housewares,Southeast,82.0,19.876619430879085,last_week,141.0
2018-07-09,2018-07-09,1,sports_leisure,Central-West,7.0,4.859355238437846,last_week,4.0
2018-07-09,2018-07-16,2,sports_leisure,Central-West,7.0,4.859355238437846,last_week,5.0
2018-07-09,2018-07-23,3,sports_leisure,Central-West,7.0,4.859355238437846,last_week,11.0
2018-07-09,2018-07-30,4,sports_leisure,Central-West,7.0,4.859355238437846,last_week,10.0
2018-07-09,2018-07-09,1,sports_leisure,North,1.0,2.32952069462082,last_week,2.0
2018-07-09,2018-07-16,2,sports_leisure,North,1.0,2.32952069462082,last_week,3.0
2018-07-09,2018-07-23,3,sports_leisure,North,1.0,2.32952069462082,last_week,6.0
2018-07-09,2018-07-30,4,sports_leisure,North,1.0,2.32952069462082,last_week,5.0
2018-07-09,2018-07-09,1,sports_leisure,Northeast,10.0,4.636090306856989,last_week,10.0
2018-07-09,2018-07-16,2,sports_leisure,Northeast,10.0,4.636090306856989,last_week,18.0
2018-07-09,2018-07-23,3,sports_leisure,Northeast,10.0,4.636090306856989,last_week,7.0
2018-07-09,2018-07-30,4,sports_leisure,Northeast,10.0,4.636090306856989,last_week,12.0
2018-07-09,2018-07-09,1,sports_leisure,South,18.0,7.699350621968063,last_week,6.0
2018-07-09,2018-07-16,2,sports_leisure,South,18.0,7.699350621968063,last_week,16.0
2018-07-09,2018-07-23,3,sports_leisure,South,18.0,7.699350621968063,last_week,21.0
2018-07-09,2018-07-30,4,sports_leisure,South,18.0,7.699350621968063,last_week,17.0
2018-07-09,2018-07-09,1,sports_leisure,Southeast,78.0,19.283498990933502,last_week,38.0
2018-07-09,2018-07-16,2,sports_leisure,Southeast,78.0,19.283498990933502,last_week,64.0
2018-07-09,2018-07-23,3,sports_leisure,Southeast,78.0,19.283498990933502,last_week,88.0
2018-07-09,2018-07-30,4,sports_leisure,Southeast,78.0,19.283498990933502,last_week,105.0
2018-07-09,2018-07-09,1,telephony,Central-West,1.0,3.7735924528226414,last_week,1.0
2018-07-09,2018-07-16,2,telephony,Central-West,1.0,3.7735924528226414,last_week,7.0
2018-07-09,2018-07-23,3,telephony,Central-West,1.0,3.7735924528226414,last_week,4.0
2018-07-09,2018-07-30,4,telephony,Central-West,1.0,3.7735924528226414,last_week,7.0
2018-07-09,2018-07-09,1,telephony,North,0.0,2.160246899469287,last_week,1.0
2018-07-09,2018-07-16,2,telephony,North,0.0,2.160246899469287,last_week,3.0
2018-07-09,2018-07-23,3,telephony,North,0.0,2.160246899469287,last_week,0.0
2018-07-09,2018-07-30,4,telephony,North,0.0,2.160246899469287,last_week,1.0
2018-07-09,2018-07-09,1,telephony,Northeast,7.0,5.84351492397056,last_week,6.0
2018-07-09,2018-07-16,2,telephony,Northeast,7.0,5.84351492397056,last_week,4.0
2018-07-09,2018-07-23,3,telephony,Northeast,7.0,5.84351492397056,last_week,17.0
2018-07-09,2018-07-30,4,telephony,Northeast,7.0,5.84351492397056,last_week,16.0
2018-07-09,2018-07-09,1,telephony,South,9.0,5.095095681142799,last_week,12.0
2018-07-09,2018-07-16,2,telephony,South,9.0,5.095095681142799,last_week,10.0
2018-07-09,2018-07-23,3,telephony,South,9.0,5.095095681142799,last_week,6.0
2018-07-09,2018-07-30,4,telephony,South,9.0,5.095095681142799,last_week,10.0
2018-07-09,2018-07-09,1,telephony,Southeast,18.0,11.962162569257003,last_week,12.0
2018-07-09,2018-07-16,2,telephony,Southeast,18.0,11.962162569257003,last_week,38.0
2018-07-09,2018-07-23,3,telephony,Southeast,18.0,11.962162569257003,last_week,36.0
2018-07-09,2018-07-30,4,telephony,Southeast,18.0,11.962162569257003,last_week,67.0
2018-07-09,2018-07-09,1,watches_gifts,Central-West,5.0,3.102687007525359,last_week,8.0
2018-07-09,2018-07-16,2,watches_gifts,Central-West,5.0,3.102687007525359,last_week,8.0
2018-07-09,2018-07-23,3,watches_gifts,Central-West,5.0,3.102687007525359,last_week,10.0
2018-07-09,2018-07-30,4,watches_gifts,Central-West,5.0,3.102687007525359,last_week,9.0
2018-07-09,2018-07-09,1,watches_gifts,North,2.0,1.8036999011291577,last_week,4.0
2018-07-09,2018-07-16,2,watches_gifts,North,2.0,1.8036999011291577,last_week,3.0
2018-07-09,2018-07-23,3,watches_gifts,North,2.0,1.8036999011291577,last_week,5.0
2018-07-09,2018-07-30,4,watches_gifts,North,2.0,1.8036999011291577,last_week,2.0
2018-07-09,2018-07-09,1,watches_gifts,Northeast,12.0,5.067543783727971,last_week,28.0
2018-07-09,2018-07-16,2,watches_gifts,Northeast,12.0,5.067543783727971,last_week,16.0
2018-07-09,2018-07-23,3,watches_gifts,Northeast,12.0,5.067543783727971,last_week,21.0
2018-07-09,2018-07-30,4,watches_gifts,Northeast,12.0,5.067543783727971,last_week,26.0
2018-07-09,2018-07-09,1,watches_gifts,South,11.0,5.629683235612225,last_week,16.0
2018-07-09,2018-07-16,2,watches_gifts,South,11.0,5.629683235612225,last_week,20.0
2018-07-09,2018-07-23,3,watches_gifts,South,11.0,5.629683235612225,last_week,11.0
2018-07-09,2018-07-30,4,watches_gifts,South,11.0,5.629683235612225,last_week,17.0
2018-07-09,2018-07-09,1,watches_gifts,Southeast,56.0,17.7260636728331,last_week,65.0
2018-07-09,2018-07-16,2,watches_gifts,Southeast,56.0,17.7260636728331,last_week,98.0
2018-07-09,2018-07-23,3,watches_gifts,Southeast,56.0,17.7260636728331,last_week,69.0
2018-07-09,2018-07-30,4,watches_gifts,Southeast,56.0,17.7260636728331,last_week,104.0
2018-07-09,2018-07-09,1,auto,Central-West,2.75,3.590612761075747,moving_average,3.0
2018-07-09,2018-07-16,2,auto,Central-West,2.9375,3.590612761075747,moving_average,7.0
2018-07-09,2018-07-23,3,auto,Central-West,2.671875,3.590612761075747,moving_average,7.0
2018-07-09,2018-07-30,4,auto,Central-West,2.08984375,3.590612761075747,moving_average,4.0
2018-07-09,2018-07-09,1,auto,North,0.75,1.16081867662439,moving_average,2.0
2018-07-09,2018-07-16,2,auto,North,0.9375,1.16081867662439,moving_average,5.0
2018-07-09,2018-07-23,3,auto,North,1.171875,1.16081867662439,moving_average,3.0
2018-07-09,2018-07-30,4,auto,North,1.21484375,1.16081867662439,moving_average,1.0
2018-07-09,2018-07-09,1,auto,Northeast,6.0,2.649370994531847,moving_average,19.0
2018-07-09,2018-07-16,2,auto,Northeast,6.0,2.649370994531847,moving_average,12.0
2018-07-09,2018-07-23,3,auto,Northeast,5.25,2.649370994531847,moving_average,10.0
2018-07-09,2018-07-30,4,auto,Northeast,5.3125,2.649370994531847,moving_average,12.0
2018-07-09,2018-07-09,1,auto,South,10.0,3.6284753455595276,moving_average,12.0
2018-07-09,2018-07-16,2,auto,South,9.75,3.6284753455595276,moving_average,17.0
2018-07-09,2018-07-23,3,auto,South,9.4375,3.6284753455595276,moving_average,12.0
2018-07-09,2018-07-30,4,auto,South,9.546875,3.6284753455595276,moving_average,14.0
2018-07-09,2018-07-09,1,auto,Southeast,45.75,12.985665173567352,moving_average,19.0
2018-07-09,2018-07-16,2,auto,Southeast,47.4375,12.985665173567352,moving_average,55.0
2018-07-09,2018-07-23,3,auto,Southeast,46.796875,12.985665173567352,moving_average,65.0
2018-07-09,2018-07-30,4,auto,Southeast,45.99609375,12.985665173567352,moving_average,70.0
2018-07-09,2018-07-09,1,bed_bath_table,Central-West,5.25,4.523088915037303,moving_average,8.0
2018-07-09,2018-07-16,2,bed_bath_table,Central-West,6.0625,4.523088915037303,moving_average,11.0
2018-07-09,2018-07-23,3,bed_bath_table,Central-West,6.078125,4.523088915037303,moving_average,10.0
2018-07-09,2018-07-30,4,bed_bath_table,Central-West,6.59765625,4.523088915037303,moving_average,6.0
2018-07-09,2018-07-09,1,bed_bath_table,North,1.0,1.2148388096094616,moving_average,0.0
2018-07-09,2018-07-16,2,bed_bath_table,North,1.25,1.2148388096094616,moving_average,1.0
2018-07-09,2018-07-23,3,bed_bath_table,North,1.3125,1.2148388096094616,moving_average,2.0
2018-07-09,2018-07-30,4,bed_bath_table,North,1.640625,1.2148388096094616,moving_average,0.0
2018-07-09,2018-07-09,1,bed_bath_table,Northeast,9.25,3.9514765172865025,moving_average,9.0
2018-07-09,2018-07-16,2,bed_bath_table,Northeast,9.0625,3.9514765172865025,moving_average,6.0
2018-07-09,2018-07-23,3,bed_bath_table,Northeast,10.828125,3.9514765172865025,moving_average,6.0
2018-07-09,2018-07-30,4,bed_bath_table,Northeast,8.78515625,3.9514765172865025,moving_average,7.0
2018-07-09,2018-07-09,1,bed_bath_table,South,18.25,7.460172026613506,moving_average,13.0
2018-07-09,2018-07-16,2,bed_bath_table,South,19.8125,7.460172026613506,moving_average,20.0
2018-07-09,2018-07-23,3,bed_bath_table,South,18.015625,7.460172026613506,moving_average,16.0
2018-07-09,2018-07-30,4,bed_bath_table,South,17.51953125,7.460172026613506,moving_average,12.0
2018-07-09,2018-07-09,1,bed_bath_table,Southeast,131.5,40.622817890113595,moving_average,50.0
2018-07-09,2018-07-16,2,bed_bath_table,Southeast,124.625,40.622817890113595,moving_average,144.0
2018-07-09,2018-07-23,3,bed_bath_table,Southeast,116.28125,40.622817890113595,moving_average,118.0
2018-07-09,2018-07-30,4,bed_bath_table,Southeast,117.1015625,40.622817890113595,moving_average,174.0
2018-07-09,2018-07-09,1,computers_accessories,Central-West,4.25,4.014764418161212,moving_average,1.0
2018-07-09,2018-07-16,2,computers_accessories,Central-West,4.0625,4.014764418161212,moving_average,8.0
2018-07-09,2018-07-23,3,computers_accessories,Central-West,3.328125,4.014764418161212,moving_average,6.0
2018-07-09,2018-07-30,4,computers_accessories,Central-West,3.66015625,4.014764418161212,moving_average,7.0
2018-07-09,2018-07-09,1,computers_accessories,North,0.75,1.9880895352071044,moving_average,1.0
2018-07-09,2018-07-16,2,computers_accessories,North,0.1875,1.9880895352071044,moving_average,4.0
2018-07-09,2018-07-23,3,computers_accessories,North,0.234375,1.9880895352071044,moving_average,6.0
2018-07-09,2018-07-30,4,computers_accessories,North,0.29296875,1.9880895352071044,moving_average,9.0
2018-07-09,2018-07-09,1,computers_accessories,Northeast,9.0,5.018133783257145,moving_average,10.0
2018-07-09,2018-07-16,2,computers_accessories,Northeast,8.75,5.018133783257145,moving_average,9.0
2018-07-09,2018-07-23,3,computers_accessories,Northeast,8.6875,5.018133783257145,moving_average,9.0
2018-07-09,2018-07-30,4,computers_accessories,Northeast,8.859375,5.018133783257145,moving_average,12.0
2018-07-09,2018-07-09,1,computers_accessories,South,15.5,8.861245209713287,moving_average,16.0
2018-07-09,2018-07-16,2,computers_accessories,South,16.125,8.861245209713287,moving_average,17.0
2018-07-09,2018-07-23,3,computers_accessories,South,15.40625,8.861245209713287,moving_average,15.0
2018-07-09,2018-07-30,4,computers_accessories,South,14.5078125,8.861245209713287,moving_average,13.0
2018-07-09,2018-07-09,1,computers_accessories,Southeast,63.75,27.45132055111375,moving_average,38.0
2018-07-09,2018-07-16,2,computers_accessories,Southeast,67.1875,27.45132055111375,moving_average,66.0
2018-07-09,2018-07-23,3,computers_accessories,Southeast,66.234375,27.45132055111375,moving_average,81.0
2018-07-09,2018-07-30,4,computers_accessories,Southeast,63.79296875,27.45132055111375,moving_average,109.0
2018-07-09,2018-07-09,1,furniture_decor,Central-West,4.75,3.8012059489939065,moving_average,2.0
2018-07-09,2018-07-16,2,furniture_decor,Central-West,3.9375,3.8012059489939065,moving_average,3.0
2018-07-09,2018-07-23,3,furniture_decor,Central-West,3.421875,3.8012059489939065,moving_average,4.0
2018-07-09,2018-07-30,4,furniture_decor,Central-West,4.02734375,3.8012059489939065,moving_average,6.0
2018-07-09,2018-07-09,1,furniture_decor,North,0.5,1.6921386861996073,moving_average,1.0
2018-07-09,2018-07-16,2,furniture_decor,North,0.625,1.6921386861996073,moving_average,3.0
2018-07-09,2018-07-23,3,furniture_decor,North,0.78125,1.6921386861996073,moving_average,6.0
2018-07-09,2018-07-30,4,furniture_decor,North,0.7265625,1.6921386861996073,moving_average,0.0
2018-07-09,2018-07-09,1,furniture_decor,Northeast,7.75,5.473268371518673,moving_average,6.0
2018-07-09,2018-07-16,2,furniture_decor,Northeast,8.4375,5.473268371518673,moving_average,10.0
2018-07-09,2018-07-23,3,furniture_decor,Northeast,8.796875,5.473268371518673,moving_average,9.0
2018-07-09,2018-07-30,4,furniture_decor,Northeast,7.49609375,5.473268371518673,moving_average,9.0
2018-07-09,2018-07-09,1,furniture_decor,South,19.75,9.4863937651073,moving_average,8.0
2018-07-09,2018-07-16,2,furniture_decor,South,19.6875,9.4863937651073,moving_average,24.0
2018-07-09,2018-07-23,3,furniture_decor,South,19.109375,9.4863937651073,moving_average,28.0
2018-07-09,2018-07-30,4,furniture_decor,South,18.88671875,9.4863937651073,moving_average,21.0
2018-07-09,2018-07-09,1,furniture_decor,Southeast,66.5,33.61943882141203,moving_average,26.0
2018-07-09,2018-07-16,2,furniture_decor,Southeast,66.375,33.61943882141203,moving_average,77.0
2018-07-09,2018-07-23,3,furniture_decor,Southeast,69.96875,33.61943882141203,moving_average,84.0
2018-07-09,2018-07-30,4,furniture_decor,Southeast,66.4609375,33.61943882141203,moving_average,111.0
2018-07-09,2018-07-09,1,garden_tools,Central-West,1.25,3.753331853167263,moving_average,1.0
2018-07-09,2018-07-16,2,garden_tools,Central-West,1.3125,3.753331853167263,moving_average,3.0
2018-07-09,2018-07-23,3,garden_tools,Central-West,1.640625,3.753331853167263,moving_average,1.0
2018-07-09,2018-07-30,4,garden_tools,Central-West,1.05078125,3.753331853167263,moving_average,1.0
2018-07-09,2018-07-09,1,garden_tools,North,1.0,1.2503332889007368,moving_average,1.0
2018-07-09,2018-07-16,2,garden_tools,North,0.5,1.2503332889007368,moving_average,1.0
2018-07-09,2018-07-23,3,garden_tools,North,0.625,1.2503332889007368,moving_average,0.0
2018-07-09,2018-07-30,4,garden_tools,North,0.53125,1.2503332889007368,moving_average,0.0
2018-07-09,2018-07-09,1,garden_tools,Northeast,3.75,4.750438576243952,moving_average,3.0
2018-07-09,2018-07-16,2,garden_tools,Northeast,3.6875,4.750438576243952,moving_average,5.0
2018-07-09,2018-07-23,3,garden_tools,Northeast,4.109375,4.750438576243952,moving_average,6.0
2018-07-09,2018-07-30,4,garden_tools,Northeast,3.88671875,4.750438576243952,moving_average,3.0
2018-07-09,2018-07-09,1,garden_tools,South,5.5,5.503105184045338,moving_average,2.0
2018-07-09,2018-07-16,2,garden_tools,South,5.625,5.503105184045338,moving_average,3.0
2018-07-09,2018-07-23,3,garden_tools,South,6.28125,5.503105184045338,moving_average,6.0
2018-07-09,2018-07-30,4,garden_tools,South,5.6015625,5.503105184045338,moving_average,4.0
2018-07-09,2018-07-09,1,garden_tools,Southeast,33.25,21.778085315288855,moving_average,16.0
2018-07-09,2018-07-16,2,garden_tools,Southeast,34.3125,21.778085315288855,moving_average,28.0
2018-07-09,2018-07-23,3,garden_tools,Southeast,36.640625,21.778085315288855,moving_average,46.0
2018-07-09,2018-07-30,4,garden_tools,Southeast,32.80078125,21.778085315288855,moving_average,26.0
2018-07-09,2018-07-09,1,health_beauty,Central-West,9.25,4.405016080182531,moving_average,15.0
2018-07-09,2018-07-16,2,health_beauty,Central-West,8.3125,4.405016080182531,moving_average,14.0
2018-07-09,2018-07-23,3,health_beauty,Central-West,7.890625,4.405016080182531,moving_average,6.0
2018-07-09,2018-07-30,4,health_beauty,Central-West,7.86328125,4.405016080182531,moving_average,15.0
2018-07-09,2018-07-09,1,health_beauty,North,4.75,2.2135943621178655,moving_average,6.0
2018-07-09,2018-07-16,2,health_beauty,North,5.1875,2.2135943621178655,moving_average,2.0
2018-07-09,2018-07-23,3,health_beauty,North,5.484375,2.2135943621178655,moving_average,6.0
2018-07-09,2018-07-30,4,health_beauty,North,5.10546875,2.2135943621178655,moving_average,11.0
2018-07-09,2018-07-09,1,health_beauty,Northeast,20.25,5.589797253329796,moving_average,27.0
2018-07-09,2018-07-16,2,health_beauty,Northeast,19.8125,5.589797253329796,moving_average,29.0
2018-07-09,2018-07-23,3,health_beauty,Northeast,20.015625,5.589797253329796,moving_average,22.0
2018-07-09,2018-07-30,4,health_beauty,Northeast,20.01953125,5.589797253329796,moving_average,27.0
2018-07-09,2018-07-09,1,health_beauty,South,19.5,6.908207678792911,moving_average,15.0
2018-07-09,2018-07-16,2,health_beauty,South,19.875,6.908207678792911,moving_average,22.0
2018-07-09,2018-07-23,3,health_beauty,South,19.09375,6.908207678792911,moving_average,18.0
2018-07-09,2018-07-30,4,health_beauty,South,17.8671875,6.908207678792911,moving_average,21.0
2018-07-09,2018-07-09,1,health_beauty,Southeast,151.75,25.86759555892275,moving_average,82.0
2018-07-09,2018-07-16,2,health_beauty,Southeast,147.9375,25.86759555892275,moving_average,153.0
2018-07-09,2018-07-23,3,health_beauty,Southeast,142.171875,25.86759555892275,moving_average,118.0
2018-07-09,2018-07-30,4,health_beauty,Southeast,144.96484375,25.86759555892275,moving_average,166.0
2018-07-09,2018-07-09,1,housewares,Central-West,7.5,3.2579390213241664,moving_average,12.0
2018-07-09,2018-07-16,2,housewares,Central-West,7.375,3.2579390213241664,moving_average,11.0
2018-07-09,2018-07-23,3,housewares,Central-West,6.96875,3.2579390213241664,moving_average,20.0
2018-07-09,2018-07-30,4,housewares,Central-West,6.4609375,3.2579390213241664,moving_average,18.0
2018-07-09,2018-07-09,1,housewares,North,2.25,1.2629330940315089,moving_average,0.0
2018-07-09,2018-07-16,2,housewares,North,2.0625,1.2629330940315089,moving_average,1.0
2018-07-09,2018-07-23,3,housewares,North,2.078125,1.2629330940315089,moving_average,0.0
2018-07-09,2018-07-30,4,housewares,North,1.84765625,1.2629330940315089,moving_average,4.0
2018-07-09,2018-07-09,1,housewares,Northeast,9.0,3.481977407546848,moving_average,5.0
2018-07-09,2018-07-16,2,housewares,Northeast,10.0,3.481977407546848,moving_average,5.0
2018-07-09,2018-07-23,3,housewares,Northeast,11.0,3.481977407546848,moving_average,6.0
2018-07-09,2018-07-30,4,housewares,Northeast,9.25,3.481977407546848,moving_average,7.0
2018-07-09,2018-07-09,1,housewares,South,16.5,5.513921774321189,moving_average,10.0
2018-07-09,2018-07-16,2,housewares,South,16.125,5.513921774321189,moving_average,31.0
2018-07-09,2018-07-23,3,housewares,South,17.15625,5.513921774321189,moving_average,26.0
2018-07-09,2018-07-30,4,housewares,South,16.6953125,5.513921774321189,moving_average,33.0
2018-07-09,2018-07-09,1,housewares,Southeast,87.75,19.46152186580827,moving_average,43.0
2018-07-09,2018-07-16,2,housewares,Southeast,85.6875,19.46152186580827,moving_average,82.0
2018-07-09,2018-07-23,3,housewares,Southeast,85.859375,19.46152186580827,moving_average,117.0
2018-07-09,2018-07-30,4,housewares,Southeast,85.32421875,19.46152186580827,moving_average,141.0
2018-07-09,2018-07-09,1,sports_leisure,Central-West,6.75,3.9124800318979265,moving_average,4.0
2018-07-09,2018-07-16,2,sports_leisure,Central-West,7.6875,3.9124800318979265,moving_average,5.0
2018-07-09,2018-07-23,3,sports_leisure,Central-West,6.859375,3.9124800318979265,moving_average,11.0
2018-07-09,2018-07-30,4,sports_leisure,Central-West,7.07421875,3.9124800318979265,moving_average,10.0
2018-07-09,2018-07-09,1,sports_leisure,North,1.5,1.9401460426129438,moving_average,2.0
2018-07-09,2018-07-16,2,sports_leisure,North,1.125,1.9401460426129438,moving_average,3.0
2018-07-09,2018-07-23,3,sports_leisure,North,0.90625,1.9401460426129438,moving_average,6.0
2018-07-09,2018-07-30,4,sports_leisure,North,1.1328125,1.9401460426129438,moving_average,5.0
2018-07-09,2018-07-09,1,sports_leisure,Northeast,9.0,4.455146836338095,moving_average,10.0
2018-07-09,2018-07-16,2,sports_leisure,Northeast,8.5,4.455146836338095,moving_average,18.0
2018-07-09,2018-07-23,3,sports_leisure,Northeast,8.125,4.455146836338095,moving_average,7.0
2018-07-09,2018-07-30,4,sports_leisure,Northeast,8.90625,4.455146836338095,moving_average,12.0
2018-07-09,2018-07-09,1,sports_leisure,South,14.5,6.870164966481275,moving_average,6.0
2018-07-09,2018-07-16,2,sports_leisure,South,14.375,6.870164966481275,moving_average,16.0
2018-07-09,2018-07-23,3,sports_leisure,South,14.96875,6.870164966481275,moving_average,21.0
2018-07-09,2018-07-30,4,sports_leisure,South,15.4609375,6.870164966481275,moving_average,17.0
2018-07-09,2018-07-09,1,sports_leisure,Southeast,77.0,21.33416665039126,moving_average,38.0
2018-07-09,2018-07-16,2,sports_leisure,Southeast,76.25,21.33416665039126,moving_average,64.0
2018-07-09,2018-07-23,3,sports_leisure,Southeast,77.3125,21.33416665039126,moving_average,88.0
2018-07-09,2018-07-30,4,sports_leisure,Southeast,77.140625,21.33416665039126,moving_average,105.0
2018-07-09,2018-07-09,1,telephony,Central-West,6.5,3.0952921240705753,moving_average,1.0
2018-07-09,2018-07-16,2,telephony,Central-West,7.125,3.0952921240705753,moving_average,7.0
2018-07-09,2018-07-23,3,telephony,Central-West,4.65625,3.0952921240705753,moving_average,4.0
2018-07-09,2018-07-30,4,telephony,Central-West,4.8203125,3.0952921240705753,moving_average,7.0
2018-07-09,2018-07-09,1,telephony,North,0.25,1.9704060495238032,moving_average,1.0
2018-07-09,2018-07-16,2,telephony,North,0.3125,1.9704060495238032,moving_average,3.0
2018-07-09,2018-07-23,3,telephony,North,0.390625,1.9704060495238032,moving_average,0.0
2018-07-09,2018-07-30,4,telephony,North,0.23828125,1.9704060495238032,moving_average,1.0
2018-07-09,2018-07-09,1,telephony,Northeast,5.75,5.024854890110427,moving_average,6.0
2018-07-09,2018-07-16,2,telephony,Northeast,5.1875,5.024854890110427,moving_average,4.0
2018-07-09,2018-07-23,3,telephony,Northeast,4.734375,5.024854890110427,moving_average,17.0
2018-07-09,2018-07-30,4,telephony,Northeast,5.66796875,5.024854890110427,moving_average,16.0
2018-07-09,2018-07-09,1,telephony,South,8.25,4.603712270186601,moving_average,12.0
2018-07-09,2018-07-16,2,telephony,South,8.5625,4.603712270186601,moving_average,10.0
2018-07-09,2018-07-23,3,telephony,South,8.453125,4.603712270186601,moving_average,6.0
2018-07-09,2018-07-30,4,telephony,South,8.56640625,4.603712270186601,moving_average,10.0
2018-07-09,2018-07-09,1,telephony,Southeast,27.75,12.090147503925113,moving_average,12.0
2018-07-09,2018-07-16,2,telephony,Southeast,23.9375,12.090147503925113,moving_average,38.0
2018-07-09,2018-07-23,3,telephony,Southeast,23.421875,12.090147503925113,moving_average,36.0
2018-07-09,2018-07-30,4,telephony,Southeast,23.27734375,12.090147503925113,moving_average,67.0
2018-07-09,2018-07-09,1,watches_gifts,Central-West,8.0,2.7730849247724096,moving_average,8.0
2018-07-09,2018-07-16,2,watches_gifts,Central-West,7.75,2.7730849247724096,moving_average,8.0
2018-07-09,2018-07-23,3,watches_gifts,Central-West,7.9375,2.7730849247724096,moving_average,10.0
2018-07-09,2018-07-30,4,watches_gifts,Central-West,7.171875,2.7730849247724096,moving_average,9.0
2018-07-09,2018-07-09,1,watches_gifts,North,2.5,1.459166428707386,moving_average,4.0
2018-07-09,2018-07-16,2,watches_gifts,North,2.375,1.459166428707386,moving_average,3.0
2018-07-09,2018-07-23,3,watches_gifts,North,2.46875,1.459166428707386,moving_average,5.0
2018-07-09,2018-07-30,4,watches_gifts,North,2.3359375,1.459166428707386,moving_average,2.0
2018-07-09,2018-07-09,1,watches_gifts,Northeast,13.5,4.939213837579148,moving_average,28.0
2018-07-09,2018-07-16,2,watches_gifts,Northeast,12.375,4.939213837579148,moving_average,16.0
2018-07-09,2018-07-23,3,watches_gifts,Northeast,11.21875,4.939213837579148,moving_average,21.0
2018-07-09,2018-07-30,4,watches_gifts,Northeast,12.2734375,4.939213837579148,moving_average,26.0
2018-07-09,2018-07-09,1,watches_gifts,South,12.5,5.067626005669058,moving_average,16.0
2018-07-09,2018-07-16,2,watches_gifts,South,11.875,5.067626005669058,moving_average,20.0
2018-07-09,2018-07-23,3,watches_gifts,South,11.84375,5.067626005669058,moving_average,11.0
2018-07-09,2018-07-30,4,watches_gifts,South,11.8046875,5.067626005669058,moving_average,17.0
2018-07-09,2018-07-09,1,watches_gifts,Southeast,75.0,22.345711743717928,moving_average,65.0
2018-07-09,2018-07-16,2,watches_gifts,Southeast,71.0,22.345711743717928,moving_average,98.0
2018-07-09,2018-07-23,3,watches_gifts,Southeast,69.0,22.345711743717928,moving_average,69.0
2018-07-09,2018-07-30,4,watches_gifts,Southeast,67.75,22.345711743717928,moving_average,104.0
2018-07-09,2018-07-09,1,auto,Central-West,0.8090437685284133,3.7920321374207906,ridge,3.0
2018-07-09,2018-07-16,2,auto,Central-West,0.7534739845350913,3.7920321374207906,ridge,7.0
2018-07-09,2018-07-23,3,auto,Central-West,0.8273167623304483,3.7920321374207906,ridge,7.0
2018-07-09,2018-07-30,4,auto,Central-West,0.9840432498610134,3.7920321374207906,ridge,4.0
2018-07-09,2018-07-09,1,auto,North,0.0,1.5731363820122017,ridge,2.0
2018-07-09,2018-07-16,2,auto,North,0.0,1.5731363820122017,ridge,5.0
2018-07-09,2018-07-23,3,auto,North,0.0,1.5731363820122017,ridge,3.0
2018-07-09,2018-07-30,4,auto,North,0.0,1.5731363820122017,ridge,1.0
2018-07-09,2018-07-09,1,auto,Northeast,3.452585107018013,2.78545883519893,ridge,19.0
2018-07-09,2018-07-16,2,auto,Northeast,3.2154196525752106,2.78545883519893,ridge,12.0
2018-07-09,2018-07-23,3,auto,Northeast,3.483259299223504,2.78545883519893,ridge,10.0
2018-07-09,2018-07-30,4,auto,Northeast,3.513926100394041,2.78545883519893,ridge,12.0
2018-07-09,2018-07-09,1,auto,South,8.51286920316633,3.7866918933430656,ridge,12.0
2018-07-09,2018-07-16,2,auto,South,7.940691961975348,3.7866918933430656,ridge,17.0
2018-07-09,2018-07-23,3,auto,South,8.097901648955908,3.7866918933430656,ridge,12.0
2018-07-09,2018-07-30,4,auto,South,8.499027706995081,3.7866918933430656,ridge,14.0
2018-07-09,2018-07-09,1,auto,Southeast,46.0649236228062,11.504205572270989,ridge,19.0
2018-07-09,2018-07-16,2,auto,Southeast,44.67878013360818,11.504205572270989,ridge,55.0
2018-07-09,2018-07-23,3,auto,Southeast,45.014421224469416,11.504205572270989,ridge,65.0
2018-07-09,2018-07-30,4,auto,Southeast,46.97592925149439,11.504205572270989,ridge,70.0
2018-07-09,2018-07-09,1,bed_bath_table,Central-West,7.869271594493408,4.641879965871238,ridge,8.0
2018-07-09,2018-07-16,2,bed_bath_table,Central-West,7.317090461606681,4.641879965871238,ridge,11.0
2018-07-09,2018-07-23,3,bed_bath_table,Central-West,7.3685488698033375,4.641879965871238,ridge,10.0
2018-07-09,2018-07-30,4,bed_bath_table,Central-West,7.524453256151686,4.641879965871238,ridge,6.0
2018-07-09,2018-07-09,1,bed_bath_table,North,2.5205027763627594,2.0692814574447422,ridge,0.0
2018-07-09,2018-07-16,2,bed_bath_table,North,2.465363485743537,2.0692814574447422,ridge,1.0
2018-07-09,2018-07-23,3,bed_bath_table,North,2.5989357438288465,2.0692814574447422,ridge,2.0
2018-07-09,2018-07-30,4,bed_bath_table,North,2.7855290360891756,2.0692814574447422,ridge,0.0
2018-07-09,2018-07-09,1,bed_bath_table,Northeast,7.8041154153793935,4.3066470177998495,ridge,9.0
2018-07-09,2018-07-16,2,bed_bath_table,Northeast,8.744528882471581,4.3066470177998495,ridge,6.0
2018-07-09,2018-07-23,3,bed_bath_table,Northeast,8.923329399138602,4.3066470177998495,ridge,6.0
2018-07-09,2018-07-30,4,bed_bath_table,Northeast,9.84134718973681,4.3066470177998495,ridge,7.0
2018-07-09,2018-07-09,1,bed_bath_table,South,16.946387742261315,7.2636634572303285,ridge,13.0
2018-07-09,2018-07-16,2,bed_bath_table,South,17.34402193536065,7.2636634572303285,ridge,20.0
2018-07-09,2018-07-23,3,bed_bath_table,South,18.208651645829406,7.2636634572303285,ridge,16.0
2018-07-09,2018-07-30,4,bed_bath_table,South,19.24696666419141,7.2636634572303285,ridge,12.0
2018-07-09,2018-07-09,1,bed_bath_table,Southeast,111.12207582538986,36.6079442328757,ridge,50.0
2018-07-09,2018-07-16,2,bed_bath_table,Southeast,114.12298579389902,36.6079442328757,ridge,144.0
2018-07-09,2018-07-23,3,bed_bath_table,Southeast,117.7406702829847,36.6079442328757,ridge,118.0
2018-07-09,2018-07-30,4,bed_bath_table,Southeast,120.930926337442,36.6079442328757,ridge,174.0
2018-07-09,2018-07-09,1,computers_accessories,Central-West,2.9528120565249782,4.0277038157533696,ridge,1.0
2018-07-09,2018-07-16,2,computers_accessories,Central-West,2.8964134100860663,4.0277038157533696,ridge,8.0
2018-07-09,2018-07-23,3,computers_accessories,Central-West,3.0481893301906293,4.0277038157533696,ridge,6.0
2018-07-09,2018-07-30,4,computers_accessories,Central-West,3.2152359039488427,4.0277038157533696,ridge,7.0
2018-07-09,2018-07-09,1,computers_accessories,North,0.19551410921151025,2.188295222477711,ridge,1.0
2018-07-09,2018-07-16,2,computers_accessories,North,0.2750613320658264,2.188295222477711,ridge,4.0
2018-07-09,2018-07-23,3,computers_accessories,North,0.32636317121361635,2.188295222477711,ridge,6.0
2018-07-09,2018-07-30,4,computers_accessories,North,0.47838953022650443,2.188295222477711,ridge,9.0
2018-07-09,2018-07-09,1,computers_accessories,Northeast,9.201977614756366,5.306319363288148,ridge,10.0
2018-07-09,2018-07-16,2,computers_accessories,Northeast,9.215093537224337,5.306319363288148,ridge,9.0
2018-07-09,2018-07-23,3,computers_accessories,Northeast,9.170519669074547,5.306319363288148,ridge,9.0
2018-07-09,2018-07-30,4,computers_accessories,Northeast,9.408877585517617,5.306319363288148,ridge,12.0
2018-07-09,2018-07-09,1,computers_accessories,South,11.724368620273257,8.030046666846857,ridge,16.0
2018-07-09,2018-07-16,2,computers_accessories,South,11.857050319019299,8.030046666846857,ridge,17.0
2018-07-09,2018-07-23,3,computers_accessories,South,12.007444361167714,8.030046666846857,ridge,15.0
2018-07-09,2018-07-30,4,computers_accessories,South,12.984735257537562,8.030046666846857,ridge,13.0
2018-07-09,2018-07-09,1,computers_accessories,Southeast,62.672723364710265,25.17105069041541,ridge,38.0
2018-07-09,2018-07-16,2,computers_accessories,Southeast,61.43980245584981,25.17105069041541,ridge,66.0
2018-07-09,2018-07-23,3,computers_accessories,Southeast,61.85583430523245,25.17105069041541,ridge,81.0
2018-07-09,2018-07-30,4,computers_accessories,Southeast,64.75095179537817,25.17105069041541,ridge,109.0
2018-07-09,2018-07-09,1,furniture_decor,Central-West,4.613506119111313,3.9154602853969616,ridge,2.0
2018-07-09,2018-07-16,2,furniture_decor,Central-West,4.506223793987965,3.9154602853969616,ridge,3.0
2018-07-09,2018-07-23,3,furniture_decor,Central-West,4.465784982941514,3.9154602853969616,ridge,4.0
2018-07-09,2018-07-30,4,furniture_decor,Central-West,4.215706196092415,3.9154602853969616,ridge,6.0
2018-07-09,2018-07-09,1,furniture_decor,North,0.8383424474204215,1.9634013171256102,ridge,1.0
2018-07-09,2018-07-16,2,furniture_decor,North,0.5157849765060387,1.9634013171256102,ridge,3.0
2018-07-09,2018-07-23,3,furniture_decor,North,0.3602478833853642,1.9634013171256102,ridge,6.0
2018-07-09,2018-07-30,4,furniture_decor,North,0.4570790535942848,1.9634013171256102,ridge,0.0
2018-07-09,2018-07-09,1,furniture_decor,Northeast,5.3931186967493066,5.19477036701315,ridge,6.0
2018-07-09,2018-07-16,2,furniture_decor,Northeast,5.49094740728101,5.19477036701315,ridge,10.0
2018-07-09,2018-07-23,3,furniture_decor,Northeast,5.559154782352764,5.19477036701315,ridge,9.0
2018-07-09,2018-07-30,4,furniture_decor,Northeast,5.830523528104167,5.19477036701315,ridge,9.0
2018-07-09,2018-07-09,1,furniture_decor,South,16.991670217366796,8.758754635592988,ridge,8.0
2018-07-09,2018-07-16,2,furniture_decor,South,15.48345928821864,8.758754635592988,ridge,24.0
2018-07-09,2018-07-23,3,furniture_decor,South,15.705007196081578,8.758754635592988,ridge,28.0
2018-07-09,2018-07-30,4,furniture_decor,South,16.232078272164692,8.758754635592988,ridge,21.0
2018-07-09,2018-07-09,1,furniture_decor,Southeast,66.3567821044373,27.28229349102556,ridge,26.0
2018-07-09,2018-07-16,2,furniture_decor,Southeast,64.91120443392896,27.28229349102556,ridge,77.0
2018-07-09,2018-07-23,3,furniture_decor,Southeast,63.11365911129362,27.28229349102556,ridge,84.0
2018-07-09,2018-07-30,4,furniture_decor,Southeast,63.199444949609415,27.28229349102556,ridge,111.0
2018-07-09,2018-07-09,1,garden_tools,Central-West,0.0,3.2994092323406776,ridge,1.0
2018-07-09,2018-07-16,2,garden_tools,Central-West,0.0,3.2994092323406776,ridge,3.0
2018-07-09,2018-07-23,3,garden_tools,Central-West,0.0,3.2994092323406776,ridge,1.0
2018-07-09,2018-07-30,4,garden_tools,Central-West,0.0,3.2994092323406776,ridge,1.0
2018-07-09,2018-07-09,1,garden_tools,North,0.0,1.7293812696127597,ridge,1.0
2018-07-09,2018-07-16,2,garden_tools,North,0.0,1.7293812696127597,ridge,1.0
2018-07-09,2018-07-23,3,garden_tools,North,0.0,1.7293812696127597,ridge,0.0
2018-07-09,2018-07-30,4,garden_tools,North,0.0,1.7293812696127597,ridge,0.0
2018-07-09,2018-07-09,1,garden_tools,Northeast,2.513464482445494,5.160046732867427,ridge,3.0
2018-07-09,2018-07-16,2,garden_tools,Northeast,2.0476614250900544,5.160046732867427,ridge,5.0
2018-07-09,2018-07-23,3,garden_tools,Northeast,1.8506811807773147,5.160046732867427,ridge,6.0
2018-07-09,2018-07-30,4,garden_tools,Northeast,1.5960707458204482,5.160046732867427,ridge,3.0
2018-07-09,2018-07-09,1,garden_tools,South,5.421265647769712,5.1502950847979445,ridge,2.0
2018-07-09,2018-07-16,2,garden_tools,South,5.38433161045001,5.1502950847979445,ridge,3.0
2018-07-09,2018-07-23,3,garden_tools,South,4.736281140727884,5.1502950847979445,ridge,6.0
2018-07-09,2018-07-30,4,garden_tools,South,4.908008334307779,5.1502950847979445,ridge,4.0
2018-07-09,2018-07-09,1,garden_tools,Southeast,34.79361177009383,21.740909388577528,ridge,16.0
2018-07-09,2018-07-16,2,garden_tools,Southeast,36.150987778233194,21.740909388577528,ridge,28.0
2018-07-09,2018-07-23,3,garden_tools,Southeast,36.25447716177809,21.740909388577528,ridge,46.0
2018-07-09,2018-07-30,4,garden_tools,Southeast,38.452170794299114,21.740909388577528,ridge,26.0
2018-07-09,2018-07-09,1,health_beauty,Central-West,7.128303047911051,4.279713508776691,ridge,15.0
2018-07-09,2018-07-16,2,health_beauty,Central-West,7.920811115478556,4.279713508776691,ridge,14.0
2018-07-09,2018-07-23,3,health_beauty,Central-West,8.710693991913935,4.279713508776691,ridge,6.0
2018-07-09,2018-07-30,4,health_beauty,Central-West,9.45833335732615,4.279713508776691,ridge,15.0
2018-07-09,2018-07-09,1,health_beauty,North,4.459910676131772,2.455330433671305,ridge,6.0
2018-07-09,2018-07-16,2,health_beauty,North,4.352126156263795,2.455330433671305,ridge,2.0
2018-07-09,2018-07-23,3,health_beauty,North,4.486579450164067,2.455330433671305,ridge,6.0
2018-07-09,2018-07-30,4,health_beauty,North,5.002470914761881,2.455330433671305,ridge,11.0
2018-07-09,2018-07-09,1,health_beauty,Northeast,17.65728727173727,4.993446152727535,ridge,27.0
2018-07-09,2018-07-16,2,health_beauty,Northeast,17.275610011574166,4.993446152727535,ridge,29.0
2018-07-09,2018-07-23,3,health_beauty,Northeast,17.789885455975565,4.993446152727535,ridge,22.0
2018-07-09,2018-07-30,4,health_beauty,Northeast,18.39933266883059,4.993446152727535,ridge,27.0
2018-07-09,2018-07-09,1,health_beauty,South,14.156087054282072,5.76630475185042,ridge,15.0
2018-07-09,2018-07-16,2,health_beauty,South,14.928906902964972,5.76630475185042,ridge,22.0
2018-07-09,2018-07-23,3,health_beauty,South,15.965750741860857,5.76630475185042,ridge,18.0
2018-07-09,2018-07-30,4,health_beauty,South,17.315816463085856,5.76630475185042,ridge,21.0
2018-07-09,2018-07-09,1,health_beauty,Southeast,126.33925115652262,20.22735601138065,ridge,82.0
2018-07-09,2018-07-16,2,health_beauty,Southeast,119.6220736864968,20.22735601138065,ridge,153.0
2018-07-09,2018-07-23,3,health_beauty,Southeast,120.86424490084192,20.22735601138065,ridge,118.0
2018-07-09,2018-07-30,4,health_beauty,Southeast,124.46703286206466,20.22735601138065,ridge,166.0
2018-07-09,2018-07-09,1,housewares,Central-West,4.357752295619983,3.0936139216159195,ridge,12.0
2018-07-09,2018-07-16,2,housewares,Central-West,4.570527412044436,3.0936139216159195,ridge,11.0
2018-07-09,2018-07-23,3,housewares,Central-West,5.117751032622982,3.0936139216159195,ridge,20.0
2018-07-09,2018-07-30,4,housewares,Central-West,5.776490699728345,3.0936139216159195,ridge,18.0
2018-07-09,2018-07-09,1,housewares,North,0.5690788411976655,1.5587061626171304,ridge,0.0
2018-07-09,2018-07-16,2,housewares,North,0.5223347193352996,1.5587061626171304,ridge,1.0
2018-07-09,2018-07-23,3,housewares,North,0.5311074465225474,1.5587061626171304,ridge,0.0
2018-07-09,2018-07-30,4,housewares,North,0.6680150062134889,1.5587061626171304,ridge,4.0
2018-07-09,2018-07-09,1,housewares,Northeast,7.570881788990357,3.4631850471010144,ridge,5.0
2018-07-09,2018-07-16,2,housewares,Northeast,7.029297112884499,3.4631850471010144,ridge,5.0
2018-07-09,2018-07-23,3,housewares,Northeast,6.698027245220249,3.4631850471010144,ridge,6.0
2018-07-09,2018-07-30,4,housewares,Northeast,7.103977611584692,3.4631850471010144,ridge,7.0
2018-07-09,2018-07-09,1,housewares,South,16.713804143384092,5.865582313133546,ridge,10.0
2018-07-09,2018-07-16,2,housewares,South,15.881944552990017,5.865582313133546,ridge,31.0
2018-07-09,2018-07-23,3,housewares,South,15.682780212979818,5.865582313133546,ridge,26.0
2018-07-09,2018-07-30,4,housewares,South,16.200211457363952,5.865582313133546,ridge,33.0
2018-07-09,2018-07-09,1,housewares,Southeast,87.49140741956329,17.683185370343878,ridge,43.0
2018-07-09,2018-07-16,2,housewares,Southeast,87.60558203504041,17.683185370343878,ridge,82.0
2018-07-09,2018-07-23,3,housewares,Southeast,89.22810198664303,17.683185370343878,ridge,117.0
2018-07-09,2018-07-30,4,housewares,Southeast,89.67664234173427,17.683185370343878,ridge,141.0
2018-07-09,2018-07-09,1,sports_leisure,Central-West,6.6807690782070175,3.9820572748822456,ridge,4.0
2018-07-09,2018-07-16,2,sports_leisure,Central-West,6.136424077447047,3.9820572748822456,ridge,5.0
2018-07-09,2018-07-23,3,sports_leisure,Central-West,6.233893221476403,3.9820572748822456,ridge,11.0
2018-07-09,2018-07-30,4,sports_leisure,Central-West,6.363253830929903,3.9820572748822456,ridge,10.0
2018-07-09,2018-07-09,1,sports_leisure,North,1.0460788775131071,2.071656397298767,ridge,2.0
2018-07-09,2018-07-16,2,sports_leisure,North,1.2459994866784996,2.071656397298767,ridge,3.0
2018-07-09,2018-07-23,3,sports_leisure,North,1.5827618373016055,2.071656397298767,ridge,6.0
2018-07-09,2018-07-30,4,sports_leisure,North,1.7083672461819734,2.071656397298767,ridge,5.0
2018-07-09,2018-07-09,1,sports_leisure,Northeast,8.226903275410454,4.01119201312472,ridge,10.0
2018-07-09,2018-07-16,2,sports_leisure,Northeast,7.7791982223352365,4.01119201312472,ridge,18.0
2018-07-09,2018-07-23,3,sports_leisure,Northeast,8.117158674195885,4.01119201312472,ridge,7.0
2018-07-09,2018-07-30,4,sports_leisure,Northeast,8.405475736815543,4.01119201312472,ridge,12.0
2018-07-09,2018-07-09,1,sports_leisure,South,15.161660021860444,6.643523099244343,ridge,6.0
2018-07-09,2018-07-16,2,sports_leisure,South,13.825765180775317,6.643523099244343,ridge,16.0
2018-07-09,2018-07-23,3,sports_leisure,South,13.874793314688443,6.643523099244343,ridge,21.0
2018-07-09,2018-07-30,4,sports_leisure,South,13.464836585487124,6.643523099244343,ridge,17.0
2018-07-09,2018-07-09,1,sports_leisure,Southeast,73.45056614609626,17.357894694153345,ridge,38.0
2018-07-09,2018-07-16,2,sports_leisure,Southeast,69.22983040883885,17.357894694153345,ridge,64.0
2018-07-09,2018-07-23,3,sports_leisure,Southeast,68.79188354450442,17.357894694153345,ridge,88.0
2018-07-09,2018-07-30,4,sports_leisure,Southeast,69.77486305681037,17.357894694153345,ridge,105.0
2018-07-09,2018-07-09,1,telephony,Central-West,0.9433048111824771,3.2275021732430327,ridge,1.0
2018-07-09,2018-07-16,2,telephony,Central-West,0.7121333074149359,3.2275021732430327,ridge,7.0
2018-07-09,2018-07-23,3,telephony,Central-West,1.1723514744927668,3.2275021732430327,ridge,4.0
2018-07-09,2018-07-30,4,telephony,Central-West,1.5319664305324538,3.2275021732430327,ridge,7.0
2018-07-09,2018-07-09,1,telephony,North,0.0,2.0819734615142957,ridge,1.0
2018-07-09,2018-07-16,2,telephony,North,0.0,2.0819734615142957,ridge,3.0
2018-07-09,2018-07-23,3,telephony,North,0.0,2.0819734615142957,ridge,0.0
2018-07-09,2018-07-30,4,telephony,North,0.0,2.0819734615142957,ridge,1.0
2018-07-09,2018-07-09,1,telephony,Northeast,5.215244020625049,4.852926866894878,ridge,6.0
2018-07-09,2018-07-16,2,telephony,Northeast,4.206499652660939,4.852926866894878,ridge,4.0
2018-07-09,2018-07-23,3,telephony,Northeast,4.267995006069696,4.852926866894878,ridge,17.0
2018-07-09,2018-07-30,4,telephony,Northeast,3.9261990573033447,4.852926866894878,ridge,16.0
2018-07-09,2018-07-09,1,telephony,South,7.533633364238783,4.247787569487516,ridge,12.0
2018-07-09,2018-07-16,2,telephony,South,6.803098257860872,4.247787569487516,ridge,10.0
2018-07-09,2018-07-23,3,telephony,South,6.58018114732,4.247787569487516,ridge,6.0
2018-07-09,2018-07-30,4,telephony,South,6.449171710038909,4.247787569487516,ridge,10.0
2018-07-09,2018-07-09,1,telephony,Southeast,26.473239695805724,11.141216590377903,ridge,12.0
2018-07-09,2018-07-16,2,telephony,Southeast,30.09464000823898,11.141216590377903,ridge,38.0
2018-07-09,2018-07-23,3,telephony,Southeast,32.02030773613876,11.141216590377903,ridge,36.0
2018-07-09,2018-07-30,4,telephony,Southeast,33.89215653434219,11.141216590377903,ridge,67.0
2018-07-09,2018-07-09,1,watches_gifts,Central-West,4.7594849134947,2.776463350649547,ridge,8.0
2018-07-09,2018-07-16,2,watches_gifts,Central-West,4.763474536589044,2.776463350649547,ridge,8.0
2018-07-09,2018-07-23,3,watches_gifts,Central-West,4.896961330528873,2.776463350649547,ridge,10.0
2018-07-09,2018-07-30,4,watches_gifts,Central-West,5.142846088576815,2.776463350649547,ridge,9.0
2018-07-09,2018-07-09,1,watches_gifts,North,0.8834346406139435,1.6127558184094135,ridge,4.0
2018-07-09,2018-07-16,2,watches_gifts,North,0.4519840627404754,1.6127558184094135,ridge,3.0
2018-07-09,2018-07-23,3,watches_gifts,North,0.3453879315584061,1.6127558184094135,ridge,5.0
2018-07-09,2018-07-30,4,watches_gifts,North,0.3990857070838487,1.6127558184094135,ridge,2.0
2018-07-09,2018-07-09,1,watches_gifts,Northeast,11.090557338207095,4.542508938404695,ridge,28.0
2018-07-09,2018-07-16,2,watches_gifts,Northeast,10.393446807505422,4.542508938404695,ridge,16.0
2018-07-09,2018-07-23,3,watches_gifts,Northeast,10.748967161012239,4.542508938404695,ridge,21.0
2018-07-09,2018-07-30,4,watches_gifts,Northeast,10.810954826819415,4.542508938404695,ridge,26.0
2018-07-09,2018-07-09,1,watches_gifts,South,9.636454566633962,4.725661570500858,ridge,16.0
2018-07-09,2018-07-16,2,watches_gifts,South,9.275402518500844,4.725661570500858,ridge,20.0
2018-07-09,2018-07-23,3,watches_gifts,South,9.459856760066906,4.725661570500858,ridge,11.0
2018-07-09,2018-07-30,4,watches_gifts,South,10.072213549549007,4.725661570500858,ridge,17.0
2018-07-09,2018-07-09,1,watches_gifts,Southeast,62.54039755503538,16.967648645372464,ridge,65.0
2018-07-09,2018-07-16,2,watches_gifts,Southeast,64.51038343914063,16.967648645372464,ridge,98.0
2018-07-09,2018-07-23,3,watches_gifts,Southeast,67.11978638186864,16.967648645372464,ridge,69.0
2018-07-09,2018-07-30,4,watches_gifts,Southeast,69.00366743004793,16.967648645372464,ridge,104.0
2018-07-16,2018-07-16,1,auto,Central-West,3.0,4.501461750891242,last_week,7.0
2018-07-16,2018-07-23,2,auto,Central-West,3.0,4.501461750891242,last_week,7.0
2018-07-16,2018-07-30,3,auto,Central-West,3.0,4.501461750891242,last_week,4.0
2018-07-16,2018-08-06,4,auto,Central-West,3.0,4.501461750891242,last_week,9.0
2018-07-16,2018-07-16,1,auto,North,2.0,1.4779074823262075,last_week,5.0
2018-07-16,2018-07-23,2,auto,North,2.0,1.4779074823262075,last_week,3.0
2018-07-16,2018-07-30,3,auto,North,2.0,1.4779074823262075,last_week,1.0
2018-07-16,2018-08-06,4,auto,North,2.0,1.4779074823262075,last_week,3.0
2018-07-16,2018-07-16,1,auto,Northeast,19.0,3.7275644651843733,last_week,12.0
2018-07-16,2018-07-23,2,auto,Northeast,19.0,3.7275644651843733,last_week,10.0
2018-07-16,2018-07-30,3,auto,Northeast,19.0,3.7275644651843733,last_week,12.0
2018-07-16,2018-08-06,4,auto,Northeast,19.0,3.7275644651843733,last_week,21.0
2018-07-16,2018-07-16,1,auto,South,12.0,4.510222307509674,last_week,17.0
2018-07-16,2018-07-23,2,auto,South,12.0,4.510222307509674,last_week,12.0
2018-07-16,2018-07-30,3,auto,South,12.0,4.510222307509674,last_week,14.0
2018-07-16,2018-08-06,4,auto,South,12.0,4.510222307509674,last_week,13.0
2018-07-16,2018-07-16,1,auto,Southeast,19.0,13.021237713018966,last_week,55.0
2018-07-16,2018-07-23,2,auto,Southeast,19.0,13.021237713018966,last_week,65.0
2018-07-16,2018-07-30,3,auto,Southeast,19.0,13.021237713018966,last_week,70.0
2018-07-16,2018-08-06,4,auto,Southeast,19.0,13.021237713018966,last_week,91.0
2018-07-16,2018-07-16,1,bed_bath_table,Central-West,8.0,5.256574830378468,last_week,11.0
2018-07-16,2018-07-23,2,bed_bath_table,Central-West,8.0,5.256574830378468,last_week,10.0
2018-07-16,2018-07-30,3,bed_bath_table,Central-West,8.0,5.256574830378468,last_week,6.0
2018-07-16,2018-08-06,4,bed_bath_table,Central-West,8.0,5.256574830378468,last_week,9.0
2018-07-16,2018-07-16,1,bed_bath_table,North,0.0,1.538967528127731,last_week,1.0
2018-07-16,2018-07-23,2,bed_bath_table,North,0.0,1.538967528127731,last_week,2.0
2018-07-16,2018-07-30,3,bed_bath_table,North,0.0,1.538967528127731,last_week,0.0
2018-07-16,2018-08-06,4,bed_bath_table,North,0.0,1.538967528127731,last_week,0.0
2018-07-16,2018-07-16,1,bed_bath_table,Northeast,9.0,4.6509761284453415,last_week,6.0
2018-07-16,2018-07-23,2,bed_bath_table,Northeast,9.0,4.6509761284453415,last_week,6.0
2018-07-16,2018-07-30,3,bed_bath_table,Northeast,9.0,4.6509761284453415,last_week,7.0
2018-07-16,2018-08-06,4,bed_bath_table,Northeast,9.0,4.6509761284453415,last_week,3.0
2018-07-16,2018-07-16,1,bed_bath_table,South,13.0,8.614553169827758,last_week,20.0
2018-07-16,2018-07-23,2,bed_bath_table,South,13.0,8.614553169827758,last_week,16.0
2018-07-16,2018-07-30,3,bed_bath_table,South,13.0,8.614553169827758,last_week,12.0
2018-07-16,2018-08-06,4,bed_bath_table,South,13.0,8.614553169827758,last_week,31.0
2018-07-16,2018-07-16,1,bed_bath_table,Southeast,50.0,41.937924050723,last_week,144.0
2018-07-16,2018-07-23,2,bed_bath_table,Southeast,50.0,41.937924050723,last_week,118.0
2018-07-16,2018-07-30,3,bed_bath_table,Southeast,50.0,41.937924050723,last_week,174.0
2018-07-16,2018-08-06,4,bed_bath_table,Southeast,50.0,41.937924050723,last_week,151.0
2018-07-16,2018-07-16,1,computers_accessories,Central-West,1.0,4.677774999651909,last_week,8.0
2018-07-16,2018-07-23,2,computers_accessories,Central-West,1.0,4.677774999651909,last_week,6.0
2018-07-16,2018-07-30,3,computers_accessories,Central-West,1.0,4.677774999651909,last_week,7.0
2018-07-16,2018-08-06,4,computers_accessories,Central-West,1.0,4.677774999651909,last_week,11.0
2018-07-16,2018-07-16,1,computers_accessories,North,1.0,2.5777387071045936,last_week,4.0
2018-07-16,2018-07-23,2,computers_accessories,North,1.0,2.5777387071045936,last_week,6.0
2018-07-16,2018-07-30,3,computers_accessories,North,1.0,2.5777387071045936,last_week,9.0
2018-07-16,2018-08-06,4,computers_accessories,North,1.0,2.5777387071045936,last_week,0.0
2018-07-16,2018-07-16,1,computers_accessories,Northeast,10.0,6.437963064592141,last_week,9.0
2018-07-16,2018-07-23,2,computers_accessories,Northeast,10.0,6.437963064592141,last_week,9.0
2018-07-16,2018-07-30,3,computers_accessories,Northeast,10.0,6.437963064592141,last_week,12.0
2018-07-16,2018-08-06,4,computers_accessories,Northeast,10.0,6.437963064592141,last_week,5.0
2018-07-16,2018-07-16,1,computers_accessories,South,16.0,8.033646350456966,last_week,17.0
2018-07-16,2018-07-23,2,computers_accessories,South,16.0,8.033646350456966,last_week,15.0
2018-07-16,2018-07-30,3,computers_accessories,South,16.0,8.033646350456966,last_week,13.0
2018-07-16,2018-08-06,4,computers_accessories,South,16.0,8.033646350456966,last_week,21.0
2018-07-16,2018-07-16,1,computers_accessories,Southeast,38.0,24.69125138053643,last_week,66.0
2018-07-16,2018-07-23,2,computers_accessories,Southeast,38.0,24.69125138053643,last_week,81.0
2018-07-16,2018-07-30,3,computers_accessories,Southeast,38.0,24.69125138053643,last_week,109.0
2018-07-16,2018-08-06,4,computers_accessories,Southeast,38.0,24.69125138053643,last_week,91.0
2018-07-16,2018-07-16,1,furniture_decor,Central-West,2.0,4.723959088908816,last_week,3.0
2018-07-16,2018-07-23,2,furniture_decor,Central-West,2.0,4.723959088908816,last_week,4.0
2018-07-16,2018-07-30,3,furniture_decor,Central-West,2.0,4.723959088908816,last_week,6.0
2018-07-16,2018-08-06,4,furniture_decor,Central-West,2.0,4.723959088908816,last_week,3.0
2018-07-16,2018-07-16,1,furniture_decor,North,1.0,2.3084512921915965,last_week,3.0
2018-07-16,2018-07-23,2,furniture_decor,North,1.0,2.3084512921915965,last_week,6.0
2018-07-16,2018-07-30,3,furniture_decor,North,1.0,2.3084512921915965,last_week,0.0
2018-07-16,2018-08-06,4,furniture_decor,North,1.0,2.3084512921915965,last_week,4.0
2018-07-16,2018-07-16,1,furniture_decor,Northeast,6.0,6.07626963124407,last_week,10.0
2018-07-16,2018-07-23,2,furniture_decor,Northeast,6.0,6.07626963124407,last_week,9.0
2018-07-16,2018-07-30,3,furniture_decor,Northeast,6.0,6.07626963124407,last_week,9.0
2018-07-16,2018-08-06,4,furniture_decor,Northeast,6.0,6.07626963124407,last_week,6.0
2018-07-16,2018-07-16,1,furniture_decor,South,8.0,10.284121639437023,last_week,24.0
2018-07-16,2018-07-23,2,furniture_decor,South,8.0,10.284121639437023,last_week,28.0
2018-07-16,2018-07-30,3,furniture_decor,South,8.0,10.284121639437023,last_week,21.0
2018-07-16,2018-08-06,4,furniture_decor,South,8.0,10.284121639437023,last_week,50.0
2018-07-16,2018-07-16,1,furniture_decor,Southeast,26.0,30.26483977019851,last_week,77.0
2018-07-16,2018-07-23,2,furniture_decor,Southeast,26.0,30.26483977019851,last_week,84.0
2018-07-16,2018-07-30,3,furniture_decor,Southeast,26.0,30.26483977019851,last_week,111.0
2018-07-16,2018-08-06,4,furniture_decor,Southeast,26.0,30.26483977019851,last_week,82.0
2018-07-16,2018-07-16,1,garden_tools,Central-West,1.0,4.606916996270534,last_week,3.0
2018-07-16,2018-07-23,2,garden_tools,Central-West,1.0,4.606916996270534,last_week,1.0
2018-07-16,2018-07-30,3,garden_tools,Central-West,1.0,4.606916996270534,last_week,1.0
2018-07-16,2018-08-06,4,garden_tools,Central-West,1.0,4.606916996270534,last_week,5.0
2018-07-16,2018-07-16,1,garden_tools,North,1.0,1.6622749155109218,last_week,1.0
2018-07-16,2018-07-23,2,garden_tools,North,1.0,1.6622749155109218,last_week,0.0
2018-07-16,2018-07-30,3,garden_tools,North,1.0,1.6622749155109218,last_week,0.0
2018-07-16,2018-08-06,4,garden_tools,North,1.0,1.6622749155109218,last_week,0.0
2018-07-16,2018-07-16,1,garden_tools,Northeast,3.0,6.140889700669559,last_week,5.0
2018-07-16,2018-07-23,2,garden_tools,Northeast,3.0,6.140889700669559,last_week,6.0
2018-07-16,2018-07-30,3,garden_tools,Northeast,3.0,6.140889700669559,last_week,3.0
2018-07-16,2018-08-06,4,garden_tools,Northeast,3.0,6.140889700669559,last_week,2.0
2018-07-16,2018-07-16,1,garden_tools,South,2.0,5.862458618415279,last_week,3.0
2018-07-16,2018-07-23,2,garden_tools,South,2.0,5.862458618415279,last_week,6.0
2018-07-16,2018-07-30,3,garden_tools,South,2.0,5.862458618415279,last_week,4.0
2018-07-16,2018-08-06,4,garden_tools,South,2.0,5.862458618415279,last_week,12.0
2018-07-16,2018-07-16,1,garden_tools,Southeast,16.0,25.099800796022265,last_week,28.0
2018-07-16,2018-07-23,2,garden_tools,Southeast,16.0,25.099800796022265,last_week,46.0
2018-07-16,2018-07-30,3,garden_tools,Southeast,16.0,25.099800796022265,last_week,26.0
2018-07-16,2018-08-06,4,garden_tools,Southeast,16.0,25.099800796022265,last_week,33.0
2018-07-16,2018-07-16,1,health_beauty,Central-West,15.0,5.005260390723681,last_week,14.0
2018-07-16,2018-07-23,2,health_beauty,Central-West,15.0,5.005260390723681,last_week,6.0
2018-07-16,2018-07-30,3,health_beauty,Central-West,15.0,5.005260390723681,last_week,15.0
2018-07-16,2018-08-06,4,health_beauty,Central-West,15.0,5.005260390723681,last_week,19.0
2018-07-16,2018-07-16,1,health_beauty,North,6.0,2.6482367520176218,last_week,2.0
2018-07-16,2018-07-23,2,health_beauty,North,6.0,2.6482367520176218,last_week,6.0
2018-07-16,2018-07-30,3,health_beauty,North,6.0,2.6482367520176218,last_week,11.0
2018-07-16,2018-08-06,4,health_beauty,North,6.0,2.6482367520176218,last_week,7.0
2018-07-16,2018-07-16,1,health_beauty,Northeast,27.0,6.06976978666884,last_week,29.0
2018-07-16,2018-07-23,2,health_beauty,Northeast,27.0,6.06976978666884,last_week,22.0
2018-07-16,2018-07-30,3,health_beauty,Northeast,27.0,6.06976978666884,last_week,27.0
2018-07-16,2018-08-06,4,health_beauty,Northeast,27.0,6.06976978666884,last_week,23.0
2018-07-16,2018-07-16,1,health_beauty,South,15.0,6.567463661670951,last_week,22.0
2018-07-16,2018-07-23,2,health_beauty,South,15.0,6.567463661670951,last_week,18.0
2018-07-16,2018-07-30,3,health_beauty,South,15.0,6.567463661670951,last_week,21.0
2018-07-16,2018-08-06,4,health_beauty,South,15.0,6.567463661670951,last_week,28.0
2018-07-16,2018-07-16,1,health_beauty,Southeast,82.0,22.691582023667767,last_week,153.0
2018-07-16,2018-07-23,2,health_beauty,Southeast,82.0,22.691582023667767,last_week,118.0
2018-07-16,2018-07-30,3,health_beauty,Southeast,82.0,22.691582023667767,last_week,166.0
2018-07-16,2018-08-06,4,health_beauty,Southeast,82.0,22.691582023667767,last_week,185.0
2018-07-16,2018-07-16,1,housewares,Central-West,12.0,3.6706517419289884,last_week,11.0
2018-07-16,2018-07-23,2,housewares,Central-West,12.0,3.6706517419289884,last_week,20.0
2018-07-16,2018-07-30,3,housewares,Central-West,12.0,3.6706517419289884,last_week,18.0
2018-07-16,2018-08-06,4,housewares,Central-West,12.0,3.6706517419289884,last_week,2.0
2018-07-16,2018-07-16,1,housewares,North,0.0,1.7013926184468013,last_week,1.0
2018-07-16,2018-07-23,2,housewares,North,0.0,1.7013926184468013,last_week,0.0
2018-07-16,2018-07-30,3,housewares,North,0.0,1.7013926184468013,last_week,4.0
2018-07-16,2018-08-06,4,housewares,North,0.0,1.7013926184468013,last_week,0.0
2018-07-16,2018-07-16,1,housewares,Northeast,5.0,4.154895653892748,last_week,5.0
2018-07-16,2018-07-23,2,housewares,Northeast,5.0,4.154895653892748,last_week,6.0
2018-07-16,2018-07-30,3,housewares,Northeast,5.0,4.154895653892748,last_week,7.0
2018-07-16,2018-08-06,4,housewares,Northeast,5.0,4.154895653892748,last_week,7.0
2018-07-16,2018-07-16,1,housewares,South,10.0,6.99529917346755,last_week,31.0
2018-07-16,2018-07-23,2,housewares,South,10.0,6.99529917346755,last_week,26.0
2018-07-16,2018-07-30,3,housewares,South,10.0,6.99529917346755,last_week,33.0
2018-07-16,2018-08-06,4,housewares,South,10.0,6.99529917346755,last_week,28.0
2018-07-16,2018-07-16,1,housewares,Southeast,43.0,20.24585727604799,last_week,82.0
2018-07-16,2018-07-23,2,housewares,Southeast,43.0,20.24585727604799,last_week,117.0
2018-07-16,2018-07-30,3,housewares,Southeast,43.0,20.24585727604799,last_week,141.0
2018-07-16,2018-08-06,4,housewares,Southeast,43.0,20.24585727604799,last_week,138.0
2018-07-16,2018-07-16,1,sports_leisure,Central-West,4.0,4.839530207734936,last_week,5.0
2018-07-16,2018-07-23,2,sports_leisure,Central-West,4.0,4.839530207734936,last_week,11.0
2018-07-16,2018-07-30,3,sports_leisure,Central-West,4.0,4.839530207734936,last_week,10.0
2018-07-16,2018-08-06,4,sports_leisure,Central-West,4.0,4.839530207734936,last_week,7.0
2018-07-16,2018-07-16,1,sports_leisure,North,2.0,2.3169853371636986,last_week,3.0
2018-07-16,2018-07-23,2,sports_leisure,North,2.0,2.3169853371636986,last_week,6.0
2018-07-16,2018-07-30,3,sports_leisure,North,2.0,2.3169853371636986,last_week,5.0
2018-07-16,2018-08-06,4,sports_leisure,North,2.0,2.3169853371636986,last_week,1.0
2018-07-16,2018-07-16,1,sports_leisure,Northeast,10.0,4.605488716280767,last_week,18.0
2018-07-16,2018-07-23,2,sports_leisure,Northeast,10.0,4.605488716280767,last_week,7.0
2018-07-16,2018-07-30,3,sports_leisure,Northeast,10.0,4.605488716280767,last_week,12.0
2018-07-16,2018-08-06,4,sports_leisure,Northeast,10.0,4.605488716280767,last_week,9.0
2018-07-16,2018-07-16,1,sports_leisure,South,6.0,7.77140507515245,last_week,16.0
2018-07-16,2018-07-23,2,sports_leisure,South,6.0,7.77140507515245,last_week,21.0
2018-07-16,2018-07-30,3,sports_leisure,South,6.0,7.77140507515245,last_week,17.0
2018-07-16,2018-08-06,4,sports_leisure,South,6.0,7.77140507515245,last_week,28.0
2018-07-16,2018-07-16,1,sports_leisure,Southeast,38.0,19.698049596209692,last_week,64.0
2018-07-16,2018-07-23,2,sports_leisure,Southeast,38.0,19.698049596209692,last_week,88.0
2018-07-16,2018-07-30,3,sports_leisure,Southeast,38.0,19.698049596209692,last_week,105.0
2018-07-16,2018-08-06,4,sports_leisure,Southeast,38.0,19.698049596209692,last_week,83.0
2018-07-16,2018-07-16,1,telephony,Central-West,1.0,3.7486839796050253,last_week,7.0
2018-07-16,2018-07-23,2,telephony,Central-West,1.0,3.7486839796050253,last_week,4.0
2018-07-16,2018-07-30,3,telephony,Central-West,1.0,3.7486839796050253,last_week,7.0
2018-07-16,2018-08-06,4,telephony,Central-West,1.0,3.7486839796050253,last_week,8.0
2018-07-16,2018-07-16,1,telephony,North,1.0,2.1490511982341367,last_week,3.0
2018-07-16,2018-07-23,2,telephony,North,1.0,2.1490511982341367,last_week,0.0
2018-07-16,2018-07-30,3,telephony,North,1.0,2.1490511982341367,last_week,1.0
2018-07-16,2018-08-06,4,telephony,North,1.0,2.1490511982341367,last_week,2.0
2018-07-16,2018-07-16,1,telephony,Northeast,6.0,5.806076671539007,last_week,4.0
2018-07-16,2018-07-23,2,telephony,Northeast,6.0,5.806076671539007,last_week,17.0
2018-07-16,2018-07-30,3,telephony,Northeast,6.0,5.806076671539007,last_week,16.0
2018-07-16,2018-08-06,4,telephony,Northeast,6.0,5.806076671539007,last_week,19.0
2018-07-16,2018-07-16,1,telephony,South,12.0,5.073149130989859,last_week,10.0
2018-07-16,2018-07-23,2,telephony,South,12.0,5.073149130989859,last_week,6.0
2018-07-16,2018-07-30,3,telephony,South,12.0,5.073149130989859,last_week,10.0
2018-07-16,2018-08-06,4,telephony,South,12.0,5.073149130989859,last_week,32.0
2018-07-16,2018-07-16,1,telephony,Southeast,12.0,11.903117680940392,last_week,38.0
2018-07-16,2018-07-23,2,telephony,Southeast,12.0,11.903117680940392,last_week,36.0
2018-07-16,2018-07-30,3,telephony,Southeast,12.0,11.903117680940392,last_week,67.0
2018-07-16,2018-08-06,4,telephony,Southeast,12.0,11.903117680940392,last_week,46.0
2018-07-16,2018-07-16,1,watches_gifts,Central-West,8.0,3.101357936877261,last_week,8.0
2018-07-16,2018-07-23,2,watches_gifts,Central-West,8.0,3.101357936877261,last_week,10.0
2018-07-16,2018-07-30,3,watches_gifts,Central-West,8.0,3.101357936877261,last_week,9.0
2018-07-16,2018-08-06,4,watches_gifts,Central-West,8.0,3.101357936877261,last_week,9.0
2018-07-16,2018-07-16,1,watches_gifts,North,4.0,1.8064212949190015,last_week,3.0
2018-07-16,2018-07-23,2,watches_gifts,North,4.0,1.8064212949190015,last_week,5.0
2018-07-16,2018-07-30,3,watches_gifts,North,4.0,1.8064212949190015,last_week,2.0
2018-07-16,2018-08-06,4,watches_gifts,North,4.0,1.8064212949190015,last_week,5.0
2018-07-16,2018-07-16,1,watches_gifts,Northeast,28.0,5.358220443000593,last_week,16.0
2018-07-16,2018-07-23,2,watches_gifts,Northeast,28.0,5.358220443000593,last_week,21.0
2018-07-16,2018-07-30,3,watches_gifts,Northeast,28.0,5.358220443000593,last_week,26.0
2018-07-16,2018-08-06,4,watches_gifts,Northeast,28.0,5.358220443000593,last_week,18.0
2018-07-16,2018-07-16,1,watches_gifts,South,16.0,5.621855846417154,last_week,20.0
2018-07-16,2018-07-23,2,watches_gifts,South,16.0,5.621855846417154,last_week,11.0
2018-07-16,2018-07-30,3,watches_gifts,South,16.0,5.621855846417154,last_week,17.0
2018-07-16,2018-08-06,4,watches_gifts,South,16.0,5.621855846417154,last_week,16.0
2018-07-16,2018-07-16,1,watches_gifts,Southeast,65.0,17.63929524788633,last_week,98.0
2018-07-16,2018-07-23,2,watches_gifts,Southeast,65.0,17.63929524788633,last_week,69.0
2018-07-16,2018-07-30,3,watches_gifts,Southeast,65.0,17.63929524788633,last_week,104.0
2018-07-16,2018-08-06,4,watches_gifts,Southeast,65.0,17.63929524788633,last_week,75.0
2018-07-16,2018-07-16,1,auto,Central-West,3.0,3.56702736329935,moving_average,7.0
2018-07-16,2018-07-23,2,auto,Central-West,2.75,3.56702736329935,moving_average,7.0
2018-07-16,2018-07-30,3,auto,Central-West,2.1875,3.56702736329935,moving_average,4.0
2018-07-16,2018-08-06,4,auto,Central-West,2.734375,3.56702736329935,moving_average,9.0
2018-07-16,2018-07-16,1,auto,North,1.25,1.1620365516490525,moving_average,5.0
2018-07-16,2018-07-23,2,auto,North,1.5625,1.1620365516490525,moving_average,3.0
2018-07-16,2018-07-30,3,auto,North,1.703125,1.1620365516490525,moving_average,1.0
2018-07-16,2018-08-06,4,auto,North,1.62890625,1.1620365516490525,moving_average,3.0
2018-07-16,2018-07-16,1,auto,Northeast,9.25,3.0249782513354755,moving_average,12.0
2018-07-16,2018-07-23,2,auto,Northeast,9.3125,3.0249782513354755,moving_average,10.0
2018-07-16,2018-07-30,3,auto,Northeast,10.390625,3.0249782513354755,moving_average,12.0
2018-07-16,2018-08-06,4,auto,Northeast,11.98828125,3.0249782513354755,moving_average,21.0
2018-07-16,2018-07-16,1,auto,South,10.25,3.6118181381622603,moving_average,17.0
2018-07-16,2018-07-23,2,auto,South,10.0625,3.6118181381622603,moving_average,12.0
2018-07-16,2018-07-30,3,auto,South,10.328125,3.6118181381622603,moving_average,14.0
2018-07-16,2018-08-06,4,auto,South,10.66015625,3.6118181381622603,moving_average,13.0
2018-07-16,2018-07-16,1,auto,Southeast,40.75,13.259864748853765,moving_average,55.0
2018-07-16,2018-07-23,2,auto,Southeast,38.4375,13.259864748853765,moving_average,65.0
2018-07-16,2018-07-30,3,auto,Southeast,35.546875,13.259864748853765,moving_average,70.0
2018-07-16,2018-08-06,4,auto,Southeast,33.43359375,13.259864748853765,moving_average,91.0
2018-07-16,2018-07-16,1,bed_bath_table,Central-West,6.75,4.504292543317926,moving_average,11.0
2018-07-16,2018-07-23,2,bed_bath_table,Central-West,6.9375,4.504292543317926,moving_average,10.0
2018-07-16,2018-07-30,3,bed_bath_table,Central-West,7.671875,4.504292543317926,moving_average,6.0
2018-07-16,2018-08-06,4,bed_bath_table,Central-West,7.33984375,4.504292543317926,moving_average,9.0
2018-07-16,2018-07-16,1,bed_bath_table,North,1.0,1.2122592001799997,moving_average,1.0
2018-07-16,2018-07-23,2,bed_bath_table,North,1.0,1.2122592001799997,moving_average,2.0
2018-07-16,2018-07-30,3,bed_bath_table,North,1.25,1.2122592001799997,moving_average,0.0
2018-07-16,2018-08-06,4,bed_bath_table,North,0.8125,1.2122592001799997,moving_average,0.0
2018-07-16,2018-07-16,1,bed_bath_table,Northeast,9.0,3.9254986273955326,moving_average,6.0
2018-07-16,2018-07-23,2,bed_bath_table,Northeast,10.75,3.9254986273955326,moving_average,6.0
2018-07-16,2018-07-30,3,bed_bath_table,Northeast,8.6875,3.9254986273955326,moving_average,7.0
2018-07-16,2018-08-06,4,bed_bath_table,Northeast,9.359375,3.9254986273955326,moving_average,3.0
2018-07-16,2018-07-16,1,bed_bath_table,South,18.5,7.435357387085318,moving_average,20.0
2018-07-16,2018-07-23,2,bed_bath_table,South,16.375,7.435357387085318,moving_average,16.0
2018-07-16,2018-07-30,3,bed_bath_table,South,15.46875,7.435357387085318,moving_average,12.0
2018-07-16,2018-08-06,4,bed_bath_table,South,15.8359375,7.435357387085318,moving_average,31.0
2018-07-16,2018-07-16,1,bed_bath_table,Southeast,104.25,41.423399502162894,moving_average,144.0
2018-07-16,2018-07-23,2,bed_bath_table,Southeast,90.8125,41.423399502162894,moving_average,118.0
2018-07-16,2018-07-30,3,bed_bath_table,Southeast,85.265625,41.423399502162894,moving_average,174.0
2018-07-16,2018-08-06,4,bed_bath_table,Southeast,82.58203125,41.423399502162894,moving_average,151.0
2018-07-16,2018-07-16,1,computers_accessories,Central-West,3.25,4.005649792874796,moving_average,8.0
2018-07-16,2018-07-23,2,computers_accessories,Central-West,2.3125,4.005649792874796,moving_average,6.0
2018-07-16,2018-07-30,3,computers_accessories,Central-West,2.390625,4.005649792874796,moving_average,7.0
2018-07-16,2018-08-06,4,computers_accessories,Central-West,2.23828125,4.005649792874796,moving_average,11.0
2018-07-16,2018-07-16,1,computers_accessories,North,0.25,1.9751748756689074,moving_average,4.0
2018-07-16,2018-07-23,2,computers_accessories,North,0.3125,1.9751748756689074,moving_average,6.0
2018-07-16,2018-07-30,3,computers_accessories,North,0.390625,1.9751748756689074,moving_average,9.0
2018-07-16,2018-08-06,4,computers_accessories,North,0.48828125,1.9751748756689074,moving_average,0.0
2018-07-16,2018-07-16,1,computers_accessories,Northeast,9.0,4.986329997313181,moving_average,9.0
2018-07-16,2018-07-23,2,computers_accessories,Northeast,9.0,4.986329997313181,moving_average,9.0
2018-07-16,2018-07-30,3,computers_accessories,Northeast,9.25,4.986329997313181,moving_average,12.0
2018-07-16,2018-08-06,4,computers_accessories,Northeast,9.3125,4.986329997313181,moving_average,5.0
2018-07-16,2018-07-16,1,computers_accessories,South,16.25,8.802941344561457,moving_average,17.0
2018-07-16,2018-07-23,2,computers_accessories,South,15.5625,8.802941344561457,moving_average,15.0
2018-07-16,2018-07-30,3,computers_accessories,South,14.703125,8.802941344561457,moving_average,13.0
2018-07-16,2018-08-06,4,computers_accessories,South,15.62890625,8.802941344561457,moving_average,21.0
2018-07-16,2018-07-16,1,computers_accessories,Southeast,60.75,27.42961986708222,moving_average,66.0
2018-07-16,2018-07-23,2,computers_accessories,Southeast,58.1875,27.42961986708222,moving_average,81.0
2018-07-16,2018-07-30,3,computers_accessories,Southeast,53.734375,27.42961986708222,moving_average,109.0
2018-07-16,2018-08-06,4,computers_accessories,Southeast,52.66796875,27.42961986708222,moving_average,91.0
2018-07-16,2018-07-16,1,furniture_decor,Central-West,3.25,3.7892680865279176,moving_average,3.0
2018-07-16,2018-07-23,2,furniture_decor,Central-West,2.5625,3.7892680865279176,moving_average,4.0
2018-07-16,2018-07-30,3,furniture_decor,Central-West,2.953125,3.7892680865279176,moving_average,6.0
2018-07-16,2018-08-06,4,furniture_decor,Central-West,2.69140625,3.7892680865279176,moving_average,3.0
2018-07-16,2018-07-16,1,furniture_decor,North,0.75,1.6819474927657678,moving_average,3.0
2018-07-16,2018-07-23,2,furniture_decor,North,0.9375,1.6819474927657678,moving_average,6.0
2018-07-16,2018-07-30,3,furniture_decor,North,0.921875,1.6819474927657678,moving_average,0.0
2018-07-16,2018-08-06,4,furniture_decor,North,0.90234375,1.6819474927657678,moving_average,4.0
2018-07-16,2018-07-16,1,furniture_decor,Northeast,8.0,5.440845159773579,moving_average,10.0
2018-07-16,2018-07-23,2,furniture_decor,Northeast,8.25,5.440845159773579,moving_average,9.0
2018-07-16,2018-07-30,3,furniture_decor,Northeast,6.8125,5.440845159773579,moving_average,9.0
2018-07-16,2018-08-06,4,furniture_decor,Northeast,7.265625,5.440845159773579,moving_average,6.0
2018-07-16,2018-07-16,1,furniture_decor,South,16.75,9.519673189326351,moving_average,24.0
2018-07-16,2018-07-23,2,furniture_decor,South,15.4375,9.519673189326351,moving_average,28.0
2018-07-16,2018-07-30,3,furniture_decor,South,14.296875,9.519673189326351,moving_average,21.0
2018-07-16,2018-08-06,4,furniture_decor,South,13.62109375,9.519673189326351,moving_average,50.0
2018-07-16,2018-07-16,1,furniture_decor,Southeast,56.25,33.71908915857916,moving_average,77.0
2018-07-16,2018-07-23,2,furniture_decor,Southeast,57.3125,33.71908915857916,moving_average,84.0
2018-07-16,2018-07-30,3,furniture_decor,Southeast,50.640625,33.71908915857916,moving_average,111.0
2018-07-16,2018-08-06,4,furniture_decor,Southeast,47.55078125,33.71908915857916,moving_average,82.0
2018-07-16,2018-07-16,1,garden_tools,Central-West,1.25,3.7286673928249203,moving_average,3.0
2018-07-16,2018-07-23,2,garden_tools,Central-West,1.5625,3.7286673928249203,moving_average,1.0
2018-07-16,2018-07-30,3,garden_tools,Central-West,0.953125,3.7286673928249203,moving_average,1.0
2018-07-16,2018-08-06,4,garden_tools,Central-West,1.19140625,3.7286673928249203,moving_average,5.0
2018-07-16,2018-07-16,1,garden_tools,North,0.5,1.242080173698436,moving_average,1.0
2018-07-16,2018-07-23,2,garden_tools,North,0.625,1.242080173698436,moving_average,0.0
2018-07-16,2018-07-30,3,garden_tools,North,0.53125,1.242080173698436,moving_average,0.0
2018-07-16,2018-08-06,4,garden_tools,North,0.6640625,1.242080173698436,moving_average,0.0
2018-07-16,2018-07-16,1,garden_tools,Northeast,3.5,4.719866328392652,moving_average,5.0
2018-07-16,2018-07-23,2,garden_tools,Northeast,3.875,4.719866328392652,moving_average,6.0
2018-07-16,2018-07-30,3,garden_tools,Northeast,3.59375,4.719866328392652,moving_average,3.0
2018-07-16,2018-08-06,4,garden_tools,Northeast,3.4921875,4.719866328392652,moving_average,2.0
2018-07-16,2018-07-16,1,garden_tools,South,4.75,5.481502987320175,moving_average,3.0
2018-07-16,2018-07-23,2,garden_tools,South,5.1875,5.481502987320175,moving_average,6.0
2018-07-16,2018-07-30,3,garden_tools,South,4.234375,5.481502987320175,moving_average,4.0
2018-07-16,2018-08-06,4,garden_tools,South,4.04296875,5.481502987320175,moving_average,12.0
2018-07-16,2018-07-16,1,garden_tools,Southeast,30.0,21.72463357452476,moving_average,28.0
2018-07-16,2018-07-23,2,garden_tools,Southeast,31.25,21.72463357452476,moving_average,46.0
2018-07-16,2018-07-30,3,garden_tools,Southeast,26.0625,21.72463357452476,moving_average,26.0
2018-07-16,2018-08-06,4,garden_tools,Southeast,25.828125,21.72463357452476,moving_average,33.0
2018-07-16,2018-07-16,1,health_beauty,Central-West,9.75,4.425367959723504,moving_average,14.0
2018-07-16,2018-07-23,2,health_beauty,Central-West,9.6875,4.425367959723504,moving_average,6.0
2018-07-16,2018-07-30,3,health_beauty,Central-West,10.109375,4.425367959723504,moving_average,15.0
2018-07-16,2018-08-06,4,health_beauty,Central-West,11.13671875,4.425367959723504,moving_average,19.0
2018-07-16,2018-07-16,1,health_beauty,North,5.5,2.2036527689987344,moving_average,2.0
2018-07-16,2018-07-23,2,health_beauty,North,5.875,2.2036527689987344,moving_average,6.0
2018-07-16,2018-07-30,3,health_beauty,North,5.59375,2.2036527689987344,moving_average,11.0
2018-07-16,2018-08-06,4,health_beauty,North,5.7421875,2.2036527689987344,moving_average,7.0
2018-07-16,2018-07-16,1,health_beauty,Northeast,21.5,5.6066220245630785,moving_average,29.0
2018-07-16,2018-07-23,2,health_beauty,Northeast,22.125,5.6066220245630785,moving_average,22.0
2018-07-16,2018-07-30,3,health_beauty,Northeast,22.65625,5.6066220245630785,moving_average,27.0
2018-07-16,2018-08-06,4,health_beauty,Northeast,23.3203125,5.6066220245630785,moving_average,23.0
2018-07-16,2018-07-16,1,health_beauty,South,18.75,6.8819940500746695,moving_average,22.0
2018-07-16,2018-07-23,2,health_beauty,South,17.6875,6.8819940500746695,moving_average,18.0
2018-07-16,2018-07-30,3,health_beauty,South,16.109375,6.8819940500746695,moving_average,21.0
2018-07-16,2018-08-06,4,health_beauty,South,16.88671875,6.8819940500746695,moving_average,28.0
2018-07-16,2018-07-16,1,health_beauty,Southeast,130.5,26.91360446434401,moving_average,153.0
2018-07-16,2018-07-23,2,health_beauty,Southeast,120.375,26.91360446434401,moving_average,118.0
2018-07-16,2018-07-30,3,health_beauty,Southeast,117.71875,26.91360446434401,moving_average,166.0
2018-07-16,2018-08-06,4,health_beauty,Southeast,112.6484375,26.91360446434401,moving_average,185.0
2018-07-16,2018-07-16,1,housewares,Central-West,8.5,3.2773394617232467,moving_average,11.0
2018-07-16,2018-07-23,2,housewares,Central-West,8.375,3.2773394617232467,moving_average,20.0
2018-07-16,2018-07-30,3,housewares,Central-West,8.21875,3.2773394617232467,moving_average,18.0
2018-07-16,2018-08-06,4,housewares,Central-West,9.2734375,3.2773394617232467,moving_average,2.0
2018-07-16,2018-07-16,1,housewares,North,1.5,1.2808688457449497,moving_average,1.0
2018-07-16,2018-07-23,2,housewares,North,1.375,1.2808688457449497,moving_average,0.0
2018-07-16,2018-07-30,3,housewares,North,0.96875,1.2808688457449497,moving_average,4.0
2018-07-16,2018-08-06,4,housewares,North,0.9609375,1.2808688457449497,moving_average,0.0
2018-07-16,2018-07-16,1,housewares,Northeast,9.0,3.4892928328938244,moving_average,5.0
2018-07-16,2018-07-23,2,housewares,Northeast,9.75,3.4892928328938244,moving_average,6.0
2018-07-16,2018-07-30,3,housewares,Northeast,7.6875,3.4892928328938244,moving_average,7.0
2018-07-16,2018-08-06,4,housewares,Northeast,7.859375,3.4892928328938244,moving_average,7.0
2018-07-16,2018-07-16,1,housewares,South,14.5,5.528038578584251,moving_average,31.0
2018-07-16,2018-07-23,2,housewares,South,15.125,5.528038578584251,moving_average,26.0
2018-07-16,2018-07-30,3,housewares,South,14.15625,5.528038578584251,moving_average,33.0
2018-07-16,2018-08-06,4,housewares,South,13.4453125,5.528038578584251,moving_average,28.0
2018-07-16,2018-07-16,1,housewares,Southeast,74.5,20.00291919485227,moving_average,82.0
2018-07-16,2018-07-23,2,housewares,Southeast,71.875,20.00291919485227,moving_average,117.0
2018-07-16,2018-07-30,3,housewares,Southeast,67.84375,20.00291919485227,moving_average,141.0
2018-07-16,2018-08-06,4,housewares,Southeast,64.3046875,20.00291919485227,moving_average,138.0
2018-07-16,2018-07-16,1,sports_leisure,Central-West,7.0,3.8994348443413127,moving_average,5.0
2018-07-16,2018-07-23,2,sports_leisure,Central-West,6.0,3.8994348443413127,moving_average,11.0
2018-07-16,2018-07-30,3,sports_leisure,Central-West,6.0,3.8994348443413127,moving_average,10.0
2018-07-16,2018-08-06,4,sports_leisure,Central-West,5.75,3.8994348443413127,moving_average,7.0
2018-07-16,2018-07-16,1,sports_leisure,North,1.25,1.9281928408691251,moving_average,3.0
2018-07-16,2018-07-23,2,sports_leisure,North,1.0625,1.9281928408691251,moving_average,6.0
2018-07-16,2018-07-30,3,sports_leisure,North,1.328125,1.9281928408691251,moving_average,5.0
2018-07-16,2018-08-06,4,sports_leisure,North,1.41015625,1.9281928408691251,moving_average,1.0
2018-07-16,2018-07-16,1,sports_leisure,Northeast,8.75,4.427225874898233,moving_average,18.0
2018-07-16,2018-07-23,2,sports_leisure,Northeast,8.4375,4.427225874898233,moving_average,7.0
2018-07-16,2018-07-30,3,sports_leisure,Northeast,9.296875,4.427225874898233,moving_average,12.0
2018-07-16,2018-08-06,4,sports_leisure,Northeast,9.12109375,4.427225874898233,moving_average,9.0
2018-07-16,2018-07-16,1,sports_leisure,South,12.25,6.894112190466358,moving_average,16.0
2018-07-16,2018-07-23,2,sports_leisure,South,12.3125,6.894112190466358,moving_average,21.0
2018-07-16,2018-07-30,3,sports_leisure,South,12.140625,6.894112190466358,moving_average,17.0
2018-07-16,2018-08-06,4,sports_leisure,South,10.67578125,6.894112190466358,moving_average,28.0
2018-07-16,2018-07-16,1,sports_leisure,Southeast,66.5,21.66035670600969,moving_average,64.0
2018-07-16,2018-07-23,2,sports_leisure,Southeast,65.125,21.66035670600969,moving_average,88.0
2018-07-16,2018-07-30,3,sports_leisure,Southeast,61.90625,21.66035670600969,moving_average,105.0
2018-07-16,2018-08-06,4,sports_leisure,Southeast,57.8828125,21.66035670600969,moving_average,83.0
2018-07-16,2018-07-16,1,telephony,Central-West,5.75,3.138916381911372,moving_average,7.0
2018-07-16,2018-07-23,2,telephony,Central-West,2.9375,3.138916381911372,moving_average,4.0
2018-07-16,2018-07-30,3,telephony,Central-West,2.671875,3.138916381911372,moving_average,7.0
2018-07-16,2018-08-06,4,telephony,Central-West,3.08984375,3.138916381911372,moving_average,8.0
2018-07-16,2018-07-16,1,telephony,North,0.5,1.9592896134756812,moving_average,3.0
2018-07-16,2018-07-23,2,telephony,North,0.625,1.9592896134756812,moving_average,0.0
2018-07-16,2018-07-30,3,telephony,North,0.53125,1.9592896134756812,moving_average,1.0
2018-07-16,2018-08-06,4,telephony,North,0.6640625,1.9592896134756812,moving_average,2.0
2018-07-16,2018-07-16,1,telephony,Northeast,5.25,4.991769541745165,moving_average,4.0
2018-07-16,2018-07-23,2,telephony,Northeast,4.8125,4.991769541745165,moving_average,17.0
2018-07-16,2018-07-30,3,telephony,Northeast,5.765625,4.991769541745165,moving_average,16.0
2018-07-16,2018-08-06,4,telephony,Northeast,5.45703125,4.991769541745165,moving_average,19.0
2018-07-16,2018-07-16,1,telephony,South,9.5,4.593509436952146,moving_average,10.0
2018-07-16,2018-07-23,2,telephony,South,9.625,4.593509436952146,moving_average,6.0
2018-07-16,2018-07-30,3,telephony,South,10.03125,4.593509436952146,moving_average,10.0
2018-07-16,2018-08-06,4,telephony,South,10.2890625,4.593509436952146,moving_average,32.0
2018-07-16,2018-07-16,1,telephony,Southeast,20.0,12.145465636455269,moving_average,38.0
2018-07-16,2018-07-23,2,telephony,Southeast,18.5,12.145465636455269,moving_average,36.0
2018-07-16,2018-07-30,3,telephony,Southeast,17.125,12.145465636455269,moving_average,67.0
2018-07-16,2018-08-06,4,telephony,Southeast,16.90625,12.145465636455269,moving_average,46.0
2018-07-16,2018-07-16,1,watches_gifts,Central-West,7.75,2.7547805338127542,moving_average,8.0
2018-07-16,2018-07-23,2,watches_gifts,Central-West,7.9375,2.7547805338127542,moving_average,10.0
2018-07-16,2018-07-30,3,watches_gifts,Central-West,7.171875,2.7547805338127542,moving_average,9.0
2018-07-16,2018-08-06,4,watches_gifts,Central-West,7.71484375,2.7547805338127542,moving_average,9.0
2018-07-16,2018-07-16,1,watches_gifts,North,2.75,1.4597111285961235,moving_average,3.0
2018-07-16,2018-07-23,2,watches_gifts,North,2.9375,1.4597111285961235,moving_average,5.0
2018-07-16,2018-07-30,3,watches_gifts,North,2.921875,1.4597111285961235,moving_average,2.0
2018-07-16,2018-08-06,4,watches_gifts,North,3.15234375,1.4597111285961235,moving_average,5.0
2018-07-16,2018-07-16,1,watches_gifts,Northeast,16.0,5.1808573513209994,moving_average,16.0
2018-07-16,2018-07-23,2,watches_gifts,Northeast,15.75,5.1808573513209994,moving_average,21.0
2018-07-16,2018-07-30,3,watches_gifts,Northeast,17.9375,5.1808573513209994,moving_average,26.0
2018-07-16,2018-08-06,4,watches_gifts,Northeast,19.421875,5.1808573513209994,moving_average,18.0
2018-07-16,2018-07-16,1,watches_gifts,South,12.75,5.050159585805706,moving_average,20.0
2018-07-16,2018-07-23,2,watches_gifts,South,12.9375,5.050159585805706,moving_average,11.0
2018-07-16,2018-07-30,3,watches_gifts,South,13.171875,5.050159585805706,moving_average,17.0
2018-07-16,2018-08-06,4,watches_gifts,South,13.71484375,5.050159585805706,moving_average,16.0
2018-07-16,2018-07-16,1,watches_gifts,Southeast,68.5,22.227831209165636,moving_average,98.0
2018-07-16,2018-07-23,2,watches_gifts,Southeast,65.875,22.227831209165636,moving_average,69.0
2018-07-16,2018-07-30,3,watches_gifts,Southeast,63.84375,22.227831209165636,moving_average,104.0
2018-07-16,2018-08-06,4,watches_gifts,Southeast,65.8046875,22.227831209165636,moving_average,75.0
2018-07-16,2018-07-16,1,auto,Central-West,1.8090519631116413,3.7914546682364567,ridge,7.0
2018-07-16,2018-07-23,2,auto,Central-West,1.2928459208854184,3.7914546682364567,ridge,7.0
2018-07-16,2018-07-30,3,auto,Central-West,1.1128499462669215,3.7914546682364567,ridge,4.0
2018-07-16,2018-08-06,4,auto,Central-West,0.6634070040830515,3.7914546682364567,ridge,9.0
2018-07-16,2018-07-16,1,auto,North,0.0,1.6213750256586792,ridge,5.0
2018-07-16,2018-07-23,2,auto,North,0.0,1.6213750256586792,ridge,3.0
2018-07-16,2018-07-30,3,auto,North,0.0,1.6213750256586792,ridge,1.0
2018-07-16,2018-08-06,4,auto,North,0.0,1.6213750256586792,ridge,3.0
2018-07-16,2018-07-16,1,auto,Northeast,11.351574822915753,3.3295772928880454,ridge,12.0
2018-07-16,2018-07-23,2,auto,Northeast,8.422421670269042,3.3295772928880454,ridge,10.0
2018-07-16,2018-07-30,3,auto,Northeast,7.188835806145612,3.3295772928880454,ridge,12.0
2018-07-16,2018-08-06,4,auto,Northeast,6.106601598515963,3.3295772928880454,ridge,21.0
2018-07-16,2018-07-16,1,auto,South,9.743685001060403,3.8402742674798156,ridge,17.0
2018-07-16,2018-07-23,2,auto,South,9.178332877482134,3.8402742674798156,ridge,12.0
2018-07-16,2018-07-30,3,auto,South,8.927683159352084,3.8402742674798156,ridge,14.0
2018-07-16,2018-08-06,4,auto,South,8.385666843420541,3.8402742674798156,ridge,13.0
2018-07-16,2018-07-16,1,auto,Southeast,30.07739083961652,11.795862631696393,ridge,55.0
2018-07-16,2018-07-23,2,auto,Southeast,35.882138681859175,11.795862631696393,ridge,65.0
2018-07-16,2018-07-30,3,auto,Southeast,39.53398483885394,11.795862631696393,ridge,70.0
2018-07-16,2018-08-06,4,auto,Southeast,42.24978171552303,11.795862631696393,ridge,91.0
2018-07-16,2018-07-16,1,bed_bath_table,Central-West,7.245023885900563,4.599471356264624,ridge,11.0
2018-07-16,2018-07-23,2,bed_bath_table,Central-West,7.225790149911546,4.599471356264624,ridge,10.0
2018-07-16,2018-07-30,3,bed_bath_table,Central-West,7.181519375441866,4.599471356264624,ridge,6.0
2018-07-16,2018-08-06,4,bed_bath_table,Central-West,7.4599851661977965,4.599471356264624,ridge,9.0
2018-07-16,2018-07-16,1,bed_bath_table,North,0.9674484023366183,2.109515452272145,ridge,1.0
2018-07-16,2018-07-23,2,bed_bath_table,North,1.5532917801649013,2.109515452272145,ridge,2.0
2018-07-16,2018-07-30,3,bed_bath_table,North,1.8721808378305749,2.109515452272145,ridge,0.0
2018-07-16,2018-08-06,4,bed_bath_table,North,2.385906453219558,2.109515452272145,ridge,0.0
2018-07-16,2018-07-16,1,bed_bath_table,Northeast,9.380188288486249,4.325807141414119,ridge,6.0
2018-07-16,2018-07-23,2,bed_bath_table,Northeast,9.113981931339664,4.325807141414119,ridge,6.0
2018-07-16,2018-07-30,3,bed_bath_table,Northeast,10.017264987625623,4.325807141414119,ridge,7.0
2018-07-16,2018-08-06,4,bed_bath_table,Northeast,10.523131545129566,4.325807141414119,ridge,3.0
2018-07-16,2018-07-16,1,bed_bath_table,South,14.98417549201027,7.216185882736283,ridge,20.0
2018-07-16,2018-07-23,2,bed_bath_table,South,16.59777005065539,7.216185882736283,ridge,16.0
2018-07-16,2018-07-30,3,bed_bath_table,South,17.68650253421929,7.216185882736283,ridge,12.0
2018-07-16,2018-08-06,4,bed_bath_table,South,18.14785703022168,7.216185882736283,ridge,31.0
2018-07-16,2018-07-16,1,bed_bath_table,Southeast,80.59608020413746,37.21968125654261,ridge,144.0
2018-07-16,2018-07-23,2,bed_bath_table,Southeast,96.37726212520542,37.21968125654261,ridge,118.0
2018-07-16,2018-07-30,3,bed_bath_table,Southeast,102.85992942188345,37.21968125654261,ridge,174.0
2018-07-16,2018-08-06,4,bed_bath_table,Southeast,103.92716982996158,37.21968125654261,ridge,151.0
2018-07-16,2018-07-16,1,computers_accessories,Central-West,1.6906824926120176,4.029846704026251,ridge,8.0
2018-07-16,2018-07-23,2,computers_accessories,Central-West,2.2716153284715954,4.029846704026251,ridge,6.0
2018-07-16,2018-07-30,3,computers_accessories,Central-West,2.6290109563560895,4.029846704026251,ridge,7.0
2018-07-16,2018-08-06,4,computers_accessories,Central-West,2.9941793870661195,4.029846704026251,ridge,11.0
2018-07-16,2018-07-16,1,computers_accessories,North,0.6031781223793029,2.192721084268452,ridge,4.0
2018-07-16,2018-07-23,2,computers_accessories,North,0.46987381724106037,2.192721084268452,ridge,6.0
2018-07-16,2018-07-30,3,computers_accessories,North,0.4369643373408021,2.192721084268452,ridge,9.0
2018-07-16,2018-08-06,4,computers_accessories,North,0.2952377238358057,2.192721084268452,ridge,0.0
2018-07-16,2018-07-16,1,computers_accessories,Northeast,9.513030140974408,5.306537176129438,ridge,9.0
2018-07-16,2018-07-23,2,computers_accessories,Northeast,9.37832286493122,5.306537176129438,ridge,9.0
2018-07-16,2018-07-30,3,computers_accessories,Northeast,9.270640008795588,5.306537176129438,ridge,12.0
2018-07-16,2018-08-06,4,computers_accessories,Northeast,8.962481090911258,5.306537176129438,ridge,5.0
2018-07-16,2018-07-16,1,computers_accessories,South,13.841750158689557,7.915998351465611,ridge,17.0
2018-07-16,2018-07-23,2,computers_accessories,South,13.271806274912574,7.915998351465611,ridge,15.0
2018-07-16,2018-07-30,3,computers_accessories,South,13.859232489637385,7.915998351465611,ridge,13.0
2018-07-16,2018-08-06,4,computers_accessories,South,14.038601225482967,7.915998351465611,ridge,21.0
2018-07-16,2018-07-16,1,computers_accessories,Southeast,48.00279687324311,24.8059779229182,ridge,66.0
2018-07-16,2018-07-23,2,computers_accessories,Southeast,53.40135779432501,24.8059779229182,ridge,81.0
2018-07-16,2018-07-30,3,computers_accessories,Southeast,57.28236592169303,24.8059779229182,ridge,109.0
2018-07-16,2018-08-06,4,computers_accessories,Southeast,59.308575158820105,24.8059779229182,ridge,91.0
2018-07-16,2018-07-16,1,furniture_decor,Central-West,2.8636980464033757,3.9220618139690244,ridge,3.0
2018-07-16,2018-07-23,2,furniture_decor,Central-West,3.2755443767460637,3.9220618139690244,ridge,4.0
2018-07-16,2018-07-30,3,furniture_decor,Central-West,3.217567129681834,3.9220618139690244,ridge,6.0
2018-07-16,2018-08-06,4,furniture_decor,Central-West,3.2295628065924458,3.9220618139690244,ridge,3.0
2018-07-16,2018-07-16,1,furniture_decor,North,0.4490663995932067,1.9724333633087727,ridge,3.0
2018-07-16,2018-07-23,2,furniture_decor,North,0.19211623732518035,1.9724333633087727,ridge,6.0
2018-07-16,2018-07-30,3,furniture_decor,North,0.030731183477740842,1.9724333633087727,ridge,0.0
2018-07-16,2018-08-06,4,furniture_decor,North,0.0,1.9724333633087727,ridge,4.0
2018-07-16,2018-07-16,1,furniture_decor,Northeast,5.7157548845042525,5.17149249489393,ridge,10.0
2018-07-16,2018-07-23,2,furniture_decor,Northeast,5.4071159671593385,5.17149249489393,ridge,9.0
2018-07-16,2018-07-30,3,furniture_decor,Northeast,5.825199835142877,5.17149249489393,ridge,9.0
2018-07-16,2018-08-06,4,furniture_decor,Northeast,6.247082486276688,5.17149249489393,ridge,6.0
2018-07-16,2018-07-16,1,furniture_decor,South,10.730356762717376,8.798559364137319,ridge,24.0
2018-07-16,2018-07-23,2,furniture_decor,South,12.550243882150887,8.798559364137319,ridge,28.0
2018-07-16,2018-07-30,3,furniture_decor,South,13.630142235825677,8.798559364137319,ridge,21.0
2018-07-16,2018-08-06,4,furniture_decor,South,14.366895755904943,8.798559364137319,ridge,50.0
2018-07-16,2018-07-16,1,furniture_decor,Southeast,42.79882256343679,27.333030816131636,ridge,77.0
2018-07-16,2018-07-23,2,furniture_decor,Southeast,48.27307558521237,27.333030816131636,ridge,84.0
2018-07-16,2018-07-30,3,furniture_decor,Southeast,52.19847339465847,27.333030816131636,ridge,111.0
2018-07-16,2018-08-06,4,furniture_decor,Southeast,56.06470371423749,27.333030816131636,ridge,82.0
2018-07-16,2018-07-16,1,garden_tools,Central-West,0.0,3.2866270228750194,ridge,3.0
2018-07-16,2018-07-23,2,garden_tools,Central-West,0.0,3.2866270228750194,ridge,1.0
2018-07-16,2018-07-30,3,garden_tools,Central-West,0.0,3.2866270228750194,ridge,1.0
2018-07-16,2018-08-06,4,garden_tools,Central-West,0.0,3.2866270228750194,ridge,5.0
2018-07-16,2018-07-16,1,garden_tools,North,0.0,1.7743807129614564,ridge,1.0
2018-07-16,2018-07-23,2,garden_tools,North,0.0,1.7743807129614564,ridge,0.0
2018-07-16,2018-07-30,3,garden_tools,North,0.0,1.7743807129614564,ridge,0.0
2018-07-16,2018-08-06,4,garden_tools,North,0.0,1.7743807129614564,ridge,0.0
2018-07-16,2018-07-16,1,garden_tools,Northeast,2.2456517739224173,5.126085848228488,ridge,5.0
2018-07-16,2018-07-23,2,garden_tools,Northeast,1.744404621561623,5.126085848228488,ridge,6.0
2018-07-16,2018-07-30,3,garden_tools,Northeast,1.542163455874067,5.126085848228488,ridge,3.0
2018-07-16,2018-08-06,4,garden_tools,Northeast,1.6281146075937487,5.126085848228488,ridge,2.0
2018-07-16,2018-07-16,1,garden_tools,South,3.2567724157633213,5.144235322460396,ridge,3.0
2018-07-16,2018-07-23,2,garden_tools,South,3.3280230504526944,5.144235322460396,ridge,6.0
2018-07-16,2018-07-30,3,garden_tools,South,3.64959022218412,5.144235322460396,ridge,4.0
2018-07-16,2018-08-06,4,garden_tools,South,3.823160549183193,5.144235322460396,ridge,12.0
2018-07-16,2018-07-16,1,garden_tools,Southeast,25.94169745874388,21.639666211360307,ridge,28.0
2018-07-16,2018-07-23,2,garden_tools,Southeast,29.599404641064577,21.639666211360307,ridge,46.0
2018-07-16,2018-07-30,3,garden_tools,Southeast,33.10284614795198,21.639666211360307,ridge,26.0
2018-07-16,2018-08-06,4,garden_tools,Southeast,35.19044067656287,21.639666211360307,ridge,33.0
2018-07-16,2018-07-16,1,health_beauty,Central-West,12.042600826267327,4.383894047317251,ridge,14.0
2018-07-16,2018-07-23,2,health_beauty,Central-West,11.25128509980084,4.383894047317251,ridge,6.0
2018-07-16,2018-07-30,3,health_beauty,Central-West,11.129981369081188,4.383894047317251,ridge,15.0
2018-07-16,2018-08-06,4,health_beauty,Central-West,10.543709640457708,4.383894047317251,ridge,19.0
2018-07-16,2018-07-16,1,health_beauty,North,5.099224504467609,2.500942143316748,ridge,2.0
2018-07-16,2018-07-23,2,health_beauty,North,4.872642590712214,2.500942143316748,ridge,6.0
2018-07-16,2018-07-30,3,health_beauty,North,5.051172803564275,2.500942143316748,ridge,11.0
2018-07-16,2018-08-06,4,health_beauty,North,5.112474957381762,2.500942143316748,ridge,7.0
2018-07-16,2018-07-16,1,health_beauty,Northeast,22.294074582856496,5.125961696738994,ridge,29.0
2018-07-16,2018-07-23,2,health_beauty,Northeast,20.81829515246863,5.125961696738994,ridge,22.0
2018-07-16,2018-07-30,3,health_beauty,Northeast,20.342045337749298,5.125961696738994,ridge,27.0
2018-07-16,2018-08-06,4,health_beauty,Northeast,19.720615683161764,5.125961696738994,ridge,23.0
2018-07-16,2018-07-16,1,health_beauty,South,15.310330487725517,5.719186048151073,ridge,22.0
2018-07-16,2018-07-23,2,health_beauty,South,16.08365558370095,5.719186048151073,ridge,18.0
2018-07-16,2018-07-30,3,health_beauty,South,17.31183766678651,5.719186048151073,ridge,21.0
2018-07-16,2018-08-06,4,health_beauty,South,17.834673185698396,5.719186048151073,ridge,28.0
2018-07-16,2018-07-16,1,health_beauty,Southeast,95.61249464760019,20.77386517311458,ridge,153.0
2018-07-16,2018-07-23,2,health_beauty,Southeast,106.12733313210423,20.77386517311458,ridge,118.0
2018-07-16,2018-07-30,3,health_beauty,Southeast,111.85145875614538,20.77386517311458,ridge,166.0
2018-07-16,2018-08-06,4,health_beauty,Southeast,115.13120303862604,20.77386517311458,ridge,185.0
2018-07-16,2018-07-16,1,housewares,Central-West,8.493341766740027,3.217073783801892,ridge,11.0
2018-07-16,2018-07-23,2,housewares,Central-West,7.3831739314619504,3.217073783801892,ridge,20.0
2018-07-16,2018-07-30,3,housewares,Central-West,7.237836061823676,3.217073783801892,ridge,18.0
2018-07-16,2018-08-06,4,housewares,Central-West,6.744318622617508,3.217073783801892,ridge,2.0
2018-07-16,2018-07-16,1,housewares,North,0.0,1.5789119062921926,ridge,1.0
2018-07-16,2018-07-23,2,housewares,North,0.0,1.5789119062921926,ridge,0.0
2018-07-16,2018-07-30,3,housewares,North,0.14432926739322482,1.5789119062921926,ridge,4.0
2018-07-16,2018-08-06,4,housewares,North,0.29942887306982513,1.5789119062921926,ridge,0.0
2018-07-16,2018-07-16,1,housewares,Northeast,5.555791130473136,3.475114336493919,ridge,5.0
2018-07-16,2018-07-23,2,housewares,Northeast,5.463621901921368,3.475114336493919,ridge,6.0
2018-07-16,2018-07-30,3,housewares,Northeast,6.177158955113184,3.475114336493919,ridge,7.0
2018-07-16,2018-08-06,4,housewares,Northeast,6.828474774180924,3.475114336493919,ridge,7.0
2018-07-16,2018-07-16,1,housewares,South,12.266778327482314,5.859041758367066,ridge,31.0
2018-07-16,2018-07-23,2,housewares,South,13.242583328621501,5.859041758367066,ridge,26.0
2018-07-16,2018-07-30,3,housewares,South,13.761954970286787,5.859041758367066,ridge,33.0
2018-07-16,2018-08-06,4,housewares,South,13.81886878946599,5.859041758367066,ridge,28.0
2018-07-16,2018-07-16,1,housewares,Southeast,63.9514855151495,18.34608871497731,ridge,82.0
2018-07-16,2018-07-23,2,housewares,Southeast,73.13720042820788,18.34608871497731,ridge,117.0
2018-07-16,2018-07-30,3,housewares,Southeast,75.63355561493559,18.34608871497731,ridge,141.0
2018-07-16,2018-08-06,4,housewares,Southeast,75.97539042069712,18.34608871497731,ridge,138.0
2018-07-16,2018-07-16,1,sports_leisure,Central-West,4.5237870526316675,3.9908151515713586,ridge,5.0
2018-07-16,2018-07-23,2,sports_leisure,Central-West,5.0933782043184825,3.9908151515713586,ridge,11.0
2018-07-16,2018-07-30,3,sports_leisure,Central-West,5.313815218218562,3.9908151515713586,ridge,10.0
2018-07-16,2018-08-06,4,sports_leisure,Central-West,5.606071647311761,3.9908151515713586,ridge,7.0
2018-07-16,2018-07-16,1,sports_leisure,North,1.656840615143702,2.0908595322181576,ridge,3.0
2018-07-16,2018-07-23,2,sports_leisure,North,1.6869292411940027,2.0908595322181576,ridge,6.0
2018-07-16,2018-07-30,3,sports_leisure,North,1.5753390801099698,2.0908595322181576,ridge,5.0
2018-07-16,2018-08-06,4,sports_leisure,North,1.384745982596705,2.0908595322181576,ridge,1.0
2018-07-16,2018-07-16,1,sports_leisure,Northeast,8.711055305979198,3.980506366021483,ridge,18.0
2018-07-16,2018-07-23,2,sports_leisure,Northeast,8.720885311624759,3.980506366021483,ridge,7.0
2018-07-16,2018-07-30,3,sports_leisure,Northeast,8.689650698439744,3.980506366021483,ridge,12.0
2018-07-16,2018-08-06,4,sports_leisure,Northeast,8.722329173504164,3.980506366021483,ridge,9.0
2018-07-16,2018-07-16,1,sports_leisure,South,9.037716812016559,6.690412026943708,ridge,16.0
2018-07-16,2018-07-23,2,sports_leisure,South,10.497224919775714,6.690412026943708,ridge,21.0
2018-07-16,2018-07-30,3,sports_leisure,South,10.887877478402752,6.690412026943708,ridge,17.0
2018-07-16,2018-08-06,4,sports_leisure,South,11.846178684755634,6.690412026943708,ridge,28.0
2018-07-16,2018-07-16,1,sports_leisure,Southeast,50.27029916971595,17.64376657310065,ridge,64.0
2018-07-16,2018-07-23,2,sports_leisure,Southeast,56.478568587328,17.64376657310065,ridge,88.0
2018-07-16,2018-07-30,3,sports_leisure,Southeast,60.2992601881029,17.64376657310065,ridge,105.0
2018-07-16,2018-08-06,4,sports_leisure,Southeast,64.15844561619683,17.64376657310065,ridge,83.0
2018-07-16,2018-07-16,1,telephony,Central-West,0.4448612478958367,3.2129520376321103,ridge,7.0
2018-07-16,2018-07-23,2,telephony,Central-West,0.9560947950348595,3.2129520376321103,ridge,4.0
2018-07-16,2018-07-30,3,telephony,Central-West,1.40870788285868,3.2129520376321103,ridge,7.0
2018-07-16,2018-08-06,4,telephony,Central-West,1.6674002596714654,3.2129520376321103,ridge,8.0
2018-07-16,2018-07-16,1,telephony,North,0.0,2.09465762685715,ridge,3.0
2018-07-16,2018-07-23,2,telephony,North,0.0,2.09465762685715,ridge,0.0
2018-07-16,2018-07-30,3,telephony,North,0.0,2.09465762685715,ridge,1.0
2018-07-16,2018-08-06,4,telephony,North,0.0,2.09465762685715,ridge,2.0
2018-07-16,2018-07-16,1,telephony,Northeast,4.65672015470236,4.810219108688286,ridge,4.0
2018-07-16,2018-07-23,2,telephony,Northeast,4.43823561291417,4.810219108688286,ridge,17.0
2018-07-16,2018-07-30,3,telephony,Northeast,3.895684858702885,4.810219108688286,ridge,16.0
2018-07-16,2018-08-06,4,telephony,Northeast,3.59236638399738,4.810219108688286,ridge,19.0
2018-07-16,2018-07-16,1,telephony,South,8.994273267711227,4.270442838683494,ridge,10.0
2018-07-16,2018-07-23,2,telephony,South,7.781779967427767,4.270442838683494,ridge,6.0
2018-07-16,2018-07-30,3,telephony,South,7.250690903974434,4.270442838683494,ridge,10.0
2018-07-16,2018-08-06,4,telephony,South,7.014922055662592,4.270442838683494,ridge,32.0
2018-07-16,2018-07-16,1,telephony,Southeast,22.195347039964442,11.034417649172916,ridge,38.0
2018-07-16,2018-07-23,2,telephony,Southeast,27.1142874578624,11.034417649172916,ridge,36.0
2018-07-16,2018-07-30,3,telephony,Southeast,30.060358163491635,11.034417649172916,ridge,67.0
2018-07-16,2018-08-06,4,telephony,Southeast,31.419680068469972,11.034417649172916,ridge,46.0
2018-07-16,2018-07-16,1,watches_gifts,Central-West,6.492388112780292,2.801886605339572,ridge,8.0
2018-07-16,2018-07-23,2,watches_gifts,Central-West,5.8301120328694225,2.801886605339572,ridge,10.0
2018-07-16,2018-07-30,3,watches_gifts,Central-West,5.894246774026219,2.801886605339572,ridge,9.0
2018-07-16,2018-08-06,4,watches_gifts,Central-West,5.843759853281943,2.801886605339572,ridge,9.0
2018-07-16,2018-07-16,1,watches_gifts,North,2.0790335883684072,1.6619540022445243,ridge,3.0
2018-07-16,2018-07-23,2,watches_gifts,North,1.3060914008275315,1.6619540022445243,ridge,5.0
2018-07-16,2018-07-30,3,watches_gifts,North,1.1045034885215284,1.6619540022445243,ridge,2.0
2018-07-16,2018-08-06,4,watches_gifts,North,0.9940904622299875,1.6619540022445243,ridge,5.0
2018-07-16,2018-07-16,1,watches_gifts,Northeast,19.34696900807144,4.933468313623483,ridge,16.0
2018-07-16,2018-07-23,2,watches_gifts,Northeast,16.407192426928553,4.933468313623483,ridge,21.0
2018-07-16,2018-07-30,3,watches_gifts,Northeast,15.014151155504113,4.933468313623483,ridge,26.0
2018-07-16,2018-08-06,4,watches_gifts,Northeast,13.752421463079257,4.933468313623483,ridge,18.0
2018-07-16,2018-07-16,1,watches_gifts,South,12.663816749226184,4.765663012069383,ridge,20.0
2018-07-16,2018-07-23,2,watches_gifts,South,11.674152955405784,4.765663012069383,ridge,11.0
2018-07-16,2018-07-30,3,watches_gifts,South,11.714710132640182,4.765663012069383,ridge,17.0
2018-07-16,2018-08-06,4,watches_gifts,South,11.648232204082593,4.765663012069383,ridge,16.0
2018-07-16,2018-07-16,1,watches_gifts,Southeast,65.613156382229,16.76781771429356,ridge,98.0
2018-07-16,2018-07-23,2,watches_gifts,Southeast,67.18937867395634,16.76781771429356,ridge,69.0
2018-07-16,2018-07-30,3,watches_gifts,Southeast,68.9793279956437,16.76781771429356,ridge,104.0
2018-07-16,2018-08-06,4,watches_gifts,Southeast,69.06290916003796,16.76781771429356,ridge,75.0
2018-07-23,2018-07-23,1,auto,Central-West,7.0,4.49530779900467,last_week,7.0
2018-07-23,2018-07-30,2,auto,Central-West,7.0,4.49530779900467,last_week,4.0
2018-07-23,2018-08-06,3,auto,Central-West,7.0,4.49530779900467,last_week,9.0
2018-07-23,2018-08-13,4,auto,Central-West,7.0,4.49530779900467,last_week,7.0
2018-07-23,2018-07-23,1,auto,North,5.0,1.5075567228888183,last_week,3.0
2018-07-23,2018-07-30,2,auto,North,5.0,1.5075567228888183,last_week,1.0
2018-07-23,2018-08-06,3,auto,North,5.0,1.5075567228888183,last_week,3.0
2018-07-23,2018-08-13,4,auto,North,5.0,1.5075567228888183,last_week,1.0
2018-07-23,2018-07-23,1,auto,Northeast,12.0,3.788225092394768,last_week,10.0
2018-07-23,2018-07-30,2,auto,Northeast,12.0,3.788225092394768,last_week,12.0
2018-07-23,2018-08-06,3,auto,Northeast,12.0,3.788225092394768,last_week,21.0
2018-07-23,2018-08-13,4,auto,Northeast,12.0,3.788225092394768,last_week,5.0
2018-07-23,2018-07-23,1,auto,South,17.0,4.516923444402993,last_week,12.0
2018-07-23,2018-07-30,2,auto,South,17.0,4.516923444402993,last_week,14.0
2018-07-23,2018-08-06,3,auto,South,17.0,4.516923444402993,last_week,13.0
2018-07-23,2018-08-13,4,auto,South,17.0,4.516923444402993,last_week,17.0
2018-07-23,2018-07-23,1,auto,Southeast,55.0,13.57136021855651,last_week,65.0
2018-07-23,2018-07-30,2,auto,Southeast,55.0,13.57136021855651,last_week,70.0
2018-07-23,2018-08-06,3,auto,Southeast,55.0,13.57136021855651,last_week,91.0
2018-07-23,2018-08-13,4,auto,Southeast,55.0,13.57136021855651,last_week,76.0
2018-07-23,2018-07-23,1,bed_bath_table,Central-West,11.0,5.233508420706935,last_week,10.0
2018-07-23,2018-07-30,2,bed_bath_table,Central-West,11.0,5.233508420706935,last_week,6.0
2018-07-23,2018-08-06,3,bed_bath_table,Central-West,11.0,5.233508420706935,last_week,9.0
2018-07-23,2018-08-13,4,bed_bath_table,Central-West,11.0,5.233508420706935,last_week,11.0
2018-07-23,2018-07-23,1,bed_bath_table,North,1.0,1.5331827518757672,last_week,2.0
2018-07-23,2018-07-30,2,bed_bath_table,North,1.0,1.5331827518757672,last_week,0.0
2018-07-23,2018-08-06,3,bed_bath_table,North,1.0,1.5331827518757672,last_week,0.0
2018-07-23,2018-08-13,4,bed_bath_table,North,1.0,1.5331827518757672,last_week,0.0
2018-07-23,2018-07-23,1,bed_bath_table,Northeast,6.0,4.633306860929078,last_week,6.0
2018-07-23,2018-07-30,2,bed_bath_table,Northeast,6.0,4.633306860929078,last_week,7.0
2018-07-23,2018-08-06,3,bed_bath_table,Northeast,6.0,4.633306860929078,last_week,3.0
2018-07-23,2018-08-13,4,bed_bath_table,Northeast,6.0,4.633306860929078,last_week,9.0
2018-07-23,2018-07-23,1,bed_bath_table,South,20.0,8.595528889086284,last_week,16.0
2018-07-23,2018-07-30,2,bed_bath_table,South,20.0,8.595528889086284,last_week,12.0
2018-07-23,2018-08-06,3,bed_bath_table,South,20.0,8.595528889086284,last_week,31.0
2018-07-23,2018-08-13,4,bed_bath_table,South,20.0,8.595528889086284,last_week,25.0
2018-07-23,2018-07-23,1,bed_bath_table,Southeast,144.0,43.01977799456081,last_week,118.0
2018-07-23,2018-07-30,2,bed_bath_table,Southeast,144.0,43.01977799456081,last_week,174.0
2018-07-23,2018-08-06,3,bed_bath_table,Southeast,144.0,43.01977799456081,last_week,151.0
2018-07-23,2018-08-13,4,bed_bath_table,Southeast,144.0,43.01977799456081,last_week,167.0
2018-07-23,2018-07-23,1,computers_accessories,Central-West,8.0,4.7152694762618,last_week,6.0
2018-07-23,2018-07-30,2,computers_accessories,Central-West,8.0,4.7152694762618,last_week,7.0
2018-07-23,2018-08-06,3,computers_accessories,Central-West,8.0,4.7152694762618,last_week,11.0
2018-07-23,2018-08-13,4,computers_accessories,Central-West,8.0,4.7152694762618,last_week,5.0
2018-07-23,2018-07-23,1,computers_accessories,North,4.0,2.5836649696360934,last_week,6.0
2018-07-23,2018-07-30,2,computers_accessories,North,4.0,2.5836649696360934,last_week,9.0
2018-07-23,2018-08-06,3,computers_accessories,North,4.0,2.5836649696360934,last_week,0.0
2018-07-23,2018-08-13,4,computers_accessories,North,4.0,2.5836649696360934,last_week,1.0
2018-07-23,2018-07-23,1,computers_accessories,Northeast,9.0,6.397036651612833,last_week,9.0
2018-07-23,2018-07-30,2,computers_accessories,Northeast,9.0,6.397036651612833,last_week,12.0
2018-07-23,2018-08-06,3,computers_accessories,Northeast,9.0,6.397036651612833,last_week,5.0
2018-07-23,2018-08-13,4,computers_accessories,Northeast,9.0,6.397036651612833,last_week,12.0
2018-07-23,2018-07-23,1,computers_accessories,South,17.0,7.982122882685139,last_week,15.0
2018-07-23,2018-07-30,2,computers_accessories,South,17.0,7.982122882685139,last_week,13.0
2018-07-23,2018-08-06,3,computers_accessories,South,17.0,7.982122882685139,last_week,21.0
2018-07-23,2018-08-13,4,computers_accessories,South,17.0,7.982122882685139,last_week,13.0
2018-07-23,2018-07-23,1,computers_accessories,Southeast,66.0,24.737058796915974,last_week,81.0
2018-07-23,2018-07-30,2,computers_accessories,Southeast,66.0,24.737058796915974,last_week,109.0
2018-07-23,2018-08-06,3,computers_accessories,Southeast,66.0,24.737058796915974,last_week,91.0
2018-07-23,2018-08-13,4,computers_accessories,Southeast,66.0,24.737058796915974,last_week,93.0
2018-07-23,2018-07-23,1,furniture_decor,Central-West,3.0,4.694567183347261,last_week,4.0
2018-07-23,2018-07-30,2,furniture_decor,Central-West,3.0,4.694567183347261,last_week,6.0
2018-07-23,2018-08-06,3,furniture_decor,Central-West,3.0,4.694567183347261,last_week,3.0
2018-07-23,2018-08-13,4,furniture_decor,Central-West,3.0,4.694567183347261,last_week,7.0
2018-07-23,2018-07-23,1,furniture_decor,North,3.0,2.3047100276799055,last_week,6.0
2018-07-23,2018-07-30,2,furniture_decor,North,3.0,2.3047100276799055,last_week,0.0
2018-07-23,2018-08-06,3,furniture_decor,North,3.0,2.3047100276799055,last_week,4.0
2018-07-23,2018-08-13,4,furniture_decor,North,3.0,2.3047100276799055,last_week,3.0
2018-07-23,2018-07-23,1,furniture_decor,Northeast,10.0,6.053870716273238,last_week,9.0
2018-07-23,2018-07-30,2,furniture_decor,Northeast,10.0,6.053870716273238,last_week,9.0
2018-07-23,2018-08-06,3,furniture_decor,Northeast,10.0,6.053870716273238,last_week,6.0
2018-07-23,2018-08-13,4,furniture_decor,Northeast,10.0,6.053870716273238,last_week,9.0
2018-07-23,2018-07-23,1,furniture_decor,South,24.0,10.37854930682924,last_week,28.0
2018-07-23,2018-07-30,2,furniture_decor,South,24.0,10.37854930682924,last_week,21.0
2018-07-23,2018-08-06,3,furniture_decor,South,24.0,10.37854930682924,last_week,50.0
2018-07-23,2018-08-13,4,furniture_decor,South,24.0,10.37854930682924,last_week,13.0
2018-07-23,2018-07-23,1,furniture_decor,Southeast,77.0,30.624241310506875,last_week,84.0
2018-07-23,2018-07-30,2,furniture_decor,Southeast,77.0,30.624241310506875,last_week,111.0
2018-07-23,2018-08-06,3,furniture_decor,Southeast,77.0,30.624241310506875,last_week,82.0
2018-07-23,2018-08-13,4,furniture_decor,Southeast,77.0,30.624241310506875,last_week,93.0
2018-07-23,2018-07-23,1,garden_tools,Central-West,3.0,4.58257569495584,last_week,1.0
2018-07-23,2018-07-30,2,garden_tools,Central-West,3.0,4.58257569495584,last_week,1.0
2018-07-23,2018-08-06,3,garden_tools,Central-West,3.0,4.58257569495584,last_week,5.0
2018-07-23,2018-08-13,4,garden_tools,Central-West,3.0,4.58257569495584,last_week,4.0
2018-07-23,2018-07-23,1,garden_tools,North,1.0,1.651445647689541,last_week,0.0
2018-07-23,2018-07-30,2,garden_tools,North,1.0,1.651445647689541,last_week,0.0
2018-07-23,2018-08-06,3,garden_tools,North,1.0,1.651445647689541,last_week,0.0
2018-07-23,2018-08-13,4,garden_tools,North,1.0,1.651445647689541,last_week,0.0
2018-07-23,2018-07-23,1,garden_tools,Northeast,5.0,6.105139414683933,last_week,6.0
2018-07-23,2018-07-30,2,garden_tools,Northeast,5.0,6.105139414683933,last_week,3.0
2018-07-23,2018-08-06,3,garden_tools,Northeast,5.0,6.105139414683933,last_week,2.0
2018-07-23,2018-08-13,4,garden_tools,Northeast,5.0,6.105139414683933,last_week,4.0
2018-07-23,2018-07-23,1,garden_tools,South,3.0,5.825381097839431,last_week,6.0
2018-07-23,2018-07-30,2,garden_tools,South,3.0,5.825381097839431,last_week,4.0
2018-07-23,2018-08-06,3,garden_tools,South,3.0,5.825381097839431,last_week,12.0
2018-07-23,2018-08-13,4,garden_tools,South,3.0,5.825381097839431,last_week,6.0
2018-07-23,2018-07-23,1,garden_tools,Southeast,28.0,24.973752455093962,last_week,46.0
2018-07-23,2018-07-30,2,garden_tools,Southeast,28.0,24.973752455093962,last_week,26.0
2018-07-23,2018-08-06,3,garden_tools,Southeast,28.0,24.973752455093962,last_week,33.0
2018-07-23,2018-08-13,4,garden_tools,Southeast,28.0,24.973752455093962,last_week,27.0
2018-07-23,2018-07-23,1,health_beauty,Central-West,14.0,4.973958156263454,last_week,6.0
2018-07-23,2018-07-30,2,health_beauty,Central-West,14.0,4.973958156263454,last_week,15.0
2018-07-23,2018-08-06,3,health_beauty,Central-West,14.0,4.973958156263454,last_week,19.0
2018-07-23,2018-08-13,4,health_beauty,Central-West,14.0,4.973958156263454,last_week,22.0
2018-07-23,2018-07-23,1,health_beauty,North,2.0,2.6701816660800684,last_week,6.0
2018-07-23,2018-07-30,2,health_beauty,North,2.0,2.6701816660800684,last_week,11.0
2018-07-23,2018-08-06,3,health_beauty,North,2.0,2.6701816660800684,last_week,7.0
2018-07-23,2018-08-13,4,health_beauty,North,2.0,2.6701816660800684,last_week,3.0
2018-07-23,2018-07-23,1,health_beauty,Northeast,29.0,6.034532659252447,last_week,22.0
2018-07-23,2018-07-30,2,health_beauty,Northeast,29.0,6.034532659252447,last_week,27.0
2018-07-23,2018-08-06,3,health_beauty,Northeast,29.0,6.034532659252447,last_week,23.0
2018-07-23,2018-08-13,4,health_beauty,Northeast,29.0,6.034532659252447,last_week,25.0
2018-07-23,2018-07-23,1,health_beauty,South,22.0,6.5732634366646385,last_week,18.0
2018-07-23,2018-07-30,2,health_beauty,South,22.0,6.5732634366646385,last_week,21.0
2018-07-23,2018-08-06,3,health_beauty,South,22.0,6.5732634366646385,last_week,28.0
2018-07-23,2018-08-13,4,health_beauty,South,22.0,6.5732634366646385,last_week,35.0
2018-07-23,2018-07-23,1,health_beauty,Southeast,153.0,23.951791408750864,last_week,118.0
2018-07-23,2018-07-30,2,health_beauty,Southeast,153.0,23.951791408750864,last_week,166.0
2018-07-23,2018-08-06,3,health_beauty,Southeast,153.0,23.951791408750864,last_week,185.0
2018-07-23,2018-08-13,4,health_beauty,Southeast,153.0,23.951791408750864,last_week,153.0
2018-07-23,2018-07-23,1,housewares,Central-West,11.0,3.6485186462026356,last_week,20.0
2018-07-23,2018-07-30,2,housewares,Central-West,11.0,3.6485186462026356,last_week,18.0
2018-07-23,2018-08-06,3,housewares,Central-West,11.0,3.6485186462026356,last_week,2.0
2018-07-23,2018-08-13,4,housewares,Central-West,11.0,3.6485186462026356,last_week,9.0
2018-07-23,2018-07-23,1,housewares,North,1.0,1.6941457641330246,last_week,0.0
2018-07-23,2018-07-30,2,housewares,North,1.0,1.6941457641330246,last_week,4.0
2018-07-23,2018-08-06,3,housewares,North,1.0,1.6941457641330246,last_week,0.0
2018-07-23,2018-08-13,4,housewares,North,1.0,1.6941457641330246,last_week,1.0
2018-07-23,2018-07-23,1,housewares,Northeast,5.0,4.127827641624712,last_week,6.0
2018-07-23,2018-07-30,2,housewares,Northeast,5.0,4.127827641624712,last_week,7.0
2018-07-23,2018-08-06,3,housewares,Northeast,5.0,4.127827641624712,last_week,7.0
2018-07-23,2018-08-13,4,housewares,Northeast,5.0,4.127827641624712,last_week,3.0
2018-07-23,2018-07-23,1,housewares,South,31.0,7.350236324498282,last_week,26.0
2018-07-23,2018-07-30,2,housewares,South,31.0,7.350236324498282,last_week,33.0
2018-07-23,2018-08-06,3,housewares,South,31.0,7.350236324498282,last_week,28.0
2018-07-23,2018-08-13,4,housewares,South,31.0,7.350236324498282,last_week,23.0
2018-07-23,2018-07-23,1,housewares,Southeast,82.0,20.599142587124234,last_week,117.0
2018-07-23,2018-07-30,2,housewares,Southeast,82.0,20.599142587124234,last_week,141.0
2018-07-23,2018-08-06,3,housewares,Southeast,82.0,20.599142587124234,last_week,138.0
2018-07-23,2018-08-13,4,housewares,Southeast,82.0,20.599142587124234,last_week,159.0
2018-07-23,2018-07-23,1,sports_leisure,Central-West,5.0,4.809352360751927,last_week,11.0
2018-07-23,2018-07-30,2,sports_leisure,Central-West,5.0,4.809352360751927,last_week,10.0
2018-07-23,2018-08-06,3,sports_leisure,Central-West,5.0,4.809352360751927,last_week,7.0
2018-07-23,2018-08-13,4,sports_leisure,Central-West,5.0,4.809352360751927,last_week,9.0
2018-07-23,2018-07-23,1,sports_leisure,North,3.0,2.3047100276799055,last_week,6.0
2018-07-23,2018-07-30,2,sports_leisure,North,3.0,2.3047100276799055,last_week,5.0
2018-07-23,2018-08-06,3,sports_leisure,North,3.0,2.3047100276799055,last_week,1.0
2018-07-23,2018-08-13,4,sports_leisure,North,3.0,2.3047100276799055,last_week,1.0
2018-07-23,2018-07-23,1,sports_leisure,Northeast,18.0,4.665429644334353,last_week,7.0
2018-07-23,2018-07-30,2,sports_leisure,Northeast,18.0,4.665429644334353,last_week,12.0
2018-07-23,2018-08-06,3,sports_leisure,Northeast,18.0,4.665429644334353,last_week,9.0
2018-07-23,2018-08-13,4,sports_leisure,Northeast,18.0,4.665429644334353,last_week,6.0
2018-07-23,2018-07-23,1,sports_leisure,South,16.0,7.804427647758092,last_week,21.0
2018-07-23,2018-07-30,2,sports_leisure,South,16.0,7.804427647758092,last_week,17.0
2018-07-23,2018-08-06,3,sports_leisure,South,16.0,7.804427647758092,last_week,28.0
2018-07-23,2018-08-13,4,sports_leisure,South,16.0,7.804427647758092,last_week,14.0
2018-07-23,2018-07-23,1,sports_leisure,Southeast,64.0,19.792757431779098,last_week,88.0
2018-07-23,2018-07-30,2,sports_leisure,Southeast,64.0,19.792757431779098,last_week,105.0
2018-07-23,2018-08-06,3,sports_leisure,Southeast,64.0,19.792757431779098,last_week,83.0
2018-07-23,2018-08-13,4,sports_leisure,Southeast,64.0,19.792757431779098,last_week,119.0
2018-07-23,2018-07-23,1,telephony,Central-West,7.0,3.7865105754061137,last_week,4.0
2018-07-23,2018-07-30,2,telephony,Central-West,7.0,3.7865105754061137,last_week,7.0
2018-07-23,2018-08-06,3,telephony,Central-West,7.0,3.7865105754061137,last_week,8.0
2018-07-23,2018-08-13,4,telephony,Central-West,7.0,3.7865105754061137,last_week,4.0
2018-07-23,2018-07-23,1,telephony,North,3.0,2.1471817832660585,last_week,0.0
2018-07-23,2018-07-30,2,telephony,North,3.0,2.1471817832660585,last_week,1.0
2018-07-23,2018-08-06,3,telephony,North,3.0,2.1471817832660585,last_week,2.0
2018-07-23,2018-08-13,4,telephony,North,3.0,2.1471817832660585,last_week,0.0
2018-07-23,2018-07-23,1,telephony,Northeast,4.0,5.77275283765686,last_week,17.0
2018-07-23,2018-07-30,2,telephony,Northeast,4.0,5.77275283765686,last_week,16.0
2018-07-23,2018-08-06,3,telephony,Northeast,4.0,5.77275283765686,last_week,19.0
2018-07-23,2018-08-13,4,telephony,Northeast,4.0,5.77275283765686,last_week,7.0
2018-07-23,2018-07-23,1,telephony,South,10.0,5.04524979109513,last_week,6.0
2018-07-23,2018-07-30,2,telephony,South,10.0,5.04524979109513,last_week,10.0
2018-07-23,2018-08-06,3,telephony,South,10.0,5.04524979109513,last_week,32.0
2018-07-23,2018-08-13,4,telephony,South,10.0,5.04524979109513,last_week,9.0
2018-07-23,2018-07-23,1,telephony,Southeast,38.0,12.1911187601211,last_week,36.0
2018-07-23,2018-07-30,2,telephony,Southeast,38.0,12.1911187601211,last_week,67.0
2018-07-23,2018-08-06,3,telephony,Southeast,38.0,12.1911187601211,last_week,46.0
2018-07-23,2018-08-13,4,telephony,Southeast,38.0,12.1911187601211,last_week,43.0
2018-07-23,2018-07-23,1,watches_gifts,Central-West,8.0,3.081153435567027,last_week,10.0
2018-07-23,2018-07-30,2,watches_gifts,Central-West,8.0,3.081153435567027,last_week,9.0
2018-07-23,2018-08-06,3,watches_gifts,Central-West,8.0,3.081153435567027,last_week,9.0
2018-07-23,2018-08-13,4,watches_gifts,Central-West,8.0,3.081153435567027,last_week,7.0
2018-07-23,2018-07-23,1,watches_gifts,North,3.0,1.7982675645649158,last_week,5.0
2018-07-23,2018-07-30,2,watches_gifts,North,3.0,1.7982675645649158,last_week,2.0
2018-07-23,2018-08-06,3,watches_gifts,North,3.0,1.7982675645649158,last_week,5.0
2018-07-23,2018-08-13,4,watches_gifts,North,3.0,1.7982675645649158,last_week,0.0
2018-07-23,2018-07-23,1,watches_gifts,Northeast,16.0,5.496161588580907,last_week,21.0
2018-07-23,2018-07-30,2,watches_gifts,Northeast,16.0,5.496161588580907,last_week,26.0
2018-07-23,2018-08-06,3,watches_gifts,Northeast,16.0,5.496161588580907,last_week,18.0
2018-07-23,2018-08-13,4,watches_gifts,Northeast,16.0,5.496161588580907,last_week,14.0
2018-07-23,2018-07-23,1,watches_gifts,South,20.0,5.603802048841251,last_week,11.0
2018-07-23,2018-07-30,2,watches_gifts,South,20.0,5.603802048841251,last_week,17.0
2018-07-23,2018-08-06,3,watches_gifts,South,20.0,5.603802048841251,last_week,16.0
2018-07-23,2018-08-13,4,watches_gifts,South,20.0,5.603802048841251,last_week,12.0
2018-07-23,2018-07-23,1,watches_gifts,Southeast,98.0,17.92335775592155,last_week,69.0
2018-07-23,2018-07-30,2,watches_gifts,Southeast,98.0,17.92335775592155,last_week,104.0
2018-07-23,2018-08-06,3,watches_gifts,Southeast,98.0,17.92335775592155,last_week,75.0
2018-07-23,2018-08-13,4,watches_gifts,Southeast,98.0,17.92335775592155,last_week,80.0
2018-07-23,2018-07-23,1,auto,Central-West,3.75,3.5729866731116933,moving_average,7.0
2018-07-23,2018-07-30,2,auto,Central-West,3.4375,3.5729866731116933,moving_average,4.0
2018-07-23,2018-08-06,3,auto,Central-West,4.296875,3.5729866731116933,moving_average,9.0
2018-07-23,2018-08-13,4,auto,Central-West,4.62109375,3.5729866731116933,moving_average,7.0
2018-07-23,2018-07-23,1,auto,North,2.5,1.231024808004322,moving_average,3.0
2018-07-23,2018-07-30,2,auto,North,2.875,1.231024808004322,moving_average,1.0
2018-07-23,2018-08-06,3,auto,North,3.09375,1.231024808004322,moving_average,3.0
2018-07-23,2018-08-13,4,auto,North,3.3671875,1.231024808004322,moving_average,1.0
2018-07-23,2018-07-23,1,auto,Northeast,10.0,3.0215674955013214,moving_average,10.0
2018-07-23,2018-07-30,2,auto,Northeast,11.25,3.0215674955013214,moving_average,12.0
2018-07-23,2018-08-06,3,auto,Northeast,13.0625,3.0215674955013214,moving_average,21.0
2018-07-23,2018-08-13,4,auto,Northeast,11.578125,3.0215674955013214,moving_average,5.0
2018-07-23,2018-07-23,1,auto,South,11.75,3.669813682945289,moving_average,12.0
2018-07-23,2018-07-30,2,auto,South,12.4375,3.669813682945289,moving_average,14.0
2018-07-23,2018-08-06,3,auto,South,13.296875,3.669813682945289,moving_average,13.0
2018-07-23,2018-08-13,4,auto,South,13.62109375,3.669813682945289,moving_average,17.0
2018-07-23,2018-07-23,1,auto,Southeast,42.0,13.273197042922995,moving_average,65.0
2018-07-23,2018-07-30,2,auto,Southeast,40.0,13.273197042922995,moving_average,70.0
2018-07-23,2018-08-06,3,auto,Southeast,39.0,13.273197042922995,moving_average,91.0
2018-07-23,2018-08-13,4,auto,Southeast,44.0,13.273197042922995,moving_average,76.0
2018-07-23,2018-07-23,1,bed_bath_table,Central-West,8.0,4.501082120972717,moving_average,10.0
2018-07-23,2018-07-30,2,bed_bath_table,Central-West,9.0,4.501082120972717,moving_average,6.0
2018-07-23,2018-08-06,3,bed_bath_table,Central-West,9.0,4.501082120972717,moving_average,9.0
2018-07-23,2018-08-13,4,bed_bath_table,Central-West,9.25,4.501082120972717,moving_average,11.0
2018-07-23,2018-07-23,1,bed_bath_table,North,1.0,1.2043616620380329,moving_average,2.0
2018-07-23,2018-07-30,2,bed_bath_table,North,1.25,1.2043616620380329,moving_average,0.0
2018-07-23,2018-08-06,3,bed_bath_table,North,0.8125,1.2043616620380329,moving_average,0.0
2018-07-23,2018-08-13,4,bed_bath_table,North,1.015625,1.2043616620380329,moving_average,0.0
2018-07-23,2018-07-23,1,bed_bath_table,Northeast,10.0,3.914881696973575,moving_average,6.0
2018-07-23,2018-07-30,2,bed_bath_table,Northeast,7.75,3.914881696973575,moving_average,7.0
2018-07-23,2018-08-06,3,bed_bath_table,Northeast,8.1875,3.914881696973575,moving_average,3.0
2018-07-23,2018-08-13,4,bed_bath_table,Northeast,7.984375,3.914881696973575,moving_average,9.0
2018-07-23,2018-07-23,1,bed_bath_table,South,16.75,7.388895669907596,moving_average,16.0
2018-07-23,2018-07-30,2,bed_bath_table,South,15.9375,7.388895669907596,moving_average,12.0
2018-07-23,2018-08-06,3,bed_bath_table,South,16.421875,7.388895669907596,moving_average,31.0
2018-07-23,2018-08-13,4,bed_bath_table,South,17.27734375,7.388895669907596,moving_average,25.0
2018-07-23,2018-07-23,1,bed_bath_table,Southeast,100.75,41.402100533323534,moving_average,118.0
2018-07-23,2018-07-30,2,bed_bath_table,Southeast,97.6875,41.402100533323534,moving_average,174.0
2018-07-23,2018-08-06,3,bed_bath_table,Southeast,98.109375,41.402100533323534,moving_average,151.0
2018-07-23,2018-08-13,4,bed_bath_table,Southeast,110.13671875,41.402100533323534,moving_average,167.0
2018-07-23,2018-07-23,1,computers_accessories,Central-West,3.5,4.016200957356358,moving_average,6.0
2018-07-23,2018-07-30,2,computers_accessories,Central-West,3.875,4.016200957356358,moving_average,7.0
2018-07-23,2018-08-06,3,computers_accessories,Central-West,4.09375,4.016200957356358,moving_average,11.0
2018-07-23,2018-08-13,4,computers_accessories,Central-West,4.8671875,4.016200957356358,moving_average,5.0
2018-07-23,2018-07-23,1,computers_accessories,North,1.25,2.0083025720192715,moving_average,6.0
2018-07-23,2018-07-30,2,computers_accessories,North,1.5625,2.0083025720192715,moving_average,9.0
2018-07-23,2018-08-06,3,computers_accessories,North,1.953125,2.0083025720192715,moving_average,0.0
2018-07-23,2018-08-13,4,computers_accessories,North,2.19140625,2.0083025720192715,moving_average,1.0
2018-07-23,2018-07-23,1,computers_accessories,Northeast,9.0,4.9538454170053,moving_average,9.0
2018-07-23,2018-07-30,2,computers_accessories,Northeast,9.25,4.9538454170053,moving_average,12.0
2018-07-23,2018-08-06,3,computers_accessories,Northeast,9.3125,4.9538454170053,moving_average,5.0
2018-07-23,2018-08-13,4,computers_accessories,Northeast,9.140625,4.9538454170053,moving_average,12.0
2018-07-23,2018-07-23,1,computers_accessories,South,15.75,8.746010222106696,moving_average,15.0
2018-07-23,2018-07-30,2,computers_accessories,South,14.9375,8.746010222106696,moving_average,13.0
2018-07-23,2018-08-06,3,computers_accessories,South,15.921875,8.746010222106696,moving_average,21.0
2018-07-23,2018-08-13,4,computers_accessories,South,15.90234375,8.746010222106696,moving_average,13.0
2018-07-23,2018-07-23,1,computers_accessories,Southeast,59.5,27.257490332398163,moving_average,81.0
2018-07-23,2018-07-30,2,computers_accessories,Southeast,55.375,27.257490332398163,moving_average,109.0
2018-07-23,2018-08-06,3,computers_accessories,Southeast,54.71875,27.257490332398163,moving_average,91.0
2018-07-23,2018-08-13,4,computers_accessories,Southeast,58.8984375,27.257490332398163,moving_average,93.0
2018-07-23,2018-07-23,1,furniture_decor,Central-West,2.5,3.7646898425221713,moving_average,4.0
2018-07-23,2018-07-30,2,furniture_decor,Central-West,2.875,3.7646898425221713,moving_average,6.0
2018-07-23,2018-08-06,3,furniture_decor,Central-West,2.59375,3.7646898425221713,moving_average,3.0
2018-07-23,2018-08-13,4,furniture_decor,Central-West,2.7421875,3.7646898425221713,moving_average,7.0
2018-07-23,2018-07-23,1,furniture_decor,North,1.5,1.6905485930474005,moving_average,6.0
2018-07-23,2018-07-30,2,furniture_decor,North,1.625,1.6905485930474005,moving_average,0.0
2018-07-23,2018-08-06,3,furniture_decor,North,1.78125,1.6905485930474005,moving_average,4.0
2018-07-23,2018-08-13,4,furniture_decor,North,1.9765625,1.6905485930474005,moving_average,3.0
2018-07-23,2018-07-23,1,furniture_decor,Northeast,8.75,5.410202603211104,moving_average,9.0
2018-07-23,2018-07-30,2,furniture_decor,Northeast,7.4375,5.410202603211104,moving_average,9.0
2018-07-23,2018-08-06,3,furniture_decor,Northeast,8.046875,5.410202603211104,moving_average,6.0
2018-07-23,2018-08-13,4,furniture_decor,Northeast,8.55859375,5.410202603211104,moving_average,9.0
2018-07-23,2018-07-23,1,furniture_decor,South,17.25,9.493675269876789,moving_average,28.0
2018-07-23,2018-07-30,2,furniture_decor,South,16.5625,9.493675269876789,moving_average,21.0
2018-07-23,2018-08-06,3,furniture_decor,South,16.453125,9.493675269876789,moving_average,50.0
2018-07-23,2018-08-13,4,furniture_decor,South,18.56640625,9.493675269876789,moving_average,13.0
2018-07-23,2018-07-23,1,furniture_decor,Southeast,62.5,33.58277474748416,moving_average,84.0
2018-07-23,2018-07-30,2,furniture_decor,Southeast,57.125,33.58277474748416,moving_average,111.0
2018-07-23,2018-08-06,3,furniture_decor,Southeast,55.65625,33.58277474748416,moving_average,82.0
2018-07-23,2018-08-13,4,furniture_decor,Southeast,63.0703125,33.58277474748416,moving_average,93.0
2018-07-23,2018-07-23,1,garden_tools,Central-West,2.0,3.7097406007260565,moving_average,1.0
2018-07-23,2018-07-30,2,garden_tools,Central-West,1.5,3.7097406007260565,moving_average,1.0
2018-07-23,2018-08-06,3,garden_tools,Central-West,1.875,3.7097406007260565,moving_average,5.0
2018-07-23,2018-08-13,4,garden_tools,Central-West,2.09375,3.7097406007260565,moving_average,4.0
2018-07-23,2018-07-23,1,garden_tools,North,0.75,1.2353032121604905,moving_average,0.0
2018-07-23,2018-07-30,2,garden_tools,North,0.6875,1.2353032121604905,moving_average,0.0
2018-07-23,2018-08-06,3,garden_tools,North,0.859375,1.2353032121604905,moving_average,0.0
2018-07-23,2018-08-13,4,garden_tools,North,0.82421875,1.2353032121604905,moving_average,0.0
2018-07-23,2018-07-23,1,garden_tools,Northeast,4.25,4.692232459559677,moving_average,6.0
2018-07-23,2018-07-30,2,garden_tools,Northeast,4.0625,4.692232459559677,moving_average,3.0
2018-07-23,2018-08-06,3,garden_tools,Northeast,4.078125,4.692232459559677,moving_average,2.0
2018-07-23,2018-08-13,4,garden_tools,Northeast,4.34765625,4.692232459559677,moving_average,4.0
2018-07-23,2018-07-23,1,garden_tools,South,4.75,5.44944295973713,moving_average,6.0
2018-07-23,2018-07-30,2,garden_tools,South,3.6875,5.44944295973713,moving_average,4.0
2018-07-23,2018-08-06,3,garden_tools,South,3.359375,5.44944295973713,moving_average,12.0
2018-07-23,2018-08-13,4,garden_tools,South,3.69921875,5.44944295973713,moving_average,6.0
2018-07-23,2018-07-23,1,garden_tools,Southeast,30.75,21.58430691949142,moving_average,46.0
2018-07-23,2018-07-30,2,garden_tools,Southeast,25.4375,21.58430691949142,moving_average,26.0
2018-07-23,2018-08-06,3,garden_tools,Southeast,25.046875,21.58430691949142,moving_average,33.0
2018-07-23,2018-08-13,4,garden_tools,Southeast,27.30859375,21.58430691949142,moving_average,27.0
2018-07-23,2018-07-23,1,health_beauty,Central-West,10.75,4.423135016775248,moving_average,6.0
2018-07-23,2018-07-30,2,health_beauty,Central-West,11.4375,4.423135016775248,moving_average,15.0
2018-07-23,2018-08-06,3,health_beauty,Central-West,12.796875,4.423135016775248,moving_average,19.0
2018-07-23,2018-08-13,4,health_beauty,Central-West,12.24609375,4.423135016775248,moving_average,22.0
2018-07-23,2018-07-23,1,health_beauty,North,5.0,2.2253337703837572,moving_average,6.0
2018-07-23,2018-07-30,2,health_beauty,North,4.5,2.2253337703837572,moving_average,11.0
2018-07-23,2018-08-06,3,health_beauty,North,4.375,2.2253337703837572,moving_average,7.0
2018-07-23,2018-08-13,4,health_beauty,North,3.96875,2.2253337703837572,moving_average,3.0
2018-07-23,2018-07-23,1,health_beauty,Northeast,24.0,5.635290010859557,moving_average,22.0
2018-07-23,2018-07-30,2,health_beauty,Northeast,25.0,5.635290010859557,moving_average,27.0
2018-07-23,2018-08-06,3,health_beauty,Northeast,26.25,5.635290010859557,moving_average,23.0
2018-07-23,2018-08-13,4,health_beauty,Northeast,26.0625,5.635290010859557,moving_average,25.0
2018-07-23,2018-07-23,1,health_beauty,South,18.5,6.8471839884311985,moving_average,18.0
2018-07-23,2018-07-30,2,health_beauty,South,17.125,6.8471839884311985,moving_average,21.0
2018-07-23,2018-08-06,3,health_beauty,South,18.15625,6.8471839884311985,moving_average,28.0
2018-07-23,2018-08-13,4,health_beauty,South,18.9453125,6.8471839884311985,moving_average,35.0
2018-07-23,2018-07-23,1,health_beauty,Southeast,126.0,26.860933346772228,moving_average,118.0
2018-07-23,2018-07-30,2,health_beauty,Southeast,124.75,26.860933346772228,moving_average,166.0
2018-07-23,2018-08-06,3,health_beauty,Southeast,121.4375,26.860933346772228,moving_average,185.0
2018-07-23,2018-08-13,4,health_beauty,Southeast,131.296875,26.860933346772228,moving_average,153.0
2018-07-23,2018-07-23,1,housewares,Central-West,9.0,3.2684292665024697,moving_average,20.0
2018-07-23,2018-07-30,2,housewares,Central-West,9.0,3.2684292665024697,moving_average,18.0
2018-07-23,2018-08-06,3,housewares,Central-West,10.25,3.2684292665024697,moving_average,2.0
2018-07-23,2018-08-13,4,housewares,Central-West,9.8125,3.2684292665024697,moving_average,9.0
2018-07-23,2018-07-23,1,housewares,North,1.25,1.2737994092732714,moving_average,0.0
2018-07-23,2018-07-30,2,housewares,North,0.8125,1.2737994092732714,moving_average,4.0
2018-07-23,2018-08-06,3,housewares,North,0.765625,1.2737994092732714,moving_average,0.0
2018-07-23,2018-08-13,4,housewares,North,0.95703125,1.2737994092732714,moving_average,1.0
2018-07-23,2018-07-23,1,housewares,Northeast,8.75,3.4964035325370646,moving_average,6.0
2018-07-23,2018-07-30,2,housewares,Northeast,6.4375,3.4964035325370646,moving_average,7.0
2018-07-23,2018-08-06,3,housewares,Northeast,6.296875,3.4964035325370646,moving_average,7.0
2018-07-23,2018-08-13,4,housewares,Northeast,6.62109375,3.4964035325370646,moving_average,3.0
2018-07-23,2018-07-23,1,housewares,South,19.25,5.8050023211065085,moving_average,26.0
2018-07-23,2018-07-30,2,housewares,South,19.3125,5.8050023211065085,moving_average,33.0
2018-07-23,2018-08-06,3,housewares,South,19.890625,5.8050023211065085,moving_average,28.0
2018-07-23,2018-08-13,4,housewares,South,22.36328125,5.8050023211065085,moving_average,23.0
2018-07-23,2018-07-23,1,housewares,Southeast,73.75,19.890977201383897,moving_average,117.0
2018-07-23,2018-07-30,2,housewares,Southeast,70.1875,19.890977201383897,moving_average,141.0
2018-07-23,2018-08-06,3,housewares,Southeast,67.234375,19.890977201383897,moving_average,138.0
2018-07-23,2018-08-13,4,housewares,Southeast,73.29296875,19.890977201383897,moving_average,159.0
2018-07-23,2018-07-23,1,sports_leisure,Central-West,5.5,3.880729948742238,moving_average,11.0
2018-07-23,2018-07-30,2,sports_leisure,Central-West,5.375,3.880729948742238,moving_average,10.0
2018-07-23,2018-08-06,3,sports_leisure,Central-West,4.96875,3.880729948742238,moving_average,7.0
2018-07-23,2018-08-13,4,sports_leisure,Central-West,5.2109375,3.880729948742238,moving_average,9.0
2018-07-23,2018-07-23,1,sports_leisure,North,1.5,1.925984315724192,moving_average,6.0
2018-07-23,2018-07-30,2,sports_leisure,North,1.875,1.925984315724192,moving_average,5.0
2018-07-23,2018-08-06,3,sports_leisure,North,2.09375,1.925984315724192,moving_average,1.0
2018-07-23,2018-08-13,4,sports_leisure,North,2.1171875,1.925984315724192,moving_average,1.0
2018-07-23,2018-07-23,1,sports_leisure,Northeast,10.75,4.52293936721249,moving_average,7.0
2018-07-23,2018-07-30,2,sports_leisure,Northeast,12.1875,4.52293936721249,moving_average,12.0
2018-07-23,2018-08-06,3,sports_leisure,Northeast,12.734375,4.52293936721249,moving_average,9.0
2018-07-23,2018-08-13,4,sports_leisure,Northeast,13.41796875,4.52293936721249,moving_average,6.0
2018-07-23,2018-07-23,1,sports_leisure,South,13.25,6.86251818534245,moving_average,21.0
2018-07-23,2018-07-30,2,sports_leisure,South,13.3125,6.86251818534245,moving_average,17.0
2018-07-23,2018-08-06,3,sports_leisure,South,12.140625,6.86251818534245,moving_average,28.0
2018-07-23,2018-08-13,4,sports_leisure,South,13.67578125,6.86251818534245,moving_average,14.0
2018-07-23,2018-07-23,1,sports_leisure,Southeast,64.5,21.52113126462201,moving_average,88.0
2018-07-23,2018-07-30,2,sports_leisure,Southeast,61.125,21.52113126462201,moving_average,105.0
2018-07-23,2018-08-06,3,sports_leisure,Southeast,56.90625,21.52113126462201,moving_average,83.0
2018-07-23,2018-08-13,4,sports_leisure,Southeast,61.6328125,21.52113126462201,moving_average,119.0
2018-07-23,2018-07-23,1,telephony,Central-West,3.25,3.1217190568867452,moving_average,4.0
2018-07-23,2018-07-30,2,telephony,Central-West,3.0625,3.1217190568867452,moving_average,7.0
2018-07-23,2018-08-06,3,telephony,Central-West,3.578125,3.1217190568867452,moving_average,8.0
2018-07-23,2018-08-13,4,telephony,Central-West,4.22265625,3.1217190568867452,moving_average,4.0
2018-07-23,2018-07-23,1,telephony,North,1.25,1.9672645653622367,moving_average,0.0
2018-07-23,2018-07-30,2,telephony,North,1.3125,1.9672645653622367,moving_average,1.0
2018-07-23,2018-08-06,3,telephony,North,1.640625,1.9672645653622367,moving_average,2.0
2018-07-23,2018-08-13,4,telephony,North,1.80078125,1.9672645653622367,moving_average,0.0
2018-07-23,2018-07-23,1,telephony,Northeast,4.5,4.961294997472741,moving_average,17.0
2018-07-23,2018-07-30,2,telephony,Northeast,5.375,4.961294997472741,moving_average,16.0
2018-07-23,2018-08-06,3,telephony,Northeast,4.96875,4.961294997472741,moving_average,19.0
2018-07-23,2018-08-13,4,telephony,Northeast,4.7109375,4.961294997472741,moving_average,7.0
2018-07-23,2018-07-23,1,telephony,South,9.75,4.563939685682256,moving_average,6.0
2018-07-23,2018-07-30,2,telephony,South,10.1875,4.563939685682256,moving_average,10.0
2018-07-23,2018-08-06,3,telephony,South,10.484375,4.563939685682256,moving_average,32.0
2018-07-23,2018-08-13,4,telephony,South,10.10546875,4.563939685682256,moving_average,9.0
2018-07-23,2018-07-23,1,telephony,Southeast,23.0,12.239460082735803,moving_average,36.0
2018-07-23,2018-07-30,2,telephony,Southeast,22.75,12.239460082735803,moving_average,67.0
2018-07-23,2018-08-06,3,telephony,Southeast,23.9375,12.239460082735803,moving_average,46.0
2018-07-23,2018-08-13,4,telephony,Southeast,26.921875,12.239460082735803,moving_average,43.0
2018-07-23,2018-07-23,1,watches_gifts,Central-West,8.0,2.7369821754208465,moving_average,10.0
2018-07-23,2018-07-30,2,watches_gifts,Central-West,7.25,2.7369821754208465,moving_average,9.0
2018-07-23,2018-08-06,3,watches_gifts,Central-West,7.8125,2.7369821754208465,moving_average,9.0
2018-07-23,2018-08-13,4,watches_gifts,Central-West,7.765625,2.7369821754208465,moving_average,7.0
2018-07-23,2018-07-23,1,watches_gifts,North,3.0,1.4504813352456845,moving_average,5.0
2018-07-23,2018-07-30,2,watches_gifts,North,3.0,1.4504813352456845,moving_average,2.0
2018-07-23,2018-08-06,3,watches_gifts,North,3.25,1.4504813352456845,moving_average,5.0
2018-07-23,2018-08-13,4,watches_gifts,North,3.0625,1.4504813352456845,moving_average,0.0
2018-07-23,2018-07-23,1,watches_gifts,Northeast,15.75,5.14710547834361,moving_average,21.0
2018-07-23,2018-07-30,2,watches_gifts,Northeast,17.9375,5.14710547834361,moving_average,26.0
2018-07-23,2018-08-06,3,watches_gifts,Northeast,19.421875,5.14710547834361,moving_average,18.0
2018-07-23,2018-08-13,4,watches_gifts,Northeast,17.27734375,5.14710547834361,moving_average,14.0
2018-07-23,2018-07-23,1,watches_gifts,South,14.75,5.0848322962040235,moving_average,11.0
2018-07-23,2018-07-30,2,watches_gifts,South,15.4375,5.0848322962040235,moving_average,17.0
2018-07-23,2018-08-06,3,watches_gifts,South,16.546875,5.0848322962040235,moving_average,16.0
2018-07-23,2018-08-13,4,watches_gifts,South,16.68359375,5.0848322962040235,moving_average,12.0
2018-07-23,2018-07-23,1,watches_gifts,Southeast,73.25,22.33745398762694,moving_average,69.0
2018-07-23,2018-07-30,2,watches_gifts,Southeast,73.0625,22.33745398762694,moving_average,104.0
2018-07-23,2018-08-06,3,watches_gifts,Southeast,77.328125,22.33745398762694,moving_average,75.0
2018-07-23,2018-08-13,4,watches_gifts,Southeast,80.41015625,22.33745398762694,moving_average,80.0
2018-07-23,2018-07-23,1,auto,Central-West,4.574959950630607,3.7597614252056224,ridge,7.0
2018-07-23,2018-07-30,2,auto,Central-West,3.651207725510454,3.7597614252056224,ridge,4.0
2018-07-23,2018-08-06,3,auto,Central-West,3.0635670872327188,3.7597614252056224,ridge,9.0
2018-07-23,2018-08-13,4,auto,Central-West,2.779949618299189,3.7597614252056224,ridge,7.0
2018-07-23,2018-07-23,1,auto,North,2.0934497979561355,1.6232306732791542,ridge,3.0
2018-07-23,2018-07-30,2,auto,North,0.8768970114877366,1.6232306732791542,ridge,1.0
2018-07-23,2018-08-06,3,auto,North,0.3793015157720774,1.6232306732791542,ridge,3.0
2018-07-23,2018-08-13,4,auto,North,0.2183403750662709,1.6232306732791542,ridge,1.0
2018-07-23,2018-07-23,1,auto,Northeast,9.316215987275932,3.2493498377026984,ridge,10.0
2018-07-23,2018-07-30,2,auto,Northeast,8.279752724459984,3.2493498377026984,ridge,12.0
2018-07-23,2018-08-06,3,auto,Northeast,7.518926661929936,3.2493498377026984,ridge,21.0
2018-07-23,2018-08-13,4,auto,Northeast,7.693894209390686,3.2493498377026984,ridge,5.0
2018-07-23,2018-07-23,1,auto,South,13.57647910973119,3.8355346436693454,ridge,12.0
2018-07-23,2018-07-30,2,auto,South,12.207186329470346,3.8355346436693454,ridge,14.0
2018-07-23,2018-08-06,3,auto,South,11.385815370864226,3.8355346436693454,ridge,13.0
2018-07-23,2018-08-13,4,auto,South,10.998301820299027,3.8355346436693454,ridge,17.0
2018-07-23,2018-07-23,1,auto,Southeast,49.73020987903118,12.121291287199142,ridge,65.0
2018-07-23,2018-07-30,2,auto,Southeast,48.957331805139184,12.121291287199142,ridge,70.0
2018-07-23,2018-08-06,3,auto,Southeast,49.815234450313824,12.121291287199142,ridge,91.0
2018-07-23,2018-08-13,4,auto,Southeast,49.030379928011726,12.121291287199142,ridge,76.0
2018-07-23,2018-07-23,1,bed_bath_table,Central-West,9.71864090600212,4.574470531869042,ridge,10.0
2018-07-23,2018-07-30,2,bed_bath_table,Central-West,9.291095132663326,4.574470531869042,ridge,6.0
2018-07-23,2018-08-06,3,bed_bath_table,Central-West,9.550686042665333,4.574470531869042,ridge,9.0
2018-07-23,2018-08-13,4,bed_bath_table,Central-West,10.043539175858642,4.574470531869042,ridge,11.0
2018-07-23,2018-07-23,1,bed_bath_table,North,2.137748284490047,2.0972557540040766,ridge,2.0
2018-07-23,2018-07-30,2,bed_bath_table,North,2.7757238933898423,2.0972557540040766,ridge,0.0
2018-07-23,2018-08-06,3,bed_bath_table,North,3.4650038744595317,2.0972557540040766,ridge,0.0
2018-07-23,2018-08-13,4,bed_bath_table,North,4.006696993199294,2.0972557540040766,ridge,0.0
2018-07-23,2018-07-23,1,bed_bath_table,Northeast,8.108064623758542,4.303007231712292,ridge,6.0
2018-07-23,2018-07-30,2,bed_bath_table,Northeast,9.907136446786375,4.303007231712292,ridge,7.0
2018-07-23,2018-08-06,3,bed_bath_table,Northeast,10.813628269535494,4.303007231712292,ridge,3.0
2018-07-23,2018-08-13,4,bed_bath_table,Northeast,11.747950142535345,4.303007231712292,ridge,9.0
2018-07-23,2018-07-23,1,bed_bath_table,South,19.9205702847142,7.151625131916739,ridge,16.0
2018-07-23,2018-07-30,2,bed_bath_table,South,20.27343685064201,7.151625131916739,ridge,12.0
2018-07-23,2018-08-06,3,bed_bath_table,South,20.614589445601073,7.151625131916739,ridge,31.0
2018-07-23,2018-08-13,4,bed_bath_table,South,20.602732025358836,7.151625131916739,ridge,25.0
2018-07-23,2018-07-23,1,bed_bath_table,Southeast,130.2716311272349,37.59213666585744,ridge,118.0
2018-07-23,2018-07-30,2,bed_bath_table,Southeast,124.63767471080897,37.59213666585744,ridge,174.0
2018-07-23,2018-08-06,3,bed_bath_table,Southeast,120.40427680686415,37.59213666585744,ridge,151.0
2018-07-23,2018-08-13,4,bed_bath_table,Southeast,111.75495671997585,37.59213666585744,ridge,167.0
2018-07-23,2018-07-23,1,computers_accessories,Central-West,6.018671056146556,4.05812794424622,ridge,6.0
2018-07-23,2018-07-30,2,computers_accessories,Central-West,5.479005450519127,4.05812794424622,ridge,7.0
2018-07-23,2018-08-06,3,computers_accessories,Central-West,5.505171971167549,4.05812794424622,ridge,11.0
2018-07-23,2018-08-13,4,computers_accessories,Central-West,5.293161305040938,4.05812794424622,ridge,5.0
2018-07-23,2018-07-23,1,computers_accessories,North,2.717897987192333,2.1725682216167157,ridge,6.0
2018-07-23,2018-07-30,2,computers_accessories,North,2.2844237123115407,2.1725682216167157,ridge,9.0
2018-07-23,2018-08-06,3,computers_accessories,North,2.0556490027213092,2.1725682216167157,ridge,0.0
2018-07-23,2018-08-13,4,computers_accessories,North,1.9880121880283328,2.1725682216167157,ridge,1.0
2018-07-23,2018-07-23,1,computers_accessories,Northeast,9.670848968318797,5.242946998228152,ridge,9.0
2018-07-23,2018-07-30,2,computers_accessories,Northeast,9.866084202088786,5.242946998228152,ridge,12.0
2018-07-23,2018-08-06,3,computers_accessories,Northeast,9.798092037870695,5.242946998228152,ridge,5.0
2018-07-23,2018-08-13,4,computers_accessories,Northeast,9.932716157612834,5.242946998228152,ridge,12.0
2018-07-23,2018-07-23,1,computers_accessories,South,15.631220884674793,7.9171018250867835,ridge,15.0
2018-07-23,2018-07-30,2,computers_accessories,South,15.871715287865854,7.9171018250867835,ridge,13.0
2018-07-23,2018-08-06,3,computers_accessories,South,16.033226840824963,7.9171018250867835,ridge,21.0
2018-07-23,2018-08-13,4,computers_accessories,South,16.18629629411441,7.9171018250867835,ridge,13.0
2018-07-23,2018-07-23,1,computers_accessories,Southeast,63.92828684233778,24.811672624983522,ridge,81.0
2018-07-23,2018-07-30,2,computers_accessories,Southeast,64.45948245528305,24.811672624983522,ridge,109.0
2018-07-23,2018-08-06,3,computers_accessories,Southeast,65.27841608145579,24.811672624983522,ridge,91.0
2018-07-23,2018-08-13,4,computers_accessories,Southeast,64.74875355966068,24.811672624983522,ridge,93.0
2018-07-23,2018-07-23,1,furniture_decor,Central-West,3.8977630779324546,3.8688677977177868,ridge,4.0
2018-07-23,2018-07-30,2,furniture_decor,Central-West,4.151466730406719,3.8688677977177868,ridge,6.0
2018-07-23,2018-08-06,3,furniture_decor,Central-West,4.300467777701716,3.8688677977177868,ridge,3.0
2018-07-23,2018-08-13,4,furniture_decor,Central-West,4.218355069988251,3.8688677977177868,ridge,7.0
2018-07-23,2018-07-23,1,furniture_decor,North,2.0838317242978563,1.9291310905547514,ridge,6.0
2018-07-23,2018-07-30,2,furniture_decor,North,1.6874829580700688,1.9291310905547514,ridge,0.0
2018-07-23,2018-08-06,3,furniture_decor,North,1.4988195651850518,1.9291310905547514,ridge,4.0
2018-07-23,2018-08-13,4,furniture_decor,North,1.5547318489735993,1.9291310905547514,ridge,3.0
2018-07-23,2018-07-23,1,furniture_decor,Northeast,8.220810757076453,5.121032207478907,ridge,9.0
2018-07-23,2018-07-30,2,furniture_decor,Northeast,8.140176139584728,5.121032207478907,ridge,9.0
2018-07-23,2018-08-06,3,furniture_decor,Northeast,8.426849403719997,5.121032207478907,ridge,6.0
2018-07-23,2018-08-13,4,furniture_decor,Northeast,8.670343337046681,5.121032207478907,ridge,9.0
2018-07-23,2018-07-23,1,furniture_decor,South,20.091839986117506,8.825882668494682,ridge,28.0
2018-07-23,2018-07-30,2,furniture_decor,South,18.977683392082117,8.825882668494682,ridge,21.0
2018-07-23,2018-08-06,3,furniture_decor,South,18.806309778473942,8.825882668494682,ridge,50.0
2018-07-23,2018-08-13,4,furniture_decor,South,17.99483726500236,8.825882668494682,ridge,13.0
2018-07-23,2018-07-23,1,furniture_decor,Southeast,66.86495227629226,27.495221167080242,ridge,84.0
2018-07-23,2018-07-30,2,furniture_decor,Southeast,64.92874399588943,27.495221167080242,ridge,111.0
2018-07-23,2018-08-06,3,furniture_decor,Southeast,65.96677398657843,27.495221167080242,ridge,82.0
2018-07-23,2018-08-13,4,furniture_decor,Southeast,64.72988941840526,27.495221167080242,ridge,93.0
2018-07-23,2018-07-23,1,garden_tools,Central-West,1.3975203487484418,3.2569728289880953,ridge,1.0
2018-07-23,2018-07-30,2,garden_tools,Central-West,0.9707924010365199,3.2569728289880953,ridge,1.0
2018-07-23,2018-08-06,3,garden_tools,Central-West,0.7801779512035178,3.2569728289880953,ridge,5.0
2018-07-23,2018-08-13,4,garden_tools,Central-West,0.7630530862814338,3.2569728289880953,ridge,4.0
2018-07-23,2018-07-23,1,garden_tools,North,0.0,1.7384815121806931,ridge,0.0
2018-07-23,2018-07-30,2,garden_tools,North,0.0,1.7384815121806931,ridge,0.0
2018-07-23,2018-08-06,3,garden_tools,North,0.0,1.7384815121806931,ridge,0.0
2018-07-23,2018-08-13,4,garden_tools,North,0.0,1.7384815121806931,ridge,0.0
2018-07-23,2018-07-23,1,garden_tools,Northeast,3.6246837930046496,5.056506230017526,ridge,6.0
2018-07-23,2018-07-30,2,garden_tools,Northeast,3.208563302338715,5.056506230017526,ridge,3.0
2018-07-23,2018-08-06,3,garden_tools,Northeast,3.2365488405430805,5.056506230017526,ridge,2.0
2018-07-23,2018-08-13,4,garden_tools,Northeast,3.3080067371900403,5.056506230017526,ridge,4.0
2018-07-23,2018-07-23,1,garden_tools,South,3.8235735726849436,5.105364335318548,ridge,6.0
2018-07-23,2018-07-30,2,garden_tools,South,4.427260013533029,5.105364335318548,ridge,4.0
2018-07-23,2018-08-06,3,garden_tools,South,4.765820771855459,5.105364335318548,ridge,12.0
2018-07-23,2018-08-13,4,garden_tools,South,5.007540785079,5.105364335318548,ridge,6.0
2018-07-23,2018-07-23,1,garden_tools,Southeast,31.702885542745438,21.434141243285126,ridge,46.0
2018-07-23,2018-07-30,2,garden_tools,Southeast,34.95006922297251,21.434141243285126,ridge,26.0
2018-07-23,2018-08-06,3,garden_tools,Southeast,36.91765546957048,21.434141243285126,ridge,33.0
2018-07-23,2018-08-13,4,garden_tools,Southeast,37.902174357007695,21.434141243285126,ridge,27.0
2018-07-23,2018-07-23,1,health_beauty,Central-West,12.920775101077806,4.330920462089476,ridge,6.0
2018-07-23,2018-07-30,2,health_beauty,Central-West,12.684305407444802,4.330920462089476,ridge,15.0
2018-07-23,2018-08-06,3,health_beauty,Central-West,12.219416541361351,4.330920462089476,ridge,19.0
2018-07-23,2018-08-13,4,health_beauty,Central-West,12.247860495459785,4.330920462089476,ridge,22.0
2018-07-23,2018-07-23,1,health_beauty,North,3.994990304333683,2.4965741406771684,ridge,6.0
2018-07-23,2018-07-30,2,health_beauty,North,5.038299379065295,2.4965741406771684,ridge,11.0
2018-07-23,2018-08-06,3,health_beauty,North,5.569068694847636,2.4965741406771684,ridge,7.0
2018-07-23,2018-08-13,4,health_beauty,North,6.20051958397858,2.4965741406771684,ridge,3.0
2018-07-23,2018-07-23,1,health_beauty,Northeast,24.95389808192904,5.097949053964476,ridge,22.0
2018-07-23,2018-07-30,2,health_beauty,Northeast,23.508513778235223,5.097949053964476,ridge,27.0
2018-07-23,2018-08-06,3,health_beauty,Northeast,22.68160172998836,5.097949053964476,ridge,23.0
2018-07-23,2018-08-13,4,health_beauty,Northeast,22.576480478114007,5.097949053964476,ridge,25.0
2018-07-23,2018-07-23,1,health_beauty,South,20.351207795785403,5.734312364826662,ridge,18.0
2018-07-23,2018-07-30,2,health_beauty,South,20.58891865571123,5.734312364826662,ridge,21.0
2018-07-23,2018-08-06,3,health_beauty,South,20.801903091192234,5.734312364826662,ridge,28.0
2018-07-23,2018-08-13,4,health_beauty,South,20.711827548259254,5.734312364826662,ridge,35.0
2018-07-23,2018-07-23,1,health_beauty,Southeast,137.508268211473,21.5505307424261,ridge,118.0
2018-07-23,2018-07-30,2,health_beauty,Southeast,132.90811576770108,21.5505307424261,ridge,166.0
2018-07-23,2018-08-06,3,health_beauty,Southeast,131.31509573659775,21.5505307424261,ridge,185.0
2018-07-23,2018-08-13,4,health_beauty,Southeast,124.97880023942494,21.5505307424261,ridge,153.0
2018-07-23,2018-07-23,1,housewares,Central-West,9.313068660568671,3.1610775684551986,ridge,20.0
2018-07-23,2018-07-30,2,housewares,Central-West,8.932981024532157,3.1610775684551986,ridge,18.0
2018-07-23,2018-08-06,3,housewares,Central-West,8.513069355168845,3.1610775684551986,ridge,2.0
2018-07-23,2018-08-13,4,housewares,Central-West,8.522246329855982,3.1610775684551986,ridge,9.0
2018-07-23,2018-07-23,1,housewares,North,1.0773944654721728,1.5220657123254133,ridge,0.0
2018-07-23,2018-07-30,2,housewares,North,1.3484493273290763,1.5220657123254133,ridge,4.0
2018-07-23,2018-08-06,3,housewares,North,1.5847761739038848,1.5220657123254133,ridge,0.0
2018-07-23,2018-08-13,4,housewares,North,1.6804589255369535,1.5220657123254133,ridge,1.0
2018-07-23,2018-07-23,1,housewares,Northeast,5.877992895919678,3.422377789797798,ridge,6.0
2018-07-23,2018-07-30,2,housewares,Northeast,6.984024924593746,3.422377789797798,ridge,7.0
2018-07-23,2018-08-06,3,housewares,Northeast,7.829352559099107,3.422377789797798,ridge,7.0
2018-07-23,2018-08-13,4,housewares,Northeast,8.442829593898068,3.422377789797798,ridge,3.0
2018-07-23,2018-07-23,1,housewares,South,23.516447866720107,6.154982499933446,ridge,26.0
2018-07-23,2018-07-30,2,housewares,South,20.694070422955136,6.154982499933446,ridge,33.0
2018-07-23,2018-08-06,3,housewares,South,19.505477278237848,6.154982499933446,ridge,28.0
2018-07-23,2018-08-13,4,housewares,South,18.565578858782956,6.154982499933446,ridge,23.0
2018-07-23,2018-07-23,1,housewares,Southeast,83.46573915566945,18.347487986292393,ridge,117.0
2018-07-23,2018-07-30,2,housewares,Southeast,82.64444315521806,18.347487986292393,ridge,141.0
2018-07-23,2018-08-06,3,housewares,Southeast,81.56570814944997,18.347487986292393,ridge,138.0
2018-07-23,2018-08-13,4,housewares,Southeast,78.67733430460336,18.347487986292393,ridge,159.0
2018-07-23,2018-07-23,1,sports_leisure,Central-West,5.902839164487692,3.9296333354786475,ridge,11.0
2018-07-23,2018-07-30,2,sports_leisure,Central-West,6.3068560227692965,3.9296333354786475,ridge,10.0
2018-07-23,2018-08-06,3,sports_leisure,Central-West,6.7605865341877145,3.9296333354786475,ridge,7.0
2018-07-23,2018-08-13,4,sports_leisure,Central-West,6.977778075981235,3.9296333354786475,ridge,9.0
2018-07-23,2018-07-23,1,sports_leisure,North,2.867100948004323,2.0472961993079046,ridge,6.0
2018-07-23,2018-07-30,2,sports_leisure,North,2.7430601485917343,2.0472961993079046,ridge,5.0
2018-07-23,2018-08-06,3,sports_leisure,North,2.637153124495268,2.0472961993079046,ridge,1.0
2018-07-23,2018-08-13,4,sports_leisure,North,2.6652484009831072,2.0472961993079046,ridge,1.0
2018-07-23,2018-07-23,1,sports_leisure,Northeast,13.957553535415585,4.08026110082184,ridge,7.0
2018-07-23,2018-07-30,2,sports_leisure,Northeast,12.446441028762738,4.08026110082184,ridge,12.0
2018-07-23,2018-08-06,3,sports_leisure,Northeast,11.953386442890764,4.08026110082184,ridge,9.0
2018-07-23,2018-08-13,4,sports_leisure,Northeast,11.652405472269134,4.08026110082184,ridge,6.0
2018-07-23,2018-07-23,1,sports_leisure,South,14.594664292012013,6.680502179683368,ridge,21.0
2018-07-23,2018-07-30,2,sports_leisure,South,14.100110144087726,6.680502179683368,ridge,17.0
2018-07-23,2018-08-06,3,sports_leisure,South,14.610238886803469,6.680502179683368,ridge,28.0
2018-07-23,2018-08-13,4,sports_leisure,South,14.568545522744476,6.680502179683368,ridge,14.0
2018-07-23,2018-07-23,1,sports_leisure,Southeast,64.74502691542956,17.654791181980062,ridge,88.0
2018-07-23,2018-07-30,2,sports_leisure,Southeast,66.62873288257177,17.654791181980062,ridge,105.0
2018-07-23,2018-08-06,3,sports_leisure,Southeast,69.13618374852219,17.654791181980062,ridge,83.0
2018-07-23,2018-08-13,4,sports_leisure,Southeast,68.57134696138019,17.654791181980062,ridge,119.0
2018-07-23,2018-07-23,1,telephony,Central-West,4.919484672038736,3.2359750602035526,ridge,4.0
2018-07-23,2018-07-30,2,telephony,Central-West,4.426396587943437,3.2359750602035526,ridge,7.0
2018-07-23,2018-08-06,3,telephony,Central-West,4.3572321648358985,3.2359750602035526,ridge,8.0
2018-07-23,2018-08-13,4,telephony,Central-West,3.751400105438363,3.2359750602035526,ridge,4.0
2018-07-23,2018-07-23,1,telephony,North,0.9618833880667434,2.0919924344119387,ridge,0.0
2018-07-23,2018-07-30,2,telephony,North,0.029841279987977032,2.0919924344119387,ridge,1.0
2018-07-23,2018-08-06,3,telephony,North,0.0,2.0919924344119387,ridge,2.0
2018-07-23,2018-08-13,4,telephony,North,0.0,2.0919924344119387,ridge,0.0
2018-07-23,2018-07-23,1,telephony,Northeast,4.597970831482559,4.770259264014065,ridge,17.0
2018-07-23,2018-07-30,2,telephony,Northeast,4.496111252011786,4.770259264014065,ridge,16.0
2018-07-23,2018-08-06,3,telephony,Northeast,4.419958682146266,4.770259264014065,ridge,19.0
2018-07-23,2018-08-13,4,telephony,Northeast,4.366577567493804,4.770259264014065,ridge,7.0
2018-07-23,2018-07-23,1,telephony,South,8.894589844379858,4.21445356985367,ridge,6.0
2018-07-23,2018-07-30,2,telephony,South,8.519164495937979,4.21445356985367,ridge,10.0
2018-07-23,2018-08-06,3,telephony,South,8.465810528507463,4.21445356985367,ridge,32.0
2018-07-23,2018-08-13,4,telephony,South,8.703971365195878,4.21445356985367,ridge,9.0
2018-07-23,2018-07-23,1,telephony,Southeast,35.91314656053425,11.176189374097861,ridge,36.0
2018-07-23,2018-07-30,2,telephony,Southeast,36.09362440397105,11.176189374097861,ridge,67.0
2018-07-23,2018-08-06,3,telephony,Southeast,36.17718742251621,11.176189374097861,ridge,46.0
2018-07-23,2018-08-13,4,telephony,Southeast,35.22768749384156,11.176189374097861,ridge,43.0
2018-07-23,2018-07-23,1,watches_gifts,Central-West,7.2545232249393985,2.7342866665015317,ridge,10.0
2018-07-23,2018-07-30,2,watches_gifts,Central-West,7.344734253200352,2.7342866665015317,ridge,9.0
2018-07-23,2018-08-06,3,watches_gifts,Central-West,7.369881707027259,2.7342866665015317,ridge,9.0
2018-07-23,2018-08-13,4,watches_gifts,Central-West,7.459180346403649,2.7342866665015317,ridge,7.0
2018-07-23,2018-07-23,1,watches_gifts,North,2.375962425883876,1.5991997034887437,ridge,5.0
2018-07-23,2018-07-30,2,watches_gifts,North,2.3136368154848403,1.5991997034887437,ridge,2.0
2018-07-23,2018-08-06,3,watches_gifts,North,2.3364124629840983,1.5991997034887437,ridge,5.0
2018-07-23,2018-08-13,4,watches_gifts,North,2.5046524679648705,1.5991997034887437,ridge,0.0
2018-07-23,2018-07-23,1,watches_gifts,Northeast,15.26291769928347,4.877402080444927,ridge,21.0
2018-07-23,2018-07-30,2,watches_gifts,Northeast,14.849409741805502,4.877402080444927,ridge,26.0
2018-07-23,2018-08-06,3,watches_gifts,Northeast,14.175634808361613,4.877402080444927,ridge,18.0
2018-07-23,2018-08-13,4,watches_gifts,Northeast,14.355433095542534,4.877402080444927,ridge,14.0
2018-07-23,2018-07-23,1,watches_gifts,South,16.113253889250583,4.767117409532621,ridge,11.0
2018-07-23,2018-07-30,2,watches_gifts,South,15.095823646833782,4.767117409532621,ridge,17.0
2018-07-23,2018-08-06,3,watches_gifts,South,14.69194355921748,4.767117409532621,ridge,16.0
2018-07-23,2018-08-13,4,watches_gifts,South,14.597974200712102,4.767117409532621,ridge,12.0
2018-07-23,2018-07-23,1,watches_gifts,Southeast,84.75287755997293,17.179805021321936,ridge,69.0
2018-07-23,2018-07-30,2,watches_gifts,Southeast,80.81452428116492,17.179805021321936,ridge,104.0
2018-07-23,2018-08-06,3,watches_gifts,Southeast,78.54657837698895,17.179805021321936,ridge,75.0
2018-07-23,2018-08-13,4,watches_gifts,Southeast,75.90580823373654,17.179805021321936,ridge,80.0
2018-07-30,2018-07-30,1,auto,Central-West,7.0,4.466398767320038,last_week,4.0
2018-07-30,2018-08-06,2,auto,Central-West,7.0,4.466398767320038,last_week,9.0
2018-07-30,2018-08-13,3,auto,Central-West,7.0,4.466398767320038,last_week,7.0
2018-07-30,2018-08-20,4,auto,Central-West,7.0,4.466398767320038,last_week,2.0
2018-07-30,2018-07-30,1,auto,North,3.0,1.5148834261657875,last_week,1.0
2018-07-30,2018-08-06,2,auto,North,3.0,1.5148834261657875,last_week,3.0
2018-07-30,2018-08-13,3,auto,North,3.0,1.5148834261657875,last_week,1.0
2018-07-30,2018-08-20,4,auto,North,3.0,1.5148834261657875,last_week,0.0
2018-07-30,2018-07-30,1,auto,Northeast,10.0,3.770669531787255,last_week,12.0
2018-07-30,2018-08-06,2,auto,Northeast,10.0,3.770669531787255,last_week,21.0
2018-07-30,2018-08-13,3,auto,Northeast,10.0,3.770669531787255,last_week,5.0
2018-07-30,2018-08-20,4,auto,Northeast,10.0,3.770669531787255,last_week,3.0
2018-07-30,2018-07-30,1,auto,South,12.0,4.523443208612048,last_week,14.0
2018-07-30,2018-08-06,2,auto,South,12.0,4.523443208612048,last_week,13.0
2018-07-30,2018-08-13,3,auto,South,12.0,4.523443208612048,last_week,17.0
2018-07-30,2018-08-20,4,auto,South,12.0,4.523443208612048,last_week,9.0
2018-07-30,2018-07-30,1,auto,Southeast,65.0,13.53153960577155,last_week,70.0
2018-07-30,2018-08-06,2,auto,Southeast,65.0,13.53153960577155,last_week,91.0
2018-07-30,2018-08-13,3,auto,Southeast,65.0,13.53153960577155,last_week,76.0
2018-07-30,2018-08-20,4,auto,Southeast,65.0,13.53153960577155,last_week,45.0
2018-07-30,2018-07-30,1,bed_bath_table,Central-West,10.0,5.201084699491256,last_week,6.0
2018-07-30,2018-08-06,2,bed_bath_table,Central-West,10.0,5.201084699491256,last_week,9.0
2018-07-30,2018-08-13,3,bed_bath_table,Central-West,10.0,5.201084699491256,last_week,11.0
2018-07-30,2018-08-20,4,bed_bath_table,Central-West,10.0,5.201084699491256,last_week,1.0
2018-07-30,2018-07-30,1,bed_bath_table,North,2.0,1.5275252316519468,last_week,0.0
2018-07-30,2018-08-06,2,bed_bath_table,North,2.0,1.5275252316519468,last_week,0.0
2018-07-30,2018-08-13,3,bed_bath_table,North,2.0,1.5275252316519468,last_week,0.0
2018-07-30,2018-08-20,4,bed_bath_table,North,2.0,1.5275252316519468,last_week,0.0
2018-07-30,2018-07-30,1,bed_bath_table,Northeast,6.0,4.603510366264824,last_week,7.0
2018-07-30,2018-08-06,2,bed_bath_table,Northeast,6.0,4.603510366264824,last_week,3.0
2018-07-30,2018-08-13,3,bed_bath_table,Northeast,6.0,4.603510366264824,last_week,9.0
2018-07-30,2018-08-20,4,bed_bath_table,Northeast,6.0,4.603510366264824,last_week,2.0
2018-07-30,2018-07-30,1,bed_bath_table,South,16.0,8.5522526647092,last_week,12.0
2018-07-30,2018-08-06,2,bed_bath_table,South,16.0,8.5522526647092,last_week,31.0
2018-07-30,2018-08-13,3,bed_bath_table,South,16.0,8.5522526647092,last_week,25.0
2018-07-30,2018-08-20,4,bed_bath_table,South,16.0,8.5522526647092,last_week,5.0
2018-07-30,2018-07-30,1,bed_bath_table,Southeast,118.0,42.844381494438984,last_week,174.0
2018-07-30,2018-08-06,2,bed_bath_table,Southeast,118.0,42.844381494438984,last_week,151.0
2018-07-30,2018-08-13,3,bed_bath_table,Southeast,118.0,42.844381494438984,last_week,167.0
2018-07-30,2018-08-20,4,bed_bath_table,Southeast,118.0,42.844381494438984,last_week,96.0
2018-07-30,2018-07-30,1,computers_accessories,Central-West,6.0,4.69041575982343,last_week,7.0
2018-07-30,2018-08-06,2,computers_accessories,Central-West,6.0,4.69041575982343,last_week,11.0
2018-07-30,2018-08-13,3,computers_accessories,Central-West,6.0,4.69041575982343,last_week,5.0
2018-07-30,2018-08-20,4,computers_accessories,Central-West,6.0,4.69041575982343,last_week,3.0
2018-07-30,2018-07-30,1,computers_accessories,North,6.0,2.577018750615843,last_week,9.0
2018-07-30,2018-08-06,2,computers_accessories,North,6.0,2.577018750615843,last_week,0.0
2018-07-30,2018-08-13,3,computers_accessories,North,6.0,2.577018750615843,last_week,1.0
2018-07-30,2018-08-20,4,computers_accessories,North,6.0,2.577018750615843,last_week,0.0
2018-07-30,2018-07-30,1,computers_accessories,Northeast,9.0,6.355897725533026,last_week,12.0
2018-07-30,2018-08-06,2,computers_accessories,Northeast,9.0,6.355897725533026,last_week,5.0
2018-07-30,2018-08-13,3,computers_accessories,Northeast,9.0,6.355897725533026,last_week,12.0
2018-07-30,2018-08-20,4,computers_accessories,Northeast,9.0,6.355897725533026,last_week,2.0
2018-07-30,2018-07-30,1,computers_accessories,South,15.0,7.934022809944395,last_week,13.0
2018-07-30,2018-08-06,2,computers_accessories,South,15.0,7.934022809944395,last_week,21.0
2018-07-30,2018-08-13,3,computers_accessories,South,15.0,7.934022809944395,last_week,13.0
2018-07-30,2018-08-20,4,computers_accessories,South,15.0,7.934022809944395,last_week,8.0
2018-07-30,2018-07-30,1,computers_accessories,Southeast,81.0,24.63658942430016,last_week,109.0
2018-07-30,2018-08-06,2,computers_accessories,Southeast,81.0,24.63658942430016,last_week,91.0
2018-07-30,2018-08-13,3,computers_accessories,Southeast,81.0,24.63658942430016,last_week,93.0
2018-07-30,2018-08-20,4,computers_accessories,Southeast,81.0,24.63658942430016,last_week,45.0
2018-07-30,2018-07-30,1,furniture_decor,Central-West,4.0,4.665750825883308,last_week,6.0
2018-07-30,2018-08-06,2,furniture_decor,Central-West,4.0,4.665750825883308,last_week,3.0
2018-07-30,2018-08-13,3,furniture_decor,Central-West,4.0,4.665750825883308,last_week,7.0
2018-07-30,2018-08-20,4,furniture_decor,Central-West,4.0,4.665750825883308,last_week,0.0
2018-07-30,2018-07-30,1,furniture_decor,North,6.0,2.314945865236239,last_week,0.0
2018-07-30,2018-08-06,2,furniture_decor,North,6.0,2.314945865236239,last_week,4.0
2018-07-30,2018-08-13,3,furniture_decor,North,6.0,2.314945865236239,last_week,3.0
2018-07-30,2018-08-20,4,furniture_decor,North,6.0,2.314945865236239,last_week,0.0
2018-07-30,2018-07-30,1,furniture_decor,Northeast,9.0,6.016004296234145,last_week,9.0
2018-07-30,2018-08-06,2,furniture_decor,Northeast,9.0,6.016004296234145,last_week,6.0
2018-07-30,2018-08-13,3,furniture_decor,Northeast,9.0,6.016004296234145,last_week,9.0
2018-07-30,2018-08-20,4,furniture_decor,Northeast,9.0,6.016004296234145,last_week,0.0
2018-07-30,2018-07-30,1,furniture_decor,South,28.0,10.321747019689134,last_week,21.0
2018-07-30,2018-08-06,2,furniture_decor,South,28.0,10.321747019689134,last_week,50.0
2018-07-30,2018-08-13,3,furniture_decor,South,28.0,10.321747019689134,last_week,13.0
2018-07-30,2018-08-20,4,furniture_decor,South,28.0,10.321747019689134,last_week,7.0
2018-07-30,2018-07-30,1,furniture_decor,Southeast,84.0,30.437620109803557,last_week,111.0
2018-07-30,2018-08-06,2,furniture_decor,Southeast,84.0,30.437620109803557,last_week,82.0
2018-07-30,2018-08-13,3,furniture_decor,Southeast,84.0,30.437620109803557,last_week,93.0
2018-07-30,2018-08-20,4,furniture_decor,Southeast,84.0,30.437620109803557,last_week,53.0
2018-07-30,2018-07-30,1,garden_tools,Central-West,1.0,4.558733517332558,last_week,1.0
2018-07-30,2018-08-06,2,garden_tools,Central-West,1.0,4.558733517332558,last_week,5.0
2018-07-30,2018-08-13,3,garden_tools,Central-West,1.0,4.558733517332558,last_week,4.0
2018-07-30,2018-08-20,4,garden_tools,Central-West,1.0,4.558733517332558,last_week,0.0
2018-07-30,2018-07-30,1,garden_tools,North,0.0,1.6447273953844768,last_week,0.0
2018-07-30,2018-08-06,2,garden_tools,North,0.0,1.6447273953844768,last_week,0.0
2018-07-30,2018-08-13,3,garden_tools,North,0.0,1.6447273953844768,last_week,0.0
2018-07-30,2018-08-20,4,garden_tools,North,0.0,1.6447273953844768,last_week,0.0
2018-07-30,2018-07-30,1,garden_tools,Northeast,6.0,6.066934341798361,last_week,3.0
2018-07-30,2018-08-06,2,garden_tools,Northeast,6.0,6.066934341798361,last_week,2.0
2018-07-30,2018-08-13,3,garden_tools,Northeast,6.0,6.066934341798361,last_week,4.0
2018-07-30,2018-08-20,4,garden_tools,Northeast,6.0,6.066934341798361,last_week,1.0
2018-07-30,2018-07-30,1,garden_tools,South,6.0,5.797877595757314,last_week,4.0
2018-07-30,2018-08-06,2,garden_tools,South,6.0,5.797877595757314,last_week,12.0
2018-07-30,2018-08-13,3,garden_tools,South,6.0,5.797877595757314,last_week,6.0
2018-07-30,2018-08-20,4,garden_tools,South,6.0,5.797877595757314,last_week,0.0
2018-07-30,2018-07-30,1,garden_tools,Southeast,46.0,24.896709699198283,last_week,26.0
2018-07-30,2018-08-06,2,garden_tools,Southeast,46.0,24.896709699198283,last_week,33.0
2018-07-30,2018-08-13,3,garden_tools,Southeast,46.0,24.896709699198283,last_week,27.0
2018-07-30,2018-08-20,4,garden_tools,Southeast,46.0,24.896709699198283,last_week,17.0
2018-07-30,2018-07-30,1,health_beauty,Central-West,6.0,5.0242999257199745,last_week,15.0
2018-07-30,2018-08-06,2,health_beauty,Central-West,6.0,5.0242999257199745,last_week,19.0
2018-07-30,2018-08-13,3,health_beauty,Central-West,6.0,5.0242999257199745,last_week,22.0
2018-07-30,2018-08-20,4,health_beauty,Central-West,6.0,5.0242999257199745,last_week,7.0
2018-07-30,2018-07-30,1,health_beauty,North,6.0,2.6913917855989946,last_week,11.0
2018-07-30,2018-08-06,2,health_beauty,North,6.0,2.6913917855989946,last_week,7.0
2018-07-30,2018-08-13,3,health_beauty,North,6.0,2.6913917855989946,last_week,3.0
2018-07-30,2018-08-20,4,health_beauty,North,6.0,2.6913917855989946,last_week,0.0
2018-07-30,2018-07-30,1,health_beauty,Northeast,22.0,6.047885835308326,last_week,27.0
2018-07-30,2018-08-06,2,health_beauty,Northeast,22.0,6.047885835308326,last_week,23.0
2018-07-30,2018-08-13,3,health_beauty,Northeast,22.0,6.047885835308326,last_week,25.0
2018-07-30,2018-08-20,4,health_beauty,Northeast,22.0,6.047885835308326,last_week,7.0
2018-07-30,2018-07-30,1,health_beauty,South,18.0,6.546676588848296,last_week,21.0
2018-07-30,2018-08-06,2,health_beauty,South,18.0,6.546676588848296,last_week,28.0
2018-07-30,2018-08-13,3,health_beauty,South,18.0,6.546676588848296,last_week,35.0
2018-07-30,2018-08-20,4,health_beauty,South,18.0,6.546676588848296,last_week,14.0
2018-07-30,2018-07-30,1,health_beauty,Southeast,118.0,24.125473291491332,last_week,166.0
2018-07-30,2018-08-06,2,health_beauty,Southeast,118.0,24.125473291491332,last_week,185.0
2018-07-30,2018-08-13,3,health_beauty,Southeast,118.0,24.125473291491332,last_week,153.0
2018-07-30,2018-08-20,4,health_beauty,Southeast,118.0,24.125473291491332,last_week,118.0
2018-07-30,2018-07-30,1,housewares,Central-West,20.0,3.7655659839507765,last_week,18.0
2018-07-30,2018-08-06,2,housewares,Central-West,20.0,3.7655659839507765,last_week,2.0
2018-07-30,2018-08-13,3,housewares,Central-West,20.0,3.7655659839507765,last_week,9.0
2018-07-30,2018-08-20,4,housewares,Central-West,20.0,3.7655659839507765,last_week,9.0
2018-07-30,2018-07-30,1,housewares,North,0.0,1.6870547845739468,last_week,4.0
2018-07-30,2018-08-06,2,housewares,North,0.0,1.6870547845739468,last_week,0.0
2018-07-30,2018-08-13,3,housewares,North,0.0,1.6870547845739468,last_week,1.0
2018-07-30,2018-08-20,4,housewares,North,0.0,1.6870547845739468,last_week,0.0
2018-07-30,2018-07-30,1,housewares,Northeast,6.0,4.102844541697057,last_week,7.0
2018-07-30,2018-08-06,2,housewares,Northeast,6.0,4.102844541697057,last_week,7.0
2018-07-30,2018-08-13,3,housewares,Northeast,6.0,4.102844541697057,last_week,3.0
2018-07-30,2018-08-20,4,housewares,Northeast,6.0,4.102844541697057,last_week,1.0
2018-07-30,2018-07-30,1,housewares,South,26.0,7.324878576047944,last_week,33.0
2018-07-30,2018-08-06,2,housewares,South,26.0,7.324878576047944,last_week,28.0
2018-07-30,2018-08-13,3,housewares,South,26.0,7.324878576047944,last_week,23.0
2018-07-30,2018-08-20,4,housewares,South,26.0,7.324878576047944,last_week,15.0
2018-07-30,2018-07-30,1,housewares,Southeast,117.0,20.84681614994826,last_week,141.0
2018-07-30,2018-08-06,2,housewares,Southeast,117.0,20.84681614994826,last_week,138.0
2018-07-30,2018-08-13,3,housewares,Southeast,117.0,20.84681614994826,last_week,159.0
2018-07-30,2018-08-20,4,housewares,Southeast,117.0,20.84681614994826,last_week,84.0
2018-07-30,2018-07-30,1,sports_leisure,Central-West,11.0,4.8264761260024684,last_week,10.0
2018-07-30,2018-08-06,2,sports_leisure,Central-West,11.0,4.8264761260024684,last_week,7.0
2018-07-30,2018-08-13,3,sports_leisure,Central-West,11.0,4.8264761260024684,last_week,9.0
2018-07-30,2018-08-20,4,sports_leisure,Central-West,11.0,4.8264761260024684,last_week,3.0
2018-07-30,2018-07-30,1,sports_leisure,North,6.0,2.314945865236239,last_week,5.0
2018-07-30,2018-08-06,2,sports_leisure,North,6.0,2.314945865236239,last_week,1.0
2018-07-30,2018-08-13,3,sports_leisure,North,6.0,2.314945865236239,last_week,1.0
2018-07-30,2018-08-20,4,sports_leisure,North,6.0,2.314945865236239,last_week,0.0
2018-07-30,2018-07-30,1,sports_leisure,Northeast,7.0,4.799839740914434,last_week,12.0
2018-07-30,2018-08-06,2,sports_leisure,Northeast,7.0,4.799839740914434,last_week,9.0
2018-07-30,2018-08-13,3,sports_leisure,Northeast,7.0,4.799839740914434,last_week,6.0
2018-07-30,2018-08-20,4,sports_leisure,Northeast,7.0,4.799839740914434,last_week,2.0
2018-07-30,2018-07-30,1,sports_leisure,South,21.0,7.774877359078917,last_week,17.0
2018-07-30,2018-08-06,2,sports_leisure,South,21.0,7.774877359078917,last_week,28.0
2018-07-30,2018-08-13,3,sports_leisure,South,21.0,7.774877359078917,last_week,14.0
2018-07-30,2018-08-20,4,sports_leisure,South,21.0,7.774877359078917,last_week,11.0
2018-07-30,2018-07-30,1,sports_leisure,Southeast,88.0,19.852339524987595,last_week,105.0
2018-07-30,2018-08-06,2,sports_leisure,Southeast,88.0,19.852339524987595,last_week,83.0
2018-07-30,2018-08-13,3,sports_leisure,Southeast,88.0,19.852339524987595,last_week,119.0
2018-07-30,2018-08-20,4,sports_leisure,Southeast,88.0,19.852339524987595,last_week,63.0
2018-07-30,2018-07-30,1,telephony,Central-West,4.0,3.7774635364528364,last_week,7.0
2018-07-30,2018-08-06,2,telephony,Central-West,4.0,3.7774635364528364,last_week,8.0
2018-07-30,2018-08-13,3,telephony,Central-West,4.0,3.7774635364528364,last_week,4.0
2018-07-30,2018-08-20,4,telephony,Central-West,4.0,3.7774635364528364,last_week,3.0
2018-07-30,2018-07-30,1,telephony,North,0.0,2.160246899469287,last_week,1.0
2018-07-30,2018-08-06,2,telephony,North,0.0,2.160246899469287,last_week,2.0
2018-07-30,2018-08-13,3,telephony,North,0.0,2.160246899469287,last_week,0.0
2018-07-30,2018-08-20,4,telephony,North,0.0,2.160246899469287,last_week,0.0
2018-07-30,2018-07-30,1,telephony,Northeast,17.0,5.921494960236187,last_week,16.0
2018-07-30,2018-08-06,2,telephony,Northeast,17.0,5.921494960236187,last_week,19.0
2018-07-30,2018-08-13,3,telephony,Northeast,17.0,5.921494960236187,last_week,7.0
2018-07-30,2018-08-20,4,telephony,Northeast,17.0,5.921494960236187,last_week,1.0
2018-07-30,2018-07-30,1,telephony,South,6.0,5.033222956847166,last_week,10.0
2018-07-30,2018-08-06,2,telephony,South,6.0,5.033222956847166,last_week,32.0
2018-07-30,2018-08-13,3,telephony,South,6.0,5.033222956847166,last_week,9.0
2018-07-30,2018-08-20,4,telephony,South,6.0,5.033222956847166,last_week,3.0
2018-07-30,2018-07-30,1,telephony,Southeast,36.0,12.114835152375404,last_week,67.0
2018-07-30,2018-08-06,2,telephony,Southeast,36.0,12.114835152375404,last_week,46.0
2018-07-30,2018-08-13,3,telephony,Southeast,36.0,12.114835152375404,last_week,43.0
2018-07-30,2018-08-20,4,telephony,Southeast,36.0,12.114835152375404,last_week,28.0
2018-07-30,2018-07-30,1,watches_gifts,Central-West,10.0,3.0697030675746024,last_week,9.0
2018-07-30,2018-08-06,2,watches_gifts,Central-West,10.0,3.0697030675746024,last_week,9.0
2018-07-30,2018-08-13,3,watches_gifts,Central-West,10.0,3.0697030675746024,last_week,7.0
2018-07-30,2018-08-20,4,watches_gifts,Central-West,10.0,3.0697030675746024,last_week,2.0
2018-07-30,2018-07-30,1,watches_gifts,North,5.0,1.8009968749527978,last_week,2.0
2018-07-30,2018-08-06,2,watches_gifts,North,5.0,1.8009968749527978,last_week,5.0
2018-07-30,2018-08-13,3,watches_gifts,North,5.0,1.8009968749527978,last_week,0.0
2018-07-30,2018-08-20,4,watches_gifts,North,5.0,1.8009968749527978,last_week,0.0
2018-07-30,2018-07-30,1,watches_gifts,Northeast,21.0,5.490084301814103,last_week,26.0
2018-07-30,2018-08-06,2,watches_gifts,Northeast,21.0,5.490084301814103,last_week,18.0
2018-07-30,2018-08-13,3,watches_gifts,Northeast,21.0,5.490084301814103,last_week,14.0
2018-07-30,2018-08-20,4,watches_gifts,Northeast,21.0,5.490084301814103,last_week,3.0
2018-07-30,2018-07-30,1,watches_gifts,South,11.0,5.66025278043848,last_week,17.0
2018-07-30,2018-08-06,2,watches_gifts,South,11.0,5.66025278043848,last_week,16.0
2018-07-30,2018-08-13,3,watches_gifts,South,11.0,5.66025278043848,last_week,12.0
2018-07-30,2018-08-20,4,watches_gifts,South,11.0,5.66025278043848,last_week,8.0
2018-07-30,2018-07-30,1,watches_gifts,Southeast,69.0,18.108292476383753,last_week,104.0
2018-07-30,2018-08-06,2,watches_gifts,Southeast,69.0,18.108292476383753,last_week,75.0
2018-07-30,2018-08-13,3,watches_gifts,Southeast,69.0,18.108292476383753,last_week,80.0
2018-07-30,2018-08-20,4,watches_gifts,Southeast,69.0,18.108292476383753,last_week,48.0
2018-07-30,2018-07-30,1,auto,Central-West,4.25,3.5690307884957746,moving_average,4.0
2018-07-30,2018-08-06,2,auto,Central-West,5.3125,3.5690307884957746,moving_average,9.0
2018-07-30,2018-08-13,3,auto,Central-West,5.890625,3.5690307884957746,moving_average,7.0
2018-07-30,2018-08-20,4,auto,Central-West,5.61328125,3.5690307884957746,moving_average,2.0
2018-07-30,2018-07-30,1,auto,North,3.0,1.2244177056661334,moving_average,1.0
2018-07-30,2018-08-06,2,auto,North,3.25,1.2244177056661334,moving_average,3.0
2018-07-30,2018-08-13,3,auto,North,3.5625,1.2244177056661334,moving_average,1.0
2018-07-30,2018-08-20,4,auto,North,3.203125,1.2244177056661334,moving_average,0.0
2018-07-30,2018-07-30,1,auto,Northeast,11.25,3.0021359917266426,moving_average,12.0
2018-07-30,2018-08-06,2,auto,Northeast,13.0625,3.0021359917266426,moving_average,21.0
2018-07-30,2018-08-13,3,auto,Northeast,11.578125,3.0021359917266426,moving_average,5.0
2018-07-30,2018-08-20,4,auto,Northeast,11.47265625,3.0021359917266426,moving_average,3.0
2018-07-30,2018-07-30,1,auto,South,12.5,3.6463232271595283,moving_average,14.0
2018-07-30,2018-08-06,2,auto,South,13.375,3.6463232271595283,moving_average,13.0
2018-07-30,2018-08-13,3,auto,South,13.71875,3.6463232271595283,moving_average,17.0
2018-07-30,2018-08-20,4,auto,South,12.8984375,3.6463232271595283,moving_average,9.0
2018-07-30,2018-07-30,1,auto,Southeast,45.75,13.442511736832213,moving_average,70.0
2018-07-30,2018-08-06,2,auto,Southeast,46.1875,13.442511736832213,moving_average,91.0
2018-07-30,2018-08-13,3,auto,Southeast,52.984375,13.442511736832213,moving_average,76.0
2018-07-30,2018-08-20,4,auto,Southeast,52.48046875,13.442511736832213,moving_average,45.0
2018-07-30,2018-07-30,1,bed_bath_table,Central-West,9.5,4.477865792013206,moving_average,6.0
2018-07-30,2018-08-06,2,bed_bath_table,Central-West,9.625,4.477865792013206,moving_average,9.0
2018-07-30,2018-08-13,3,bed_bath_table,Central-West,10.03125,4.477865792013206,moving_average,11.0
2018-07-30,2018-08-20,4,bed_bath_table,Central-West,9.7890625,4.477865792013206,moving_average,1.0
2018-07-30,2018-07-30,1,bed_bath_table,North,1.5,1.2019615378461737,moving_average,0.0
2018-07-30,2018-08-06,2,bed_bath_table,North,1.125,1.2019615378461737,moving_average,0.0
2018-07-30,2018-08-13,3,bed_bath_table,North,1.40625,1.2019615378461737,moving_average,0.0
2018-07-30,2018-08-20,4,bed_bath_table,North,1.5078125,1.2019615378461737,moving_average,0.0
2018-07-30,2018-07-30,1,bed_bath_table,Northeast,6.75,3.9159846651175614,moving_average,7.0
2018-07-30,2018-08-06,2,bed_bath_table,Northeast,6.9375,3.9159846651175614,moving_average,3.0
2018-07-30,2018-08-13,3,bed_bath_table,Northeast,6.421875,3.9159846651175614,moving_average,9.0
2018-07-30,2018-08-20,4,bed_bath_table,Northeast,6.52734375,3.9159846651175614,moving_average,2.0
2018-07-30,2018-07-30,1,bed_bath_table,South,15.75,7.341869303644329,moving_average,12.0
2018-07-30,2018-08-06,2,bed_bath_table,South,16.1875,7.341869303644329,moving_average,31.0
2018-07-30,2018-08-13,3,bed_bath_table,South,16.984375,7.341869303644329,moving_average,25.0
2018-07-30,2018-08-20,4,bed_bath_table,South,16.23046875,7.341869303644329,moving_average,5.0
2018-07-30,2018-07-30,1,bed_bath_table,Southeast,102.0,41.182189796200205,moving_average,174.0
2018-07-30,2018-08-06,2,bed_bath_table,Southeast,103.5,41.182189796200205,moving_average,151.0
2018-07-30,2018-08-13,3,bed_bath_table,Southeast,116.875,41.182189796200205,moving_average,167.0
2018-07-30,2018-08-20,4,bed_bath_table,Southeast,110.09375,41.182189796200205,moving_average,96.0
2018-07-30,2018-07-30,1,computers_accessories,Central-West,4.5,4.000400620963497,moving_average,7.0
2018-07-30,2018-08-06,2,computers_accessories,Central-West,4.875,4.000400620963497,moving_average,11.0
2018-07-30,2018-08-13,3,computers_accessories,Central-West,5.84375,4.000400620963497,moving_average,5.0
2018-07-30,2018-08-20,4,computers_accessories,Central-West,5.3046875,4.000400620963497,moving_average,3.0
2018-07-30,2018-07-30,1,computers_accessories,North,2.75,2.066599461272874,moving_average,9.0
2018-07-30,2018-08-06,2,computers_accessories,North,3.4375,2.066599461272874,moving_average,0.0
2018-07-30,2018-08-13,3,computers_accessories,North,4.046875,2.066599461272874,moving_average,1.0
2018-07-30,2018-08-20,4,computers_accessories,North,4.05859375,2.066599461272874,moving_average,0.0
2018-07-30,2018-07-30,1,computers_accessories,Northeast,9.25,4.9219875597629805,moving_average,12.0
2018-07-30,2018-08-06,2,computers_accessories,Northeast,9.3125,4.9219875597629805,moving_average,5.0
2018-07-30,2018-08-13,3,computers_accessories,Northeast,9.140625,4.9219875597629805,moving_average,12.0
2018-07-30,2018-08-20,4,computers_accessories,Northeast,9.17578125,4.9219875597629805,moving_average,2.0
2018-07-30,2018-07-30,1,computers_accessories,South,14.75,8.69018013445238,moving_average,13.0
2018-07-30,2018-08-06,2,computers_accessories,South,15.6875,8.69018013445238,moving_average,21.0
2018-07-30,2018-08-13,3,computers_accessories,South,15.609375,8.69018013445238,moving_average,13.0
2018-07-30,2018-08-20,4,computers_accessories,South,15.26171875,8.69018013445238,moving_average,8.0
2018-07-30,2018-07-30,1,computers_accessories,Southeast,60.75,27.191391925971626,moving_average,109.0
2018-07-30,2018-08-06,2,computers_accessories,Southeast,61.4375,27.191391925971626,moving_average,91.0
2018-07-30,2018-08-13,3,computers_accessories,Southeast,67.296875,27.191391925971626,moving_average,93.0
2018-07-30,2018-08-20,4,computers_accessories,Southeast,67.62109375,27.191391925971626,moving_average,45.0
2018-07-30,2018-07-30,1,furniture_decor,Central-West,3.25,3.7443333253440527,moving_average,6.0
2018-07-30,2018-08-06,2,furniture_decor,Central-West,3.0625,3.7443333253440527,moving_average,3.0
2018-07-30,2018-08-13,3,furniture_decor,Central-West,3.328125,3.7443333253440527,moving_average,7.0
2018-07-30,2018-08-20,4,furniture_decor,Central-West,3.41015625,3.7443333253440527,moving_average,0.0
2018-07-30,2018-07-30,1,furniture_decor,North,2.75,1.7552576697395421,moving_average,0.0
2018-07-30,2018-08-06,2,furniture_decor,North,3.1875,1.7552576697395421,moving_average,4.0
2018-07-30,2018-08-13,3,furniture_decor,North,3.734375,1.7552576697395421,moving_average,3.0
2018-07-30,2018-08-20,4,furniture_decor,North,3.91796875,1.7552576697395421,moving_average,0.0
2018-07-30,2018-07-30,1,furniture_decor,Northeast,7.5,5.375484474290046,moving_average,9.0
2018-07-30,2018-08-06,2,furniture_decor,Northeast,8.125,5.375484474290046,moving_average,6.0
2018-07-30,2018-08-13,3,furniture_decor,Northeast,8.65625,5.375484474290046,moving_average,9.0
2018-07-30,2018-08-20,4,furniture_decor,Northeast,8.3203125,5.375484474290046,moving_average,0.0
2018-07-30,2018-07-30,1,furniture_decor,South,19.25,9.510832218432807,moving_average,21.0
2018-07-30,2018-08-06,2,furniture_decor,South,19.8125,9.510832218432807,moving_average,50.0
2018-07-30,2018-08-13,3,furniture_decor,South,22.765625,9.510832218432807,moving_average,13.0
2018-07-30,2018-08-20,4,furniture_decor,South,22.45703125,9.510832218432807,moving_average,7.0
2018-07-30,2018-07-30,1,furniture_decor,Southeast,62.5,33.45549330156831,moving_average,111.0
2018-07-30,2018-08-06,2,furniture_decor,Southeast,62.375,33.45549330156831,moving_average,82.0
2018-07-30,2018-08-13,3,furniture_decor,Southeast,71.46875,33.45549330156831,moving_average,93.0
2018-07-30,2018-08-20,4,furniture_decor,Southeast,70.0859375,33.45549330156831,moving_average,53.0
2018-07-30,2018-07-30,1,garden_tools,Central-West,1.25,3.6876222274397485,moving_average,1.0
2018-07-30,2018-08-06,2,garden_tools,Central-West,1.5625,3.6876222274397485,moving_average,5.0
2018-07-30,2018-08-13,3,garden_tools,Central-West,1.703125,3.6876222274397485,moving_average,4.0
2018-07-30,2018-08-20,4,garden_tools,Central-West,1.37890625,3.6876222274397485,moving_average,0.0
2018-07-30,2018-07-30,1,garden_tools,North,0.5,1.2302933775615452,moving_average,0.0
2018-07-30,2018-08-06,2,garden_tools,North,0.625,1.2302933775615452,moving_average,0.0
2018-07-30,2018-08-13,3,garden_tools,North,0.53125,1.2302933775615452,moving_average,0.0
2018-07-30,2018-08-20,4,garden_tools,North,0.4140625,1.2302933775615452,moving_average,0.0
2018-07-30,2018-07-30,1,garden_tools,Northeast,4.5,4.666266008441703,moving_average,3.0
2018-07-30,2018-08-06,2,garden_tools,Northeast,4.625,4.666266008441703,moving_average,2.0
2018-07-30,2018-08-13,3,garden_tools,Northeast,5.03125,4.666266008441703,moving_average,4.0
2018-07-30,2018-08-20,4,garden_tools,Northeast,5.0390625,4.666266008441703,moving_average,1.0
2018-07-30,2018-07-30,1,garden_tools,South,4.0,5.416247518299656,moving_average,4.0
2018-07-30,2018-08-06,2,garden_tools,South,3.75,5.416247518299656,moving_average,12.0
2018-07-30,2018-08-13,3,garden_tools,South,4.1875,5.416247518299656,moving_average,6.0
2018-07-30,2018-08-20,4,garden_tools,South,4.484375,5.416247518299656,moving_average,0.0
2018-07-30,2018-07-30,1,garden_tools,Southeast,29.25,21.514902408354672,moving_average,26.0
2018-07-30,2018-08-06,2,garden_tools,Southeast,29.8125,21.514902408354672,moving_average,33.0
2018-07-30,2018-08-13,3,garden_tools,Southeast,33.265625,21.514902408354672,moving_average,27.0
2018-07-30,2018-08-20,4,garden_tools,Southeast,34.58203125,21.514902408354672,moving_average,17.0
2018-07-30,2018-07-30,1,health_beauty,Central-West,10.25,4.427478300631647,moving_average,15.0
2018-07-30,2018-08-06,2,health_beauty,Central-West,11.3125,4.427478300631647,moving_average,19.0
2018-07-30,2018-08-13,3,health_beauty,Central-West,10.390625,4.427478300631647,moving_average,22.0
2018-07-30,2018-08-20,4,health_beauty,Central-West,9.48828125,4.427478300631647,moving_average,7.0
2018-07-30,2018-07-30,1,health_beauty,North,4.75,2.2139201222474822,moving_average,11.0
2018-07-30,2018-08-06,2,health_beauty,North,4.6875,2.2139201222474822,moving_average,7.0
2018-07-30,2018-08-13,3,health_beauty,North,4.359375,2.2139201222474822,moving_average,3.0
2018-07-30,2018-08-20,4,health_beauty,North,4.94921875,2.2139201222474822,moving_average,0.0
2018-07-30,2018-07-30,1,health_beauty,Northeast,24.5,5.603627488122406,moving_average,27.0
2018-07-30,2018-08-06,2,health_beauty,Northeast,25.625,5.603627488122406,moving_average,23.0
2018-07-30,2018-08-13,3,health_beauty,Northeast,25.28125,5.603627488122406,moving_average,25.0
2018-07-30,2018-08-20,4,health_beauty,Northeast,24.3515625,5.603627488122406,moving_average,7.0
2018-07-30,2018-07-30,1,health_beauty,South,17.0,6.803385752131632,moving_average,21.0
2018-07-30,2018-08-06,2,health_beauty,South,18.0,6.803385752131632,moving_average,28.0
2018-07-30,2018-08-13,3,health_beauty,South,18.75,6.803385752131632,moving_average,35.0
2018-07-30,2018-08-20,4,health_beauty,South,17.9375,6.803385752131632,moving_average,14.0
2018-07-30,2018-07-30,1,health_beauty,Southeast,122.75,26.70356021591743,moving_average,166.0
2018-07-30,2018-08-06,2,health_beauty,Southeast,118.9375,26.70356021591743,moving_average,185.0
2018-07-30,2018-08-13,3,health_beauty,Southeast,128.171875,26.70356021591743,moving_average,153.0
2018-07-30,2018-08-20,4,health_beauty,Southeast,121.96484375,26.70356021591743,moving_average,118.0
2018-07-30,2018-07-30,1,housewares,Central-West,11.75,3.478067729099755,moving_average,18.0
2018-07-30,2018-08-06,2,housewares,Central-West,13.6875,3.478067729099755,moving_average,2.0
2018-07-30,2018-08-13,3,housewares,Central-West,14.109375,3.478067729099755,moving_average,9.0
2018-07-30,2018-08-20,4,housewares,Central-West,14.88671875,3.478067729099755,moving_average,9.0
2018-07-30,2018-07-30,1,housewares,North,0.5,1.2734971031749038,moving_average,4.0
2018-07-30,2018-08-06,2,housewares,North,0.375,1.2734971031749038,moving_average,0.0
2018-07-30,2018-08-13,3,housewares,North,0.46875,1.2734971031749038,moving_average,1.0
2018-07-30,2018-08-20,4,housewares,North,0.3359375,1.2734971031749038,moving_average,0.0
2018-07-30,2018-07-30,1,housewares,Northeast,5.75,3.4878451947533597,moving_average,7.0
2018-07-30,2018-08-06,2,housewares,Northeast,5.4375,3.4878451947533597,moving_average,7.0
2018-07-30,2018-08-13,3,housewares,Northeast,5.546875,3.4878451947533597,moving_average,3.0
2018-07-30,2018-08-20,4,housewares,Northeast,5.68359375,3.4878451947533597,moving_average,1.0
2018-07-30,2018-07-30,1,housewares,South,21.0,5.818089055386679,moving_average,33.0
2018-07-30,2018-08-06,2,housewares,South,22.0,5.818089055386679,moving_average,28.0
2018-07-30,2018-08-13,3,housewares,South,25.0,5.818089055386679,moving_average,23.0
2018-07-30,2018-08-20,4,housewares,South,23.5,5.818089055386679,moving_average,15.0
2018-07-30,2018-07-30,1,housewares,Southeast,81.0,20.36074890945434,moving_average,141.0
2018-07-30,2018-08-06,2,housewares,Southeast,80.75,20.36074890945434,moving_average,138.0
2018-07-30,2018-08-13,3,housewares,Southeast,90.1875,20.36074890945434,moving_average,159.0
2018-07-30,2018-08-20,4,housewares,Southeast,92.234375,20.36074890945434,moving_average,84.0
2018-07-30,2018-07-30,1,sports_leisure,Central-West,6.75,3.9057403513684434,moving_average,10.0
2018-07-30,2018-08-06,2,sports_leisure,Central-West,6.6875,3.9057403513684434,moving_average,7.0
2018-07-30,2018-08-13,3,sports_leisure,Central-West,7.359375,3.9057403513684434,moving_average,9.0
2018-07-30,2018-08-20,4,sports_leisure,Central-West,7.94921875,3.9057403513684434,moving_average,3.0
2018-07-30,2018-07-30,1,sports_leisure,North,3.0,1.980271284186679,moving_average,5.0
2018-07-30,2018-08-06,2,sports_leisure,North,3.5,1.980271284186679,moving_average,1.0
2018-07-30,2018-08-13,3,sports_leisure,North,3.875,1.980271284186679,moving_average,1.0
2018-07-30,2018-08-20,4,sports_leisure,North,4.09375,1.980271284186679,moving_average,0.0
2018-07-30,2018-07-30,1,sports_leisure,Northeast,11.25,4.513867521316947,moving_average,12.0
2018-07-30,2018-08-06,2,sports_leisure,Northeast,11.5625,4.513867521316947,moving_average,9.0
2018-07-30,2018-08-13,3,sports_leisure,Northeast,11.953125,4.513867521316947,moving_average,6.0
2018-07-30,2018-08-20,4,sports_leisure,Northeast,10.44140625,4.513867521316947,moving_average,2.0
2018-07-30,2018-07-30,1,sports_leisure,South,15.25,6.874621201685709,moving_average,17.0
2018-07-30,2018-08-06,2,sports_leisure,South,14.5625,6.874621201685709,moving_average,28.0
2018-07-30,2018-08-13,3,sports_leisure,South,16.703125,6.874621201685709,moving_average,14.0
2018-07-30,2018-08-20,4,sports_leisure,South,16.87890625,6.874621201685709,moving_average,11.0
2018-07-30,2018-07-30,1,sports_leisure,Southeast,67.0,21.547651427737595,moving_average,105.0
2018-07-30,2018-08-06,2,sports_leisure,Southeast,64.25,21.547651427737595,moving_average,83.0
2018-07-30,2018-08-13,3,sports_leisure,Southeast,70.8125,21.547651427737595,moving_average,119.0
2018-07-30,2018-08-20,4,sports_leisure,Southeast,72.515625,21.547651427737595,moving_average,63.0
2018-07-30,2018-07-30,1,telephony,Central-West,3.25,3.102805802198044,moving_average,7.0
2018-07-30,2018-08-06,2,telephony,Central-West,3.8125,3.102805802198044,moving_average,8.0
2018-07-30,2018-08-13,3,telephony,Central-West,4.515625,3.102805802198044,moving_average,4.0
2018-07-30,2018-08-20,4,telephony,Central-West,3.89453125,3.102805802198044,moving_average,3.0
2018-07-30,2018-07-30,1,telephony,North,1.0,1.95973081615687,moving_average,1.0
2018-07-30,2018-08-06,2,telephony,North,1.25,1.95973081615687,moving_average,2.0
2018-07-30,2018-08-13,3,telephony,North,1.3125,1.95973081615687,moving_average,0.0
2018-07-30,2018-08-20,4,telephony,North,0.890625,1.95973081615687,moving_average,0.0
2018-07-30,2018-07-30,1,telephony,Northeast,8.5,5.128555677121321,moving_average,16.0
2018-07-30,2018-08-06,2,telephony,Northeast,8.875,5.128555677121321,moving_average,19.0
2018-07-30,2018-08-13,3,telephony,Northeast,9.59375,5.128555677121321,moving_average,7.0
2018-07-30,2018-08-20,4,telephony,Northeast,10.9921875,5.128555677121321,moving_average,1.0
2018-07-30,2018-07-30,1,telephony,South,9.25,4.554425151601293,moving_average,10.0
2018-07-30,2018-08-06,2,telephony,South,9.3125,4.554425151601293,moving_average,32.0
2018-07-30,2018-08-13,3,telephony,South,8.640625,4.554425151601293,moving_average,9.0
2018-07-30,2018-08-20,4,telephony,South,8.30078125,4.554425151601293,moving_average,3.0
2018-07-30,2018-07-30,1,telephony,Southeast,26.0,12.249509409328635,moving_average,67.0
2018-07-30,2018-08-06,2,telephony,Southeast,28.0,12.249509409328635,moving_average,46.0
2018-07-30,2018-08-13,3,telephony,Southeast,32.0,12.249509409328635,moving_average,43.0
2018-07-30,2018-08-20,4,telephony,Southeast,30.5,12.249509409328635,moving_average,28.0
2018-07-30,2018-07-30,1,watches_gifts,Central-West,7.75,2.7287935250883497,moving_average,9.0
2018-07-30,2018-08-06,2,watches_gifts,Central-West,8.4375,2.7287935250883497,moving_average,9.0
2018-07-30,2018-08-13,3,watches_gifts,Central-West,8.546875,2.7287935250883497,moving_average,7.0
2018-07-30,2018-08-20,4,watches_gifts,Central-West,8.68359375,2.7287935250883497,moving_average,2.0
2018-07-30,2018-07-30,1,watches_gifts,North,3.5,1.4588369093922489,moving_average,2.0
2018-07-30,2018-08-06,2,watches_gifts,North,3.875,1.4588369093922489,moving_average,5.0
2018-07-30,2018-08-13,3,watches_gifts,North,3.84375,1.4588369093922489,moving_average,0.0
2018-07-30,2018-08-20,4,watches_gifts,North,4.0546875,1.4588369093922489,moving_average,0.0
2018-07-30,2018-07-30,1,watches_gifts,Northeast,19.25,5.148437651988247,moving_average,26.0
2018-07-30,2018-08-06,2,watches_gifts,Northeast,21.0625,5.148437651988247,moving_average,18.0
2018-07-30,2018-08-13,3,watches_gifts,Northeast,19.328125,5.148437651988247,moving_average,14.0
2018-07-30,2018-08-20,4,watches_gifts,Northeast,20.16015625,5.148437651988247,moving_average,3.0
2018-07-30,2018-07-30,1,watches_gifts,South,14.5,5.069943483223153,moving_average,17.0
2018-07-30,2018-08-06,2,watches_gifts,South,15.375,5.069943483223153,moving_average,16.0
2018-07-30,2018-08-13,3,watches_gifts,South,15.21875,5.069943483223153,moving_average,12.0
2018-07-30,2018-08-20,4,watches_gifts,South,14.0234375,5.069943483223153,moving_average,8.0
2018-07-30,2018-07-30,1,watches_gifts,Southeast,72.0,22.199019671124542,moving_average,104.0
2018-07-30,2018-08-06,2,watches_gifts,Southeast,76.0,22.199019671124542,moving_average,75.0
2018-07-30,2018-08-13,3,watches_gifts,Southeast,78.75,22.199019671124542,moving_average,80.0
2018-07-30,2018-08-20,4,watches_gifts,Southeast,73.9375,22.199019671124542,moving_average,48.0
2018-07-30,2018-07-30,1,auto,Central-West,5.0446747067169175,3.7404203781963656,ridge,4.0
2018-07-30,2018-08-06,2,auto,Central-West,4.088894060713894,3.7404203781963656,ridge,9.0
2018-07-30,2018-08-13,3,auto,Central-West,3.7160480274881946,3.7404203781963656,ridge,7.0
2018-07-30,2018-08-20,4,auto,Central-West,3.6647433039901127,3.7404203781963656,ridge,2.0
2018-07-30,2018-07-30,1,auto,North,1.51342166158628,1.6005608043655086,ridge,1.0
2018-07-30,2018-08-06,2,auto,North,0.940855815502152,1.6005608043655086,ridge,3.0
2018-07-30,2018-08-13,3,auto,North,0.7917199612092052,1.6005608043655086,ridge,1.0
2018-07-30,2018-08-20,4,auto,North,0.9857991502046737,1.6005608043655086,ridge,0.0
2018-07-30,2018-07-30,1,auto,Northeast,8.775148415585623,3.2179572958571288,ridge,12.0
2018-07-30,2018-08-06,2,auto,Northeast,8.031441537114665,3.2179572958571288,ridge,21.0
2018-07-30,2018-08-13,3,auto,Northeast,8.214360522719222,3.2179572958571288,ridge,5.0
2018-07-30,2018-08-20,4,auto,Northeast,8.605509607903898,3.2179572958571288,ridge,3.0
2018-07-30,2018-07-30,1,auto,South,11.558727205898743,3.800580432019299,ridge,14.0
2018-07-30,2018-08-06,2,auto,South,11.146625977924689,3.800580432019299,ridge,13.0
2018-07-30,2018-08-13,3,auto,South,10.961966115976729,3.800580432019299,ridge,17.0
2018-07-30,2018-08-20,4,auto,South,11.291002333834081,3.800580432019299,ridge,9.0
2018-07-30,2018-07-30,1,auto,Southeast,56.920880431981544,12.201286693115481,ridge,70.0
2018-07-30,2018-08-06,2,auto,Southeast,54.8497147504526,12.201286693115481,ridge,91.0
2018-07-30,2018-08-13,3,auto,Southeast,53.177920868488215,12.201286693115481,ridge,76.0
2018-07-30,2018-08-20,4,auto,Southeast,52.515074536112294,12.201286693115481,ridge,45.0
2018-07-30,2018-07-30,1,bed_bath_table,Central-West,9.572773721783244,4.53584866140926,ridge,6.0
2018-07-30,2018-08-06,2,bed_bath_table,Central-West,9.837752729514227,4.53584866140926,ridge,9.0
2018-07-30,2018-08-13,3,bed_bath_table,Central-West,10.368807661702636,4.53584866140926,ridge,11.0
2018-07-30,2018-08-20,4,bed_bath_table,Central-West,11.131841892323907,4.53584866140926,ridge,1.0
2018-07-30,2018-07-30,1,bed_bath_table,North,2.863976395834012,2.0675507843687244,ridge,0.0
2018-07-30,2018-08-06,2,bed_bath_table,North,3.6431915054151887,2.0675507843687244,ridge,0.0
2018-07-30,2018-08-13,3,bed_bath_table,North,4.242511932132426,2.0675507843687244,ridge,0.0
2018-07-30,2018-08-20,4,bed_bath_table,North,4.809816099473336,2.0675507843687244,ridge,0.0
2018-07-30,2018-07-30,1,bed_bath_table,Northeast,8.972810450275226,4.2713772904920235,ridge,7.0
2018-07-30,2018-08-06,2,bed_bath_table,Northeast,10.372781428970404,4.2713772904920235,ridge,3.0
2018-07-30,2018-08-13,3,bed_bath_table,Northeast,11.471255046306215,4.2713772904920235,ridge,9.0
2018-07-30,2018-08-20,4,bed_bath_table,Northeast,12.100170627434942,4.2713772904920235,ridge,2.0
2018-07-30,2018-07-30,1,bed_bath_table,South,18.37985794793505,7.114390439978043,ridge,12.0
2018-07-30,2018-08-06,2,bed_bath_table,South,19.50992429419816,7.114390439978043,ridge,31.0
2018-07-30,2018-08-13,3,bed_bath_table,South,19.876768488136577,7.114390439978043,ridge,25.0
2018-07-30,2018-08-20,4,bed_bath_table,South,20.008957827089027,7.114390439978043,ridge,5.0
2018-07-30,2018-07-30,1,bed_bath_table,Southeast,118.19322112367136,37.349692907738614,ridge,174.0
2018-07-30,2018-08-06,2,bed_bath_table,Southeast,116.23911229106739,37.349692907738614,ridge,151.0
2018-07-30,2018-08-13,3,bed_bath_table,Southeast,108.94380143957848,37.349692907738614,ridge,167.0
2018-07-30,2018-08-20,4,bed_bath_table,Southeast,105.10200963920045,37.349692907738614,ridge,96.0
2018-07-30,2018-07-30,1,computers_accessories,Central-West,5.656765355966616,4.037344127960158,ridge,7.0
2018-07-30,2018-08-06,2,computers_accessories,Central-West,5.79968829290213,4.037344127960158,ridge,11.0
2018-07-30,2018-08-13,3,computers_accessories,Central-West,5.699508721222595,4.037344127960158,ridge,5.0
2018-07-30,2018-08-20,4,computers_accessories,Central-West,5.936746549012851,4.037344127960158,ridge,3.0
2018-07-30,2018-07-30,1,computers_accessories,North,4.150405887804744,2.19461064933755,ridge,9.0
2018-07-30,2018-08-06,2,computers_accessories,North,3.404238248712028,2.19461064933755,ridge,0.0
2018-07-30,2018-08-13,3,computers_accessories,North,3.1778340162554244,2.19461064933755,ridge,1.0
2018-07-30,2018-08-20,4,computers_accessories,North,3.370526012129651,2.19461064933755,ridge,0.0
2018-07-30,2018-07-30,1,computers_accessories,Northeast,9.748260434790089,5.207192627469755,ridge,12.0
2018-07-30,2018-08-06,2,computers_accessories,Northeast,9.917730544177202,5.207192627469755,ridge,5.0
2018-07-30,2018-08-13,3,computers_accessories,Northeast,10.163526218873569,5.207192627469755,ridge,12.0
2018-07-30,2018-08-20,4,computers_accessories,Northeast,10.486620279309351,5.207192627469755,ridge,2.0
2018-07-30,2018-07-30,1,computers_accessories,South,15.709912876519171,7.867449003988816,ridge,13.0
2018-07-30,2018-08-06,2,computers_accessories,South,16.1066689684648,7.867449003988816,ridge,21.0
2018-07-30,2018-08-13,3,computers_accessories,South,16.391515688545145,7.867449003988816,ridge,13.0
2018-07-30,2018-08-20,4,computers_accessories,South,16.523107096710433,7.867449003988816,ridge,8.0
2018-07-30,2018-07-30,1,computers_accessories,Southeast,73.35397971859656,24.733238397546852,ridge,109.0
2018-07-30,2018-08-06,2,computers_accessories,Southeast,70.85670562129764,24.733238397546852,ridge,91.0
2018-07-30,2018-08-13,3,computers_accessories,Southeast,69.27512621498559,24.733238397546852,ridge,93.0
2018-07-30,2018-08-20,4,computers_accessories,Southeast,67.93324571289511,24.733238397546852,ridge,45.0
2018-07-30,2018-07-30,1,furniture_decor,Central-West,4.453001665085971,3.8478246600069217,ridge,6.0
2018-07-30,2018-08-06,2,furniture_decor,Central-West,4.712852382708238,3.8478246600069217,ridge,3.0
2018-07-30,2018-08-13,3,furniture_decor,Central-West,4.710484752721435,3.8478246600069217,ridge,7.0
2018-07-30,2018-08-20,4,furniture_decor,Central-West,4.846405835555351,3.8478246600069217,ridge,0.0
2018-07-30,2018-07-30,1,furniture_decor,North,3.9200418080776416,1.9686325626367878,ridge,0.0
2018-07-30,2018-08-06,2,furniture_decor,North,3.091628932465051,1.9686325626367878,ridge,4.0
2018-07-30,2018-08-13,3,furniture_decor,North,2.946752304549179,1.9686325626367878,ridge,3.0
2018-07-30,2018-08-20,4,furniture_decor,North,3.0883477236334285,1.9686325626367878,ridge,0.0
2018-07-30,2018-07-30,1,furniture_decor,Northeast,8.740384381954629,5.089088183840661,ridge,9.0
2018-07-30,2018-08-06,2,furniture_decor,Northeast,9.002494908015832,5.089088183840661,ridge,6.0
2018-07-30,2018-08-13,3,furniture_decor,Northeast,9.287249533858674,5.089088183840661,ridge,9.0
2018-07-30,2018-08-20,4,furniture_decor,Northeast,9.503535291015462,5.089088183840661,ridge,0.0
2018-07-30,2018-07-30,1,furniture_decor,South,23.14419217075173,8.80030826564288,ridge,21.0
2018-07-30,2018-08-06,2,furniture_decor,South,21.51749986042819,8.80030826564288,ridge,50.0
2018-07-30,2018-08-13,3,furniture_decor,South,20.265852503392797,8.80030826564288,ridge,13.0
2018-07-30,2018-08-20,4,furniture_decor,South,19.712620343678605,8.80030826564288,ridge,7.0
2018-07-30,2018-07-30,1,furniture_decor,Southeast,73.76365722531528,27.376810080003754,ridge,111.0
2018-07-30,2018-08-06,2,furniture_decor,Southeast,71.52856993601353,27.376810080003754,ridge,82.0
2018-07-30,2018-08-13,3,furniture_decor,Southeast,69.28109364415906,27.376810080003754,ridge,93.0
2018-07-30,2018-08-20,4,furniture_decor,Southeast,68.46646677581086,27.376810080003754,ridge,53.0
2018-07-30,2018-07-30,1,garden_tools,Central-West,0.9585835489985328,3.232062597527057,ridge,1.0
2018-07-30,2018-08-06,2,garden_tools,Central-West,0.9570619907336191,3.232062597527057,ridge,5.0
2018-07-30,2018-08-13,3,garden_tools,Central-West,1.045442733042984,3.232062597527057,ridge,4.0
2018-07-30,2018-08-20,4,garden_tools,Central-West,1.2311234490437704,3.232062597527057,ridge,0.0
2018-07-30,2018-07-30,1,garden_tools,North,0.0,1.7165052965293968,ridge,0.0
2018-07-30,2018-08-06,2,garden_tools,North,0.0,1.7165052965293968,ridge,0.0
2018-07-30,2018-08-13,3,garden_tools,North,0.0,1.7165052965293968,ridge,0.0
2018-07-30,2018-08-20,4,garden_tools,North,0.0,1.7165052965293968,ridge,0.0
2018-07-30,2018-07-30,1,garden_tools,Northeast,4.5987609291083285,5.0292242497346065,ridge,3.0
2018-07-30,2018-08-06,2,garden_tools,Northeast,4.27362313923277,5.0292242497346065,ridge,2.0
2018-07-30,2018-08-13,3,garden_tools,Northeast,4.243578205468502,5.0292242497346065,ridge,4.0
2018-07-30,2018-08-20,4,garden_tools,Northeast,4.3900369744638486,5.0292242497346065,ridge,1.0
2018-07-30,2018-07-30,1,garden_tools,South,5.741370136657871,5.077838743845913,ridge,4.0
2018-07-30,2018-08-06,2,garden_tools,South,5.746116402937293,5.077838743845913,ridge,12.0
2018-07-30,2018-08-13,3,garden_tools,South,5.8867509615874365,5.077838743845913,ridge,6.0
2018-07-30,2018-08-20,4,garden_tools,South,5.944289186525153,5.077838743845913,ridge,0.0
2018-07-30,2018-07-30,1,garden_tools,Southeast,42.52904147384362,21.381293700592206,ridge,26.0
2018-07-30,2018-08-06,2,garden_tools,Southeast,41.817909167273385,21.381293700592206,ridge,33.0
2018-07-30,2018-08-13,3,garden_tools,Southeast,41.86036733083574,21.381293700592206,ridge,27.0
2018-07-30,2018-08-20,4,garden_tools,Southeast,41.56990784617271,21.381293700592206,ridge,17.0
2018-07-30,2018-07-30,1,health_beauty,Central-West,9.239281740098317,4.351450895617399,ridge,15.0
2018-07-30,2018-08-06,2,health_beauty,Central-West,10.20353198315505,4.351450895617399,ridge,19.0
2018-07-30,2018-08-13,3,health_beauty,Central-West,10.773991183424766,4.351450895617399,ridge,22.0
2018-07-30,2018-08-20,4,health_beauty,Central-West,11.538240757953151,4.351450895617399,ridge,7.0
2018-07-30,2018-07-30,1,health_beauty,North,6.169200958218064,2.4556682222637236,ridge,11.0
2018-07-30,2018-08-06,2,health_beauty,North,6.352208096250685,2.4556682222637236,ridge,7.0
2018-07-30,2018-08-13,3,health_beauty,North,6.846660811641701,2.4556682222637236,ridge,3.0
2018-07-30,2018-08-20,4,health_beauty,North,7.100786819400334,2.4556682222637236,ridge,0.0
2018-07-30,2018-07-30,1,health_beauty,Northeast,22.033942282880993,5.059937478780968,ridge,27.0
2018-07-30,2018-08-06,2,health_beauty,Northeast,21.844172056065975,5.059937478780968,ridge,23.0
2018-07-30,2018-08-13,3,health_beauty,Northeast,21.990200449304584,5.059937478780968,ridge,25.0
2018-07-30,2018-08-20,4,health_beauty,Northeast,22.650600013463823,5.059937478780968,ridge,7.0
2018-07-30,2018-07-30,1,health_beauty,South,19.41262693973294,5.682884100260987,ridge,21.0
2018-07-30,2018-08-06,2,health_beauty,South,20.12093285616517,5.682884100260987,ridge,28.0
2018-07-30,2018-08-13,3,health_beauty,South,20.270506793698,5.682884100260987,ridge,35.0
2018-07-30,2018-08-20,4,health_beauty,South,20.3725404721219,5.682884100260987,ridge,14.0
2018-07-30,2018-07-30,1,health_beauty,Southeast,122.77886875148612,21.534338448598156,ridge,166.0
2018-07-30,2018-08-06,2,health_beauty,Southeast,124.84980419128537,21.534338448598156,ridge,185.0
2018-07-30,2018-08-13,3,health_beauty,Southeast,120.27651428804114,21.534338448598156,ridge,153.0
2018-07-30,2018-08-20,4,health_beauty,Southeast,117.60405192474784,21.534338448598156,ridge,118.0
2018-07-30,2018-07-30,1,housewares,Central-West,14.580761353927834,3.3653857178494593,ridge,18.0
2018-07-30,2018-08-06,2,housewares,Central-West,12.241508269422193,3.3653857178494593,ridge,2.0
2018-07-30,2018-08-13,3,housewares,Central-West,11.558718744460608,3.3653857178494593,ridge,9.0
2018-07-30,2018-08-20,4,housewares,Central-West,11.28812949384886,3.3653857178494593,ridge,9.0
2018-07-30,2018-07-30,1,housewares,North,1.0732722973021467,1.5396863251198467,ridge,4.0
2018-07-30,2018-08-06,2,housewares,North,1.6642766718912192,1.5396863251198467,ridge,0.0
2018-07-30,2018-08-13,3,housewares,North,1.9335964481287302,1.5396863251198467,ridge,1.0
2018-07-30,2018-08-20,4,housewares,North,2.1490764105413662,1.5396863251198467,ridge,0.0
2018-07-30,2018-07-30,1,housewares,Northeast,7.314275644745243,3.419461909394383,ridge,7.0
2018-07-30,2018-08-06,2,housewares,Northeast,8.262380585272389,3.419461909394383,ridge,7.0
2018-07-30,2018-08-13,3,housewares,Northeast,8.946301202898727,3.419461909394383,ridge,3.0
2018-07-30,2018-08-20,4,housewares,Northeast,9.09742692052677,3.419461909394383,ridge,1.0
2018-07-30,2018-07-30,1,housewares,South,22.14131507567946,6.114207315809259,ridge,33.0
2018-07-30,2018-08-06,2,housewares,South,20.57395199960441,6.114207315809259,ridge,28.0
2018-07-30,2018-08-13,3,housewares,South,19.60168122079331,6.114207315809259,ridge,23.0
2018-07-30,2018-08-20,4,housewares,South,19.893745449888574,6.114207315809259,ridge,15.0
2018-07-30,2018-07-30,1,housewares,Southeast,99.92905334600817,18.612368875656383,ridge,141.0
2018-07-30,2018-08-06,2,housewares,Southeast,92.29367897927722,18.612368875656383,ridge,138.0
2018-07-30,2018-08-13,3,housewares,Southeast,87.13269990479546,18.612368875656383,ridge,159.0
2018-07-30,2018-08-20,4,housewares,Southeast,83.92040708296663,18.612368875656383,ridge,84.0
2018-07-30,2018-07-30,1,sports_leisure,Central-West,9.14595900059437,3.953537365296728,ridge,10.0
2018-07-30,2018-08-06,2,sports_leisure,Central-West,8.711013653534685,3.953537365296728,ridge,7.0
2018-07-30,2018-08-13,3,sports_leisure,Central-West,8.648494551791304,3.953537365296728,ridge,9.0
2018-07-30,2018-08-20,4,sports_leisure,Central-West,8.516759627496423,3.953537365296728,ridge,3.0
2018-07-30,2018-07-30,1,sports_leisure,North,4.579016077230927,2.0789143054098056,ridge,5.0
2018-07-30,2018-08-06,2,sports_leisure,North,3.996509334509846,2.0789143054098056,ridge,1.0
2018-07-30,2018-08-13,3,sports_leisure,North,3.881311361622579,2.0789143054098056,ridge,1.0
2018-07-30,2018-08-20,4,sports_leisure,North,4.045525521710822,2.0789143054098056,ridge,0.0
2018-07-30,2018-07-30,1,sports_leisure,Northeast,9.127442106055085,4.138187224850486,ridge,12.0
2018-07-30,2018-08-06,2,sports_leisure,Northeast,10.125750889048687,4.138187224850486,ridge,9.0
2018-07-30,2018-08-13,3,sports_leisure,Northeast,10.4547381240344,4.138187224850486,ridge,6.0
2018-07-30,2018-08-20,4,sports_leisure,Northeast,11.33698571766116,4.138187224850486,ridge,2.0
2018-07-30,2018-07-30,1,sports_leisure,South,17.567781359484293,6.677746291152291,ridge,17.0
2018-07-30,2018-08-06,2,sports_leisure,South,16.92242014758116,6.677746291152291,ridge,28.0
2018-07-30,2018-08-13,3,sports_leisure,South,16.51358084090106,6.677746291152291,ridge,14.0
2018-07-30,2018-08-20,4,sports_leisure,South,16.581304789765248,6.677746291152291,ridge,11.0
2018-07-30,2018-07-30,1,sports_leisure,Southeast,78.67858556418011,17.751519360154234,ridge,105.0
2018-07-30,2018-08-06,2,sports_leisure,Southeast,76.7066977720969,17.751519360154234,ridge,83.0
2018-07-30,2018-08-13,3,sports_leisure,Southeast,74.59204313835971,17.751519360154234,ridge,119.0
2018-07-30,2018-08-20,4,sports_leisure,Southeast,72.91331386803395,17.751519360154234,ridge,63.0
2018-07-30,2018-07-30,1,telephony,Central-West,4.0777736662626145,3.2111937312061727,ridge,7.0
2018-07-30,2018-08-06,2,telephony,Central-West,4.2725624572287195,3.2111937312061727,ridge,8.0
2018-07-30,2018-08-13,3,telephony,Central-West,3.8550858369062677,3.2111937312061727,ridge,4.0
2018-07-30,2018-08-20,4,telephony,Central-West,3.432549523567288,3.2111937312061727,ridge,3.0
2018-07-30,2018-07-30,1,telephony,North,0.0,2.090775867866613,ridge,1.0
2018-07-30,2018-08-06,2,telephony,North,0.0,2.090775867866613,ridge,2.0
2018-07-30,2018-08-13,3,telephony,North,0.0,2.090775867866613,ridge,0.0
2018-07-30,2018-08-20,4,telephony,North,0.0,2.090775867866613,ridge,0.0
2018-07-30,2018-07-30,1,telephony,Northeast,10.95790119680458,4.957703730921382,ridge,16.0
2018-07-30,2018-08-06,2,telephony,Northeast,8.556302815833442,4.957703730921382,ridge,19.0
2018-07-30,2018-08-13,3,telephony,Northeast,7.642170194752568,4.957703730921382,ridge,7.0
2018-07-30,2018-08-20,4,telephony,Northeast,7.171553945038965,4.957703730921382,ridge,1.0
2018-07-30,2018-07-30,1,telephony,South,7.209470685266927,4.199474035012167,ridge,10.0
2018-07-30,2018-08-06,2,telephony,South,7.816998496377117,4.199474035012167,ridge,32.0
2018-07-30,2018-08-13,3,telephony,South,8.322633244009491,4.199474035012167,ridge,9.0
2018-07-30,2018-08-20,4,telephony,South,8.791737158453463,4.199474035012167,ridge,3.0
2018-07-30,2018-07-30,1,telephony,Southeast,36.364623691916734,11.15005152796552,ridge,67.0
2018-07-30,2018-08-06,2,telephony,Southeast,36.60632455974377,11.15005152796552,ridge,46.0
2018-07-30,2018-08-13,3,telephony,Southeast,35.83888350407886,11.15005152796552,ridge,43.0
2018-07-30,2018-08-20,4,telephony,Southeast,36.44166284276928,11.15005152796552,ridge,28.0
2018-07-30,2018-07-30,1,watches_gifts,Central-West,8.834299455323762,2.726312396550899,ridge,9.0
2018-07-30,2018-08-06,2,watches_gifts,Central-West,8.405817280506728,2.726312396550899,ridge,9.0
2018-07-30,2018-08-13,3,watches_gifts,Central-West,8.337287596408762,2.726312396550899,ridge,7.0
2018-07-30,2018-08-20,4,watches_gifts,Central-West,8.32610093803241,2.726312396550899,ridge,2.0
2018-07-30,2018-07-30,1,watches_gifts,North,3.7626779967716004,1.61866338347655,ridge,2.0
2018-07-30,2018-08-06,2,watches_gifts,North,3.3540764385580166,1.61866338347655,ridge,5.0
2018-07-30,2018-08-13,3,watches_gifts,North,3.371394340267165,1.61866338347655,ridge,0.0
2018-07-30,2018-08-20,4,watches_gifts,North,3.498601467159337,1.61866338347655,ridge,0.0
2018-07-30,2018-07-30,1,watches_gifts,Northeast,17.84355385930475,4.883953280966646,ridge,26.0
2018-07-30,2018-08-06,2,watches_gifts,Northeast,16.17795055661707,4.883953280966646,ridge,18.0
2018-07-30,2018-08-13,3,watches_gifts,Northeast,15.948294722535765,4.883953280966646,ridge,14.0
2018-07-30,2018-08-20,4,watches_gifts,Northeast,16.078021038821806,4.883953280966646,ridge,3.0
2018-07-30,2018-07-30,1,watches_gifts,South,12.570386707958514,4.76506511719103,ridge,17.0
2018-07-30,2018-08-06,2,watches_gifts,South,13.255037684433194,4.76506511719103,ridge,16.0
2018-07-30,2018-08-13,3,watches_gifts,South,13.599323647173197,4.76506511719103,ridge,12.0
2018-07-30,2018-08-20,4,watches_gifts,South,14.331678707484242,4.76506511719103,ridge,8.0
2018-07-30,2018-07-30,1,watches_gifts,Southeast,72.74911260319486,17.17176970878143,ridge,104.0
2018-07-30,2018-08-06,2,watches_gifts,Southeast,73.71719061765847,17.17176970878143,ridge,75.0
2018-07-30,2018-08-13,3,watches_gifts,Southeast,72.45582417349515,17.17176970878143,ridge,80.0
2018-07-30,2018-08-20,4,watches_gifts,Southeast,72.91253237287202,17.17176970878143,ridge,48.0
2018-08-06,2018-08-06,1,auto,Central-West,4.0,4.450856836866187,last_week,9.0
2018-08-06,2018-08-13,2,auto,Central-West,4.0,4.450856836866187,last_week,7.0
2018-08-06,2018-08-20,3,auto,Central-West,4.0,4.450856836866187,last_week,2.0
2018-08-06,2018-08-27,4,auto,Central-West,4.0,4.450856836866187,last_week,
2018-08-06,2018-08-06,1,auto,North,1.0,1.5219907017464107,last_week,3.0
2018-08-06,2018-08-13,2,auto,North,1.0,1.5219907017464107,last_week,1.0
2018-08-06,2018-08-20,3,auto,North,1.0,1.5219907017464107,last_week,0.0
2018-08-06,2018-08-27,4,auto,North,1.0,1.5219907017464107,last_week,
2018-08-06,2018-08-06,1,auto,Northeast,12.0,3.753479398496375,last_week,21.0
2018-08-06,2018-08-13,2,auto,Northeast,12.0,3.753479398496375,last_week,5.0
2018-08-06,2018-08-20,3,auto,Northeast,12.0,3.753479398496375,last_week,3.0
2018-08-06,2018-08-27,4,auto,Northeast,12.0,3.753479398496375,last_week,
2018-08-06,2018-08-06,1,auto,South,14.0,4.500351603704096,last_week,13.0
2018-08-06,2018-08-13,2,auto,South,14.0,4.500351603704096,last_week,17.0
2018-08-06,2018-08-20,3,auto,South,14.0,4.500351603704096,last_week,9.0
2018-08-06,2018-08-27,4,auto,South,14.0,4.500351603704096,last_week,
2018-08-06,2018-08-06,1,auto,Southeast,70.0,13.457387035482958,last_week,91.0
2018-08-06,2018-08-13,2,auto,Southeast,70.0,13.457387035482958,last_week,76.0
2018-08-06,2018-08-20,3,auto,Southeast,70.0,13.457387035482958,last_week,45.0
2018-08-06,2018-08-27,4,auto,Southeast,70.0,13.457387035482958,last_week,
2018-08-06,2018-08-06,1,bed_bath_table,Central-West,6.0,5.187619146107711,last_week,9.0
2018-08-06,2018-08-13,2,bed_bath_table,Central-West,6.0,5.187619146107711,last_week,11.0
2018-08-06,2018-08-20,3,bed_bath_table,Central-West,6.0,5.187619146107711,last_week,1.0
2018-08-06,2018-08-27,4,bed_bath_table,Central-West,6.0,5.187619146107711,last_week,
2018-08-06,2018-08-06,1,bed_bath_table,North,0.0,1.5344153217909535,last_week,0.0
2018-08-06,2018-08-13,2,bed_bath_table,North,0.0,1.5344153217909535,last_week,0.0
2018-08-06,2018-08-20,3,bed_bath_table,North,0.0,1.5344153217909535,last_week,0.0
2018-08-06,2018-08-27,4,bed_bath_table,North,0.0,1.5344153217909535,last_week,
2018-08-06,2018-08-06,1,bed_bath_table,Northeast,7.0,4.57566485450579,last_week,3.0
2018-08-06,2018-08-13,2,bed_bath_table,Northeast,7.0,4.57566485450579,last_week,9.0
2018-08-06,2018-08-20,3,bed_bath_table,Northeast,7.0,4.57566485450579,last_week,2.0
2018-08-06,2018-08-27,4,bed_bath_table,Northeast,7.0,4.57566485450579,last_week,
2018-08-06,2018-08-06,1,bed_bath_table,South,12.0,8.509860252612103,last_week,31.0
2018-08-06,2018-08-13,2,bed_bath_table,South,12.0,8.509860252612103,last_week,25.0
2018-08-06,2018-08-20,3,bed_bath_table,South,12.0,8.509860252612103,last_week,5.0
2018-08-06,2018-08-27,4,bed_bath_table,South,12.0,8.509860252612103,last_week,
2018-08-06,2018-08-06,1,bed_bath_table,Southeast,174.0,43.03604612209148,last_week,151.0
2018-08-06,2018-08-13,2,bed_bath_table,Southeast,174.0,43.03604612209148,last_week,167.0
2018-08-06,2018-08-20,3,bed_bath_table,Southeast,174.0,43.03604612209148,last_week,96.0
2018-08-06,2018-08-27,4,bed_bath_table,Southeast,174.0,43.03604612209148,last_week,
2018-08-06,2018-08-06,1,computers_accessories,Central-West,7.0,4.661992837316449,last_week,11.0
2018-08-06,2018-08-13,2,computers_accessories,Central-West,7.0,4.661992837316449,last_week,5.0
2018-08-06,2018-08-20,3,computers_accessories,Central-West,7.0,4.661992837316449,last_week,3.0
2018-08-06,2018-08-27,4,computers_accessories,Central-West,7.0,4.661992837316449,last_week,
2018-08-06,2018-08-06,1,computers_accessories,North,9.0,2.5828058533210285,last_week,0.0
2018-08-06,2018-08-13,2,computers_accessories,North,9.0,2.5828058533210285,last_week,1.0
2018-08-06,2018-08-20,3,computers_accessories,North,9.0,2.5828058533210285,last_week,0.0
2018-08-06,2018-08-27,4,computers_accessories,North,9.0,2.5828058533210285,last_week,
2018-08-06,2018-08-06,1,computers_accessories,Northeast,12.0,6.324555320336759,last_week,5.0
2018-08-06,2018-08-13,2,computers_accessories,Northeast,12.0,6.324555320336759,last_week,12.0
2018-08-06,2018-08-20,3,computers_accessories,Northeast,12.0,6.324555320336759,last_week,2.0
2018-08-06,2018-08-27,4,computers_accessories,Northeast,12.0,6.324555320336759,last_week,
2018-08-06,2018-08-06,1,computers_accessories,South,13.0,7.886858160609307,last_week,21.0
2018-08-06,2018-08-13,2,computers_accessories,South,13.0,7.886858160609307,last_week,13.0
2018-08-06,2018-08-20,3,computers_accessories,South,13.0,7.886858160609307,last_week,8.0
2018-08-06,2018-08-27,4,computers_accessories,South,13.0,7.886858160609307,last_week,
2018-08-06,2018-08-06,1,computers_accessories,Southeast,109.0,24.682028515613737,last_week,91.0
2018-08-06,2018-08-13,2,computers_accessories,Southeast,109.0,24.682028515613737,last_week,93.0
2018-08-06,2018-08-20,3,computers_accessories,Southeast,109.0,24.682028515613737,last_week,45.0
2018-08-06,2018-08-27,4,computers_accessories,Southeast,109.0,24.682028515613737,last_week,
2018-08-06,2018-08-06,1,furniture_decor,Central-West,6.0,4.641584190496641,last_week,3.0
2018-08-06,2018-08-13,2,furniture_decor,Central-West,6.0,4.641584190496641,last_week,7.0
2018-08-06,2018-08-20,3,furniture_decor,Central-West,6.0,4.641584190496641,last_week,0.0
2018-08-06,2018-08-27,4,furniture_decor,Central-West,6.0,4.641584190496641,last_week,
2018-08-06,2018-08-06,1,furniture_decor,North,0.0,2.3972558151015035,last_week,4.0
2018-08-06,2018-08-13,2,furniture_decor,North,0.0,2.3972558151015035,last_week,3.0
2018-08-06,2018-08-20,3,furniture_decor,North,0.0,2.3972558151015035,last_week,0.0
2018-08-06,2018-08-27,4,furniture_decor,North,0.0,2.3972558151015035,last_week,
2018-08-06,2018-08-06,1,furniture_decor,Northeast,9.0,5.977807057373956,last_week,6.0
2018-08-06,2018-08-13,2,furniture_decor,Northeast,9.0,5.977807057373956,last_week,9.0
2018-08-06,2018-08-20,3,furniture_decor,Northeast,9.0,5.977807057373956,last_week,0.0
2018-08-06,2018-08-27,4,furniture_decor,Northeast,9.0,5.977807057373956,last_week,
2018-08-06,2018-08-06,1,furniture_decor,South,21.0,10.286404939641375,last_week,50.0
2018-08-06,2018-08-13,2,furniture_decor,South,21.0,10.286404939641375,last_week,13.0
2018-08-06,2018-08-20,3,furniture_decor,South,21.0,10.286404939641375,last_week,7.0
2018-08-06,2018-08-27,4,furniture_decor,South,21.0,10.286404939641375,last_week,
2018-08-06,2018-08-06,1,furniture_decor,Southeast,111.0,30.396535445484698,last_week,82.0
2018-08-06,2018-08-13,2,furniture_decor,Southeast,111.0,30.396535445484698,last_week,93.0
2018-08-06,2018-08-20,3,furniture_decor,Southeast,111.0,30.396535445484698,last_week,53.0
2018-08-06,2018-08-27,4,furniture_decor,Southeast,111.0,30.396535445484698,last_week,
2018-08-06,2018-08-06,1,garden_tools,Central-West,1.0,4.529788884900945,last_week,5.0
2018-08-06,2018-08-13,2,garden_tools,Central-West,1.0,4.529788884900945,last_week,4.0
2018-08-06,2018-08-20,3,garden_tools,Central-West,1.0,4.529788884900945,last_week,0.0
2018-08-06,2018-08-27,4,garden_tools,Central-West,1.0,4.529788884900945,last_week,
2018-08-06,2018-08-06,1,garden_tools,North,0.0,1.6342845761829141,last_week,0.0
2018-08-06,2018-08-13,2,garden_tools,North,0.0,1.6342845761829141,last_week,0.0
2018-08-06,2018-08-20,3,garden_tools,North,0.0,1.6342845761829141,last_week,0.0
2018-08-06,2018-08-27,4,garden_tools,North,0.0,1.6342845761829141,last_week,
2018-08-06,2018-08-06,1,garden_tools,Northeast,3.0,6.037855265119531,last_week,2.0
2018-08-06,2018-08-13,2,garden_tools,Northeast,3.0,6.037855265119531,last_week,4.0
2018-08-06,2018-08-20,3,garden_tools,Northeast,3.0,6.037855265119531,last_week,1.0
2018-08-06,2018-08-27,4,garden_tools,Northeast,3.0,6.037855265119531,last_week,
2018-08-06,2018-08-06,1,garden_tools,South,4.0,5.765458032898508,last_week,12.0
2018-08-06,2018-08-13,2,garden_tools,South,4.0,5.765458032898508,last_week,6.0
2018-08-06,2018-08-20,3,garden_tools,South,4.0,5.765458032898508,last_week,0.0
2018-08-06,2018-08-27,4,garden_tools,South,4.0,5.765458032898508,last_week,
2018-08-06,2018-08-06,1,garden_tools,Southeast,26.0,24.840758666740445,last_week,33.0
2018-08-06,2018-08-13,2,garden_tools,Southeast,26.0,24.840758666740445,last_week,27.0
2018-08-06,2018-08-20,3,garden_tools,Southeast,26.0,24.840758666740445,last_week,17.0
2018-08-06,2018-08-27,4,garden_tools,Southeast,26.0,24.840758666740445,last_week,
2018-08-06,2018-08-06,1,health_beauty,Central-West,15.0,5.094052128571869,last_week,19.0
2018-08-06,2018-08-13,2,health_beauty,Central-West,15.0,5.094052128571869,last_week,22.0
2018-08-06,2018-08-20,3,health_beauty,Central-West,15.0,5.094052128571869,last_week,7.0
2018-08-06,2018-08-27,4,health_beauty,Central-West,15.0,5.094052128571869,last_week,
2018-08-06,2018-08-06,1,health_beauty,North,11.0,2.7328290159429565,last_week,7.0
2018-08-06,2018-08-13,2,health_beauty,North,11.0,2.7328290159429565,last_week,3.0
2018-08-06,2018-08-20,3,health_beauty,North,11.0,2.7328290159429565,last_week,0.0
2018-08-06,2018-08-27,4,health_beauty,North,11.0,2.7328290159429565,last_week,
2018-08-06,2018-08-06,1,health_beauty,Northeast,27.0,6.035758423498694,last_week,23.0
2018-08-06,2018-08-13,2,health_beauty,Northeast,27.0,6.035758423498694,last_week,25.0
2018-08-06,2018-08-20,3,health_beauty,Northeast,27.0,6.035758423498694,last_week,7.0
2018-08-06,2018-08-27,4,health_beauty,Northeast,27.0,6.035758423498694,last_week,
2018-08-06,2018-08-06,1,health_beauty,South,21.0,6.513860586997195,last_week,28.0
2018-08-06,2018-08-13,2,health_beauty,South,21.0,6.513860586997195,last_week,35.0
2018-08-06,2018-08-20,3,health_beauty,South,21.0,6.513860586997195,last_week,14.0
2018-08-06,2018-08-27,4,health_beauty,South,21.0,6.513860586997195,last_week,
2018-08-06,2018-08-06,1,health_beauty,Southeast,166.0,24.573063362917832,last_week,185.0
2018-08-06,2018-08-13,2,health_beauty,Southeast,166.0,24.573063362917832,last_week,153.0
2018-08-06,2018-08-20,3,health_beauty,Southeast,166.0,24.573063362917832,last_week,118.0
2018-08-06,2018-08-27,4,health_beauty,Southeast,166.0,24.573063362917832,last_week,
2018-08-06,2018-08-06,1,housewares,Central-West,18.0,3.7484173875640376,last_week,2.0
2018-08-06,2018-08-13,2,housewares,Central-West,18.0,3.7484173875640376,last_week,9.0
2018-08-06,2018-08-20,3,housewares,Central-West,18.0,3.7484173875640376,last_week,9.0
2018-08-06,2018-08-27,4,housewares,Central-West,18.0,3.7484173875640376,last_week,
2018-08-06,2018-08-06,1,housewares,North,4.0,1.7357010767548948,last_week,0.0
2018-08-06,2018-08-13,2,housewares,North,4.0,1.7357010767548948,last_week,1.0
2018-08-06,2018-08-20,3,housewares,North,4.0,1.7357010767548948,last_week,0.0
2018-08-06,2018-08-27,4,housewares,North,4.0,1.7357010767548948,last_week,
2018-08-06,2018-08-06,1,housewares,Northeast,7.0,4.078346649367249,last_week,7.0
2018-08-06,2018-08-13,2,housewares,Northeast,7.0,4.078346649367249,last_week,3.0
2018-08-06,2018-08-20,3,housewares,Northeast,7.0,4.078346649367249,last_week,1.0
2018-08-06,2018-08-27,4,housewares,Northeast,7.0,4.078346649367249,last_week,
2018-08-06,2018-08-06,1,housewares,South,33.0,7.320856282489143,last_week,28.0
2018-08-06,2018-08-13,2,housewares,South,33.0,7.320856282489143,last_week,23.0
2018-08-06,2018-08-20,3,housewares,South,33.0,7.320856282489143,last_week,15.0
2018-08-06,2018-08-27,4,housewares,South,33.0,7.320856282489143,last_week,
2018-08-06,2018-08-06,1,housewares,Southeast,141.0,20.889704326185257,last_week,138.0
2018-08-06,2018-08-13,2,housewares,Southeast,141.0,20.889704326185257,last_week,159.0
2018-08-06,2018-08-20,3,housewares,Southeast,141.0,20.889704326185257,last_week,84.0
2018-08-06,2018-08-27,4,housewares,Southeast,141.0,20.889704326185257,last_week,
2018-08-06,2018-08-06,1,sports_leisure,Central-West,10.0,4.797151053265688,last_week,7.0
2018-08-06,2018-08-13,2,sports_leisure,Central-West,10.0,4.797151053265688,last_week,9.0
2018-08-06,2018-08-20,3,sports_leisure,Central-West,10.0,4.797151053265688,last_week,3.0
2018-08-06,2018-08-27,4,sports_leisure,Central-West,10.0,4.797151053265688,last_week,
2018-08-06,2018-08-06,1,sports_leisure,North,5.0,2.3029974963847506,last_week,1.0
2018-08-06,2018-08-13,2,sports_leisure,North,5.0,2.3029974963847506,last_week,1.0
2018-08-06,2018-08-20,3,sports_leisure,North,5.0,2.3029974963847506,last_week,0.0
2018-08-06,2018-08-27,4,sports_leisure,North,5.0,2.3029974963847506,last_week,
2018-08-06,2018-08-06,1,sports_leisure,Northeast,12.0,4.802425547495818,last_week,9.0
2018-08-06,2018-08-13,2,sports_leisure,Northeast,12.0,4.802425547495818,last_week,6.0
2018-08-06,2018-08-20,3,sports_leisure,Northeast,12.0,4.802425547495818,last_week,2.0
2018-08-06,2018-08-27,4,sports_leisure,Northeast,12.0,4.802425547495818,last_week,
2018-08-06,2018-08-06,1,sports_leisure,South,17.0,7.738609432538063,last_week,28.0
2018-08-06,2018-08-13,2,sports_leisure,South,17.0,7.738609432538063,last_week,14.0
2018-08-06,2018-08-20,3,sports_leisure,South,17.0,7.738609432538063,last_week,11.0
2018-08-06,2018-08-27,4,sports_leisure,South,17.0,7.738609432538063,last_week,
2018-08-06,2018-08-06,1,sports_leisure,Southeast,105.0,19.81879941183578,last_week,83.0
2018-08-06,2018-08-13,2,sports_leisure,Southeast,105.0,19.81879941183578,last_week,119.0
2018-08-06,2018-08-20,3,sports_leisure,Southeast,105.0,19.81879941183578,last_week,63.0
2018-08-06,2018-08-27,4,sports_leisure,Southeast,105.0,19.81879941183578,last_week,
2018-08-06,2018-08-06,1,telephony,Central-West,7.0,3.768624635801451,last_week,8.0
2018-08-06,2018-08-13,2,telephony,Central-West,7.0,3.768624635801451,last_week,4.0
2018-08-06,2018-08-20,3,telephony,Central-West,7.0,3.768624635801451,last_week,3.0
2018-08-06,2018-08-27,4,telephony,Central-West,7.0,3.768624635801451,last_week,
2018-08-06,2018-08-06,1,telephony,North,1.0,2.1494774166194355,last_week,2.0
2018-08-06,2018-08-13,2,telephony,North,1.0,2.1494774166194355,last_week,0.0
2018-08-06,2018-08-20,3,telephony,North,1.0,2.1494774166194355,last_week,0.0
2018-08-06,2018-08-27,4,telephony,North,1.0,2.1494774166194355,last_week,
2018-08-06,2018-08-06,1,telephony,Northeast,16.0,5.884973355284208,last_week,19.0
2018-08-06,2018-08-13,2,telephony,Northeast,16.0,5.884973355284208,last_week,7.0
2018-08-06,2018-08-20,3,telephony,Northeast,16.0,5.884973355284208,last_week,1.0
2018-08-06,2018-08-27,4,telephony,Northeast,16.0,5.884973355284208,last_week,
2018-08-06,2018-08-06,1,telephony,South,10.0,5.021472878888994,last_week,32.0
2018-08-06,2018-08-13,2,telephony,South,10.0,5.021472878888994,last_week,9.0
2018-08-06,2018-08-20,3,telephony,South,10.0,5.021472878888994,last_week,3.0
2018-08-06,2018-08-27,4,telephony,South,10.0,5.021472878888994,last_week,
2018-08-06,2018-08-06,1,telephony,Southeast,67.0,12.532994429388717,last_week,46.0
2018-08-06,2018-08-13,2,telephony,Southeast,67.0,12.532994429388717,last_week,43.0
2018-08-06,2018-08-20,3,telephony,Southeast,67.0,12.532994429388717,last_week,28.0
2018-08-06,2018-08-27,4,telephony,Southeast,67.0,12.532994429388717,last_week,
2018-08-06,2018-08-06,1,watches_gifts,Central-West,9.0,3.0522869616408173,last_week,9.0
2018-08-06,2018-08-13,2,watches_gifts,Central-West,9.0,3.0522869616408173,last_week,7.0
2018-08-06,2018-08-20,3,watches_gifts,Central-West,9.0,3.0522869616408173,last_week,2.0
2018-08-06,2018-08-27,4,watches_gifts,Central-West,9.0,3.0522869616408173,last_week,
2018-08-06,2018-08-06,1,watches_gifts,North,2.0,1.8211138614053026,last_week,5.0
2018-08-06,2018-08-13,2,watches_gifts,North,2.0,1.8211138614053026,last_week,0.0
2018-08-06,2018-08-20,3,watches_gifts,North,2.0,1.8211138614053026,last_week,0.0
2018-08-06,2018-08-27,4,watches_gifts,North,2.0,1.8211138614053026,last_week,
2018-08-06,2018-08-06,1,watches_gifts,Northeast,26.0,5.484154389428566,last_week,18.0
2018-08-06,2018-08-13,2,watches_gifts,Northeast,26.0,5.484154389428566,last_week,14.0
2018-08-06,2018-08-20,3,watches_gifts,Northeast,26.0,5.484154389428566,last_week,3.0
2018-08-06,2018-08-27,4,watches_gifts,Northeast,26.0,5.484154389428566,last_week,
2018-08-06,2018-08-06,1,watches_gifts,South,17.0,5.664680714297736,last_week,16.0
2018-08-06,2018-08-13,2,watches_gifts,South,17.0,5.664680714297736,last_week,12.0
2018-08-06,2018-08-20,3,watches_gifts,South,17.0,5.664680714297736,last_week,8.0
2018-08-06,2018-08-27,4,watches_gifts,South,17.0,5.664680714297736,last_week,
2018-08-06,2018-08-06,1,watches_gifts,Southeast,104.0,18.419169980887037,last_week,75.0
2018-08-06,2018-08-13,2,watches_gifts,Southeast,104.0,18.419169980887037,last_week,80.0
2018-08-06,2018-08-20,3,watches_gifts,Southeast,104.0,18.419169980887037,last_week,48.0
2018-08-06,2018-08-27,4,watches_gifts,Southeast,104.0,18.419169980887037,last_week,
2018-08-06,2018-08-06,1,auto,Central-West,5.25,3.5464815868082016,moving_average,9.0
2018-08-06,2018-08-13,2,auto,Central-West,5.8125,3.5464815868082016,moving_average,7.0
2018-08-06,2018-08-20,3,auto,Central-West,5.515625,3.5464815868082016,moving_average,2.0
2018-08-06,2018-08-27,4,auto,Central-West,5.14453125,3.5464815868082016,moving_average,
2018-08-06,2018-08-06,1,auto,North,2.75,1.2372770224892027,moving_average,3.0
2018-08-06,2018-08-13,2,auto,North,2.9375,1.2372770224892027,moving_average,1.0
2018-08-06,2018-08-20,3,auto,North,2.421875,1.2372770224892027,moving_average,0.0
2018-08-06,2018-08-27,4,auto,North,2.27734375,1.2372770224892027,moving_average,
2018-08-06,2018-08-06,1,auto,Northeast,13.25,2.9842678214898455,moving_average,21.0
2018-08-06,2018-08-13,2,auto,Northeast,11.8125,2.9842678214898455,moving_average,5.0
2018-08-06,2018-08-20,3,auto,Northeast,11.765625,2.9842678214898455,moving_average,3.0
2018-08-06,2018-08-27,4,auto,Northeast,12.20703125,2.9842678214898455,moving_average,
2018-08-06,2018-08-06,1,auto,South,13.75,3.6271000028093723,moving_average,13.0
2018-08-06,2018-08-13,2,auto,South,14.1875,3.6271000028093723,moving_average,17.0
2018-08-06,2018-08-20,3,auto,South,13.484375,3.6271000028093723,moving_average,9.0
2018-08-06,2018-08-27,4,auto,South,13.85546875,3.6271000028093723,moving_average,
2018-08-06,2018-08-06,1,auto,Southeast,52.25,13.632959874389305,moving_average,91.0
2018-08-06,2018-08-13,2,auto,Southeast,60.5625,13.632959874389305,moving_average,76.0
2018-08-06,2018-08-20,3,auto,Southeast,61.953125,13.632959874389305,moving_average,45.0
2018-08-06,2018-08-27,4,auto,Southeast,61.19140625,13.632959874389305,moving_average,
2018-08-06,2018-08-06,1,bed_bath_table,Central-West,8.75,4.466825678887595,moving_average,9.0
2018-08-06,2018-08-13,2,bed_bath_table,Central-West,8.9375,4.466825678887595,moving_average,11.0
2018-08-06,2018-08-20,3,bed_bath_table,Central-West,8.421875,4.466825678887595,moving_average,1.0
2018-08-06,2018-08-27,4,bed_bath_table,Central-West,8.02734375,4.466825678887595,moving_average,
2018-08-06,2018-08-06,1,bed_bath_table,North,0.75,1.206194455007624,moving_average,0.0
2018-08-06,2018-08-13,2,bed_bath_table,North,0.9375,1.206194455007624,moving_average,0.0
2018-08-06,2018-08-20,3,bed_bath_table,North,0.921875,1.206194455007624,moving_average,0.0
2018-08-06,2018-08-27,4,bed_bath_table,North,0.65234375,1.206194455007624,moving_average,
2018-08-06,2018-08-06,1,bed_bath_table,Northeast,7.0,3.891222677263617,moving_average,3.0
2018-08-06,2018-08-13,2,bed_bath_table,Northeast,6.5,3.891222677263617,moving_average,9.0
2018-08-06,2018-08-20,3,bed_bath_table,Northeast,6.625,3.891222677263617,moving_average,2.0
2018-08-06,2018-08-27,4,bed_bath_table,Northeast,6.78125,3.891222677263617,moving_average,
2018-08-06,2018-08-06,1,bed_bath_table,South,15.25,7.307443751218013,moving_average,31.0
2018-08-06,2018-08-13,2,bed_bath_table,South,15.8125,7.307443751218013,moving_average,25.0
2018-08-06,2018-08-20,3,bed_bath_table,South,14.765625,7.307443751218013,moving_average,5.0
2018-08-06,2018-08-27,4,bed_bath_table,South,14.45703125,7.307443751218013,moving_average,
2018-08-06,2018-08-06,1,bed_bath_table,Southeast,121.5,41.714805525136995,moving_average,151.0
2018-08-06,2018-08-13,2,bed_bath_table,Southeast,139.375,41.714805525136995,moving_average,167.0
2018-08-06,2018-08-20,3,bed_bath_table,Southeast,138.21875,41.714805525136995,moving_average,96.0
2018-08-06,2018-08-27,4,bed_bath_table,Southeast,143.2734375,41.714805525136995,moving_average,
2018-08-06,2018-08-06,1,computers_accessories,Central-West,5.5,3.9849400039954226,moving_average,11.0
2018-08-06,2018-08-13,2,computers_accessories,Central-West,6.625,3.9849400039954226,moving_average,5.0
2018-08-06,2018-08-20,3,computers_accessories,Central-West,6.28125,3.9849400039954226,moving_average,3.0
2018-08-06,2018-08-27,4,computers_accessories,Central-West,6.3515625,3.9849400039954226,moving_average,
2018-08-06,2018-08-06,1,computers_accessories,North,5.0,2.1705377622181996,moving_average,0.0
2018-08-06,2018-08-13,2,computers_accessories,North,6.0,2.1705377622181996,moving_average,1.0
2018-08-06,2018-08-20,3,computers_accessories,North,6.5,2.1705377622181996,moving_average,0.0
2018-08-06,2018-08-27,4,computers_accessories,North,6.625,2.1705377622181996,moving_average,
2018-08-06,2018-08-06,1,computers_accessories,Northeast,10.0,4.900513406324854,moving_average,5.0
2018-08-06,2018-08-13,2,computers_accessories,Northeast,10.0,4.900513406324854,moving_average,12.0
2018-08-06,2018-08-20,3,computers_accessories,Northeast,10.25,4.900513406324854,moving_average,2.0
2018-08-06,2018-08-27,4,computers_accessories,Northeast,10.5625,4.900513406324854,moving_average,
2018-08-06,2018-08-06,1,computers_accessories,South,15.25,8.637248228575194,moving_average,21.0
2018-08-06,2018-08-13,2,computers_accessories,South,15.0625,8.637248228575194,moving_average,13.0
2018-08-06,2018-08-20,3,computers_accessories,South,14.578125,8.637248228575194,moving_average,8.0
2018-08-06,2018-08-27,4,computers_accessories,South,14.47265625,8.637248228575194,moving_average,
2018-08-06,2018-08-06,1,computers_accessories,Southeast,73.5,27.558697425630776,moving_average,91.0
2018-08-06,2018-08-13,2,computers_accessories,Southeast,82.375,27.558697425630776,moving_average,93.0
2018-08-06,2018-08-20,3,computers_accessories,Southeast,86.46875,27.558697425630776,moving_average,45.0
2018-08-06,2018-08-27,4,computers_accessories,Southeast,87.8359375,27.558697425630776,moving_average,
2018-08-06,2018-08-06,1,furniture_decor,Central-West,3.75,3.7334020864675836,moving_average,3.0
2018-08-06,2018-08-13,2,furniture_decor,Central-West,4.1875,3.7334020864675836,moving_average,7.0
2018-08-06,2018-08-20,3,furniture_decor,Central-West,4.484375,3.7334020864675836,moving_average,0.0
2018-08-06,2018-08-27,4,furniture_decor,Central-West,4.60546875,3.7334020864675836,moving_average,
2018-08-06,2018-08-06,1,furniture_decor,North,2.5,1.7713436221829184,moving_average,4.0
2018-08-06,2018-08-13,2,furniture_decor,North,2.875,1.7713436221829184,moving_average,3.0
2018-08-06,2018-08-20,3,furniture_decor,North,2.84375,1.7713436221829184,moving_average,0.0
2018-08-06,2018-08-27,4,furniture_decor,North,2.0546875,1.7713436221829184,moving_average,
2018-08-06,2018-08-06,1,furniture_decor,Northeast,8.5,5.344019489466469,moving_average,6.0
2018-08-06,2018-08-13,2,furniture_decor,Northeast,9.125,5.344019489466469,moving_average,9.0
2018-08-06,2018-08-20,3,furniture_decor,Northeast,8.90625,5.344019489466469,moving_average,0.0
2018-08-06,2018-08-27,4,furniture_decor,Northeast,8.8828125,5.344019489466469,moving_average,
2018-08-06,2018-08-06,1,furniture_decor,South,20.25,9.452496154154405,moving_average,50.0
2018-08-06,2018-08-13,2,furniture_decor,South,23.3125,9.452496154154405,moving_average,13.0
2018-08-06,2018-08-20,3,furniture_decor,South,23.140625,9.452496154154405,moving_average,7.0
2018-08-06,2018-08-27,4,furniture_decor,South,21.92578125,9.452496154154405,moving_average,
2018-08-06,2018-08-06,1,furniture_decor,Southeast,74.5,33.687941068247575,moving_average,82.0
2018-08-06,2018-08-13,2,furniture_decor,Southeast,86.625,33.687941068247575,moving_average,93.0
2018-08-06,2018-08-20,3,furniture_decor,Southeast,89.03125,33.687941068247575,moving_average,53.0
2018-08-06,2018-08-27,4,furniture_decor,Southeast,90.2890625,33.687941068247575,moving_average,
2018-08-06,2018-08-06,1,garden_tools,Central-West,1.5,3.6643164696670807,moving_average,5.0
2018-08-06,2018-08-13,2,garden_tools,Central-West,1.625,3.6643164696670807,moving_average,4.0
2018-08-06,2018-08-20,3,garden_tools,Central-West,1.28125,3.6643164696670807,moving_average,0.0
2018-08-06,2018-08-27,4,garden_tools,Central-West,1.3515625,3.6643164696670807,moving_average,
2018-08-06,2018-08-06,1,garden_tools,North,0.5,1.2237755440759883,moving_average,0.0
2018-08-06,2018-08-13,2,garden_tools,North,0.375,1.2237755440759883,moving_average,0.0
2018-08-06,2018-08-20,3,garden_tools,North,0.21875,1.2237755440759883,moving_average,0.0
2018-08-06,2018-08-27,4,garden_tools,North,0.2734375,1.2237755440759883,moving_average,
2018-08-06,2018-08-06,1,garden_tools,Northeast,4.25,4.639708906189829,moving_average,2.0
2018-08-06,2018-08-13,2,garden_tools,Northeast,4.5625,4.639708906189829,moving_average,4.0
2018-08-06,2018-08-20,3,garden_tools,Northeast,4.453125,4.639708906189829,moving_average,1.0
2018-08-06,2018-08-27,4,garden_tools,Northeast,4.06640625,4.639708906189829,moving_average,
2018-08-06,2018-08-06,1,garden_tools,South,3.75,5.381858297482127,moving_average,12.0
2018-08-06,2018-08-13,2,garden_tools,South,4.1875,5.381858297482127,moving_average,6.0
2018-08-06,2018-08-20,3,garden_tools,South,4.484375,5.381858297482127,moving_average,0.0
2018-08-06,2018-08-27,4,garden_tools,South,4.10546875,5.381858297482127,moving_average,
2018-08-06,2018-08-06,1,garden_tools,Southeast,29.0,21.38142530565411,moving_average,33.0
2018-08-06,2018-08-13,2,garden_tools,Southeast,32.25,21.38142530565411,moving_average,27.0
2018-08-06,2018-08-20,3,garden_tools,Southeast,33.3125,21.38142530565411,moving_average,17.0
2018-08-06,2018-08-27,4,garden_tools,Southeast,30.140625,21.38142530565411,moving_average,
2018-08-06,2018-08-06,1,health_beauty,Central-West,12.5,4.431707531592041,moving_average,19.0
2018-08-06,2018-08-13,2,health_beauty,Central-West,11.875,4.431707531592041,moving_average,22.0
2018-08-06,2018-08-20,3,health_beauty,Central-West,11.34375,4.431707531592041,moving_average,7.0
2018-08-06,2018-08-27,4,health_beauty,Central-West,12.6796875,4.431707531592041,moving_average,
2018-08-06,2018-08-06,1,health_beauty,North,6.25,2.3095152650488524,moving_average,7.0
2018-08-06,2018-08-13,2,health_beauty,North,6.3125,2.3095152650488524,moving_average,3.0
2018-08-06,2018-08-20,3,health_beauty,North,7.390625,2.3095152650488524,moving_average,0.0
2018-08-06,2018-08-27,4,health_beauty,North,7.73828125,2.3095152650488524,moving_average,
2018-08-06,2018-08-06,1,health_beauty,Northeast,26.25,5.575148292288974,moving_average,23.0
2018-08-06,2018-08-13,2,health_beauty,Northeast,26.0625,5.575148292288974,moving_average,25.0
2018-08-06,2018-08-20,3,health_beauty,Northeast,25.328125,5.575148292288974,moving_average,7.0
2018-08-06,2018-08-27,4,health_beauty,Northeast,26.16015625,5.575148292288974,moving_average,
2018-08-06,2018-08-06,1,health_beauty,South,19.0,6.7751523874683235,moving_average,28.0
2018-08-06,2018-08-13,2,health_beauty,South,20.0,6.7751523874683235,moving_average,35.0
2018-08-06,2018-08-20,3,health_beauty,South,19.5,6.7751523874683235,moving_average,14.0
2018-08-06,2018-08-27,4,health_beauty,South,19.875,6.7751523874683235,moving_average,
2018-08-06,2018-08-06,1,health_beauty,Southeast,129.75,26.976504662344016,moving_average,185.0
2018-08-06,2018-08-13,2,health_beauty,Southeast,141.6875,26.976504662344016,moving_average,153.0
2018-08-06,2018-08-20,3,health_beauty,Southeast,138.859375,26.976504662344016,moving_average,118.0
2018-08-06,2018-08-27,4,health_beauty,Southeast,144.07421875,26.976504662344016,moving_average,
2018-08-06,2018-08-06,1,housewares,Central-West,15.25,3.5267961578804785,moving_average,2.0
2018-08-06,2018-08-13,2,housewares,Central-West,16.0625,3.5267961578804785,moving_average,9.0
2018-08-06,2018-08-20,3,housewares,Central-West,17.328125,3.5267961578804785,moving_average,9.0
2018-08-06,2018-08-27,4,housewares,Central-West,16.66015625,3.5267961578804785,moving_average,
2018-08-06,2018-08-06,1,housewares,North,1.25,1.325265676732047,moving_average,0.0
2018-08-06,2018-08-13,2,housewares,North,1.5625,1.325265676732047,moving_average,1.0
2018-08-06,2018-08-20,3,housewares,North,1.703125,1.325265676732047,moving_average,0.0
2018-08-06,2018-08-27,4,housewares,North,2.12890625,1.325265676732047,moving_average,
2018-08-06,2018-08-06,1,housewares,Northeast,5.75,3.4685522095508015,moving_average,7.0
2018-08-06,2018-08-13,2,housewares,Northeast,5.9375,3.4685522095508015,moving_average,3.0
2018-08-06,2018-08-20,3,housewares,Northeast,6.171875,3.4685522095508015,moving_average,1.0
2018-08-06,2018-08-27,4,housewares,Northeast,6.21484375,3.4685522095508015,moving_average,
2018-08-06,2018-08-06,1,housewares,South,25.0,5.936704643597865,moving_average,28.0
2018-08-06,2018-08-13,2,housewares,South,28.75,5.936704643597865,moving_average,23.0
2018-08-06,2018-08-20,3,housewares,South,28.1875,5.936704643597865,moving_average,15.0
2018-08-06,2018-08-27,4,housewares,South,28.734375,5.936704643597865,moving_average,
2018-08-06,2018-08-06,1,housewares,Southeast,95.75,21.327965684827152,moving_average,138.0
2018-08-06,2018-08-13,2,housewares,Southeast,108.9375,21.327965684827152,moving_average,159.0
2018-08-06,2018-08-20,3,housewares,Southeast,115.671875,21.327965684827152,moving_average,84.0
2018-08-06,2018-08-27,4,housewares,Southeast,115.33984375,21.327965684827152,moving_average,
2018-08-06,2018-08-06,1,sports_leisure,Central-West,7.5,3.8981292169969253,moving_average,7.0
2018-08-06,2018-08-13,2,sports_leisure,Central-West,8.375,3.8981292169969253,moving_average,9.0
2018-08-06,2018-08-20,3,sports_leisure,Central-West,9.21875,3.8981292169969253,moving_average,3.0
2018-08-06,2018-08-27,4,sports_leisure,Central-West,8.7734375,3.8981292169969253,moving_average,
2018-08-06,2018-08-06,1,sports_leisure,North,4.0,1.980522242851713,moving_average,1.0
2018-08-06,2018-08-13,2,sports_leisure,North,4.5,1.980522242851713,moving_average,1.0
2018-08-06,2018-08-20,3,sports_leisure,North,4.875,1.980522242851713,moving_average,0.0
2018-08-06,2018-08-27,4,sports_leisure,North,4.59375,1.980522242851713,moving_average,
2018-08-06,2018-08-06,1,sports_leisure,Northeast,11.75,4.486001433432617,moving_average,9.0
2018-08-06,2018-08-13,2,sports_leisure,Northeast,12.1875,4.486001433432617,moving_average,6.0
2018-08-06,2018-08-20,3,sports_leisure,Northeast,10.734375,4.486001433432617,moving_average,2.0
2018-08-06,2018-08-27,4,sports_leisure,Northeast,11.66796875,4.486001433432617,moving_average,
2018-08-06,2018-08-06,1,sports_leisure,South,15.0,6.833809286707422,moving_average,28.0
2018-08-06,2018-08-13,2,sports_leisure,South,17.25,6.833809286707422,moving_average,14.0
2018-08-06,2018-08-20,3,sports_leisure,South,17.5625,6.833809286707422,moving_average,11.0
2018-08-06,2018-08-27,4,sports_leisure,South,16.703125,6.833809286707422,moving_average,
2018-08-06,2018-08-06,1,sports_leisure,Southeast,73.75,21.833518535627043,moving_average,83.0
2018-08-06,2018-08-13,2,sports_leisure,Southeast,82.6875,21.833518535627043,moving_average,119.0
2018-08-06,2018-08-20,3,sports_leisure,Southeast,87.359375,21.833518535627043,moving_average,63.0
2018-08-06,2018-08-27,4,sports_leisure,Southeast,87.19921875,21.833518535627043,moving_average,
2018-08-06,2018-08-06,1,telephony,Central-West,4.75,3.111839376284944,moving_average,8.0
2018-08-06,2018-08-13,2,telephony,Central-West,5.6875,3.111839376284944,moving_average,4.0
2018-08-06,2018-08-20,3,telephony,Central-West,5.359375,3.111839376284944,moving_average,3.0
2018-08-06,2018-08-27,4,telephony,Central-West,5.69921875,3.111839376284944,moving_average,
2018-08-06,2018-08-06,1,telephony,North,1.25,1.947287955015086,moving_average,2.0
2018-08-06,2018-08-13,2,telephony,North,1.3125,1.947287955015086,moving_average,0.0
2018-08-06,2018-08-20,3,telephony,North,0.890625,1.947287955015086,moving_average,0.0
2018-08-06,2018-08-27,4,telephony,North,1.11328125,1.947287955015086,moving_average,
2018-08-06,2018-08-06,1,telephony,Northeast,10.75,5.165381969039265,moving_average,19.0
2018-08-06,2018-08-13,2,telephony,Northeast,11.9375,5.165381969039265,moving_average,7.0
2018-08-06,2018-08-20,3,telephony,Northeast,13.921875,5.165381969039265,moving_average,1.0
2018-08-06,2018-08-27,4,telephony,Northeast,13.15234375,5.165381969039265,moving_average,
2018-08-06,2018-08-06,1,telephony,South,9.5,4.526294485796511,moving_average,32.0
2018-08-06,2018-08-13,2,telephony,South,8.875,4.526294485796511,moving_average,9.0
2018-08-06,2018-08-20,3,telephony,South,8.59375,4.526294485796511,moving_average,3.0
2018-08-06,2018-08-27,4,telephony,South,9.2421875,4.526294485796511,moving_average,
2018-08-06,2018-08-06,1,telephony,Southeast,38.25,13.016512152170217,moving_average,46.0
2018-08-06,2018-08-13,2,telephony,Southeast,44.8125,13.016512152170217,moving_average,43.0
2018-08-06,2018-08-20,3,telephony,Southeast,46.515625,13.016512152170217,moving_average,28.0
2018-08-06,2018-08-27,4,telephony,Southeast,49.14453125,13.016512152170217,moving_average,
2018-08-06,2018-08-06,1,watches_gifts,Central-West,8.75,2.715112418121573,moving_average,9.0
2018-08-06,2018-08-13,2,watches_gifts,Central-West,8.9375,2.715112418121573,moving_average,7.0
2018-08-06,2018-08-20,3,watches_gifts,Central-West,9.171875,2.715112418121573,moving_average,2.0
2018-08-06,2018-08-27,4,watches_gifts,Central-West,8.96484375,2.715112418121573,moving_average,
2018-08-06,2018-08-06,1,watches_gifts,North,3.5,1.45936521660722,moving_average,5.0
2018-08-06,2018-08-13,2,watches_gifts,North,3.375,1.45936521660722,moving_average,0.0
2018-08-06,2018-08-20,3,watches_gifts,North,3.46875,1.45936521660722,moving_average,0.0
2018-08-06,2018-08-27,4,watches_gifts,North,3.0859375,1.45936521660722,moving_average,
2018-08-06,2018-08-06,1,watches_gifts,Northeast,22.75,5.171810764353089,moving_average,18.0
2018-08-06,2018-08-13,2,watches_gifts,Northeast,21.4375,5.171810764353089,moving_average,14.0
2018-08-06,2018-08-20,3,watches_gifts,Northeast,22.796875,5.171810764353089,moving_average,3.0
2018-08-06,2018-08-27,4,watches_gifts,Northeast,23.24609375,5.171810764353089,moving_average,
2018-08-06,2018-08-06,1,watches_gifts,South,16.0,5.045599034827596,moving_average,16.0
2018-08-06,2018-08-13,2,watches_gifts,South,16.0,5.045599034827596,moving_average,12.0
2018-08-06,2018-08-20,3,watches_gifts,South,15.0,5.045599034827596,moving_average,8.0
2018-08-06,2018-08-27,4,watches_gifts,South,16.0,5.045599034827596,moving_average,
2018-08-06,2018-08-06,1,watches_gifts,Southeast,84.0,22.349956814729044,moving_average,75.0
2018-08-06,2018-08-13,2,watches_gifts,Southeast,88.75,22.349956814729044,moving_average,80.0
2018-08-06,2018-08-20,3,watches_gifts,Southeast,86.4375,22.349956814729044,moving_average,48.0
2018-08-06,2018-08-27,4,watches_gifts,Southeast,90.796875,22.349956814729044,moving_average,
2018-08-06,2018-08-06,1,auto,Central-West,3.9199138705817216,3.718143861038761,ridge,9.0
2018-08-06,2018-08-13,2,auto,Central-West,3.9033171052768134,3.718143861038761,ridge,7.0
2018-08-06,2018-08-20,3,auto,Central-West,4.084576472919826,3.718143861038761,ridge,2.0
2018-08-06,2018-08-27,4,auto,Central-West,4.501574616922031,3.718143861038761,ridge,
2018-08-06,2018-08-06,1,auto,North,1.0146219709483306,1.5705746759310828,ridge,3.0
2018-08-06,2018-08-13,2,auto,North,1.1457324019905384,1.5705746759310828,ridge,1.0
2018-08-06,2018-08-20,3,auto,North,1.5349430405411972,1.5705746759310828,ridge,0.0
2018-08-06,2018-08-27,4,auto,North,1.9253793311081582,1.5705746759310828,ridge,
2018-08-06,2018-08-06,1,auto,Northeast,10.016575091794376,3.211662858631364,ridge,21.0
2018-08-06,2018-08-13,2,auto,Northeast,9.847406031552186,3.211662858631364,ridge,5.0
2018-08-06,2018-08-20,3,auto,Northeast,10.091042372220965,3.211662858631364,ridge,3.0
2018-08-06,2018-08-27,4,auto,Northeast,10.684795177799476,3.211662858631364,ridge,
2018-08-06,2018-08-06,1,auto,South,12.67666595998282,3.7620963374146785,ridge,13.0
2018-08-06,2018-08-13,2,auto,South,12.277347874614456,3.7620963374146785,ridge,17.0
2018-08-06,2018-08-20,3,auto,South,12.528542444183707,3.7620963374146785,ridge,9.0
2018-08-06,2018-08-27,4,auto,South,12.964342616353875,3.7620963374146785,ridge,
2018-08-06,2018-08-06,1,auto,Southeast,62.29307310010061,12.228486887618972,ridge,91.0
2018-08-06,2018-08-13,2,auto,Southeast,58.387139477622355,12.228486887618972,ridge,76.0
2018-08-06,2018-08-20,3,auto,Southeast,56.77587038279826,12.228486887618972,ridge,45.0
2018-08-06,2018-08-27,4,auto,Southeast,56.88778436690188,12.228486887618972,ridge,
2018-08-06,2018-08-06,1,bed_bath_table,Central-West,8.299345530727564,4.535135553945692,ridge,9.0
2018-08-06,2018-08-13,2,bed_bath_table,Central-West,9.656183294564201,4.535135553945692,ridge,11.0
2018-08-06,2018-08-20,3,bed_bath_table,Central-West,10.8646655951121,4.535135553945692,ridge,1.0
2018-08-06,2018-08-27,4,bed_bath_table,Central-West,11.955362425165607,4.535135553945692,ridge,
2018-08-06,2018-08-06,1,bed_bath_table,North,2.495574678654876,2.0359493202203245,ridge,0.0
2018-08-06,2018-08-13,2,bed_bath_table,North,3.77385391842531,2.0359493202203245,ridge,0.0
2018-08-06,2018-08-20,3,bed_bath_table,North,4.697170508726108,2.0359493202203245,ridge,0.0
2018-08-06,2018-08-27,4,bed_bath_table,North,5.470116747345551,2.0359493202203245,ridge,
2018-08-06,2018-08-06,1,bed_bath_table,Northeast,9.717700691217642,4.231871357799875,ridge,3.0
2018-08-06,2018-08-13,2,bed_bath_table,Northeast,11.365178170397344,4.231871357799875,ridge,9.0
2018-08-06,2018-08-20,3,bed_bath_table,Northeast,12.342753017818117,4.231871357799875,ridge,2.0
2018-08-06,2018-08-27,4,bed_bath_table,Northeast,12.650629443293388,4.231871357799875,ridge,
2018-08-06,2018-08-06,1,bed_bath_table,South,16.551145804525465,7.108286543297093,ridge,31.0
2018-08-06,2018-08-13,2,bed_bath_table,South,18.378467474654354,7.108286543297093,ridge,25.0
2018-08-06,2018-08-20,3,bed_bath_table,South,19.201803208357518,7.108286543297093,ridge,5.0
2018-08-06,2018-08-27,4,bed_bath_table,South,19.81851180822614,7.108286543297093,ridge,
2018-08-06,2018-08-06,1,bed_bath_table,Southeast,145.6905032647798,37.54260382508827,ridge,151.0
2018-08-06,2018-08-13,2,bed_bath_table,Southeast,129.08846340184022,37.54260382508827,ridge,167.0
2018-08-06,2018-08-20,3,bed_bath_table,Southeast,120.47001974175478,37.54260382508827,ridge,96.0
2018-08-06,2018-08-27,4,bed_bath_table,Southeast,116.30426060267165,37.54260382508827,ridge,
2018-08-06,2018-08-06,1,computers_accessories,Central-West,6.817554391228113,4.014115458129766,ridge,11.0
2018-08-06,2018-08-13,2,computers_accessories,Central-West,6.6768887836679145,4.014115458129766,ridge,5.0
2018-08-06,2018-08-20,3,computers_accessories,Central-West,6.911050959841546,4.014115458129766,ridge,3.0
2018-08-06,2018-08-27,4,computers_accessories,Central-West,7.413786984019691,4.014115458129766,ridge,
2018-08-06,2018-08-06,1,computers_accessories,North,6.257657526187694,2.245706253728432,ridge,0.0
2018-08-06,2018-08-13,2,computers_accessories,North,5.281613481690075,2.245706253728432,ridge,1.0
2018-08-06,2018-08-20,3,computers_accessories,North,5.156615876560014,2.245706253728432,ridge,0.0
2018-08-06,2018-08-27,4,computers_accessories,North,5.547491161692918,2.245706253728432,ridge,
2018-08-06,2018-08-06,1,computers_accessories,Northeast,11.465306956017463,5.209980913107275,ridge,5.0
2018-08-06,2018-08-13,2,computers_accessories,Northeast,11.521310181779935,5.209980913107275,ridge,12.0
2018-08-06,2018-08-20,3,computers_accessories,Northeast,11.768745519780143,5.209980913107275,ridge,2.0
2018-08-06,2018-08-27,4,computers_accessories,Northeast,12.118120113513067,5.209980913107275,ridge,
2018-08-06,2018-08-06,1,computers_accessories,South,15.092746538708626,7.856815262684357,ridge,21.0
2018-08-06,2018-08-13,2,computers_accessories,South,16.127915708798614,7.856815262684357,ridge,13.0
2018-08-06,2018-08-20,3,computers_accessories,South,16.654568775363384,7.856815262684357,ridge,8.0
2018-08-06,2018-08-27,4,computers_accessories,South,17.08520652403943,7.856815262684357,ridge,
2018-08-06,2018-08-06,1,computers_accessories,Southeast,89.96039165185769,25.023869935634394,ridge,91.0
2018-08-06,2018-08-13,2,computers_accessories,Southeast,82.14721763601699,25.023869935634394,ridge,93.0
2018-08-06,2018-08-20,3,computers_accessories,Southeast,77.87269835881756,25.023869935634394,ridge,45.0
2018-08-06,2018-08-27,4,computers_accessories,Southeast,76.17358100286569,25.023869935634394,ridge,
2018-08-06,2018-08-06,1,furniture_decor,Central-West,5.870579570402353,3.8367408267359187,ridge,3.0
2018-08-06,2018-08-13,2,furniture_decor,Central-West,5.75495377413586,3.8367408267359187,ridge,7.0
2018-08-06,2018-08-20,3,furniture_decor,Central-West,5.835068155410475,3.8367408267359187,ridge,0.0
2018-08-06,2018-08-27,4,furniture_decor,Central-West,6.160957149201329,3.8367408267359187,ridge,
2018-08-06,2018-08-06,1,furniture_decor,North,1.4649423762288123,2.0088085991667035,ridge,4.0
2018-08-06,2018-08-13,2,furniture_decor,North,2.1395146350169494,2.0088085991667035,ridge,3.0
2018-08-06,2018-08-20,3,furniture_decor,North,2.7466492002253258,2.0088085991667035,ridge,0.0
2018-08-06,2018-08-27,4,furniture_decor,North,3.4763645472444065,2.0088085991667035,ridge,
2018-08-06,2018-08-06,1,furniture_decor,Northeast,9.464444533523427,5.03623557282032,ridge,6.0
2018-08-06,2018-08-13,2,furniture_decor,Northeast,9.895819858905675,5.03623557282032,ridge,9.0
2018-08-06,2018-08-20,3,furniture_decor,Northeast,10.253536859786415,5.03623557282032,ridge,0.0
2018-08-06,2018-08-27,4,furniture_decor,Northeast,10.506738736950343,5.03623557282032,ridge,
2018-08-06,2018-08-06,1,furniture_decor,South,20.899372466159434,8.743702945770902,ridge,50.0
2018-08-06,2018-08-13,2,furniture_decor,South,20.125711588764116,8.743702945770902,ridge,13.0
2018-08-06,2018-08-20,3,furniture_decor,South,19.893689014390983,8.743702945770902,ridge,7.0
2018-08-06,2018-08-27,4,furniture_decor,South,20.312885093304292,8.743702945770902,ridge,
2018-08-06,2018-08-06,1,furniture_decor,Southeast,91.36364805651539,27.493238798942862,ridge,82.0
2018-08-06,2018-08-13,2,furniture_decor,Southeast,82.45319901848671,27.493238798942862,ridge,93.0
2018-08-06,2018-08-20,3,furniture_decor,Southeast,78.68863625135418,27.493238798942862,ridge,53.0
2018-08-06,2018-08-27,4,furniture_decor,Southeast,76.85873426491129,27.493238798942862,ridge,
2018-08-06,2018-08-06,1,garden_tools,Central-West,1.1975647922835204,3.2485029552103715,ridge,5.0
2018-08-06,2018-08-13,2,garden_tools,Central-West,1.4219879574757304,3.2485029552103715,ridge,4.0
2018-08-06,2018-08-20,3,garden_tools,Central-West,1.7164225989405884,3.2485029552103715,ridge,0.0
2018-08-06,2018-08-27,4,garden_tools,Central-West,1.9121558742816047,3.2485029552103715,ridge,
2018-08-06,2018-08-06,1,garden_tools,North,0.0,1.7482898148536068,ridge,0.0
2018-08-06,2018-08-13,2,garden_tools,North,0.0,1.7482898148536068,ridge,0.0
2018-08-06,2018-08-20,3,garden_tools,North,0.08203817964442806,1.7482898148536068,ridge,0.0
2018-08-06,2018-08-27,4,garden_tools,North,0.20288325478742752,1.7482898148536068,ridge,
2018-08-06,2018-08-06,1,garden_tools,Northeast,3.7416377002190186,5.011241634255088,ridge,2.0
2018-08-06,2018-08-13,2,garden_tools,Northeast,4.100537454084803,5.011241634255088,ridge,4.0
2018-08-06,2018-08-20,3,garden_tools,Northeast,4.497512818955788,5.011241634255088,ridge,1.0
2018-08-06,2018-08-27,4,garden_tools,Northeast,4.894934048180338,5.011241634255088,ridge,
2018-08-06,2018-08-06,1,garden_tools,South,5.135379755808688,5.0579537301951625,ridge,12.0
2018-08-06,2018-08-13,2,garden_tools,South,5.668760349233983,5.0579537301951625,ridge,6.0
2018-08-06,2018-08-20,3,garden_tools,South,5.970864685111913,5.0579537301951625,ridge,0.0
2018-08-06,2018-08-27,4,garden_tools,South,6.174964360224177,5.0579537301951625,ridge,
2018-08-06,2018-08-06,1,garden_tools,Southeast,34.1581056470546,21.325907881027902,ridge,33.0
2018-08-06,2018-08-13,2,garden_tools,Southeast,37.180658164110866,21.325907881027902,ridge,27.0
2018-08-06,2018-08-20,3,garden_tools,Southeast,38.57813380557126,21.325907881027902,ridge,17.0
2018-08-06,2018-08-27,4,garden_tools,Southeast,39.694580544896944,21.325907881027902,ridge,
2018-08-06,2018-08-06,1,health_beauty,Central-West,13.456116779972774,4.3862469002103825,ridge,19.0
2018-08-06,2018-08-13,2,health_beauty,Central-West,13.325491513025634,4.3862469002103825,ridge,22.0
2018-08-06,2018-08-20,3,health_beauty,Central-West,13.732200407511646,4.3862469002103825,ridge,7.0
2018-08-06,2018-08-27,4,health_beauty,Central-West,14.138864106991996,4.3862469002103825,ridge,
2018-08-06,2018-08-06,1,health_beauty,North,9.281277070839808,2.4920096932713953,ridge,7.0
2018-08-06,2018-08-13,2,health_beauty,North,9.096725943676423,2.4920096932713953,ridge,3.0
2018-08-06,2018-08-20,3,health_beauty,North,9.05795834557956,2.4920096932713953,ridge,0.0
2018-08-06,2018-08-27,4,health_beauty,North,9.197890017567115,2.4920096932713953,ridge,
2018-08-06,2018-08-06,1,health_beauty,Northeast,24.784145588136074,5.034379991308735,ridge,23.0
2018-08-06,2018-08-13,2,health_beauty,Northeast,24.359126843817098,5.034379991308735,ridge,25.0
2018-08-06,2018-08-20,3,health_beauty,Northeast,24.78931393008827,5.034379991308735,ridge,7.0
2018-08-06,2018-08-27,4,health_beauty,Northeast,25.28746541387131,5.034379991308735,ridge,
2018-08-06,2018-08-06,1,health_beauty,South,21.327118758744174,5.655052085423392,ridge,28.0
2018-08-06,2018-08-13,2,health_beauty,South,21.49667253291254,5.655052085423392,ridge,35.0
2018-08-06,2018-08-20,3,health_beauty,South,21.632709729334913,5.655052085423392,ridge,14.0
2018-08-06,2018-08-27,4,health_beauty,South,21.812623542743314,5.655052085423392,ridge,
2018-08-06,2018-08-06,1,health_beauty,Southeast,148.00993062176897,21.72457821077783,ridge,185.0
2018-08-06,2018-08-13,2,health_beauty,Southeast,136.74017025820015,21.72457821077783,ridge,153.0
2018-08-06,2018-08-20,3,health_beauty,Southeast,130.6031911373771,21.72457821077783,ridge,118.0
2018-08-06,2018-08-27,4,health_beauty,Southeast,126.28043149601248,21.72457821077783,ridge,
2018-08-06,2018-08-06,1,housewares,Central-West,14.573273880921677,3.3394402612477982,ridge,2.0
2018-08-06,2018-08-13,2,housewares,Central-West,13.363416502200907,3.3394402612477982,ridge,9.0
2018-08-06,2018-08-20,3,housewares,Central-West,12.928788052202565,3.3394402612477982,ridge,9.0
2018-08-06,2018-08-27,4,housewares,Central-West,13.490558080375449,3.3394402612477982,ridge,
2018-08-06,2018-08-06,1,housewares,North,3.580502546883201,1.5693977705586004,ridge,0.0
2018-08-06,2018-08-13,2,housewares,North,3.5671802729073177,1.5693977705586004,ridge,1.0
2018-08-06,2018-08-20,3,housewares,North,3.6704582820445744,1.5693977705586004,ridge,0.0
2018-08-06,2018-08-27,4,housewares,North,3.7746364604482574,1.5693977705586004,ridge,
2018-08-06,2018-08-06,1,housewares,Northeast,8.577894109151389,3.410431861640553,ridge,7.0
2018-08-06,2018-08-13,2,housewares,Northeast,9.572377262671218,3.410431861640553,ridge,3.0
2018-08-06,2018-08-20,3,housewares,Northeast,9.954748628664069,3.410431861640553,ridge,1.0
2018-08-06,2018-08-27,4,housewares,Northeast,9.8879075127809,3.410431861640553,ridge,
2018-08-06,2018-08-06,1,housewares,South,26.483854092760353,6.21988362798912,ridge,28.0
2018-08-06,2018-08-13,2,housewares,South,23.734308261334117,6.21988362798912,ridge,23.0
2018-08-06,2018-08-20,3,housewares,South,23.27310617039523,6.21988362798912,ridge,15.0
2018-08-06,2018-08-27,4,housewares,South,23.463870277209182,6.21988362798912,ridge,
2018-08-06,2018-08-06,1,housewares,Southeast,114.84248181333216,19.05606586993233,ridge,138.0
2018-08-06,2018-08-13,2,housewares,Southeast,102.15497068796343,19.05606586993233,ridge,159.0
2018-08-06,2018-08-20,3,housewares,Southeast,95.47356157892906,19.05606586993233,ridge,84.0
2018-08-06,2018-08-27,4,housewares,Southeast,93.2096575801235,19.05606586993233,ridge,
2018-08-06,2018-08-06,1,sports_leisure,Central-West,9.568091460225856,3.9081368398764953,ridge,7.0
2018-08-06,2018-08-13,2,sports_leisure,Central-West,9.479627823056818,3.9081368398764953,ridge,9.0
2018-08-06,2018-08-20,3,sports_leisure,Central-West,9.35971505350598,3.9081368398764953,ridge,3.0
2018-08-06,2018-08-27,4,sports_leisure,Central-West,9.697327177700133,3.9081368398764953,ridge,
2018-08-06,2018-08-06,1,sports_leisure,North,4.579033948912848,2.0509825321780375,ridge,1.0
2018-08-06,2018-08-13,2,sports_leisure,North,4.503928989747328,2.0509825321780375,ridge,1.0
2018-08-06,2018-08-20,3,sports_leisure,North,4.723957090029623,2.0509825321780375,ridge,0.0
2018-08-06,2018-08-27,4,sports_leisure,North,5.306010992793783,2.0509825321780375,ridge,
2018-08-06,2018-08-06,1,sports_leisure,Northeast,11.772792706919441,4.1420419551436805,ridge,9.0
2018-08-06,2018-08-13,2,sports_leisure,Northeast,11.885308694223772,4.1420419551436805,ridge,6.0
2018-08-06,2018-08-20,3,sports_leisure,Northeast,12.654759334548698,4.1420419551436805,ridge,2.0
2018-08-06,2018-08-27,4,sports_leisure,Northeast,13.291171254473287,4.1420419551436805,ridge,
2018-08-06,2018-08-06,1,sports_leisure,South,17.06189961078903,6.641533461956665,ridge,28.0
2018-08-06,2018-08-13,2,sports_leisure,South,16.816527397874285,6.641533461956665,ridge,14.0
2018-08-06,2018-08-20,3,sports_leisure,South,17.05245274329142,6.641533461956665,ridge,11.0
2018-08-06,2018-08-27,4,sports_leisure,South,17.59937088222601,6.641533461956665,ridge,
2018-08-06,2018-08-06,1,sports_leisure,Southeast,91.37604855347743,17.849664977117595,ridge,83.0
2018-08-06,2018-08-13,2,sports_leisure,Southeast,84.53512076961586,17.849664977117595,ridge,119.0
2018-08-06,2018-08-20,3,sports_leisure,Southeast,80.72118335082892,17.849664977117595,ridge,63.0
2018-08-06,2018-08-27,4,sports_leisure,Southeast,79.07908829719435,17.849664977117595,ridge,
2018-08-06,2018-08-06,1,telephony,Central-West,6.158315843172901,3.2057859922768657,ridge,8.0
2018-08-06,2018-08-13,2,telephony,Central-West,5.51703739693413,3.2057859922768657,ridge,4.0
2018-08-06,2018-08-20,3,telephony,Central-West,4.950134542969167,3.2057859922768657,ridge,3.0
2018-08-06,2018-08-27,4,telephony,Central-West,4.870319249880752,3.2057859922768657,ridge,
2018-08-06,2018-08-06,1,telephony,North,0.5413262579517024,2.0627177838285564,ridge,2.0
2018-08-06,2018-08-13,2,telephony,North,0.5078393315007883,2.0627177838285564,ridge,0.0
2018-08-06,2018-08-20,3,telephony,North,0.7220915142268609,2.0627177838285564,ridge,0.0
2018-08-06,2018-08-27,4,telephony,North,0.9165589689479106,2.0627177838285564,ridge,
2018-08-06,2018-08-06,1,telephony,Northeast,11.760382379762259,4.953731384219022,ridge,19.0
2018-08-06,2018-08-13,2,telephony,Northeast,9.959035770787345,4.953731384219022,ridge,7.0
2018-08-06,2018-08-20,3,telephony,Northeast,9.123239439346428,4.953731384219022,ridge,1.0
2018-08-06,2018-08-27,4,telephony,Northeast,9.475658438001059,4.953731384219022,ridge,
2018-08-06,2018-08-06,1,telephony,South,9.572297166275977,4.181855937519865,ridge,32.0
2018-08-06,2018-08-13,2,telephony,South,9.850076641974642,4.181855937519865,ridge,9.0
2018-08-06,2018-08-20,3,telephony,South,10.222841867260279,4.181855937519865,ridge,3.0
2018-08-06,2018-08-27,4,telephony,South,10.468693311300104,4.181855937519865,ridge,
2018-08-06,2018-08-06,1,telephony,Southeast,52.757935451106405,11.686434139307318,ridge,46.0
2018-08-06,2018-08-13,2,telephony,Southeast,46.670308620462365,11.686434139307318,ridge,43.0
2018-08-06,2018-08-20,3,telephony,Southeast,44.68016732392354,11.686434139307318,ridge,28.0
2018-08-06,2018-08-27,4,telephony,Southeast,44.659827501898306,11.686434139307318,ridge,
2018-08-06,2018-08-06,1,watches_gifts,Central-West,8.968988733610836,2.6927185380980103,ridge,9.0
2018-08-06,2018-08-13,2,watches_gifts,Central-West,9.059212480265247,2.6927185380980103,ridge,7.0
2018-08-06,2018-08-20,3,watches_gifts,Central-West,9.193843039047845,2.6927185380980103,ridge,2.0
2018-08-06,2018-08-27,4,watches_gifts,Central-West,9.463762313727434,2.6927185380980103,ridge,
2018-08-06,2018-08-06,1,watches_gifts,North,2.906783169363986,1.6091720333524988,ridge,5.0
2018-08-06,2018-08-13,2,watches_gifts,North,3.422164757764622,1.6091720333524988,ridge,0.0
2018-08-06,2018-08-20,3,watches_gifts,North,3.8512191595417082,1.6091720333524988,ridge,0.0
2018-08-06,2018-08-27,4,watches_gifts,North,4.352204891698184,1.6091720333524988,ridge,
2018-08-06,2018-08-06,1,watches_gifts,Northeast,20.889160635572722,4.924604539202008,ridge,18.0
2018-08-06,2018-08-13,2,watches_gifts,Northeast,19.36683561649013,4.924604539202008,ridge,14.0
2018-08-06,2018-08-20,3,watches_gifts,Northeast,18.88071432694816,4.924604539202008,ridge,3.0
2018-08-06,2018-08-27,4,watches_gifts,Northeast,19.437759560569724,4.924604539202008,ridge,
2018-08-06,2018-08-06,1,watches_gifts,South,15.789943332050694,4.758569955350165,ridge,16.0
2018-08-06,2018-08-13,2,watches_gifts,South,15.64134866499284,4.758569955350165,ridge,12.0
2018-08-06,2018-08-20,3,watches_gifts,South,16.154196530389132,4.758569955350165,ridge,8.0
2018-08-06,2018-08-27,4,watches_gifts,South,16.59170031321575,4.758569955350165,ridge,
2018-08-06,2018-08-06,1,watches_gifts,Southeast,90.16694017099343,17.3510195749169,ridge,75.0
2018-08-06,2018-08-13,2,watches_gifts,Southeast,83.98154119175383,17.3510195749169,ridge,80.0
2018-08-06,2018-08-20,3,watches_gifts,Southeast,82.01049309083075,17.3510195749169,ridge,48.0
2018-08-06,2018-08-27,4,watches_gifts,Southeast,81.2518445764655,17.3510195749169,ridge,
2018-08-13,2018-08-13,1,auto,Central-West,9.0,4.458138625031752,last_week,7.0
2018-08-13,2018-08-20,2,auto,Central-West,9.0,4.458138625031752,last_week,2.0
2018-08-13,2018-08-27,3,auto,Central-West,9.0,4.458138625031752,last_week,
2018-08-13,2018-09-03,4,auto,Central-West,9.0,4.458138625031752,last_week,
2018-08-13,2018-08-13,1,auto,North,3.0,1.5288884851420654,last_week,1.0
2018-08-13,2018-08-20,2,auto,North,3.0,1.5288884851420654,last_week,0.0
2018-08-13,2018-08-27,3,auto,North,3.0,1.5288884851420654,last_week,
2018-08-13,2018-09-03,4,auto,North,3.0,1.5288884851420654,last_week,
2018-08-13,2018-08-13,1,auto,Northeast,21.0,3.863288754416372,last_week,5.0
2018-08-13,2018-08-20,2,auto,Northeast,21.0,3.863288754416372,last_week,3.0
2018-08-13,2018-08-27,3,auto,Northeast,21.0,3.863288754416372,last_week,
2018-08-13,2018-09-03,4,auto,Northeast,21.0,3.863288754416372,last_week,
2018-08-13,2018-08-13,1,auto,South,13.0,4.473533279187716,last_week,17.0
2018-08-13,2018-08-20,2,auto,South,13.0,4.473533279187716,last_week,9.0
2018-08-13,2018-08-27,3,auto,South,13.0,4.473533279187716,last_week,
2018-08-13,2018-09-03,4,auto,South,13.0,4.473533279187716,last_week,
2018-08-13,2018-08-13,1,auto,Southeast,91.0,13.577555008174336,last_week,76.0
2018-08-13,2018-08-20,2,auto,Southeast,91.0,13.577555008174336,last_week,45.0
2018-08-13,2018-08-27,3,auto,Southeast,91.0,13.577555008174336,last_week,
2018-08-13,2018-09-03,4,auto,Southeast,91.0,13.577555008174336,last_week,
2018-08-13,2018-08-13,1,bed_bath_table,Central-West,9.0,5.165994579942956,last_week,11.0
2018-08-13,2018-08-20,2,bed_bath_table,Central-West,9.0,5.165994579942956,last_week,1.0
2018-08-13,2018-08-27,3,bed_bath_table,Central-West,9.0,5.165994579942956,last_week,
2018-08-13,2018-09-03,4,bed_bath_table,Central-West,9.0,5.165994579942956,last_week,
2018-08-13,2018-08-13,1,bed_bath_table,North,0.0,1.5247950681976907,last_week,0.0
2018-08-13,2018-08-20,2,bed_bath_table,North,0.0,1.5247950681976907,last_week,0.0
2018-08-13,2018-08-27,3,bed_bath_table,North,0.0,1.5247950681976907,last_week,
2018-08-13,2018-09-03,4,bed_bath_table,North,0.0,1.5247950681976907,last_week,
2018-08-13,2018-08-13,1,bed_bath_table,Northeast,3.0,4.568916720624267,last_week,9.0
2018-08-13,2018-08-20,2,bed_bath_table,Northeast,3.0,4.568916720624267,last_week,2.0
2018-08-13,2018-08-27,3,bed_bath_table,Northeast,3.0,4.568916720624267,last_week,
2018-08-13,2018-09-03,4,bed_bath_table,Northeast,3.0,4.568916720624267,last_week,
2018-08-13,2018-08-13,1,bed_bath_table,South,31.0,8.719231617522269,last_week,25.0
2018-08-13,2018-08-20,2,bed_bath_table,South,31.0,8.719231617522269,last_week,5.0
2018-08-13,2018-08-27,3,bed_bath_table,South,31.0,8.719231617522269,last_week,
2018-08-13,2018-09-03,4,bed_bath_table,South,31.0,8.719231617522269,last_week,
2018-08-13,2018-08-13,1,bed_bath_table,Southeast,151.0,42.84346507928601,last_week,167.0
2018-08-13,2018-08-20,2,bed_bath_table,Southeast,151.0,42.84346507928601,last_week,96.0
2018-08-13,2018-08-27,3,bed_bath_table,Southeast,151.0,42.84346507928601,last_week,
2018-08-13,2018-09-03,4,bed_bath_table,Southeast,151.0,42.84346507928601,last_week,
2018-08-13,2018-08-13,1,computers_accessories,Central-West,11.0,4.654299087940095,last_week,5.0
2018-08-13,2018-08-20,2,computers_accessories,Central-West,11.0,4.654299087940095,last_week,3.0
2018-08-13,2018-08-27,3,computers_accessories,Central-West,11.0,4.654299087940095,last_week,
2018-08-13,2018-09-03,4,computers_accessories,Central-West,11.0,4.654299087940095,last_week,
2018-08-13,2018-08-13,1,computers_accessories,North,0.0,2.756809750418044,last_week,1.0
2018-08-13,2018-08-20,2,computers_accessories,North,0.0,2.756809750418044,last_week,0.0
2018-08-13,2018-08-27,3,computers_accessories,North,0.0,2.756809750418044,last_week,
2018-08-13,2018-09-03,4,computers_accessories,North,0.0,2.756809750418044,last_week,
2018-08-13,2018-08-13,1,computers_accessories,Northeast,5.0,6.333442981506978,last_week,12.0
2018-08-13,2018-08-20,2,computers_accessories,Northeast,5.0,6.333442981506978,last_week,2.0
2018-08-13,2018-08-27,3,computers_accessories,Northeast,5.0,6.333442981506978,last_week,
2018-08-13,2018-09-03,4,computers_accessories,Northeast,5.0,6.333442981506978,last_week,
2018-08-13,2018-08-13,1,computers_accessories,South,21.0,7.888282449304158,last_week,13.0
2018-08-13,2018-08-20,2,computers_accessories,South,21.0,7.888282449304158,last_week,8.0
2018-08-13,2018-08-27,3,computers_accessories,South,21.0,7.888282449304158,last_week,
2018-08-13,2018-09-03,4,computers_accessories,South,21.0,7.888282449304158,last_week,
2018-08-13,2018-08-13,1,computers_accessories,Southeast,91.0,24.609703370825095,last_week,93.0
2018-08-13,2018-08-20,2,computers_accessories,Southeast,91.0,24.609703370825095,last_week,45.0
2018-08-13,2018-08-27,3,computers_accessories,Southeast,91.0,24.609703370825095,last_week,
2018-08-13,2018-09-03,4,computers_accessories,Southeast,91.0,24.609703370825095,last_week,
2018-08-13,2018-08-13,1,furniture_decor,Central-West,3.0,4.624662149822406,last_week,7.0
2018-08-13,2018-08-20,2,furniture_decor,Central-West,3.0,4.624662149822406,last_week,0.0
2018-08-13,2018-08-27,3,furniture_decor,Central-West,3.0,4.624662149822406,last_week,
2018-08-13,2018-09-03,4,furniture_decor,Central-West,3.0,4.624662149822406,last_week,
2018-08-13,2018-08-13,1,furniture_decor,North,4.0,2.4238399287081647,last_week,3.0
2018-08-13,2018-08-20,2,furniture_decor,North,4.0,2.4238399287081647,last_week,0.0
2018-08-13,2018-08-27,3,furniture_decor,North,4.0,2.4238399287081647,last_week,
2018-08-13,2018-09-03,4,furniture_decor,North,4.0,2.4238399287081647,last_week,
2018-08-13,2018-08-13,1,furniture_decor,Northeast,6.0,5.9497899122574065,last_week,9.0
2018-08-13,2018-08-20,2,furniture_decor,Northeast,6.0,5.9497899122574065,last_week,0.0
2018-08-13,2018-08-27,3,furniture_decor,Northeast,6.0,5.9497899122574065,last_week,
2018-08-13,2018-09-03,4,furniture_decor,Northeast,6.0,5.9497899122574065,last_week,
2018-08-13,2018-08-13,1,furniture_decor,South,50.0,10.723805294763608,last_week,13.0
2018-08-13,2018-08-20,2,furniture_decor,South,50.0,10.723805294763608,last_week,7.0
2018-08-13,2018-08-27,3,furniture_decor,South,50.0,10.723805294763608,last_week,
2018-08-13,2018-09-03,4,furniture_decor,South,50.0,10.723805294763608,last_week,
2018-08-13,2018-08-13,1,furniture_decor,Southeast,82.0,30.379474979005153,last_week,93.0
2018-08-13,2018-08-20,2,furniture_decor,Southeast,82.0,30.379474979005153,last_week,53.0
2018-08-13,2018-08-27,3,furniture_decor,Southeast,82.0,30.379474979005153,last_week,
2018-08-13,2018-09-03,4,furniture_decor,Southeast,82.0,30.379474979005153,last_week,
2018-08-13,2018-08-13,1,garden_tools,Central-West,5.0,4.5235494912734175,last_week,4.0
2018-08-13,2018-08-20,2,garden_tools,Central-West,5.0,4.5235494912734175,last_week,0.0
2018-08-13,2018-08-27,3,garden_tools,Central-West,5.0,4.5235494912734175,last_week,
2018-08-13,2018-09-03,4,garden_tools,Central-West,5.0,4.5235494912734175,last_week,
2018-08-13,2018-08-13,1,garden_tools,North,0.0,1.6240381768911716,last_week,0.0
2018-08-13,2018-08-20,2,garden_tools,North,0.0,1.6240381768911716,last_week,0.0
2018-08-13,2018-08-27,3,garden_tools,North,0.0,1.6240381768911716,last_week,
2018-08-13,2018-09-03,4,garden_tools,North,0.0,1.6240381768911716,last_week,
2018-08-13,2018-08-13,1,garden_tools,Northeast,2.0,6.001041576259908,last_week,4.0
2018-08-13,2018-08-20,2,garden_tools,Northeast,2.0,6.001041576259908,last_week,1.0
2018-08-13,2018-08-27,3,garden_tools,Northeast,2.0,6.001041576259908,last_week,
2018-08-13,2018-09-03,4,garden_tools,Northeast,2.0,6.001041576259908,last_week,
2018-08-13,2018-08-13,1,garden_tools,South,12.0,5.798706752371601,last_week,6.0
2018-08-13,2018-08-20,2,garden_tools,South,12.0,5.798706752371601,last_week,0.0
2018-08-13,2018-08-27,3,garden_tools,South,12.0,5.798706752371601,last_week,
2018-08-13,2018-09-03,4,garden_tools,South,12.0,5.798706752371601,last_week,
2018-08-13,2018-08-13,1,garden_tools,Southeast,33.0,24.697418893479536,last_week,27.0
2018-08-13,2018-08-20,2,garden_tools,Southeast,33.0,24.697418893479536,last_week,17.0
2018-08-13,2018-08-27,3,garden_tools,Southeast,33.0,24.697418893479536,last_week,
2018-08-13,2018-09-03,4,garden_tools,Southeast,33.0,24.697418893479536,last_week,
2018-08-13,2018-08-13,1,health_beauty,Central-West,19.0,5.081830378908765,last_week,22.0
2018-08-13,2018-08-20,2,health_beauty,Central-West,19.0,5.081830378908765,last_week,7.0
2018-08-13,2018-08-27,3,health_beauty,Central-West,19.0,5.081830378908765,last_week,
2018-08-13,2018-09-03,4,health_beauty,Central-West,19.0,5.081830378908765,last_week,
2018-08-13,2018-08-13,1,health_beauty,North,7.0,2.752271788904577,last_week,3.0
2018-08-13,2018-08-20,2,health_beauty,North,7.0,2.752271788904577,last_week,0.0
2018-08-13,2018-08-27,3,health_beauty,North,7.0,2.752271788904577,last_week,
2018-08-13,2018-09-03,4,health_beauty,North,7.0,2.752271788904577,last_week,
2018-08-13,2018-08-13,1,health_beauty,Northeast,23.0,6.014565653478229,last_week,25.0
2018-08-13,2018-08-20,2,health_beauty,Northeast,23.0,6.014565653478229,last_week,7.0
2018-08-13,2018-08-27,3,health_beauty,Northeast,23.0,6.014565653478229,last_week,
2018-08-13,2018-09-03,4,health_beauty,Northeast,23.0,6.014565653478229,last_week,
2018-08-13,2018-08-13,1,health_beauty,South,28.0,6.520161040955967,last_week,35.0
2018-08-13,2018-08-20,2,health_beauty,South,28.0,6.520161040955967,last_week,14.0
2018-08-13,2018-08-27,3,health_beauty,South,28.0,6.520161040955967,last_week,
2018-08-13,2018-09-03,4,health_beauty,South,28.0,6.520161040955967,last_week,
2018-08-13,2018-08-13,1,health_beauty,Southeast,185.0,24.511221919765646,last_week,153.0
2018-08-13,2018-08-20,2,health_beauty,Southeast,185.0,24.511221919765646,last_week,118.0
2018-08-13,2018-08-27,3,health_beauty,Southeast,185.0,24.511221919765646,last_week,
2018-08-13,2018-09-03,4,health_beauty,Southeast,185.0,24.511221919765646,last_week,
2018-08-13,2018-08-13,1,housewares,Central-West,2.0,4.132190702278877,last_week,9.0
2018-08-13,2018-08-20,2,housewares,Central-West,2.0,4.132190702278877,last_week,9.0
2018-08-13,2018-08-27,3,housewares,Central-West,2.0,4.132190702278877,last_week,
2018-08-13,2018-09-03,4,housewares,Central-West,2.0,4.132190702278877,last_week,
2018-08-13,2018-08-13,1,housewares,North,0.0,1.7818529681205462,last_week,1.0
2018-08-13,2018-08-20,2,housewares,North,0.0,1.7818529681205462,last_week,0.0
2018-08-13,2018-08-27,3,housewares,North,0.0,1.7818529681205462,last_week,
2018-08-13,2018-09-03,4,housewares,North,0.0,1.7818529681205462,last_week,
2018-08-13,2018-08-13,1,housewares,Northeast,7.0,4.052776825831889,last_week,3.0
2018-08-13,2018-08-20,2,housewares,Northeast,7.0,4.052776825831889,last_week,1.0
2018-08-13,2018-08-27,3,housewares,Northeast,7.0,4.052776825831889,last_week,
2018-08-13,2018-09-03,4,housewares,Northeast,7.0,4.052776825831889,last_week,
2018-08-13,2018-08-13,1,housewares,South,28.0,7.296403223506771,last_week,23.0
2018-08-13,2018-08-20,2,housewares,South,28.0,7.296403223506771,last_week,15.0
2018-08-13,2018-08-27,3,housewares,South,28.0,7.296403223506771,last_week,
2018-08-13,2018-09-03,4,housewares,South,28.0,7.296403223506771,last_week,
2018-08-13,2018-08-13,1,housewares,Southeast,138.0,20.761442628102703,last_week,159.0
2018-08-13,2018-08-20,2,housewares,Southeast,138.0,20.761442628102703,last_week,84.0
2018-08-13,2018-08-27,3,housewares,Southeast,138.0,20.761442628102703,last_week,
2018-08-13,2018-09-03,4,housewares,Southeast,138.0,20.761442628102703,last_week,
2018-08-13,2018-08-13,1,sports_leisure,Central-West,7.0,4.778859696622197,last_week,9.0
2018-08-13,2018-08-20,2,sports_leisure,Central-West,7.0,4.778859696622197,last_week,3.0
2018-08-13,2018-08-27,3,sports_leisure,Central-West,7.0,4.778859696622197,last_week,
2018-08-13,2018-09-03,4,sports_leisure,Central-West,7.0,4.778859696622197,last_week,
2018-08-13,2018-08-13,1,sports_leisure,North,1.0,2.331844763272204,last_week,1.0
2018-08-13,2018-08-20,2,sports_leisure,North,1.0,2.331844763272204,last_week,0.0
2018-08-13,2018-08-27,3,sports_leisure,North,1.0,2.331844763272204,last_week,
2018-08-13,2018-09-03,4,sports_leisure,North,1.0,2.331844763272204,last_week,
2018-08-13,2018-08-13,1,sports_leisure,Northeast,9.0,4.784088209889111,last_week,6.0
2018-08-13,2018-08-20,2,sports_leisure,Northeast,9.0,4.784088209889111,last_week,2.0
2018-08-13,2018-08-27,3,sports_leisure,Northeast,9.0,4.784088209889111,last_week,
2018-08-13,2018-09-03,4,sports_leisure,Northeast,9.0,4.784088209889111,last_week,
2018-08-13,2018-08-13,1,sports_leisure,South,28.0,7.787810988975015,last_week,14.0
2018-08-13,2018-08-20,2,sports_leisure,South,28.0,7.787810988975015,last_week,11.0
2018-08-13,2018-08-27,3,sports_leisure,South,28.0,7.787810988975015,last_week,
2018-08-13,2018-09-03,4,sports_leisure,South,28.0,7.787810988975015,last_week,
2018-08-13,2018-08-13,1,sports_leisure,Southeast,83.0,19.84754392865777,last_week,119.0
2018-08-13,2018-08-20,2,sports_leisure,Southeast,83.0,19.84754392865777,last_week,63.0
2018-08-13,2018-08-27,3,sports_leisure,Southeast,83.0,19.84754392865777,last_week,
2018-08-13,2018-09-03,4,sports_leisure,Southeast,83.0,19.84754392865777,last_week,
2018-08-13,2018-08-13,1,telephony,Central-West,8.0,3.7466651838668477,last_week,4.0
2018-08-13,2018-08-20,2,telephony,Central-West,8.0,3.7466651838668477,last_week,3.0
2018-08-13,2018-08-27,3,telephony,Central-West,8.0,3.7466651838668477,last_week,
2018-08-13,2018-09-03,4,telephony,Central-West,8.0,3.7466651838668477,last_week,
2018-08-13,2018-08-13,1,telephony,North,2.0,2.138924963620744,last_week,0.0
2018-08-13,2018-08-20,2,telephony,North,2.0,2.138924963620744,last_week,0.0
2018-08-13,2018-08-27,3,telephony,North,2.0,2.138924963620744,last_week,
2018-08-13,2018-09-03,4,telephony,North,2.0,2.138924963620744,last_week,
2018-08-13,2018-08-13,1,telephony,Northeast,19.0,5.8576872569299905,last_week,7.0
2018-08-13,2018-08-20,2,telephony,Northeast,19.0,5.8576872569299905,last_week,1.0
2018-08-13,2018-08-27,3,telephony,Northeast,19.0,5.8576872569299905,last_week,
2018-08-13,2018-09-03,4,telephony,Northeast,19.0,5.8576872569299905,last_week,
2018-08-13,2018-08-13,1,telephony,South,32.0,5.563272418280449,last_week,9.0
2018-08-13,2018-08-20,2,telephony,South,32.0,5.563272418280449,last_week,3.0
2018-08-13,2018-08-27,3,telephony,South,32.0,5.563272418280449,last_week,
2018-08-13,2018-09-03,4,telephony,South,32.0,5.563272418280449,last_week,
2018-08-13,2018-08-13,1,telephony,Southeast,46.0,12.673791855636576,last_week,43.0
2018-08-13,2018-08-20,2,telephony,Southeast,46.0,12.673791855636576,last_week,28.0
2018-08-13,2018-08-27,3,telephony,Southeast,46.0,12.673791855636576,last_week,
2018-08-13,2018-09-03,4,telephony,Southeast,46.0,12.673791855636576,last_week,
2018-08-13,2018-08-13,1,watches_gifts,Central-West,9.0,3.03315017762062,last_week,7.0
2018-08-13,2018-08-20,2,watches_gifts,Central-West,9.0,3.03315017762062,last_week,2.0
2018-08-13,2018-08-27,3,watches_gifts,Central-West,9.0,3.03315017762062,last_week,
2018-08-13,2018-09-03,4,watches_gifts,Central-West,9.0,3.03315017762062,last_week,
2018-08-13,2018-08-13,1,watches_gifts,North,5.0,1.840516231930596,last_week,0.0
2018-08-13,2018-08-20,2,watches_gifts,North,5.0,1.840516231930596,last_week,0.0
2018-08-13,2018-08-27,3,watches_gifts,North,5.0,1.840516231930596,last_week,
2018-08-13,2018-09-03,4,watches_gifts,North,5.0,1.840516231930596,last_week,
2018-08-13,2018-08-13,1,watches_gifts,Northeast,18.0,5.522680508593631,last_week,14.0
2018-08-13,2018-08-20,2,watches_gifts,Northeast,18.0,5.522680508593631,last_week,3.0
2018-08-13,2018-08-27,3,watches_gifts,Northeast,18.0,5.522680508593631,last_week,
2018-08-13,2018-09-03,4,watches_gifts,Northeast,18.0,5.522680508593631,last_week,
2018-08-13,2018-08-13,1,watches_gifts,South,16.0,5.630275304103699,last_week,12.0
2018-08-13,2018-08-20,2,watches_gifts,South,16.0,5.630275304103699,last_week,8.0
2018-08-13,2018-08-27,3,watches_gifts,South,16.0,5.630275304103699,last_week,
2018-08-13,2018-09-03,4,watches_gifts,South,16.0,5.630275304103699,last_week,
2018-08-13,2018-08-13,1,watches_gifts,Southeast,75.0,18.58863900343433,last_week,80.0
2018-08-13,2018-08-20,2,watches_gifts,Southeast,75.0,18.58863900343433,last_week,48.0
2018-08-13,2018-08-27,3,watches_gifts,Southeast,75.0,18.58863900343433,last_week,
2018-08-13,2018-09-03,4,watches_gifts,Southeast,75.0,18.58863900343433,last_week,
2018-08-13,2018-08-13,1,auto,Central-West,6.75,3.5490975965729654,moving_average,7.0
2018-08-13,2018-08-20,2,auto,Central-West,6.6875,3.5490975965729654,moving_average,2.0
2018-08-13,2018-08-27,3,auto,Central-West,6.609375,3.5490975965729654,moving_average,
2018-08-13,2018-09-03,4,auto,Central-West,7.26171875,3.5490975965729654,moving_average,
2018-08-13,2018-08-13,1,auto,North,3.0,1.2298373876248843,moving_average,1.0
2018-08-13,2018-08-20,2,auto,North,2.5,1.2298373876248843,moving_average,0.0
2018-08-13,2018-08-27,3,auto,North,2.375,1.2298373876248843,moving_average,
2018-08-13,2018-09-03,4,auto,North,2.71875,1.2298373876248843,moving_average,
2018-08-13,2018-08-13,1,auto,Northeast,13.75,3.0895489152949174,moving_average,5.0
2018-08-13,2018-08-20,2,auto,Northeast,14.1875,3.0895489152949174,moving_average,3.0
2018-08-13,2018-08-27,3,auto,Northeast,15.234375,3.0895489152949174,moving_average,
2018-08-13,2018-09-03,4,auto,Northeast,16.04296875,3.0895489152949174,moving_average,
2018-08-13,2018-08-13,1,auto,South,14.0,3.605334589188637,moving_average,17.0
2018-08-13,2018-08-20,2,auto,South,13.25,3.605334589188637,moving_average,9.0
2018-08-13,2018-08-27,3,auto,South,13.5625,3.605334589188637,moving_average,
2018-08-13,2018-09-03,4,auto,South,13.453125,3.605334589188637,moving_average,
2018-08-13,2018-08-13,1,auto,Southeast,70.25,14.223357769879797,moving_average,76.0
2018-08-13,2018-08-20,2,auto,Southeast,74.0625,14.223357769879797,moving_average,45.0
2018-08-13,2018-08-27,3,auto,Southeast,76.328125,14.223357769879797,moving_average,
2018-08-13,2018-09-03,4,auto,Southeast,77.91015625,14.223357769879797,moving_average,
2018-08-13,2018-08-13,1,bed_bath_table,Central-West,9.0,4.438908227255887,moving_average,11.0
2018-08-13,2018-08-20,2,bed_bath_table,Central-West,8.5,4.438908227255887,moving_average,1.0
2018-08-13,2018-08-27,3,bed_bath_table,Central-West,8.125,4.438908227255887,moving_average,
2018-08-13,2018-09-03,4,bed_bath_table,Central-West,8.65625,4.438908227255887,moving_average,
2018-08-13,2018-08-13,1,bed_bath_table,North,0.75,1.2015614840697917,moving_average,0.0
2018-08-13,2018-08-20,2,bed_bath_table,North,0.6875,1.2015614840697917,moving_average,0.0
2018-08-13,2018-08-27,3,bed_bath_table,North,0.359375,1.2015614840697917,moving_average,
2018-08-13,2018-09-03,4,bed_bath_table,North,0.44921875,1.2015614840697917,moving_average,
2018-08-13,2018-08-13,1,bed_bath_table,Northeast,5.5,3.8926011547550052,moving_average,9.0
2018-08-13,2018-08-20,2,bed_bath_table,Northeast,5.375,3.8926011547550052,moving_average,2.0
2018-08-13,2018-08-27,3,bed_bath_table,Northeast,5.21875,3.8926011547550052,moving_average,
2018-08-13,2018-09-03,4,bed_bath_table,Northeast,4.7734375,3.8926011547550052,moving_average,
2018-08-13,2018-08-13,1,bed_bath_table,South,19.75,7.472083461123812,moving_average,25.0
2018-08-13,2018-08-20,2,bed_bath_table,South,19.6875,7.472083461123812,moving_average,5.0
2018-08-13,2018-08-27,3,bed_bath_table,South,20.609375,7.472083461123812,moving_average,
2018-08-13,2018-09-03,4,bed_bath_table,South,22.76171875,7.472083461123812,moving_average,
2018-08-13,2018-08-13,1,bed_bath_table,Southeast,146.75,41.58427061401943,moving_average,167.0
2018-08-13,2018-08-20,2,bed_bath_table,Southeast,147.4375,41.58427061401943,moving_average,96.0
2018-08-13,2018-08-27,3,bed_bath_table,Southeast,154.796875,41.58427061401943,moving_average,
2018-08-13,2018-09-03,4,bed_bath_table,Southeast,149.99609375,41.58427061401943,moving_average,
2018-08-13,2018-08-13,1,computers_accessories,Central-West,8.0,4.007415002217764,moving_average,5.0
2018-08-13,2018-08-20,2,computers_accessories,Central-West,8.0,4.007415002217764,moving_average,3.0
2018-08-13,2018-08-27,3,computers_accessories,Central-West,8.5,4.007415002217764,moving_average,
2018-08-13,2018-09-03,4,computers_accessories,Central-West,8.875,4.007415002217764,moving_average,
2018-08-13,2018-08-13,1,computers_accessories,North,4.75,2.228192933746986,moving_average,1.0
2018-08-13,2018-08-20,2,computers_accessories,North,4.9375,2.228192933746986,moving_average,0.0
2018-08-13,2018-08-27,3,computers_accessories,North,4.671875,2.228192933746986,moving_average,
2018-08-13,2018-09-03,4,computers_accessories,North,3.58984375,2.228192933746986,moving_average,
2018-08-13,2018-08-13,1,computers_accessories,Northeast,8.75,4.901769450922799,moving_average,12.0
2018-08-13,2018-08-20,2,computers_accessories,Northeast,8.6875,4.901769450922799,moving_average,2.0
2018-08-13,2018-08-27,3,computers_accessories,Northeast,8.609375,4.901769450922799,moving_average,
2018-08-13,2018-09-03,4,computers_accessories,Northeast,7.76171875,4.901769450922799,moving_average,
2018-08-13,2018-08-13,1,computers_accessories,South,16.5,8.607137299938929,moving_average,13.0
2018-08-13,2018-08-20,2,computers_accessories,South,16.375,8.607137299938929,moving_average,8.0
2018-08-13,2018-08-27,3,computers_accessories,South,16.71875,8.607137299938929,moving_average,
2018-08-13,2018-09-03,4,computers_accessories,South,17.6484375,8.607137299938929,moving_average,
2018-08-13,2018-08-13,1,computers_accessories,Southeast,86.75,27.455717186953976,moving_average,93.0
2018-08-13,2018-08-20,2,computers_accessories,Southeast,91.9375,27.455717186953976,moving_average,45.0
2018-08-13,2018-08-27,3,computers_accessories,Southeast,94.671875,27.455717186953976,moving_average,
2018-08-13,2018-09-03,4,computers_accessories,Southeast,91.08984375,27.455717186953976,moving_average,
2018-08-13,2018-08-13,1,furniture_decor,Central-West,4.0,3.710942434207246,moving_average,7.0
2018-08-13,2018-08-20,2,furniture_decor,Central-West,4.25,3.710942434207246,moving_average,0.0
2018-08-13,2018-08-27,3,furniture_decor,Central-West,4.3125,3.710942434207246,moving_average,
2018-08-13,2018-09-03,4,furniture_decor,Central-West,3.890625,3.710942434207246,moving_average,
2018-08-13,2018-08-13,1,furniture_decor,North,3.25,1.7682088394756994,moving_average,3.0
2018-08-13,2018-08-20,2,furniture_decor,North,3.3125,1.7682088394756994,moving_average,0.0
2018-08-13,2018-08-27,3,furniture_decor,North,2.640625,1.7682088394756994,moving_average,
2018-08-13,2018-09-03,4,furniture_decor,North,3.30078125,1.7682088394756994,moving_average,
2018-08-13,2018-08-13,1,furniture_decor,Northeast,8.5,5.317864938111911,moving_average,9.0
2018-08-13,2018-08-20,2,furniture_decor,Northeast,8.125,5.317864938111911,moving_average,0.0
2018-08-13,2018-08-27,3,furniture_decor,Northeast,7.90625,5.317864938111911,moving_average,
2018-08-13,2018-09-03,4,furniture_decor,Northeast,7.6328125,5.317864938111911,moving_average,
2018-08-13,2018-08-13,1,furniture_decor,South,30.75,9.964742533051218,moving_average,13.0
2018-08-13,2018-08-20,2,furniture_decor,South,32.4375,9.964742533051218,moving_average,7.0
2018-08-13,2018-08-27,3,furniture_decor,South,33.546875,9.964742533051218,moving_average,
2018-08-13,2018-09-03,4,furniture_decor,South,36.68359375,9.964742533051218,moving_average,
2018-08-13,2018-08-13,1,furniture_decor,Southeast,88.5,33.48722937553956,moving_average,93.0
2018-08-13,2018-08-20,2,furniture_decor,Southeast,91.375,33.48722937553956,moving_average,53.0
2018-08-13,2018-08-27,3,furniture_decor,Southeast,93.21875,33.48722937553956,moving_average,
2018-08-13,2018-09-03,4,furniture_decor,Southeast,88.7734375,33.48722937553956,moving_average,
2018-08-13,2018-08-13,1,garden_tools,Central-West,2.5,3.6623080154459973,moving_average,4.0
2018-08-13,2018-08-20,2,garden_tools,Central-West,2.375,3.6623080154459973,moving_average,0.0
2018-08-13,2018-08-27,3,garden_tools,Central-West,2.71875,3.6623080154459973,moving_average,
2018-08-13,2018-09-03,4,garden_tools,Central-West,3.1484375,3.6623080154459973,moving_average,
2018-08-13,2018-08-13,1,garden_tools,North,0.25,1.2173870584165087,moving_average,0.0
2018-08-13,2018-08-20,2,garden_tools,North,0.0625,1.2173870584165087,moving_average,0.0
2018-08-13,2018-08-27,3,garden_tools,North,0.078125,1.2173870584165087,moving_average,
2018-08-13,2018-09-03,4,garden_tools,North,0.09765625,1.2173870584165087,moving_average,
2018-08-13,2018-08-13,1,garden_tools,Northeast,4.0,4.617476989655715,moving_average,4.0
2018-08-13,2018-08-20,2,garden_tools,Northeast,3.75,4.617476989655715,moving_average,1.0
2018-08-13,2018-08-27,3,garden_tools,Northeast,3.1875,4.617476989655715,moving_average,
2018-08-13,2018-09-03,4,garden_tools,Northeast,3.234375,4.617476989655715,moving_average,
2018-08-13,2018-08-13,1,garden_tools,South,6.25,5.427073336523103,moving_average,6.0
2018-08-13,2018-08-20,2,garden_tools,South,7.0625,5.427073336523103,moving_average,0.0
2018-08-13,2018-08-27,3,garden_tools,South,7.328125,5.427073336523103,moving_average,
2018-08-13,2018-09-03,4,garden_tools,South,8.16015625,5.427073336523103,moving_average,
2018-08-13,2018-08-13,1,garden_tools,Southeast,33.25,21.25207710436794,moving_average,27.0
2018-08-13,2018-08-20,2,garden_tools,Southeast,34.5625,21.25207710436794,moving_average,17.0
2018-08-13,2018-08-27,3,garden_tools,Southeast,31.703125,21.25207710436794,moving_average,
2018-08-13,2018-09-03,4,garden_tools,Southeast,33.12890625,21.25207710436794,moving_average,
2018-08-13,2018-08-13,1,health_beauty,Central-West,13.5,4.463480284486535,moving_average,22.0
2018-08-13,2018-08-20,2,health_beauty,Central-West,13.375,4.463480284486535,moving_average,7.0
2018-08-13,2018-08-27,3,health_beauty,Central-West,15.21875,4.463480284486535,moving_average,
2018-08-13,2018-09-03,4,health_beauty,Central-West,15.2734375,4.463480284486535,moving_average,
2018-08-13,2018-08-13,1,health_beauty,North,6.5,2.296566731013928,moving_average,3.0
2018-08-13,2018-08-20,2,health_beauty,North,7.625,2.296566731013928,moving_average,0.0
2018-08-13,2018-08-27,3,health_beauty,North,8.03125,2.296566731013928,moving_average,
2018-08-13,2018-09-03,4,health_beauty,North,7.2890625,2.296566731013928,moving_average,
2018-08-13,2018-08-13,1,health_beauty,Northeast,25.25,5.5520970137417445,moving_average,25.0
2018-08-13,2018-08-20,2,health_beauty,Northeast,24.3125,5.5520970137417445,moving_average,7.0
2018-08-13,2018-08-27,3,health_beauty,Northeast,24.890625,5.5520970137417445,moving_average,
2018-08-13,2018-09-03,4,health_beauty,Northeast,24.36328125,5.5520970137417445,moving_average,
2018-08-13,2018-08-13,1,health_beauty,South,22.25,6.807452258370969,moving_average,35.0
2018-08-13,2018-08-20,2,health_beauty,South,22.3125,6.807452258370969,moving_average,14.0
2018-08-13,2018-08-27,3,health_beauty,South,23.390625,6.807452258370969,moving_average,
2018-08-13,2018-09-03,4,health_beauty,South,23.98828125,6.807452258370969,moving_average,
2018-08-13,2018-08-13,1,health_beauty,Southeast,155.5,27.50985618828277,moving_average,153.0
2018-08-13,2018-08-20,2,health_beauty,Southeast,156.125,27.50985618828277,moving_average,118.0
2018-08-13,2018-08-27,3,health_beauty,Southeast,165.65625,27.50985618828277,moving_average,
2018-08-13,2018-09-03,4,health_beauty,Southeast,165.5703125,27.50985618828277,moving_average,
2018-08-13,2018-08-13,1,housewares,Central-West,12.75,3.8049104785789636,moving_average,9.0
2018-08-13,2018-08-20,2,housewares,Central-West,13.1875,3.8049104785789636,moving_average,9.0
2018-08-13,2018-08-27,3,housewares,Central-West,11.484375,3.8049104785789636,moving_average,
2018-08-13,2018-09-03,4,housewares,Central-West,9.85546875,3.8049104785789636,moving_average,
2018-08-13,2018-08-13,1,housewares,North,1.25,1.3243512562760682,moving_average,1.0
2018-08-13,2018-08-20,2,housewares,North,1.3125,1.3243512562760682,moving_average,0.0
2018-08-13,2018-08-27,3,housewares,North,1.640625,1.3243512562760682,moving_average,
2018-08-13,2018-09-03,4,housewares,North,1.05078125,1.3243512562760682,moving_average,
2018-08-13,2018-08-13,1,housewares,Northeast,6.25,3.449637662132068,moving_average,3.0
2018-08-13,2018-08-20,2,housewares,Northeast,6.5625,3.449637662132068,moving_average,1.0
2018-08-13,2018-08-27,3,housewares,Northeast,6.703125,3.449637662132068,moving_average,
2018-08-13,2018-09-03,4,housewares,Northeast,6.62890625,3.449637662132068,moving_average,
2018-08-13,2018-08-13,1,housewares,South,29.5,5.909010598230469,moving_average,23.0
2018-08-13,2018-08-20,2,housewares,South,29.125,5.909010598230469,moving_average,15.0
2018-08-13,2018-08-27,3,housewares,South,29.90625,5.909010598230469,moving_average,
2018-08-13,2018-09-03,4,housewares,South,29.1328125,5.909010598230469,moving_average,
2018-08-13,2018-08-13,1,housewares,Southeast,119.5,21.714266623581832,moving_average,159.0
2018-08-13,2018-08-20,2,housewares,Southeast,128.875,21.714266623581832,moving_average,84.0
2018-08-13,2018-08-27,3,housewares,Southeast,131.84375,21.714266623581832,moving_average,
2018-08-13,2018-09-03,4,housewares,Southeast,129.5546875,21.714266623581832,moving_average,
2018-08-13,2018-08-13,1,sports_leisure,Central-West,8.25,3.874092635701939,moving_average,9.0
2018-08-13,2018-08-20,2,sports_leisure,Central-West,9.0625,3.874092635701939,moving_average,3.0
2018-08-13,2018-08-27,3,sports_leisure,Central-West,8.578125,3.874092635701939,moving_average,
2018-08-13,2018-09-03,4,sports_leisure,Central-West,8.22265625,3.874092635701939,moving_average,
2018-08-13,2018-08-13,1,sports_leisure,North,3.75,1.9964812796517777,moving_average,1.0
2018-08-13,2018-08-20,2,sports_leisure,North,3.9375,1.9964812796517777,moving_average,0.0
2018-08-13,2018-08-27,3,sports_leisure,North,3.421875,1.9964812796517777,moving_average,
2018-08-13,2018-09-03,4,sports_leisure,North,3.02734375,1.9964812796517777,moving_average,
2018-08-13,2018-08-13,1,sports_leisure,Northeast,11.5,4.468465900060109,moving_average,6.0
2018-08-13,2018-08-20,2,sports_leisure,Northeast,9.875,4.468465900060109,moving_average,2.0
2018-08-13,2018-08-27,3,sports_leisure,Northeast,10.59375,4.468465900060109,moving_average,
2018-08-13,2018-09-03,4,sports_leisure,Northeast,10.2421875,4.468465900060109,moving_average,
2018-08-13,2018-08-13,1,sports_leisure,South,20.5,6.944759715065741,moving_average,14.0
2018-08-13,2018-08-20,2,sports_leisure,South,21.625,6.944759715065741,moving_average,11.0
2018-08-13,2018-08-27,3,sports_leisure,South,21.78125,6.944759715065741,moving_average,
2018-08-13,2018-09-03,4,sports_leisure,South,22.9765625,6.944759715065741,moving_average,
2018-08-13,2018-08-13,1,sports_leisure,Southeast,85.0,21.721263343783665,moving_average,119.0
2018-08-13,2018-08-20,2,sports_leisure,Southeast,90.25,21.721263343783665,moving_average,63.0
2018-08-13,2018-08-27,3,sports_leisure,Southeast,90.8125,21.721263343783665,moving_average,
2018-08-13,2018-09-03,4,sports_leisure,Southeast,87.265625,21.721263343783665,moving_average,
2018-08-13,2018-08-13,1,telephony,Central-West,6.5,3.1136042217982682,moving_average,4.0
2018-08-13,2018-08-20,2,telephony,Central-West,6.375,3.1136042217982682,moving_average,3.0
2018-08-13,2018-08-27,3,telephony,Central-West,6.96875,3.1136042217982682,moving_average,
2018-08-13,2018-09-03,4,telephony,Central-West,6.9609375,3.1136042217982682,moving_average,
2018-08-13,2018-08-13,1,telephony,North,1.5,1.9368950668531324,moving_average,0.0
2018-08-13,2018-08-20,2,telephony,North,1.125,1.9368950668531324,moving_average,0.0
2018-08-13,2018-08-27,3,telephony,North,1.40625,1.9368950668531324,moving_average,
2018-08-13,2018-09-03,4,telephony,North,1.5078125,1.9368950668531324,moving_average,
2018-08-13,2018-08-13,1,telephony,Northeast,14.0,5.215212124161394,moving_average,7.0
2018-08-13,2018-08-20,2,telephony,Northeast,16.5,5.215212124161394,moving_average,1.0
2018-08-13,2018-08-27,3,telephony,Northeast,16.375,5.215212124161394,moving_average,
2018-08-13,2018-09-03,4,telephony,Northeast,16.46875,5.215212124161394,moving_average,
2018-08-13,2018-08-13,1,telephony,South,14.5,5.153578853573505,moving_average,9.0
2018-08-13,2018-08-20,2,telephony,South,15.625,5.153578853573505,moving_average,3.0
2018-08-13,2018-08-27,3,telephony,South,18.03125,5.153578853573505,moving_average,
2018-08-13,2018-09-03,4,telephony,South,20.0390625,5.153578853573505,moving_average,
2018-08-13,2018-08-13,1,telephony,Southeast,46.75,12.963892162464173,moving_average,43.0
2018-08-13,2018-08-20,2,telephony,Southeast,48.9375,12.963892162464173,moving_average,28.0
2018-08-13,2018-08-27,3,telephony,Southeast,52.171875,12.963892162464173,moving_average,
2018-08-13,2018-09-03,4,telephony,Southeast,48.46484375,12.963892162464173,moving_average,
2018-08-13,2018-08-13,1,watches_gifts,Central-West,9.0,2.698234376402465,moving_average,7.0
2018-08-13,2018-08-20,2,watches_gifts,Central-West,9.25,2.698234376402465,moving_average,2.0
2018-08-13,2018-08-27,3,watches_gifts,Central-West,9.0625,2.698234376402465,moving_average,
2018-08-13,2018-09-03,4,watches_gifts,Central-West,9.078125,2.698234376402465,moving_average,
2018-08-13,2018-08-13,1,watches_gifts,North,3.75,1.4598801320656434,moving_average,0.0
2018-08-13,2018-08-20,2,watches_gifts,North,3.9375,1.4598801320656434,moving_average,0.0
2018-08-13,2018-08-27,3,watches_gifts,North,3.671875,1.4598801320656434,moving_average,
2018-08-13,2018-09-03,4,watches_gifts,North,4.08984375,1.4598801320656434,moving_average,
2018-08-13,2018-08-13,1,watches_gifts,Northeast,20.25,5.166750671360096,moving_average,14.0
2018-08-13,2018-08-20,2,watches_gifts,Northeast,21.3125,5.166750671360096,moving_average,3.0
2018-08-13,2018-08-27,3,watches_gifts,Northeast,21.390625,5.166750671360096,moving_average,
2018-08-13,2018-09-03,4,watches_gifts,Northeast,20.23828125,5.166750671360096,moving_average,
2018-08-13,2018-08-13,1,watches_gifts,South,16.0,5.013964873231563,moving_average,12.0
2018-08-13,2018-08-20,2,watches_gifts,South,15.0,5.013964873231563,moving_average,8.0
2018-08-13,2018-08-27,3,watches_gifts,South,16.0,5.013964873231563,moving_average,
2018-08-13,2018-09-03,4,watches_gifts,South,15.75,5.013964873231563,moving_average,
2018-08-13,2018-08-13,1,watches_gifts,Southeast,86.5,22.232612588267713,moving_average,80.0
2018-08-13,2018-08-20,2,watches_gifts,Southeast,83.625,22.232612588267713,moving_average,48.0
2018-08-13,2018-08-27,3,watches_gifts,Southeast,87.28125,22.232612588267713,moving_average,
2018-08-13,2018-09-03,4,watches_gifts,Southeast,83.1015625,22.232612588267713,moving_average,
2018-08-13,2018-08-13,1,auto,Central-West,6.720082454699623,3.7250755562449744,ridge,7.0
2018-08-13,2018-08-20,2,auto,Central-West,6.091962653645371,3.7250755562449744,ridge,2.0
2018-08-13,2018-08-27,3,auto,Central-West,6.171585173497487,3.7250755562449744,ridge,
2018-08-13,2018-09-03,4,auto,Central-West,6.482462188042827,3.7250755562449744,ridge,
2018-08-13,2018-08-13,1,auto,North,2.3614898265140294,1.5346517677131393,ridge,1.0
2018-08-13,2018-08-20,2,auto,North,2.5134909418582208,1.5346517677131393,ridge,0.0
2018-08-13,2018-08-27,3,auto,North,2.8293020786905743,1.5346517677131393,ridge,
2018-08-13,2018-09-03,4,auto,North,3.0577115050236214,1.5346517677131393,ridge,
2018-08-13,2018-08-13,1,auto,Northeast,15.675814943953853,3.4105835109822245,ridge,5.0
2018-08-13,2018-08-20,2,auto,Northeast,14.0808612938568,3.4105835109822245,ridge,3.0
2018-08-13,2018-08-27,3,auto,Northeast,13.796756246059374,3.4105835109822245,ridge,
2018-08-13,2018-09-03,4,auto,Northeast,13.740074026089745,3.4105835109822245,ridge,
2018-08-13,2018-08-13,1,auto,South,12.760159064266542,3.742076347607265,ridge,17.0
2018-08-13,2018-08-20,2,auto,South,13.174990989667629,3.742076347607265,ridge,9.0
2018-08-13,2018-08-27,3,auto,South,13.701180498009073,3.742076347607265,ridge,
2018-08-13,2018-09-03,4,auto,South,14.365671702508823,3.742076347607265,ridge,
2018-08-13,2018-08-13,1,auto,Southeast,73.34586090796333,12.579799471760216,ridge,76.0
2018-08-13,2018-08-20,2,auto,Southeast,66.63350624949531,12.579799471760216,ridge,45.0
2018-08-13,2018-08-27,3,auto,Southeast,64.26861558490538,12.579799471760216,ridge,
2018-08-13,2018-09-03,4,auto,Southeast,64.95779986094979,12.579799471760216,ridge,
2018-08-13,2018-08-13,1,bed_bath_table,Central-West,10.099603846819027,4.510924914273653,ridge,11.0
2018-08-13,2018-08-20,2,bed_bath_table,Central-West,11.2332058205584,4.510924914273653,ridge,1.0
2018-08-13,2018-08-27,3,bed_bath_table,Central-West,12.349303413997253,4.510924914273653,ridge,
2018-08-13,2018-09-03,4,bed_bath_table,Central-West,13.025559275252403,4.510924914273653,ridge,
2018-08-13,2018-08-13,1,bed_bath_table,North,2.586553557243736,2.009771961100768,ridge,0.0
2018-08-13,2018-08-20,2,bed_bath_table,North,3.9953084215259764,2.009771961100768,ridge,0.0
2018-08-13,2018-08-27,3,bed_bath_table,North,5.0398883277210125,2.009771961100768,ridge,
2018-08-13,2018-09-03,4,bed_bath_table,North,5.76581060100359,2.009771961100768,ridge,
2018-08-13,2018-08-13,1,bed_bath_table,Northeast,8.040273674511512,4.269235803729065,ridge,9.0
2018-08-13,2018-08-20,2,bed_bath_table,Northeast,10.292517659128558,4.269235803729065,ridge,2.0
2018-08-13,2018-08-27,3,bed_bath_table,Northeast,11.214984615394421,4.269235803729065,ridge,
2018-08-13,2018-09-03,4,bed_bath_table,Northeast,12.081638281691529,4.269235803729065,ridge,
2018-08-13,2018-08-13,1,bed_bath_table,South,25.96765265368669,7.281229788331324,ridge,25.0
2018-08-13,2018-08-20,2,bed_bath_table,South,24.313351288606523,7.281229788331324,ridge,5.0
2018-08-13,2018-08-27,3,bed_bath_table,South,23.814076262120544,7.281229788331324,ridge,
2018-08-13,2018-09-03,4,bed_bath_table,South,23.566248178713114,7.281229788331324,ridge,
2018-08-13,2018-08-13,1,bed_bath_table,Southeast,131.9766273091006,37.29432560215339,ridge,167.0
2018-08-13,2018-08-20,2,bed_bath_table,Southeast,122.86987264705397,37.29432560215339,ridge,96.0
2018-08-13,2018-08-27,3,bed_bath_table,Southeast,117.88904323664917,37.29432560215339,ridge,
2018-08-13,2018-09-03,4,bed_bath_table,Southeast,120.63683369481836,37.29432560215339,ridge,
2018-08-13,2018-08-13,1,computers_accessories,Central-West,8.880829151592689,4.021175943069732,ridge,5.0
2018-08-13,2018-08-20,2,computers_accessories,Central-West,8.420941310013916,4.021175943069732,ridge,3.0
2018-08-13,2018-08-27,3,computers_accessories,Central-West,8.59441425727883,4.021175943069732,ridge,
2018-08-13,2018-09-03,4,computers_accessories,Central-West,9.099632927270964,4.021175943069732,ridge,
2018-08-13,2018-08-13,1,computers_accessories,North,2.168685969448271,2.343132600660077,ridge,1.0
2018-08-13,2018-08-20,2,computers_accessories,North,3.212123974806876,2.343132600660077,ridge,0.0
2018-08-13,2018-08-27,3,computers_accessories,North,4.141655036233547,2.343132600660077,ridge,
2018-08-13,2018-09-03,4,computers_accessories,North,5.363923181185364,2.343132600660077,ridge,
2018-08-13,2018-08-13,1,computers_accessories,Northeast,8.310041411744683,5.2444589082558135,ridge,12.0
2018-08-13,2018-08-20,2,computers_accessories,Northeast,9.783588689053815,5.2444589082558135,ridge,2.0
2018-08-13,2018-08-27,3,computers_accessories,Northeast,10.703015442544196,5.2444589082558135,ridge,
2018-08-13,2018-09-03,4,computers_accessories,Northeast,11.597170717195175,5.2444589082558135,ridge,
2018-08-13,2018-08-13,1,computers_accessories,South,19.35874886284464,7.845109280155831,ridge,13.0
2018-08-13,2018-08-20,2,computers_accessories,South,18.941259850444432,7.845109280155831,ridge,8.0
2018-08-13,2018-08-27,3,computers_accessories,South,18.96413509159733,7.845109280155831,ridge,
2018-08-13,2018-09-03,4,computers_accessories,South,19.13415345053701,7.845109280155831,ridge,
2018-08-13,2018-08-13,1,computers_accessories,Southeast,82.98759406745211,24.868668716231912,ridge,93.0
2018-08-13,2018-08-20,2,computers_accessories,Southeast,78.62143638002267,24.868668716231912,ridge,45.0
2018-08-13,2018-08-27,3,computers_accessories,Southeast,76.58890337305827,24.868668716231912,ridge,
2018-08-13,2018-09-03,4,computers_accessories,Southeast,78.99716506057258,24.868668716231912,ridge,
2018-08-13,2018-08-13,1,furniture_decor,Central-West,4.4292577253950185,3.838033953518292,ridge,7.0
2018-08-13,2018-08-20,2,furniture_decor,Central-West,5.097346029586511,3.838033953518292,ridge,0.0
2018-08-13,2018-08-27,3,furniture_decor,Central-West,5.702553459183583,3.838033953518292,ridge,
2018-08-13,2018-09-03,4,furniture_decor,Central-West,6.387221032681541,3.838033953518292,ridge,
2018-08-13,2018-08-13,1,furniture_decor,North,3.551510191923075,2.0190204292928815,ridge,3.0
2018-08-13,2018-08-20,2,furniture_decor,North,3.720245228349393,2.0190204292928815,ridge,0.0
2018-08-13,2018-08-27,3,furniture_decor,North,4.315332424731774,2.0190204292928815,ridge,
2018-08-13,2018-09-03,4,furniture_decor,North,4.72839872704906,2.0190204292928815,ridge,
2018-08-13,2018-08-13,1,furniture_decor,Northeast,8.237355261607144,5.0247108142951555,ridge,9.0
2018-08-13,2018-08-20,2,furniture_decor,Northeast,9.28905597590326,5.0247108142951555,ridge,0.0
2018-08-13,2018-08-27,3,furniture_decor,Northeast,9.88576745024587,5.0247108142951555,ridge,
2018-08-13,2018-09-03,4,furniture_decor,Northeast,10.681670244454843,5.0247108142951555,ridge,
2018-08-13,2018-08-13,1,furniture_decor,South,35.25574135731397,9.304077813432851,ridge,13.0
2018-08-13,2018-08-20,2,furniture_decor,South,29.851940494531465,9.304077813432851,ridge,7.0
2018-08-13,2018-08-27,3,furniture_decor,South,27.88519244388989,9.304077813432851,ridge,
2018-08-13,2018-09-03,4,furniture_decor,South,27.071498174746942,9.304077813432851,ridge,
2018-08-13,2018-08-13,1,furniture_decor,Southeast,77.92613803860773,27.332924218120656,ridge,93.0
2018-08-13,2018-08-20,2,furniture_decor,Southeast,76.00868943696506,27.332924218120656,ridge,53.0
2018-08-13,2018-08-27,3,furniture_decor,Southeast,74.77492160169945,27.332924218120656,ridge,
2018-08-13,2018-09-03,4,furniture_decor,Southeast,78.01182391605502,27.332924218120656,ridge,
2018-08-13,2018-08-13,1,garden_tools,Central-West,3.480614100310704,3.2605944751727245,ridge,4.0
2018-08-13,2018-08-20,2,garden_tools,Central-West,3.170270712798043,3.2605944751727245,ridge,0.0
2018-08-13,2018-08-27,3,garden_tools,Central-West,3.086794853421008,3.2605944751727245,ridge,
2018-08-13,2018-09-03,4,garden_tools,Central-West,3.192256026615806,3.2605944751727245,ridge,
2018-08-13,2018-08-13,1,garden_tools,North,0.06259356263796079,1.7487983219625411,ridge,0.0
2018-08-13,2018-08-20,2,garden_tools,North,0.2420999992495103,1.7487983219625411,ridge,0.0
2018-08-13,2018-08-27,3,garden_tools,North,0.4168682727860933,1.7487983219625411,ridge,
2018-08-13,2018-09-03,4,garden_tools,North,0.6125926082845687,1.7487983219625411,ridge,
2018-08-13,2018-08-13,1,garden_tools,Northeast,3.3230323674455917,4.9926984906780225,ridge,4.0
2018-08-13,2018-08-20,2,garden_tools,Northeast,4.076907144179742,4.9926984906780225,ridge,1.0
2018-08-13,2018-08-27,3,garden_tools,Northeast,4.686866365292133,4.9926984906780225,ridge,
2018-08-13,2018-09-03,4,garden_tools,Northeast,5.164282787424479,4.9926984906780225,ridge,
2018-08-13,2018-08-13,1,garden_tools,South,9.43740660058258,5.0782104785071205,ridge,6.0
2018-08-13,2018-08-20,2,garden_tools,South,8.602371081528679,5.0782104785071205,ridge,0.0
2018-08-13,2018-08-27,3,garden_tools,South,8.303843050708359,5.0782104785071205,ridge,
2018-08-13,2018-09-03,4,garden_tools,South,8.260322548196076,5.0782104785071205,ridge,
2018-08-13,2018-08-13,1,garden_tools,Southeast,36.79394560586886,21.203098989134475,ridge,27.0
2018-08-13,2018-08-20,2,garden_tools,Southeast,38.27841882332538,21.203098989134475,ridge,17.0
2018-08-13,2018-08-27,3,garden_tools,Southeast,39.66040598600039,21.203098989134475,ridge,
2018-08-13,2018-09-03,4,garden_tools,Southeast,41.104173582670775,21.203098989134475,ridge,
2018-08-13,2018-08-13,1,health_beauty,Central-West,16.335789969619796,4.413337177935506,ridge,22.0
2018-08-13,2018-08-20,2,health_beauty,Central-West,15.943901875070356,4.413337177935506,ridge,7.0
2018-08-13,2018-08-27,3,health_beauty,Central-West,15.90293423260324,4.413337177935506,ridge,
2018-08-13,2018-09-03,4,health_beauty,Central-West,16.32230499729769,4.413337177935506,ridge,
2018-08-13,2018-08-13,1,health_beauty,North,8.174043403248254,2.5016399951906925,ridge,3.0
2018-08-13,2018-08-20,2,health_beauty,North,8.651225956039799,2.5016399951906925,ridge,0.0
2018-08-13,2018-08-27,3,health_beauty,North,9.008764600521971,2.5016399951906925,ridge,
2018-08-13,2018-09-03,4,health_beauty,North,9.727521038517907,2.5016399951906925,ridge,
2018-08-13,2018-08-13,1,health_beauty,Northeast,23.631603067192067,5.011781782207985,ridge,25.0
2018-08-13,2018-08-20,2,health_beauty,Northeast,24.569472122584514,5.011781782207985,ridge,7.0
2018-08-13,2018-08-27,3,health_beauty,Northeast,25.28236156978018,5.011781782207985,ridge,
2018-08-13,2018-09-03,4,health_beauty,Northeast,26.0910659638541,5.011781782207985,ridge,
2018-08-13,2018-08-13,1,health_beauty,South,25.22580977333599,5.6943490619617005,ridge,35.0
2018-08-13,2018-08-20,2,health_beauty,South,24.36818173747003,5.6943490619617005,ridge,14.0
2018-08-13,2018-08-27,3,health_beauty,South,24.074184929083412,5.6943490619617005,ridge,
2018-08-13,2018-09-03,4,health_beauty,South,24.508562190437246,5.6943490619617005,ridge,
2018-08-13,2018-08-13,1,health_beauty,Southeast,155.97566501486799,21.93836145444317,ridge,153.0
2018-08-13,2018-08-20,2,health_beauty,Southeast,143.77991712851235,21.93836145444317,ridge,118.0
2018-08-13,2018-08-27,3,health_beauty,Southeast,136.0697533518979,21.93836145444317,ridge,
2018-08-13,2018-09-03,4,health_beauty,Southeast,134.20538569547216,21.93836145444317,ridge,
2018-08-13,2018-08-13,1,housewares,Central-West,7.122400797262255,3.6191440417756087,ridge,9.0
2018-08-13,2018-08-20,2,housewares,Central-West,8.962270043023427,3.6191440417756087,ridge,9.0
2018-08-13,2018-08-27,3,housewares,Central-West,10.6473690366857,3.6191440417756087,ridge,
2018-08-13,2018-09-03,4,housewares,Central-West,12.468243425178379,3.6191440417756087,ridge,
2018-08-13,2018-08-13,1,housewares,North,1.8510223526533718,1.6154903149697688,ridge,1.0
2018-08-13,2018-08-20,2,housewares,North,2.6809797577510093,1.6154903149697688,ridge,0.0
2018-08-13,2018-08-27,3,housewares,North,3.105314570156552,1.6154903149697688,ridge,
2018-08-13,2018-09-03,4,housewares,North,3.7518507799396357,1.6154903149697688,ridge,
2018-08-13,2018-08-13,1,housewares,Northeast,8.901863683788378,3.39465894217123,ridge,3.0
2018-08-13,2018-08-20,2,housewares,Northeast,9.631114585021582,3.39465894217123,ridge,1.0
2018-08-13,2018-08-27,3,housewares,Northeast,9.730156248578776,3.39465894217123,ridge,
2018-08-13,2018-09-03,4,housewares,Northeast,10.085406158688228,3.39465894217123,ridge,
2018-08-13,2018-08-13,1,housewares,South,24.710443196934605,6.1761047817210315,ridge,23.0
2018-08-13,2018-08-20,2,housewares,South,24.161723278474735,6.1761047817210315,ridge,15.0
2018-08-13,2018-08-27,3,housewares,South,24.25380690477086,6.1761047817210315,ridge,
2018-08-13,2018-09-03,4,housewares,South,25.52286720237121,6.1761047817210315,ridge,
2018-08-13,2018-08-13,1,housewares,Southeast,114.4808712510585,19.09370229323683,ridge,159.0
2018-08-13,2018-08-20,2,housewares,Southeast,103.61241873589935,19.09370229323683,ridge,84.0
2018-08-13,2018-08-27,3,housewares,Southeast,99.08721133818776,19.09370229323683,ridge,
2018-08-13,2018-09-03,4,housewares,Southeast,100.53054319555952,19.09370229323683,ridge,
2018-08-13,2018-08-13,1,sports_leisure,Central-West,8.290589645761019,3.8946989489674984,ridge,9.0
2018-08-13,2018-08-20,2,sports_leisure,Central-West,8.636273646265533,3.8946989489674984,ridge,3.0
2018-08-13,2018-08-27,3,sports_leisure,Central-West,9.219019458231237,3.8946989489674984,ridge,
2018-08-13,2018-09-03,4,sports_leisure,Central-West,9.965200680380889,3.8946989489674984,ridge,
2018-08-13,2018-08-13,1,sports_leisure,North,2.747718178540401,2.074922151590262,ridge,1.0
2018-08-13,2018-08-20,2,sports_leisure,North,3.623825600153742,2.074922151590262,ridge,0.0
2018-08-13,2018-08-27,3,sports_leisure,North,4.54150710459996,2.074922151590262,ridge,
2018-08-13,2018-09-03,4,sports_leisure,North,5.453075244210388,2.074922151590262,ridge,
2018-08-13,2018-08-13,1,sports_leisure,Northeast,10.45609123098271,4.128699464828654,ridge,6.0
2018-08-13,2018-08-20,2,sports_leisure,Northeast,11.848193591777061,4.128699464828654,ridge,2.0
2018-08-13,2018-08-27,3,sports_leisure,Northeast,12.745142645766695,4.128699464828654,ridge,
2018-08-13,2018-09-03,4,sports_leisure,Northeast,13.572238746621158,4.128699464828654,ridge,
2018-08-13,2018-08-13,1,sports_leisure,South,22.619696478749812,6.723448872374154,ridge,14.0
2018-08-13,2018-08-20,2,sports_leisure,South,20.940403460712826,6.723448872374154,ridge,11.0
2018-08-13,2018-08-27,3,sports_leisure,South,20.630577406930545,6.723448872374154,ridge,
2018-08-13,2018-09-03,4,sports_leisure,South,20.72164651281572,6.723448872374154,ridge,
2018-08-13,2018-08-13,1,sports_leisure,Southeast,80.62580973456812,17.74621739669486,ridge,119.0
2018-08-13,2018-08-20,2,sports_leisure,Southeast,78.33011717120849,17.74621739669486,ridge,63.0
2018-08-13,2018-08-27,3,sports_leisure,Southeast,77.24286812833705,17.74621739669486,ridge,
2018-08-13,2018-09-03,4,sports_leisure,Southeast,79.28922914550785,17.74621739669486,ridge,
2018-08-13,2018-08-13,1,telephony,Central-West,6.629587744380325,3.1866645558692697,ridge,4.0
2018-08-13,2018-08-20,2,telephony,Central-West,5.847340809355266,3.1866645558692697,ridge,3.0
2018-08-13,2018-08-27,3,telephony,Central-West,5.650756977635399,3.1866645558692697,ridge,
2018-08-13,2018-09-03,4,telephony,Central-West,6.010145790919035,3.1866645558692697,ridge,
2018-08-13,2018-08-13,1,telephony,North,1.3993774882287537,2.0502630519047234,ridge,0.0
2018-08-13,2018-08-20,2,telephony,North,1.459837211536402,2.0502630519047234,ridge,0.0
2018-08-13,2018-08-27,3,telephony,North,1.5840341181644764,2.0502630519047234,ridge,
2018-08-13,2018-09-03,4,telephony,North,1.8078803518134539,2.0502630519047234,ridge,
2018-08-13,2018-08-13,1,telephony,Northeast,13.901189496949915,4.977844618992012,ridge,7.0
2018-08-13,2018-08-20,2,telephony,Northeast,11.761442474162546,4.977844618992012,ridge,1.0
2018-08-13,2018-08-27,3,telephony,Northeast,11.514639272638826,4.977844618992012,ridge,
2018-08-13,2018-09-03,4,telephony,Northeast,11.884029055088279,4.977844618992012,ridge,
2018-08-13,2018-08-13,1,telephony,South,21.59184042972909,4.867199637389563,ridge,9.0
2018-08-13,2018-08-20,2,telephony,South,18.118917564011706,4.867199637389563,ridge,3.0
2018-08-13,2018-08-27,3,telephony,South,16.510094874364775,4.867199637389563,ridge,
2018-08-13,2018-09-03,4,telephony,South,15.50537970619434,4.867199637389563,ridge,
2018-08-13,2018-08-13,1,telephony,Southeast,43.36108227677266,11.66147615094733,ridge,43.0
2018-08-13,2018-08-20,2,telephony,Southeast,42.792693626999394,11.66147615094733,ridge,28.0
2018-08-13,2018-08-27,3,telephony,Southeast,43.15990384849766,11.66147615094733,ridge,
2018-08-13,2018-09-03,4,telephony,Southeast,46.67158294387589,11.66147615094733,ridge,
2018-08-13,2018-08-13,1,watches_gifts,Central-West,9.171380034792273,2.682362077092387,ridge,7.0
2018-08-13,2018-08-20,2,watches_gifts,Central-West,9.329718390509,2.682362077092387,ridge,2.0
2018-08-13,2018-08-27,3,watches_gifts,Central-West,9.62956287834638,2.682362077092387,ridge,
2018-08-13,2018-09-03,4,watches_gifts,Central-West,10.121667234380721,2.682362077092387,ridge,
2018-08-13,2018-08-13,1,watches_gifts,North,4.560903059982987,1.6253853700515444,ridge,0.0
2018-08-13,2018-08-20,2,watches_gifts,North,4.623541312229486,1.6253853700515444,ridge,0.0
2018-08-13,2018-08-27,3,watches_gifts,North,4.988603669565951,1.6253853700515444,ridge,
2018-08-13,2018-09-03,4,watches_gifts,North,5.274440393840667,1.6253853700515444,ridge,
2018-08-13,2018-08-13,1,watches_gifts,Northeast,18.018094651168322,4.911185252412069,ridge,14.0
2018-08-13,2018-08-20,2,watches_gifts,Northeast,18.092241900205952,4.911185252412069,ridge,3.0
2018-08-13,2018-08-27,3,watches_gifts,Northeast,18.88043549809612,4.911185252412069,ridge,
2018-08-13,2018-09-03,4,watches_gifts,Northeast,19.819028546613133,4.911185252412069,ridge,
2018-08-13,2018-08-13,1,watches_gifts,South,15.890189256129354,4.728655618903819,ridge,12.0
2018-08-13,2018-08-20,2,watches_gifts,South,16.549456609358167,4.728655618903819,ridge,8.0
2018-08-13,2018-08-27,3,watches_gifts,South,17.01749521534388,4.728655618903819,ridge,
2018-08-13,2018-09-03,4,watches_gifts,South,17.68835404897814,4.728655618903819,ridge,
2018-08-13,2018-08-13,1,watches_gifts,Southeast,76.24067663998918,17.28938822642067,ridge,80.0
2018-08-13,2018-08-20,2,watches_gifts,Southeast,77.39755622863518,17.28938822642067,ridge,48.0
2018-08-13,2018-08-27,3,watches_gifts,Southeast,77.79026657491332,17.28938822642067,ridge,
2018-08-13,2018-09-03,4,watches_gifts,Southeast,80.94889066916045,17.28938822642067,ridge,
2018-08-20,2018-08-20,1,auto,Central-West,7.0,4.436103283928251,last_week,2.0
2018-08-20,2018-08-27,2,auto,Central-West,7.0,4.436103283928251,last_week,
2018-08-20,2018-09-03,3,auto,Central-West,7.0,4.436103283928251,last_week,
2018-08-20,2018-09-10,4,auto,Central-West,7.0,4.436103283928251,last_week,
2018-08-20,2018-08-20,1,auto,North,1.0,1.5355861067872503,last_week,0.0
2018-08-20,2018-08-27,2,auto,North,1.0,1.5355861067872503,last_week,
2018-08-20,2018-09-03,3,auto,North,1.0,1.5355861067872503,last_week,
2018-08-20,2018-09-10,4,auto,North,1.0,1.5355861067872503,last_week,
2018-08-20,2018-08-20,1,auto,Northeast,5.0,4.230985058813283,last_week,3.0
2018-08-20,2018-08-27,2,auto,Northeast,5.0,4.230985058813283,last_week,
2018-08-20,2018-09-03,3,auto,Northeast,5.0,4.230985058813283,last_week,
2018-08-20,2018-09-10,4,auto,Northeast,5.0,4.230985058813283,last_week,
2018-08-20,2018-08-20,1,auto,South,17.0,4.467993169529578,last_week,9.0
2018-08-20,2018-08-27,2,auto,South,17.0,4.467993169529578,last_week,
2018-08-20,2018-09-03,3,auto,South,17.0,4.467993169529578,last_week,
2018-08-20,2018-09-10,4,auto,South,17.0,4.467993169529578,last_week,
2018-08-20,2018-08-20,1,auto,Southeast,76.0,13.596023383763793,last_week,45.0
2018-08-20,2018-08-27,2,auto,Southeast,76.0,13.596023383763793,last_week,
2018-08-20,2018-09-03,3,auto,Southeast,76.0,13.596023383763793,last_week,
2018-08-20,2018-09-10,4,auto,Southeast,76.0,13.596023383763793,last_week,
2018-08-20,2018-08-20,1,bed_bath_table,Central-West,11.0,5.138813813265412,last_week,1.0
2018-08-20,2018-08-27,2,bed_bath_table,Central-West,11.0,5.138813813265412,last_week,
2018-08-20,2018-09-03,3,bed_bath_table,Central-West,11.0,5.138813813265412,last_week,
2018-08-20,2018-09-10,4,bed_bath_table,Central-West,11.0,5.138813813265412,last_week,
2018-08-20,2018-08-20,1,bed_bath_table,North,0.0,1.5153535218873173,last_week,0.0
2018-08-20,2018-08-27,2,bed_bath_table,North,0.0,1.5153535218873173,last_week,
2018-08-20,2018-09-03,3,bed_bath_table,North,0.0,1.5153535218873173,last_week,
2018-08-20,2018-09-10,4,bed_bath_table,North,0.0,1.5153535218873173,last_week,
2018-08-20,2018-08-20,1,bed_bath_table,Northeast,9.0,4.589305872902974,last_week,2.0
2018-08-20,2018-08-27,2,bed_bath_table,Northeast,9.0,4.589305872902974,last_week,
2018-08-20,2018-09-03,3,bed_bath_table,Northeast,9.0,4.589305872902974,last_week,
2018-08-20,2018-09-10,4,bed_bath_table,Northeast,9.0,4.589305872902974,last_week,
2018-08-20,2018-08-20,1,bed_bath_table,South,25.0,8.69084945201163,last_week,5.0
2018-08-20,2018-08-27,2,bed_bath_table,South,25.0,8.69084945201163,last_week,
2018-08-20,2018-09-03,3,bed_bath_table,South,25.0,8.69084945201163,last_week,
2018-08-20,2018-09-10,4,bed_bath_table,South,25.0,8.69084945201163,last_week,
2018-08-20,2018-08-20,1,bed_bath_table,Southeast,167.0,42.615275763452026,last_week,96.0
2018-08-20,2018-08-27,2,bed_bath_table,Southeast,167.0,42.615275763452026,last_week,
2018-08-20,2018-09-03,3,bed_bath_table,Southeast,167.0,42.615275763452026,last_week,
2018-08-20,2018-09-10,4,bed_bath_table,Southeast,167.0,42.615275763452026,last_week,
2018-08-20,2018-08-20,1,computers_accessories,Central-West,5.0,4.673275743291798,last_week,3.0
2018-08-20,2018-08-27,2,computers_accessories,Central-West,5.0,4.673275743291798,last_week,
2018-08-20,2018-09-03,3,computers_accessories,Central-West,5.0,4.673275743291798,last_week,
2018-08-20,2018-09-10,4,computers_accessories,Central-West,5.0,4.673275743291798,last_week,
2018-08-20,2018-08-20,1,computers_accessories,North,1.0,2.741991706500681,last_week,0.0
2018-08-20,2018-08-27,2,computers_accessories,North,1.0,2.741991706500681,last_week,
2018-08-20,2018-09-03,3,computers_accessories,North,1.0,2.741991706500681,last_week,
2018-08-20,2018-09-10,4,computers_accessories,North,1.0,2.741991706500681,last_week,
2018-08-20,2018-08-20,1,computers_accessories,Northeast,12.0,6.342099196813483,last_week,2.0
2018-08-20,2018-08-27,2,computers_accessories,Northeast,12.0,6.342099196813483,last_week,
2018-08-20,2018-09-03,3,computers_accessories,Northeast,12.0,6.342099196813483,last_week,
2018-08-20,2018-09-10,4,computers_accessories,Northeast,12.0,6.342099196813483,last_week,
2018-08-20,2018-08-20,1,computers_accessories,South,13.0,7.88967132270077,last_week,8.0
2018-08-20,2018-08-27,2,computers_accessories,South,13.0,7.88967132270077,last_week,
2018-08-20,2018-09-03,3,computers_accessories,South,13.0,7.88967132270077,last_week,
2018-08-20,2018-09-10,4,computers_accessories,South,13.0,7.88967132270077,last_week,
2018-08-20,2018-08-20,1,computers_accessories,Southeast,93.0,24.458329389866552,last_week,45.0
2018-08-20,2018-08-27,2,computers_accessories,Southeast,93.0,24.458329389866552,last_week,
2018-08-20,2018-09-03,3,computers_accessories,Southeast,93.0,24.458329389866552,last_week,
2018-08-20,2018-09-10,4,computers_accessories,Southeast,93.0,24.458329389866552,last_week,
2018-08-20,2018-08-20,1,furniture_decor,Central-West,7.0,4.617465501151144,last_week,0.0
2018-08-20,2018-08-27,2,furniture_decor,Central-West,7.0,4.617465501151144,last_week,
2018-08-20,2018-09-03,3,furniture_decor,Central-West,7.0,4.617465501151144,last_week,
2018-08-20,2018-09-10,4,furniture_decor,Central-West,7.0,4.617465501151144,last_week,
2018-08-20,2018-08-20,1,furniture_decor,North,3.0,2.4113927126900783,last_week,0.0
2018-08-20,2018-08-27,2,furniture_decor,North,3.0,2.4113927126900783,last_week,
2018-08-20,2018-09-03,3,furniture_decor,North,3.0,2.4113927126900783,last_week,
2018-08-20,2018-09-10,4,furniture_decor,North,3.0,2.4113927126900783,last_week,
2018-08-20,2018-08-20,1,furniture_decor,Northeast,9.0,5.92233687610508,last_week,0.0
2018-08-20,2018-08-27,2,furniture_decor,Northeast,9.0,5.92233687610508,last_week,
2018-08-20,2018-09-03,3,furniture_decor,Northeast,9.0,5.92233687610508,last_week,
2018-08-20,2018-09-10,4,furniture_decor,Northeast,9.0,5.92233687610508,last_week,
2018-08-20,2018-08-20,1,furniture_decor,South,13.0,11.422849096503091,last_week,7.0
2018-08-20,2018-08-27,2,furniture_decor,South,13.0,11.422849096503091,last_week,
2018-08-20,2018-09-03,3,furniture_decor,South,13.0,11.422849096503091,last_week,
2018-08-20,2018-09-10,4,furniture_decor,South,13.0,11.422849096503091,last_week,
2018-08-20,2018-08-20,1,furniture_decor,Southeast,93.0,30.216094149956117,last_week,53.0
2018-08-20,2018-08-27,2,furniture_decor,Southeast,93.0,30.216094149956117,last_week,
2018-08-20,2018-09-03,3,furniture_decor,Southeast,93.0,30.216094149956117,last_week,
2018-08-20,2018-09-10,4,furniture_decor,Southeast,93.0,30.216094149956117,last_week,
2018-08-20,2018-08-20,1,garden_tools,Central-West,4.0,4.496912521077347,last_week,0.0
2018-08-20,2018-08-27,2,garden_tools,Central-West,4.0,4.496912521077347,last_week,
2018-08-20,2018-09-03,3,garden_tools,Central-West,4.0,4.496912521077347,last_week,
2018-08-20,2018-09-10,4,garden_tools,Central-West,4.0,4.496912521077347,last_week,
2018-08-20,2018-08-20,1,garden_tools,North,0.0,1.6139821162593277,last_week,0.0
2018-08-20,2018-08-27,2,garden_tools,North,0.0,1.6139821162593277,last_week,
2018-08-20,2018-09-03,3,garden_tools,North,0.0,1.6139821162593277,last_week,
2018-08-20,2018-09-10,4,garden_tools,North,0.0,1.6139821162593277,last_week,
2018-08-20,2018-08-20,1,garden_tools,Northeast,4.0,5.968021778664793,last_week,1.0
2018-08-20,2018-08-27,2,garden_tools,Northeast,4.0,5.968021778664793,last_week,
2018-08-20,2018-09-03,3,garden_tools,Northeast,4.0,5.968021778664793,last_week,
2018-08-20,2018-09-10,4,garden_tools,Northeast,4.0,5.968021778664793,last_week,
2018-08-20,2018-08-20,1,garden_tools,South,6.0,5.801234436536273,last_week,0.0
2018-08-20,2018-08-27,2,garden_tools,South,6.0,5.801234436536273,last_week,
2018-08-20,2018-09-03,3,garden_tools,South,6.0,5.801234436536273,last_week,
2018-08-20,2018-09-10,4,garden_tools,South,6.0,5.801234436536273,last_week,
2018-08-20,2018-08-20,1,garden_tools,Southeast,27.0,24.553544412362882,last_week,17.0
2018-08-20,2018-08-27,2,garden_tools,Southeast,27.0,24.553544412362882,last_week,
2018-08-20,2018-09-03,3,garden_tools,Southeast,27.0,24.553544412362882,last_week,
2018-08-20,2018-09-10,4,garden_tools,Southeast,27.0,24.553544412362882,last_week,
2018-08-20,2018-08-20,1,health_beauty,Central-West,22.0,5.0613519884135,last_week,7.0
2018-08-20,2018-08-27,2,health_beauty,Central-West,22.0,5.0613519884135,last_week,
2018-08-20,2018-09-03,3,health_beauty,Central-West,22.0,5.0613519884135,last_week,
2018-08-20,2018-09-10,4,health_beauty,Central-West,22.0,5.0613519884135,last_week,
2018-08-20,2018-08-20,1,health_beauty,North,3.0,2.771103091853317,last_week,0.0
2018-08-20,2018-08-27,2,health_beauty,North,3.0,2.771103091853317,last_week,
2018-08-20,2018-09-03,3,health_beauty,North,3.0,2.771103091853317,last_week,
2018-08-20,2018-09-10,4,health_beauty,North,3.0,2.771103091853317,last_week,
2018-08-20,2018-08-20,1,health_beauty,Northeast,25.0,5.981452814975453,last_week,7.0
2018-08-20,2018-08-27,2,health_beauty,Northeast,25.0,5.981452814975453,last_week,
2018-08-20,2018-09-03,3,health_beauty,Northeast,25.0,5.981452814975453,last_week,
2018-08-20,2018-09-10,4,health_beauty,Northeast,25.0,5.981452814975453,last_week,
2018-08-20,2018-08-20,1,health_beauty,South,35.0,6.526300069150406,last_week,14.0
2018-08-20,2018-08-27,2,health_beauty,South,35.0,6.526300069150406,last_week,
2018-08-20,2018-09-03,3,health_beauty,South,35.0,6.526300069150406,last_week,
2018-08-20,2018-09-10,4,health_beauty,South,35.0,6.526300069150406,last_week,
2018-08-20,2018-08-20,1,health_beauty,Southeast,153.0,24.617568754002185,last_week,118.0
2018-08-20,2018-08-27,2,health_beauty,Southeast,153.0,24.617568754002185,last_week,
2018-08-20,2018-09-03,3,health_beauty,Southeast,153.0,24.617568754002185,last_week,
2018-08-20,2018-09-10,4,health_beauty,Southeast,153.0,24.617568754002185,last_week,
2018-08-20,2018-08-20,1,housewares,Central-West,9.0,4.179609527512007,last_week,9.0
2018-08-20,2018-08-27,2,housewares,Central-West,9.0,4.179609527512007,last_week,
2018-08-20,2018-09-03,3,housewares,Central-West,9.0,4.179609527512007,last_week,
2018-08-20,2018-09-10,4,housewares,Central-West,9.0,4.179609527512007,last_week,
2018-08-20,2018-08-20,1,housewares,North,1.0,1.7743021580745904,last_week,0.0
2018-08-20,2018-08-27,2,housewares,North,1.0,1.7743021580745904,last_week,
2018-08-20,2018-09-03,3,housewares,North,1.0,1.7743021580745904,last_week,
2018-08-20,2018-09-10,4,housewares,North,1.0,1.7743021580745904,last_week,
2018-08-20,2018-08-20,1,housewares,Northeast,3.0,4.052129450846771,last_week,1.0
2018-08-20,2018-08-27,2,housewares,Northeast,3.0,4.052129450846771,last_week,
2018-08-20,2018-09-03,3,housewares,Northeast,3.0,4.052129450846771,last_week,
2018-08-20,2018-09-10,4,housewares,Northeast,3.0,4.052129450846771,last_week,
2018-08-20,2018-08-20,1,housewares,South,23.0,7.272474743090476,last_week,15.0
2018-08-20,2018-08-27,2,housewares,South,23.0,7.272474743090476,last_week,
2018-08-20,2018-09-03,3,housewares,South,23.0,7.272474743090476,last_week,
2018-08-20,2018-09-10,4,housewares,South,23.0,7.272474743090476,last_week,
2018-08-20,2018-08-20,1,housewares,Southeast,159.0,20.764404490068106,last_week,84.0
2018-08-20,2018-08-27,2,housewares,Southeast,159.0,20.764404490068106,last_week,
2018-08-20,2018-09-03,3,housewares,Southeast,159.0,20.764404490068106,last_week,
2018-08-20,2018-09-10,4,housewares,Southeast,159.0,20.764404490068106,last_week,
2018-08-20,2018-08-20,1,sports_leisure,Central-West,9.0,4.754465087852148,last_week,3.0
2018-08-20,2018-08-27,2,sports_leisure,Central-West,9.0,4.754465087852148,last_week,
2018-08-20,2018-09-03,3,sports_leisure,Central-West,9.0,4.754465087852148,last_week,
2018-08-20,2018-09-10,4,sports_leisure,Central-West,9.0,4.754465087852148,last_week,
2018-08-20,2018-08-20,1,sports_leisure,North,1.0,2.3174059571793566,last_week,0.0
2018-08-20,2018-08-27,2,sports_leisure,North,1.0,2.3174059571793566,last_week,
2018-08-20,2018-09-03,3,sports_leisure,North,1.0,2.3174059571793566,last_week,
2018-08-20,2018-09-10,4,sports_leisure,North,1.0,2.3174059571793566,last_week,
2018-08-20,2018-08-20,1,sports_leisure,Northeast,6.0,4.766135686561604,last_week,2.0
2018-08-20,2018-08-27,2,sports_leisure,Northeast,6.0,4.766135686561604,last_week,
2018-08-20,2018-09-03,3,sports_leisure,Northeast,6.0,4.766135686561604,last_week,
2018-08-20,2018-09-10,4,sports_leisure,Northeast,6.0,4.766135686561604,last_week,
2018-08-20,2018-08-20,1,sports_leisure,South,14.0,7.8943642970362715,last_week,11.0
2018-08-20,2018-08-27,2,sports_leisure,South,14.0,7.8943642970362715,last_week,
2018-08-20,2018-09-03,3,sports_leisure,South,14.0,7.8943642970362715,last_week,
2018-08-20,2018-09-10,4,sports_leisure,South,14.0,7.8943642970362715,last_week,
2018-08-20,2018-08-20,1,sports_leisure,Southeast,119.0,20.126145393369832,last_week,63.0
2018-08-20,2018-08-27,2,sports_leisure,Southeast,119.0,20.126145393369832,last_week,
2018-08-20,2018-09-03,3,sports_leisure,Southeast,119.0,20.126145393369832,last_week,
2018-08-20,2018-09-10,4,sports_leisure,Southeast,119.0,20.126145393369832,last_week,
2018-08-20,2018-08-20,1,telephony,Central-West,4.0,3.7498971179302676,last_week,3.0
2018-08-20,2018-08-27,2,telephony,Central-West,4.0,3.7498971179302676,last_week,
2018-08-20,2018-09-03,3,telephony,Central-West,4.0,3.7498971179302676,last_week,
2018-08-20,2018-09-10,4,telephony,Central-West,4.0,3.7498971179302676,last_week,
2018-08-20,2018-08-20,1,telephony,North,0.0,2.1372648957412603,last_week,0.0
2018-08-20,2018-08-27,2,telephony,North,0.0,2.1372648957412603,last_week,
2018-08-20,2018-09-03,3,telephony,North,0.0,2.1372648957412603,last_week,
2018-08-20,2018-09-10,4,telephony,North,0.0,2.1372648957412603,last_week,
2018-08-20,2018-08-20,1,telephony,Northeast,7.0,5.972157622389639,last_week,1.0
2018-08-20,2018-08-27,2,telephony,Northeast,7.0,5.972157622389639,last_week,
2018-08-20,2018-09-03,3,telephony,Northeast,7.0,5.972157622389639,last_week,
2018-08-20,2018-09-10,4,telephony,Northeast,7.0,5.972157622389639,last_week,
2018-08-20,2018-08-20,1,telephony,South,9.0,6.090875588295887,last_week,3.0
2018-08-20,2018-08-27,2,telephony,South,9.0,6.090875588295887,last_week,
2018-08-20,2018-09-03,3,telephony,South,9.0,6.090875588295887,last_week,
2018-08-20,2018-09-10,4,telephony,South,9.0,6.090875588295887,last_week,
2018-08-20,2018-08-20,1,telephony,Southeast,43.0,12.59972564859065,last_week,28.0
2018-08-20,2018-08-27,2,telephony,Southeast,43.0,12.59972564859065,last_week,
2018-08-20,2018-09-03,3,telephony,Southeast,43.0,12.59972564859065,last_week,
2018-08-20,2018-09-10,4,telephony,Southeast,43.0,12.59972564859065,last_week,
2018-08-20,2018-08-20,1,watches_gifts,Central-West,7.0,3.0225490019412096,last_week,2.0
2018-08-20,2018-08-27,2,watches_gifts,Central-West,7.0,3.0225490019412096,last_week,
2018-08-20,2018-09-03,3,watches_gifts,Central-West,7.0,3.0225490019412096,last_week,
2018-08-20,2018-09-10,4,watches_gifts,Central-West,7.0,3.0225490019412096,last_week,
2018-08-20,2018-08-20,1,watches_gifts,North,0.0,1.9116278371205837,last_week,0.0
2018-08-20,2018-08-27,2,watches_gifts,North,0.0,1.9116278371205837,last_week,
2018-08-20,2018-09-03,3,watches_gifts,North,0.0,1.9116278371205837,last_week,
2018-08-20,2018-09-10,4,watches_gifts,North,0.0,1.9116278371205837,last_week,
2018-08-20,2018-08-20,1,watches_gifts,Northeast,14.0,5.506449641495052,last_week,3.0
2018-08-20,2018-08-27,2,watches_gifts,Northeast,14.0,5.506449641495052,last_week,
2018-08-20,2018-09-03,3,watches_gifts,Northeast,14.0,5.506449641495052,last_week,
2018-08-20,2018-09-10,4,watches_gifts,Northeast,14.0,5.506449641495052,last_week,
2018-08-20,2018-08-20,1,watches_gifts,South,12.0,5.613035973473373,last_week,8.0
2018-08-20,2018-08-27,2,watches_gifts,South,12.0,5.613035973473373,last_week,
2018-08-20,2018-09-03,3,watches_gifts,South,12.0,5.613035973473373,last_week,
2018-08-20,2018-09-10,4,watches_gifts,South,12.0,5.613035973473373,last_week,
2018-08-20,2018-08-20,1,watches_gifts,Southeast,80.0,18.48188970082822,last_week,48.0
2018-08-20,2018-08-27,2,watches_gifts,Southeast,80.0,18.48188970082822,last_week,
2018-08-20,2018-09-03,3,watches_gifts,Southeast,80.0,18.48188970082822,last_week,
2018-08-20,2018-09-10,4,watches_gifts,Southeast,80.0,18.48188970082822,last_week,
2018-08-20,2018-08-20,1,auto,Central-West,6.75,3.527230928744439,moving_average,2.0
2018-08-20,2018-08-27,2,auto,Central-West,6.6875,3.527230928744439,moving_average,
2018-08-20,2018-09-03,3,auto,Central-West,7.359375,3.527230928744439,moving_average,
2018-08-20,2018-09-10,4,auto,Central-West,6.94921875,3.527230928744439,moving_average,
2018-08-20,2018-08-20,1,auto,North,2.0,1.2422599874998832,moving_average,0.0
2018-08-20,2018-08-27,2,auto,North,1.75,1.2422599874998832,moving_average,
2018-08-20,2018-09-03,3,auto,North,1.9375,1.2422599874998832,moving_average,
2018-08-20,2018-09-10,4,auto,North,1.671875,1.2422599874998832,moving_average,
2018-08-20,2018-08-20,1,auto,Northeast,12.0,3.220665332689068,moving_average,3.0
2018-08-20,2018-08-27,2,auto,Northeast,12.5,3.220665332689068,moving_average,
2018-08-20,2018-09-03,3,auto,Northeast,12.625,3.220665332689068,moving_average,
2018-08-20,2018-09-10,4,auto,Northeast,10.53125,3.220665332689068,moving_average,
2018-08-20,2018-08-20,1,auto,South,14.0,3.5984821903233137,moving_average,9.0
2018-08-20,2018-08-27,2,auto,South,14.5,3.5984821903233137,moving_average,
2018-08-20,2018-09-03,3,auto,South,14.625,3.5984821903233137,moving_average,
2018-08-20,2018-09-10,4,auto,South,15.03125,3.5984821903233137,moving_average,
2018-08-20,2018-08-20,1,auto,Southeast,75.5,14.149717529789756,moving_average,45.0
2018-08-20,2018-08-27,2,auto,Southeast,78.125,14.149717529789756,moving_average,
2018-08-20,2018-09-03,3,auto,Southeast,80.15625,14.149717529789756,moving_average,
2018-08-20,2018-09-10,4,auto,Southeast,77.4453125,14.149717529789756,moving_average,
2018-08-20,2018-08-20,1,bed_bath_table,Central-West,9.0,4.41701605885665,moving_average,1.0
2018-08-20,2018-08-27,2,bed_bath_table,Central-West,8.75,4.41701605885665,moving_average,
2018-08-20,2018-09-03,3,bed_bath_table,Central-West,9.4375,4.41701605885665,moving_average,
2018-08-20,2018-09-10,4,bed_bath_table,Central-West,9.546875,4.41701605885665,moving_average,
2018-08-20,2018-08-20,1,bed_bath_table,North,0.5,1.1970256348008468,moving_average,0.0
2018-08-20,2018-08-27,2,bed_bath_table,North,0.125,1.1970256348008468,moving_average,
2018-08-20,2018-09-03,3,bed_bath_table,North,0.15625,1.1970256348008468,moving_average,
2018-08-20,2018-09-10,4,bed_bath_table,North,0.1953125,1.1970256348008468,moving_average,
2018-08-20,2018-08-20,1,bed_bath_table,Northeast,6.25,3.887995929226137,moving_average,2.0
2018-08-20,2018-08-27,2,bed_bath_table,Northeast,6.3125,3.887995929226137,moving_average,
2018-08-20,2018-09-03,3,bed_bath_table,Northeast,6.140625,3.887995929226137,moving_average,
2018-08-20,2018-09-10,4,bed_bath_table,Northeast,6.92578125,3.887995929226137,moving_average,
2018-08-20,2018-08-20,1,bed_bath_table,South,21.0,7.448692817626327,moving_average,5.0
2018-08-20,2018-08-27,2,bed_bath_table,South,22.25,7.448692817626327,moving_average,
2018-08-20,2018-09-03,3,bed_bath_table,South,24.8125,7.448692817626327,moving_average,
2018-08-20,2018-09-10,4,bed_bath_table,South,23.265625,7.448692817626327,moving_average,
2018-08-20,2018-08-20,1,bed_bath_table,Southeast,152.5,41.38798470302435,moving_average,96.0
2018-08-20,2018-08-27,2,bed_bath_table,Southeast,161.125,41.38798470302435,moving_average,
2018-08-20,2018-09-03,3,bed_bath_table,Southeast,157.90625,41.38798470302435,moving_average,
2018-08-20,2018-09-10,4,bed_bath_table,Southeast,159.6328125,41.38798470302435,moving_average,
2018-08-20,2018-08-20,1,computers_accessories,Central-West,7.25,3.996526269427266,moving_average,3.0
2018-08-20,2018-08-27,2,computers_accessories,Central-West,7.5625,3.996526269427266,moving_average,
2018-08-20,2018-09-03,3,computers_accessories,Central-West,7.703125,3.996526269427266,moving_average,
2018-08-20,2018-09-10,4,computers_accessories,Central-West,6.87890625,3.996526269427266,moving_average,
2018-08-20,2018-08-20,1,computers_accessories,North,4.0,2.2532555322970276,moving_average,0.0
2018-08-20,2018-08-27,2,computers_accessories,North,3.5,2.2532555322970276,moving_average,
2018-08-20,2018-09-03,3,computers_accessories,North,2.125,2.2532555322970276,moving_average,
2018-08-20,2018-09-10,4,computers_accessories,North,2.65625,2.2532555322970276,moving_average,
2018-08-20,2018-08-20,1,computers_accessories,Northeast,9.5,4.884783629917615,moving_average,2.0
2018-08-20,2018-08-27,2,computers_accessories,Northeast,9.625,4.884783629917615,moving_average,
2018-08-20,2018-09-03,3,computers_accessories,Northeast,9.03125,4.884783629917615,moving_average,
2018-08-20,2018-09-10,4,computers_accessories,Northeast,10.0390625,4.884783629917615,moving_average,
2018-08-20,2018-08-20,1,computers_accessories,South,15.5,8.562677410976338,moving_average,8.0
2018-08-20,2018-08-27,2,computers_accessories,South,15.625,8.562677410976338,moving_average,
2018-08-20,2018-09-03,3,computers_accessories,South,16.28125,8.562677410976338,moving_average,
2018-08-20,2018-09-10,4,computers_accessories,South,15.1015625,8.562677410976338,moving_average,
2018-08-20,2018-08-20,1,computers_accessories,Southeast,93.5,27.29454678045813,moving_average,45.0
2018-08-20,2018-08-27,2,computers_accessories,Southeast,96.625,27.29454678045813,moving_average,
2018-08-20,2018-09-03,3,computers_accessories,Southeast,93.53125,27.29454678045813,moving_average,
2018-08-20,2018-09-10,4,computers_accessories,Southeast,94.1640625,27.29454678045813,moving_average,
2018-08-20,2018-08-20,1,furniture_decor,Central-West,5.0,3.7029976178799644,moving_average,0.0
2018-08-20,2018-08-27,2,furniture_decor,Central-West,5.25,3.7029976178799644,moving_average,
2018-08-20,2018-09-03,3,furniture_decor,Central-West,5.0625,3.7029976178799644,moving_average,
2018-08-20,2018-09-10,4,furniture_decor,Central-West,5.578125,3.7029976178799644,moving_average,
2018-08-20,2018-08-20,1,furniture_decor,North,3.25,1.7574796066814644,moving_average,0.0
2018-08-20,2018-08-27,2,furniture_decor,North,2.5625,1.7574796066814644,moving_average,
2018-08-20,2018-09-03,3,furniture_decor,North,3.203125,1.7574796066814644,moving_average,
2018-08-20,2018-09-10,4,furniture_decor,North,3.00390625,1.7574796066814644,moving_average,
2018-08-20,2018-08-20,1,furniture_decor,Northeast,8.25,5.285228658753436,moving_average,0.0
2018-08-20,2018-08-27,2,furniture_decor,Northeast,8.0625,5.285228658753436,moving_average,
2018-08-20,2018-09-03,3,furniture_decor,Northeast,7.828125,5.285228658753436,moving_average,
2018-08-20,2018-09-10,4,furniture_decor,Northeast,8.28515625,5.285228658753436,moving_average,
2018-08-20,2018-08-20,1,furniture_decor,South,28.0,10.09751833586896,moving_average,7.0
2018-08-20,2018-08-27,2,furniture_decor,South,28.0,10.09751833586896,moving_average,
2018-08-20,2018-09-03,3,furniture_decor,South,29.75,10.09751833586896,moving_average,
2018-08-20,2018-09-10,4,furniture_decor,South,24.6875,10.09751833586896,moving_average,
2018-08-20,2018-08-20,1,furniture_decor,Southeast,92.5,33.28363192803616,moving_average,53.0
2018-08-20,2018-08-27,2,furniture_decor,Southeast,94.625,33.28363192803616,moving_average,
2018-08-20,2018-09-03,3,furniture_decor,Southeast,90.53125,33.28363192803616,moving_average,
2018-08-20,2018-09-10,4,furniture_decor,Southeast,92.6640625,33.28363192803616,moving_average,
2018-08-20,2018-08-20,1,garden_tools,Central-West,2.75,3.6434449849043546,moving_average,0.0
2018-08-20,2018-08-27,2,garden_tools,Central-West,3.1875,3.6434449849043546,moving_average,
2018-08-20,2018-09-03,3,garden_tools,Central-West,3.734375,3.6434449849043546,moving_average,
2018-08-20,2018-09-10,4,garden_tools,Central-West,3.41796875,3.6434449849043546,moving_average,
2018-08-20,2018-08-20,1,garden_tools,North,0.0,1.2101678283773314,moving_average,0.0
2018-08-20,2018-08-27,2,garden_tools,North,0.0,1.2101678283773314,moving_average,
2018-08-20,2018-09-03,3,garden_tools,North,0.0,1.2101678283773314,moving_average,
2018-08-20,2018-09-10,4,garden_tools,North,0.0,1.2101678283773314,moving_average,
2018-08-20,2018-08-20,1,garden_tools,Northeast,3.75,4.588885525960565,moving_average,1.0
2018-08-20,2018-08-27,2,garden_tools,Northeast,3.1875,4.588885525960565,moving_average,
2018-08-20,2018-09-03,3,garden_tools,Northeast,3.234375,4.588885525960565,moving_average,
2018-08-20,2018-09-10,4,garden_tools,Northeast,3.54296875,4.588885525960565,moving_average,
2018-08-20,2018-08-20,1,garden_tools,South,7.0,5.393540375094802,moving_average,0.0
2018-08-20,2018-08-27,2,garden_tools,South,7.25,5.393540375094802,moving_average,
2018-08-20,2018-09-03,3,garden_tools,South,8.0625,5.393540375094802,moving_average,
2018-08-20,2018-09-10,4,garden_tools,South,7.078125,5.393540375094802,moving_average,
2018-08-20,2018-08-20,1,garden_tools,Southeast,33.0,21.131897661247372,moving_average,17.0
2018-08-20,2018-08-27,2,garden_tools,Southeast,29.75,21.131897661247372,moving_average,
2018-08-20,2018-09-03,3,garden_tools,Southeast,30.6875,21.131897661247372,moving_average,
2018-08-20,2018-09-10,4,garden_tools,Southeast,30.109375,21.131897661247372,moving_average,
2018-08-20,2018-08-20,1,health_beauty,Central-West,15.5,4.5352698750467075,moving_average,7.0
2018-08-20,2018-08-27,2,health_beauty,Central-West,17.875,4.5352698750467075,moving_average,
2018-08-20,2018-09-03,3,health_beauty,Central-West,18.59375,4.5352698750467075,moving_average,
2018-08-20,2018-09-10,4,health_beauty,Central-West,18.4921875,4.5352698750467075,moving_average,
2018-08-20,2018-08-20,1,health_beauty,North,6.75,2.315240701562764,moving_average,0.0
2018-08-20,2018-08-27,2,health_beauty,North,6.9375,2.315240701562764,moving_average,
2018-08-20,2018-09-03,3,health_beauty,North,5.921875,2.315240701562764,moving_average,
2018-08-20,2018-09-10,4,health_beauty,North,5.65234375,2.315240701562764,moving_average,
2018-08-20,2018-08-20,1,health_beauty,Northeast,24.25,5.517788293720681,moving_average,7.0
2018-08-20,2018-08-27,2,health_beauty,Northeast,24.8125,5.517788293720681,moving_average,
2018-08-20,2018-09-03,3,health_beauty,Northeast,24.265625,5.517788293720681,moving_average,
2018-08-20,2018-09-10,4,health_beauty,Northeast,24.58203125,5.517788293720681,moving_average,
2018-08-20,2018-08-20,1,health_beauty,South,25.5,6.912035486591575,moving_average,14.0
2018-08-20,2018-08-27,2,health_beauty,South,27.375,6.912035486591575,moving_average,
2018-08-20,2018-09-03,3,health_beauty,South,28.96875,6.912035486591575,moving_average,
2018-08-20,2018-09-10,4,health_beauty,South,29.2109375,6.912035486591575,moving_average,
2018-08-20,2018-08-20,1,health_beauty,Southeast,155.5,27.340926000556404,moving_average,118.0
2018-08-20,2018-08-27,2,health_beauty,Southeast,164.875,27.340926000556404,moving_average,
2018-08-20,2018-09-03,3,health_beauty,Southeast,164.59375,27.340926000556404,moving_average,
2018-08-20,2018-09-10,4,health_beauty,Southeast,159.4921875,27.340926000556404,moving_average,
2018-08-20,2018-08-20,1,housewares,Central-West,12.25,3.8042374035044424,moving_average,9.0
2018-08-20,2018-08-27,2,housewares,Central-West,10.3125,3.8042374035044424,moving_average,
2018-08-20,2018-09-03,3,housewares,Central-West,8.390625,3.8042374035044424,moving_average,
2018-08-20,2018-09-10,4,housewares,Central-West,9.98828125,3.8042374035044424,moving_average,
2018-08-20,2018-08-20,1,housewares,North,1.25,1.3164439567858652,moving_average,0.0
2018-08-20,2018-08-27,2,housewares,North,1.5625,1.3164439567858652,moving_average,
2018-08-20,2018-09-03,3,housewares,North,0.953125,1.3164439567858652,moving_average,
2018-08-20,2018-09-10,4,housewares,North,1.19140625,1.3164439567858652,moving_average,
2018-08-20,2018-08-20,1,housewares,Northeast,5.75,3.4472434863700863,moving_average,1.0
2018-08-20,2018-08-27,2,housewares,Northeast,5.6875,3.4472434863700863,moving_average,
2018-08-20,2018-09-03,3,housewares,Northeast,5.359375,3.4472434863700863,moving_average,
2018-08-20,2018-09-10,4,housewares,Northeast,4.94921875,3.4472434863700863,moving_average,
2018-08-20,2018-08-20,1,housewares,South,27.5,5.916666666666667,moving_average,15.0
2018-08-20,2018-08-27,2,housewares,South,27.875,5.916666666666667,moving_average,
2018-08-20,2018-09-03,3,housewares,South,26.59375,5.916666666666667,moving_average,
2018-08-20,2018-09-10,4,housewares,South,26.2421875,5.916666666666667,moving_average,
2018-08-20,2018-08-20,1,housewares,Southeast,138.75,22.021594340191417,moving_average,84.0
2018-08-20,2018-08-27,2,housewares,Southeast,144.1875,22.021594340191417,moving_average,
2018-08-20,2018-09-03,3,housewares,Southeast,144.984375,22.021594340191417,moving_average,
2018-08-20,2018-09-10,4,housewares,Southeast,146.73046875,22.021594340191417,moving_average,
2018-08-20,2018-08-20,1,sports_leisure,Central-West,9.25,3.851005961249638,moving_average,3.0
2018-08-20,2018-08-27,2,sports_leisure,Central-West,8.8125,3.851005961249638,moving_average,
2018-08-20,2018-09-03,3,sports_leisure,Central-West,8.515625,3.851005961249638,moving_average,
2018-08-20,2018-09-10,4,sports_leisure,Central-West,8.89453125,3.851005961249638,moving_average,
2018-08-20,2018-08-20,1,sports_leisure,North,3.25,2.0075090516838503,moving_average,0.0
2018-08-20,2018-08-27,2,sports_leisure,North,2.5625,2.0075090516838503,moving_average,
2018-08-20,2018-09-03,3,sports_leisure,North,1.953125,2.0075090516838503,moving_average,
2018-08-20,2018-09-10,4,sports_leisure,North,2.19140625,2.0075090516838503,moving_average,
2018-08-20,2018-08-20,1,sports_leisure,Northeast,8.5,4.482648302339716,moving_average,2.0
2018-08-20,2018-08-27,2,sports_leisure,Northeast,8.875,4.482648302339716,moving_average,
2018-08-20,2018-09-03,3,sports_leisure,Northeast,8.09375,4.482648302339716,moving_average,
2018-08-20,2018-09-10,4,sports_leisure,Northeast,7.8671875,4.482648302339716,moving_average,
2018-08-20,2018-08-20,1,sports_leisure,South,20.0,6.939442643147277,moving_average,11.0
2018-08-20,2018-08-27,2,sports_leisure,South,19.75,6.939442643147277,moving_average,
2018-08-20,2018-09-03,3,sports_leisure,South,20.4375,6.939442643147277,moving_average,
2018-08-20,2018-09-10,4,sports_leisure,South,18.546875,6.939442643147277,moving_average,
2018-08-20,2018-08-20,1,sports_leisure,Southeast,98.75,21.914835862132243,moving_average,63.0
2018-08-20,2018-08-27,2,sports_leisure,Southeast,101.4375,21.914835862132243,moving_average,
2018-08-20,2018-09-03,3,sports_leisure,Southeast,100.546875,21.914835862132243,moving_average,
2018-08-20,2018-09-10,4,sports_leisure,Southeast,104.93359375,21.914835862132243,moving_average,
2018-08-20,2018-08-20,1,telephony,Central-West,5.75,3.106767801564756,moving_average,3.0
2018-08-20,2018-08-27,2,telephony,Central-West,6.1875,3.106767801564756,moving_average,
2018-08-20,2018-09-03,3,telephony,Central-West,5.984375,3.106767801564756,moving_average,
2018-08-20,2018-09-10,4,telephony,Central-West,5.48046875,3.106767801564756,moving_average,
2018-08-20,2018-08-20,1,telephony,North,0.75,1.9321036958088,moving_average,0.0
2018-08-20,2018-08-27,2,telephony,North,0.9375,1.9321036958088,moving_average,
2018-08-20,2018-09-03,3,telephony,North,0.921875,1.9321036958088,moving_average,
2018-08-20,2018-09-10,4,telephony,North,0.65234375,1.9321036958088,moving_average,
2018-08-20,2018-08-20,1,telephony,Northeast,14.75,5.240953404924775,moving_average,1.0
2018-08-20,2018-08-27,2,telephony,Northeast,14.1875,5.240953404924775,moving_average,
2018-08-20,2018-09-03,3,telephony,Northeast,13.734375,5.240953404924775,moving_average,
2018-08-20,2018-09-10,4,telephony,Northeast,12.41796875,5.240953404924775,moving_average,
2018-08-20,2018-08-20,1,telephony,South,14.25,5.157997505971182,moving_average,3.0
2018-08-20,2018-08-27,2,telephony,South,16.3125,5.157997505971182,moving_average,
2018-08-20,2018-09-03,3,telephony,South,17.890625,5.157997505971182,moving_average,
2018-08-20,2018-09-10,4,telephony,South,14.36328125,5.157997505971182,moving_average,
2018-08-20,2018-08-20,1,telephony,Southeast,48.0,12.890355520004045,moving_average,28.0
2018-08-20,2018-08-27,2,telephony,Southeast,51.0,12.890355520004045,moving_average,
2018-08-20,2018-09-03,3,telephony,Southeast,47.0,12.890355520004045,moving_average,
2018-08-20,2018-09-10,4,telephony,Southeast,47.25,12.890355520004045,moving_average,
2018-08-20,2018-08-20,1,watches_gifts,Central-West,8.75,2.6907190741142912,moving_average,2.0
2018-08-20,2018-08-27,2,watches_gifts,Central-West,8.4375,2.6907190741142912,moving_average,
2018-08-20,2018-09-03,3,watches_gifts,Central-West,8.296875,2.6907190741142912,moving_average,
2018-08-20,2018-09-10,4,watches_gifts,Central-West,8.12109375,2.6907190741142912,moving_average,
2018-08-20,2018-08-20,1,watches_gifts,North,3.0,1.509486463243725,moving_average,0.0
2018-08-20,2018-08-27,2,watches_gifts,North,2.5,1.509486463243725,moving_average,
2018-08-20,2018-09-03,3,watches_gifts,North,2.625,1.509486463243725,moving_average,
2018-08-20,2018-09-10,4,watches_gifts,North,2.03125,1.509486463243725,moving_average,
2018-08-20,2018-08-20,1,watches_gifts,Northeast,19.75,5.1815049770467745,moving_average,3.0
2018-08-20,2018-08-27,2,watches_gifts,Northeast,19.4375,5.1815049770467745,moving_average,
2018-08-20,2018-09-03,3,watches_gifts,Northeast,17.796875,5.1815049770467745,moving_average,
2018-08-20,2018-09-10,4,watches_gifts,Northeast,17.74609375,5.1815049770467745,moving_average,
2018-08-20,2018-08-20,1,watches_gifts,South,14.0,5.002699888344243,moving_average,8.0
2018-08-20,2018-08-27,2,watches_gifts,South,14.75,5.002699888344243,moving_average,
2018-08-20,2018-09-03,3,watches_gifts,South,14.1875,5.002699888344243,moving_average,
2018-08-20,2018-09-10,4,watches_gifts,South,13.734375,5.002699888344243,moving_average,
2018-08-20,2018-08-20,1,watches_gifts,Southeast,82.0,22.10674859253014,moving_average,48.0
2018-08-20,2018-08-27,2,watches_gifts,Southeast,85.25,22.10674859253014,moving_average,
2018-08-20,2018-09-03,3,watches_gifts,Southeast,80.5625,22.10674859253014,moving_average,
2018-08-20,2018-09-10,4,watches_gifts,Southeast,81.953125,22.10674859253014,moving_average,
2018-08-20,2018-08-20,1,auto,Central-West,6.3259299522526735,3.6967531538067413,ridge,2.0
2018-08-20,2018-08-27,2,auto,Central-West,6.339604622017908,3.6967531538067413,ridge,
2018-08-20,2018-09-03,3,auto,Central-West,6.622842964471955,3.6967531538067413,ridge,
2018-08-20,2018-09-10,4,auto,Central-West,7.1444951147241245,3.6967531538067413,ridge,
2018-08-20,2018-08-20,1,auto,North,1.8274027796072234,1.534274474481667,ridge,0.0
2018-08-20,2018-08-27,2,auto,North,2.363072641053286,1.534274474481667,ridge,
2018-08-20,2018-09-03,3,auto,North,2.708998677029391,1.534274474481667,ridge,
2018-08-20,2018-09-10,4,auto,North,3.039527969553893,1.534274474481667,ridge,
2018-08-20,2018-08-20,1,auto,Northeast,8.750181934689042,3.6024760508885607,ridge,3.0
2018-08-20,2018-08-27,2,auto,Northeast,10.221891722811343,3.6024760508885607,ridge,
2018-08-20,2018-09-03,3,auto,Northeast,11.12815233541457,3.6024760508885607,ridge,
2018-08-20,2018-09-10,4,auto,Northeast,12.006971592683364,3.6024760508885607,ridge,
2018-08-20,2018-08-20,1,auto,South,15.299007309125123,3.74259588195837,ridge,9.0
2018-08-20,2018-08-27,2,auto,South,15.083759196418397,3.74259588195837,ridge,
2018-08-20,2018-09-03,3,auto,South,15.365615377846094,3.74259588195837,ridge,
2018-08-20,2018-09-10,4,auto,South,15.557809185863018,3.74259588195837,ridge,
2018-08-20,2018-08-20,1,auto,Southeast,68.66876620940869,12.505177406015115,ridge,45.0
2018-08-20,2018-08-27,2,auto,Southeast,65.90510995672405,12.505177406015115,ridge,
2018-08-20,2018-09-03,3,auto,Southeast,66.20061402339543,12.505177406015115,ridge,
2018-08-20,2018-09-10,4,auto,Southeast,69.84564589210005,12.505177406015115,ridge,
2018-08-20,2018-08-20,1,bed_bath_table,Central-West,11.728163818981871,4.495082006854491,ridge,1.0
2018-08-20,2018-08-27,2,bed_bath_table,Central-West,12.72796620702519,4.495082006854491,ridge,
2018-08-20,2018-09-03,3,bed_bath_table,Central-West,13.358373844272915,4.495082006854491,ridge,
2018-08-20,2018-09-10,4,bed_bath_table,Central-West,13.935757738473733,4.495082006854491,ridge,
2018-08-20,2018-08-20,1,bed_bath_table,North,2.652452886588428,2.001901279408519,ridge,0.0
2018-08-20,2018-08-27,2,bed_bath_table,North,4.156846876007817,2.001901279408519,ridge,
2018-08-20,2018-09-03,3,bed_bath_table,North,5.122373679163893,2.001901279408519,ridge,
2018-08-20,2018-09-10,4,bed_bath_table,North,5.93082132879179,2.001901279408519,ridge,
2018-08-20,2018-08-20,1,bed_bath_table,Northeast,10.744887544093354,4.227277635970325,ridge,2.0
2018-08-20,2018-08-27,2,bed_bath_table,Northeast,11.516623063306605,4.227277635970325,ridge,
2018-08-20,2018-09-03,3,bed_bath_table,Northeast,12.332051548346984,4.227277635970325,ridge,
2018-08-20,2018-09-10,4,bed_bath_table,Northeast,12.74928002347126,4.227277635970325,ridge,
2018-08-20,2018-08-20,1,bed_bath_table,South,23.99792259341204,7.233794999911697,ridge,5.0
2018-08-20,2018-08-27,2,bed_bath_table,South,23.646192598323026,7.233794999911697,ridge,
2018-08-20,2018-09-03,3,bed_bath_table,South,23.477740197105803,7.233794999911697,ridge,
2018-08-20,2018-09-10,4,bed_bath_table,South,24.421558032119425,7.233794999911697,ridge,
2018-08-20,2018-08-20,1,bed_bath_table,Southeast,141.72818749244288,37.240673644678395,ridge,96.0
2018-08-20,2018-08-27,2,bed_bath_table,Southeast,131.09874709764372,37.240673644678395,ridge,
2018-08-20,2018-09-03,3,bed_bath_table,Southeast,130.4889782029838,37.240673644678395,ridge,
2018-08-20,2018-09-10,4,bed_bath_table,Southeast,133.48247059612805,37.240673644678395,ridge,
2018-08-20,2018-08-20,1,computers_accessories,Central-West,6.505533656081137,4.008700109633999,ridge,3.0
2018-08-20,2018-08-27,2,computers_accessories,Central-West,7.325838588908402,4.008700109633999,ridge,
2018-08-20,2018-09-03,3,computers_accessories,Central-West,8.147908808971618,4.008700109633999,ridge,
2018-08-20,2018-09-10,4,computers_accessories,Central-West,9.232750606594617,4.008700109633999,ridge,
2018-08-20,2018-08-20,1,computers_accessories,North,2.5503632630684345,2.3299883712502742,ridge,0.0
2018-08-20,2018-08-27,2,computers_accessories,North,3.663059010739649,2.3299883712502742,ridge,
2018-08-20,2018-09-03,3,computers_accessories,North,4.9635036965338974,2.3299883712502742,ridge,
2018-08-20,2018-09-10,4,computers_accessories,North,5.767240480357488,2.3299883712502742,ridge,
2018-08-20,2018-08-20,1,computers_accessories,Northeast,11.571530670725878,5.229151362448621,ridge,2.0
2018-08-20,2018-08-27,2,computers_accessories,Northeast,11.873015263372643,5.229151362448621,ridge,
2018-08-20,2018-09-03,3,computers_accessories,Northeast,12.445694308808786,5.229151362448621,ridge,
2018-08-20,2018-09-10,4,computers_accessories,Northeast,12.655221813792972,5.229151362448621,ridge,
2018-08-20,2018-08-20,1,computers_accessories,South,15.734634477945855,7.8259306888437115,ridge,8.0
2018-08-20,2018-08-27,2,computers_accessories,South,16.78079407913164,7.8259306888437115,ridge,
2018-08-20,2018-09-03,3,computers_accessories,South,17.5017310894821,7.8259306888437115,ridge,
2018-08-20,2018-09-10,4,computers_accessories,South,18.36363616753935,7.8259306888437115,ridge,
2018-08-20,2018-08-20,1,computers_accessories,Southeast,84.28376615348503,24.753500811992097,ridge,45.0
2018-08-20,2018-08-27,2,computers_accessories,Southeast,80.68610097736166,24.753500811992097,ridge,
2018-08-20,2018-09-03,3,computers_accessories,Southeast,82.0577878102103,24.753500811992097,ridge,
2018-08-20,2018-09-10,4,computers_accessories,Southeast,85.28772453883253,24.753500811992097,ridge,
2018-08-20,2018-08-20,1,furniture_decor,Central-West,6.362194929074681,3.821030898197928,ridge,0.0
2018-08-20,2018-08-27,2,furniture_decor,Central-West,6.539420751972429,3.821030898197928,ridge,
2018-08-20,2018-09-03,3,furniture_decor,Central-West,6.986189982901447,3.821030898197928,ridge,
2018-08-20,2018-09-10,4,furniture_decor,Central-West,7.431823681901967,3.821030898197928,ridge,
2018-08-20,2018-08-20,1,furniture_decor,North,3.4158454036061716,2.001201436960489,ridge,0.0
2018-08-20,2018-08-27,2,furniture_decor,North,4.065996296694806,2.001201436960489,ridge,
2018-08-20,2018-09-03,3,furniture_decor,North,4.508916895120069,2.001201436960489,ridge,
2018-08-20,2018-09-10,4,furniture_decor,North,5.062487978207608,2.001201436960489,ridge,
2018-08-20,2018-08-20,1,furniture_decor,Northeast,9.615168504410239,4.985047221197493,ridge,0.0
2018-08-20,2018-08-27,2,furniture_decor,Northeast,10.047218804582595,4.985047221197493,ridge,
2018-08-20,2018-09-03,3,furniture_decor,Northeast,10.754958774943027,4.985047221197493,ridge,
2018-08-20,2018-09-10,4,furniture_decor,Northeast,11.244140539395088,4.985047221197493,ridge,
2018-08-20,2018-08-20,1,furniture_decor,South,18.853916572047556,9.597222329491995,ridge,7.0
2018-08-20,2018-08-27,2,furniture_decor,South,20.551859696960086,9.597222329491995,ridge,
2018-08-20,2018-09-03,3,furniture_decor,South,21.573407887053115,9.597222329491995,ridge,
2018-08-20,2018-09-10,4,furniture_decor,South,24.484709752630458,9.597222329491995,ridge,
2018-08-20,2018-08-20,1,furniture_decor,Southeast,84.13610341275242,27.281561414268626,ridge,53.0
2018-08-20,2018-08-27,2,furniture_decor,Southeast,80.48424848399347,27.281561414268626,ridge,
2018-08-20,2018-09-03,3,furniture_decor,Southeast,82.1774901876789,27.281561414268626,ridge,
2018-08-20,2018-09-10,4,furniture_decor,Southeast,85.3687951271134,27.281561414268626,ridge,
2018-08-20,2018-08-20,1,garden_tools,Central-West,3.473073496085303,3.2454984117340375,ridge,0.0
2018-08-20,2018-08-27,2,garden_tools,Central-West,3.2840155964293976,3.2454984117340375,ridge,
2018-08-20,2018-09-03,3,garden_tools,Central-West,3.337077290982031,3.2454984117340375,ridge,
2018-08-20,2018-09-10,4,garden_tools,Central-West,3.65639021471081,3.2454984117340375,ridge,
2018-08-20,2018-08-20,1,garden_tools,North,0.17950635217549493,1.750413637941559,ridge,0.0
2018-08-20,2018-08-27,2,garden_tools,North,0.3451101891929378,1.750413637941559,ridge,
2018-08-20,2018-09-03,3,garden_tools,North,0.538150371854444,1.750413637941559,ridge,
2018-08-20,2018-09-10,4,garden_tools,North,0.7023184678605894,1.750413637941559,ridge,
2018-08-20,2018-08-20,1,garden_tools,Northeast,4.3520652189753095,4.959619944689781,ridge,1.0
2018-08-20,2018-08-27,2,garden_tools,Northeast,4.819382645134899,4.959619944689781,ridge,
2018-08-20,2018-09-03,3,garden_tools,Northeast,5.21907892351667,4.959619944689781,ridge,
2018-08-20,2018-09-10,4,garden_tools,Northeast,5.505664820335462,4.959619944689781,ridge,
2018-08-20,2018-08-20,1,garden_tools,South,6.860617313340041,5.061276758522829,ridge,0.0
2018-08-20,2018-08-27,2,garden_tools,South,7.0891306555292015,5.061276758522829,ridge,
2018-08-20,2018-09-03,3,garden_tools,South,7.300663453678803,5.061276758522829,ridge,
2018-08-20,2018-09-10,4,garden_tools,South,8.145338455251066,5.061276758522829,ridge,
2018-08-20,2018-08-20,1,garden_tools,Southeast,33.43155911282801,21.070838131695638,ridge,17.0
2018-08-20,2018-08-27,2,garden_tools,Southeast,36.452313686884146,21.070838131695638,ridge,
2018-08-20,2018-09-03,3,garden_tools,Southeast,38.718964412737634,21.070838131695638,ridge,
2018-08-20,2018-09-10,4,garden_tools,Southeast,41.27697988266488,21.070838131695638,ridge,
2018-08-20,2018-08-20,1,health_beauty,Central-West,18.93031860345424,4.435129396671657,ridge,7.0
2018-08-20,2018-08-27,2,health_beauty,Central-West,17.947169484127503,4.435129396671657,ridge,
2018-08-20,2018-09-03,3,health_beauty,Central-West,17.905449852990653,4.435129396671657,ridge,
2018-08-20,2018-09-10,4,health_beauty,Central-West,18.15313245882694,4.435129396671657,ridge,
2018-08-20,2018-08-20,1,health_beauty,North,6.020169821548593,2.5358256994994166,ridge,0.0
2018-08-20,2018-08-27,2,health_beauty,North,7.259746279247864,2.5358256994994166,ridge,
2018-08-20,2018-09-03,3,health_beauty,North,8.428404167815103,2.5358256994994166,ridge,
2018-08-20,2018-09-10,4,health_beauty,North,9.45501338673321,2.5358256994994166,ridge,
2018-08-20,2018-08-20,1,health_beauty,Northeast,25.27989689042138,4.983038986397286,ridge,7.0
2018-08-20,2018-08-27,2,health_beauty,Northeast,25.775581036703123,4.983038986397286,ridge,
2018-08-20,2018-09-03,3,health_beauty,Northeast,26.497135194581993,4.983038986397286,ridge,
2018-08-20,2018-09-10,4,health_beauty,Northeast,26.73857996648241,4.983038986397286,ridge,
2018-08-20,2018-08-20,1,health_beauty,South,29.447952961720407,5.77622386307589,ridge,14.0
2018-08-20,2018-08-27,2,health_beauty,South,27.480231628787646,5.77622386307589,ridge,
2018-08-20,2018-09-03,3,health_beauty,South,27.037126330449954,5.77622386307589,ridge,
2018-08-20,2018-09-10,4,health_beauty,South,27.4051180437792,5.77622386307589,ridge,
2018-08-20,2018-08-20,1,health_beauty,Southeast,143.49464885621373,21.80524605501009,ridge,118.0
2018-08-20,2018-08-27,2,health_beauty,Southeast,136.61912069589548,21.80524605501009,ridge,
2018-08-20,2018-09-03,3,health_beauty,Southeast,134.83649059683597,21.80524605501009,ridge,
2018-08-20,2018-09-10,4,health_beauty,Southeast,138.0285649662294,21.80524605501009,ridge,
2018-08-20,2018-08-20,1,housewares,Central-West,9.946070889202984,3.6135342414011515,ridge,9.0
2018-08-20,2018-08-27,2,housewares,Central-West,11.35629730679118,3.6135342414011515,ridge,
2018-08-20,2018-09-03,3,housewares,Central-West,13.051225801947448,3.6135342414011515,ridge,
2018-08-20,2018-09-10,4,housewares,Central-West,13.62870950609537,3.6135342414011515,ridge,
2018-08-20,2018-08-20,1,housewares,North,2.3008660306054365,1.6130769686709128,ridge,0.0
2018-08-20,2018-08-27,2,housewares,North,2.9181994945592535,1.6130769686709128,ridge,
2018-08-20,2018-09-03,3,housewares,North,3.6610705235120573,1.6130769686709128,ridge,
2018-08-20,2018-09-10,4,housewares,North,4.248124850152742,1.6130769686709128,ridge,
2018-08-20,2018-08-20,1,housewares,Northeast,6.712610575836437,3.446219712679073,ridge,1.0
2018-08-20,2018-08-27,2,housewares,Northeast,7.842929309351709,3.446219712679073,ridge,
2018-08-20,2018-09-03,3,housewares,Northeast,8.735126393071576,3.446219712679073,ridge,
2018-08-20,2018-09-10,4,housewares,Northeast,9.611945150881173,3.446219712679073,ridge,
2018-08-20,2018-08-20,1,housewares,South,23.452584441175333,6.145937227637986,ridge,15.0
2018-08-20,2018-08-27,2,housewares,South,23.853583488258472,6.145937227637986,ridge,
2018-08-20,2018-09-03,3,housewares,South,25.217038092086646,6.145937227637986,ridge,
2018-08-20,2018-09-10,4,housewares,South,26.739419789417475,6.145937227637986,ridge,
2018-08-20,2018-08-20,1,housewares,Southeast,127.40561619188222,19.599437719021033,ridge,84.0
2018-08-20,2018-08-27,2,housewares,Southeast,115.59919720776044,19.599437719021033,ridge,
2018-08-20,2018-09-03,3,housewares,Southeast,112.9123540890998,19.599437719021033,ridge,
2018-08-20,2018-09-10,4,housewares,Southeast,115.49737599856095,19.599437719021033,ridge,
2018-08-20,2018-08-20,1,sports_leisure,Central-West,9.054495190435176,3.8624981037889805,ridge,3.0
2018-08-20,2018-08-27,2,sports_leisure,Central-West,9.557025841811322,3.8624981037889805,ridge,
2018-08-20,2018-09-03,3,sports_leisure,Central-West,10.24280890160112,3.8624981037889805,ridge,
2018-08-20,2018-09-10,4,sports_leisure,Central-West,10.968903966073178,3.8624981037889805,ridge,
2018-08-20,2018-08-20,1,sports_leisure,North,2.72566777781819,2.066982587861186,ridge,0.0
2018-08-20,2018-08-27,2,sports_leisure,North,3.946818792667832,2.066982587861186,ridge,
2018-08-20,2018-09-03,3,sports_leisure,North,5.0150937689885735,2.066982587861186,ridge,
2018-08-20,2018-09-10,4,sports_leisure,North,5.747370895147897,2.066982587861186,ridge,
2018-08-20,2018-08-20,1,sports_leisure,Northeast,9.545320802675894,4.141578951523943,ridge,2.0
2018-08-20,2018-08-27,2,sports_leisure,Northeast,11.213352003232167,4.141578951523943,ridge,
2018-08-20,2018-09-03,3,sports_leisure,Northeast,12.44467318380949,4.141578951523943,ridge,
2018-08-20,2018-09-10,4,sports_leisure,Northeast,13.147705510452223,4.141578951523943,ridge,
2018-08-20,2018-08-20,1,sports_leisure,South,16.700567497739506,6.7426594857381765,ridge,11.0
2018-08-20,2018-08-27,2,sports_leisure,South,17.841377286724434,6.7426594857381765,ridge,
2018-08-20,2018-09-03,3,sports_leisure,South,18.627367431785316,6.7426594857381765,ridge,
2018-08-20,2018-09-10,4,sports_leisure,South,20.39346532707464,6.7426594857381765,ridge,
2018-08-20,2018-08-20,1,sports_leisure,Southeast,98.36221906272075,18.167055261827546,ridge,63.0
2018-08-20,2018-08-27,2,sports_leisure,Southeast,91.05153649428831,18.167055261827546,ridge,
2018-08-20,2018-09-03,3,sports_leisure,Southeast,89.60893413462576,18.167055261827546,ridge,
2018-08-20,2018-09-10,4,sports_leisure,Southeast,90.7073564471805,18.167055261827546,ridge,
2018-08-20,2018-08-20,1,telephony,Central-West,4.530066685391328,3.1959558161930235,ridge,3.0
2018-08-20,2018-08-27,2,telephony,Central-West,4.753365255662101,3.1959558161930235,ridge,
2018-08-20,2018-09-03,3,telephony,Central-West,5.308643085553909,3.1959558161930235,ridge,
2018-08-20,2018-09-10,4,telephony,Central-West,6.020163948714651,3.1959558161930235,ridge,
2018-08-20,2018-08-20,1,telephony,North,0.7022422732614872,2.068455401793749,ridge,0.0
2018-08-20,2018-08-27,2,telephony,North,1.0257346384232555,2.068455401793749,ridge,
2018-08-20,2018-09-03,3,telephony,North,1.3514360571907398,2.068455401793749,ridge,
2018-08-20,2018-09-10,4,telephony,North,1.6734935643363782,2.068455401793749,ridge,
2018-08-20,2018-08-20,1,telephony,Northeast,8.308815880445932,5.024738935665229,ridge,1.0
2018-08-20,2018-08-27,2,telephony,Northeast,9.179073941148289,5.024738935665229,ridge,
2018-08-20,2018-09-03,3,telephony,Northeast,10.085926959348459,5.024738935665229,ridge,
2018-08-20,2018-09-10,4,telephony,Northeast,11.534182677965688,5.024738935665229,ridge,
2018-08-20,2018-08-20,1,telephony,South,11.856839433277223,5.052912861909299,ridge,3.0
2018-08-20,2018-08-27,2,telephony,South,12.299562233732535,5.052912861909299,ridge,
2018-08-20,2018-09-03,3,telephony,South,12.35990901441189,5.052912861909299,ridge,
2018-08-20,2018-09-10,4,telephony,South,13.702329030841513,5.052912861909299,ridge,
2018-08-20,2018-08-20,1,telephony,Southeast,42.76073693632989,11.602276765658782,ridge,28.0
2018-08-20,2018-08-27,2,telephony,Southeast,43.206141827133656,11.602276765658782,ridge,
2018-08-20,2018-09-03,3,telephony,Southeast,46.6135563408659,11.602276765658782,ridge,
2018-08-20,2018-09-10,4,telephony,Southeast,50.18103781338246,11.602276765658782,ridge,
2018-08-20,2018-08-20,1,watches_gifts,Central-West,8.253364031257249,2.676572252714352,ridge,2.0
2018-08-20,2018-08-27,2,watches_gifts,Central-West,8.905576933046172,2.676572252714352,ridge,
2018-08-20,2018-09-03,3,watches_gifts,Central-West,9.587634926449226,2.676572252714352,ridge,
2018-08-20,2018-09-10,4,watches_gifts,Central-West,10.187599789644338,2.676572252714352,ridge,
2018-08-20,2018-08-20,1,watches_gifts,North,2.2908009015920268,1.6918839678201614,ridge,0.0
2018-08-20,2018-08-27,2,watches_gifts,North,3.3959937987256605,1.6918839678201614,ridge,
2018-08-20,2018-09-03,3,watches_gifts,North,4.074780542910679,1.6918839678201614,ridge,
2018-08-20,2018-09-10,4,watches_gifts,North,4.723532182443176,1.6918839678201614,ridge,
2018-08-20,2018-08-20,1,watches_gifts,Northeast,16.013884953574458,4.913907256319879,ridge,3.0
2018-08-20,2018-08-27,2,watches_gifts,Northeast,17.461497850711478,4.913907256319879,ridge,
2018-08-20,2018-09-03,3,watches_gifts,Northeast,18.781676672181508,4.913907256319879,ridge,
2018-08-20,2018-09-10,4,watches_gifts,Northeast,19.290981316267462,4.913907256319879,ridge,
2018-08-20,2018-08-20,1,watches_gifts,South,14.504061033654011,4.718546974606478,ridge,8.0
2018-08-20,2018-08-27,2,watches_gifts,South,15.589199139945515,4.718546974606478,ridge,
2018-08-20,2018-09-03,3,watches_gifts,South,16.59137085669208,4.718546974606478,ridge,
2018-08-20,2018-09-10,4,watches_gifts,South,17.23856253690389,4.718546974606478,ridge,
2018-08-20,2018-08-20,1,watches_gifts,Southeast,79.53808170883568,17.20909994237477,ridge,48.0
2018-08-20,2018-08-27,2,watches_gifts,Southeast,79.39110703006585,17.20909994237477,ridge,
2018-08-20,2018-09-03,3,watches_gifts,Southeast,82.22119367633596,17.20909994237477,ridge,
2018-08-20,2018-09-10,4,watches_gifts,Southeast,83.73471277625171,17.20909994237477,ridge,
