scenario,policy,origin_week,target_week,horizon,category,region,planned_shortage
base,last_week,2018-05-28,2018-05-28,1,auto,Central-West,0.0
base,last_week,2018-05-28,2018-06-04,2,auto,Central-West,0.0
base,last_week,2018-05-28,2018-06-11,3,auto,Central-West,0.0
base,last_week,2018-05-28,2018-06-18,4,auto,Central-West,0.0
base,last_week,2018-05-28,2018-05-28,1,auto,North,0.0
base,last_week,2018-05-28,2018-06-04,2,auto,North,0.0
base,last_week,2018-05-28,2018-06-11,3,auto,North,0.0
base,last_week,2018-05-28,2018-06-18,4,auto,North,0.0
base,last_week,2018-05-28,2018-05-28,1,auto,Northeast,0.0
base,last_week,2018-05-28,2018-06-04,2,auto,Northeast,0.0
base,last_week,2018-05-28,2018-06-11,3,auto,Northeast,0.0
base,last_week,2018-05-28,2018-06-18,4,auto,Northeast,0.0
base,last_week,2018-05-28,2018-05-28,1,auto,South,0.0
base,last_week,2018-05-28,2018-06-04,2,auto,South,0.0
base,last_week,2018-05-28,2018-06-11,3,auto,South,0.0
base,last_week,2018-05-28,2018-06-18,4,auto,South,0.0
base,last_week,2018-05-28,2018-05-28,1,auto,Southeast,0.0
base,last_week,2018-05-28,2018-06-04,2,auto,Southeast,0.0
base,last_week,2018-05-28,2018-06-11,3,auto,Southeast,0.0
base,last_week,2018-05-28,2018-06-18,4,auto,Southeast,0.0
base,last_week,2018-05-28,2018-05-28,1,bed_bath_table,Central-West,0.0
base,last_week,2018-05-28,2018-06-04,2,bed_bath_table,Central-West,0.0
base,last_week,2018-05-28,2018-06-11,3,bed_bath_table,Central-West,0.0
base,last_week,2018-05-28,2018-06-18,4,bed_bath_table,Central-West,0.0
base,last_week,2018-05-28,2018-05-28,1,bed_bath_table,North,0.0
base,last_week,2018-05-28,2018-06-04,2,bed_bath_table,North,0.0
base,last_week,2018-05-28,2018-06-11,3,bed_bath_table,North,0.0
base,last_week,2018-05-28,2018-06-18,4,bed_bath_table,North,0.0
base,last_week,2018-05-28,2018-05-28,1,bed_bath_table,Northeast,0.0
base,last_week,2018-05-28,2018-06-04,2,bed_bath_table,Northeast,0.0
base,last_week,2018-05-28,2018-06-11,3,bed_bath_table,Northeast,0.0
base,last_week,2018-05-28,2018-06-18,4,bed_bath_table,Northeast,0.0
base,last_week,2018-05-28,2018-05-28,1,bed_bath_table,South,0.0
base,last_week,2018-05-28,2018-06-04,2,bed_bath_table,South,0.0
base,last_week,2018-05-28,2018-06-11,3,bed_bath_table,South,0.0
base,last_week,2018-05-28,2018-06-18,4,bed_bath_table,South,0.0
base,last_week,2018-05-28,2018-05-28,1,bed_bath_table,Southeast,0.0
base,last_week,2018-05-28,2018-06-04,2,bed_bath_table,Southeast,0.0
base,last_week,2018-05-28,2018-06-11,3,bed_bath_table,Southeast,0.0
base,last_week,2018-05-28,2018-06-18,4,bed_bath_table,Southeast,0.0
base,last_week,2018-05-28,2018-05-28,1,computers_accessories,Central-West,0.0
base,last_week,2018-05-28,2018-06-04,2,computers_accessories,Central-West,0.0
base,last_week,2018-05-28,2018-06-11,3,computers_accessories,Central-West,0.0
base,last_week,2018-05-28,2018-06-18,4,computers_accessories,Central-West,0.0
base,last_week,2018-05-28,2018-05-28,1,computers_accessories,North,0.0
base,last_week,2018-05-28,2018-06-04,2,computers_accessories,North,0.0
base,last_week,2018-05-28,2018-06-11,3,computers_accessories,North,0.0
base,last_week,2018-05-28,2018-06-18,4,computers_accessories,North,0.0
base,last_week,2018-05-28,2018-05-28,1,computers_accessories,Northeast,0.0
base,last_week,2018-05-28,2018-06-04,2,computers_accessories,Northeast,0.0
base,last_week,2018-05-28,2018-06-11,3,computers_accessories,Northeast,0.0
base,last_week,2018-05-28,2018-06-18,4,computers_accessories,Northeast,0.0
base,last_week,2018-05-28,2018-05-28,1,computers_accessories,South,0.0
base,last_week,2018-05-28,2018-06-04,2,computers_accessories,South,0.0
base,last_week,2018-05-28,2018-06-11,3,computers_accessories,South,0.0
base,last_week,2018-05-28,2018-06-18,4,computers_accessories,South,0.0
base,last_week,2018-05-28,2018-05-28,1,computers_accessories,Southeast,0.0
base,last_week,2018-05-28,2018-06-04,2,computers_accessories,Southeast,0.0
base,last_week,2018-05-28,2018-06-11,3,computers_accessories,Southeast,0.0
base,last_week,2018-05-28,2018-06-18,4,computers_accessories,Southeast,0.0
base,last_week,2018-05-28,2018-05-28,1,furniture_decor,Central-West,0.0
base,last_week,2018-05-28,2018-06-04,2,furniture_decor,Central-West,0.0
base,last_week,2018-05-28,2018-06-11,3,furniture_decor,Central-West,0.0
base,last_week,2018-05-28,2018-06-18,4,furniture_decor,Central-West,0.0
base,last_week,2018-05-28,2018-05-28,1,furniture_decor,North,0.0
base,last_week,2018-05-28,2018-06-04,2,furniture_decor,North,0.0
base,last_week,2018-05-28,2018-06-11,3,furniture_decor,North,0.0
base,last_week,2018-05-28,2018-06-18,4,furniture_decor,North,0.0
base,last_week,2018-05-28,2018-05-28,1,furniture_decor,Northeast,0.0
base,last_week,2018-05-28,2018-06-04,2,furniture_decor,Northeast,0.0
base,last_week,2018-05-28,2018-06-11,3,furniture_decor,Northeast,0.0
base,last_week,2018-05-28,2018-06-18,4,furniture_decor,Northeast,0.0
base,last_week,2018-05-28,2018-05-28,1,furniture_decor,South,0.0
base,last_week,2018-05-28,2018-06-04,2,furniture_decor,South,0.0
base,last_week,2018-05-28,2018-06-11,3,furniture_decor,South,0.0
base,last_week,2018-05-28,2018-06-18,4,furniture_decor,South,0.0
base,last_week,2018-05-28,2018-05-28,1,furniture_decor,Southeast,0.0
base,last_week,2018-05-28,2018-06-04,2,furniture_decor,Southeast,0.0
base,last_week,2018-05-28,2018-06-11,3,furniture_decor,Southeast,0.0
base,last_week,2018-05-28,2018-06-18,4,furniture_decor,Southeast,0.0
base,last_week,2018-05-28,2018-05-28,1,garden_tools,Central-West,0.0
base,last_week,2018-05-28,2018-06-04,2,garden_tools,Central-West,0.0
base,last_week,2018-05-28,2018-06-11,3,garden_tools,Central-West,0.0
base,last_week,2018-05-28,2018-06-18,4,garden_tools,Central-West,0.0
base,last_week,2018-05-28,2018-05-28,1,garden_tools,North,0.0
base,last_week,2018-05-28,2018-06-04,2,garden_tools,North,0.0
base,last_week,2018-05-28,2018-06-11,3,garden_tools,North,0.0
base,last_week,2018-05-28,2018-06-18,4,garden_tools,North,0.0
base,last_week,2018-05-28,2018-05-28,1,garden_tools,Northeast,0.0
base,last_week,2018-05-28,2018-06-04,2,garden_tools,Northeast,0.0
base,last_week,2018-05-28,2018-06-11,3,garden_tools,Northeast,0.0
base,last_week,2018-05-28,2018-06-18,4,garden_tools,Northeast,0.0
base,last_week,2018-05-28,2018-05-28,1,garden_tools,South,0.0
base,last_week,2018-05-28,2018-06-04,2,garden_tools,South,0.0
base,last_week,2018-05-28,2018-06-11,3,garden_tools,South,0.0
base,last_week,2018-05-28,2018-06-18,4,garden_tools,South,0.0
base,last_week,2018-05-28,2018-05-28,1,garden_tools,Southeast,0.0
base,last_week,2018-05-28,2018-06-04,2,garden_tools,Southeast,0.0
base,last_week,2018-05-28,2018-06-11,3,garden_tools,Southeast,0.0
base,last_week,2018-05-28,2018-06-18,4,garden_tools,Southeast,0.0
base,last_week,2018-05-28,2018-05-28,1,health_beauty,Central-West,0.0
base,last_week,2018-05-28,2018-06-04,2,health_beauty,Central-West,0.0
base,last_week,2018-05-28,2018-06-11,3,health_beauty,Central-West,0.0
base,last_week,2018-05-28,2018-06-18,4,health_beauty,Central-West,0.0
base,last_week,2018-05-28,2018-05-28,1,health_beauty,North,0.0
base,last_week,2018-05-28,2018-06-04,2,health_beauty,North,0.0
base,last_week,2018-05-28,2018-06-11,3,health_beauty,North,0.0
base,last_week,2018-05-28,2018-06-18,4,health_beauty,North,0.0
base,last_week,2018-05-28,2018-05-28,1,health_beauty,Northeast,0.0
base,last_week,2018-05-28,2018-06-04,2,health_beauty,Northeast,0.0
base,last_week,2018-05-28,2018-06-11,3,health_beauty,Northeast,0.0
base,last_week,2018-05-28,2018-06-18,4,health_beauty,Northeast,0.0
base,last_week,2018-05-28,2018-05-28,1,health_beauty,South,0.0
base,last_week,2018-05-28,2018-06-04,2,health_beauty,South,0.0
base,last_week,2018-05-28,2018-06-11,3,health_beauty,South,0.0
base,last_week,2018-05-28,2018-06-18,4,health_beauty,South,0.0
base,last_week,2018-05-28,2018-05-28,1,health_beauty,Southeast,0.0
base,last_week,2018-05-28,2018-06-04,2,health_beauty,Southeast,0.0
base,last_week,2018-05-28,2018-06-11,3,health_beauty,Southeast,0.0
base,last_week,2018-05-28,2018-06-18,4,health_beauty,Southeast,0.0
base,last_week,2018-05-28,2018-05-28,1,housewares,Central-West,0.0
base,last_week,2018-05-28,2018-06-04,2,housewares,Central-West,0.0
base,last_week,2018-05-28,2018-06-11,3,housewares,Central-West,0.0
base,last_week,2018-05-28,2018-06-18,4,housewares,Central-West,0.0
base,last_week,2018-05-28,2018-05-28,1,housewares,North,0.0
base,last_week,2018-05-28,2018-06-04,2,housewares,North,0.0
base,last_week,2018-05-28,2018-06-11,3,housewares,North,0.0
base,last_week,2018-05-28,2018-06-18,4,housewares,North,0.0
base,last_week,2018-05-28,2018-05-28,1,housewares,Northeast,0.0
base,last_week,2018-05-28,2018-06-04,2,housewares,Northeast,0.0
base,last_week,2018-05-28,2018-06-11,3,housewares,Northeast,0.0
base,last_week,2018-05-28,2018-06-18,4,housewares,Northeast,0.0
base,last_week,2018-05-28,2018-05-28,1,housewares,South,0.0
base,last_week,2018-05-28,2018-06-04,2,housewares,South,0.0
base,last_week,2018-05-28,2018-06-11,3,housewares,South,0.0
base,last_week,2018-05-28,2018-06-18,4,housewares,South,0.0
base,last_week,2018-05-28,2018-05-28,1,housewares,Southeast,0.0
base,last_week,2018-05-28,2018-06-04,2,housewares,Southeast,0.0
base,last_week,2018-05-28,2018-06-11,3,housewares,Southeast,0.0
base,last_week,2018-05-28,2018-06-18,4,housewares,Southeast,0.0
base,last_week,2018-05-28,2018-05-28,1,sports_leisure,Central-West,0.0
base,last_week,2018-05-28,2018-06-04,2,sports_leisure,Central-West,0.0
base,last_week,2018-05-28,2018-06-11,3,sports_leisure,Central-West,0.0
base,last_week,2018-05-28,2018-06-18,4,sports_leisure,Central-West,0.0
base,last_week,2018-05-28,2018-05-28,1,sports_leisure,North,0.0
base,last_week,2018-05-28,2018-06-04,2,sports_leisure,North,0.0
base,last_week,2018-05-28,2018-06-11,3,sports_leisure,North,0.0
base,last_week,2018-05-28,2018-06-18,4,sports_leisure,North,0.0
base,last_week,2018-05-28,2018-05-28,1,sports_leisure,Northeast,0.0
base,last_week,2018-05-28,2018-06-04,2,sports_leisure,Northeast,0.0
base,last_week,2018-05-28,2018-06-11,3,sports_leisure,Northeast,0.0
base,last_week,2018-05-28,2018-06-18,4,sports_leisure,Northeast,0.0
base,last_week,2018-05-28,2018-05-28,1,sports_leisure,South,0.0
base,last_week,2018-05-28,2018-06-04,2,sports_leisure,South,0.0
base,last_week,2018-05-28,2018-06-11,3,sports_leisure,South,0.0
base,last_week,2018-05-28,2018-06-18,4,sports_leisure,South,0.0
base,last_week,2018-05-28,2018-05-28,1,sports_leisure,Southeast,0.0
base,last_week,2018-05-28,2018-06-04,2,sports_leisure,Southeast,0.0
base,last_week,2018-05-28,2018-06-11,3,sports_leisure,Southeast,0.0
base,last_week,2018-05-28,2018-06-18,4,sports_leisure,Southeast,0.0
base,last_week,2018-05-28,2018-05-28,1,telephony,Central-West,0.0
base,last_week,2018-05-28,2018-06-04,2,telephony,Central-West,0.0
base,last_week,2018-05-28,2018-06-11,3,telephony,Central-West,0.0
base,last_week,2018-05-28,2018-06-18,4,telephony,Central-West,0.0
base,last_week,2018-05-28,2018-05-28,1,telephony,North,0.0
base,last_week,2018-05-28,2018-06-04,2,telephony,North,0.0
base,last_week,2018-05-28,2018-06-11,3,telephony,North,0.0
base,last_week,2018-05-28,2018-06-18,4,telephony,North,0.0
base,last_week,2018-05-28,2018-05-28,1,telephony,Northeast,0.0
base,last_week,2018-05-28,2018-06-04,2,telephony,Northeast,0.0
base,last_week,2018-05-28,2018-06-11,3,telephony,Northeast,0.0
base,last_week,2018-05-28,2018-06-18,4,telephony,Northeast,0.0
base,last_week,2018-05-28,2018-05-28,1,telephony,South,0.0
base,last_week,2018-05-28,2018-06-04,2,telephony,South,0.0
base,last_week,2018-05-28,2018-06-11,3,telephony,South,0.0
base,last_week,2018-05-28,2018-06-18,4,telephony,South,0.0
base,last_week,2018-05-28,2018-05-28,1,telephony,Southeast,0.0
base,last_week,2018-05-28,2018-06-04,2,telephony,Southeast,0.0
base,last_week,2018-05-28,2018-06-11,3,telephony,Southeast,0.0
base,last_week,2018-05-28,2018-06-18,4,telephony,Southeast,0.0
base,last_week,2018-05-28,2018-05-28,1,watches_gifts,Central-West,0.0
base,last_week,2018-05-28,2018-06-04,2,watches_gifts,Central-West,0.0
base,last_week,2018-05-28,2018-06-11,3,watches_gifts,Central-West,0.0
base,last_week,2018-05-28,2018-06-18,4,watches_gifts,Central-West,0.0
base,last_week,2018-05-28,2018-05-28,1,watches_gifts,North,0.0
base,last_week,2018-05-28,2018-06-04,2,watches_gifts,North,0.0
base,last_week,2018-05-28,2018-06-11,3,watches_gifts,North,0.0
base,last_week,2018-05-28,2018-06-18,4,watches_gifts,North,0.0
base,last_week,2018-05-28,2018-05-28,1,watches_gifts,Northeast,0.0
base,last_week,2018-05-28,2018-06-04,2,watches_gifts,Northeast,0.0
base,last_week,2018-05-28,2018-06-11,3,watches_gifts,Northeast,0.0
base,last_week,2018-05-28,2018-06-18,4,watches_gifts,Northeast,0.0
base,last_week,2018-05-28,2018-05-28,1,watches_gifts,South,0.0
base,last_week,2018-05-28,2018-06-04,2,watches_gifts,South,0.0
base,last_week,2018-05-28,2018-06-11,3,watches_gifts,South,0.0
base,last_week,2018-05-28,2018-06-18,4,watches_gifts,South,0.0
base,last_week,2018-05-28,2018-05-28,1,watches_gifts,Southeast,0.0
base,last_week,2018-05-28,2018-06-04,2,watches_gifts,Southeast,0.0
base,last_week,2018-05-28,2018-06-11,3,watches_gifts,Southeast,0.0
base,last_week,2018-05-28,2018-06-18,4,watches_gifts,Southeast,0.0
base,last_week,2018-06-04,2018-06-04,1,auto,Central-West,0.0
base,last_week,2018-06-04,2018-06-11,2,auto,Central-West,0.0
base,last_week,2018-06-04,2018-06-18,3,auto,Central-West,0.0
base,last_week,2018-06-04,2018-06-25,4,auto,Central-West,0.0
base,last_week,2018-06-04,2018-06-04,1,auto,North,0.0
base,last_week,2018-06-04,2018-06-11,2,auto,North,0.0
base,last_week,2018-06-04,2018-06-18,3,auto,North,0.0
base,last_week,2018-06-04,2018-06-25,4,auto,North,0.0
base,last_week,2018-06-04,2018-06-04,1,auto,Northeast,0.0
base,last_week,2018-06-04,2018-06-11,2,auto,Northeast,0.0
base,last_week,2018-06-04,2018-06-18,3,auto,Northeast,0.0
base,last_week,2018-06-04,2018-06-25,4,auto,Northeast,0.0
base,last_week,2018-06-04,2018-06-04,1,auto,South,0.0
base,last_week,2018-06-04,2018-06-11,2,auto,South,0.0
base,last_week,2018-06-04,2018-06-18,3,auto,South,0.0
base,last_week,2018-06-04,2018-06-25,4,auto,South,0.0
base,last_week,2018-06-04,2018-06-04,1,auto,Southeast,0.0
base,last_week,2018-06-04,2018-06-11,2,auto,Southeast,0.0
base,last_week,2018-06-04,2018-06-18,3,auto,Southeast,0.0
base,last_week,2018-06-04,2018-06-25,4,auto,Southeast,0.0
base,last_week,2018-06-04,2018-06-04,1,bed_bath_table,Central-West,0.0
base,last_week,2018-06-04,2018-06-11,2,bed_bath_table,Central-West,0.0
base,last_week,2018-06-04,2018-06-18,3,bed_bath_table,Central-West,0.0
base,last_week,2018-06-04,2018-06-25,4,bed_bath_table,Central-West,0.0
base,last_week,2018-06-04,2018-06-04,1,bed_bath_table,North,0.0
base,last_week,2018-06-04,2018-06-11,2,bed_bath_table,North,0.0
base,last_week,2018-06-04,2018-06-18,3,bed_bath_table,North,0.0
base,last_week,2018-06-04,2018-06-25,4,bed_bath_table,North,0.0
base,last_week,2018-06-04,2018-06-04,1,bed_bath_table,Northeast,0.0
base,last_week,2018-06-04,2018-06-11,2,bed_bath_table,Northeast,0.0
base,last_week,2018-06-04,2018-06-18,3,bed_bath_table,Northeast,0.0
base,last_week,2018-06-04,2018-06-25,4,bed_bath_table,Northeast,0.0
base,last_week,2018-06-04,2018-06-04,1,bed_bath_table,South,0.0
base,last_week,2018-06-04,2018-06-11,2,bed_bath_table,South,0.0
base,last_week,2018-06-04,2018-06-18,3,bed_bath_table,South,0.0
base,last_week,2018-06-04,2018-06-25,4,bed_bath_table,South,0.0
base,last_week,2018-06-04,2018-06-04,1,bed_bath_table,Southeast,0.0
base,last_week,2018-06-04,2018-06-11,2,bed_bath_table,Southeast,0.0
base,last_week,2018-06-04,2018-06-18,3,bed_bath_table,Southeast,0.0
base,last_week,2018-06-04,2018-06-25,4,bed_bath_table,Southeast,0.0
base,last_week,2018-06-04,2018-06-04,1,computers_accessories,Central-West,0.0
base,last_week,2018-06-04,2018-06-11,2,computers_accessories,Central-West,0.0
base,last_week,2018-06-04,2018-06-18,3,computers_accessories,Central-West,0.0
base,last_week,2018-06-04,2018-06-25,4,computers_accessories,Central-West,0.0
base,last_week,2018-06-04,2018-06-04,1,computers_accessories,North,0.0
base,last_week,2018-06-04,2018-06-11,2,computers_accessories,North,0.0
base,last_week,2018-06-04,2018-06-18,3,computers_accessories,North,0.0
base,last_week,2018-06-04,2018-06-25,4,computers_accessories,North,0.0
base,last_week,2018-06-04,2018-06-04,1,computers_accessories,Northeast,0.0
base,last_week,2018-06-04,2018-06-11,2,computers_accessories,Northeast,0.0
base,last_week,2018-06-04,2018-06-18,3,computers_accessories,Northeast,0.0
base,last_week,2018-06-04,2018-06-25,4,computers_accessories,Northeast,0.0
base,last_week,2018-06-04,2018-06-04,1,computers_accessories,South,0.0
base,last_week,2018-06-04,2018-06-11,2,computers_accessories,South,0.0
base,last_week,2018-06-04,2018-06-18,3,computers_accessories,South,0.0
base,last_week,2018-06-04,2018-06-25,4,computers_accessories,South,0.0
base,last_week,2018-06-04,2018-06-04,1,computers_accessories,Southeast,0.0
base,last_week,2018-06-04,2018-06-11,2,computers_accessories,Southeast,0.0
base,last_week,2018-06-04,2018-06-18,3,computers_accessories,Southeast,0.0
base,last_week,2018-06-04,2018-06-25,4,computers_accessories,Southeast,0.0
base,last_week,2018-06-04,2018-06-04,1,furniture_decor,Central-West,0.0
base,last_week,2018-06-04,2018-06-11,2,furniture_decor,Central-West,0.0
base,last_week,2018-06-04,2018-06-18,3,furniture_decor,Central-West,0.0
base,last_week,2018-06-04,2018-06-25,4,furniture_decor,Central-West,0.0
base,last_week,2018-06-04,2018-06-04,1,furniture_decor,North,0.0
base,last_week,2018-06-04,2018-06-11,2,furniture_decor,North,0.0
base,last_week,2018-06-04,2018-06-18,3,furniture_decor,North,0.0
base,last_week,2018-06-04,2018-06-25,4,furniture_decor,North,0.0
base,last_week,2018-06-04,2018-06-04,1,furniture_decor,Northeast,0.0
base,last_week,2018-06-04,2018-06-11,2,furniture_decor,Northeast,0.0
base,last_week,2018-06-04,2018-06-18,3,furniture_decor,Northeast,0.0
base,last_week,2018-06-04,2018-06-25,4,furniture_decor,Northeast,0.0
base,last_week,2018-06-04,2018-06-04,1,furniture_decor,South,0.0
base,last_week,2018-06-04,2018-06-11,2,furniture_decor,South,0.0
base,last_week,2018-06-04,2018-06-18,3,furniture_decor,South,0.0
base,last_week,2018-06-04,2018-06-25,4,furniture_decor,South,0.0
base,last_week,2018-06-04,2018-06-04,1,furniture_decor,Southeast,0.0
base,last_week,2018-06-04,2018-06-11,2,furniture_decor,Southeast,0.0
base,last_week,2018-06-04,2018-06-18,3,furniture_decor,Southeast,0.0
base,last_week,2018-06-04,2018-06-25,4,furniture_decor,Southeast,0.0
base,last_week,2018-06-04,2018-06-04,1,garden_tools,Central-West,0.0
base,last_week,2018-06-04,2018-06-11,2,garden_tools,Central-West,0.0
base,last_week,2018-06-04,2018-06-18,3,garden_tools,Central-West,0.0
base,last_week,2018-06-04,2018-06-25,4,garden_tools,Central-West,0.0
base,last_week,2018-06-04,2018-06-04,1,garden_tools,North,0.0
base,last_week,2018-06-04,2018-06-11,2,garden_tools,North,0.0
base,last_week,2018-06-04,2018-06-18,3,garden_tools,North,0.0
base,last_week,2018-06-04,2018-06-25,4,garden_tools,North,0.0
base,last_week,2018-06-04,2018-06-04,1,garden_tools,Northeast,0.0
base,last_week,2018-06-04,2018-06-11,2,garden_tools,Northeast,0.0
base,last_week,2018-06-04,2018-06-18,3,garden_tools,Northeast,0.0
base,last_week,2018-06-04,2018-06-25,4,garden_tools,Northeast,0.0
base,last_week,2018-06-04,2018-06-04,1,garden_tools,South,0.0
base,last_week,2018-06-04,2018-06-11,2,garden_tools,South,0.0
base,last_week,2018-06-04,2018-06-18,3,garden_tools,South,0.0
base,last_week,2018-06-04,2018-06-25,4,garden_tools,South,0.0
base,last_week,2018-06-04,2018-06-04,1,garden_tools,Southeast,0.0
base,last_week,2018-06-04,2018-06-11,2,garden_tools,Southeast,0.0
base,last_week,2018-06-04,2018-06-18,3,garden_tools,Southeast,0.0
base,last_week,2018-06-04,2018-06-25,4,garden_tools,Southeast,0.0
base,last_week,2018-06-04,2018-06-04,1,health_beauty,Central-West,0.0
base,last_week,2018-06-04,2018-06-11,2,health_beauty,Central-West,0.0
base,last_week,2018-06-04,2018-06-18,3,health_beauty,Central-West,0.0
base,last_week,2018-06-04,2018-06-25,4,health_beauty,Central-West,0.0
base,last_week,2018-06-04,2018-06-04,1,health_beauty,North,0.0
base,last_week,2018-06-04,2018-06-11,2,health_beauty,North,0.0
base,last_week,2018-06-04,2018-06-18,3,health_beauty,North,0.0
base,last_week,2018-06-04,2018-06-25,4,health_beauty,North,0.0
base,last_week,2018-06-04,2018-06-04,1,health_beauty,Northeast,0.0
base,last_week,2018-06-04,2018-06-11,2,health_beauty,Northeast,0.0
base,last_week,2018-06-04,2018-06-18,3,health_beauty,Northeast,0.0
base,last_week,2018-06-04,2018-06-25,4,health_beauty,Northeast,0.0
base,last_week,2018-06-04,2018-06-04,1,health_beauty,South,0.0
base,last_week,2018-06-04,2018-06-11,2,health_beauty,South,0.0
base,last_week,2018-06-04,2018-06-18,3,health_beauty,South,0.0
base,last_week,2018-06-04,2018-06-25,4,health_beauty,South,0.0
base,last_week,2018-06-04,2018-06-04,1,health_beauty,Southeast,0.0
base,last_week,2018-06-04,2018-06-11,2,health_beauty,Southeast,0.0
base,last_week,2018-06-04,2018-06-18,3,health_beauty,Southeast,0.0
base,last_week,2018-06-04,2018-06-25,4,health_beauty,Southeast,0.0
base,last_week,2018-06-04,2018-06-04,1,housewares,Central-West,0.0
base,last_week,2018-06-04,2018-06-11,2,housewares,Central-West,0.0
base,last_week,2018-06-04,2018-06-18,3,housewares,Central-West,0.0
base,last_week,2018-06-04,2018-06-25,4,housewares,Central-West,0.0
base,last_week,2018-06-04,2018-06-04,1,housewares,North,2.0
base,last_week,2018-06-04,2018-06-11,2,housewares,North,0.0
base,last_week,2018-06-04,2018-06-18,3,housewares,North,0.0
base,last_week,2018-06-04,2018-06-25,4,housewares,North,0.0
base,last_week,2018-06-04,2018-06-04,1,housewares,Northeast,2.0
base,last_week,2018-06-04,2018-06-11,2,housewares,Northeast,0.0
base,last_week,2018-06-04,2018-06-18,3,housewares,Northeast,0.0
base,last_week,2018-06-04,2018-06-25,4,housewares,Northeast,0.0
base,last_week,2018-06-04,2018-06-04,1,housewares,South,0.0
base,last_week,2018-06-04,2018-06-11,2,housewares,South,0.0
base,last_week,2018-06-04,2018-06-18,3,housewares,South,0.0
base,last_week,2018-06-04,2018-06-25,4,housewares,South,0.0
base,last_week,2018-06-04,2018-06-04,1,housewares,Southeast,51.0
base,last_week,2018-06-04,2018-06-11,2,housewares,Southeast,0.0
base,last_week,2018-06-04,2018-06-18,3,housewares,Southeast,0.0
base,last_week,2018-06-04,2018-06-25,4,housewares,Southeast,0.0
base,last_week,2018-06-04,2018-06-04,1,sports_leisure,Central-West,0.0
base,last_week,2018-06-04,2018-06-11,2,sports_leisure,Central-West,0.0
base,last_week,2018-06-04,2018-06-18,3,sports_leisure,Central-West,0.0
base,last_week,2018-06-04,2018-06-25,4,sports_leisure,Central-West,0.0
base,last_week,2018-06-04,2018-06-04,1,sports_leisure,North,0.0
base,last_week,2018-06-04,2018-06-11,2,sports_leisure,North,0.0
base,last_week,2018-06-04,2018-06-18,3,sports_leisure,North,0.0
base,last_week,2018-06-04,2018-06-25,4,sports_leisure,North,0.0
base,last_week,2018-06-04,2018-06-04,1,sports_leisure,Northeast,0.0
base,last_week,2018-06-04,2018-06-11,2,sports_leisure,Northeast,0.0
base,last_week,2018-06-04,2018-06-18,3,sports_leisure,Northeast,0.0
base,last_week,2018-06-04,2018-06-25,4,sports_leisure,Northeast,0.0
base,last_week,2018-06-04,2018-06-04,1,sports_leisure,South,0.0
base,last_week,2018-06-04,2018-06-11,2,sports_leisure,South,0.0
base,last_week,2018-06-04,2018-06-18,3,sports_leisure,South,0.0
base,last_week,2018-06-04,2018-06-25,4,sports_leisure,South,0.0
base,last_week,2018-06-04,2018-06-04,1,sports_leisure,Southeast,0.0
base,last_week,2018-06-04,2018-06-11,2,sports_leisure,Southeast,0.0
base,last_week,2018-06-04,2018-06-18,3,sports_leisure,Southeast,0.0
base,last_week,2018-06-04,2018-06-25,4,sports_leisure,Southeast,0.0
base,last_week,2018-06-04,2018-06-04,1,telephony,Central-West,0.0
base,last_week,2018-06-04,2018-06-11,2,telephony,Central-West,0.0
base,last_week,2018-06-04,2018-06-18,3,telephony,Central-West,0.0
base,last_week,2018-06-04,2018-06-25,4,telephony,Central-West,0.0
base,last_week,2018-06-04,2018-06-04,1,telephony,North,0.0
base,last_week,2018-06-04,2018-06-11,2,telephony,North,0.0
base,last_week,2018-06-04,2018-06-18,3,telephony,North,0.0
base,last_week,2018-06-04,2018-06-25,4,telephony,North,0.0
base,last_week,2018-06-04,2018-06-04,1,telephony,Northeast,0.0
base,last_week,2018-06-04,2018-06-11,2,telephony,Northeast,0.0
base,last_week,2018-06-04,2018-06-18,3,telephony,Northeast,0.0
base,last_week,2018-06-04,2018-06-25,4,telephony,Northeast,0.0
base,last_week,2018-06-04,2018-06-04,1,telephony,South,0.0
base,last_week,2018-06-04,2018-06-11,2,telephony,South,0.0
base,last_week,2018-06-04,2018-06-18,3,telephony,South,0.0
base,last_week,2018-06-04,2018-06-25,4,telephony,South,0.0
base,last_week,2018-06-04,2018-06-04,1,telephony,Southeast,0.0
base,last_week,2018-06-04,2018-06-11,2,telephony,Southeast,0.0
base,last_week,2018-06-04,2018-06-18,3,telephony,Southeast,0.0
base,last_week,2018-06-04,2018-06-25,4,telephony,Southeast,0.0
base,last_week,2018-06-04,2018-06-04,1,watches_gifts,Central-West,7.0
base,last_week,2018-06-04,2018-06-11,2,watches_gifts,Central-West,0.0
base,last_week,2018-06-04,2018-06-18,3,watches_gifts,Central-West,0.0
base,last_week,2018-06-04,2018-06-25,4,watches_gifts,Central-West,0.0
base,last_week,2018-06-04,2018-06-04,1,watches_gifts,North,0.0
base,last_week,2018-06-04,2018-06-11,2,watches_gifts,North,0.0
base,last_week,2018-06-04,2018-06-18,3,watches_gifts,North,0.0
base,last_week,2018-06-04,2018-06-25,4,watches_gifts,North,0.0
base,last_week,2018-06-04,2018-06-04,1,watches_gifts,Northeast,10.0
base,last_week,2018-06-04,2018-06-11,2,watches_gifts,Northeast,0.0
base,last_week,2018-06-04,2018-06-18,3,watches_gifts,Northeast,0.0
base,last_week,2018-06-04,2018-06-25,4,watches_gifts,Northeast,0.0
base,last_week,2018-06-04,2018-06-04,1,watches_gifts,South,0.0
base,last_week,2018-06-04,2018-06-11,2,watches_gifts,South,0.0
base,last_week,2018-06-04,2018-06-18,3,watches_gifts,South,0.0
base,last_week,2018-06-04,2018-06-25,4,watches_gifts,South,0.0
base,last_week,2018-06-04,2018-06-04,1,watches_gifts,Southeast,7.0
base,last_week,2018-06-04,2018-06-11,2,watches_gifts,Southeast,0.0
base,last_week,2018-06-04,2018-06-18,3,watches_gifts,Southeast,0.0
base,last_week,2018-06-04,2018-06-25,4,watches_gifts,Southeast,0.0
base,last_week,2018-06-11,2018-06-11,1,auto,Central-West,10.0
base,last_week,2018-06-11,2018-06-18,2,auto,Central-West,0.0
base,last_week,2018-06-11,2018-06-25,3,auto,Central-West,0.0
base,last_week,2018-06-11,2018-07-02,4,auto,Central-West,0.0
base,last_week,2018-06-11,2018-06-11,1,auto,North,4.0
base,last_week,2018-06-11,2018-06-18,2,auto,North,0.0
base,last_week,2018-06-11,2018-06-25,3,auto,North,0.0
base,last_week,2018-06-11,2018-07-02,4,auto,North,0.0
base,last_week,2018-06-11,2018-06-11,1,auto,Northeast,10.0
base,last_week,2018-06-11,2018-06-18,2,auto,Northeast,0.0
base,last_week,2018-06-11,2018-06-25,3,auto,Northeast,0.0
base,last_week,2018-06-11,2018-07-02,4,auto,Northeast,0.0
base,last_week,2018-06-11,2018-06-11,1,auto,South,13.0
base,last_week,2018-06-11,2018-06-18,2,auto,South,0.0
base,last_week,2018-06-11,2018-06-25,3,auto,South,0.0
base,last_week,2018-06-11,2018-07-02,4,auto,South,0.0
base,last_week,2018-06-11,2018-06-11,1,auto,Southeast,15.0
base,last_week,2018-06-11,2018-06-18,2,auto,Southeast,0.0
base,last_week,2018-06-11,2018-06-25,3,auto,Southeast,0.0
base,last_week,2018-06-11,2018-07-02,4,auto,Southeast,0.0
base,last_week,2018-06-11,2018-06-11,1,bed_bath_table,Central-West,9.0
base,last_week,2018-06-11,2018-06-18,2,bed_bath_table,Central-West,0.0
base,last_week,2018-06-11,2018-06-25,3,bed_bath_table,Central-West,0.0
base,last_week,2018-06-11,2018-07-02,4,bed_bath_table,Central-West,0.0
base,last_week,2018-06-11,2018-06-11,1,bed_bath_table,North,1.0
base,last_week,2018-06-11,2018-06-18,2,bed_bath_table,North,0.0
base,last_week,2018-06-11,2018-06-25,3,bed_bath_table,North,0.0
base,last_week,2018-06-11,2018-07-02,4,bed_bath_table,North,0.0
base,last_week,2018-06-11,2018-06-11,1,bed_bath_table,Northeast,9.0
base,last_week,2018-06-11,2018-06-18,2,bed_bath_table,Northeast,0.0
base,last_week,2018-06-11,2018-06-25,3,bed_bath_table,Northeast,0.0
base,last_week,2018-06-11,2018-07-02,4,bed_bath_table,Northeast,0.0
base,last_week,2018-06-11,2018-06-11,1,bed_bath_table,South,23.0
base,last_week,2018-06-11,2018-06-18,2,bed_bath_table,South,0.0
base,last_week,2018-06-11,2018-06-25,3,bed_bath_table,South,0.0
base,last_week,2018-06-11,2018-07-02,4,bed_bath_table,South,0.0
base,last_week,2018-06-11,2018-06-11,1,bed_bath_table,Southeast,53.0
base,last_week,2018-06-11,2018-06-18,2,bed_bath_table,Southeast,0.0
base,last_week,2018-06-11,2018-06-25,3,bed_bath_table,Southeast,0.0
base,last_week,2018-06-11,2018-07-02,4,bed_bath_table,Southeast,0.0
base,last_week,2018-06-11,2018-06-11,1,computers_accessories,Central-West,4.0
base,last_week,2018-06-11,2018-06-18,2,computers_accessories,Central-West,0.0
base,last_week,2018-06-11,2018-06-25,3,computers_accessories,Central-West,0.0
base,last_week,2018-06-11,2018-07-02,4,computers_accessories,Central-West,0.0
base,last_week,2018-06-11,2018-06-11,1,computers_accessories,North,4.0
base,last_week,2018-06-11,2018-06-18,2,computers_accessories,North,0.0
base,last_week,2018-06-11,2018-06-25,3,computers_accessories,North,0.0
base,last_week,2018-06-11,2018-07-02,4,computers_accessories,North,0.0
base,last_week,2018-06-11,2018-06-11,1,computers_accessories,Northeast,19.0
base,last_week,2018-06-11,2018-06-18,2,computers_accessories,Northeast,0.0
base,last_week,2018-06-11,2018-06-25,3,computers_accessories,Northeast,0.0
base,last_week,2018-06-11,2018-07-02,4,computers_accessories,Northeast,0.0
base,last_week,2018-06-11,2018-06-11,1,computers_accessories,South,17.0
base,last_week,2018-06-11,2018-06-18,2,computers_accessories,South,0.0
base,last_week,2018-06-11,2018-06-25,3,computers_accessories,South,0.0
base,last_week,2018-06-11,2018-07-02,4,computers_accessories,South,0.0
base,last_week,2018-06-11,2018-06-11,1,computers_accessories,Southeast,24.0
base,last_week,2018-06-11,2018-06-18,2,computers_accessories,Southeast,0.0
base,last_week,2018-06-11,2018-06-25,3,computers_accessories,Southeast,0.0
base,last_week,2018-06-11,2018-07-02,4,computers_accessories,Southeast,0.0
base,last_week,2018-06-11,2018-06-11,1,furniture_decor,Central-West,0.0
base,last_week,2018-06-11,2018-06-18,2,furniture_decor,Central-West,0.0
base,last_week,2018-06-11,2018-06-25,3,furniture_decor,Central-West,0.0
base,last_week,2018-06-11,2018-07-02,4,furniture_decor,Central-West,0.0
base,last_week,2018-06-11,2018-06-11,1,furniture_decor,North,0.0
base,last_week,2018-06-11,2018-06-18,2,furniture_decor,North,0.0
base,last_week,2018-06-11,2018-06-25,3,furniture_decor,North,0.0
base,last_week,2018-06-11,2018-07-02,4,furniture_decor,North,0.0
base,last_week,2018-06-11,2018-06-11,1,furniture_decor,Northeast,0.0
base,last_week,2018-06-11,2018-06-18,2,furniture_decor,Northeast,0.0
base,last_week,2018-06-11,2018-06-25,3,furniture_decor,Northeast,0.0
base,last_week,2018-06-11,2018-07-02,4,furniture_decor,Northeast,0.0
base,last_week,2018-06-11,2018-06-11,1,furniture_decor,South,0.0
base,last_week,2018-06-11,2018-06-18,2,furniture_decor,South,0.0
base,last_week,2018-06-11,2018-06-25,3,furniture_decor,South,0.0
base,last_week,2018-06-11,2018-07-02,4,furniture_decor,South,0.0
base,last_week,2018-06-11,2018-06-11,1,furniture_decor,Southeast,0.0
base,last_week,2018-06-11,2018-06-18,2,furniture_decor,Southeast,0.0
base,last_week,2018-06-11,2018-06-25,3,furniture_decor,Southeast,0.0
base,last_week,2018-06-11,2018-07-02,4,furniture_decor,Southeast,0.0
base,last_week,2018-06-11,2018-06-11,1,garden_tools,Central-West,0.0
base,last_week,2018-06-11,2018-06-18,2,garden_tools,Central-West,0.0
base,last_week,2018-06-11,2018-06-25,3,garden_tools,Central-West,0.0
base,last_week,2018-06-11,2018-07-02,4,garden_tools,Central-West,0.0
base,last_week,2018-06-11,2018-06-11,1,garden_tools,North,0.0
base,last_week,2018-06-11,2018-06-18,2,garden_tools,North,0.0
base,last_week,2018-06-11,2018-06-25,3,garden_tools,North,0.0
base,last_week,2018-06-11,2018-07-02,4,garden_tools,North,0.0
base,last_week,2018-06-11,2018-06-11,1,garden_tools,Northeast,4.0
base,last_week,2018-06-11,2018-06-18,2,garden_tools,Northeast,0.0
base,last_week,2018-06-11,2018-06-25,3,garden_tools,Northeast,0.0
base,last_week,2018-06-11,2018-07-02,4,garden_tools,Northeast,0.0
base,last_week,2018-06-11,2018-06-11,1,garden_tools,South,2.0
base,last_week,2018-06-11,2018-06-18,2,garden_tools,South,0.0
base,last_week,2018-06-11,2018-06-25,3,garden_tools,South,0.0
base,last_week,2018-06-11,2018-07-02,4,garden_tools,South,0.0
base,last_week,2018-06-11,2018-06-11,1,garden_tools,Southeast,0.0
base,last_week,2018-06-11,2018-06-18,2,garden_tools,Southeast,0.0
base,last_week,2018-06-11,2018-06-25,3,garden_tools,Southeast,0.0
base,last_week,2018-06-11,2018-07-02,4,garden_tools,Southeast,0.0
base,last_week,2018-06-11,2018-06-11,1,health_beauty,Central-West,17.0
base,last_week,2018-06-11,2018-06-18,2,health_beauty,Central-West,0.0
base,last_week,2018-06-11,2018-06-25,3,health_beauty,Central-West,0.0
base,last_week,2018-06-11,2018-07-02,4,health_beauty,Central-West,0.0
base,last_week,2018-06-11,2018-06-11,1,health_beauty,North,10.0
base,last_week,2018-06-11,2018-06-18,2,health_beauty,North,0.0
base,last_week,2018-06-11,2018-06-25,3,health_beauty,North,0.0
base,last_week,2018-06-11,2018-07-02,4,health_beauty,North,0.0
base,last_week,2018-06-11,2018-06-11,1,health_beauty,Northeast,30.0
base,last_week,2018-06-11,2018-06-18,2,health_beauty,Northeast,0.0
base,last_week,2018-06-11,2018-06-25,3,health_beauty,Northeast,0.0
base,last_week,2018-06-11,2018-07-02,4,health_beauty,Northeast,0.0
base,last_week,2018-06-11,2018-06-11,1,health_beauty,South,6.0
base,last_week,2018-06-11,2018-06-18,2,health_beauty,South,0.0
base,last_week,2018-06-11,2018-06-25,3,health_beauty,South,0.0
base,last_week,2018-06-11,2018-07-02,4,health_beauty,South,0.0
base,last_week,2018-06-11,2018-06-11,1,health_beauty,Southeast,33.0
base,last_week,2018-06-11,2018-06-18,2,health_beauty,Southeast,0.0
base,last_week,2018-06-11,2018-06-25,3,health_beauty,Southeast,0.0
base,last_week,2018-06-11,2018-07-02,4,health_beauty,Southeast,0.0
base,last_week,2018-06-11,2018-06-11,1,housewares,Central-West,13.0
base,last_week,2018-06-11,2018-06-18,2,housewares,Central-West,0.0
base,last_week,2018-06-11,2018-06-25,3,housewares,Central-West,0.0
base,last_week,2018-06-11,2018-07-02,4,housewares,Central-West,0.0
base,last_week,2018-06-11,2018-06-11,1,housewares,North,1.0
base,last_week,2018-06-11,2018-06-18,2,housewares,North,0.0
base,last_week,2018-06-11,2018-06-25,3,housewares,North,0.0
base,last_week,2018-06-11,2018-07-02,4,housewares,North,0.0
base,last_week,2018-06-11,2018-06-11,1,housewares,Northeast,8.0
base,last_week,2018-06-11,2018-06-18,2,housewares,Northeast,0.0
base,last_week,2018-06-11,2018-06-25,3,housewares,Northeast,0.0
base,last_week,2018-06-11,2018-07-02,4,housewares,Northeast,0.0
base,last_week,2018-06-11,2018-06-11,1,housewares,South,15.0
base,last_week,2018-06-11,2018-06-18,2,housewares,South,0.0
base,last_week,2018-06-11,2018-06-25,3,housewares,South,0.0
base,last_week,2018-06-11,2018-07-02,4,housewares,South,0.0
base,last_week,2018-06-11,2018-06-11,1,housewares,Southeast,6.0
base,last_week,2018-06-11,2018-06-18,2,housewares,Southeast,0.0
base,last_week,2018-06-11,2018-06-25,3,housewares,Southeast,0.0
base,last_week,2018-06-11,2018-07-02,4,housewares,Southeast,0.0
base,last_week,2018-06-11,2018-06-11,1,sports_leisure,Central-West,0.0
base,last_week,2018-06-11,2018-06-18,2,sports_leisure,Central-West,0.0
base,last_week,2018-06-11,2018-06-25,3,sports_leisure,Central-West,0.0
base,last_week,2018-06-11,2018-07-02,4,sports_leisure,Central-West,0.0
base,last_week,2018-06-11,2018-06-11,1,sports_leisure,North,0.0
base,last_week,2018-06-11,2018-06-18,2,sports_leisure,North,0.0
base,last_week,2018-06-11,2018-06-25,3,sports_leisure,North,0.0
base,last_week,2018-06-11,2018-07-02,4,sports_leisure,North,0.0
base,last_week,2018-06-11,2018-06-11,1,sports_leisure,Northeast,0.0
base,last_week,2018-06-11,2018-06-18,2,sports_leisure,Northeast,0.0
base,last_week,2018-06-11,2018-06-25,3,sports_leisure,Northeast,0.0
base,last_week,2018-06-11,2018-07-02,4,sports_leisure,Northeast,0.0
base,last_week,2018-06-11,2018-06-11,1,sports_leisure,South,0.0
base,last_week,2018-06-11,2018-06-18,2,sports_leisure,South,0.0
base,last_week,2018-06-11,2018-06-25,3,sports_leisure,South,0.0
base,last_week,2018-06-11,2018-07-02,4,sports_leisure,South,0.0
base,last_week,2018-06-11,2018-06-11,1,sports_leisure,Southeast,0.0
base,last_week,2018-06-11,2018-06-18,2,sports_leisure,Southeast,0.0
base,last_week,2018-06-11,2018-06-25,3,sports_leisure,Southeast,0.0
base,last_week,2018-06-11,2018-07-02,4,sports_leisure,Southeast,0.0
base,last_week,2018-06-11,2018-06-11,1,telephony,Central-West,0.0
base,last_week,2018-06-11,2018-06-18,2,telephony,Central-West,0.0
base,last_week,2018-06-11,2018-06-25,3,telephony,Central-West,0.0
base,last_week,2018-06-11,2018-07-02,4,telephony,Central-West,0.0
base,last_week,2018-06-11,2018-06-11,1,telephony,North,0.0
base,last_week,2018-06-11,2018-06-18,2,telephony,North,0.0
base,last_week,2018-06-11,2018-06-25,3,telephony,North,0.0
base,last_week,2018-06-11,2018-07-02,4,telephony,North,0.0
base,last_week,2018-06-11,2018-06-11,1,telephony,Northeast,0.0
base,last_week,2018-06-11,2018-06-18,2,telephony,Northeast,0.0
base,last_week,2018-06-11,2018-06-25,3,telephony,Northeast,0.0
base,last_week,2018-06-11,2018-07-02,4,telephony,Northeast,0.0
base,last_week,2018-06-11,2018-06-11,1,telephony,South,0.0
base,last_week,2018-06-11,2018-06-18,2,telephony,South,0.0
base,last_week,2018-06-11,2018-06-25,3,telephony,South,0.0
base,last_week,2018-06-11,2018-07-02,4,telephony,South,0.0
base,last_week,2018-06-11,2018-06-11,1,telephony,Southeast,0.0
base,last_week,2018-06-11,2018-06-18,2,telephony,Southeast,0.0
base,last_week,2018-06-11,2018-06-25,3,telephony,Southeast,0.0
base,last_week,2018-06-11,2018-07-02,4,telephony,Southeast,0.0
base,last_week,2018-06-11,2018-06-11,1,watches_gifts,Central-West,0.0
base,last_week,2018-06-11,2018-06-18,2,watches_gifts,Central-West,0.0
base,last_week,2018-06-11,2018-06-25,3,watches_gifts,Central-West,0.0
base,last_week,2018-06-11,2018-07-02,4,watches_gifts,Central-West,0.0
base,last_week,2018-06-11,2018-06-11,1,watches_gifts,North,0.0
base,last_week,2018-06-11,2018-06-18,2,watches_gifts,North,0.0
base,last_week,2018-06-11,2018-06-25,3,watches_gifts,North,0.0
base,last_week,2018-06-11,2018-07-02,4,watches_gifts,North,0.0
base,last_week,2018-06-11,2018-06-11,1,watches_gifts,Northeast,0.0
base,last_week,2018-06-11,2018-06-18,2,watches_gifts,Northeast,0.0
base,last_week,2018-06-11,2018-06-25,3,watches_gifts,Northeast,0.0
base,last_week,2018-06-11,2018-07-02,4,watches_gifts,Northeast,0.0
base,last_week,2018-06-11,2018-06-11,1,watches_gifts,South,0.0
base,last_week,2018-06-11,2018-06-18,2,watches_gifts,South,0.0
base,last_week,2018-06-11,2018-06-25,3,watches_gifts,South,0.0
base,last_week,2018-06-11,2018-07-02,4,watches_gifts,South,0.0
base,last_week,2018-06-11,2018-06-11,1,watches_gifts,Southeast,0.0
base,last_week,2018-06-11,2018-06-18,2,watches_gifts,Southeast,0.0
base,last_week,2018-06-11,2018-06-25,3,watches_gifts,Southeast,0.0
base,last_week,2018-06-11,2018-07-02,4,watches_gifts,Southeast,0.0
base,last_week,2018-06-18,2018-06-18,1,auto,Central-West,0.0
base,last_week,2018-06-18,2018-06-25,2,auto,Central-West,0.0
base,last_week,2018-06-18,2018-07-02,3,auto,Central-West,0.0
base,last_week,2018-06-18,2018-07-09,4,auto,Central-West,0.0
base,last_week,2018-06-18,2018-06-18,1,auto,North,0.0
base,last_week,2018-06-18,2018-06-25,2,auto,North,0.0
base,last_week,2018-06-18,2018-07-02,3,auto,North,0.0
base,last_week,2018-06-18,2018-07-09,4,auto,North,0.0
base,last_week,2018-06-18,2018-06-18,1,auto,Northeast,0.0
base,last_week,2018-06-18,2018-06-25,2,auto,Northeast,0.0
base,last_week,2018-06-18,2018-07-02,3,auto,Northeast,0.0
base,last_week,2018-06-18,2018-07-09,4,auto,Northeast,0.0
base,last_week,2018-06-18,2018-06-18,1,auto,South,0.0
base,last_week,2018-06-18,2018-06-25,2,auto,South,0.0
base,last_week,2018-06-18,2018-07-02,3,auto,South,0.0
base,last_week,2018-06-18,2018-07-09,4,auto,South,0.0
base,last_week,2018-06-18,2018-06-18,1,auto,Southeast,0.0
base,last_week,2018-06-18,2018-06-25,2,auto,Southeast,0.0
base,last_week,2018-06-18,2018-07-02,3,auto,Southeast,0.0
base,last_week,2018-06-18,2018-07-09,4,auto,Southeast,0.0
base,last_week,2018-06-18,2018-06-18,1,bed_bath_table,Central-West,0.0
base,last_week,2018-06-18,2018-06-25,2,bed_bath_table,Central-West,0.0
base,last_week,2018-06-18,2018-07-02,3,bed_bath_table,Central-West,0.0
base,last_week,2018-06-18,2018-07-09,4,bed_bath_table,Central-West,0.0
base,last_week,2018-06-18,2018-06-18,1,bed_bath_table,North,0.0
base,last_week,2018-06-18,2018-06-25,2,bed_bath_table,North,0.0
base,last_week,2018-06-18,2018-07-02,3,bed_bath_table,North,0.0
base,last_week,2018-06-18,2018-07-09,4,bed_bath_table,North,0.0
base,last_week,2018-06-18,2018-06-18,1,bed_bath_table,Northeast,0.0
base,last_week,2018-06-18,2018-06-25,2,bed_bath_table,Northeast,0.0
base,last_week,2018-06-18,2018-07-02,3,bed_bath_table,Northeast,0.0
base,last_week,2018-06-18,2018-07-09,4,bed_bath_table,Northeast,0.0
base,last_week,2018-06-18,2018-06-18,1,bed_bath_table,South,0.0
base,last_week,2018-06-18,2018-06-25,2,bed_bath_table,South,0.0
base,last_week,2018-06-18,2018-07-02,3,bed_bath_table,South,0.0
base,last_week,2018-06-18,2018-07-09,4,bed_bath_table,South,0.0
base,last_week,2018-06-18,2018-06-18,1,bed_bath_table,Southeast,0.0
base,last_week,2018-06-18,2018-06-25,2,bed_bath_table,Southeast,0.0
base,last_week,2018-06-18,2018-07-02,3,bed_bath_table,Southeast,0.0
base,last_week,2018-06-18,2018-07-09,4,bed_bath_table,Southeast,0.0
base,last_week,2018-06-18,2018-06-18,1,computers_accessories,Central-West,0.0
base,last_week,2018-06-18,2018-06-25,2,computers_accessories,Central-West,0.0
base,last_week,2018-06-18,2018-07-02,3,computers_accessories,Central-West,0.0
base,last_week,2018-06-18,2018-07-09,4,computers_accessories,Central-West,0.0
base,last_week,2018-06-18,2018-06-18,1,computers_accessories,North,0.0
base,last_week,2018-06-18,2018-06-25,2,computers_accessories,North,0.0
base,last_week,2018-06-18,2018-07-02,3,computers_accessories,North,0.0
base,last_week,2018-06-18,2018-07-09,4,computers_accessories,North,0.0
base,last_week,2018-06-18,2018-06-18,1,computers_accessories,Northeast,0.0
base,last_week,2018-06-18,2018-06-25,2,computers_accessories,Northeast,0.0
base,last_week,2018-06-18,2018-07-02,3,computers_accessories,Northeast,0.0
base,last_week,2018-06-18,2018-07-09,4,computers_accessories,Northeast,0.0
base,last_week,2018-06-18,2018-06-18,1,computers_accessories,South,0.0
base,last_week,2018-06-18,2018-06-25,2,computers_accessories,South,0.0
base,last_week,2018-06-18,2018-07-02,3,computers_accessories,South,0.0
base,last_week,2018-06-18,2018-07-09,4,computers_accessories,South,0.0
base,last_week,2018-06-18,2018-06-18,1,computers_accessories,Southeast,0.0
base,last_week,2018-06-18,2018-06-25,2,computers_accessories,Southeast,0.0
base,last_week,2018-06-18,2018-07-02,3,computers_accessories,Southeast,0.0
base,last_week,2018-06-18,2018-07-09,4,computers_accessories,Southeast,0.0
base,last_week,2018-06-18,2018-06-18,1,furniture_decor,Central-West,0.0
base,last_week,2018-06-18,2018-06-25,2,furniture_decor,Central-West,0.0
base,last_week,2018-06-18,2018-07-02,3,furniture_decor,Central-West,0.0
base,last_week,2018-06-18,2018-07-09,4,furniture_decor,Central-West,0.0
base,last_week,2018-06-18,2018-06-18,1,furniture_decor,North,0.0
base,last_week,2018-06-18,2018-06-25,2,furniture_decor,North,0.0
base,last_week,2018-06-18,2018-07-02,3,furniture_decor,North,0.0
base,last_week,2018-06-18,2018-07-09,4,furniture_decor,North,0.0
base,last_week,2018-06-18,2018-06-18,1,furniture_decor,Northeast,0.0
base,last_week,2018-06-18,2018-06-25,2,furniture_decor,Northeast,0.0
base,last_week,2018-06-18,2018-07-02,3,furniture_decor,Northeast,0.0
base,last_week,2018-06-18,2018-07-09,4,furniture_decor,Northeast,0.0
base,last_week,2018-06-18,2018-06-18,1,furniture_decor,South,3.0
base,last_week,2018-06-18,2018-06-25,2,furniture_decor,South,0.0
base,last_week,2018-06-18,2018-07-02,3,furniture_decor,South,0.0
base,last_week,2018-06-18,2018-07-09,4,furniture_decor,South,0.0
base,last_week,2018-06-18,2018-06-18,1,furniture_decor,Southeast,14.0
base,last_week,2018-06-18,2018-06-25,2,furniture_decor,Southeast,0.0
base,last_week,2018-06-18,2018-07-02,3,furniture_decor,Southeast,0.0
base,last_week,2018-06-18,2018-07-09,4,furniture_decor,Southeast,0.0
base,last_week,2018-06-18,2018-06-18,1,garden_tools,Central-West,0.0
base,last_week,2018-06-18,2018-06-25,2,garden_tools,Central-West,0.0
base,last_week,2018-06-18,2018-07-02,3,garden_tools,Central-West,0.0
base,last_week,2018-06-18,2018-07-09,4,garden_tools,Central-West,0.0
base,last_week,2018-06-18,2018-06-18,1,garden_tools,North,0.0
base,last_week,2018-06-18,2018-06-25,2,garden_tools,North,0.0
base,last_week,2018-06-18,2018-07-02,3,garden_tools,North,0.0
base,last_week,2018-06-18,2018-07-09,4,garden_tools,North,0.0
base,last_week,2018-06-18,2018-06-18,1,garden_tools,Northeast,0.0
base,last_week,2018-06-18,2018-06-25,2,garden_tools,Northeast,0.0
base,last_week,2018-06-18,2018-07-02,3,garden_tools,Northeast,0.0
base,last_week,2018-06-18,2018-07-09,4,garden_tools,Northeast,0.0
base,last_week,2018-06-18,2018-06-18,1,garden_tools,South,0.0
base,last_week,2018-06-18,2018-06-25,2,garden_tools,South,0.0
base,last_week,2018-06-18,2018-07-02,3,garden_tools,South,0.0
base,last_week,2018-06-18,2018-07-09,4,garden_tools,South,0.0
base,last_week,2018-06-18,2018-06-18,1,garden_tools,Southeast,0.0
base,last_week,2018-06-18,2018-06-25,2,garden_tools,Southeast,0.0
base,last_week,2018-06-18,2018-07-02,3,garden_tools,Southeast,0.0
base,last_week,2018-06-18,2018-07-09,4,garden_tools,Southeast,0.0
base,last_week,2018-06-18,2018-06-18,1,health_beauty,Central-West,8.0
base,last_week,2018-06-18,2018-06-25,2,health_beauty,Central-West,0.0
base,last_week,2018-06-18,2018-07-02,3,health_beauty,Central-West,0.0
base,last_week,2018-06-18,2018-07-09,4,health_beauty,Central-West,0.0
base,last_week,2018-06-18,2018-06-18,1,health_beauty,North,4.0
base,last_week,2018-06-18,2018-06-25,2,health_beauty,North,0.0
base,last_week,2018-06-18,2018-07-02,3,health_beauty,North,0.0
base,last_week,2018-06-18,2018-07-09,4,health_beauty,North,0.0
base,last_week,2018-06-18,2018-06-18,1,health_beauty,Northeast,13.0
base,last_week,2018-06-18,2018-06-25,2,health_beauty,Northeast,0.0
base,last_week,2018-06-18,2018-07-02,3,health_beauty,Northeast,0.0
base,last_week,2018-06-18,2018-07-09,4,health_beauty,Northeast,0.0
base,last_week,2018-06-18,2018-06-18,1,health_beauty,South,1.0
base,last_week,2018-06-18,2018-06-25,2,health_beauty,South,0.0
base,last_week,2018-06-18,2018-07-02,3,health_beauty,South,0.0
base,last_week,2018-06-18,2018-07-09,4,health_beauty,South,0.0
base,last_week,2018-06-18,2018-06-18,1,health_beauty,Southeast,0.0
base,last_week,2018-06-18,2018-06-25,2,health_beauty,Southeast,0.0
base,last_week,2018-06-18,2018-07-02,3,health_beauty,Southeast,0.0
base,last_week,2018-06-18,2018-07-09,4,health_beauty,Southeast,0.0
base,last_week,2018-06-18,2018-06-18,1,housewares,Central-West,0.0
base,last_week,2018-06-18,2018-06-25,2,housewares,Central-West,0.0
base,last_week,2018-06-18,2018-07-02,3,housewares,Central-West,0.0
base,last_week,2018-06-18,2018-07-09,4,housewares,Central-West,0.0
base,last_week,2018-06-18,2018-06-18,1,housewares,North,0.0
base,last_week,2018-06-18,2018-06-25,2,housewares,North,0.0
base,last_week,2018-06-18,2018-07-02,3,housewares,North,0.0
base,last_week,2018-06-18,2018-07-09,4,housewares,North,0.0
base,last_week,2018-06-18,2018-06-18,1,housewares,Northeast,0.0
base,last_week,2018-06-18,2018-06-25,2,housewares,Northeast,0.0
base,last_week,2018-06-18,2018-07-02,3,housewares,Northeast,0.0
base,last_week,2018-06-18,2018-07-09,4,housewares,Northeast,0.0
base,last_week,2018-06-18,2018-06-18,1,housewares,South,0.0
base,last_week,2018-06-18,2018-06-25,2,housewares,South,0.0
base,last_week,2018-06-18,2018-07-02,3,housewares,South,0.0
base,last_week,2018-06-18,2018-07-09,4,housewares,South,0.0
base,last_week,2018-06-18,2018-06-18,1,housewares,Southeast,0.0
base,last_week,2018-06-18,2018-06-25,2,housewares,Southeast,0.0
base,last_week,2018-06-18,2018-07-02,3,housewares,Southeast,0.0
base,last_week,2018-06-18,2018-07-09,4,housewares,Southeast,0.0
base,last_week,2018-06-18,2018-06-18,1,sports_leisure,Central-West,0.0
base,last_week,2018-06-18,2018-06-25,2,sports_leisure,Central-West,0.0
base,last_week,2018-06-18,2018-07-02,3,sports_leisure,Central-West,0.0
base,last_week,2018-06-18,2018-07-09,4,sports_leisure,Central-West,0.0
base,last_week,2018-06-18,2018-06-18,1,sports_leisure,North,2.0
base,last_week,2018-06-18,2018-06-25,2,sports_leisure,North,0.0
base,last_week,2018-06-18,2018-07-02,3,sports_leisure,North,0.0
base,last_week,2018-06-18,2018-07-09,4,sports_leisure,North,0.0
base,last_week,2018-06-18,2018-06-18,1,sports_leisure,Northeast,0.0
base,last_week,2018-06-18,2018-06-25,2,sports_leisure,Northeast,0.0
base,last_week,2018-06-18,2018-07-02,3,sports_leisure,Northeast,0.0
base,last_week,2018-06-18,2018-07-09,4,sports_leisure,Northeast,0.0
base,last_week,2018-06-18,2018-06-18,1,sports_leisure,South,0.0
base,last_week,2018-06-18,2018-06-25,2,sports_leisure,South,0.0
base,last_week,2018-06-18,2018-07-02,3,sports_leisure,South,0.0
base,last_week,2018-06-18,2018-07-09,4,sports_leisure,South,0.0
base,last_week,2018-06-18,2018-06-18,1,sports_leisure,Southeast,28.0
base,last_week,2018-06-18,2018-06-25,2,sports_leisure,Southeast,0.0
base,last_week,2018-06-18,2018-07-02,3,sports_leisure,Southeast,0.0
base,last_week,2018-06-18,2018-07-09,4,sports_leisure,Southeast,0.0
base,last_week,2018-06-18,2018-06-18,1,telephony,Central-West,0.0
base,last_week,2018-06-18,2018-06-25,2,telephony,Central-West,0.0
base,last_week,2018-06-18,2018-07-02,3,telephony,Central-West,0.0
base,last_week,2018-06-18,2018-07-09,4,telephony,Central-West,0.0
base,last_week,2018-06-18,2018-06-18,1,telephony,North,0.0
base,last_week,2018-06-18,2018-06-25,2,telephony,North,0.0
base,last_week,2018-06-18,2018-07-02,3,telephony,North,0.0
base,last_week,2018-06-18,2018-07-09,4,telephony,North,0.0
base,last_week,2018-06-18,2018-06-18,1,telephony,Northeast,0.0
base,last_week,2018-06-18,2018-06-25,2,telephony,Northeast,0.0
base,last_week,2018-06-18,2018-07-02,3,telephony,Northeast,0.0
base,last_week,2018-06-18,2018-07-09,4,telephony,Northeast,0.0
base,last_week,2018-06-18,2018-06-18,1,telephony,South,3.0
base,last_week,2018-06-18,2018-06-25,2,telephony,South,0.0
base,last_week,2018-06-18,2018-07-02,3,telephony,South,0.0
base,last_week,2018-06-18,2018-07-09,4,telephony,South,0.0
base,last_week,2018-06-18,2018-06-18,1,telephony,Southeast,15.0
base,last_week,2018-06-18,2018-06-25,2,telephony,Southeast,0.0
base,last_week,2018-06-18,2018-07-02,3,telephony,Southeast,0.0
base,last_week,2018-06-18,2018-07-09,4,telephony,Southeast,0.0
base,last_week,2018-06-18,2018-06-18,1,watches_gifts,Central-West,0.0
base,last_week,2018-06-18,2018-06-25,2,watches_gifts,Central-West,0.0
base,last_week,2018-06-18,2018-07-02,3,watches_gifts,Central-West,0.0
base,last_week,2018-06-18,2018-07-09,4,watches_gifts,Central-West,0.0
base,last_week,2018-06-18,2018-06-18,1,watches_gifts,North,0.0
base,last_week,2018-06-18,2018-06-25,2,watches_gifts,North,0.0
base,last_week,2018-06-18,2018-07-02,3,watches_gifts,North,0.0
base,last_week,2018-06-18,2018-07-09,4,watches_gifts,North,0.0
base,last_week,2018-06-18,2018-06-18,1,watches_gifts,Northeast,0.0
base,last_week,2018-06-18,2018-06-25,2,watches_gifts,Northeast,0.0
base,last_week,2018-06-18,2018-07-02,3,watches_gifts,Northeast,0.0
base,last_week,2018-06-18,2018-07-09,4,watches_gifts,Northeast,0.0
base,last_week,2018-06-18,2018-06-18,1,watches_gifts,South,11.0
base,last_week,2018-06-18,2018-06-25,2,watches_gifts,South,0.0
base,last_week,2018-06-18,2018-07-02,3,watches_gifts,South,0.0
base,last_week,2018-06-18,2018-07-09,4,watches_gifts,South,0.0
base,last_week,2018-06-18,2018-06-18,1,watches_gifts,Southeast,39.0
base,last_week,2018-06-18,2018-06-25,2,watches_gifts,Southeast,0.0
base,last_week,2018-06-18,2018-07-02,3,watches_gifts,Southeast,0.0
base,last_week,2018-06-18,2018-07-09,4,watches_gifts,Southeast,0.0
base,last_week,2018-06-25,2018-06-25,1,auto,Central-West,0.0
base,last_week,2018-06-25,2018-07-02,2,auto,Central-West,0.0
base,last_week,2018-06-25,2018-07-09,3,auto,Central-West,0.0
base,last_week,2018-06-25,2018-07-16,4,auto,Central-West,0.0
base,last_week,2018-06-25,2018-06-25,1,auto,North,1.0
base,last_week,2018-06-25,2018-07-02,2,auto,North,0.0
base,last_week,2018-06-25,2018-07-09,3,auto,North,0.0
base,last_week,2018-06-25,2018-07-16,4,auto,North,0.0
base,last_week,2018-06-25,2018-06-25,1,auto,Northeast,11.0
base,last_week,2018-06-25,2018-07-02,2,auto,Northeast,0.0
base,last_week,2018-06-25,2018-07-09,3,auto,Northeast,0.0
base,last_week,2018-06-25,2018-07-16,4,auto,Northeast,0.0
base,last_week,2018-06-25,2018-06-25,1,auto,South,2.0
base,last_week,2018-06-25,2018-07-02,2,auto,South,0.0
base,last_week,2018-06-25,2018-07-09,3,auto,South,0.0
base,last_week,2018-06-25,2018-07-16,4,auto,South,0.0
base,last_week,2018-06-25,2018-06-25,1,auto,Southeast,0.0
base,last_week,2018-06-25,2018-07-02,2,auto,Southeast,0.0
base,last_week,2018-06-25,2018-07-09,3,auto,Southeast,0.0
base,last_week,2018-06-25,2018-07-16,4,auto,Southeast,0.0
base,last_week,2018-06-25,2018-06-25,1,bed_bath_table,Central-West,0.0
base,last_week,2018-06-25,2018-07-02,2,bed_bath_table,Central-West,0.0
base,last_week,2018-06-25,2018-07-09,3,bed_bath_table,Central-West,0.0
base,last_week,2018-06-25,2018-07-16,4,bed_bath_table,Central-West,0.0
base,last_week,2018-06-25,2018-06-25,1,bed_bath_table,North,0.0
base,last_week,2018-06-25,2018-07-02,2,bed_bath_table,North,0.0
base,last_week,2018-06-25,2018-07-09,3,bed_bath_table,North,0.0
base,last_week,2018-06-25,2018-07-16,4,bed_bath_table,North,0.0
base,last_week,2018-06-25,2018-06-25,1,bed_bath_table,Northeast,0.0
base,last_week,2018-06-25,2018-07-02,2,bed_bath_table,Northeast,0.0
base,last_week,2018-06-25,2018-07-09,3,bed_bath_table,Northeast,0.0
base,last_week,2018-06-25,2018-07-16,4,bed_bath_table,Northeast,0.0
base,last_week,2018-06-25,2018-06-25,1,bed_bath_table,South,0.0
base,last_week,2018-06-25,2018-07-02,2,bed_bath_table,South,0.0
base,last_week,2018-06-25,2018-07-09,3,bed_bath_table,South,0.0
base,last_week,2018-06-25,2018-07-16,4,bed_bath_table,South,0.0
base,last_week,2018-06-25,2018-06-25,1,bed_bath_table,Southeast,0.0
base,last_week,2018-06-25,2018-07-02,2,bed_bath_table,Southeast,0.0
base,last_week,2018-06-25,2018-07-09,3,bed_bath_table,Southeast,0.0
base,last_week,2018-06-25,2018-07-16,4,bed_bath_table,Southeast,0.0
base,last_week,2018-06-25,2018-06-25,1,computers_accessories,Central-West,10.0
base,last_week,2018-06-25,2018-07-02,2,computers_accessories,Central-West,0.0
base,last_week,2018-06-25,2018-07-09,3,computers_accessories,Central-West,0.0
base,last_week,2018-06-25,2018-07-16,4,computers_accessories,Central-West,0.0
base,last_week,2018-06-25,2018-06-25,1,computers_accessories,North,1.0
base,last_week,2018-06-25,2018-07-02,2,computers_accessories,North,0.0
base,last_week,2018-06-25,2018-07-09,3,computers_accessories,North,0.0
base,last_week,2018-06-25,2018-07-16,4,computers_accessories,North,0.0
base,last_week,2018-06-25,2018-06-25,1,computers_accessories,Northeast,1.0
base,last_week,2018-06-25,2018-07-02,2,computers_accessories,Northeast,0.0
base,last_week,2018-06-25,2018-07-09,3,computers_accessories,Northeast,0.0
base,last_week,2018-06-25,2018-07-16,4,computers_accessories,Northeast,0.0
base,last_week,2018-06-25,2018-06-25,1,computers_accessories,South,6.0
base,last_week,2018-06-25,2018-07-02,2,computers_accessories,South,0.0
base,last_week,2018-06-25,2018-07-09,3,computers_accessories,South,0.0
base,last_week,2018-06-25,2018-07-16,4,computers_accessories,South,0.0
base,last_week,2018-06-25,2018-06-25,1,computers_accessories,Southeast,4.0
base,last_week,2018-06-25,2018-07-02,2,computers_accessories,Southeast,0.0
base,last_week,2018-06-25,2018-07-09,3,computers_accessories,Southeast,0.0
base,last_week,2018-06-25,2018-07-16,4,computers_accessories,Southeast,0.0
base,last_week,2018-06-25,2018-06-25,1,furniture_decor,Central-West,0.0
base,last_week,2018-06-25,2018-07-02,2,furniture_decor,Central-West,0.0
base,last_week,2018-06-25,2018-07-09,3,furniture_decor,Central-West,0.0
base,last_week,2018-06-25,2018-07-16,4,furniture_decor,Central-West,0.0
base,last_week,2018-06-25,2018-06-25,1,furniture_decor,North,0.0
base,last_week,2018-06-25,2018-07-02,2,furniture_decor,North,0.0
base,last_week,2018-06-25,2018-07-09,3,furniture_decor,North,0.0
base,last_week,2018-06-25,2018-07-16,4,furniture_decor,North,0.0
base,last_week,2018-06-25,2018-06-25,1,furniture_decor,Northeast,0.0
base,last_week,2018-06-25,2018-07-02,2,furniture_decor,Northeast,0.0
base,last_week,2018-06-25,2018-07-09,3,furniture_decor,Northeast,0.0
base,last_week,2018-06-25,2018-07-16,4,furniture_decor,Northeast,0.0
base,last_week,2018-06-25,2018-06-25,1,furniture_decor,South,0.0
base,last_week,2018-06-25,2018-07-02,2,furniture_decor,South,0.0
base,last_week,2018-06-25,2018-07-09,3,furniture_decor,South,0.0
base,last_week,2018-06-25,2018-07-16,4,furniture_decor,South,0.0
base,last_week,2018-06-25,2018-06-25,1,furniture_decor,Southeast,0.0
base,last_week,2018-06-25,2018-07-02,2,furniture_decor,Southeast,0.0
base,last_week,2018-06-25,2018-07-09,3,furniture_decor,Southeast,0.0
base,last_week,2018-06-25,2018-07-16,4,furniture_decor,Southeast,0.0
base,last_week,2018-06-25,2018-06-25,1,garden_tools,Central-West,0.0
base,last_week,2018-06-25,2018-07-02,2,garden_tools,Central-West,0.0
base,last_week,2018-06-25,2018-07-09,3,garden_tools,Central-West,0.0
base,last_week,2018-06-25,2018-07-16,4,garden_tools,Central-West,0.0
base,last_week,2018-06-25,2018-06-25,1,garden_tools,North,0.0
base,last_week,2018-06-25,2018-07-02,2,garden_tools,North,0.0
base,last_week,2018-06-25,2018-07-09,3,garden_tools,North,0.0
base,last_week,2018-06-25,2018-07-16,4,garden_tools,North,0.0
base,last_week,2018-06-25,2018-06-25,1,garden_tools,Northeast,0.0
base,last_week,2018-06-25,2018-07-02,2,garden_tools,Northeast,0.0
base,last_week,2018-06-25,2018-07-09,3,garden_tools,Northeast,0.0
base,last_week,2018-06-25,2018-07-16,4,garden_tools,Northeast,0.0
base,last_week,2018-06-25,2018-06-25,1,garden_tools,South,0.0
base,last_week,2018-06-25,2018-07-02,2,garden_tools,South,0.0
base,last_week,2018-06-25,2018-07-09,3,garden_tools,South,0.0
base,last_week,2018-06-25,2018-07-16,4,garden_tools,South,0.0
base,last_week,2018-06-25,2018-06-25,1,garden_tools,Southeast,0.0
base,last_week,2018-06-25,2018-07-02,2,garden_tools,Southeast,0.0
base,last_week,2018-06-25,2018-07-09,3,garden_tools,Southeast,0.0
base,last_week,2018-06-25,2018-07-16,4,garden_tools,Southeast,0.0
base,last_week,2018-06-25,2018-06-25,1,health_beauty,Central-West,0.0
base,last_week,2018-06-25,2018-07-02,2,health_beauty,Central-West,0.0
base,last_week,2018-06-25,2018-07-09,3,health_beauty,Central-West,0.0
base,last_week,2018-06-25,2018-07-16,4,health_beauty,Central-West,0.0
base,last_week,2018-06-25,2018-06-25,1,health_beauty,North,0.0
base,last_week,2018-06-25,2018-07-02,2,health_beauty,North,0.0
base,last_week,2018-06-25,2018-07-09,3,health_beauty,North,0.0
base,last_week,2018-06-25,2018-07-16,4,health_beauty,North,0.0
base,last_week,2018-06-25,2018-06-25,1,health_beauty,Northeast,0.0
base,last_week,2018-06-25,2018-07-02,2,health_beauty,Northeast,0.0
base,last_week,2018-06-25,2018-07-09,3,health_beauty,Northeast,0.0
base,last_week,2018-06-25,2018-07-16,4,health_beauty,Northeast,0.0
base,last_week,2018-06-25,2018-06-25,1,health_beauty,South,0.0
base,last_week,2018-06-25,2018-07-02,2,health_beauty,South,0.0
base,last_week,2018-06-25,2018-07-09,3,health_beauty,South,0.0
base,last_week,2018-06-25,2018-07-16,4,health_beauty,South,0.0
base,last_week,2018-06-25,2018-06-25,1,health_beauty,Southeast,0.0
base,last_week,2018-06-25,2018-07-02,2,health_beauty,Southeast,0.0
base,last_week,2018-06-25,2018-07-09,3,health_beauty,Southeast,0.0
base,last_week,2018-06-25,2018-07-16,4,health_beauty,Southeast,0.0
base,last_week,2018-06-25,2018-06-25,1,housewares,Central-West,0.0
base,last_week,2018-06-25,2018-07-02,2,housewares,Central-West,0.0
base,last_week,2018-06-25,2018-07-09,3,housewares,Central-West,0.0
base,last_week,2018-06-25,2018-07-16,4,housewares,Central-West,0.0
base,last_week,2018-06-25,2018-06-25,1,housewares,North,0.0
base,last_week,2018-06-25,2018-07-02,2,housewares,North,0.0
base,last_week,2018-06-25,2018-07-09,3,housewares,North,0.0
base,last_week,2018-06-25,2018-07-16,4,housewares,North,0.0
base,last_week,2018-06-25,2018-06-25,1,housewares,Northeast,0.0
base,last_week,2018-06-25,2018-07-02,2,housewares,Northeast,0.0
base,last_week,2018-06-25,2018-07-09,3,housewares,Northeast,0.0
base,last_week,2018-06-25,2018-07-16,4,housewares,Northeast,0.0
base,last_week,2018-06-25,2018-06-25,1,housewares,South,0.0
base,last_week,2018-06-25,2018-07-02,2,housewares,South,0.0
base,last_week,2018-06-25,2018-07-09,3,housewares,South,0.0
base,last_week,2018-06-25,2018-07-16,4,housewares,South,0.0
base,last_week,2018-06-25,2018-06-25,1,housewares,Southeast,0.0
base,last_week,2018-06-25,2018-07-02,2,housewares,Southeast,0.0
base,last_week,2018-06-25,2018-07-09,3,housewares,Southeast,0.0
base,last_week,2018-06-25,2018-07-16,4,housewares,Southeast,0.0
base,last_week,2018-06-25,2018-06-25,1,sports_leisure,Central-West,0.0
base,last_week,2018-06-25,2018-07-02,2,sports_leisure,Central-West,0.0
base,last_week,2018-06-25,2018-07-09,3,sports_leisure,Central-West,0.0
base,last_week,2018-06-25,2018-07-16,4,sports_leisure,Central-West,0.0
base,last_week,2018-06-25,2018-06-25,1,sports_leisure,North,0.0
base,last_week,2018-06-25,2018-07-02,2,sports_leisure,North,0.0
base,last_week,2018-06-25,2018-07-09,3,sports_leisure,North,0.0
base,last_week,2018-06-25,2018-07-16,4,sports_leisure,North,0.0
base,last_week,2018-06-25,2018-06-25,1,sports_leisure,Northeast,0.0
base,last_week,2018-06-25,2018-07-02,2,sports_leisure,Northeast,0.0
base,last_week,2018-06-25,2018-07-09,3,sports_leisure,Northeast,0.0
base,last_week,2018-06-25,2018-07-16,4,sports_leisure,Northeast,0.0
base,last_week,2018-06-25,2018-06-25,1,sports_leisure,South,0.0
base,last_week,2018-06-25,2018-07-02,2,sports_leisure,South,0.0
base,last_week,2018-06-25,2018-07-09,3,sports_leisure,South,0.0
base,last_week,2018-06-25,2018-07-16,4,sports_leisure,South,0.0
base,last_week,2018-06-25,2018-06-25,1,sports_leisure,Southeast,0.0
base,last_week,2018-06-25,2018-07-02,2,sports_leisure,Southeast,0.0
base,last_week,2018-06-25,2018-07-09,3,sports_leisure,Southeast,0.0
base,last_week,2018-06-25,2018-07-16,4,sports_leisure,Southeast,0.0
base,last_week,2018-06-25,2018-06-25,1,telephony,Central-West,0.0
base,last_week,2018-06-25,2018-07-02,2,telephony,Central-West,0.0
base,last_week,2018-06-25,2018-07-09,3,telephony,Central-West,0.0
base,last_week,2018-06-25,2018-07-16,4,telephony,Central-West,0.0
base,last_week,2018-06-25,2018-06-25,1,telephony,North,0.0
base,last_week,2018-06-25,2018-07-02,2,telephony,North,0.0
base,last_week,2018-06-25,2018-07-09,3,telephony,North,0.0
base,last_week,2018-06-25,2018-07-16,4,telephony,North,0.0
base,last_week,2018-06-25,2018-06-25,1,telephony,Northeast,0.0
base,last_week,2018-06-25,2018-07-02,2,telephony,Northeast,0.0
base,last_week,2018-06-25,2018-07-09,3,telephony,Northeast,0.0
base,last_week,2018-06-25,2018-07-16,4,telephony,Northeast,0.0
base,last_week,2018-06-25,2018-06-25,1,telephony,South,0.0
base,last_week,2018-06-25,2018-07-02,2,telephony,South,0.0
base,last_week,2018-06-25,2018-07-09,3,telephony,South,0.0
base,last_week,2018-06-25,2018-07-16,4,telephony,South,0.0
base,last_week,2018-06-25,2018-06-25,1,telephony,Southeast,0.0
base,last_week,2018-06-25,2018-07-02,2,telephony,Southeast,0.0
base,last_week,2018-06-25,2018-07-09,3,telephony,Southeast,0.0
base,last_week,2018-06-25,2018-07-16,4,telephony,Southeast,0.0
base,last_week,2018-06-25,2018-06-25,1,watches_gifts,Central-West,0.0
base,last_week,2018-06-25,2018-07-02,2,watches_gifts,Central-West,0.0
base,last_week,2018-06-25,2018-07-09,3,watches_gifts,Central-West,0.0
base,last_week,2018-06-25,2018-07-16,4,watches_gifts,Central-West,0.0
base,last_week,2018-06-25,2018-06-25,1,watches_gifts,North,0.0
base,last_week,2018-06-25,2018-07-02,2,watches_gifts,North,0.0
base,last_week,2018-06-25,2018-07-09,3,watches_gifts,North,0.0
base,last_week,2018-06-25,2018-07-16,4,watches_gifts,North,0.0
base,last_week,2018-06-25,2018-06-25,1,watches_gifts,Northeast,0.0
base,last_week,2018-06-25,2018-07-02,2,watches_gifts,Northeast,0.0
base,last_week,2018-06-25,2018-07-09,3,watches_gifts,Northeast,0.0
base,last_week,2018-06-25,2018-07-16,4,watches_gifts,Northeast,0.0
base,last_week,2018-06-25,2018-06-25,1,watches_gifts,South,0.0
base,last_week,2018-06-25,2018-07-02,2,watches_gifts,South,0.0
base,last_week,2018-06-25,2018-07-09,3,watches_gifts,South,0.0
base,last_week,2018-06-25,2018-07-16,4,watches_gifts,South,0.0
base,last_week,2018-06-25,2018-06-25,1,watches_gifts,Southeast,0.0
base,last_week,2018-06-25,2018-07-02,2,watches_gifts,Southeast,0.0
base,last_week,2018-06-25,2018-07-09,3,watches_gifts,Southeast,0.0
base,last_week,2018-06-25,2018-07-16,4,watches_gifts,Southeast,0.0
base,last_week,2018-07-02,2018-07-02,1,auto,Central-West,0.0
base,last_week,2018-07-02,2018-07-09,2,auto,Central-West,0.0
base,last_week,2018-07-02,2018-07-16,3,auto,Central-West,0.0
base,last_week,2018-07-02,2018-07-23,4,auto,Central-West,0.0
base,last_week,2018-07-02,2018-07-02,1,auto,North,0.0
base,last_week,2018-07-02,2018-07-09,2,auto,North,0.0
base,last_week,2018-07-02,2018-07-16,3,auto,North,0.0
base,last_week,2018-07-02,2018-07-23,4,auto,North,0.0
base,last_week,2018-07-02,2018-07-02,1,auto,Northeast,0.0
base,last_week,2018-07-02,2018-07-09,2,auto,Northeast,0.0
base,last_week,2018-07-02,2018-07-16,3,auto,Northeast,0.0
base,last_week,2018-07-02,2018-07-23,4,auto,Northeast,0.0
base,last_week,2018-07-02,2018-07-02,1,auto,South,0.0
base,last_week,2018-07-02,2018-07-09,2,auto,South,0.0
base,last_week,2018-07-02,2018-07-16,3,auto,South,0.0
base,last_week,2018-07-02,2018-07-23,4,auto,South,0.0
base,last_week,2018-07-02,2018-07-02,1,auto,Southeast,0.0
base,last_week,2018-07-02,2018-07-09,2,auto,Southeast,0.0
base,last_week,2018-07-02,2018-07-16,3,auto,Southeast,0.0
base,last_week,2018-07-02,2018-07-23,4,auto,Southeast,0.0
base,last_week,2018-07-02,2018-07-02,1,bed_bath_table,Central-West,0.0
base,last_week,2018-07-02,2018-07-09,2,bed_bath_table,Central-West,0.0
base,last_week,2018-07-02,2018-07-16,3,bed_bath_table,Central-West,0.0
base,last_week,2018-07-02,2018-07-23,4,bed_bath_table,Central-West,0.0
base,last_week,2018-07-02,2018-07-02,1,bed_bath_table,North,0.0
base,last_week,2018-07-02,2018-07-09,2,bed_bath_table,North,0.0
base,last_week,2018-07-02,2018-07-16,3,bed_bath_table,North,0.0
base,last_week,2018-07-02,2018-07-23,4,bed_bath_table,North,0.0
base,last_week,2018-07-02,2018-07-02,1,bed_bath_table,Northeast,0.0
base,last_week,2018-07-02,2018-07-09,2,bed_bath_table,Northeast,0.0
base,last_week,2018-07-02,2018-07-16,3,bed_bath_table,Northeast,0.0
base,last_week,2018-07-02,2018-07-23,4,bed_bath_table,Northeast,0.0
base,last_week,2018-07-02,2018-07-02,1,bed_bath_table,South,0.0
base,last_week,2018-07-02,2018-07-09,2,bed_bath_table,South,0.0
base,last_week,2018-07-02,2018-07-16,3,bed_bath_table,South,0.0
base,last_week,2018-07-02,2018-07-23,4,bed_bath_table,South,0.0
base,last_week,2018-07-02,2018-07-02,1,bed_bath_table,Southeast,0.0
base,last_week,2018-07-02,2018-07-09,2,bed_bath_table,Southeast,0.0
base,last_week,2018-07-02,2018-07-16,3,bed_bath_table,Southeast,0.0
base,last_week,2018-07-02,2018-07-23,4,bed_bath_table,Southeast,0.0
base,last_week,2018-07-02,2018-07-02,1,computers_accessories,Central-West,0.0
base,last_week,2018-07-02,2018-07-09,2,computers_accessories,Central-West,0.0
base,last_week,2018-07-02,2018-07-16,3,computers_accessories,Central-West,0.0
base,last_week,2018-07-02,2018-07-23,4,computers_accessories,Central-West,0.0
base,last_week,2018-07-02,2018-07-02,1,computers_accessories,North,0.0
base,last_week,2018-07-02,2018-07-09,2,computers_accessories,North,0.0
base,last_week,2018-07-02,2018-07-16,3,computers_accessories,North,0.0
base,last_week,2018-07-02,2018-07-23,4,computers_accessories,North,0.0
base,last_week,2018-07-02,2018-07-02,1,computers_accessories,Northeast,0.0
base,last_week,2018-07-02,2018-07-09,2,computers_accessories,Northeast,0.0
base,last_week,2018-07-02,2018-07-16,3,computers_accessories,Northeast,0.0
base,last_week,2018-07-02,2018-07-23,4,computers_accessories,Northeast,0.0
base,last_week,2018-07-02,2018-07-02,1,computers_accessories,South,0.0
base,last_week,2018-07-02,2018-07-09,2,computers_accessories,South,0.0
base,last_week,2018-07-02,2018-07-16,3,computers_accessories,South,0.0
base,last_week,2018-07-02,2018-07-23,4,computers_accessories,South,0.0
base,last_week,2018-07-02,2018-07-02,1,computers_accessories,Southeast,0.0
base,last_week,2018-07-02,2018-07-09,2,computers_accessories,Southeast,0.0
base,last_week,2018-07-02,2018-07-16,3,computers_accessories,Southeast,0.0
base,last_week,2018-07-02,2018-07-23,4,computers_accessories,Southeast,0.0
base,last_week,2018-07-02,2018-07-02,1,furniture_decor,Central-West,0.0
base,last_week,2018-07-02,2018-07-09,2,furniture_decor,Central-West,0.0
base,last_week,2018-07-02,2018-07-16,3,furniture_decor,Central-West,0.0
base,last_week,2018-07-02,2018-07-23,4,furniture_decor,Central-West,0.0
base,last_week,2018-07-02,2018-07-02,1,furniture_decor,North,0.0
base,last_week,2018-07-02,2018-07-09,2,furniture_decor,North,0.0
base,last_week,2018-07-02,2018-07-16,3,furniture_decor,North,0.0
base,last_week,2018-07-02,2018-07-23,4,furniture_decor,North,0.0
base,last_week,2018-07-02,2018-07-02,1,furniture_decor,Northeast,5.0
base,last_week,2018-07-02,2018-07-09,2,furniture_decor,Northeast,0.0
base,last_week,2018-07-02,2018-07-16,3,furniture_decor,Northeast,0.0
base,last_week,2018-07-02,2018-07-23,4,furniture_decor,Northeast,0.0
base,last_week,2018-07-02,2018-07-02,1,furniture_decor,South,0.0
base,last_week,2018-07-02,2018-07-09,2,furniture_decor,South,0.0
base,last_week,2018-07-02,2018-07-16,3,furniture_decor,South,0.0
base,last_week,2018-07-02,2018-07-23,4,furniture_decor,South,0.0
base,last_week,2018-07-02,2018-07-02,1,furniture_decor,Southeast,34.0
base,last_week,2018-07-02,2018-07-09,2,furniture_decor,Southeast,0.0
base,last_week,2018-07-02,2018-07-16,3,furniture_decor,Southeast,0.0
base,last_week,2018-07-02,2018-07-23,4,furniture_decor,Southeast,0.0
base,last_week,2018-07-02,2018-07-02,1,garden_tools,Central-West,5.0
base,last_week,2018-07-02,2018-07-09,2,garden_tools,Central-West,0.0
base,last_week,2018-07-02,2018-07-16,3,garden_tools,Central-West,0.0
base,last_week,2018-07-02,2018-07-23,4,garden_tools,Central-West,0.0
base,last_week,2018-07-02,2018-07-02,1,garden_tools,North,0.0
base,last_week,2018-07-02,2018-07-09,2,garden_tools,North,0.0
base,last_week,2018-07-02,2018-07-16,3,garden_tools,North,0.0
base,last_week,2018-07-02,2018-07-23,4,garden_tools,North,0.0
base,last_week,2018-07-02,2018-07-02,1,garden_tools,Northeast,7.0
base,last_week,2018-07-02,2018-07-09,2,garden_tools,Northeast,0.0
base,last_week,2018-07-02,2018-07-16,3,garden_tools,Northeast,0.0
base,last_week,2018-07-02,2018-07-23,4,garden_tools,Northeast,0.0
base,last_week,2018-07-02,2018-07-02,1,garden_tools,South,6.0
base,last_week,2018-07-02,2018-07-09,2,garden_tools,South,0.0
base,last_week,2018-07-02,2018-07-16,3,garden_tools,South,0.0
base,last_week,2018-07-02,2018-07-23,4,garden_tools,South,0.0
base,last_week,2018-07-02,2018-07-02,1,garden_tools,Southeast,40.0
base,last_week,2018-07-02,2018-07-09,2,garden_tools,Southeast,0.0
base,last_week,2018-07-02,2018-07-16,3,garden_tools,Southeast,0.0
base,last_week,2018-07-02,2018-07-23,4,garden_tools,Southeast,0.0
base,last_week,2018-07-02,2018-07-02,1,health_beauty,Central-West,0.0
base,last_week,2018-07-02,2018-07-09,2,health_beauty,Central-West,0.0
base,last_week,2018-07-02,2018-07-16,3,health_beauty,Central-West,0.0
base,last_week,2018-07-02,2018-07-23,4,health_beauty,Central-West,0.0
base,last_week,2018-07-02,2018-07-02,1,health_beauty,North,0.0
base,last_week,2018-07-02,2018-07-09,2,health_beauty,North,0.0
base,last_week,2018-07-02,2018-07-16,3,health_beauty,North,0.0
base,last_week,2018-07-02,2018-07-23,4,health_beauty,North,0.0
base,last_week,2018-07-02,2018-07-02,1,health_beauty,Northeast,0.0
base,last_week,2018-07-02,2018-07-09,2,health_beauty,Northeast,0.0
base,last_week,2018-07-02,2018-07-16,3,health_beauty,Northeast,0.0
base,last_week,2018-07-02,2018-07-23,4,health_beauty,Northeast,0.0
base,last_week,2018-07-02,2018-07-02,1,health_beauty,South,0.0
base,last_week,2018-07-02,2018-07-09,2,health_beauty,South,0.0
base,last_week,2018-07-02,2018-07-16,3,health_beauty,South,0.0
base,last_week,2018-07-02,2018-07-23,4,health_beauty,South,0.0
base,last_week,2018-07-02,2018-07-02,1,health_beauty,Southeast,0.0
base,last_week,2018-07-02,2018-07-09,2,health_beauty,Southeast,0.0
base,last_week,2018-07-02,2018-07-16,3,health_beauty,Southeast,0.0
base,last_week,2018-07-02,2018-07-23,4,health_beauty,Southeast,0.0
base,last_week,2018-07-02,2018-07-02,1,housewares,Central-West,3.0
base,last_week,2018-07-02,2018-07-09,2,housewares,Central-West,0.0
base,last_week,2018-07-02,2018-07-16,3,housewares,Central-West,0.0
base,last_week,2018-07-02,2018-07-23,4,housewares,Central-West,0.0
base,last_week,2018-07-02,2018-07-02,1,housewares,North,3.0
base,last_week,2018-07-02,2018-07-09,2,housewares,North,0.0
base,last_week,2018-07-02,2018-07-16,3,housewares,North,0.0
base,last_week,2018-07-02,2018-07-23,4,housewares,North,0.0
base,last_week,2018-07-02,2018-07-02,1,housewares,Northeast,2.0
base,last_week,2018-07-02,2018-07-09,2,housewares,Northeast,0.0
base,last_week,2018-07-02,2018-07-16,3,housewares,Northeast,0.0
base,last_week,2018-07-02,2018-07-23,4,housewares,Northeast,0.0
base,last_week,2018-07-02,2018-07-02,1,housewares,South,7.0
base,last_week,2018-07-02,2018-07-09,2,housewares,South,0.0
base,last_week,2018-07-02,2018-07-16,3,housewares,South,0.0
base,last_week,2018-07-02,2018-07-23,4,housewares,South,0.0
base,last_week,2018-07-02,2018-07-02,1,housewares,Southeast,0.0
base,last_week,2018-07-02,2018-07-09,2,housewares,Southeast,0.0
base,last_week,2018-07-02,2018-07-16,3,housewares,Southeast,0.0
base,last_week,2018-07-02,2018-07-23,4,housewares,Southeast,0.0
base,last_week,2018-07-02,2018-07-02,1,sports_leisure,Central-West,0.0
base,last_week,2018-07-02,2018-07-09,2,sports_leisure,Central-West,0.0
base,last_week,2018-07-02,2018-07-16,3,sports_leisure,Central-West,0.0
base,last_week,2018-07-02,2018-07-23,4,sports_leisure,Central-West,0.0
base,last_week,2018-07-02,2018-07-02,1,sports_leisure,North,0.0
base,last_week,2018-07-02,2018-07-09,2,sports_leisure,North,0.0
base,last_week,2018-07-02,2018-07-16,3,sports_leisure,North,0.0
base,last_week,2018-07-02,2018-07-23,4,sports_leisure,North,0.0
base,last_week,2018-07-02,2018-07-02,1,sports_leisure,Northeast,0.0
base,last_week,2018-07-02,2018-07-09,2,sports_leisure,Northeast,0.0
base,last_week,2018-07-02,2018-07-16,3,sports_leisure,Northeast,0.0
base,last_week,2018-07-02,2018-07-23,4,sports_leisure,Northeast,0.0
base,last_week,2018-07-02,2018-07-02,1,sports_leisure,South,0.0
base,last_week,2018-07-02,2018-07-09,2,sports_leisure,South,0.0
base,last_week,2018-07-02,2018-07-16,3,sports_leisure,South,0.0
base,last_week,2018-07-02,2018-07-23,4,sports_leisure,South,0.0
base,last_week,2018-07-02,2018-07-02,1,sports_leisure,Southeast,0.0
base,last_week,2018-07-02,2018-07-09,2,sports_leisure,Southeast,0.0
base,last_week,2018-07-02,2018-07-16,3,sports_leisure,Southeast,0.0
base,last_week,2018-07-02,2018-07-23,4,sports_leisure,Southeast,0.0
base,last_week,2018-07-02,2018-07-02,1,telephony,Central-West,0.0
base,last_week,2018-07-02,2018-07-09,2,telephony,Central-West,0.0
base,last_week,2018-07-02,2018-07-16,3,telephony,Central-West,0.0
base,last_week,2018-07-02,2018-07-23,4,telephony,Central-West,0.0
base,last_week,2018-07-02,2018-07-02,1,telephony,North,0.0
base,last_week,2018-07-02,2018-07-09,2,telephony,North,0.0
base,last_week,2018-07-02,2018-07-16,3,telephony,North,0.0
base,last_week,2018-07-02,2018-07-23,4,telephony,North,0.0
base,last_week,2018-07-02,2018-07-02,1,telephony,Northeast,0.0
base,last_week,2018-07-02,2018-07-09,2,telephony,Northeast,0.0
base,last_week,2018-07-02,2018-07-16,3,telephony,Northeast,0.0
base,last_week,2018-07-02,2018-07-23,4,telephony,Northeast,0.0
base,last_week,2018-07-02,2018-07-02,1,telephony,South,0.0
base,last_week,2018-07-02,2018-07-09,2,telephony,South,0.0
base,last_week,2018-07-02,2018-07-16,3,telephony,South,0.0
base,last_week,2018-07-02,2018-07-23,4,telephony,South,0.0
base,last_week,2018-07-02,2018-07-02,1,telephony,Southeast,0.0
base,last_week,2018-07-02,2018-07-09,2,telephony,Southeast,0.0
base,last_week,2018-07-02,2018-07-16,3,telephony,Southeast,0.0
base,last_week,2018-07-02,2018-07-23,4,telephony,Southeast,0.0
base,last_week,2018-07-02,2018-07-02,1,watches_gifts,Central-West,0.0
base,last_week,2018-07-02,2018-07-09,2,watches_gifts,Central-West,0.0
base,last_week,2018-07-02,2018-07-16,3,watches_gifts,Central-West,0.0
base,last_week,2018-07-02,2018-07-23,4,watches_gifts,Central-West,0.0
base,last_week,2018-07-02,2018-07-02,1,watches_gifts,North,0.0
base,last_week,2018-07-02,2018-07-09,2,watches_gifts,North,0.0
base,last_week,2018-07-02,2018-07-16,3,watches_gifts,North,0.0
base,last_week,2018-07-02,2018-07-23,4,watches_gifts,North,0.0
base,last_week,2018-07-02,2018-07-02,1,watches_gifts,Northeast,0.0
base,last_week,2018-07-02,2018-07-09,2,watches_gifts,Northeast,0.0
base,last_week,2018-07-02,2018-07-16,3,watches_gifts,Northeast,0.0
base,last_week,2018-07-02,2018-07-23,4,watches_gifts,Northeast,0.0
base,last_week,2018-07-02,2018-07-02,1,watches_gifts,South,0.0
base,last_week,2018-07-02,2018-07-09,2,watches_gifts,South,0.0
base,last_week,2018-07-02,2018-07-16,3,watches_gifts,South,0.0
base,last_week,2018-07-02,2018-07-23,4,watches_gifts,South,0.0
base,last_week,2018-07-02,2018-07-02,1,watches_gifts,Southeast,0.0
base,last_week,2018-07-02,2018-07-09,2,watches_gifts,Southeast,0.0
base,last_week,2018-07-02,2018-07-16,3,watches_gifts,Southeast,0.0
base,last_week,2018-07-02,2018-07-23,4,watches_gifts,Southeast,0.0
base,last_week,2018-07-09,2018-07-09,1,auto,Central-West,0.0
base,last_week,2018-07-09,2018-07-16,2,auto,Central-West,0.0
base,last_week,2018-07-09,2018-07-23,3,auto,Central-West,0.0
base,last_week,2018-07-09,2018-07-30,4,auto,Central-West,0.0
base,last_week,2018-07-09,2018-07-09,1,auto,North,0.0
base,last_week,2018-07-09,2018-07-16,2,auto,North,0.0
base,last_week,2018-07-09,2018-07-23,3,auto,North,0.0
base,last_week,2018-07-09,2018-07-30,4,auto,North,0.0
base,last_week,2018-07-09,2018-07-09,1,auto,Northeast,0.0
base,last_week,2018-07-09,2018-07-16,2,auto,Northeast,0.0
base,last_week,2018-07-09,2018-07-23,3,auto,Northeast,0.0
base,last_week,2018-07-09,2018-07-30,4,auto,Northeast,0.0
base,last_week,2018-07-09,2018-07-09,1,auto,South,0.0
base,last_week,2018-07-09,2018-07-16,2,auto,South,0.0
base,last_week,2018-07-09,2018-07-23,3,auto,South,0.0
base,last_week,2018-07-09,2018-07-30,4,auto,South,0.0
base,last_week,2018-07-09,2018-07-09,1,auto,Southeast,0.0
base,last_week,2018-07-09,2018-07-16,2,auto,Southeast,0.0
base,last_week,2018-07-09,2018-07-23,3,auto,Southeast,0.0
base,last_week,2018-07-09,2018-07-30,4,auto,Southeast,0.0
base,last_week,2018-07-09,2018-07-09,1,bed_bath_table,Central-West,0.0
base,last_week,2018-07-09,2018-07-16,2,bed_bath_table,Central-West,0.0
base,last_week,2018-07-09,2018-07-23,3,bed_bath_table,Central-West,0.0
base,last_week,2018-07-09,2018-07-30,4,bed_bath_table,Central-West,0.0
base,last_week,2018-07-09,2018-07-09,1,bed_bath_table,North,0.0
base,last_week,2018-07-09,2018-07-16,2,bed_bath_table,North,0.0
base,last_week,2018-07-09,2018-07-23,3,bed_bath_table,North,0.0
base,last_week,2018-07-09,2018-07-30,4,bed_bath_table,North,0.0
base,last_week,2018-07-09,2018-07-09,1,bed_bath_table,Northeast,0.0
base,last_week,2018-07-09,2018-07-16,2,bed_bath_table,Northeast,0.0
base,last_week,2018-07-09,2018-07-23,3,bed_bath_table,Northeast,0.0
base,last_week,2018-07-09,2018-07-30,4,bed_bath_table,Northeast,0.0
base,last_week,2018-07-09,2018-07-09,1,bed_bath_table,South,0.0
base,last_week,2018-07-09,2018-07-16,2,bed_bath_table,South,0.0
base,last_week,2018-07-09,2018-07-23,3,bed_bath_table,South,0.0
base,last_week,2018-07-09,2018-07-30,4,bed_bath_table,South,0.0
base,last_week,2018-07-09,2018-07-09,1,bed_bath_table,Southeast,0.0
base,last_week,2018-07-09,2018-07-16,2,bed_bath_table,Southeast,0.0
base,last_week,2018-07-09,2018-07-23,3,bed_bath_table,Southeast,0.0
base,last_week,2018-07-09,2018-07-30,4,bed_bath_table,Southeast,0.0
base,last_week,2018-07-09,2018-07-09,1,computers_accessories,Central-West,0.0
base,last_week,2018-07-09,2018-07-16,2,computers_accessories,Central-West,0.0
base,last_week,2018-07-09,2018-07-23,3,computers_accessories,Central-West,0.0
base,last_week,2018-07-09,2018-07-30,4,computers_accessories,Central-West,0.0
base,last_week,2018-07-09,2018-07-09,1,computers_accessories,North,0.0
base,last_week,2018-07-09,2018-07-16,2,computers_accessories,North,0.0
base,last_week,2018-07-09,2018-07-23,3,computers_accessories,North,0.0
base,last_week,2018-07-09,2018-07-30,4,computers_accessories,North,0.0
base,last_week,2018-07-09,2018-07-09,1,computers_accessories,Northeast,0.0
base,last_week,2018-07-09,2018-07-16,2,computers_accessories,Northeast,0.0
base,last_week,2018-07-09,2018-07-23,3,computers_accessories,Northeast,0.0
base,last_week,2018-07-09,2018-07-30,4,computers_accessories,Northeast,0.0
base,last_week,2018-07-09,2018-07-09,1,computers_accessories,South,0.0
base,last_week,2018-07-09,2018-07-16,2,computers_accessories,South,0.0
base,last_week,2018-07-09,2018-07-23,3,computers_accessories,South,0.0
base,last_week,2018-07-09,2018-07-30,4,computers_accessories,South,0.0
base,last_week,2018-07-09,2018-07-09,1,computers_accessories,Southeast,0.0
base,last_week,2018-07-09,2018-07-16,2,computers_accessories,Southeast,0.0
base,last_week,2018-07-09,2018-07-23,3,computers_accessories,Southeast,0.0
base,last_week,2018-07-09,2018-07-30,4,computers_accessories,Southeast,0.0
base,last_week,2018-07-09,2018-07-09,1,furniture_decor,Central-West,0.0
base,last_week,2018-07-09,2018-07-16,2,furniture_decor,Central-West,0.0
base,last_week,2018-07-09,2018-07-23,3,furniture_decor,Central-West,0.0
base,last_week,2018-07-09,2018-07-30,4,furniture_decor,Central-West,0.0
base,last_week,2018-07-09,2018-07-09,1,furniture_decor,North,0.0
base,last_week,2018-07-09,2018-07-16,2,furniture_decor,North,0.0
base,last_week,2018-07-09,2018-07-23,3,furniture_decor,North,0.0
base,last_week,2018-07-09,2018-07-30,4,furniture_decor,North,0.0
base,last_week,2018-07-09,2018-07-09,1,furniture_decor,Northeast,0.0
base,last_week,2018-07-09,2018-07-16,2,furniture_decor,Northeast,0.0
base,last_week,2018-07-09,2018-07-23,3,furniture_decor,Northeast,0.0
base,last_week,2018-07-09,2018-07-30,4,furniture_decor,Northeast,0.0
base,last_week,2018-07-09,2018-07-09,1,furniture_decor,South,0.0
base,last_week,2018-07-09,2018-07-16,2,furniture_decor,South,0.0
base,last_week,2018-07-09,2018-07-23,3,furniture_decor,South,0.0
base,last_week,2018-07-09,2018-07-30,4,furniture_decor,South,0.0
base,last_week,2018-07-09,2018-07-09,1,furniture_decor,Southeast,0.0
base,last_week,2018-07-09,2018-07-16,2,furniture_decor,Southeast,0.0
base,last_week,2018-07-09,2018-07-23,3,furniture_decor,Southeast,0.0
base,last_week,2018-07-09,2018-07-30,4,furniture_decor,Southeast,0.0
base,last_week,2018-07-09,2018-07-09,1,garden_tools,Central-West,0.0
base,last_week,2018-07-09,2018-07-16,2,garden_tools,Central-West,0.0
base,last_week,2018-07-09,2018-07-23,3,garden_tools,Central-West,0.0
base,last_week,2018-07-09,2018-07-30,4,garden_tools,Central-West,0.0
base,last_week,2018-07-09,2018-07-09,1,garden_tools,North,0.0
base,last_week,2018-07-09,2018-07-16,2,garden_tools,North,0.0
base,last_week,2018-07-09,2018-07-23,3,garden_tools,North,0.0
base,last_week,2018-07-09,2018-07-30,4,garden_tools,North,0.0
base,last_week,2018-07-09,2018-07-09,1,garden_tools,Northeast,0.0
base,last_week,2018-07-09,2018-07-16,2,garden_tools,Northeast,0.0
base,last_week,2018-07-09,2018-07-23,3,garden_tools,Northeast,0.0
base,last_week,2018-07-09,2018-07-30,4,garden_tools,Northeast,0.0
base,last_week,2018-07-09,2018-07-09,1,garden_tools,South,0.0
base,last_week,2018-07-09,2018-07-16,2,garden_tools,South,0.0
base,last_week,2018-07-09,2018-07-23,3,garden_tools,South,0.0
base,last_week,2018-07-09,2018-07-30,4,garden_tools,South,0.0
base,last_week,2018-07-09,2018-07-09,1,garden_tools,Southeast,0.0
base,last_week,2018-07-09,2018-07-16,2,garden_tools,Southeast,0.0
base,last_week,2018-07-09,2018-07-23,3,garden_tools,Southeast,0.0
base,last_week,2018-07-09,2018-07-30,4,garden_tools,Southeast,0.0
base,last_week,2018-07-09,2018-07-09,1,health_beauty,Central-West,0.0
base,last_week,2018-07-09,2018-07-16,2,health_beauty,Central-West,0.0
base,last_week,2018-07-09,2018-07-23,3,health_beauty,Central-West,0.0
base,last_week,2018-07-09,2018-07-30,4,health_beauty,Central-West,0.0
base,last_week,2018-07-09,2018-07-09,1,health_beauty,North,0.0
base,last_week,2018-07-09,2018-07-16,2,health_beauty,North,0.0
base,last_week,2018-07-09,2018-07-23,3,health_beauty,North,0.0
base,last_week,2018-07-09,2018-07-30,4,health_beauty,North,0.0
base,last_week,2018-07-09,2018-07-09,1,health_beauty,Northeast,0.0
base,last_week,2018-07-09,2018-07-16,2,health_beauty,Northeast,0.0
base,last_week,2018-07-09,2018-07-23,3,health_beauty,Northeast,0.0
base,last_week,2018-07-09,2018-07-30,4,health_beauty,Northeast,0.0
base,last_week,2018-07-09,2018-07-09,1,health_beauty,South,0.0
base,last_week,2018-07-09,2018-07-16,2,health_beauty,South,0.0
base,last_week,2018-07-09,2018-07-23,3,health_beauty,South,0.0
base,last_week,2018-07-09,2018-07-30,4,health_beauty,South,0.0
base,last_week,2018-07-09,2018-07-09,1,health_beauty,Southeast,0.0
base,last_week,2018-07-09,2018-07-16,2,health_beauty,Southeast,0.0
base,last_week,2018-07-09,2018-07-23,3,health_beauty,Southeast,0.0
base,last_week,2018-07-09,2018-07-30,4,health_beauty,Southeast,0.0
base,last_week,2018-07-09,2018-07-09,1,housewares,Central-West,0.0
base,last_week,2018-07-09,2018-07-16,2,housewares,Central-West,0.0
base,last_week,2018-07-09,2018-07-23,3,housewares,Central-West,0.0
base,last_week,2018-07-09,2018-07-30,4,housewares,Central-West,0.0
base,last_week,2018-07-09,2018-07-09,1,housewares,North,0.0
base,last_week,2018-07-09,2018-07-16,2,housewares,North,0.0
base,last_week,2018-07-09,2018-07-23,3,housewares,North,0.0
base,last_week,2018-07-09,2018-07-30,4,housewares,North,0.0
base,last_week,2018-07-09,2018-07-09,1,housewares,Northeast,0.0
base,last_week,2018-07-09,2018-07-16,2,housewares,Northeast,0.0
base,last_week,2018-07-09,2018-07-23,3,housewares,Northeast,0.0
base,last_week,2018-07-09,2018-07-30,4,housewares,Northeast,0.0
base,last_week,2018-07-09,2018-07-09,1,housewares,South,0.0
base,last_week,2018-07-09,2018-07-16,2,housewares,South,0.0
base,last_week,2018-07-09,2018-07-23,3,housewares,South,0.0
base,last_week,2018-07-09,2018-07-30,4,housewares,South,0.0
base,last_week,2018-07-09,2018-07-09,1,housewares,Southeast,0.0
base,last_week,2018-07-09,2018-07-16,2,housewares,Southeast,0.0
base,last_week,2018-07-09,2018-07-23,3,housewares,Southeast,0.0
base,last_week,2018-07-09,2018-07-30,4,housewares,Southeast,0.0
base,last_week,2018-07-09,2018-07-09,1,sports_leisure,Central-West,0.0
base,last_week,2018-07-09,2018-07-16,2,sports_leisure,Central-West,0.0
base,last_week,2018-07-09,2018-07-23,3,sports_leisure,Central-West,0.0
base,last_week,2018-07-09,2018-07-30,4,sports_leisure,Central-West,0.0
base,last_week,2018-07-09,2018-07-09,1,sports_leisure,North,0.0
base,last_week,2018-07-09,2018-07-16,2,sports_leisure,North,0.0
base,last_week,2018-07-09,2018-07-23,3,sports_leisure,North,0.0
base,last_week,2018-07-09,2018-07-30,4,sports_leisure,North,0.0
base,last_week,2018-07-09,2018-07-09,1,sports_leisure,Northeast,0.0
base,last_week,2018-07-09,2018-07-16,2,sports_leisure,Northeast,0.0
base,last_week,2018-07-09,2018-07-23,3,sports_leisure,Northeast,0.0
base,last_week,2018-07-09,2018-07-30,4,sports_leisure,Northeast,0.0
base,last_week,2018-07-09,2018-07-09,1,sports_leisure,South,0.0
base,last_week,2018-07-09,2018-07-16,2,sports_leisure,South,0.0
base,last_week,2018-07-09,2018-07-23,3,sports_leisure,South,0.0
base,last_week,2018-07-09,2018-07-30,4,sports_leisure,South,0.0
base,last_week,2018-07-09,2018-07-09,1,sports_leisure,Southeast,0.0
base,last_week,2018-07-09,2018-07-16,2,sports_leisure,Southeast,0.0
base,last_week,2018-07-09,2018-07-23,3,sports_leisure,Southeast,0.0
base,last_week,2018-07-09,2018-07-30,4,sports_leisure,Southeast,0.0
base,last_week,2018-07-09,2018-07-09,1,telephony,Central-West,0.0
base,last_week,2018-07-09,2018-07-16,2,telephony,Central-West,0.0
base,last_week,2018-07-09,2018-07-23,3,telephony,Central-West,0.0
base,last_week,2018-07-09,2018-07-30,4,telephony,Central-West,0.0
base,last_week,2018-07-09,2018-07-09,1,telephony,North,0.0
base,last_week,2018-07-09,2018-07-16,2,telephony,North,0.0
base,last_week,2018-07-09,2018-07-23,3,telephony,North,0.0
base,last_week,2018-07-09,2018-07-30,4,telephony,North,0.0
base,last_week,2018-07-09,2018-07-09,1,telephony,Northeast,0.0
base,last_week,2018-07-09,2018-07-16,2,telephony,Northeast,0.0
base,last_week,2018-07-09,2018-07-23,3,telephony,Northeast,0.0
base,last_week,2018-07-09,2018-07-30,4,telephony,Northeast,0.0
base,last_week,2018-07-09,2018-07-09,1,telephony,South,0.0
base,last_week,2018-07-09,2018-07-16,2,telephony,South,0.0
base,last_week,2018-07-09,2018-07-23,3,telephony,South,0.0
base,last_week,2018-07-09,2018-07-30,4,telephony,South,0.0
base,last_week,2018-07-09,2018-07-09,1,telephony,Southeast,0.0
base,last_week,2018-07-09,2018-07-16,2,telephony,Southeast,0.0
base,last_week,2018-07-09,2018-07-23,3,telephony,Southeast,0.0
base,last_week,2018-07-09,2018-07-30,4,telephony,Southeast,0.0
base,last_week,2018-07-09,2018-07-09,1,watches_gifts,Central-West,0.0
base,last_week,2018-07-09,2018-07-16,2,watches_gifts,Central-West,0.0
base,last_week,2018-07-09,2018-07-23,3,watches_gifts,Central-West,0.0
base,last_week,2018-07-09,2018-07-30,4,watches_gifts,Central-West,0.0
base,last_week,2018-07-09,2018-07-09,1,watches_gifts,North,0.0
base,last_week,2018-07-09,2018-07-16,2,watches_gifts,North,0.0
base,last_week,2018-07-09,2018-07-23,3,watches_gifts,North,0.0
base,last_week,2018-07-09,2018-07-30,4,watches_gifts,North,0.0
base,last_week,2018-07-09,2018-07-09,1,watches_gifts,Northeast,0.0
base,last_week,2018-07-09,2018-07-16,2,watches_gifts,Northeast,0.0
base,last_week,2018-07-09,2018-07-23,3,watches_gifts,Northeast,0.0
base,last_week,2018-07-09,2018-07-30,4,watches_gifts,Northeast,0.0
base,last_week,2018-07-09,2018-07-09,1,watches_gifts,South,0.0
base,last_week,2018-07-09,2018-07-16,2,watches_gifts,South,0.0
base,last_week,2018-07-09,2018-07-23,3,watches_gifts,South,0.0
base,last_week,2018-07-09,2018-07-30,4,watches_gifts,South,0.0
base,last_week,2018-07-09,2018-07-09,1,watches_gifts,Southeast,0.0
base,last_week,2018-07-09,2018-07-16,2,watches_gifts,Southeast,0.0
base,last_week,2018-07-09,2018-07-23,3,watches_gifts,Southeast,0.0
base,last_week,2018-07-09,2018-07-30,4,watches_gifts,Southeast,0.0
base,last_week,2018-07-16,2018-07-16,1,auto,Central-West,0.0
base,last_week,2018-07-16,2018-07-23,2,auto,Central-West,0.0
base,last_week,2018-07-16,2018-07-30,3,auto,Central-West,0.0
base,last_week,2018-07-16,2018-08-06,4,auto,Central-West,0.0
base,last_week,2018-07-16,2018-07-16,1,auto,North,0.0
base,last_week,2018-07-16,2018-07-23,2,auto,North,0.0
base,last_week,2018-07-16,2018-07-30,3,auto,North,0.0
base,last_week,2018-07-16,2018-08-06,4,auto,North,0.0
base,last_week,2018-07-16,2018-07-16,1,auto,Northeast,0.0
base,last_week,2018-07-16,2018-07-23,2,auto,Northeast,0.0
base,last_week,2018-07-16,2018-07-30,3,auto,Northeast,0.0
base,last_week,2018-07-16,2018-08-06,4,auto,Northeast,0.0
base,last_week,2018-07-16,2018-07-16,1,auto,South,0.0
base,last_week,2018-07-16,2018-07-23,2,auto,South,0.0
base,last_week,2018-07-16,2018-07-30,3,auto,South,0.0
base,last_week,2018-07-16,2018-08-06,4,auto,South,0.0
base,last_week,2018-07-16,2018-07-16,1,auto,Southeast,0.0
base,last_week,2018-07-16,2018-07-23,2,auto,Southeast,0.0
base,last_week,2018-07-16,2018-07-30,3,auto,Southeast,0.0
base,last_week,2018-07-16,2018-08-06,4,auto,Southeast,0.0
base,last_week,2018-07-16,2018-07-16,1,bed_bath_table,Central-West,0.0
base,last_week,2018-07-16,2018-07-23,2,bed_bath_table,Central-West,0.0
base,last_week,2018-07-16,2018-07-30,3,bed_bath_table,Central-West,0.0
base,last_week,2018-07-16,2018-08-06,4,bed_bath_table,Central-West,0.0
base,last_week,2018-07-16,2018-07-16,1,bed_bath_table,North,0.0
base,last_week,2018-07-16,2018-07-23,2,bed_bath_table,North,0.0
base,last_week,2018-07-16,2018-07-30,3,bed_bath_table,North,0.0
base,last_week,2018-07-16,2018-08-06,4,bed_bath_table,North,0.0
base,last_week,2018-07-16,2018-07-16,1,bed_bath_table,Northeast,0.0
base,last_week,2018-07-16,2018-07-23,2,bed_bath_table,Northeast,0.0
base,last_week,2018-07-16,2018-07-30,3,bed_bath_table,Northeast,0.0
base,last_week,2018-07-16,2018-08-06,4,bed_bath_table,Northeast,0.0
base,last_week,2018-07-16,2018-07-16,1,bed_bath_table,South,0.0
base,last_week,2018-07-16,2018-07-23,2,bed_bath_table,South,0.0
base,last_week,2018-07-16,2018-07-30,3,bed_bath_table,South,0.0
base,last_week,2018-07-16,2018-08-06,4,bed_bath_table,South,0.0
base,last_week,2018-07-16,2018-07-16,1,bed_bath_table,Southeast,0.0
base,last_week,2018-07-16,2018-07-23,2,bed_bath_table,Southeast,0.0
base,last_week,2018-07-16,2018-07-30,3,bed_bath_table,Southeast,0.0
base,last_week,2018-07-16,2018-08-06,4,bed_bath_table,Southeast,0.0
base,last_week,2018-07-16,2018-07-16,1,computers_accessories,Central-West,0.0
base,last_week,2018-07-16,2018-07-23,2,computers_accessories,Central-West,0.0
base,last_week,2018-07-16,2018-07-30,3,computers_accessories,Central-West,0.0
base,last_week,2018-07-16,2018-08-06,4,computers_accessories,Central-West,0.0
base,last_week,2018-07-16,2018-07-16,1,computers_accessories,North,0.0
base,last_week,2018-07-16,2018-07-23,2,computers_accessories,North,0.0
base,last_week,2018-07-16,2018-07-30,3,computers_accessories,North,0.0
base,last_week,2018-07-16,2018-08-06,4,computers_accessories,North,0.0
base,last_week,2018-07-16,2018-07-16,1,computers_accessories,Northeast,0.0
base,last_week,2018-07-16,2018-07-23,2,computers_accessories,Northeast,0.0
base,last_week,2018-07-16,2018-07-30,3,computers_accessories,Northeast,0.0
base,last_week,2018-07-16,2018-08-06,4,computers_accessories,Northeast,0.0
base,last_week,2018-07-16,2018-07-16,1,computers_accessories,South,0.0
base,last_week,2018-07-16,2018-07-23,2,computers_accessories,South,0.0
base,last_week,2018-07-16,2018-07-30,3,computers_accessories,South,0.0
base,last_week,2018-07-16,2018-08-06,4,computers_accessories,South,0.0
base,last_week,2018-07-16,2018-07-16,1,computers_accessories,Southeast,0.0
base,last_week,2018-07-16,2018-07-23,2,computers_accessories,Southeast,0.0
base,last_week,2018-07-16,2018-07-30,3,computers_accessories,Southeast,0.0
base,last_week,2018-07-16,2018-08-06,4,computers_accessories,Southeast,0.0
base,last_week,2018-07-16,2018-07-16,1,furniture_decor,Central-West,0.0
base,last_week,2018-07-16,2018-07-23,2,furniture_decor,Central-West,0.0
base,last_week,2018-07-16,2018-07-30,3,furniture_decor,Central-West,0.0
base,last_week,2018-07-16,2018-08-06,4,furniture_decor,Central-West,0.0
base,last_week,2018-07-16,2018-07-16,1,furniture_decor,North,0.0
base,last_week,2018-07-16,2018-07-23,2,furniture_decor,North,0.0
base,last_week,2018-07-16,2018-07-30,3,furniture_decor,North,0.0
base,last_week,2018-07-16,2018-08-06,4,furniture_decor,North,0.0
base,last_week,2018-07-16,2018-07-16,1,furniture_decor,Northeast,0.0
base,last_week,2018-07-16,2018-07-23,2,furniture_decor,Northeast,0.0
base,last_week,2018-07-16,2018-07-30,3,furniture_decor,Northeast,0.0
base,last_week,2018-07-16,2018-08-06,4,furniture_decor,Northeast,0.0
base,last_week,2018-07-16,2018-07-16,1,furniture_decor,South,0.0
base,last_week,2018-07-16,2018-07-23,2,furniture_decor,South,0.0
base,last_week,2018-07-16,2018-07-30,3,furniture_decor,South,0.0
base,last_week,2018-07-16,2018-08-06,4,furniture_decor,South,0.0
base,last_week,2018-07-16,2018-07-16,1,furniture_decor,Southeast,0.0
base,last_week,2018-07-16,2018-07-23,2,furniture_decor,Southeast,0.0
base,last_week,2018-07-16,2018-07-30,3,furniture_decor,Southeast,0.0
base,last_week,2018-07-16,2018-08-06,4,furniture_decor,Southeast,0.0
base,last_week,2018-07-16,2018-07-16,1,garden_tools,Central-West,0.0
base,last_week,2018-07-16,2018-07-23,2,garden_tools,Central-West,0.0
base,last_week,2018-07-16,2018-07-30,3,garden_tools,Central-West,0.0
base,last_week,2018-07-16,2018-08-06,4,garden_tools,Central-West,0.0
base,last_week,2018-07-16,2018-07-16,1,garden_tools,North,0.0
base,last_week,2018-07-16,2018-07-23,2,garden_tools,North,0.0
base,last_week,2018-07-16,2018-07-30,3,garden_tools,North,0.0
base,last_week,2018-07-16,2018-08-06,4,garden_tools,North,0.0
base,last_week,2018-07-16,2018-07-16,1,garden_tools,Northeast,0.0
base,last_week,2018-07-16,2018-07-23,2,garden_tools,Northeast,0.0
base,last_week,2018-07-16,2018-07-30,3,garden_tools,Northeast,0.0
base,last_week,2018-07-16,2018-08-06,4,garden_tools,Northeast,0.0
base,last_week,2018-07-16,2018-07-16,1,garden_tools,South,0.0
base,last_week,2018-07-16,2018-07-23,2,garden_tools,South,0.0
base,last_week,2018-07-16,2018-07-30,3,garden_tools,South,0.0
base,last_week,2018-07-16,2018-08-06,4,garden_tools,South,0.0
base,last_week,2018-07-16,2018-07-16,1,garden_tools,Southeast,0.0
base,last_week,2018-07-16,2018-07-23,2,garden_tools,Southeast,0.0
base,last_week,2018-07-16,2018-07-30,3,garden_tools,Southeast,0.0
base,last_week,2018-07-16,2018-08-06,4,garden_tools,Southeast,0.0
base,last_week,2018-07-16,2018-07-16,1,health_beauty,Central-West,0.0
base,last_week,2018-07-16,2018-07-23,2,health_beauty,Central-West,0.0
base,last_week,2018-07-16,2018-07-30,3,health_beauty,Central-West,0.0
base,last_week,2018-07-16,2018-08-06,4,health_beauty,Central-West,0.0
base,last_week,2018-07-16,2018-07-16,1,health_beauty,North,0.0
base,last_week,2018-07-16,2018-07-23,2,health_beauty,North,0.0
base,last_week,2018-07-16,2018-07-30,3,health_beauty,North,0.0
base,last_week,2018-07-16,2018-08-06,4,health_beauty,North,0.0
base,last_week,2018-07-16,2018-07-16,1,health_beauty,Northeast,0.0
base,last_week,2018-07-16,2018-07-23,2,health_beauty,Northeast,0.0
base,last_week,2018-07-16,2018-07-30,3,health_beauty,Northeast,0.0
base,last_week,2018-07-16,2018-08-06,4,health_beauty,Northeast,0.0
base,last_week,2018-07-16,2018-07-16,1,health_beauty,South,0.0
base,last_week,2018-07-16,2018-07-23,2,health_beauty,South,0.0
base,last_week,2018-07-16,2018-07-30,3,health_beauty,South,0.0
base,last_week,2018-07-16,2018-08-06,4,health_beauty,South,0.0
base,last_week,2018-07-16,2018-07-16,1,health_beauty,Southeast,0.0
base,last_week,2018-07-16,2018-07-23,2,health_beauty,Southeast,0.0
base,last_week,2018-07-16,2018-07-30,3,health_beauty,Southeast,0.0
base,last_week,2018-07-16,2018-08-06,4,health_beauty,Southeast,0.0
base,last_week,2018-07-16,2018-07-16,1,housewares,Central-West,0.0
base,last_week,2018-07-16,2018-07-23,2,housewares,Central-West,0.0
base,last_week,2018-07-16,2018-07-30,3,housewares,Central-West,0.0
base,last_week,2018-07-16,2018-08-06,4,housewares,Central-West,0.0
base,last_week,2018-07-16,2018-07-16,1,housewares,North,0.0
base,last_week,2018-07-16,2018-07-23,2,housewares,North,0.0
base,last_week,2018-07-16,2018-07-30,3,housewares,North,0.0
base,last_week,2018-07-16,2018-08-06,4,housewares,North,0.0
base,last_week,2018-07-16,2018-07-16,1,housewares,Northeast,0.0
base,last_week,2018-07-16,2018-07-23,2,housewares,Northeast,0.0
base,last_week,2018-07-16,2018-07-30,3,housewares,Northeast,0.0
base,last_week,2018-07-16,2018-08-06,4,housewares,Northeast,0.0
base,last_week,2018-07-16,2018-07-16,1,housewares,South,0.0
base,last_week,2018-07-16,2018-07-23,2,housewares,South,0.0
base,last_week,2018-07-16,2018-07-30,3,housewares,South,0.0
base,last_week,2018-07-16,2018-08-06,4,housewares,South,0.0
base,last_week,2018-07-16,2018-07-16,1,housewares,Southeast,0.0
base,last_week,2018-07-16,2018-07-23,2,housewares,Southeast,0.0
base,last_week,2018-07-16,2018-07-30,3,housewares,Southeast,0.0
base,last_week,2018-07-16,2018-08-06,4,housewares,Southeast,0.0
base,last_week,2018-07-16,2018-07-16,1,sports_leisure,Central-West,0.0
base,last_week,2018-07-16,2018-07-23,2,sports_leisure,Central-West,0.0
base,last_week,2018-07-16,2018-07-30,3,sports_leisure,Central-West,0.0
base,last_week,2018-07-16,2018-08-06,4,sports_leisure,Central-West,0.0
base,last_week,2018-07-16,2018-07-16,1,sports_leisure,North,0.0
base,last_week,2018-07-16,2018-07-23,2,sports_leisure,North,0.0
base,last_week,2018-07-16,2018-07-30,3,sports_leisure,North,0.0
base,last_week,2018-07-16,2018-08-06,4,sports_leisure,North,0.0
base,last_week,2018-07-16,2018-07-16,1,sports_leisure,Northeast,0.0
base,last_week,2018-07-16,2018-07-23,2,sports_leisure,Northeast,0.0
base,last_week,2018-07-16,2018-07-30,3,sports_leisure,Northeast,0.0
base,last_week,2018-07-16,2018-08-06,4,sports_leisure,Northeast,0.0
base,last_week,2018-07-16,2018-07-16,1,sports_leisure,South,0.0
base,last_week,2018-07-16,2018-07-23,2,sports_leisure,South,0.0
base,last_week,2018-07-16,2018-07-30,3,sports_leisure,South,0.0
base,last_week,2018-07-16,2018-08-06,4,sports_leisure,South,0.0
base,last_week,2018-07-16,2018-07-16,1,sports_leisure,Southeast,0.0
base,last_week,2018-07-16,2018-07-23,2,sports_leisure,Southeast,0.0
base,last_week,2018-07-16,2018-07-30,3,sports_leisure,Southeast,0.0
base,last_week,2018-07-16,2018-08-06,4,sports_leisure,Southeast,0.0
base,last_week,2018-07-16,2018-07-16,1,telephony,Central-West,0.0
base,last_week,2018-07-16,2018-07-23,2,telephony,Central-West,0.0
base,last_week,2018-07-16,2018-07-30,3,telephony,Central-West,0.0
base,last_week,2018-07-16,2018-08-06,4,telephony,Central-West,0.0
base,last_week,2018-07-16,2018-07-16,1,telephony,North,0.0
base,last_week,2018-07-16,2018-07-23,2,telephony,North,0.0
base,last_week,2018-07-16,2018-07-30,3,telephony,North,0.0
base,last_week,2018-07-16,2018-08-06,4,telephony,North,0.0
base,last_week,2018-07-16,2018-07-16,1,telephony,Northeast,0.0
base,last_week,2018-07-16,2018-07-23,2,telephony,Northeast,0.0
base,last_week,2018-07-16,2018-07-30,3,telephony,Northeast,0.0
base,last_week,2018-07-16,2018-08-06,4,telephony,Northeast,0.0
base,last_week,2018-07-16,2018-07-16,1,telephony,South,0.0
base,last_week,2018-07-16,2018-07-23,2,telephony,South,0.0
base,last_week,2018-07-16,2018-07-30,3,telephony,South,0.0
base,last_week,2018-07-16,2018-08-06,4,telephony,South,0.0
base,last_week,2018-07-16,2018-07-16,1,telephony,Southeast,0.0
base,last_week,2018-07-16,2018-07-23,2,telephony,Southeast,0.0
base,last_week,2018-07-16,2018-07-30,3,telephony,Southeast,0.0
base,last_week,2018-07-16,2018-08-06,4,telephony,Southeast,0.0
base,last_week,2018-07-16,2018-07-16,1,watches_gifts,Central-West,8.0
base,last_week,2018-07-16,2018-07-23,2,watches_gifts,Central-West,0.0
base,last_week,2018-07-16,2018-07-30,3,watches_gifts,Central-West,0.0
base,last_week,2018-07-16,2018-08-06,4,watches_gifts,Central-West,0.0
base,last_week,2018-07-16,2018-07-16,1,watches_gifts,North,3.0
base,last_week,2018-07-16,2018-07-23,2,watches_gifts,North,0.0
base,last_week,2018-07-16,2018-07-30,3,watches_gifts,North,0.0
base,last_week,2018-07-16,2018-08-06,4,watches_gifts,North,0.0
base,last_week,2018-07-16,2018-07-16,1,watches_gifts,Northeast,16.0
base,last_week,2018-07-16,2018-07-23,2,watches_gifts,Northeast,0.0
base,last_week,2018-07-16,2018-07-30,3,watches_gifts,Northeast,0.0
base,last_week,2018-07-16,2018-08-06,4,watches_gifts,Northeast,0.0
base,last_week,2018-07-16,2018-07-16,1,watches_gifts,South,8.0
base,last_week,2018-07-16,2018-07-23,2,watches_gifts,South,0.0
base,last_week,2018-07-16,2018-07-30,3,watches_gifts,South,0.0
base,last_week,2018-07-16,2018-08-06,4,watches_gifts,South,0.0
base,last_week,2018-07-16,2018-07-16,1,watches_gifts,Southeast,0.0
base,last_week,2018-07-16,2018-07-23,2,watches_gifts,Southeast,0.0
base,last_week,2018-07-16,2018-07-30,3,watches_gifts,Southeast,0.0
base,last_week,2018-07-16,2018-08-06,4,watches_gifts,Southeast,0.0
base,last_week,2018-07-23,2018-07-23,1,auto,Central-West,9.0
base,last_week,2018-07-23,2018-07-30,2,auto,Central-West,0.0
base,last_week,2018-07-23,2018-08-06,3,auto,Central-West,0.0
base,last_week,2018-07-23,2018-08-13,4,auto,Central-West,0.0
base,last_week,2018-07-23,2018-07-23,1,auto,North,6.0
base,last_week,2018-07-23,2018-07-30,2,auto,North,0.0
base,last_week,2018-07-23,2018-08-06,3,auto,North,0.0
base,last_week,2018-07-23,2018-08-13,4,auto,North,0.0
base,last_week,2018-07-23,2018-07-23,1,auto,Northeast,16.0
base,last_week,2018-07-23,2018-07-30,2,auto,Northeast,0.0
base,last_week,2018-07-23,2018-08-06,3,auto,Northeast,0.0
base,last_week,2018-07-23,2018-08-13,4,auto,Northeast,0.0
base,last_week,2018-07-23,2018-07-23,1,auto,South,9.0
base,last_week,2018-07-23,2018-07-30,2,auto,South,0.0
base,last_week,2018-07-23,2018-08-06,3,auto,South,0.0
base,last_week,2018-07-23,2018-08-13,4,auto,South,0.0
base,last_week,2018-07-23,2018-07-23,1,auto,Southeast,21.0
base,last_week,2018-07-23,2018-07-30,2,auto,Southeast,0.0
base,last_week,2018-07-23,2018-08-06,3,auto,Southeast,0.0
base,last_week,2018-07-23,2018-08-13,4,auto,Southeast,0.0
base,last_week,2018-07-23,2018-07-23,1,bed_bath_table,Central-West,13.0
base,last_week,2018-07-23,2018-07-30,2,bed_bath_table,Central-West,0.0
base,last_week,2018-07-23,2018-08-06,3,bed_bath_table,Central-West,0.0
base,last_week,2018-07-23,2018-08-13,4,bed_bath_table,Central-West,0.0
base,last_week,2018-07-23,2018-07-23,1,bed_bath_table,North,2.0
base,last_week,2018-07-23,2018-07-30,2,bed_bath_table,North,0.0
base,last_week,2018-07-23,2018-08-06,3,bed_bath_table,North,0.0
base,last_week,2018-07-23,2018-08-13,4,bed_bath_table,North,0.0
base,last_week,2018-07-23,2018-07-23,1,bed_bath_table,Northeast,11.0
base,last_week,2018-07-23,2018-07-30,2,bed_bath_table,Northeast,0.0
base,last_week,2018-07-23,2018-08-06,3,bed_bath_table,Northeast,0.0
base,last_week,2018-07-23,2018-08-13,4,bed_bath_table,Northeast,0.0
base,last_week,2018-07-23,2018-07-23,1,bed_bath_table,South,2.0
base,last_week,2018-07-23,2018-07-30,2,bed_bath_table,South,0.0
base,last_week,2018-07-23,2018-08-06,3,bed_bath_table,South,0.0
base,last_week,2018-07-23,2018-08-13,4,bed_bath_table,South,0.0
base,last_week,2018-07-23,2018-07-23,1,bed_bath_table,Southeast,105.0
base,last_week,2018-07-23,2018-07-30,2,bed_bath_table,Southeast,0.0
base,last_week,2018-07-23,2018-08-06,3,bed_bath_table,Southeast,0.0
base,last_week,2018-07-23,2018-08-13,4,bed_bath_table,Southeast,0.0
base,last_week,2018-07-23,2018-07-23,1,computers_accessories,Central-West,10.0
base,last_week,2018-07-23,2018-07-30,2,computers_accessories,Central-West,0.0
base,last_week,2018-07-23,2018-08-06,3,computers_accessories,Central-West,0.0
base,last_week,2018-07-23,2018-08-13,4,computers_accessories,Central-West,0.0
base,last_week,2018-07-23,2018-07-23,1,computers_accessories,North,5.0
base,last_week,2018-07-23,2018-07-30,2,computers_accessories,North,0.0
base,last_week,2018-07-23,2018-08-06,3,computers_accessories,North,0.0
base,last_week,2018-07-23,2018-08-13,4,computers_accessories,North,0.0
base,last_week,2018-07-23,2018-07-23,1,computers_accessories,Northeast,12.0
base,last_week,2018-07-23,2018-07-30,2,computers_accessories,Northeast,0.0
base,last_week,2018-07-23,2018-08-06,3,computers_accessories,Northeast,0.0
base,last_week,2018-07-23,2018-08-13,4,computers_accessories,Northeast,0.0
base,last_week,2018-07-23,2018-07-23,1,computers_accessories,South,1.0
base,last_week,2018-07-23,2018-07-30,2,computers_accessories,South,0.0
base,last_week,2018-07-23,2018-08-06,3,computers_accessories,South,0.0
base,last_week,2018-07-23,2018-08-13,4,computers_accessories,South,0.0
base,last_week,2018-07-23,2018-07-23,1,computers_accessories,Southeast,20.0
base,last_week,2018-07-23,2018-07-30,2,computers_accessories,Southeast,0.0
base,last_week,2018-07-23,2018-08-06,3,computers_accessories,Southeast,0.0
base,last_week,2018-07-23,2018-08-13,4,computers_accessories,Southeast,0.0
base,last_week,2018-07-23,2018-07-23,1,furniture_decor,Central-West,0.0
base,last_week,2018-07-23,2018-07-30,2,furniture_decor,Central-West,0.0
base,last_week,2018-07-23,2018-08-06,3,furniture_decor,Central-West,0.0
base,last_week,2018-07-23,2018-08-13,4,furniture_decor,Central-West,0.0
base,last_week,2018-07-23,2018-07-23,1,furniture_decor,North,5.0
base,last_week,2018-07-23,2018-07-30,2,furniture_decor,North,0.0
base,last_week,2018-07-23,2018-08-06,3,furniture_decor,North,0.0
base,last_week,2018-07-23,2018-08-13,4,furniture_decor,North,0.0
base,last_week,2018-07-23,2018-07-23,1,furniture_decor,Northeast,13.0
base,last_week,2018-07-23,2018-07-30,2,furniture_decor,Northeast,0.0
base,last_week,2018-07-23,2018-08-06,3,furniture_decor,Northeast,0.0
base,last_week,2018-07-23,2018-08-13,4,furniture_decor,Northeast,0.0
base,last_week,2018-07-23,2018-07-23,1,furniture_decor,South,7.0
base,last_week,2018-07-23,2018-07-30,2,furniture_decor,South,0.0
base,last_week,2018-07-23,2018-08-06,3,furniture_decor,South,0.0
base,last_week,2018-07-23,2018-08-13,4,furniture_decor,South,0.0
base,last_week,2018-07-23,2018-07-23,1,furniture_decor,Southeast,34.0
base,last_week,2018-07-23,2018-07-30,2,furniture_decor,Southeast,0.0
base,last_week,2018-07-23,2018-08-06,3,furniture_decor,Southeast,0.0
base,last_week,2018-07-23,2018-08-13,4,furniture_decor,Southeast,0.0
base,last_week,2018-07-23,2018-07-23,1,garden_tools,Central-West,0.0
base,last_week,2018-07-23,2018-07-30,2,garden_tools,Central-West,0.0
base,last_week,2018-07-23,2018-08-06,3,garden_tools,Central-West,0.0
base,last_week,2018-07-23,2018-08-13,4,garden_tools,Central-West,0.0
base,last_week,2018-07-23,2018-07-23,1,garden_tools,North,0.0
base,last_week,2018-07-23,2018-07-30,2,garden_tools,North,0.0
base,last_week,2018-07-23,2018-08-06,3,garden_tools,North,0.0
base,last_week,2018-07-23,2018-08-13,4,garden_tools,North,0.0
base,last_week,2018-07-23,2018-07-23,1,garden_tools,Northeast,0.0
base,last_week,2018-07-23,2018-07-30,2,garden_tools,Northeast,0.0
base,last_week,2018-07-23,2018-08-06,3,garden_tools,Northeast,0.0
base,last_week,2018-07-23,2018-08-13,4,garden_tools,Northeast,0.0
base,last_week,2018-07-23,2018-07-23,1,garden_tools,South,0.0
base,last_week,2018-07-23,2018-07-30,2,garden_tools,South,0.0
base,last_week,2018-07-23,2018-08-06,3,garden_tools,South,0.0
base,last_week,2018-07-23,2018-08-13,4,garden_tools,South,0.0
base,last_week,2018-07-23,2018-07-23,1,garden_tools,Southeast,0.0
base,last_week,2018-07-23,2018-07-30,2,garden_tools,Southeast,0.0
base,last_week,2018-07-23,2018-08-06,3,garden_tools,Southeast,0.0
base,last_week,2018-07-23,2018-08-13,4,garden_tools,Southeast,0.0
base,last_week,2018-07-23,2018-07-23,1,health_beauty,Central-West,17.0
base,last_week,2018-07-23,2018-07-30,2,health_beauty,Central-West,0.0
base,last_week,2018-07-23,2018-08-06,3,health_beauty,Central-West,0.0
base,last_week,2018-07-23,2018-08-13,4,health_beauty,Central-West,0.0
base,last_week,2018-07-23,2018-07-23,1,health_beauty,North,4.0
base,last_week,2018-07-23,2018-07-30,2,health_beauty,North,0.0
base,last_week,2018-07-23,2018-08-06,3,health_beauty,North,0.0
base,last_week,2018-07-23,2018-08-13,4,health_beauty,North,0.0
base,last_week,2018-07-23,2018-07-23,1,health_beauty,Northeast,32.0
base,last_week,2018-07-23,2018-07-30,2,health_beauty,Northeast,0.0
base,last_week,2018-07-23,2018-08-06,3,health_beauty,Northeast,0.0
base,last_week,2018-07-23,2018-08-13,4,health_beauty,Northeast,0.0
base,last_week,2018-07-23,2018-07-23,1,health_beauty,South,11.0
base,last_week,2018-07-23,2018-07-30,2,health_beauty,South,0.0
base,last_week,2018-07-23,2018-08-06,3,health_beauty,South,0.0
base,last_week,2018-07-23,2018-08-13,4,health_beauty,South,0.0
base,last_week,2018-07-23,2018-07-23,1,health_beauty,Southeast,46.0
base,last_week,2018-07-23,2018-07-30,2,health_beauty,Southeast,0.0
base,last_week,2018-07-23,2018-08-06,3,health_beauty,Southeast,0.0
base,last_week,2018-07-23,2018-08-13,4,health_beauty,Southeast,0.0
base,last_week,2018-07-23,2018-07-23,1,housewares,Central-West,14.0
base,last_week,2018-07-23,2018-07-30,2,housewares,Central-West,0.0
base,last_week,2018-07-23,2018-08-06,3,housewares,Central-West,0.0
base,last_week,2018-07-23,2018-08-13,4,housewares,Central-West,0.0
base,last_week,2018-07-23,2018-07-23,1,housewares,North,2.0
base,last_week,2018-07-23,2018-07-30,2,housewares,North,0.0
base,last_week,2018-07-23,2018-08-06,3,housewares,North,0.0
base,last_week,2018-07-23,2018-08-13,4,housewares,North,0.0
base,last_week,2018-07-23,2018-07-23,1,housewares,Northeast,8.0
base,last_week,2018-07-23,2018-07-30,2,housewares,Northeast,0.0
base,last_week,2018-07-23,2018-08-06,3,housewares,Northeast,0.0
base,last_week,2018-07-23,2018-08-13,4,housewares,Northeast,0.0
base,last_week,2018-07-23,2018-07-23,1,housewares,South,34.0
base,last_week,2018-07-23,2018-07-30,2,housewares,South,0.0
base,last_week,2018-07-23,2018-08-06,3,housewares,South,0.0
base,last_week,2018-07-23,2018-08-13,4,housewares,South,0.0
base,last_week,2018-07-23,2018-07-23,1,housewares,Southeast,11.0
base,last_week,2018-07-23,2018-07-30,2,housewares,Southeast,0.0
base,last_week,2018-07-23,2018-08-06,3,housewares,Southeast,0.0
base,last_week,2018-07-23,2018-08-13,4,housewares,Southeast,0.0
base,last_week,2018-07-23,2018-07-23,1,sports_leisure,Central-West,0.0
base,last_week,2018-07-23,2018-07-30,2,sports_leisure,Central-West,0.0
base,last_week,2018-07-23,2018-08-06,3,sports_leisure,Central-West,0.0
base,last_week,2018-07-23,2018-08-13,4,sports_leisure,Central-West,0.0
base,last_week,2018-07-23,2018-07-23,1,sports_leisure,North,4.0
base,last_week,2018-07-23,2018-07-30,2,sports_leisure,North,0.0
base,last_week,2018-07-23,2018-08-06,3,sports_leisure,North,0.0
base,last_week,2018-07-23,2018-08-13,4,sports_leisure,North,0.0
base,last_week,2018-07-23,2018-07-23,1,sports_leisure,Northeast,4.0
base,last_week,2018-07-23,2018-07-30,2,sports_leisure,Northeast,0.0
base,last_week,2018-07-23,2018-08-06,3,sports_leisure,Northeast,0.0
base,last_week,2018-07-23,2018-08-13,4,sports_leisure,Northeast,0.0
base,last_week,2018-07-23,2018-07-23,1,sports_leisure,South,0.0
base,last_week,2018-07-23,2018-07-30,2,sports_leisure,South,0.0
base,last_week,2018-07-23,2018-08-06,3,sports_leisure,South,0.0
base,last_week,2018-07-23,2018-08-13,4,sports_leisure,South,0.0
base,last_week,2018-07-23,2018-07-23,1,sports_leisure,Southeast,0.0
base,last_week,2018-07-23,2018-07-30,2,sports_leisure,Southeast,0.0
base,last_week,2018-07-23,2018-08-06,3,sports_leisure,Southeast,0.0
base,last_week,2018-07-23,2018-08-13,4,sports_leisure,Southeast,0.0
base,last_week,2018-07-23,2018-07-23,1,telephony,Central-West,11.0
base,last_week,2018-07-23,2018-07-30,2,telephony,Central-West,0.0
base,last_week,2018-07-23,2018-08-06,3,telephony,Central-West,0.0
base,last_week,2018-07-23,2018-08-13,4,telephony,Central-West,0.0
base,last_week,2018-07-23,2018-07-23,1,telephony,North,0.0
base,last_week,2018-07-23,2018-07-30,2,telephony,North,0.0
base,last_week,2018-07-23,2018-08-06,3,telephony,North,0.0
base,last_week,2018-07-23,2018-08-13,4,telephony,North,0.0
base,last_week,2018-07-23,2018-07-23,1,telephony,Northeast,7.0
base,last_week,2018-07-23,2018-07-30,2,telephony,Northeast,0.0
base,last_week,2018-07-23,2018-08-06,3,telephony,Northeast,0.0
base,last_week,2018-07-23,2018-08-13,4,telephony,Northeast,0.0
base,last_week,2018-07-23,2018-07-23,1,telephony,South,6.0
base,last_week,2018-07-23,2018-07-30,2,telephony,South,0.0
base,last_week,2018-07-23,2018-08-06,3,telephony,South,0.0
base,last_week,2018-07-23,2018-08-13,4,telephony,South,0.0
base,last_week,2018-07-23,2018-07-23,1,telephony,Southeast,22.0
base,last_week,2018-07-23,2018-07-30,2,telephony,Southeast,0.0
base,last_week,2018-07-23,2018-08-06,3,telephony,Southeast,0.0
base,last_week,2018-07-23,2018-08-13,4,telephony,Southeast,0.0
base,last_week,2018-07-23,2018-07-23,1,watches_gifts,Central-West,0.0
base,last_week,2018-07-23,2018-07-30,2,watches_gifts,Central-West,0.0
base,last_week,2018-07-23,2018-08-06,3,watches_gifts,Central-West,0.0
base,last_week,2018-07-23,2018-08-13,4,watches_gifts,Central-West,0.0
base,last_week,2018-07-23,2018-07-23,1,watches_gifts,North,4.0
base,last_week,2018-07-23,2018-07-30,2,watches_gifts,North,0.0
base,last_week,2018-07-23,2018-08-06,3,watches_gifts,North,0.0
base,last_week,2018-07-23,2018-08-13,4,watches_gifts,North,0.0
base,last_week,2018-07-23,2018-07-23,1,watches_gifts,Northeast,19.0
base,last_week,2018-07-23,2018-07-30,2,watches_gifts,Northeast,0.0
base,last_week,2018-07-23,2018-08-06,3,watches_gifts,Northeast,0.0
base,last_week,2018-07-23,2018-08-13,4,watches_gifts,Northeast,0.0
base,last_week,2018-07-23,2018-07-23,1,watches_gifts,South,0.0
base,last_week,2018-07-23,2018-07-30,2,watches_gifts,South,0.0
base,last_week,2018-07-23,2018-08-06,3,watches_gifts,South,0.0
base,last_week,2018-07-23,2018-08-13,4,watches_gifts,South,0.0
base,last_week,2018-07-23,2018-07-23,1,watches_gifts,Southeast,0.0
base,last_week,2018-07-23,2018-07-30,2,watches_gifts,Southeast,0.0
base,last_week,2018-07-23,2018-08-06,3,watches_gifts,Southeast,0.0
base,last_week,2018-07-23,2018-08-13,4,watches_gifts,Southeast,0.0
base,last_week,2018-07-30,2018-07-30,1,auto,Central-West,0.0
base,last_week,2018-07-30,2018-08-06,2,auto,Central-West,0.0
base,last_week,2018-07-30,2018-08-13,3,auto,Central-West,0.0
base,last_week,2018-07-30,2018-08-20,4,auto,Central-West,0.0
base,last_week,2018-07-30,2018-07-30,1,auto,North,0.0
base,last_week,2018-07-30,2018-08-06,2,auto,North,0.0
base,last_week,2018-07-30,2018-08-13,3,auto,North,0.0
base,last_week,2018-07-30,2018-08-20,4,auto,North,0.0
base,last_week,2018-07-30,2018-07-30,1,auto,Northeast,3.0
base,last_week,2018-07-30,2018-08-06,2,auto,Northeast,0.0
base,last_week,2018-07-30,2018-08-13,3,auto,Northeast,0.0
base,last_week,2018-07-30,2018-08-20,4,auto,Northeast,0.0
base,last_week,2018-07-30,2018-07-30,1,auto,South,0.0
base,last_week,2018-07-30,2018-08-06,2,auto,South,0.0
base,last_week,2018-07-30,2018-08-13,3,auto,South,0.0
base,last_week,2018-07-30,2018-08-20,4,auto,South,0.0
base,last_week,2018-07-30,2018-07-30,1,auto,Southeast,0.0
base,last_week,2018-07-30,2018-08-06,2,auto,Southeast,0.0
base,last_week,2018-07-30,2018-08-13,3,auto,Southeast,0.0
base,last_week,2018-07-30,2018-08-20,4,auto,Southeast,0.0
base,last_week,2018-07-30,2018-07-30,1,bed_bath_table,Central-West,0.0
base,last_week,2018-07-30,2018-08-06,2,bed_bath_table,Central-West,0.0
base,last_week,2018-07-30,2018-08-13,3,bed_bath_table,Central-West,0.0
base,last_week,2018-07-30,2018-08-20,4,bed_bath_table,Central-West,0.0
base,last_week,2018-07-30,2018-07-30,1,bed_bath_table,North,0.0
base,last_week,2018-07-30,2018-08-06,2,bed_bath_table,North,0.0
base,last_week,2018-07-30,2018-08-13,3,bed_bath_table,North,0.0
base,last_week,2018-07-30,2018-08-20,4,bed_bath_table,North,0.0
base,last_week,2018-07-30,2018-07-30,1,bed_bath_table,Northeast,0.0
base,last_week,2018-07-30,2018-08-06,2,bed_bath_table,Northeast,0.0
base,last_week,2018-07-30,2018-08-13,3,bed_bath_table,Northeast,0.0
base,last_week,2018-07-30,2018-08-20,4,bed_bath_table,Northeast,0.0
base,last_week,2018-07-30,2018-07-30,1,bed_bath_table,South,0.0
base,last_week,2018-07-30,2018-08-06,2,bed_bath_table,South,0.0
base,last_week,2018-07-30,2018-08-13,3,bed_bath_table,South,0.0
base,last_week,2018-07-30,2018-08-20,4,bed_bath_table,South,0.0
base,last_week,2018-07-30,2018-07-30,1,bed_bath_table,Southeast,0.0
base,last_week,2018-07-30,2018-08-06,2,bed_bath_table,Southeast,0.0
base,last_week,2018-07-30,2018-08-13,3,bed_bath_table,Southeast,0.0
base,last_week,2018-07-30,2018-08-20,4,bed_bath_table,Southeast,0.0
base,last_week,2018-07-30,2018-07-30,1,computers_accessories,Central-West,0.0
base,last_week,2018-07-30,2018-08-06,2,computers_accessories,Central-West,0.0
base,last_week,2018-07-30,2018-08-13,3,computers_accessories,Central-West,0.0
base,last_week,2018-07-30,2018-08-20,4,computers_accessories,Central-West,0.0
base,last_week,2018-07-30,2018-07-30,1,computers_accessories,North,0.0
base,last_week,2018-07-30,2018-08-06,2,computers_accessories,North,0.0
base,last_week,2018-07-30,2018-08-13,3,computers_accessories,North,0.0
base,last_week,2018-07-30,2018-08-20,4,computers_accessories,North,0.0
base,last_week,2018-07-30,2018-07-30,1,computers_accessories,Northeast,2.0
base,last_week,2018-07-30,2018-08-06,2,computers_accessories,Northeast,0.0
base,last_week,2018-07-30,2018-08-13,3,computers_accessories,Northeast,0.0
base,last_week,2018-07-30,2018-08-20,4,computers_accessories,Northeast,0.0
base,last_week,2018-07-30,2018-07-30,1,computers_accessories,South,0.0
base,last_week,2018-07-30,2018-08-06,2,computers_accessories,South,0.0
base,last_week,2018-07-30,2018-08-13,3,computers_accessories,South,0.0
base,last_week,2018-07-30,2018-08-20,4,computers_accessories,South,0.0
base,last_week,2018-07-30,2018-07-30,1,computers_accessories,Southeast,10.0
base,last_week,2018-07-30,2018-08-06,2,computers_accessories,Southeast,0.0
base,last_week,2018-07-30,2018-08-13,3,computers_accessories,Southeast,0.0
base,last_week,2018-07-30,2018-08-20,4,computers_accessories,Southeast,0.0
base,last_week,2018-07-30,2018-07-30,1,furniture_decor,Central-West,0.0
base,last_week,2018-07-30,2018-08-06,2,furniture_decor,Central-West,0.0
base,last_week,2018-07-30,2018-08-13,3,furniture_decor,Central-West,0.0
base,last_week,2018-07-30,2018-08-20,4,furniture_decor,Central-West,0.0
base,last_week,2018-07-30,2018-07-30,1,furniture_decor,North,3.0
base,last_week,2018-07-30,2018-08-06,2,furniture_decor,North,0.0
base,last_week,2018-07-30,2018-08-13,3,furniture_decor,North,0.0
base,last_week,2018-07-30,2018-08-20,4,furniture_decor,North,0.0
base,last_week,2018-07-30,2018-07-30,1,furniture_decor,Northeast,0.0
base,last_week,2018-07-30,2018-08-06,2,furniture_decor,Northeast,0.0
base,last_week,2018-07-30,2018-08-13,3,furniture_decor,Northeast,0.0
base,last_week,2018-07-30,2018-08-20,4,furniture_decor,Northeast,0.0
base,last_week,2018-07-30,2018-07-30,1,furniture_decor,South,4.0
base,last_week,2018-07-30,2018-08-06,2,furniture_decor,South,0.0
base,last_week,2018-07-30,2018-08-13,3,furniture_decor,South,0.0
base,last_week,2018-07-30,2018-08-20,4,furniture_decor,South,0.0
base,last_week,2018-07-30,2018-07-30,1,furniture_decor,Southeast,7.0
base,last_week,2018-07-30,2018-08-06,2,furniture_decor,Southeast,0.0
base,last_week,2018-07-30,2018-08-13,3,furniture_decor,Southeast,0.0
base,last_week,2018-07-30,2018-08-20,4,furniture_decor,Southeast,0.0
base,last_week,2018-07-30,2018-07-30,1,garden_tools,Central-West,0.0
base,last_week,2018-07-30,2018-08-06,2,garden_tools,Central-West,0.0
base,last_week,2018-07-30,2018-08-13,3,garden_tools,Central-West,0.0
base,last_week,2018-07-30,2018-08-20,4,garden_tools,Central-West,0.0
base,last_week,2018-07-30,2018-07-30,1,garden_tools,North,0.0
base,last_week,2018-07-30,2018-08-06,2,garden_tools,North,0.0
base,last_week,2018-07-30,2018-08-13,3,garden_tools,North,0.0
base,last_week,2018-07-30,2018-08-20,4,garden_tools,North,0.0
base,last_week,2018-07-30,2018-07-30,1,garden_tools,Northeast,8.0
base,last_week,2018-07-30,2018-08-06,2,garden_tools,Northeast,0.0
base,last_week,2018-07-30,2018-08-13,3,garden_tools,Northeast,0.0
base,last_week,2018-07-30,2018-08-20,4,garden_tools,Northeast,0.0
base,last_week,2018-07-30,2018-07-30,1,garden_tools,South,2.0
base,last_week,2018-07-30,2018-08-06,2,garden_tools,South,0.0
base,last_week,2018-07-30,2018-08-13,3,garden_tools,South,0.0
base,last_week,2018-07-30,2018-08-20,4,garden_tools,South,0.0
base,last_week,2018-07-30,2018-07-30,1,garden_tools,Southeast,9.0
base,last_week,2018-07-30,2018-08-06,2,garden_tools,Southeast,0.0
base,last_week,2018-07-30,2018-08-13,3,garden_tools,Southeast,0.0
base,last_week,2018-07-30,2018-08-20,4,garden_tools,Southeast,0.0
base,last_week,2018-07-30,2018-07-30,1,health_beauty,Central-West,0.0
base,last_week,2018-07-30,2018-08-06,2,health_beauty,Central-West,0.0
base,last_week,2018-07-30,2018-08-13,3,health_beauty,Central-West,0.0
base,last_week,2018-07-30,2018-08-20,4,health_beauty,Central-West,0.0
base,last_week,2018-07-30,2018-07-30,1,health_beauty,North,0.0
base,last_week,2018-07-30,2018-08-06,2,health_beauty,North,0.0
base,last_week,2018-07-30,2018-08-13,3,health_beauty,North,0.0
base,last_week,2018-07-30,2018-08-20,4,health_beauty,North,0.0
base,last_week,2018-07-30,2018-07-30,1,health_beauty,Northeast,0.0
base,last_week,2018-07-30,2018-08-06,2,health_beauty,Northeast,0.0
base,last_week,2018-07-30,2018-08-13,3,health_beauty,Northeast,0.0
base,last_week,2018-07-30,2018-08-20,4,health_beauty,Northeast,0.0
base,last_week,2018-07-30,2018-07-30,1,health_beauty,South,0.0
base,last_week,2018-07-30,2018-08-06,2,health_beauty,South,0.0
base,last_week,2018-07-30,2018-08-13,3,health_beauty,South,0.0
base,last_week,2018-07-30,2018-08-20,4,health_beauty,South,0.0
base,last_week,2018-07-30,2018-07-30,1,health_beauty,Southeast,0.0
base,last_week,2018-07-30,2018-08-06,2,health_beauty,Southeast,0.0
base,last_week,2018-07-30,2018-08-13,3,health_beauty,Southeast,0.0
base,last_week,2018-07-30,2018-08-20,4,health_beauty,Southeast,0.0
base,last_week,2018-07-30,2018-07-30,1,housewares,Central-West,10.0
base,last_week,2018-07-30,2018-08-06,2,housewares,Central-West,0.0
base,last_week,2018-07-30,2018-08-13,3,housewares,Central-West,0.0
base,last_week,2018-07-30,2018-08-20,4,housewares,Central-West,0.0
base,last_week,2018-07-30,2018-07-30,1,housewares,North,0.0
base,last_week,2018-07-30,2018-08-06,2,housewares,North,0.0
base,last_week,2018-07-30,2018-08-13,3,housewares,North,0.0
base,last_week,2018-07-30,2018-08-20,4,housewares,North,0.0
base,last_week,2018-07-30,2018-07-30,1,housewares,Northeast,1.0
base,last_week,2018-07-30,2018-08-06,2,housewares,Northeast,0.0
base,last_week,2018-07-30,2018-08-13,3,housewares,Northeast,0.0
base,last_week,2018-07-30,2018-08-20,4,housewares,Northeast,0.0
base,last_week,2018-07-30,2018-07-30,1,housewares,South,4.0
base,last_week,2018-07-30,2018-08-06,2,housewares,South,0.0
base,last_week,2018-07-30,2018-08-13,3,housewares,South,0.0
base,last_week,2018-07-30,2018-08-20,4,housewares,South,0.0
base,last_week,2018-07-30,2018-07-30,1,housewares,Southeast,24.0
base,last_week,2018-07-30,2018-08-06,2,housewares,Southeast,0.0
base,last_week,2018-07-30,2018-08-13,3,housewares,Southeast,0.0
base,last_week,2018-07-30,2018-08-20,4,housewares,Southeast,0.0
base,last_week,2018-07-30,2018-07-30,1,sports_leisure,Central-West,0.0
base,last_week,2018-07-30,2018-08-06,2,sports_leisure,Central-West,0.0
base,last_week,2018-07-30,2018-08-13,3,sports_leisure,Central-West,0.0
base,last_week,2018-07-30,2018-08-20,4,sports_leisure,Central-West,0.0
base,last_week,2018-07-30,2018-07-30,1,sports_leisure,North,2.0
base,last_week,2018-07-30,2018-08-06,2,sports_leisure,North,0.0
base,last_week,2018-07-30,2018-08-13,3,sports_leisure,North,0.0
base,last_week,2018-07-30,2018-08-20,4,sports_leisure,North,0.0
base,last_week,2018-07-30,2018-07-30,1,sports_leisure,Northeast,0.0
base,last_week,2018-07-30,2018-08-06,2,sports_leisure,Northeast,0.0
base,last_week,2018-07-30,2018-08-13,3,sports_leisure,Northeast,0.0
base,last_week,2018-07-30,2018-08-20,4,sports_leisure,Northeast,0.0
base,last_week,2018-07-30,2018-07-30,1,sports_leisure,South,4.0
base,last_week,2018-07-30,2018-08-06,2,sports_leisure,South,0.0
base,last_week,2018-07-30,2018-08-13,3,sports_leisure,South,0.0
base,last_week,2018-07-30,2018-08-20,4,sports_leisure,South,0.0
base,last_week,2018-07-30,2018-07-30,1,sports_leisure,Southeast,21.0
base,last_week,2018-07-30,2018-08-06,2,sports_leisure,Southeast,0.0
base,last_week,2018-07-30,2018-08-13,3,sports_leisure,Southeast,0.0
base,last_week,2018-07-30,2018-08-20,4,sports_leisure,Southeast,0.0
base,last_week,2018-07-30,2018-07-30,1,telephony,Central-West,0.0
base,last_week,2018-07-30,2018-08-06,2,telephony,Central-West,0.0
base,last_week,2018-07-30,2018-08-13,3,telephony,Central-West,0.0
base,last_week,2018-07-30,2018-08-20,4,telephony,Central-West,0.0
base,last_week,2018-07-30,2018-07-30,1,telephony,North,0.0
base,last_week,2018-07-30,2018-08-06,2,telephony,North,0.0
base,last_week,2018-07-30,2018-08-13,3,telephony,North,0.0
base,last_week,2018-07-30,2018-08-20,4,telephony,North,0.0
base,last_week,2018-07-30,2018-07-30,1,telephony,Northeast,0.0
base,last_week,2018-07-30,2018-08-06,2,telephony,Northeast,0.0
base,last_week,2018-07-30,2018-08-13,3,telephony,Northeast,0.0
base,last_week,2018-07-30,2018-08-20,4,telephony,Northeast,0.0
base,last_week,2018-07-30,2018-07-30,1,telephony,South,2.0
base,last_week,2018-07-30,2018-08-06,2,telephony,South,0.0
base,last_week,2018-07-30,2018-08-13,3,telephony,South,0.0
base,last_week,2018-07-30,2018-08-20,4,telephony,South,0.0
base,last_week,2018-07-30,2018-07-30,1,telephony,Southeast,0.0
base,last_week,2018-07-30,2018-08-06,2,telephony,Southeast,0.0
base,last_week,2018-07-30,2018-08-13,3,telephony,Southeast,0.0
base,last_week,2018-07-30,2018-08-20,4,telephony,Southeast,0.0
base,last_week,2018-07-30,2018-07-30,1,watches_gifts,Central-West,0.0
base,last_week,2018-07-30,2018-08-06,2,watches_gifts,Central-West,0.0
base,last_week,2018-07-30,2018-08-13,3,watches_gifts,Central-West,0.0
base,last_week,2018-07-30,2018-08-20,4,watches_gifts,Central-West,0.0
base,last_week,2018-07-30,2018-07-30,1,watches_gifts,North,0.0
base,last_week,2018-07-30,2018-08-06,2,watches_gifts,North,0.0
base,last_week,2018-07-30,2018-08-13,3,watches_gifts,North,0.0
base,last_week,2018-07-30,2018-08-20,4,watches_gifts,North,0.0
base,last_week,2018-07-30,2018-07-30,1,watches_gifts,Northeast,0.0
base,last_week,2018-07-30,2018-08-06,2,watches_gifts,Northeast,0.0
base,last_week,2018-07-30,2018-08-13,3,watches_gifts,Northeast,0.0
base,last_week,2018-07-30,2018-08-20,4,watches_gifts,Northeast,0.0
base,last_week,2018-07-30,2018-07-30,1,watches_gifts,South,0.0
base,last_week,2018-07-30,2018-08-06,2,watches_gifts,South,0.0
base,last_week,2018-07-30,2018-08-13,3,watches_gifts,South,0.0
base,last_week,2018-07-30,2018-08-20,4,watches_gifts,South,0.0
base,last_week,2018-07-30,2018-07-30,1,watches_gifts,Southeast,0.0
base,last_week,2018-07-30,2018-08-06,2,watches_gifts,Southeast,0.0
base,last_week,2018-07-30,2018-08-13,3,watches_gifts,Southeast,0.0
base,last_week,2018-07-30,2018-08-20,4,watches_gifts,Southeast,0.0
base,last_week,2018-08-06,2018-08-06,1,auto,Central-West,0.0
base,last_week,2018-08-06,2018-08-13,2,auto,Central-West,0.0
base,last_week,2018-08-06,2018-08-20,3,auto,Central-West,0.0
base,last_week,2018-08-06,2018-08-27,4,auto,Central-West,0.0
base,last_week,2018-08-06,2018-08-06,1,auto,North,0.0
base,last_week,2018-08-06,2018-08-13,2,auto,North,0.0
base,last_week,2018-08-06,2018-08-20,3,auto,North,0.0
base,last_week,2018-08-06,2018-08-27,4,auto,North,0.0
base,last_week,2018-08-06,2018-08-06,1,auto,Northeast,0.0
base,last_week,2018-08-06,2018-08-13,2,auto,Northeast,0.0
base,last_week,2018-08-06,2018-08-20,3,auto,Northeast,0.0
base,last_week,2018-08-06,2018-08-27,4,auto,Northeast,0.0
base,last_week,2018-08-06,2018-08-06,1,auto,South,0.0
base,last_week,2018-08-06,2018-08-13,2,auto,South,0.0
base,last_week,2018-08-06,2018-08-20,3,auto,South,0.0
base,last_week,2018-08-06,2018-08-27,4,auto,South,0.0
base,last_week,2018-08-06,2018-08-06,1,auto,Southeast,0.0
base,last_week,2018-08-06,2018-08-13,2,auto,Southeast,0.0
base,last_week,2018-08-06,2018-08-20,3,auto,Southeast,0.0
base,last_week,2018-08-06,2018-08-27,4,auto,Southeast,0.0
base,last_week,2018-08-06,2018-08-06,1,bed_bath_table,Central-West,0.0
base,last_week,2018-08-06,2018-08-13,2,bed_bath_table,Central-West,0.0
base,last_week,2018-08-06,2018-08-20,3,bed_bath_table,Central-West,0.0
base,last_week,2018-08-06,2018-08-27,4,bed_bath_table,Central-West,0.0
base,last_week,2018-08-06,2018-08-06,1,bed_bath_table,North,0.0
base,last_week,2018-08-06,2018-08-13,2,bed_bath_table,North,0.0
base,last_week,2018-08-06,2018-08-20,3,bed_bath_table,North,0.0
base,last_week,2018-08-06,2018-08-27,4,bed_bath_table,North,0.0
base,last_week,2018-08-06,2018-08-06,1,bed_bath_table,Northeast,12.0
base,last_week,2018-08-06,2018-08-13,2,bed_bath_table,Northeast,0.0
base,last_week,2018-08-06,2018-08-20,3,bed_bath_table,Northeast,0.0
base,last_week,2018-08-06,2018-08-27,4,bed_bath_table,Northeast,0.0
base,last_week,2018-08-06,2018-08-06,1,bed_bath_table,South,0.0
base,last_week,2018-08-06,2018-08-13,2,bed_bath_table,South,0.0
base,last_week,2018-08-06,2018-08-20,3,bed_bath_table,South,0.0
base,last_week,2018-08-06,2018-08-27,4,bed_bath_table,South,0.0
base,last_week,2018-08-06,2018-08-06,1,bed_bath_table,Southeast,47.0
base,last_week,2018-08-06,2018-08-13,2,bed_bath_table,Southeast,0.0
base,last_week,2018-08-06,2018-08-20,3,bed_bath_table,Southeast,0.0
base,last_week,2018-08-06,2018-08-27,4,bed_bath_table,Southeast,0.0
base,last_week,2018-08-06,2018-08-06,1,computers_accessories,Central-West,1.0
base,last_week,2018-08-06,2018-08-13,2,computers_accessories,Central-West,0.0
base,last_week,2018-08-06,2018-08-20,3,computers_accessories,Central-West,0.0
base,last_week,2018-08-06,2018-08-27,4,computers_accessories,Central-West,0.0
base,last_week,2018-08-06,2018-08-06,1,computers_accessories,North,10.0
base,last_week,2018-08-06,2018-08-13,2,computers_accessories,North,0.0
base,last_week,2018-08-06,2018-08-20,3,computers_accessories,North,0.0
base,last_week,2018-08-06,2018-08-27,4,computers_accessories,North,0.0
base,last_week,2018-08-06,2018-08-06,1,computers_accessories,Northeast,14.0
base,last_week,2018-08-06,2018-08-13,2,computers_accessories,Northeast,0.0
base,last_week,2018-08-06,2018-08-20,3,computers_accessories,Northeast,0.0
base,last_week,2018-08-06,2018-08-27,4,computers_accessories,Northeast,0.0
base,last_week,2018-08-06,2018-08-06,1,computers_accessories,South,0.0
base,last_week,2018-08-06,2018-08-13,2,computers_accessories,South,0.0
base,last_week,2018-08-06,2018-08-20,3,computers_accessories,South,0.0
base,last_week,2018-08-06,2018-08-27,4,computers_accessories,South,0.0
base,last_week,2018-08-06,2018-08-06,1,computers_accessories,Southeast,6.0
base,last_week,2018-08-06,2018-08-13,2,computers_accessories,Southeast,0.0
base,last_week,2018-08-06,2018-08-20,3,computers_accessories,Southeast,0.0
base,last_week,2018-08-06,2018-08-27,4,computers_accessories,Southeast,0.0
base,last_week,2018-08-06,2018-08-06,1,furniture_decor,Central-West,0.0
base,last_week,2018-08-06,2018-08-13,2,furniture_decor,Central-West,0.0
base,last_week,2018-08-06,2018-08-20,3,furniture_decor,Central-West,0.0
base,last_week,2018-08-06,2018-08-27,4,furniture_decor,Central-West,0.0
base,last_week,2018-08-06,2018-08-06,1,furniture_decor,North,2.0
base,last_week,2018-08-06,2018-08-13,2,furniture_decor,North,0.0
base,last_week,2018-08-06,2018-08-20,3,furniture_decor,North,0.0
base,last_week,2018-08-06,2018-08-27,4,furniture_decor,North,0.0
base,last_week,2018-08-06,2018-08-06,1,furniture_decor,Northeast,12.0
base,last_week,2018-08-06,2018-08-13,2,furniture_decor,Northeast,0.0
base,last_week,2018-08-06,2018-08-20,3,furniture_decor,Northeast,0.0
base,last_week,2018-08-06,2018-08-27,4,furniture_decor,Northeast,0.0
base,last_week,2018-08-06,2018-08-06,1,furniture_decor,South,0.0
base,last_week,2018-08-06,2018-08-13,2,furniture_decor,South,0.0
base,last_week,2018-08-06,2018-08-20,3,furniture_decor,South,0.0
base,last_week,2018-08-06,2018-08-27,4,furniture_decor,South,0.0
base,last_week,2018-08-06,2018-08-06,1,furniture_decor,Southeast,3.0
base,last_week,2018-08-06,2018-08-13,2,furniture_decor,Southeast,0.0
base,last_week,2018-08-06,2018-08-20,3,furniture_decor,Southeast,0.0
base,last_week,2018-08-06,2018-08-27,4,furniture_decor,Southeast,0.0
base,last_week,2018-08-06,2018-08-06,1,garden_tools,Central-West,0.0
base,last_week,2018-08-06,2018-08-13,2,garden_tools,Central-West,0.0
base,last_week,2018-08-06,2018-08-20,3,garden_tools,Central-West,0.0
base,last_week,2018-08-06,2018-08-27,4,garden_tools,Central-West,0.0
base,last_week,2018-08-06,2018-08-06,1,garden_tools,North,0.0
base,last_week,2018-08-06,2018-08-13,2,garden_tools,North,0.0
base,last_week,2018-08-06,2018-08-20,3,garden_tools,North,0.0
base,last_week,2018-08-06,2018-08-27,4,garden_tools,North,0.0
base,last_week,2018-08-06,2018-08-06,1,garden_tools,Northeast,0.0
base,last_week,2018-08-06,2018-08-13,2,garden_tools,Northeast,0.0
base,last_week,2018-08-06,2018-08-20,3,garden_tools,Northeast,0.0
base,last_week,2018-08-06,2018-08-27,4,garden_tools,Northeast,0.0
base,last_week,2018-08-06,2018-08-06,1,garden_tools,South,0.0
base,last_week,2018-08-06,2018-08-13,2,garden_tools,South,0.0
base,last_week,2018-08-06,2018-08-20,3,garden_tools,South,0.0
base,last_week,2018-08-06,2018-08-27,4,garden_tools,South,0.0
base,last_week,2018-08-06,2018-08-06,1,garden_tools,Southeast,0.0
base,last_week,2018-08-06,2018-08-13,2,garden_tools,Southeast,0.0
base,last_week,2018-08-06,2018-08-20,3,garden_tools,Southeast,0.0
base,last_week,2018-08-06,2018-08-27,4,garden_tools,Southeast,0.0
base,last_week,2018-08-06,2018-08-06,1,health_beauty,Central-West,18.0
base,last_week,2018-08-06,2018-08-13,2,health_beauty,Central-West,0.0
base,last_week,2018-08-06,2018-08-20,3,health_beauty,Central-West,0.0
base,last_week,2018-08-06,2018-08-27,4,health_beauty,Central-West,0.0
base,last_week,2018-08-06,2018-08-06,1,health_beauty,North,13.0
base,last_week,2018-08-06,2018-08-13,2,health_beauty,North,0.0
base,last_week,2018-08-06,2018-08-20,3,health_beauty,North,0.0
base,last_week,2018-08-06,2018-08-27,4,health_beauty,North,0.0
base,last_week,2018-08-06,2018-08-06,1,health_beauty,Northeast,30.0
base,last_week,2018-08-06,2018-08-13,2,health_beauty,Northeast,0.0
base,last_week,2018-08-06,2018-08-20,3,health_beauty,Northeast,0.0
base,last_week,2018-08-06,2018-08-27,4,health_beauty,Northeast,0.0
base,last_week,2018-08-06,2018-08-06,1,health_beauty,South,3.0
base,last_week,2018-08-06,2018-08-13,2,health_beauty,South,0.0
base,last_week,2018-08-06,2018-08-20,3,health_beauty,South,0.0
base,last_week,2018-08-06,2018-08-27,4,health_beauty,South,0.0
base,last_week,2018-08-06,2018-08-06,1,health_beauty,Southeast,43.0
base,last_week,2018-08-06,2018-08-13,2,health_beauty,Southeast,0.0
base,last_week,2018-08-06,2018-08-20,3,health_beauty,Southeast,0.0
base,last_week,2018-08-06,2018-08-27,4,health_beauty,Southeast,0.0
base,last_week,2018-08-06,2018-08-06,1,housewares,Central-West,12.0
base,last_week,2018-08-06,2018-08-13,2,housewares,Central-West,0.0
base,last_week,2018-08-06,2018-08-20,3,housewares,Central-West,0.0
base,last_week,2018-08-06,2018-08-27,4,housewares,Central-West,0.0
base,last_week,2018-08-06,2018-08-06,1,housewares,North,6.0
base,last_week,2018-08-06,2018-08-13,2,housewares,North,0.0
base,last_week,2018-08-06,2018-08-20,3,housewares,North,0.0
base,last_week,2018-08-06,2018-08-27,4,housewares,North,0.0
base,last_week,2018-08-06,2018-08-06,1,housewares,Northeast,10.0
base,last_week,2018-08-06,2018-08-13,2,housewares,Northeast,0.0
base,last_week,2018-08-06,2018-08-20,3,housewares,Northeast,0.0
base,last_week,2018-08-06,2018-08-27,4,housewares,Northeast,0.0
base,last_week,2018-08-06,2018-08-06,1,housewares,South,6.0
base,last_week,2018-08-06,2018-08-13,2,housewares,South,0.0
base,last_week,2018-08-06,2018-08-20,3,housewares,South,0.0
base,last_week,2018-08-06,2018-08-27,4,housewares,South,0.0
base,last_week,2018-08-06,2018-08-06,1,housewares,Southeast,0.0
base,last_week,2018-08-06,2018-08-13,2,housewares,Southeast,0.0
base,last_week,2018-08-06,2018-08-20,3,housewares,Southeast,0.0
base,last_week,2018-08-06,2018-08-27,4,housewares,Southeast,0.0
base,last_week,2018-08-06,2018-08-06,1,sports_leisure,Central-West,0.0
base,last_week,2018-08-06,2018-08-13,2,sports_leisure,Central-West,0.0
base,last_week,2018-08-06,2018-08-20,3,sports_leisure,Central-West,0.0
base,last_week,2018-08-06,2018-08-27,4,sports_leisure,Central-West,0.0
base,last_week,2018-08-06,2018-08-06,1,sports_leisure,North,6.0
base,last_week,2018-08-06,2018-08-13,2,sports_leisure,North,0.0
base,last_week,2018-08-06,2018-08-20,3,sports_leisure,North,0.0
base,last_week,2018-08-06,2018-08-27,4,sports_leisure,North,0.0
base,last_week,2018-08-06,2018-08-06,1,sports_leisure,Northeast,10.0
base,last_week,2018-08-06,2018-08-13,2,sports_leisure,Northeast,0.0
base,last_week,2018-08-06,2018-08-20,3,sports_leisure,Northeast,0.0
base,last_week,2018-08-06,2018-08-27,4,sports_leisure,Northeast,0.0
base,last_week,2018-08-06,2018-08-06,1,sports_leisure,South,0.0
base,last_week,2018-08-06,2018-08-13,2,sports_leisure,South,0.0
base,last_week,2018-08-06,2018-08-20,3,sports_leisure,South,0.0
base,last_week,2018-08-06,2018-08-27,4,sports_leisure,South,0.0
base,last_week,2018-08-06,2018-08-06,1,sports_leisure,Southeast,0.0
base,last_week,2018-08-06,2018-08-13,2,sports_leisure,Southeast,0.0
base,last_week,2018-08-06,2018-08-20,3,sports_leisure,Southeast,0.0
base,last_week,2018-08-06,2018-08-27,4,sports_leisure,Southeast,0.0
base,last_week,2018-08-06,2018-08-06,1,telephony,Central-West,6.0
base,last_week,2018-08-06,2018-08-13,2,telephony,Central-West,0.0
base,last_week,2018-08-06,2018-08-20,3,telephony,Central-West,0.0
base,last_week,2018-08-06,2018-08-27,4,telephony,Central-West,0.0
base,last_week,2018-08-06,2018-08-06,1,telephony,North,0.0
base,last_week,2018-08-06,2018-08-13,2,telephony,North,0.0
base,last_week,2018-08-06,2018-08-20,3,telephony,North,0.0
base,last_week,2018-08-06,2018-08-27,4,telephony,North,0.0
base,last_week,2018-08-06,2018-08-06,1,telephony,Northeast,19.0
base,last_week,2018-08-06,2018-08-13,2,telephony,Northeast,0.0
base,last_week,2018-08-06,2018-08-20,3,telephony,Northeast,0.0
base,last_week,2018-08-06,2018-08-27,4,telephony,Northeast,0.0
base,last_week,2018-08-06,2018-08-06,1,telephony,South,3.0
base,last_week,2018-08-06,2018-08-13,2,telephony,South,0.0
base,last_week,2018-08-06,2018-08-20,3,telephony,South,0.0
base,last_week,2018-08-06,2018-08-27,4,telephony,South,0.0
base,last_week,2018-08-06,2018-08-06,1,telephony,Southeast,12.0
base,last_week,2018-08-06,2018-08-13,2,telephony,Southeast,0.0
base,last_week,2018-08-06,2018-08-20,3,telephony,Southeast,0.0
base,last_week,2018-08-06,2018-08-27,4,telephony,Southeast,0.0
base,last_week,2018-08-06,2018-08-06,1,watches_gifts,Central-West,11.0
base,last_week,2018-08-06,2018-08-13,2,watches_gifts,Central-West,0.0
base,last_week,2018-08-06,2018-08-20,3,watches_gifts,Central-West,0.0
base,last_week,2018-08-06,2018-08-27,4,watches_gifts,Central-West,0.0
base,last_week,2018-08-06,2018-08-06,1,watches_gifts,North,3.0
base,last_week,2018-08-06,2018-08-13,2,watches_gifts,North,0.0
base,last_week,2018-08-06,2018-08-20,3,watches_gifts,North,0.0
base,last_week,2018-08-06,2018-08-27,4,watches_gifts,North,0.0
base,last_week,2018-08-06,2018-08-06,1,watches_gifts,Northeast,31.0
base,last_week,2018-08-06,2018-08-13,2,watches_gifts,Northeast,0.0
base,last_week,2018-08-06,2018-08-20,3,watches_gifts,Northeast,0.0
base,last_week,2018-08-06,2018-08-27,4,watches_gifts,Northeast,0.0
base,last_week,2018-08-06,2018-08-06,1,watches_gifts,South,8.0
base,last_week,2018-08-06,2018-08-13,2,watches_gifts,South,0.0
base,last_week,2018-08-06,2018-08-20,3,watches_gifts,South,0.0
base,last_week,2018-08-06,2018-08-27,4,watches_gifts,South,0.0
base,last_week,2018-08-06,2018-08-06,1,watches_gifts,Southeast,10.0
base,last_week,2018-08-06,2018-08-13,2,watches_gifts,Southeast,0.0
base,last_week,2018-08-06,2018-08-20,3,watches_gifts,Southeast,0.0
base,last_week,2018-08-06,2018-08-27,4,watches_gifts,Southeast,0.0
base,last_week,2018-08-13,2018-08-13,1,auto,Central-West,5.0
base,last_week,2018-08-13,2018-08-20,2,auto,Central-West,0.0
base,last_week,2018-08-13,2018-08-27,3,auto,Central-West,0.0
base,last_week,2018-08-13,2018-09-03,4,auto,Central-West,0.0
base,last_week,2018-08-13,2018-08-13,1,auto,North,0.0
base,last_week,2018-08-13,2018-08-20,2,auto,North,0.0
base,last_week,2018-08-13,2018-08-27,3,auto,North,0.0
base,last_week,2018-08-13,2018-09-03,4,auto,North,0.0
base,last_week,2018-08-13,2018-08-13,1,auto,Northeast,6.0
base,last_week,2018-08-13,2018-08-20,2,auto,Northeast,6.0
base,last_week,2018-08-13,2018-08-27,3,auto,Northeast,6.0
base,last_week,2018-08-13,2018-09-03,4,auto,Northeast,6.0
base,last_week,2018-08-13,2018-08-13,1,auto,South,7.0
base,last_week,2018-08-13,2018-08-20,2,auto,South,0.0
base,last_week,2018-08-13,2018-08-27,3,auto,South,0.0
base,last_week,2018-08-13,2018-09-03,4,auto,South,0.0
base,last_week,2018-08-13,2018-08-13,1,auto,Southeast,32.0
base,last_week,2018-08-13,2018-08-20,2,auto,Southeast,0.0
base,last_week,2018-08-13,2018-08-27,3,auto,Southeast,0.0
base,last_week,2018-08-13,2018-09-03,4,auto,Southeast,0.0
base,last_week,2018-08-13,2018-08-13,1,bed_bath_table,Central-West,0.0
base,last_week,2018-08-13,2018-08-20,2,bed_bath_table,Central-West,0.0
base,last_week,2018-08-13,2018-08-27,3,bed_bath_table,Central-West,0.0
base,last_week,2018-08-13,2018-09-03,4,bed_bath_table,Central-West,0.0
base,last_week,2018-08-13,2018-08-13,1,bed_bath_table,North,0.0
base,last_week,2018-08-13,2018-08-20,2,bed_bath_table,North,0.0
base,last_week,2018-08-13,2018-08-27,3,bed_bath_table,North,0.0
base,last_week,2018-08-13,2018-09-03,4,bed_bath_table,North,0.0
base,last_week,2018-08-13,2018-08-13,1,bed_bath_table,Northeast,0.0
base,last_week,2018-08-13,2018-08-20,2,bed_bath_table,Northeast,0.0
base,last_week,2018-08-13,2018-08-27,3,bed_bath_table,Northeast,0.0
base,last_week,2018-08-13,2018-09-03,4,bed_bath_table,Northeast,0.0
base,last_week,2018-08-13,2018-08-13,1,bed_bath_table,South,0.0
base,last_week,2018-08-13,2018-08-20,2,bed_bath_table,South,0.0
base,last_week,2018-08-13,2018-08-27,3,bed_bath_table,South,0.0
base,last_week,2018-08-13,2018-09-03,4,bed_bath_table,South,0.0
base,last_week,2018-08-13,2018-08-13,1,bed_bath_table,Southeast,0.0
base,last_week,2018-08-13,2018-08-20,2,bed_bath_table,Southeast,0.0
base,last_week,2018-08-13,2018-08-27,3,bed_bath_table,Southeast,0.0
base,last_week,2018-08-13,2018-09-03,4,bed_bath_table,Southeast,0.0
base,last_week,2018-08-13,2018-08-13,1,computers_accessories,Central-West,0.0
base,last_week,2018-08-13,2018-08-20,2,computers_accessories,Central-West,0.0
base,last_week,2018-08-13,2018-08-27,3,computers_accessories,Central-West,0.0
base,last_week,2018-08-13,2018-09-03,4,computers_accessories,Central-West,0.0
base,last_week,2018-08-13,2018-08-13,1,computers_accessories,North,0.0
base,last_week,2018-08-13,2018-08-20,2,computers_accessories,North,0.0
base,last_week,2018-08-13,2018-08-27,3,computers_accessories,North,0.0
base,last_week,2018-08-13,2018-09-03,4,computers_accessories,North,0.0
base,last_week,2018-08-13,2018-08-13,1,computers_accessories,Northeast,0.0
base,last_week,2018-08-13,2018-08-20,2,computers_accessories,Northeast,0.0
base,last_week,2018-08-13,2018-08-27,3,computers_accessories,Northeast,0.0
base,last_week,2018-08-13,2018-09-03,4,computers_accessories,Northeast,0.0
base,last_week,2018-08-13,2018-08-13,1,computers_accessories,South,0.0
base,last_week,2018-08-13,2018-08-20,2,computers_accessories,South,0.0
base,last_week,2018-08-13,2018-08-27,3,computers_accessories,South,0.0
base,last_week,2018-08-13,2018-09-03,4,computers_accessories,South,0.0
base,last_week,2018-08-13,2018-08-13,1,computers_accessories,Southeast,0.0
base,last_week,2018-08-13,2018-08-20,2,computers_accessories,Southeast,0.0
base,last_week,2018-08-13,2018-08-27,3,computers_accessories,Southeast,0.0
base,last_week,2018-08-13,2018-09-03,4,computers_accessories,Southeast,0.0
base,last_week,2018-08-13,2018-08-13,1,furniture_decor,Central-West,0.0
base,last_week,2018-08-13,2018-08-20,2,furniture_decor,Central-West,0.0
base,last_week,2018-08-13,2018-08-27,3,furniture_decor,Central-West,0.0
base,last_week,2018-08-13,2018-09-03,4,furniture_decor,Central-West,0.0
base,last_week,2018-08-13,2018-08-13,1,furniture_decor,North,0.0
base,last_week,2018-08-13,2018-08-20,2,furniture_decor,North,0.0
base,last_week,2018-08-13,2018-08-27,3,furniture_decor,North,0.0
base,last_week,2018-08-13,2018-09-03,4,furniture_decor,North,0.0
base,last_week,2018-08-13,2018-08-13,1,furniture_decor,Northeast,0.0
base,last_week,2018-08-13,2018-08-20,2,furniture_decor,Northeast,0.0
base,last_week,2018-08-13,2018-08-27,3,furniture_decor,Northeast,0.0
base,last_week,2018-08-13,2018-09-03,4,furniture_decor,Northeast,0.0
base,last_week,2018-08-13,2018-08-13,1,furniture_decor,South,0.0
base,last_week,2018-08-13,2018-08-20,2,furniture_decor,South,0.0
base,last_week,2018-08-13,2018-08-27,3,furniture_decor,South,0.0
base,last_week,2018-08-13,2018-09-03,4,furniture_decor,South,0.0
base,last_week,2018-08-13,2018-08-13,1,furniture_decor,Southeast,0.0
base,last_week,2018-08-13,2018-08-20,2,furniture_decor,Southeast,0.0
base,last_week,2018-08-13,2018-08-27,3,furniture_decor,Southeast,0.0
base,last_week,2018-08-13,2018-09-03,4,furniture_decor,Southeast,0.0
base,last_week,2018-08-13,2018-08-13,1,garden_tools,Central-West,0.0
base,last_week,2018-08-13,2018-08-20,2,garden_tools,Central-West,0.0
base,last_week,2018-08-13,2018-08-27,3,garden_tools,Central-West,0.0
base,last_week,2018-08-13,2018-09-03,4,garden_tools,Central-West,0.0
base,last_week,2018-08-13,2018-08-13,1,garden_tools,North,0.0
base,last_week,2018-08-13,2018-08-20,2,garden_tools,North,0.0
base,last_week,2018-08-13,2018-08-27,3,garden_tools,North,0.0
base,last_week,2018-08-13,2018-09-03,4,garden_tools,North,0.0
base,last_week,2018-08-13,2018-08-13,1,garden_tools,Northeast,0.0
base,last_week,2018-08-13,2018-08-20,2,garden_tools,Northeast,0.0
base,last_week,2018-08-13,2018-08-27,3,garden_tools,Northeast,0.0
base,last_week,2018-08-13,2018-09-03,4,garden_tools,Northeast,0.0
base,last_week,2018-08-13,2018-08-13,1,garden_tools,South,11.0
base,last_week,2018-08-13,2018-08-20,2,garden_tools,South,0.0
base,last_week,2018-08-13,2018-08-27,3,garden_tools,South,0.0
base,last_week,2018-08-13,2018-09-03,4,garden_tools,South,0.0
base,last_week,2018-08-13,2018-08-13,1,garden_tools,Southeast,0.0
base,last_week,2018-08-13,2018-08-20,2,garden_tools,Southeast,0.0
base,last_week,2018-08-13,2018-08-27,3,garden_tools,Southeast,0.0
base,last_week,2018-08-13,2018-09-03,4,garden_tools,Southeast,0.0
base,last_week,2018-08-13,2018-08-13,1,health_beauty,Central-West,2.0
base,last_week,2018-08-13,2018-08-20,2,health_beauty,Central-West,0.0
base,last_week,2018-08-13,2018-08-27,3,health_beauty,Central-West,0.0
base,last_week,2018-08-13,2018-09-03,4,health_beauty,Central-West,0.0
base,last_week,2018-08-13,2018-08-13,1,health_beauty,North,4.0
base,last_week,2018-08-13,2018-08-20,2,health_beauty,North,0.0
base,last_week,2018-08-13,2018-08-27,3,health_beauty,North,0.0
base,last_week,2018-08-13,2018-09-03,4,health_beauty,North,0.0
base,last_week,2018-08-13,2018-08-13,1,health_beauty,Northeast,8.0
base,last_week,2018-08-13,2018-08-20,2,health_beauty,Northeast,0.0
base,last_week,2018-08-13,2018-08-27,3,health_beauty,Northeast,0.0
base,last_week,2018-08-13,2018-09-03,4,health_beauty,Northeast,0.0
base,last_week,2018-08-13,2018-08-13,1,health_beauty,South,7.0
base,last_week,2018-08-13,2018-08-20,2,health_beauty,South,0.0
base,last_week,2018-08-13,2018-08-27,3,health_beauty,South,0.0
base,last_week,2018-08-13,2018-09-03,4,health_beauty,South,0.0
base,last_week,2018-08-13,2018-08-13,1,health_beauty,Southeast,0.0
base,last_week,2018-08-13,2018-08-20,2,health_beauty,Southeast,0.0
base,last_week,2018-08-13,2018-08-27,3,health_beauty,Southeast,0.0
base,last_week,2018-08-13,2018-09-03,4,health_beauty,Southeast,0.0
base,last_week,2018-08-13,2018-08-13,1,housewares,Central-West,0.0
base,last_week,2018-08-13,2018-08-20,2,housewares,Central-West,0.0
base,last_week,2018-08-13,2018-08-27,3,housewares,Central-West,0.0
base,last_week,2018-08-13,2018-09-03,4,housewares,Central-West,0.0
base,last_week,2018-08-13,2018-08-13,1,housewares,North,0.0
base,last_week,2018-08-13,2018-08-20,2,housewares,North,0.0
base,last_week,2018-08-13,2018-08-27,3,housewares,North,0.0
base,last_week,2018-08-13,2018-09-03,4,housewares,North,0.0
base,last_week,2018-08-13,2018-08-13,1,housewares,Northeast,0.0
base,last_week,2018-08-13,2018-08-20,2,housewares,Northeast,0.0
base,last_week,2018-08-13,2018-08-27,3,housewares,Northeast,0.0
base,last_week,2018-08-13,2018-09-03,4,housewares,Northeast,0.0
base,last_week,2018-08-13,2018-08-13,1,housewares,South,0.0
base,last_week,2018-08-13,2018-08-20,2,housewares,South,0.0
base,last_week,2018-08-13,2018-08-27,3,housewares,South,0.0
base,last_week,2018-08-13,2018-09-03,4,housewares,South,0.0
base,last_week,2018-08-13,2018-08-13,1,housewares,Southeast,0.0
base,last_week,2018-08-13,2018-08-20,2,housewares,Southeast,0.0
base,last_week,2018-08-13,2018-08-27,3,housewares,Southeast,0.0
base,last_week,2018-08-13,2018-09-03,4,housewares,Southeast,0.0
base,last_week,2018-08-13,2018-08-13,1,sports_leisure,Central-West,0.0
base,last_week,2018-08-13,2018-08-20,2,sports_leisure,Central-West,0.0
base,last_week,2018-08-13,2018-08-27,3,sports_leisure,Central-West,0.0
base,last_week,2018-08-13,2018-09-03,4,sports_leisure,Central-West,0.0
base,last_week,2018-08-13,2018-08-13,1,sports_leisure,North,0.0
base,last_week,2018-08-13,2018-08-20,2,sports_leisure,North,0.0
base,last_week,2018-08-13,2018-08-27,3,sports_leisure,North,0.0
base,last_week,2018-08-13,2018-09-03,4,sports_leisure,North,0.0
base,last_week,2018-08-13,2018-08-13,1,sports_leisure,Northeast,0.0
base,last_week,2018-08-13,2018-08-20,2,sports_leisure,Northeast,0.0
base,last_week,2018-08-13,2018-08-27,3,sports_leisure,Northeast,0.0
base,last_week,2018-08-13,2018-09-03,4,sports_leisure,Northeast,0.0
base,last_week,2018-08-13,2018-08-13,1,sports_leisure,South,0.0
base,last_week,2018-08-13,2018-08-20,2,sports_leisure,South,0.0
base,last_week,2018-08-13,2018-08-27,3,sports_leisure,South,0.0
base,last_week,2018-08-13,2018-09-03,4,sports_leisure,South,0.0
base,last_week,2018-08-13,2018-08-13,1,sports_leisure,Southeast,0.0
base,last_week,2018-08-13,2018-08-20,2,sports_leisure,Southeast,0.0
base,last_week,2018-08-13,2018-08-27,3,sports_leisure,Southeast,0.0
base,last_week,2018-08-13,2018-09-03,4,sports_leisure,Southeast,0.0
base,last_week,2018-08-13,2018-08-13,1,telephony,Central-West,4.0
base,last_week,2018-08-13,2018-08-20,2,telephony,Central-West,0.0
base,last_week,2018-08-13,2018-08-27,3,telephony,Central-West,0.0
base,last_week,2018-08-13,2018-09-03,4,telephony,Central-West,0.0
base,last_week,2018-08-13,2018-08-13,1,telephony,North,0.0
base,last_week,2018-08-13,2018-08-20,2,telephony,North,0.0
base,last_week,2018-08-13,2018-08-27,3,telephony,North,0.0
base,last_week,2018-08-13,2018-09-03,4,telephony,North,0.0
base,last_week,2018-08-13,2018-08-13,1,telephony,Northeast,0.0
base,last_week,2018-08-13,2018-08-20,2,telephony,Northeast,0.0
base,last_week,2018-08-13,2018-08-27,3,telephony,Northeast,0.0
base,last_week,2018-08-13,2018-09-03,4,telephony,Northeast,0.0
base,last_week,2018-08-13,2018-08-13,1,telephony,South,5.0
base,last_week,2018-08-13,2018-08-20,2,telephony,South,0.0
base,last_week,2018-08-13,2018-08-27,3,telephony,South,0.0
base,last_week,2018-08-13,2018-09-03,4,telephony,South,0.0
base,last_week,2018-08-13,2018-08-13,1,telephony,Southeast,0.0
base,last_week,2018-08-13,2018-08-20,2,telephony,Southeast,0.0
base,last_week,2018-08-13,2018-08-27,3,telephony,Southeast,0.0
base,last_week,2018-08-13,2018-09-03,4,telephony,Southeast,0.0
base,last_week,2018-08-13,2018-08-13,1,watches_gifts,Central-West,0.0
base,last_week,2018-08-13,2018-08-20,2,watches_gifts,Central-West,0.0
base,last_week,2018-08-13,2018-08-27,3,watches_gifts,Central-West,0.0
base,last_week,2018-08-13,2018-09-03,4,watches_gifts,Central-West,0.0
base,last_week,2018-08-13,2018-08-13,1,watches_gifts,North,0.0
base,last_week,2018-08-13,2018-08-20,2,watches_gifts,North,0.0
base,last_week,2018-08-13,2018-08-27,3,watches_gifts,North,0.0
base,last_week,2018-08-13,2018-09-03,4,watches_gifts,North,0.0
base,last_week,2018-08-13,2018-08-13,1,watches_gifts,Northeast,0.0
base,last_week,2018-08-13,2018-08-20,2,watches_gifts,Northeast,0.0
base,last_week,2018-08-13,2018-08-27,3,watches_gifts,Northeast,0.0
base,last_week,2018-08-13,2018-09-03,4,watches_gifts,Northeast,0.0
base,last_week,2018-08-13,2018-08-13,1,watches_gifts,South,0.0
base,last_week,2018-08-13,2018-08-20,2,watches_gifts,South,0.0
base,last_week,2018-08-13,2018-08-27,3,watches_gifts,South,0.0
base,last_week,2018-08-13,2018-09-03,4,watches_gifts,South,0.0
base,last_week,2018-08-13,2018-08-13,1,watches_gifts,Southeast,0.0
base,last_week,2018-08-13,2018-08-20,2,watches_gifts,Southeast,0.0
base,last_week,2018-08-13,2018-08-27,3,watches_gifts,Southeast,0.0
base,last_week,2018-08-13,2018-09-03,4,watches_gifts,Southeast,0.0
base,last_week,2018-08-20,2018-08-20,1,auto,Central-West,0.0
base,last_week,2018-08-20,2018-08-27,2,auto,Central-West,0.0
base,last_week,2018-08-20,2018-09-03,3,auto,Central-West,0.0
base,last_week,2018-08-20,2018-09-10,4,auto,Central-West,0.0
base,last_week,2018-08-20,2018-08-20,1,auto,North,0.0
base,last_week,2018-08-20,2018-08-27,2,auto,North,0.0
base,last_week,2018-08-20,2018-09-03,3,auto,North,0.0
base,last_week,2018-08-20,2018-09-10,4,auto,North,0.0
base,last_week,2018-08-20,2018-08-20,1,auto,Northeast,0.0
base,last_week,2018-08-20,2018-08-27,2,auto,Northeast,0.0
base,last_week,2018-08-20,2018-09-03,3,auto,Northeast,0.0
base,last_week,2018-08-20,2018-09-10,4,auto,Northeast,0.0
base,last_week,2018-08-20,2018-08-20,1,auto,South,0.0
base,last_week,2018-08-20,2018-08-27,2,auto,South,0.0
base,last_week,2018-08-20,2018-09-03,3,auto,South,0.0
base,last_week,2018-08-20,2018-09-10,4,auto,South,0.0
base,last_week,2018-08-20,2018-08-20,1,auto,Southeast,0.0
base,last_week,2018-08-20,2018-08-27,2,auto,Southeast,0.0
base,last_week,2018-08-20,2018-09-03,3,auto,Southeast,0.0
base,last_week,2018-08-20,2018-09-10,4,auto,Southeast,0.0
base,last_week,2018-08-20,2018-08-20,1,bed_bath_table,Central-West,0.0
base,last_week,2018-08-20,2018-08-27,2,bed_bath_table,Central-West,0.0
base,last_week,2018-08-20,2018-09-03,3,bed_bath_table,Central-West,0.0
base,last_week,2018-08-20,2018-09-10,4,bed_bath_table,Central-West,0.0
base,last_week,2018-08-20,2018-08-20,1,bed_bath_table,North,0.0
base,last_week,2018-08-20,2018-08-27,2,bed_bath_table,North,0.0
base,last_week,2018-08-20,2018-09-03,3,bed_bath_table,North,0.0
base,last_week,2018-08-20,2018-09-10,4,bed_bath_table,North,0.0
base,last_week,2018-08-20,2018-08-20,1,bed_bath_table,Northeast,0.0
base,last_week,2018-08-20,2018-08-27,2,bed_bath_table,Northeast,0.0
base,last_week,2018-08-20,2018-09-03,3,bed_bath_table,Northeast,0.0
base,last_week,2018-08-20,2018-09-10,4,bed_bath_table,Northeast,0.0
base,last_week,2018-08-20,2018-08-20,1,bed_bath_table,South,0.0
base,last_week,2018-08-20,2018-08-27,2,bed_bath_table,South,0.0
base,last_week,2018-08-20,2018-09-03,3,bed_bath_table,South,0.0
base,last_week,2018-08-20,2018-09-10,4,bed_bath_table,South,0.0
base,last_week,2018-08-20,2018-08-20,1,bed_bath_table,Southeast,0.0
base,last_week,2018-08-20,2018-08-27,2,bed_bath_table,Southeast,0.0
base,last_week,2018-08-20,2018-09-03,3,bed_bath_table,Southeast,0.0
base,last_week,2018-08-20,2018-09-10,4,bed_bath_table,Southeast,0.0
base,last_week,2018-08-20,2018-08-20,1,computers_accessories,Central-West,0.0
base,last_week,2018-08-20,2018-08-27,2,computers_accessories,Central-West,0.0
base,last_week,2018-08-20,2018-09-03,3,computers_accessories,Central-West,0.0
base,last_week,2018-08-20,2018-09-10,4,computers_accessories,Central-West,0.0
base,last_week,2018-08-20,2018-08-20,1,computers_accessories,North,0.0
base,last_week,2018-08-20,2018-08-27,2,computers_accessories,North,0.0
base,last_week,2018-08-20,2018-09-03,3,computers_accessories,North,0.0
base,last_week,2018-08-20,2018-09-10,4,computers_accessories,North,0.0
base,last_week,2018-08-20,2018-08-20,1,computers_accessories,Northeast,0.0
base,last_week,2018-08-20,2018-08-27,2,computers_accessories,Northeast,0.0
base,last_week,2018-08-20,2018-09-03,3,computers_accessories,Northeast,0.0
base,last_week,2018-08-20,2018-09-10,4,computers_accessories,Northeast,0.0
base,last_week,2018-08-20,2018-08-20,1,computers_accessories,South,0.0
base,last_week,2018-08-20,2018-08-27,2,computers_accessories,South,0.0
base,last_week,2018-08-20,2018-09-03,3,computers_accessories,South,0.0
base,last_week,2018-08-20,2018-09-10,4,computers_accessories,South,0.0
base,last_week,2018-08-20,2018-08-20,1,computers_accessories,Southeast,0.0
base,last_week,2018-08-20,2018-08-27,2,computers_accessories,Southeast,0.0
base,last_week,2018-08-20,2018-09-03,3,computers_accessories,Southeast,0.0
base,last_week,2018-08-20,2018-09-10,4,computers_accessories,Southeast,0.0
base,last_week,2018-08-20,2018-08-20,1,furniture_decor,Central-West,0.0
base,last_week,2018-08-20,2018-08-27,2,furniture_decor,Central-West,0.0
base,last_week,2018-08-20,2018-09-03,3,furniture_decor,Central-West,0.0
base,last_week,2018-08-20,2018-09-10,4,furniture_decor,Central-West,0.0
base,last_week,2018-08-20,2018-08-20,1,furniture_decor,North,0.0
base,last_week,2018-08-20,2018-08-27,2,furniture_decor,North,0.0
base,last_week,2018-08-20,2018-09-03,3,furniture_decor,North,0.0
base,last_week,2018-08-20,2018-09-10,4,furniture_decor,North,0.0
base,last_week,2018-08-20,2018-08-20,1,furniture_decor,Northeast,0.0
base,last_week,2018-08-20,2018-08-27,2,furniture_decor,Northeast,0.0
base,last_week,2018-08-20,2018-09-03,3,furniture_decor,Northeast,0.0
base,last_week,2018-08-20,2018-09-10,4,furniture_decor,Northeast,0.0
base,last_week,2018-08-20,2018-08-20,1,furniture_decor,South,0.0
base,last_week,2018-08-20,2018-08-27,2,furniture_decor,South,0.0
base,last_week,2018-08-20,2018-09-03,3,furniture_decor,South,0.0
base,last_week,2018-08-20,2018-09-10,4,furniture_decor,South,0.0
base,last_week,2018-08-20,2018-08-20,1,furniture_decor,Southeast,0.0
base,last_week,2018-08-20,2018-08-27,2,furniture_decor,Southeast,0.0
base,last_week,2018-08-20,2018-09-03,3,furniture_decor,Southeast,0.0
base,last_week,2018-08-20,2018-09-10,4,furniture_decor,Southeast,0.0
base,last_week,2018-08-20,2018-08-20,1,garden_tools,Central-West,0.0
base,last_week,2018-08-20,2018-08-27,2,garden_tools,Central-West,0.0
base,last_week,2018-08-20,2018-09-03,3,garden_tools,Central-West,0.0
base,last_week,2018-08-20,2018-09-10,4,garden_tools,Central-West,0.0
base,last_week,2018-08-20,2018-08-20,1,garden_tools,North,0.0
base,last_week,2018-08-20,2018-08-27,2,garden_tools,North,0.0
base,last_week,2018-08-20,2018-09-03,3,garden_tools,North,0.0
base,last_week,2018-08-20,2018-09-10,4,garden_tools,North,0.0
base,last_week,2018-08-20,2018-08-20,1,garden_tools,Northeast,0.0
base,last_week,2018-08-20,2018-08-27,2,garden_tools,Northeast,0.0
base,last_week,2018-08-20,2018-09-03,3,garden_tools,Northeast,0.0
base,last_week,2018-08-20,2018-09-10,4,garden_tools,Northeast,0.0
base,last_week,2018-08-20,2018-08-20,1,garden_tools,South,0.0
base,last_week,2018-08-20,2018-08-27,2,garden_tools,South,0.0
base,last_week,2018-08-20,2018-09-03,3,garden_tools,South,0.0
base,last_week,2018-08-20,2018-09-10,4,garden_tools,South,0.0
base,last_week,2018-08-20,2018-08-20,1,garden_tools,Southeast,0.0
base,last_week,2018-08-20,2018-08-27,2,garden_tools,Southeast,0.0
base,last_week,2018-08-20,2018-09-03,3,garden_tools,Southeast,0.0
base,last_week,2018-08-20,2018-09-10,4,garden_tools,Southeast,0.0
base,last_week,2018-08-20,2018-08-20,1,health_beauty,Central-West,0.0
base,last_week,2018-08-20,2018-08-27,2,health_beauty,Central-West,0.0
base,last_week,2018-08-20,2018-09-03,3,health_beauty,Central-West,0.0
base,last_week,2018-08-20,2018-09-10,4,health_beauty,Central-West,0.0
base,last_week,2018-08-20,2018-08-20,1,health_beauty,North,0.0
base,last_week,2018-08-20,2018-08-27,2,health_beauty,North,0.0
base,last_week,2018-08-20,2018-09-03,3,health_beauty,North,0.0
base,last_week,2018-08-20,2018-09-10,4,health_beauty,North,0.0
base,last_week,2018-08-20,2018-08-20,1,health_beauty,Northeast,0.0
base,last_week,2018-08-20,2018-08-27,2,health_beauty,Northeast,0.0
base,last_week,2018-08-20,2018-09-03,3,health_beauty,Northeast,0.0
base,last_week,2018-08-20,2018-09-10,4,health_beauty,Northeast,0.0
base,last_week,2018-08-20,2018-08-20,1,health_beauty,South,0.0
base,last_week,2018-08-20,2018-08-27,2,health_beauty,South,0.0
base,last_week,2018-08-20,2018-09-03,3,health_beauty,South,0.0
base,last_week,2018-08-20,2018-09-10,4,health_beauty,South,0.0
base,last_week,2018-08-20,2018-08-20,1,health_beauty,Southeast,0.0
base,last_week,2018-08-20,2018-08-27,2,health_beauty,Southeast,0.0
base,last_week,2018-08-20,2018-09-03,3,health_beauty,Southeast,0.0
base,last_week,2018-08-20,2018-09-10,4,health_beauty,Southeast,0.0
base,last_week,2018-08-20,2018-08-20,1,housewares,Central-West,0.0
base,last_week,2018-08-20,2018-08-27,2,housewares,Central-West,0.0
base,last_week,2018-08-20,2018-09-03,3,housewares,Central-West,0.0
base,last_week,2018-08-20,2018-09-10,4,housewares,Central-West,0.0
base,last_week,2018-08-20,2018-08-20,1,housewares,North,0.0
base,last_week,2018-08-20,2018-08-27,2,housewares,North,0.0
base,last_week,2018-08-20,2018-09-03,3,housewares,North,0.0
base,last_week,2018-08-20,2018-09-10,4,housewares,North,0.0
base,last_week,2018-08-20,2018-08-20,1,housewares,Northeast,0.0
base,last_week,2018-08-20,2018-08-27,2,housewares,Northeast,0.0
base,last_week,2018-08-20,2018-09-03,3,housewares,Northeast,0.0
base,last_week,2018-08-20,2018-09-10,4,housewares,Northeast,0.0
base,last_week,2018-08-20,2018-08-20,1,housewares,South,0.0
base,last_week,2018-08-20,2018-08-27,2,housewares,South,0.0
base,last_week,2018-08-20,2018-09-03,3,housewares,South,0.0
base,last_week,2018-08-20,2018-09-10,4,housewares,South,0.0
base,last_week,2018-08-20,2018-08-20,1,housewares,Southeast,0.0
base,last_week,2018-08-20,2018-08-27,2,housewares,Southeast,0.0
base,last_week,2018-08-20,2018-09-03,3,housewares,Southeast,0.0
base,last_week,2018-08-20,2018-09-10,4,housewares,Southeast,0.0
base,last_week,2018-08-20,2018-08-20,1,sports_leisure,Central-West,7.0
base,last_week,2018-08-20,2018-08-27,2,sports_leisure,Central-West,0.0
base,last_week,2018-08-20,2018-09-03,3,sports_leisure,Central-West,0.0
base,last_week,2018-08-20,2018-09-10,4,sports_leisure,Central-West,0.0
base,last_week,2018-08-20,2018-08-20,1,sports_leisure,North,3.0
base,last_week,2018-08-20,2018-08-27,2,sports_leisure,North,0.0
base,last_week,2018-08-20,2018-09-03,3,sports_leisure,North,0.0
base,last_week,2018-08-20,2018-09-10,4,sports_leisure,North,0.0
base,last_week,2018-08-20,2018-08-20,1,sports_leisure,Northeast,9.0
base,last_week,2018-08-20,2018-08-27,2,sports_leisure,Northeast,0.0
base,last_week,2018-08-20,2018-09-03,3,sports_leisure,Northeast,0.0
base,last_week,2018-08-20,2018-09-10,4,sports_leisure,Northeast,0.0
base,last_week,2018-08-20,2018-08-20,1,sports_leisure,South,0.0
base,last_week,2018-08-20,2018-08-27,2,sports_leisure,South,0.0
base,last_week,2018-08-20,2018-09-03,3,sports_leisure,South,0.0
base,last_week,2018-08-20,2018-09-10,4,sports_leisure,South,0.0
base,last_week,2018-08-20,2018-08-20,1,sports_leisure,Southeast,0.0
base,last_week,2018-08-20,2018-08-27,2,sports_leisure,Southeast,0.0
base,last_week,2018-08-20,2018-09-03,3,sports_leisure,Southeast,0.0
base,last_week,2018-08-20,2018-09-10,4,sports_leisure,Southeast,0.0
base,last_week,2018-08-20,2018-08-20,1,telephony,Central-West,0.0
base,last_week,2018-08-20,2018-08-27,2,telephony,Central-West,0.0
base,last_week,2018-08-20,2018-09-03,3,telephony,Central-West,0.0
base,last_week,2018-08-20,2018-09-10,4,telephony,Central-West,0.0
base,last_week,2018-08-20,2018-08-20,1,telephony,North,0.0
base,last_week,2018-08-20,2018-08-27,2,telephony,North,0.0
base,last_week,2018-08-20,2018-09-03,3,telephony,North,0.0
base,last_week,2018-08-20,2018-09-10,4,telephony,North,0.0
base,last_week,2018-08-20,2018-08-20,1,telephony,Northeast,0.0
base,last_week,2018-08-20,2018-08-27,2,telephony,Northeast,0.0
base,last_week,2018-08-20,2018-09-03,3,telephony,Northeast,0.0
base,last_week,2018-08-20,2018-09-10,4,telephony,Northeast,0.0
base,last_week,2018-08-20,2018-08-20,1,telephony,South,0.0
base,last_week,2018-08-20,2018-08-27,2,telephony,South,0.0
base,last_week,2018-08-20,2018-09-03,3,telephony,South,0.0
base,last_week,2018-08-20,2018-09-10,4,telephony,South,0.0
base,last_week,2018-08-20,2018-08-20,1,telephony,Southeast,0.0
base,last_week,2018-08-20,2018-08-27,2,telephony,Southeast,0.0
base,last_week,2018-08-20,2018-09-03,3,telephony,Southeast,0.0
base,last_week,2018-08-20,2018-09-10,4,telephony,Southeast,0.0
base,last_week,2018-08-20,2018-08-20,1,watches_gifts,Central-West,0.0
base,last_week,2018-08-20,2018-08-27,2,watches_gifts,Central-West,0.0
base,last_week,2018-08-20,2018-09-03,3,watches_gifts,Central-West,0.0
base,last_week,2018-08-20,2018-09-10,4,watches_gifts,Central-West,0.0
base,last_week,2018-08-20,2018-08-20,1,watches_gifts,North,0.0
base,last_week,2018-08-20,2018-08-27,2,watches_gifts,North,0.0
base,last_week,2018-08-20,2018-09-03,3,watches_gifts,North,0.0
base,last_week,2018-08-20,2018-09-10,4,watches_gifts,North,0.0
base,last_week,2018-08-20,2018-08-20,1,watches_gifts,Northeast,0.0
base,last_week,2018-08-20,2018-08-27,2,watches_gifts,Northeast,0.0
base,last_week,2018-08-20,2018-09-03,3,watches_gifts,Northeast,0.0
base,last_week,2018-08-20,2018-09-10,4,watches_gifts,Northeast,0.0
base,last_week,2018-08-20,2018-08-20,1,watches_gifts,South,0.0
base,last_week,2018-08-20,2018-08-27,2,watches_gifts,South,0.0
base,last_week,2018-08-20,2018-09-03,3,watches_gifts,South,0.0
base,last_week,2018-08-20,2018-09-10,4,watches_gifts,South,0.0
base,last_week,2018-08-20,2018-08-20,1,watches_gifts,Southeast,0.0
base,last_week,2018-08-20,2018-08-27,2,watches_gifts,Southeast,0.0
base,last_week,2018-08-20,2018-09-03,3,watches_gifts,Southeast,0.0
base,last_week,2018-08-20,2018-09-10,4,watches_gifts,Southeast,0.0
base,moving_average,2018-05-28,2018-05-28,1,auto,Central-West,0.0
base,moving_average,2018-05-28,2018-06-04,2,auto,Central-West,0.0
base,moving_average,2018-05-28,2018-06-11,3,auto,Central-West,0.0
base,moving_average,2018-05-28,2018-06-18,4,auto,Central-West,0.0
base,moving_average,2018-05-28,2018-05-28,1,auto,North,0.0
base,moving_average,2018-05-28,2018-06-04,2,auto,North,0.0
base,moving_average,2018-05-28,2018-06-11,3,auto,North,0.0
base,moving_average,2018-05-28,2018-06-18,4,auto,North,0.0
base,moving_average,2018-05-28,2018-05-28,1,auto,Northeast,0.0
base,moving_average,2018-05-28,2018-06-04,2,auto,Northeast,0.0
base,moving_average,2018-05-28,2018-06-11,3,auto,Northeast,0.0
base,moving_average,2018-05-28,2018-06-18,4,auto,Northeast,0.0
base,moving_average,2018-05-28,2018-05-28,1,auto,South,0.0
base,moving_average,2018-05-28,2018-06-04,2,auto,South,0.0
base,moving_average,2018-05-28,2018-06-11,3,auto,South,0.0
base,moving_average,2018-05-28,2018-06-18,4,auto,South,0.0
base,moving_average,2018-05-28,2018-05-28,1,auto,Southeast,0.0
base,moving_average,2018-05-28,2018-06-04,2,auto,Southeast,0.0
base,moving_average,2018-05-28,2018-06-11,3,auto,Southeast,0.0
base,moving_average,2018-05-28,2018-06-18,4,auto,Southeast,0.0
base,moving_average,2018-05-28,2018-05-28,1,bed_bath_table,Central-West,0.0
base,moving_average,2018-05-28,2018-06-04,2,bed_bath_table,Central-West,0.0
base,moving_average,2018-05-28,2018-06-11,3,bed_bath_table,Central-West,0.0
base,moving_average,2018-05-28,2018-06-18,4,bed_bath_table,Central-West,0.0
base,moving_average,2018-05-28,2018-05-28,1,bed_bath_table,North,0.0
base,moving_average,2018-05-28,2018-06-04,2,bed_bath_table,North,0.0
base,moving_average,2018-05-28,2018-06-11,3,bed_bath_table,North,0.0
base,moving_average,2018-05-28,2018-06-18,4,bed_bath_table,North,0.0
base,moving_average,2018-05-28,2018-05-28,1,bed_bath_table,Northeast,0.0
base,moving_average,2018-05-28,2018-06-04,2,bed_bath_table,Northeast,0.0
base,moving_average,2018-05-28,2018-06-11,3,bed_bath_table,Northeast,0.0
base,moving_average,2018-05-28,2018-06-18,4,bed_bath_table,Northeast,0.0
base,moving_average,2018-05-28,2018-05-28,1,bed_bath_table,South,0.0
base,moving_average,2018-05-28,2018-06-04,2,bed_bath_table,South,0.0
base,moving_average,2018-05-28,2018-06-11,3,bed_bath_table,South,0.0
base,moving_average,2018-05-28,2018-06-18,4,bed_bath_table,South,0.0
base,moving_average,2018-05-28,2018-05-28,1,bed_bath_table,Southeast,0.0
base,moving_average,2018-05-28,2018-06-04,2,bed_bath_table,Southeast,0.0
base,moving_average,2018-05-28,2018-06-11,3,bed_bath_table,Southeast,0.0
base,moving_average,2018-05-28,2018-06-18,4,bed_bath_table,Southeast,0.0
base,moving_average,2018-05-28,2018-05-28,1,computers_accessories,Central-West,0.0
base,moving_average,2018-05-28,2018-06-04,2,computers_accessories,Central-West,0.0
base,moving_average,2018-05-28,2018-06-11,3,computers_accessories,Central-West,0.0
base,moving_average,2018-05-28,2018-06-18,4,computers_accessories,Central-West,0.0
base,moving_average,2018-05-28,2018-05-28,1,computers_accessories,North,0.0
base,moving_average,2018-05-28,2018-06-04,2,computers_accessories,North,0.0
base,moving_average,2018-05-28,2018-06-11,3,computers_accessories,North,0.0
base,moving_average,2018-05-28,2018-06-18,4,computers_accessories,North,0.0
base,moving_average,2018-05-28,2018-05-28,1,computers_accessories,Northeast,0.0
base,moving_average,2018-05-28,2018-06-04,2,computers_accessories,Northeast,0.0
base,moving_average,2018-05-28,2018-06-11,3,computers_accessories,Northeast,0.0
base,moving_average,2018-05-28,2018-06-18,4,computers_accessories,Northeast,0.0
base,moving_average,2018-05-28,2018-05-28,1,computers_accessories,South,0.0
base,moving_average,2018-05-28,2018-06-04,2,computers_accessories,South,0.0
base,moving_average,2018-05-28,2018-06-11,3,computers_accessories,South,0.0
base,moving_average,2018-05-28,2018-06-18,4,computers_accessories,South,0.0
base,moving_average,2018-05-28,2018-05-28,1,computers_accessories,Southeast,0.0
base,moving_average,2018-05-28,2018-06-04,2,computers_accessories,Southeast,0.0
base,moving_average,2018-05-28,2018-06-11,3,computers_accessories,Southeast,0.0
base,moving_average,2018-05-28,2018-06-18,4,computers_accessories,Southeast,0.0
base,moving_average,2018-05-28,2018-05-28,1,furniture_decor,Central-West,0.0
base,moving_average,2018-05-28,2018-06-04,2,furniture_decor,Central-West,0.0
base,moving_average,2018-05-28,2018-06-11,3,furniture_decor,Central-West,0.0
base,moving_average,2018-05-28,2018-06-18,4,furniture_decor,Central-West,0.0
base,moving_average,2018-05-28,2018-05-28,1,furniture_decor,North,0.0
base,moving_average,2018-05-28,2018-06-04,2,furniture_decor,North,0.0
base,moving_average,2018-05-28,2018-06-11,3,furniture_decor,North,0.0
base,moving_average,2018-05-28,2018-06-18,4,furniture_decor,North,0.0
base,moving_average,2018-05-28,2018-05-28,1,furniture_decor,Northeast,0.0
base,moving_average,2018-05-28,2018-06-04,2,furniture_decor,Northeast,0.0
base,moving_average,2018-05-28,2018-06-11,3,furniture_decor,Northeast,0.0
base,moving_average,2018-05-28,2018-06-18,4,furniture_decor,Northeast,0.0
base,moving_average,2018-05-28,2018-05-28,1,furniture_decor,South,0.0
base,moving_average,2018-05-28,2018-06-04,2,furniture_decor,South,0.0
base,moving_average,2018-05-28,2018-06-11,3,furniture_decor,South,0.0
base,moving_average,2018-05-28,2018-06-18,4,furniture_decor,South,0.0
base,moving_average,2018-05-28,2018-05-28,1,furniture_decor,Southeast,0.0
base,moving_average,2018-05-28,2018-06-04,2,furniture_decor,Southeast,0.0
base,moving_average,2018-05-28,2018-06-11,3,furniture_decor,Southeast,0.0
base,moving_average,2018-05-28,2018-06-18,4,furniture_decor,Southeast,0.0
base,moving_average,2018-05-28,2018-05-28,1,garden_tools,Central-West,0.0
base,moving_average,2018-05-28,2018-06-04,2,garden_tools,Central-West,0.0
base,moving_average,2018-05-28,2018-06-11,3,garden_tools,Central-West,0.0
base,moving_average,2018-05-28,2018-06-18,4,garden_tools,Central-West,0.0
base,moving_average,2018-05-28,2018-05-28,1,garden_tools,North,0.0
base,moving_average,2018-05-28,2018-06-04,2,garden_tools,North,0.0
base,moving_average,2018-05-28,2018-06-11,3,garden_tools,North,0.0
base,moving_average,2018-05-28,2018-06-18,4,garden_tools,North,0.0
base,moving_average,2018-05-28,2018-05-28,1,garden_tools,Northeast,0.0
base,moving_average,2018-05-28,2018-06-04,2,garden_tools,Northeast,0.0
base,moving_average,2018-05-28,2018-06-11,3,garden_tools,Northeast,0.0
base,moving_average,2018-05-28,2018-06-18,4,garden_tools,Northeast,0.0
base,moving_average,2018-05-28,2018-05-28,1,garden_tools,South,0.0
base,moving_average,2018-05-28,2018-06-04,2,garden_tools,South,0.0
base,moving_average,2018-05-28,2018-06-11,3,garden_tools,South,0.0
base,moving_average,2018-05-28,2018-06-18,4,garden_tools,South,0.0
base,moving_average,2018-05-28,2018-05-28,1,garden_tools,Southeast,0.0
base,moving_average,2018-05-28,2018-06-04,2,garden_tools,Southeast,0.0
base,moving_average,2018-05-28,2018-06-11,3,garden_tools,Southeast,0.0
base,moving_average,2018-05-28,2018-06-18,4,garden_tools,Southeast,0.0
base,moving_average,2018-05-28,2018-05-28,1,health_beauty,Central-West,0.0
base,moving_average,2018-05-28,2018-06-04,2,health_beauty,Central-West,0.0
base,moving_average,2018-05-28,2018-06-11,3,health_beauty,Central-West,0.0
base,moving_average,2018-05-28,2018-06-18,4,health_beauty,Central-West,0.0
base,moving_average,2018-05-28,2018-05-28,1,health_beauty,North,0.0
base,moving_average,2018-05-28,2018-06-04,2,health_beauty,North,0.0
base,moving_average,2018-05-28,2018-06-11,3,health_beauty,North,0.0
base,moving_average,2018-05-28,2018-06-18,4,health_beauty,North,0.0
base,moving_average,2018-05-28,2018-05-28,1,health_beauty,Northeast,0.0
base,moving_average,2018-05-28,2018-06-04,2,health_beauty,Northeast,0.0
base,moving_average,2018-05-28,2018-06-11,3,health_beauty,Northeast,0.0
base,moving_average,2018-05-28,2018-06-18,4,health_beauty,Northeast,0.0
base,moving_average,2018-05-28,2018-05-28,1,health_beauty,South,0.0
base,moving_average,2018-05-28,2018-06-04,2,health_beauty,South,0.0
base,moving_average,2018-05-28,2018-06-11,3,health_beauty,South,0.0
base,moving_average,2018-05-28,2018-06-18,4,health_beauty,South,0.0
base,moving_average,2018-05-28,2018-05-28,1,health_beauty,Southeast,0.0
base,moving_average,2018-05-28,2018-06-04,2,health_beauty,Southeast,0.0
base,moving_average,2018-05-28,2018-06-11,3,health_beauty,Southeast,0.0
base,moving_average,2018-05-28,2018-06-18,4,health_beauty,Southeast,0.0
base,moving_average,2018-05-28,2018-05-28,1,housewares,Central-West,0.0
base,moving_average,2018-05-28,2018-06-04,2,housewares,Central-West,0.0
base,moving_average,2018-05-28,2018-06-11,3,housewares,Central-West,0.0
base,moving_average,2018-05-28,2018-06-18,4,housewares,Central-West,0.0
base,moving_average,2018-05-28,2018-05-28,1,housewares,North,0.0
base,moving_average,2018-05-28,2018-06-04,2,housewares,North,0.0
base,moving_average,2018-05-28,2018-06-11,3,housewares,North,0.0
base,moving_average,2018-05-28,2018-06-18,4,housewares,North,0.0
base,moving_average,2018-05-28,2018-05-28,1,housewares,Northeast,0.0
base,moving_average,2018-05-28,2018-06-04,2,housewares,Northeast,0.0
base,moving_average,2018-05-28,2018-06-11,3,housewares,Northeast,0.0
base,moving_average,2018-05-28,2018-06-18,4,housewares,Northeast,0.0
base,moving_average,2018-05-28,2018-05-28,1,housewares,South,5.0
base,moving_average,2018-05-28,2018-06-04,2,housewares,South,0.0
base,moving_average,2018-05-28,2018-06-11,3,housewares,South,0.0
base,moving_average,2018-05-28,2018-06-18,4,housewares,South,0.0
base,moving_average,2018-05-28,2018-05-28,1,housewares,Southeast,0.0
base,moving_average,2018-05-28,2018-06-04,2,housewares,Southeast,0.0
base,moving_average,2018-05-28,2018-06-11,3,housewares,Southeast,0.0
base,moving_average,2018-05-28,2018-06-18,4,housewares,Southeast,0.0
base,moving_average,2018-05-28,2018-05-28,1,sports_leisure,Central-West,0.0
base,moving_average,2018-05-28,2018-06-04,2,sports_leisure,Central-West,0.0
base,moving_average,2018-05-28,2018-06-11,3,sports_leisure,Central-West,0.0
base,moving_average,2018-05-28,2018-06-18,4,sports_leisure,Central-West,0.0
base,moving_average,2018-05-28,2018-05-28,1,sports_leisure,North,0.0
base,moving_average,2018-05-28,2018-06-04,2,sports_leisure,North,0.0
base,moving_average,2018-05-28,2018-06-11,3,sports_leisure,North,0.0
base,moving_average,2018-05-28,2018-06-18,4,sports_leisure,North,0.0
base,moving_average,2018-05-28,2018-05-28,1,sports_leisure,Northeast,0.0
base,moving_average,2018-05-28,2018-06-04,2,sports_leisure,Northeast,0.0
base,moving_average,2018-05-28,2018-06-11,3,sports_leisure,Northeast,0.0
base,moving_average,2018-05-28,2018-06-18,4,sports_leisure,Northeast,0.0
base,moving_average,2018-05-28,2018-05-28,1,sports_leisure,South,0.0
base,moving_average,2018-05-28,2018-06-04,2,sports_leisure,South,0.0
base,moving_average,2018-05-28,2018-06-11,3,sports_leisure,South,0.0
base,moving_average,2018-05-28,2018-06-18,4,sports_leisure,South,0.0
base,moving_average,2018-05-28,2018-05-28,1,sports_leisure,Southeast,0.0
base,moving_average,2018-05-28,2018-06-04,2,sports_leisure,Southeast,0.0
base,moving_average,2018-05-28,2018-06-11,3,sports_leisure,Southeast,0.0
base,moving_average,2018-05-28,2018-06-18,4,sports_leisure,Southeast,0.0
base,moving_average,2018-05-28,2018-05-28,1,telephony,Central-West,0.0
base,moving_average,2018-05-28,2018-06-04,2,telephony,Central-West,0.0
base,moving_average,2018-05-28,2018-06-11,3,telephony,Central-West,0.0
base,moving_average,2018-05-28,2018-06-18,4,telephony,Central-West,0.0
base,moving_average,2018-05-28,2018-05-28,1,telephony,North,0.0
base,moving_average,2018-05-28,2018-06-04,2,telephony,North,0.0
base,moving_average,2018-05-28,2018-06-11,3,telephony,North,0.0
base,moving_average,2018-05-28,2018-06-18,4,telephony,North,0.0
base,moving_average,2018-05-28,2018-05-28,1,telephony,Northeast,0.0
base,moving_average,2018-05-28,2018-06-04,2,telephony,Northeast,0.0
base,moving_average,2018-05-28,2018-06-11,3,telephony,Northeast,0.0
base,moving_average,2018-05-28,2018-06-18,4,telephony,Northeast,0.0
base,moving_average,2018-05-28,2018-05-28,1,telephony,South,0.0
base,moving_average,2018-05-28,2018-06-04,2,telephony,South,0.0
base,moving_average,2018-05-28,2018-06-11,3,telephony,South,0.0
base,moving_average,2018-05-28,2018-06-18,4,telephony,South,0.0
base,moving_average,2018-05-28,2018-05-28,1,telephony,Southeast,0.0
base,moving_average,2018-05-28,2018-06-04,2,telephony,Southeast,0.0
base,moving_average,2018-05-28,2018-06-11,3,telephony,Southeast,0.0
base,moving_average,2018-05-28,2018-06-18,4,telephony,Southeast,0.0
base,moving_average,2018-05-28,2018-05-28,1,watches_gifts,Central-West,9.0
base,moving_average,2018-05-28,2018-06-04,2,watches_gifts,Central-West,0.0
base,moving_average,2018-05-28,2018-06-11,3,watches_gifts,Central-West,0.0
base,moving_average,2018-05-28,2018-06-18,4,watches_gifts,Central-West,0.0
base,moving_average,2018-05-28,2018-05-28,1,watches_gifts,North,3.0
base,moving_average,2018-05-28,2018-06-04,2,watches_gifts,North,0.0
base,moving_average,2018-05-28,2018-06-11,3,watches_gifts,North,0.0
base,moving_average,2018-05-28,2018-06-18,4,watches_gifts,North,0.0
base,moving_average,2018-05-28,2018-05-28,1,watches_gifts,Northeast,13.0
base,moving_average,2018-05-28,2018-06-04,2,watches_gifts,Northeast,0.0
base,moving_average,2018-05-28,2018-06-11,3,watches_gifts,Northeast,0.0
base,moving_average,2018-05-28,2018-06-18,4,watches_gifts,Northeast,0.0
base,moving_average,2018-05-28,2018-05-28,1,watches_gifts,South,8.0
base,moving_average,2018-05-28,2018-06-04,2,watches_gifts,South,0.0
base,moving_average,2018-05-28,2018-06-11,3,watches_gifts,South,0.0
base,moving_average,2018-05-28,2018-06-18,4,watches_gifts,South,0.0
base,moving_average,2018-05-28,2018-05-28,1,watches_gifts,Southeast,23.0
base,moving_average,2018-05-28,2018-06-04,2,watches_gifts,Southeast,0.0
base,moving_average,2018-05-28,2018-06-11,3,watches_gifts,Southeast,0.0
base,moving_average,2018-05-28,2018-06-18,4,watches_gifts,Southeast,0.0
base,moving_average,2018-06-04,2018-06-04,1,auto,Central-West,0.0
base,moving_average,2018-06-04,2018-06-11,2,auto,Central-West,0.0
base,moving_average,2018-06-04,2018-06-18,3,auto,Central-West,0.0
base,moving_average,2018-06-04,2018-06-25,4,auto,Central-West,0.0
base,moving_average,2018-06-04,2018-06-04,1,auto,North,0.0
base,moving_average,2018-06-04,2018-06-11,2,auto,North,0.0
base,moving_average,2018-06-04,2018-06-18,3,auto,North,0.0
base,moving_average,2018-06-04,2018-06-25,4,auto,North,0.0
base,moving_average,2018-06-04,2018-06-04,1,auto,Northeast,0.0
base,moving_average,2018-06-04,2018-06-11,2,auto,Northeast,0.0
base,moving_average,2018-06-04,2018-06-18,3,auto,Northeast,0.0
base,moving_average,2018-06-04,2018-06-25,4,auto,Northeast,0.0
base,moving_average,2018-06-04,2018-06-04,1,auto,South,0.0
base,moving_average,2018-06-04,2018-06-11,2,auto,South,0.0
base,moving_average,2018-06-04,2018-06-18,3,auto,South,0.0
base,moving_average,2018-06-04,2018-06-25,4,auto,South,0.0
base,moving_average,2018-06-04,2018-06-04,1,auto,Southeast,0.0
base,moving_average,2018-06-04,2018-06-11,2,auto,Southeast,0.0
base,moving_average,2018-06-04,2018-06-18,3,auto,Southeast,0.0
base,moving_average,2018-06-04,2018-06-25,4,auto,Southeast,0.0
base,moving_average,2018-06-04,2018-06-04,1,bed_bath_table,Central-West,0.0
base,moving_average,2018-06-04,2018-06-11,2,bed_bath_table,Central-West,0.0
base,moving_average,2018-06-04,2018-06-18,3,bed_bath_table,Central-West,0.0
base,moving_average,2018-06-04,2018-06-25,4,bed_bath_table,Central-West,0.0
base,moving_average,2018-06-04,2018-06-04,1,bed_bath_table,North,0.0
base,moving_average,2018-06-04,2018-06-11,2,bed_bath_table,North,0.0
base,moving_average,2018-06-04,2018-06-18,3,bed_bath_table,North,0.0
base,moving_average,2018-06-04,2018-06-25,4,bed_bath_table,North,0.0
base,moving_average,2018-06-04,2018-06-04,1,bed_bath_table,Northeast,0.0
base,moving_average,2018-06-04,2018-06-11,2,bed_bath_table,Northeast,0.0
base,moving_average,2018-06-04,2018-06-18,3,bed_bath_table,Northeast,0.0
base,moving_average,2018-06-04,2018-06-25,4,bed_bath_table,Northeast,0.0
base,moving_average,2018-06-04,2018-06-04,1,bed_bath_table,South,0.0
base,moving_average,2018-06-04,2018-06-11,2,bed_bath_table,South,0.0
base,moving_average,2018-06-04,2018-06-18,3,bed_bath_table,South,0.0
base,moving_average,2018-06-04,2018-06-25,4,bed_bath_table,South,0.0
base,moving_average,2018-06-04,2018-06-04,1,bed_bath_table,Southeast,0.0
base,moving_average,2018-06-04,2018-06-11,2,bed_bath_table,Southeast,0.0
base,moving_average,2018-06-04,2018-06-18,3,bed_bath_table,Southeast,0.0
base,moving_average,2018-06-04,2018-06-25,4,bed_bath_table,Southeast,0.0
base,moving_average,2018-06-04,2018-06-04,1,computers_accessories,Central-West,0.0
base,moving_average,2018-06-04,2018-06-11,2,computers_accessories,Central-West,0.0
base,moving_average,2018-06-04,2018-06-18,3,computers_accessories,Central-West,0.0
base,moving_average,2018-06-04,2018-06-25,4,computers_accessories,Central-West,0.0
base,moving_average,2018-06-04,2018-06-04,1,computers_accessories,North,0.0
base,moving_average,2018-06-04,2018-06-11,2,computers_accessories,North,0.0
base,moving_average,2018-06-04,2018-06-18,3,computers_accessories,North,0.0
base,moving_average,2018-06-04,2018-06-25,4,computers_accessories,North,0.0
base,moving_average,2018-06-04,2018-06-04,1,computers_accessories,Northeast,0.0
base,moving_average,2018-06-04,2018-06-11,2,computers_accessories,Northeast,0.0
base,moving_average,2018-06-04,2018-06-18,3,computers_accessories,Northeast,0.0
base,moving_average,2018-06-04,2018-06-25,4,computers_accessories,Northeast,0.0
base,moving_average,2018-06-04,2018-06-04,1,computers_accessories,South,0.0
base,moving_average,2018-06-04,2018-06-11,2,computers_accessories,South,0.0
base,moving_average,2018-06-04,2018-06-18,3,computers_accessories,South,0.0
base,moving_average,2018-06-04,2018-06-25,4,computers_accessories,South,0.0
base,moving_average,2018-06-04,2018-06-04,1,computers_accessories,Southeast,0.0
base,moving_average,2018-06-04,2018-06-11,2,computers_accessories,Southeast,0.0
base,moving_average,2018-06-04,2018-06-18,3,computers_accessories,Southeast,0.0
base,moving_average,2018-06-04,2018-06-25,4,computers_accessories,Southeast,0.0
base,moving_average,2018-06-04,2018-06-04,1,furniture_decor,Central-West,0.0
base,moving_average,2018-06-04,2018-06-11,2,furniture_decor,Central-West,0.0
base,moving_average,2018-06-04,2018-06-18,3,furniture_decor,Central-West,0.0
base,moving_average,2018-06-04,2018-06-25,4,furniture_decor,Central-West,0.0
base,moving_average,2018-06-04,2018-06-04,1,furniture_decor,North,0.0
base,moving_average,2018-06-04,2018-06-11,2,furniture_decor,North,0.0
base,moving_average,2018-06-04,2018-06-18,3,furniture_decor,North,0.0
base,moving_average,2018-06-04,2018-06-25,4,furniture_decor,North,0.0
base,moving_average,2018-06-04,2018-06-04,1,furniture_decor,Northeast,0.0
base,moving_average,2018-06-04,2018-06-11,2,furniture_decor,Northeast,0.0
base,moving_average,2018-06-04,2018-06-18,3,furniture_decor,Northeast,0.0
base,moving_average,2018-06-04,2018-06-25,4,furniture_decor,Northeast,0.0
base,moving_average,2018-06-04,2018-06-04,1,furniture_decor,South,0.0
base,moving_average,2018-06-04,2018-06-11,2,furniture_decor,South,0.0
base,moving_average,2018-06-04,2018-06-18,3,furniture_decor,South,0.0
base,moving_average,2018-06-04,2018-06-25,4,furniture_decor,South,0.0
base,moving_average,2018-06-04,2018-06-04,1,furniture_decor,Southeast,0.0
base,moving_average,2018-06-04,2018-06-11,2,furniture_decor,Southeast,0.0
base,moving_average,2018-06-04,2018-06-18,3,furniture_decor,Southeast,0.0
base,moving_average,2018-06-04,2018-06-25,4,furniture_decor,Southeast,0.0
base,moving_average,2018-06-04,2018-06-04,1,garden_tools,Central-West,0.0
base,moving_average,2018-06-04,2018-06-11,2,garden_tools,Central-West,0.0
base,moving_average,2018-06-04,2018-06-18,3,garden_tools,Central-West,0.0
base,moving_average,2018-06-04,2018-06-25,4,garden_tools,Central-West,0.0
base,moving_average,2018-06-04,2018-06-04,1,garden_tools,North,0.0
base,moving_average,2018-06-04,2018-06-11,2,garden_tools,North,0.0
base,moving_average,2018-06-04,2018-06-18,3,garden_tools,North,0.0
base,moving_average,2018-06-04,2018-06-25,4,garden_tools,North,0.0
base,moving_average,2018-06-04,2018-06-04,1,garden_tools,Northeast,0.0
base,moving_average,2018-06-04,2018-06-11,2,garden_tools,Northeast,0.0
base,moving_average,2018-06-04,2018-06-18,3,garden_tools,Northeast,0.0
base,moving_average,2018-06-04,2018-06-25,4,garden_tools,Northeast,0.0
base,moving_average,2018-06-04,2018-06-04,1,garden_tools,South,0.0
base,moving_average,2018-06-04,2018-06-11,2,garden_tools,South,0.0
base,moving_average,2018-06-04,2018-06-18,3,garden_tools,South,0.0
base,moving_average,2018-06-04,2018-06-25,4,garden_tools,South,0.0
base,moving_average,2018-06-04,2018-06-04,1,garden_tools,Southeast,0.0
base,moving_average,2018-06-04,2018-06-11,2,garden_tools,Southeast,0.0
base,moving_average,2018-06-04,2018-06-18,3,garden_tools,Southeast,0.0
base,moving_average,2018-06-04,2018-06-25,4,garden_tools,Southeast,0.0
base,moving_average,2018-06-04,2018-06-04,1,health_beauty,Central-West,0.0
base,moving_average,2018-06-04,2018-06-11,2,health_beauty,Central-West,0.0
base,moving_average,2018-06-04,2018-06-18,3,health_beauty,Central-West,0.0
base,moving_average,2018-06-04,2018-06-25,4,health_beauty,Central-West,0.0
base,moving_average,2018-06-04,2018-06-04,1,health_beauty,North,0.0
base,moving_average,2018-06-04,2018-06-11,2,health_beauty,North,0.0
base,moving_average,2018-06-04,2018-06-18,3,health_beauty,North,0.0
base,moving_average,2018-06-04,2018-06-25,4,health_beauty,North,0.0
base,moving_average,2018-06-04,2018-06-04,1,health_beauty,Northeast,0.0
base,moving_average,2018-06-04,2018-06-11,2,health_beauty,Northeast,0.0
base,moving_average,2018-06-04,2018-06-18,3,health_beauty,Northeast,0.0
base,moving_average,2018-06-04,2018-06-25,4,health_beauty,Northeast,0.0
base,moving_average,2018-06-04,2018-06-04,1,health_beauty,South,0.0
base,moving_average,2018-06-04,2018-06-11,2,health_beauty,South,0.0
base,moving_average,2018-06-04,2018-06-18,3,health_beauty,South,0.0
base,moving_average,2018-06-04,2018-06-25,4,health_beauty,South,0.0
base,moving_average,2018-06-04,2018-06-04,1,health_beauty,Southeast,0.0
base,moving_average,2018-06-04,2018-06-11,2,health_beauty,Southeast,0.0
base,moving_average,2018-06-04,2018-06-18,3,health_beauty,Southeast,0.0
base,moving_average,2018-06-04,2018-06-25,4,health_beauty,Southeast,0.0
base,moving_average,2018-06-04,2018-06-04,1,housewares,Central-West,0.0
base,moving_average,2018-06-04,2018-06-11,2,housewares,Central-West,0.0
base,moving_average,2018-06-04,2018-06-18,3,housewares,Central-West,0.0
base,moving_average,2018-06-04,2018-06-25,4,housewares,Central-West,0.0
base,moving_average,2018-06-04,2018-06-04,1,housewares,North,0.0
base,moving_average,2018-06-04,2018-06-11,2,housewares,North,0.0
base,moving_average,2018-06-04,2018-06-18,3,housewares,North,0.0
base,moving_average,2018-06-04,2018-06-25,4,housewares,North,0.0
base,moving_average,2018-06-04,2018-06-04,1,housewares,Northeast,0.0
base,moving_average,2018-06-04,2018-06-11,2,housewares,Northeast,0.0
base,moving_average,2018-06-04,2018-06-18,3,housewares,Northeast,0.0
base,moving_average,2018-06-04,2018-06-25,4,housewares,Northeast,0.0
base,moving_average,2018-06-04,2018-06-04,1,housewares,South,0.0
base,moving_average,2018-06-04,2018-06-11,2,housewares,South,0.0
base,moving_average,2018-06-04,2018-06-18,3,housewares,South,0.0
base,moving_average,2018-06-04,2018-06-25,4,housewares,South,0.0
base,moving_average,2018-06-04,2018-06-04,1,housewares,Southeast,0.0
base,moving_average,2018-06-04,2018-06-11,2,housewares,Southeast,0.0
base,moving_average,2018-06-04,2018-06-18,3,housewares,Southeast,0.0
base,moving_average,2018-06-04,2018-06-25,4,housewares,Southeast,0.0
base,moving_average,2018-06-04,2018-06-04,1,sports_leisure,Central-West,0.0
base,moving_average,2018-06-04,2018-06-11,2,sports_leisure,Central-West,0.0
base,moving_average,2018-06-04,2018-06-18,3,sports_leisure,Central-West,0.0
base,moving_average,2018-06-04,2018-06-25,4,sports_leisure,Central-West,0.0
base,moving_average,2018-06-04,2018-06-04,1,sports_leisure,North,0.0
base,moving_average,2018-06-04,2018-06-11,2,sports_leisure,North,0.0
base,moving_average,2018-06-04,2018-06-18,3,sports_leisure,North,0.0
base,moving_average,2018-06-04,2018-06-25,4,sports_leisure,North,0.0
base,moving_average,2018-06-04,2018-06-04,1,sports_leisure,Northeast,0.0
base,moving_average,2018-06-04,2018-06-11,2,sports_leisure,Northeast,0.0
base,moving_average,2018-06-04,2018-06-18,3,sports_leisure,Northeast,0.0
base,moving_average,2018-06-04,2018-06-25,4,sports_leisure,Northeast,0.0
base,moving_average,2018-06-04,2018-06-04,1,sports_leisure,South,0.0
base,moving_average,2018-06-04,2018-06-11,2,sports_leisure,South,0.0
base,moving_average,2018-06-04,2018-06-18,3,sports_leisure,South,0.0
base,moving_average,2018-06-04,2018-06-25,4,sports_leisure,South,0.0
base,moving_average,2018-06-04,2018-06-04,1,sports_leisure,Southeast,0.0
base,moving_average,2018-06-04,2018-06-11,2,sports_leisure,Southeast,0.0
base,moving_average,2018-06-04,2018-06-18,3,sports_leisure,Southeast,0.0
base,moving_average,2018-06-04,2018-06-25,4,sports_leisure,Southeast,0.0
base,moving_average,2018-06-04,2018-06-04,1,telephony,Central-West,0.0
base,moving_average,2018-06-04,2018-06-11,2,telephony,Central-West,0.0
base,moving_average,2018-06-04,2018-06-18,3,telephony,Central-West,0.0
base,moving_average,2018-06-04,2018-06-25,4,telephony,Central-West,0.0
base,moving_average,2018-06-04,2018-06-04,1,telephony,North,0.0
base,moving_average,2018-06-04,2018-06-11,2,telephony,North,0.0
base,moving_average,2018-06-04,2018-06-18,3,telephony,North,0.0
base,moving_average,2018-06-04,2018-06-25,4,telephony,North,0.0
base,moving_average,2018-06-04,2018-06-04,1,telephony,Northeast,0.0
base,moving_average,2018-06-04,2018-06-11,2,telephony,Northeast,0.0
base,moving_average,2018-06-04,2018-06-18,3,telephony,Northeast,0.0
base,moving_average,2018-06-04,2018-06-25,4,telephony,Northeast,0.0
base,moving_average,2018-06-04,2018-06-04,1,telephony,South,0.0
base,moving_average,2018-06-04,2018-06-11,2,telephony,South,0.0
base,moving_average,2018-06-04,2018-06-18,3,telephony,South,0.0
base,moving_average,2018-06-04,2018-06-25,4,telephony,South,0.0
base,moving_average,2018-06-04,2018-06-04,1,telephony,Southeast,0.0
base,moving_average,2018-06-04,2018-06-11,2,telephony,Southeast,0.0
base,moving_average,2018-06-04,2018-06-18,3,telephony,Southeast,0.0
base,moving_average,2018-06-04,2018-06-25,4,telephony,Southeast,0.0
base,moving_average,2018-06-04,2018-06-04,1,watches_gifts,Central-West,0.0
base,moving_average,2018-06-04,2018-06-11,2,watches_gifts,Central-West,0.0
base,moving_average,2018-06-04,2018-06-18,3,watches_gifts,Central-West,0.0
base,moving_average,2018-06-04,2018-06-25,4,watches_gifts,Central-West,0.0
base,moving_average,2018-06-04,2018-06-04,1,watches_gifts,North,0.0
base,moving_average,2018-06-04,2018-06-11,2,watches_gifts,North,0.0
base,moving_average,2018-06-04,2018-06-18,3,watches_gifts,North,0.0
base,moving_average,2018-06-04,2018-06-25,4,watches_gifts,North,0.0
base,moving_average,2018-06-04,2018-06-04,1,watches_gifts,Northeast,0.0
base,moving_average,2018-06-04,2018-06-11,2,watches_gifts,Northeast,0.0
base,moving_average,2018-06-04,2018-06-18,3,watches_gifts,Northeast,0.0
base,moving_average,2018-06-04,2018-06-25,4,watches_gifts,Northeast,0.0
base,moving_average,2018-06-04,2018-06-04,1,watches_gifts,South,0.0
base,moving_average,2018-06-04,2018-06-11,2,watches_gifts,South,0.0
base,moving_average,2018-06-04,2018-06-18,3,watches_gifts,South,0.0
base,moving_average,2018-06-04,2018-06-25,4,watches_gifts,South,0.0
base,moving_average,2018-06-04,2018-06-04,1,watches_gifts,Southeast,0.0
base,moving_average,2018-06-04,2018-06-11,2,watches_gifts,Southeast,0.0
base,moving_average,2018-06-04,2018-06-18,3,watches_gifts,Southeast,0.0
base,moving_average,2018-06-04,2018-06-25,4,watches_gifts,Southeast,0.0
base,moving_average,2018-06-11,2018-06-11,1,auto,Central-West,0.0
base,moving_average,2018-06-11,2018-06-18,2,auto,Central-West,0.0
base,moving_average,2018-06-11,2018-06-25,3,auto,Central-West,0.0
base,moving_average,2018-06-11,2018-07-02,4,auto,Central-West,0.0
base,moving_average,2018-06-11,2018-06-11,1,auto,North,0.0
base,moving_average,2018-06-11,2018-06-18,2,auto,North,0.0
base,moving_average,2018-06-11,2018-06-25,3,auto,North,0.0
base,moving_average,2018-06-11,2018-07-02,4,auto,North,0.0
base,moving_average,2018-06-11,2018-06-11,1,auto,Northeast,0.0
base,moving_average,2018-06-11,2018-06-18,2,auto,Northeast,0.0
base,moving_average,2018-06-11,2018-06-25,3,auto,Northeast,0.0
base,moving_average,2018-06-11,2018-07-02,4,auto,Northeast,0.0
base,moving_average,2018-06-11,2018-06-11,1,auto,South,0.0
base,moving_average,2018-06-11,2018-06-18,2,auto,South,0.0
base,moving_average,2018-06-11,2018-06-25,3,auto,South,0.0
base,moving_average,2018-06-11,2018-07-02,4,auto,South,0.0
base,moving_average,2018-06-11,2018-06-11,1,auto,Southeast,0.0
base,moving_average,2018-06-11,2018-06-18,2,auto,Southeast,0.0
base,moving_average,2018-06-11,2018-06-25,3,auto,Southeast,0.0
base,moving_average,2018-06-11,2018-07-02,4,auto,Southeast,0.0
base,moving_average,2018-06-11,2018-06-11,1,bed_bath_table,Central-West,6.0
base,moving_average,2018-06-11,2018-06-18,2,bed_bath_table,Central-West,0.0
base,moving_average,2018-06-11,2018-06-25,3,bed_bath_table,Central-West,0.0
base,moving_average,2018-06-11,2018-07-02,4,bed_bath_table,Central-West,0.0
base,moving_average,2018-06-11,2018-06-11,1,bed_bath_table,North,0.0
base,moving_average,2018-06-11,2018-06-18,2,bed_bath_table,North,0.0
base,moving_average,2018-06-11,2018-06-25,3,bed_bath_table,North,0.0
base,moving_average,2018-06-11,2018-07-02,4,bed_bath_table,North,0.0
base,moving_average,2018-06-11,2018-06-11,1,bed_bath_table,Northeast,6.0
base,moving_average,2018-06-11,2018-06-18,2,bed_bath_table,Northeast,0.0
base,moving_average,2018-06-11,2018-06-25,3,bed_bath_table,Northeast,0.0
base,moving_average,2018-06-11,2018-07-02,4,bed_bath_table,Northeast,0.0
base,moving_average,2018-06-11,2018-06-11,1,bed_bath_table,South,10.0
base,moving_average,2018-06-11,2018-06-18,2,bed_bath_table,South,0.0
base,moving_average,2018-06-11,2018-06-25,3,bed_bath_table,South,0.0
base,moving_average,2018-06-11,2018-07-02,4,bed_bath_table,South,0.0
base,moving_average,2018-06-11,2018-06-11,1,bed_bath_table,Southeast,2.0
base,moving_average,2018-06-11,2018-06-18,2,bed_bath_table,Southeast,0.0
base,moving_average,2018-06-11,2018-06-25,3,bed_bath_table,Southeast,0.0
base,moving_average,2018-06-11,2018-07-02,4,bed_bath_table,Southeast,0.0
base,moving_average,2018-06-11,2018-06-11,1,computers_accessories,Central-West,0.0
base,moving_average,2018-06-11,2018-06-18,2,computers_accessories,Central-West,0.0
base,moving_average,2018-06-11,2018-06-25,3,computers_accessories,Central-West,0.0
base,moving_average,2018-06-11,2018-07-02,4,computers_accessories,Central-West,0.0
base,moving_average,2018-06-11,2018-06-11,1,computers_accessories,North,0.0
base,moving_average,2018-06-11,2018-06-18,2,computers_accessories,North,0.0
base,moving_average,2018-06-11,2018-06-25,3,computers_accessories,North,0.0
base,moving_average,2018-06-11,2018-07-02,4,computers_accessories,North,0.0
base,moving_average,2018-06-11,2018-06-11,1,computers_accessories,Northeast,0.0
base,moving_average,2018-06-11,2018-06-18,2,computers_accessories,Northeast,0.0
base,moving_average,2018-06-11,2018-06-25,3,computers_accessories,Northeast,0.0
base,moving_average,2018-06-11,2018-07-02,4,computers_accessories,Northeast,0.0
base,moving_average,2018-06-11,2018-06-11,1,computers_accessories,South,0.0
base,moving_average,2018-06-11,2018-06-18,2,computers_accessories,South,0.0
base,moving_average,2018-06-11,2018-06-25,3,computers_accessories,South,0.0
base,moving_average,2018-06-11,2018-07-02,4,computers_accessories,South,0.0
base,moving_average,2018-06-11,2018-06-11,1,computers_accessories,Southeast,0.0
base,moving_average,2018-06-11,2018-06-18,2,computers_accessories,Southeast,0.0
base,moving_average,2018-06-11,2018-06-25,3,computers_accessories,Southeast,0.0
base,moving_average,2018-06-11,2018-07-02,4,computers_accessories,Southeast,0.0
base,moving_average,2018-06-11,2018-06-11,1,furniture_decor,Central-West,0.0
base,moving_average,2018-06-11,2018-06-18,2,furniture_decor,Central-West,0.0
base,moving_average,2018-06-11,2018-06-25,3,furniture_decor,Central-West,0.0
base,moving_average,2018-06-11,2018-07-02,4,furniture_decor,Central-West,0.0
base,moving_average,2018-06-11,2018-06-11,1,furniture_decor,North,0.0
base,moving_average,2018-06-11,2018-06-18,2,furniture_decor,North,0.0
base,moving_average,2018-06-11,2018-06-25,3,furniture_decor,North,0.0
base,moving_average,2018-06-11,2018-07-02,4,furniture_decor,North,0.0
base,moving_average,2018-06-11,2018-06-11,1,furniture_decor,Northeast,0.0
base,moving_average,2018-06-11,2018-06-18,2,furniture_decor,Northeast,0.0
base,moving_average,2018-06-11,2018-06-25,3,furniture_decor,Northeast,0.0
base,moving_average,2018-06-11,2018-07-02,4,furniture_decor,Northeast,0.0
base,moving_average,2018-06-11,2018-06-11,1,furniture_decor,South,0.0
base,moving_average,2018-06-11,2018-06-18,2,furniture_decor,South,0.0
base,moving_average,2018-06-11,2018-06-25,3,furniture_decor,South,0.0
base,moving_average,2018-06-11,2018-07-02,4,furniture_decor,South,0.0
base,moving_average,2018-06-11,2018-06-11,1,furniture_decor,Southeast,0.0
base,moving_average,2018-06-11,2018-06-18,2,furniture_decor,Southeast,0.0
base,moving_average,2018-06-11,2018-06-25,3,furniture_decor,Southeast,0.0
base,moving_average,2018-06-11,2018-07-02,4,furniture_decor,Southeast,0.0
base,moving_average,2018-06-11,2018-06-11,1,garden_tools,Central-West,0.0
base,moving_average,2018-06-11,2018-06-18,2,garden_tools,Central-West,0.0
base,moving_average,2018-06-11,2018-06-25,3,garden_tools,Central-West,0.0
base,moving_average,2018-06-11,2018-07-02,4,garden_tools,Central-West,0.0
base,moving_average,2018-06-11,2018-06-11,1,garden_tools,North,0.0
base,moving_average,2018-06-11,2018-06-18,2,garden_tools,North,0.0
base,moving_average,2018-06-11,2018-06-25,3,garden_tools,North,0.0
base,moving_average,2018-06-11,2018-07-02,4,garden_tools,North,0.0
base,moving_average,2018-06-11,2018-06-11,1,garden_tools,Northeast,0.0
base,moving_average,2018-06-11,2018-06-18,2,garden_tools,Northeast,0.0
base,moving_average,2018-06-11,2018-06-25,3,garden_tools,Northeast,0.0
base,moving_average,2018-06-11,2018-07-02,4,garden_tools,Northeast,0.0
base,moving_average,2018-06-11,2018-06-11,1,garden_tools,South,0.0
base,moving_average,2018-06-11,2018-06-18,2,garden_tools,South,0.0
base,moving_average,2018-06-11,2018-06-25,3,garden_tools,South,0.0
base,moving_average,2018-06-11,2018-07-02,4,garden_tools,South,0.0
base,moving_average,2018-06-11,2018-06-11,1,garden_tools,Southeast,0.0
base,moving_average,2018-06-11,2018-06-18,2,garden_tools,Southeast,0.0
base,moving_average,2018-06-11,2018-06-25,3,garden_tools,Southeast,0.0
base,moving_average,2018-06-11,2018-07-02,4,garden_tools,Southeast,0.0
base,moving_average,2018-06-11,2018-06-11,1,health_beauty,Central-West,1.0
base,moving_average,2018-06-11,2018-06-18,2,health_beauty,Central-West,0.0
base,moving_average,2018-06-11,2018-06-25,3,health_beauty,Central-West,0.0
base,moving_average,2018-06-11,2018-07-02,4,health_beauty,Central-West,0.0
base,moving_average,2018-06-11,2018-06-11,1,health_beauty,North,3.0
base,moving_average,2018-06-11,2018-06-18,2,health_beauty,North,0.0
base,moving_average,2018-06-11,2018-06-25,3,health_beauty,North,0.0
base,moving_average,2018-06-11,2018-07-02,4,health_beauty,North,0.0
base,moving_average,2018-06-11,2018-06-11,1,health_beauty,Northeast,5.0
base,moving_average,2018-06-11,2018-06-18,2,health_beauty,Northeast,0.0
base,moving_average,2018-06-11,2018-06-25,3,health_beauty,Northeast,0.0
base,moving_average,2018-06-11,2018-07-02,4,health_beauty,Northeast,0.0
base,moving_average,2018-06-11,2018-06-11,1,health_beauty,South,0.0
base,moving_average,2018-06-11,2018-06-18,2,health_beauty,South,0.0
base,moving_average,2018-06-11,2018-06-25,3,health_beauty,South,0.0
base,moving_average,2018-06-11,2018-07-02,4,health_beauty,South,0.0
base,moving_average,2018-06-11,2018-06-11,1,health_beauty,Southeast,0.0
base,moving_average,2018-06-11,2018-06-18,2,health_beauty,Southeast,0.0
base,moving_average,2018-06-11,2018-06-25,3,health_beauty,Southeast,0.0
base,moving_average,2018-06-11,2018-07-02,4,health_beauty,Southeast,0.0
base,moving_average,2018-06-11,2018-06-11,1,housewares,Central-West,0.0
base,moving_average,2018-06-11,2018-06-18,2,housewares,Central-West,0.0
base,moving_average,2018-06-11,2018-06-25,3,housewares,Central-West,0.0
base,moving_average,2018-06-11,2018-07-02,4,housewares,Central-West,0.0
base,moving_average,2018-06-11,2018-06-11,1,housewares,North,0.0
base,moving_average,2018-06-11,2018-06-18,2,housewares,North,0.0
base,moving_average,2018-06-11,2018-06-25,3,housewares,North,0.0
base,moving_average,2018-06-11,2018-07-02,4,housewares,North,0.0
base,moving_average,2018-06-11,2018-06-11,1,housewares,Northeast,0.0
base,moving_average,2018-06-11,2018-06-18,2,housewares,Northeast,0.0
base,moving_average,2018-06-11,2018-06-25,3,housewares,Northeast,0.0
base,moving_average,2018-06-11,2018-07-02,4,housewares,Northeast,0.0
base,moving_average,2018-06-11,2018-06-11,1,housewares,South,3.0
base,moving_average,2018-06-11,2018-06-18,2,housewares,South,0.0
base,moving_average,2018-06-11,2018-06-25,3,housewares,South,0.0
base,moving_average,2018-06-11,2018-07-02,4,housewares,South,0.0
base,moving_average,2018-06-11,2018-06-11,1,housewares,Southeast,0.0
base,moving_average,2018-06-11,2018-06-18,2,housewares,Southeast,0.0
base,moving_average,2018-06-11,2018-06-25,3,housewares,Southeast,0.0
base,moving_average,2018-06-11,2018-07-02,4,housewares,Southeast,0.0
base,moving_average,2018-06-11,2018-06-11,1,sports_leisure,Central-West,0.0
base,moving_average,2018-06-11,2018-06-18,2,sports_leisure,Central-West,0.0
base,moving_average,2018-06-11,2018-06-25,3,sports_leisure,Central-West,0.0
base,moving_average,2018-06-11,2018-07-02,4,sports_leisure,Central-West,0.0
base,moving_average,2018-06-11,2018-06-11,1,sports_leisure,North,0.0
base,moving_average,2018-06-11,2018-06-18,2,sports_leisure,North,0.0
base,moving_average,2018-06-11,2018-06-25,3,sports_leisure,North,0.0
base,moving_average,2018-06-11,2018-07-02,4,sports_leisure,North,0.0
base,moving_average,2018-06-11,2018-06-11,1,sports_leisure,Northeast,0.0
base,moving_average,2018-06-11,2018-06-18,2,sports_leisure,Northeast,0.0
base,moving_average,2018-06-11,2018-06-25,3,sports_leisure,Northeast,0.0
base,moving_average,2018-06-11,2018-07-02,4,sports_leisure,Northeast,0.0
base,moving_average,2018-06-11,2018-06-11,1,sports_leisure,South,0.0
base,moving_average,2018-06-11,2018-06-18,2,sports_leisure,South,0.0
base,moving_average,2018-06-11,2018-06-25,3,sports_leisure,South,0.0
base,moving_average,2018-06-11,2018-07-02,4,sports_leisure,South,0.0
base,moving_average,2018-06-11,2018-06-11,1,sports_leisure,Southeast,0.0
base,moving_average,2018-06-11,2018-06-18,2,sports_leisure,Southeast,0.0
base,moving_average,2018-06-11,2018-06-25,3,sports_leisure,Southeast,0.0
base,moving_average,2018-06-11,2018-07-02,4,sports_leisure,Southeast,0.0
base,moving_average,2018-06-11,2018-06-11,1,telephony,Central-West,0.0
base,moving_average,2018-06-11,2018-06-18,2,telephony,Central-West,0.0
base,moving_average,2018-06-11,2018-06-25,3,telephony,Central-West,0.0
base,moving_average,2018-06-11,2018-07-02,4,telephony,Central-West,0.0
base,moving_average,2018-06-11,2018-06-11,1,telephony,North,0.0
base,moving_average,2018-06-11,2018-06-18,2,telephony,North,0.0
base,moving_average,2018-06-11,2018-06-25,3,telephony,North,0.0
base,moving_average,2018-06-11,2018-07-02,4,telephony,North,0.0
base,moving_average,2018-06-11,2018-06-11,1,telephony,Northeast,0.0
base,moving_average,2018-06-11,2018-06-18,2,telephony,Northeast,0.0
base,moving_average,2018-06-11,2018-06-25,3,telephony,Northeast,0.0
base,moving_average,2018-06-11,2018-07-02,4,telephony,Northeast,0.0
base,moving_average,2018-06-11,2018-06-11,1,telephony,South,0.0
base,moving_average,2018-06-11,2018-06-18,2,telephony,South,0.0
base,moving_average,2018-06-11,2018-06-25,3,telephony,South,0.0
base,moving_average,2018-06-11,2018-07-02,4,telephony,South,0.0
base,moving_average,2018-06-11,2018-06-11,1,telephony,Southeast,0.0
base,moving_average,2018-06-11,2018-06-18,2,telephony,Southeast,0.0
base,moving_average,2018-06-11,2018-06-25,3,telephony,Southeast,0.0
base,moving_average,2018-06-11,2018-07-02,4,telephony,Southeast,0.0
base,moving_average,2018-06-11,2018-06-11,1,watches_gifts,Central-West,0.0
base,moving_average,2018-06-11,2018-06-18,2,watches_gifts,Central-West,0.0
base,moving_average,2018-06-11,2018-06-25,3,watches_gifts,Central-West,0.0
base,moving_average,2018-06-11,2018-07-02,4,watches_gifts,Central-West,0.0
base,moving_average,2018-06-11,2018-06-11,1,watches_gifts,North,0.0
base,moving_average,2018-06-11,2018-06-18,2,watches_gifts,North,0.0
base,moving_average,2018-06-11,2018-06-25,3,watches_gifts,North,0.0
base,moving_average,2018-06-11,2018-07-02,4,watches_gifts,North,0.0
base,moving_average,2018-06-11,2018-06-11,1,watches_gifts,Northeast,0.0
base,moving_average,2018-06-11,2018-06-18,2,watches_gifts,Northeast,0.0
base,moving_average,2018-06-11,2018-06-25,3,watches_gifts,Northeast,0.0
base,moving_average,2018-06-11,2018-07-02,4,watches_gifts,Northeast,0.0
base,moving_average,2018-06-11,2018-06-11,1,watches_gifts,South,0.0
base,moving_average,2018-06-11,2018-06-18,2,watches_gifts,South,0.0
base,moving_average,2018-06-11,2018-06-25,3,watches_gifts,South,0.0
base,moving_average,2018-06-11,2018-07-02,4,watches_gifts,South,0.0
base,moving_average,2018-06-11,2018-06-11,1,watches_gifts,Southeast,0.0
base,moving_average,2018-06-11,2018-06-18,2,watches_gifts,Southeast,0.0
base,moving_average,2018-06-11,2018-06-25,3,watches_gifts,Southeast,0.0
base,moving_average,2018-06-11,2018-07-02,4,watches_gifts,Southeast,0.0
base,moving_average,2018-06-18,2018-06-18,1,auto,Central-West,0.0
base,moving_average,2018-06-18,2018-06-25,2,auto,Central-West,0.0
base,moving_average,2018-06-18,2018-07-02,3,auto,Central-West,0.0
base,moving_average,2018-06-18,2018-07-09,4,auto,Central-West,0.0
base,moving_average,2018-06-18,2018-06-18,1,auto,North,0.0
base,moving_average,2018-06-18,2018-06-25,2,auto,North,0.0
base,moving_average,2018-06-18,2018-07-02,3,auto,North,0.0
base,moving_average,2018-06-18,2018-07-09,4,auto,North,0.0
base,moving_average,2018-06-18,2018-06-18,1,auto,Northeast,0.0
base,moving_average,2018-06-18,2018-06-25,2,auto,Northeast,0.0
base,moving_average,2018-06-18,2018-07-02,3,auto,Northeast,0.0
base,moving_average,2018-06-18,2018-07-09,4,auto,Northeast,0.0
base,moving_average,2018-06-18,2018-06-18,1,auto,South,0.0
base,moving_average,2018-06-18,2018-06-25,2,auto,South,0.0
base,moving_average,2018-06-18,2018-07-02,3,auto,South,0.0
base,moving_average,2018-06-18,2018-07-09,4,auto,South,0.0
base,moving_average,2018-06-18,2018-06-18,1,auto,Southeast,0.0
base,moving_average,2018-06-18,2018-06-25,2,auto,Southeast,0.0
base,moving_average,2018-06-18,2018-07-02,3,auto,Southeast,0.0
base,moving_average,2018-06-18,2018-07-09,4,auto,Southeast,0.0
base,moving_average,2018-06-18,2018-06-18,1,bed_bath_table,Central-West,0.0
base,moving_average,2018-06-18,2018-06-25,2,bed_bath_table,Central-West,0.0
base,moving_average,2018-06-18,2018-07-02,3,bed_bath_table,Central-West,0.0
base,moving_average,2018-06-18,2018-07-09,4,bed_bath_table,Central-West,0.0
base,moving_average,2018-06-18,2018-06-18,1,bed_bath_table,North,0.0
base,moving_average,2018-06-18,2018-06-25,2,bed_bath_table,North,0.0
base,moving_average,2018-06-18,2018-07-02,3,bed_bath_table,North,0.0
base,moving_average,2018-06-18,2018-07-09,4,bed_bath_table,North,0.0
base,moving_average,2018-06-18,2018-06-18,1,bed_bath_table,Northeast,0.0
base,moving_average,2018-06-18,2018-06-25,2,bed_bath_table,Northeast,0.0
base,moving_average,2018-06-18,2018-07-02,3,bed_bath_table,Northeast,0.0
base,moving_average,2018-06-18,2018-07-09,4,bed_bath_table,Northeast,0.0
base,moving_average,2018-06-18,2018-06-18,1,bed_bath_table,South,1.0
base,moving_average,2018-06-18,2018-06-25,2,bed_bath_table,South,0.0
base,moving_average,2018-06-18,2018-07-02,3,bed_bath_table,South,0.0
base,moving_average,2018-06-18,2018-07-09,4,bed_bath_table,South,0.0
base,moving_average,2018-06-18,2018-06-18,1,bed_bath_table,Southeast,0.0
base,moving_average,2018-06-18,2018-06-25,2,bed_bath_table,Southeast,0.0
base,moving_average,2018-06-18,2018-07-02,3,bed_bath_table,Southeast,0.0
base,moving_average,2018-06-18,2018-07-09,4,bed_bath_table,Southeast,0.0
base,moving_average,2018-06-18,2018-06-18,1,computers_accessories,Central-West,0.0
base,moving_average,2018-06-18,2018-06-25,2,computers_accessories,Central-West,0.0
base,moving_average,2018-06-18,2018-07-02,3,computers_accessories,Central-West,0.0
base,moving_average,2018-06-18,2018-07-09,4,computers_accessories,Central-West,0.0
base,moving_average,2018-06-18,2018-06-18,1,computers_accessories,North,0.0
base,moving_average,2018-06-18,2018-06-25,2,computers_accessories,North,0.0
base,moving_average,2018-06-18,2018-07-02,3,computers_accessories,North,0.0
base,moving_average,2018-06-18,2018-07-09,4,computers_accessories,North,0.0
base,moving_average,2018-06-18,2018-06-18,1,computers_accessories,Northeast,0.0
base,moving_average,2018-06-18,2018-06-25,2,computers_accessories,Northeast,0.0
base,moving_average,2018-06-18,2018-07-02,3,computers_accessories,Northeast,0.0
base,moving_average,2018-06-18,2018-07-09,4,computers_accessories,Northeast,0.0
base,moving_average,2018-06-18,2018-06-18,1,computers_accessories,South,0.0
base,moving_average,2018-06-18,2018-06-25,2,computers_accessories,South,0.0
base,moving_average,2018-06-18,2018-07-02,3,computers_accessories,South,0.0
base,moving_average,2018-06-18,2018-07-09,4,computers_accessories,South,0.0
base,moving_average,2018-06-18,2018-06-18,1,computers_accessories,Southeast,0.0
base,moving_average,2018-06-18,2018-06-25,2,computers_accessories,Southeast,0.0
base,moving_average,2018-06-18,2018-07-02,3,computers_accessories,Southeast,0.0
base,moving_average,2018-06-18,2018-07-09,4,computers_accessories,Southeast,0.0
base,moving_average,2018-06-18,2018-06-18,1,furniture_decor,Central-West,0.0
base,moving_average,2018-06-18,2018-06-25,2,furniture_decor,Central-West,0.0
base,moving_average,2018-06-18,2018-07-02,3,furniture_decor,Central-West,0.0
base,moving_average,2018-06-18,2018-07-09,4,furniture_decor,Central-West,0.0
base,moving_average,2018-06-18,2018-06-18,1,furniture_decor,North,0.0
base,moving_average,2018-06-18,2018-06-25,2,furniture_decor,North,0.0
base,moving_average,2018-06-18,2018-07-02,3,furniture_decor,North,0.0
base,moving_average,2018-06-18,2018-07-09,4,furniture_decor,North,0.0
base,moving_average,2018-06-18,2018-06-18,1,furniture_decor,Northeast,0.0
base,moving_average,2018-06-18,2018-06-25,2,furniture_decor,Northeast,0.0
base,moving_average,2018-06-18,2018-07-02,3,furniture_decor,Northeast,0.0
base,moving_average,2018-06-18,2018-07-09,4,furniture_decor,Northeast,0.0
base,moving_average,2018-06-18,2018-06-18,1,furniture_decor,South,0.0
base,moving_average,2018-06-18,2018-06-25,2,furniture_decor,South,0.0
base,moving_average,2018-06-18,2018-07-02,3,furniture_decor,South,0.0
base,moving_average,2018-06-18,2018-07-09,4,furniture_decor,South,0.0
base,moving_average,2018-06-18,2018-06-18,1,furniture_decor,Southeast,0.0
base,moving_average,2018-06-18,2018-06-25,2,furniture_decor,Southeast,0.0
base,moving_average,2018-06-18,2018-07-02,3,furniture_decor,Southeast,0.0
base,moving_average,2018-06-18,2018-07-09,4,furniture_decor,Southeast,0.0
base,moving_average,2018-06-18,2018-06-18,1,garden_tools,Central-West,0.0
base,moving_average,2018-06-18,2018-06-25,2,garden_tools,Central-West,0.0
base,moving_average,2018-06-18,2018-07-02,3,garden_tools,Central-West,0.0
base,moving_average,2018-06-18,2018-07-09,4,garden_tools,Central-West,0.0
base,moving_average,2018-06-18,2018-06-18,1,garden_tools,North,0.0
base,moving_average,2018-06-18,2018-06-25,2,garden_tools,North,0.0
base,moving_average,2018-06-18,2018-07-02,3,garden_tools,North,0.0
base,moving_average,2018-06-18,2018-07-09,4,garden_tools,North,0.0
base,moving_average,2018-06-18,2018-06-18,1,garden_tools,Northeast,0.0
base,moving_average,2018-06-18,2018-06-25,2,garden_tools,Northeast,0.0
base,moving_average,2018-06-18,2018-07-02,3,garden_tools,Northeast,0.0
base,moving_average,2018-06-18,2018-07-09,4,garden_tools,Northeast,0.0
base,moving_average,2018-06-18,2018-06-18,1,garden_tools,South,0.0
base,moving_average,2018-06-18,2018-06-25,2,garden_tools,South,0.0
base,moving_average,2018-06-18,2018-07-02,3,garden_tools,South,0.0
base,moving_average,2018-06-18,2018-07-09,4,garden_tools,South,0.0
base,moving_average,2018-06-18,2018-06-18,1,garden_tools,Southeast,0.0
base,moving_average,2018-06-18,2018-06-25,2,garden_tools,Southeast,0.0
base,moving_average,2018-06-18,2018-07-02,3,garden_tools,Southeast,0.0
base,moving_average,2018-06-18,2018-07-09,4,garden_tools,Southeast,0.0
base,moving_average,2018-06-18,2018-06-18,1,health_beauty,Central-West,7.0
base,moving_average,2018-06-18,2018-06-25,2,health_beauty,Central-West,0.0
base,moving_average,2018-06-18,2018-07-02,3,health_beauty,Central-West,0.0
base,moving_average,2018-06-18,2018-07-09,4,health_beauty,Central-West,0.0
base,moving_average,2018-06-18,2018-06-18,1,health_beauty,North,3.0
base,moving_average,2018-06-18,2018-06-25,2,health_beauty,North,0.0
base,moving_average,2018-06-18,2018-07-02,3,health_beauty,North,0.0
base,moving_average,2018-06-18,2018-07-09,4,health_beauty,North,0.0
base,moving_average,2018-06-18,2018-06-18,1,health_beauty,Northeast,9.0
base,moving_average,2018-06-18,2018-06-25,2,health_beauty,Northeast,0.0
base,moving_average,2018-06-18,2018-07-02,3,health_beauty,Northeast,0.0
base,moving_average,2018-06-18,2018-07-09,4,health_beauty,Northeast,0.0
base,moving_average,2018-06-18,2018-06-18,1,health_beauty,South,1.0
base,moving_average,2018-06-18,2018-06-25,2,health_beauty,South,0.0
base,moving_average,2018-06-18,2018-07-02,3,health_beauty,South,0.0
base,moving_average,2018-06-18,2018-07-09,4,health_beauty,South,0.0
base,moving_average,2018-06-18,2018-06-18,1,health_beauty,Southeast,2.0
base,moving_average,2018-06-18,2018-06-25,2,health_beauty,Southeast,0.0
base,moving_average,2018-06-18,2018-07-02,3,health_beauty,Southeast,0.0
base,moving_average,2018-06-18,2018-07-09,4,health_beauty,Southeast,0.0
base,moving_average,2018-06-18,2018-06-18,1,housewares,Central-West,0.0
base,moving_average,2018-06-18,2018-06-25,2,housewares,Central-West,0.0
base,moving_average,2018-06-18,2018-07-02,3,housewares,Central-West,0.0
base,moving_average,2018-06-18,2018-07-09,4,housewares,Central-West,0.0
base,moving_average,2018-06-18,2018-06-18,1,housewares,North,0.0
base,moving_average,2018-06-18,2018-06-25,2,housewares,North,0.0
base,moving_average,2018-06-18,2018-07-02,3,housewares,North,0.0
base,moving_average,2018-06-18,2018-07-09,4,housewares,North,0.0
base,moving_average,2018-06-18,2018-06-18,1,housewares,Northeast,0.0
base,moving_average,2018-06-18,2018-06-25,2,housewares,Northeast,0.0
base,moving_average,2018-06-18,2018-07-02,3,housewares,Northeast,0.0
base,moving_average,2018-06-18,2018-07-09,4,housewares,Northeast,0.0
base,moving_average,2018-06-18,2018-06-18,1,housewares,South,0.0
base,moving_average,2018-06-18,2018-06-25,2,housewares,South,0.0
base,moving_average,2018-06-18,2018-07-02,3,housewares,South,0.0
base,moving_average,2018-06-18,2018-07-09,4,housewares,South,0.0
base,moving_average,2018-06-18,2018-06-18,1,housewares,Southeast,0.0
base,moving_average,2018-06-18,2018-06-25,2,housewares,Southeast,0.0
base,moving_average,2018-06-18,2018-07-02,3,housewares,Southeast,0.0
base,moving_average,2018-06-18,2018-07-09,4,housewares,Southeast,0.0
base,moving_average,2018-06-18,2018-06-18,1,sports_leisure,Central-West,0.0
base,moving_average,2018-06-18,2018-06-25,2,sports_leisure,Central-West,0.0
base,moving_average,2018-06-18,2018-07-02,3,sports_leisure,Central-West,0.0
base,moving_average,2018-06-18,2018-07-09,4,sports_leisure,Central-West,0.0
base,moving_average,2018-06-18,2018-06-18,1,sports_leisure,North,0.0
base,moving_average,2018-06-18,2018-06-25,2,sports_leisure,North,0.0
base,moving_average,2018-06-18,2018-07-02,3,sports_leisure,North,0.0
base,moving_average,2018-06-18,2018-07-09,4,sports_leisure,North,0.0
base,moving_average,2018-06-18,2018-06-18,1,sports_leisure,Northeast,2.0
base,moving_average,2018-06-18,2018-06-25,2,sports_leisure,Northeast,0.0
base,moving_average,2018-06-18,2018-07-02,3,sports_leisure,Northeast,0.0
base,moving_average,2018-06-18,2018-07-09,4,sports_leisure,Northeast,0.0
base,moving_average,2018-06-18,2018-06-18,1,sports_leisure,South,0.0
base,moving_average,2018-06-18,2018-06-25,2,sports_leisure,South,0.0
base,moving_average,2018-06-18,2018-07-02,3,sports_leisure,South,0.0
base,moving_average,2018-06-18,2018-07-09,4,sports_leisure,South,0.0
base,moving_average,2018-06-18,2018-06-18,1,sports_leisure,Southeast,1.0
base,moving_average,2018-06-18,2018-06-25,2,sports_leisure,Southeast,0.0
base,moving_average,2018-06-18,2018-07-02,3,sports_leisure,Southeast,0.0
base,moving_average,2018-06-18,2018-07-09,4,sports_leisure,Southeast,0.0
base,moving_average,2018-06-18,2018-06-18,1,telephony,Central-West,0.0
base,moving_average,2018-06-18,2018-06-25,2,telephony,Central-West,0.0
base,moving_average,2018-06-18,2018-07-02,3,telephony,Central-West,0.0
base,moving_average,2018-06-18,2018-07-09,4,telephony,Central-West,0.0
base,moving_average,2018-06-18,2018-06-18,1,telephony,North,0.0
base,moving_average,2018-06-18,2018-06-25,2,telephony,North,0.0
base,moving_average,2018-06-18,2018-07-02,3,telephony,North,0.0
base,moving_average,2018-06-18,2018-07-09,4,telephony,North,0.0
base,moving_average,2018-06-18,2018-06-18,1,telephony,Northeast,0.0
base,moving_average,2018-06-18,2018-06-25,2,telephony,Northeast,0.0
base,moving_average,2018-06-18,2018-07-02,3,telephony,Northeast,0.0
base,moving_average,2018-06-18,2018-07-09,4,telephony,Northeast,0.0
base,moving_average,2018-06-18,2018-06-18,1,telephony,South,2.0
base,moving_average,2018-06-18,2018-06-25,2,telephony,South,0.0
base,moving_average,2018-06-18,2018-07-02,3,telephony,South,0.0
base,moving_average,2018-06-18,2018-07-09,4,telephony,South,0.0
base,moving_average,2018-06-18,2018-06-18,1,telephony,Southeast,1.0
base,moving_average,2018-06-18,2018-06-25,2,telephony,Southeast,0.0
base,moving_average,2018-06-18,2018-07-02,3,telephony,Southeast,0.0
base,moving_average,2018-06-18,2018-07-09,4,telephony,Southeast,0.0
base,moving_average,2018-06-18,2018-06-18,1,watches_gifts,Central-West,0.0
base,moving_average,2018-06-18,2018-06-25,2,watches_gifts,Central-West,0.0
base,moving_average,2018-06-18,2018-07-02,3,watches_gifts,Central-West,0.0
base,moving_average,2018-06-18,2018-07-09,4,watches_gifts,Central-West,0.0
base,moving_average,2018-06-18,2018-06-18,1,watches_gifts,North,0.0
base,moving_average,2018-06-18,2018-06-25,2,watches_gifts,North,0.0
base,moving_average,2018-06-18,2018-07-02,3,watches_gifts,North,0.0
base,moving_average,2018-06-18,2018-07-09,4,watches_gifts,North,0.0
base,moving_average,2018-06-18,2018-06-18,1,watches_gifts,Northeast,0.0
base,moving_average,2018-06-18,2018-06-25,2,watches_gifts,Northeast,0.0
base,moving_average,2018-06-18,2018-07-02,3,watches_gifts,Northeast,0.0
base,moving_average,2018-06-18,2018-07-09,4,watches_gifts,Northeast,0.0
base,moving_average,2018-06-18,2018-06-18,1,watches_gifts,South,6.0
base,moving_average,2018-06-18,2018-06-25,2,watches_gifts,South,0.0
base,moving_average,2018-06-18,2018-07-02,3,watches_gifts,South,0.0
base,moving_average,2018-06-18,2018-07-09,4,watches_gifts,South,0.0
base,moving_average,2018-06-18,2018-06-18,1,watches_gifts,Southeast,9.0
base,moving_average,2018-06-18,2018-06-25,2,watches_gifts,Southeast,0.0
base,moving_average,2018-06-18,2018-07-02,3,watches_gifts,Southeast,0.0
base,moving_average,2018-06-18,2018-07-09,4,watches_gifts,Southeast,0.0
base,moving_average,2018-06-25,2018-06-25,1,auto,Central-West,0.0
base,moving_average,2018-06-25,2018-07-02,2,auto,Central-West,0.0
base,moving_average,2018-06-25,2018-07-09,3,auto,Central-West,0.0
base,moving_average,2018-06-25,2018-07-16,4,auto,Central-West,0.0
base,moving_average,2018-06-25,2018-06-25,1,auto,North,0.0
base,moving_average,2018-06-25,2018-07-02,2,auto,North,0.0
base,moving_average,2018-06-25,2018-07-09,3,auto,North,0.0
base,moving_average,2018-06-25,2018-07-16,4,auto,North,0.0
base,moving_average,2018-06-25,2018-06-25,1,auto,Northeast,3.0
base,moving_average,2018-06-25,2018-07-02,2,auto,Northeast,0.0
base,moving_average,2018-06-25,2018-07-09,3,auto,Northeast,0.0
base,moving_average,2018-06-25,2018-07-16,4,auto,Northeast,0.0
base,moving_average,2018-06-25,2018-06-25,1,auto,South,1.0
base,moving_average,2018-06-25,2018-07-02,2,auto,South,0.0
base,moving_average,2018-06-25,2018-07-09,3,auto,South,0.0
base,moving_average,2018-06-25,2018-07-16,4,auto,South,0.0
base,moving_average,2018-06-25,2018-06-25,1,auto,Southeast,3.0
base,moving_average,2018-06-25,2018-07-02,2,auto,Southeast,0.0
base,moving_average,2018-06-25,2018-07-09,3,auto,Southeast,0.0
base,moving_average,2018-06-25,2018-07-16,4,auto,Southeast,0.0
base,moving_average,2018-06-25,2018-06-25,1,bed_bath_table,Central-West,0.0
base,moving_average,2018-06-25,2018-07-02,2,bed_bath_table,Central-West,0.0
base,moving_average,2018-06-25,2018-07-09,3,bed_bath_table,Central-West,0.0
base,moving_average,2018-06-25,2018-07-16,4,bed_bath_table,Central-West,0.0
base,moving_average,2018-06-25,2018-06-25,1,bed_bath_table,North,0.0
base,moving_average,2018-06-25,2018-07-02,2,bed_bath_table,North,0.0
base,moving_average,2018-06-25,2018-07-09,3,bed_bath_table,North,0.0
base,moving_average,2018-06-25,2018-07-16,4,bed_bath_table,North,0.0
base,moving_average,2018-06-25,2018-06-25,1,bed_bath_table,Northeast,0.0
base,moving_average,2018-06-25,2018-07-02,2,bed_bath_table,Northeast,0.0
base,moving_average,2018-06-25,2018-07-09,3,bed_bath_table,Northeast,0.0
base,moving_average,2018-06-25,2018-07-16,4,bed_bath_table,Northeast,0.0
base,moving_average,2018-06-25,2018-06-25,1,bed_bath_table,South,3.0
base,moving_average,2018-06-25,2018-07-02,2,bed_bath_table,South,0.0
base,moving_average,2018-06-25,2018-07-09,3,bed_bath_table,South,0.0
base,moving_average,2018-06-25,2018-07-16,4,bed_bath_table,South,0.0
base,moving_average,2018-06-25,2018-06-25,1,bed_bath_table,Southeast,6.0
base,moving_average,2018-06-25,2018-07-02,2,bed_bath_table,Southeast,0.0
base,moving_average,2018-06-25,2018-07-09,3,bed_bath_table,Southeast,0.0
base,moving_average,2018-06-25,2018-07-16,4,bed_bath_table,Southeast,0.0
base,moving_average,2018-06-25,2018-06-25,1,computers_accessories,Central-West,0.0
base,moving_average,2018-06-25,2018-07-02,2,computers_accessories,Central-West,0.0
base,moving_average,2018-06-25,2018-07-09,3,computers_accessories,Central-West,0.0
base,moving_average,2018-06-25,2018-07-16,4,computers_accessories,Central-West,0.0
base,moving_average,2018-06-25,2018-06-25,1,computers_accessories,North,0.0
base,moving_average,2018-06-25,2018-07-02,2,computers_accessories,North,0.0
base,moving_average,2018-06-25,2018-07-09,3,computers_accessories,North,0.0
base,moving_average,2018-06-25,2018-07-16,4,computers_accessories,North,0.0
base,moving_average,2018-06-25,2018-06-25,1,computers_accessories,Northeast,0.0
base,moving_average,2018-06-25,2018-07-02,2,computers_accessories,Northeast,0.0
base,moving_average,2018-06-25,2018-07-09,3,computers_accessories,Northeast,0.0
base,moving_average,2018-06-25,2018-07-16,4,computers_accessories,Northeast,0.0
base,moving_average,2018-06-25,2018-06-25,1,computers_accessories,South,7.0
base,moving_average,2018-06-25,2018-07-02,2,computers_accessories,South,0.0
base,moving_average,2018-06-25,2018-07-09,3,computers_accessories,South,0.0
base,moving_average,2018-06-25,2018-07-16,4,computers_accessories,South,0.0
base,moving_average,2018-06-25,2018-06-25,1,computers_accessories,Southeast,3.0
base,moving_average,2018-06-25,2018-07-02,2,computers_accessories,Southeast,0.0
base,moving_average,2018-06-25,2018-07-09,3,computers_accessories,Southeast,0.0
base,moving_average,2018-06-25,2018-07-16,4,computers_accessories,Southeast,0.0
base,moving_average,2018-06-25,2018-06-25,1,furniture_decor,Central-West,0.0
base,moving_average,2018-06-25,2018-07-02,2,furniture_decor,Central-West,0.0
base,moving_average,2018-06-25,2018-07-09,3,furniture_decor,Central-West,0.0
base,moving_average,2018-06-25,2018-07-16,4,furniture_decor,Central-West,0.0
base,moving_average,2018-06-25,2018-06-25,1,furniture_decor,North,0.0
base,moving_average,2018-06-25,2018-07-02,2,furniture_decor,North,0.0
base,moving_average,2018-06-25,2018-07-09,3,furniture_decor,North,0.0
base,moving_average,2018-06-25,2018-07-16,4,furniture_decor,North,0.0
base,moving_average,2018-06-25,2018-06-25,1,furniture_decor,Northeast,0.0
base,moving_average,2018-06-25,2018-07-02,2,furniture_decor,Northeast,0.0
base,moving_average,2018-06-25,2018-07-09,3,furniture_decor,Northeast,0.0
base,moving_average,2018-06-25,2018-07-16,4,furniture_decor,Northeast,0.0
base,moving_average,2018-06-25,2018-06-25,1,furniture_decor,South,0.0
base,moving_average,2018-06-25,2018-07-02,2,furniture_decor,South,0.0
base,moving_average,2018-06-25,2018-07-09,3,furniture_decor,South,0.0
base,moving_average,2018-06-25,2018-07-16,4,furniture_decor,South,0.0
base,moving_average,2018-06-25,2018-06-25,1,furniture_decor,Southeast,0.0
base,moving_average,2018-06-25,2018-07-02,2,furniture_decor,Southeast,0.0
base,moving_average,2018-06-25,2018-07-09,3,furniture_decor,Southeast,0.0
base,moving_average,2018-06-25,2018-07-16,4,furniture_decor,Southeast,0.0
base,moving_average,2018-06-25,2018-06-25,1,garden_tools,Central-West,0.0
base,moving_average,2018-06-25,2018-07-02,2,garden_tools,Central-West,0.0
base,moving_average,2018-06-25,2018-07-09,3,garden_tools,Central-West,0.0
base,moving_average,2018-06-25,2018-07-16,4,garden_tools,Central-West,0.0
base,moving_average,2018-06-25,2018-06-25,1,garden_tools,North,0.0
base,moving_average,2018-06-25,2018-07-02,2,garden_tools,North,0.0
base,moving_average,2018-06-25,2018-07-09,3,garden_tools,North,0.0
base,moving_average,2018-06-25,2018-07-16,4,garden_tools,North,0.0
base,moving_average,2018-06-25,2018-06-25,1,garden_tools,Northeast,0.0
base,moving_average,2018-06-25,2018-07-02,2,garden_tools,Northeast,0.0
base,moving_average,2018-06-25,2018-07-09,3,garden_tools,Northeast,0.0
base,moving_average,2018-06-25,2018-07-16,4,garden_tools,Northeast,0.0
base,moving_average,2018-06-25,2018-06-25,1,garden_tools,South,0.0
base,moving_average,2018-06-25,2018-07-02,2,garden_tools,South,0.0
base,moving_average,2018-06-25,2018-07-09,3,garden_tools,South,0.0
base,moving_average,2018-06-25,2018-07-16,4,garden_tools,South,0.0
base,moving_average,2018-06-25,2018-06-25,1,garden_tools,Southeast,0.0
base,moving_average,2018-06-25,2018-07-02,2,garden_tools,Southeast,0.0
base,moving_average,2018-06-25,2018-07-09,3,garden_tools,Southeast,0.0
base,moving_average,2018-06-25,2018-07-16,4,garden_tools,Southeast,0.0
base,moving_average,2018-06-25,2018-06-25,1,health_beauty,Central-West,8.0
base,moving_average,2018-06-25,2018-07-02,2,health_beauty,Central-West,0.0
base,moving_average,2018-06-25,2018-07-09,3,health_beauty,Central-West,0.0
base,moving_average,2018-06-25,2018-07-16,4,health_beauty,Central-West,0.0
base,moving_average,2018-06-25,2018-06-25,1,health_beauty,North,0.0
base,moving_average,2018-06-25,2018-07-02,2,health_beauty,North,0.0
base,moving_average,2018-06-25,2018-07-09,3,health_beauty,North,0.0
base,moving_average,2018-06-25,2018-07-16,4,health_beauty,North,0.0
base,moving_average,2018-06-25,2018-06-25,1,health_beauty,Northeast,9.0
base,moving_average,2018-06-25,2018-07-02,2,health_beauty,Northeast,0.0
base,moving_average,2018-06-25,2018-07-09,3,health_beauty,Northeast,0.0
base,moving_average,2018-06-25,2018-07-16,4,health_beauty,Northeast,0.0
base,moving_average,2018-06-25,2018-06-25,1,health_beauty,South,1.0
base,moving_average,2018-06-25,2018-07-02,2,health_beauty,South,0.0
base,moving_average,2018-06-25,2018-07-09,3,health_beauty,South,0.0
base,moving_average,2018-06-25,2018-07-16,4,health_beauty,South,0.0
base,moving_average,2018-06-25,2018-06-25,1,health_beauty,Southeast,0.0
base,moving_average,2018-06-25,2018-07-02,2,health_beauty,Southeast,0.0
base,moving_average,2018-06-25,2018-07-09,3,health_beauty,Southeast,0.0
base,moving_average,2018-06-25,2018-07-16,4,health_beauty,Southeast,0.0
base,moving_average,2018-06-25,2018-06-25,1,housewares,Central-West,0.0
base,moving_average,2018-06-25,2018-07-02,2,housewares,Central-West,0.0
base,moving_average,2018-06-25,2018-07-09,3,housewares,Central-West,0.0
base,moving_average,2018-06-25,2018-07-16,4,housewares,Central-West,0.0
base,moving_average,2018-06-25,2018-06-25,1,housewares,North,0.0
base,moving_average,2018-06-25,2018-07-02,2,housewares,North,0.0
base,moving_average,2018-06-25,2018-07-09,3,housewares,North,0.0
base,moving_average,2018-06-25,2018-07-16,4,housewares,North,0.0
base,moving_average,2018-06-25,2018-06-25,1,housewares,Northeast,0.0
base,moving_average,2018-06-25,2018-07-02,2,housewares,Northeast,0.0
base,moving_average,2018-06-25,2018-07-09,3,housewares,Northeast,0.0
base,moving_average,2018-06-25,2018-07-16,4,housewares,Northeast,0.0
base,moving_average,2018-06-25,2018-06-25,1,housewares,South,0.0
base,moving_average,2018-06-25,2018-07-02,2,housewares,South,0.0
base,moving_average,2018-06-25,2018-07-09,3,housewares,South,0.0
base,moving_average,2018-06-25,2018-07-16,4,housewares,South,0.0
base,moving_average,2018-06-25,2018-06-25,1,housewares,Southeast,0.0
base,moving_average,2018-06-25,2018-07-02,2,housewares,Southeast,0.0
base,moving_average,2018-06-25,2018-07-09,3,housewares,Southeast,0.0
base,moving_average,2018-06-25,2018-07-16,4,housewares,Southeast,0.0
base,moving_average,2018-06-25,2018-06-25,1,sports_leisure,Central-West,0.0
base,moving_average,2018-06-25,2018-07-02,2,sports_leisure,Central-West,0.0
base,moving_average,2018-06-25,2018-07-09,3,sports_leisure,Central-West,0.0
base,moving_average,2018-06-25,2018-07-16,4,sports_leisure,Central-West,0.0
base,moving_average,2018-06-25,2018-06-25,1,sports_leisure,North,3.0
base,moving_average,2018-06-25,2018-07-02,2,sports_leisure,North,0.0
base,moving_average,2018-06-25,2018-07-09,3,sports_leisure,North,0.0
base,moving_average,2018-06-25,2018-07-16,4,sports_leisure,North,0.0
base,moving_average,2018-06-25,2018-06-25,1,sports_leisure,Northeast,0.0
base,moving_average,2018-06-25,2018-07-02,2,sports_leisure,Northeast,0.0
base,moving_average,2018-06-25,2018-07-09,3,sports_leisure,Northeast,0.0
base,moving_average,2018-06-25,2018-07-16,4,sports_leisure,Northeast,0.0
base,moving_average,2018-06-25,2018-06-25,1,sports_leisure,South,0.0
base,moving_average,2018-06-25,2018-07-02,2,sports_leisure,South,0.0
base,moving_average,2018-06-25,2018-07-09,3,sports_leisure,South,0.0
base,moving_average,2018-06-25,2018-07-16,4,sports_leisure,South,0.0
base,moving_average,2018-06-25,2018-06-25,1,sports_leisure,Southeast,3.0
base,moving_average,2018-06-25,2018-07-02,2,sports_leisure,Southeast,0.0
base,moving_average,2018-06-25,2018-07-09,3,sports_leisure,Southeast,0.0
base,moving_average,2018-06-25,2018-07-16,4,sports_leisure,Southeast,0.0
base,moving_average,2018-06-25,2018-06-25,1,telephony,Central-West,0.0
base,moving_average,2018-06-25,2018-07-02,2,telephony,Central-West,0.0
base,moving_average,2018-06-25,2018-07-09,3,telephony,Central-West,0.0
base,moving_average,2018-06-25,2018-07-16,4,telephony,Central-West,0.0
base,moving_average,2018-06-25,2018-06-25,1,telephony,North,0.0
base,moving_average,2018-06-25,2018-07-02,2,telephony,North,0.0
base,moving_average,2018-06-25,2018-07-09,3,telephony,North,0.0
base,moving_average,2018-06-25,2018-07-16,4,telephony,North,0.0
base,moving_average,2018-06-25,2018-06-25,1,telephony,Northeast,0.0
base,moving_average,2018-06-25,2018-07-02,2,telephony,Northeast,0.0
base,moving_average,2018-06-25,2018-07-09,3,telephony,Northeast,0.0
base,moving_average,2018-06-25,2018-07-16,4,telephony,Northeast,0.0
base,moving_average,2018-06-25,2018-06-25,1,telephony,South,5.0
base,moving_average,2018-06-25,2018-07-02,2,telephony,South,0.0
base,moving_average,2018-06-25,2018-07-09,3,telephony,South,0.0
base,moving_average,2018-06-25,2018-07-16,4,telephony,South,0.0
base,moving_average,2018-06-25,2018-06-25,1,telephony,Southeast,0.0
base,moving_average,2018-06-25,2018-07-02,2,telephony,Southeast,0.0
base,moving_average,2018-06-25,2018-07-09,3,telephony,Southeast,0.0
base,moving_average,2018-06-25,2018-07-16,4,telephony,Southeast,0.0
base,moving_average,2018-06-25,2018-06-25,1,watches_gifts,Central-West,0.0
base,moving_average,2018-06-25,2018-07-02,2,watches_gifts,Central-West,0.0
base,moving_average,2018-06-25,2018-07-09,3,watches_gifts,Central-West,0.0
base,moving_average,2018-06-25,2018-07-16,4,watches_gifts,Central-West,0.0
base,moving_average,2018-06-25,2018-06-25,1,watches_gifts,North,0.0
base,moving_average,2018-06-25,2018-07-02,2,watches_gifts,North,0.0
base,moving_average,2018-06-25,2018-07-09,3,watches_gifts,North,0.0
base,moving_average,2018-06-25,2018-07-16,4,watches_gifts,North,0.0
base,moving_average,2018-06-25,2018-06-25,1,watches_gifts,Northeast,0.0
base,moving_average,2018-06-25,2018-07-02,2,watches_gifts,Northeast,0.0
base,moving_average,2018-06-25,2018-07-09,3,watches_gifts,Northeast,0.0
base,moving_average,2018-06-25,2018-07-16,4,watches_gifts,Northeast,0.0
base,moving_average,2018-06-25,2018-06-25,1,watches_gifts,South,0.0
base,moving_average,2018-06-25,2018-07-02,2,watches_gifts,South,0.0
base,moving_average,2018-06-25,2018-07-09,3,watches_gifts,South,0.0
base,moving_average,2018-06-25,2018-07-16,4,watches_gifts,South,0.0
base,moving_average,2018-06-25,2018-06-25,1,watches_gifts,Southeast,0.0
base,moving_average,2018-06-25,2018-07-02,2,watches_gifts,Southeast,0.0
base,moving_average,2018-06-25,2018-07-09,3,watches_gifts,Southeast,0.0
base,moving_average,2018-06-25,2018-07-16,4,watches_gifts,Southeast,0.0
base,moving_average,2018-07-02,2018-07-02,1,auto,Central-West,0.0
base,moving_average,2018-07-02,2018-07-09,2,auto,Central-West,0.0
base,moving_average,2018-07-02,2018-07-16,3,auto,Central-West,0.0
base,moving_average,2018-07-02,2018-07-23,4,auto,Central-West,0.0
base,moving_average,2018-07-02,2018-07-02,1,auto,North,0.0
base,moving_average,2018-07-02,2018-07-09,2,auto,North,0.0
base,moving_average,2018-07-02,2018-07-16,3,auto,North,0.0
base,moving_average,2018-07-02,2018-07-23,4,auto,North,0.0
base,moving_average,2018-07-02,2018-07-02,1,auto,Northeast,0.0
base,moving_average,2018-07-02,2018-07-09,2,auto,Northeast,0.0
base,moving_average,2018-07-02,2018-07-16,3,auto,Northeast,0.0
base,moving_average,2018-07-02,2018-07-23,4,auto,Northeast,0.0
base,moving_average,2018-07-02,2018-07-02,1,auto,South,0.0
base,moving_average,2018-07-02,2018-07-09,2,auto,South,0.0
base,moving_average,2018-07-02,2018-07-16,3,auto,South,0.0
base,moving_average,2018-07-02,2018-07-23,4,auto,South,0.0
base,moving_average,2018-07-02,2018-07-02,1,auto,Southeast,0.0
base,moving_average,2018-07-02,2018-07-09,2,auto,Southeast,0.0
base,moving_average,2018-07-02,2018-07-16,3,auto,Southeast,0.0
base,moving_average,2018-07-02,2018-07-23,4,auto,Southeast,0.0
base,moving_average,2018-07-02,2018-07-02,1,bed_bath_table,Central-West,0.0
base,moving_average,2018-07-02,2018-07-09,2,bed_bath_table,Central-West,0.0
base,moving_average,2018-07-02,2018-07-16,3,bed_bath_table,Central-West,0.0
base,moving_average,2018-07-02,2018-07-23,4,bed_bath_table,Central-West,0.0
base,moving_average,2018-07-02,2018-07-02,1,bed_bath_table,North,0.0
base,moving_average,2018-07-02,2018-07-09,2,bed_bath_table,North,0.0
base,moving_average,2018-07-02,2018-07-16,3,bed_bath_table,North,0.0
base,moving_average,2018-07-02,2018-07-23,4,bed_bath_table,North,0.0
base,moving_average,2018-07-02,2018-07-02,1,bed_bath_table,Northeast,0.0
base,moving_average,2018-07-02,2018-07-09,2,bed_bath_table,Northeast,0.0
base,moving_average,2018-07-02,2018-07-16,3,bed_bath_table,Northeast,0.0
base,moving_average,2018-07-02,2018-07-23,4,bed_bath_table,Northeast,0.0
base,moving_average,2018-07-02,2018-07-02,1,bed_bath_table,South,0.0
base,moving_average,2018-07-02,2018-07-09,2,bed_bath_table,South,0.0
base,moving_average,2018-07-02,2018-07-16,3,bed_bath_table,South,0.0
base,moving_average,2018-07-02,2018-07-23,4,bed_bath_table,South,0.0
base,moving_average,2018-07-02,2018-07-02,1,bed_bath_table,Southeast,0.0
base,moving_average,2018-07-02,2018-07-09,2,bed_bath_table,Southeast,0.0
base,moving_average,2018-07-02,2018-07-16,3,bed_bath_table,Southeast,0.0
base,moving_average,2018-07-02,2018-07-23,4,bed_bath_table,Southeast,0.0
base,moving_average,2018-07-02,2018-07-02,1,computers_accessories,Central-West,1.0
base,moving_average,2018-07-02,2018-07-09,2,computers_accessories,Central-West,0.0
base,moving_average,2018-07-02,2018-07-16,3,computers_accessories,Central-West,0.0
base,moving_average,2018-07-02,2018-07-23,4,computers_accessories,Central-West,0.0
base,moving_average,2018-07-02,2018-07-02,1,computers_accessories,North,3.0
base,moving_average,2018-07-02,2018-07-09,2,computers_accessories,North,0.0
base,moving_average,2018-07-02,2018-07-16,3,computers_accessories,North,0.0
base,moving_average,2018-07-02,2018-07-23,4,computers_accessories,North,0.0
base,moving_average,2018-07-02,2018-07-02,1,computers_accessories,Northeast,0.0
base,moving_average,2018-07-02,2018-07-09,2,computers_accessories,Northeast,0.0
base,moving_average,2018-07-02,2018-07-16,3,computers_accessories,Northeast,0.0
base,moving_average,2018-07-02,2018-07-23,4,computers_accessories,Northeast,0.0
base,moving_average,2018-07-02,2018-07-02,1,computers_accessories,South,0.0
base,moving_average,2018-07-02,2018-07-09,2,computers_accessories,South,0.0
base,moving_average,2018-07-02,2018-07-16,3,computers_accessories,South,0.0
base,moving_average,2018-07-02,2018-07-23,4,computers_accessories,South,0.0
base,moving_average,2018-07-02,2018-07-02,1,computers_accessories,Southeast,0.0
base,moving_average,2018-07-02,2018-07-09,2,computers_accessories,Southeast,0.0
base,moving_average,2018-07-02,2018-07-16,3,computers_accessories,Southeast,0.0
base,moving_average,2018-07-02,2018-07-23,4,computers_accessories,Southeast,0.0
base,moving_average,2018-07-02,2018-07-02,1,furniture_decor,Central-West,0.0
base,moving_average,2018-07-02,2018-07-09,2,furniture_decor,Central-West,0.0
base,moving_average,2018-07-02,2018-07-16,3,furniture_decor,Central-West,0.0
base,moving_average,2018-07-02,2018-07-23,4,furniture_decor,Central-West,0.0
base,moving_average,2018-07-02,2018-07-02,1,furniture_decor,North,0.0
base,moving_average,2018-07-02,2018-07-09,2,furniture_decor,North,0.0
base,moving_average,2018-07-02,2018-07-16,3,furniture_decor,North,0.0
base,moving_average,2018-07-02,2018-07-23,4,furniture_decor,North,0.0
base,moving_average,2018-07-02,2018-07-02,1,furniture_decor,Northeast,8.0
base,moving_average,2018-07-02,2018-07-09,2,furniture_decor,Northeast,0.0
base,moving_average,2018-07-02,2018-07-16,3,furniture_decor,Northeast,0.0
base,moving_average,2018-07-02,2018-07-23,4,furniture_decor,Northeast,0.0
base,moving_average,2018-07-02,2018-07-02,1,furniture_decor,South,0.0
base,moving_average,2018-07-02,2018-07-09,2,furniture_decor,South,0.0
base,moving_average,2018-07-02,2018-07-16,3,furniture_decor,South,0.0
base,moving_average,2018-07-02,2018-07-23,4,furniture_decor,South,0.0
base,moving_average,2018-07-02,2018-07-02,1,furniture_decor,Southeast,8.0
base,moving_average,2018-07-02,2018-07-09,2,furniture_decor,Southeast,0.0
base,moving_average,2018-07-02,2018-07-16,3,furniture_decor,Southeast,0.0
base,moving_average,2018-07-02,2018-07-23,4,furniture_decor,Southeast,0.0
base,moving_average,2018-07-02,2018-07-02,1,garden_tools,Central-West,2.0
base,moving_average,2018-07-02,2018-07-09,2,garden_tools,Central-West,0.0
base,moving_average,2018-07-02,2018-07-16,3,garden_tools,Central-West,0.0
base,moving_average,2018-07-02,2018-07-23,4,garden_tools,Central-West,0.0
base,moving_average,2018-07-02,2018-07-02,1,garden_tools,North,0.0
base,moving_average,2018-07-02,2018-07-09,2,garden_tools,North,0.0
base,moving_average,2018-07-02,2018-07-16,3,garden_tools,North,0.0
base,moving_average,2018-07-02,2018-07-23,4,garden_tools,North,0.0
base,moving_average,2018-07-02,2018-07-02,1,garden_tools,Northeast,5.0
base,moving_average,2018-07-02,2018-07-09,2,garden_tools,Northeast,0.0
base,moving_average,2018-07-02,2018-07-16,3,garden_tools,Northeast,0.0
base,moving_average,2018-07-02,2018-07-23,4,garden_tools,Northeast,0.0
base,moving_average,2018-07-02,2018-07-02,1,garden_tools,South,8.0
base,moving_average,2018-07-02,2018-07-09,2,garden_tools,South,0.0
base,moving_average,2018-07-02,2018-07-16,3,garden_tools,South,0.0
base,moving_average,2018-07-02,2018-07-23,4,garden_tools,South,0.0
base,moving_average,2018-07-02,2018-07-02,1,garden_tools,Southeast,6.0
base,moving_average,2018-07-02,2018-07-09,2,garden_tools,Southeast,0.0
base,moving_average,2018-07-02,2018-07-16,3,garden_tools,Southeast,0.0
base,moving_average,2018-07-02,2018-07-23,4,garden_tools,Southeast,0.0
base,moving_average,2018-07-02,2018-07-02,1,health_beauty,Central-West,0.0
base,moving_average,2018-07-02,2018-07-09,2,health_beauty,Central-West,0.0
base,moving_average,2018-07-02,2018-07-16,3,health_beauty,Central-West,0.0
base,moving_average,2018-07-02,2018-07-23,4,health_beauty,Central-West,0.0
base,moving_average,2018-07-02,2018-07-02,1,health_beauty,North,0.0
base,moving_average,2018-07-02,2018-07-09,2,health_beauty,North,0.0
base,moving_average,2018-07-02,2018-07-16,3,health_beauty,North,0.0
base,moving_average,2018-07-02,2018-07-23,4,health_beauty,North,0.0
base,moving_average,2018-07-02,2018-07-02,1,health_beauty,Northeast,0.0
base,moving_average,2018-07-02,2018-07-09,2,health_beauty,Northeast,0.0
base,moving_average,2018-07-02,2018-07-16,3,health_beauty,Northeast,0.0
base,moving_average,2018-07-02,2018-07-23,4,health_beauty,Northeast,0.0
base,moving_average,2018-07-02,2018-07-02,1,health_beauty,South,0.0
base,moving_average,2018-07-02,2018-07-09,2,health_beauty,South,0.0
base,moving_average,2018-07-02,2018-07-16,3,health_beauty,South,0.0
base,moving_average,2018-07-02,2018-07-23,4,health_beauty,South,0.0
base,moving_average,2018-07-02,2018-07-02,1,health_beauty,Southeast,0.0
base,moving_average,2018-07-02,2018-07-09,2,health_beauty,Southeast,0.0
base,moving_average,2018-07-02,2018-07-16,3,health_beauty,Southeast,0.0
base,moving_average,2018-07-02,2018-07-23,4,health_beauty,Southeast,0.0
base,moving_average,2018-07-02,2018-07-02,1,housewares,Central-West,0.0
base,moving_average,2018-07-02,2018-07-09,2,housewares,Central-West,0.0
base,moving_average,2018-07-02,2018-07-16,3,housewares,Central-West,0.0
base,moving_average,2018-07-02,2018-07-23,4,housewares,Central-West,0.0
base,moving_average,2018-07-02,2018-07-02,1,housewares,North,0.0
base,moving_average,2018-07-02,2018-07-09,2,housewares,North,0.0
base,moving_average,2018-07-02,2018-07-16,3,housewares,North,0.0
base,moving_average,2018-07-02,2018-07-23,4,housewares,North,0.0
base,moving_average,2018-07-02,2018-07-02,1,housewares,Northeast,0.0
base,moving_average,2018-07-02,2018-07-09,2,housewares,Northeast,0.0
base,moving_average,2018-07-02,2018-07-16,3,housewares,Northeast,0.0
base,moving_average,2018-07-02,2018-07-23,4,housewares,Northeast,0.0
base,moving_average,2018-07-02,2018-07-02,1,housewares,South,0.0
base,moving_average,2018-07-02,2018-07-09,2,housewares,South,0.0
base,moving_average,2018-07-02,2018-07-16,3,housewares,South,0.0
base,moving_average,2018-07-02,2018-07-23,4,housewares,South,0.0
base,moving_average,2018-07-02,2018-07-02,1,housewares,Southeast,0.0
base,moving_average,2018-07-02,2018-07-09,2,housewares,Southeast,0.0
base,moving_average,2018-07-02,2018-07-16,3,housewares,Southeast,0.0
base,moving_average,2018-07-02,2018-07-23,4,housewares,Southeast,0.0
base,moving_average,2018-07-02,2018-07-02,1,sports_leisure,Central-West,0.0
base,moving_average,2018-07-02,2018-07-09,2,sports_leisure,Central-West,0.0
base,moving_average,2018-07-02,2018-07-16,3,sports_leisure,Central-West,0.0
base,moving_average,2018-07-02,2018-07-23,4,sports_leisure,Central-West,0.0
base,moving_average,2018-07-02,2018-07-02,1,sports_leisure,North,0.0
base,moving_average,2018-07-02,2018-07-09,2,sports_leisure,North,0.0
base,moving_average,2018-07-02,2018-07-16,3,sports_leisure,North,0.0
base,moving_average,2018-07-02,2018-07-23,4,sports_leisure,North,0.0
base,moving_average,2018-07-02,2018-07-02,1,sports_leisure,Northeast,0.0
base,moving_average,2018-07-02,2018-07-09,2,sports_leisure,Northeast,0.0
base,moving_average,2018-07-02,2018-07-16,3,sports_leisure,Northeast,0.0
base,moving_average,2018-07-02,2018-07-23,4,sports_leisure,Northeast,0.0
base,moving_average,2018-07-02,2018-07-02,1,sports_leisure,South,0.0
base,moving_average,2018-07-02,2018-07-09,2,sports_leisure,South,0.0
base,moving_average,2018-07-02,2018-07-16,3,sports_leisure,South,0.0
base,moving_average,2018-07-02,2018-07-23,4,sports_leisure,South,0.0
base,moving_average,2018-07-02,2018-07-02,1,sports_leisure,Southeast,0.0
base,moving_average,2018-07-02,2018-07-09,2,sports_leisure,Southeast,0.0
base,moving_average,2018-07-02,2018-07-16,3,sports_leisure,Southeast,0.0
base,moving_average,2018-07-02,2018-07-23,4,sports_leisure,Southeast,0.0
base,moving_average,2018-07-02,2018-07-02,1,telephony,Central-West,0.0
base,moving_average,2018-07-02,2018-07-09,2,telephony,Central-West,0.0
base,moving_average,2018-07-02,2018-07-16,3,telephony,Central-West,0.0
base,moving_average,2018-07-02,2018-07-23,4,telephony,Central-West,0.0
base,moving_average,2018-07-02,2018-07-02,1,telephony,North,0.0
base,moving_average,2018-07-02,2018-07-09,2,telephony,North,0.0
base,moving_average,2018-07-02,2018-07-16,3,telephony,North,0.0
base,moving_average,2018-07-02,2018-07-23,4,telephony,North,0.0
base,moving_average,2018-07-02,2018-07-02,1,telephony,Northeast,0.0
base,moving_average,2018-07-02,2018-07-09,2,telephony,Northeast,0.0
base,moving_average,2018-07-02,2018-07-16,3,telephony,Northeast,0.0
base,moving_average,2018-07-02,2018-07-23,4,telephony,Northeast,0.0
base,moving_average,2018-07-02,2018-07-02,1,telephony,South,0.0
base,moving_average,2018-07-02,2018-07-09,2,telephony,South,0.0
base,moving_average,2018-07-02,2018-07-16,3,telephony,South,0.0
base,moving_average,2018-07-02,2018-07-23,4,telephony,South,0.0
base,moving_average,2018-07-02,2018-07-02,1,telephony,Southeast,0.0
base,moving_average,2018-07-02,2018-07-09,2,telephony,Southeast,0.0
base,moving_average,2018-07-02,2018-07-16,3,telephony,Southeast,0.0
base,moving_average,2018-07-02,2018-07-23,4,telephony,Southeast,0.0
base,moving_average,2018-07-02,2018-07-02,1,watches_gifts,Central-West,0.0
base,moving_average,2018-07-02,2018-07-09,2,watches_gifts,Central-West,0.0
base,moving_average,2018-07-02,2018-07-16,3,watches_gifts,Central-West,0.0
base,moving_average,2018-07-02,2018-07-23,4,watches_gifts,Central-West,0.0
base,moving_average,2018-07-02,2018-07-02,1,watches_gifts,North,0.0
base,moving_average,2018-07-02,2018-07-09,2,watches_gifts,North,0.0
base,moving_average,2018-07-02,2018-07-16,3,watches_gifts,North,0.0
base,moving_average,2018-07-02,2018-07-23,4,watches_gifts,North,0.0
base,moving_average,2018-07-02,2018-07-02,1,watches_gifts,Northeast,0.0
base,moving_average,2018-07-02,2018-07-09,2,watches_gifts,Northeast,0.0
base,moving_average,2018-07-02,2018-07-16,3,watches_gifts,Northeast,0.0
base,moving_average,2018-07-02,2018-07-23,4,watches_gifts,Northeast,0.0
base,moving_average,2018-07-02,2018-07-02,1,watches_gifts,South,0.0
base,moving_average,2018-07-02,2018-07-09,2,watches_gifts,South,0.0
base,moving_average,2018-07-02,2018-07-16,3,watches_gifts,South,0.0
base,moving_average,2018-07-02,2018-07-23,4,watches_gifts,South,0.0
base,moving_average,2018-07-02,2018-07-02,1,watches_gifts,Southeast,0.0
base,moving_average,2018-07-02,2018-07-09,2,watches_gifts,Southeast,0.0
base,moving_average,2018-07-02,2018-07-16,3,watches_gifts,Southeast,0.0
base,moving_average,2018-07-02,2018-07-23,4,watches_gifts,Southeast,0.0
base,moving_average,2018-07-09,2018-07-09,1,auto,Central-West,0.0
base,moving_average,2018-07-09,2018-07-16,2,auto,Central-West,0.0
base,moving_average,2018-07-09,2018-07-23,3,auto,Central-West,0.0
base,moving_average,2018-07-09,2018-07-30,4,auto,Central-West,0.0
base,moving_average,2018-07-09,2018-07-09,1,auto,North,0.0
base,moving_average,2018-07-09,2018-07-16,2,auto,North,0.0
base,moving_average,2018-07-09,2018-07-23,3,auto,North,0.0
base,moving_average,2018-07-09,2018-07-30,4,auto,North,0.0
base,moving_average,2018-07-09,2018-07-09,1,auto,Northeast,0.0
base,moving_average,2018-07-09,2018-07-16,2,auto,Northeast,0.0
base,moving_average,2018-07-09,2018-07-23,3,auto,Northeast,0.0
base,moving_average,2018-07-09,2018-07-30,4,auto,Northeast,0.0
base,moving_average,2018-07-09,2018-07-09,1,auto,South,0.0
base,moving_average,2018-07-09,2018-07-16,2,auto,South,0.0
base,moving_average,2018-07-09,2018-07-23,3,auto,South,0.0
base,moving_average,2018-07-09,2018-07-30,4,auto,South,0.0
base,moving_average,2018-07-09,2018-07-09,1,auto,Southeast,0.0
base,moving_average,2018-07-09,2018-07-16,2,auto,Southeast,0.0
base,moving_average,2018-07-09,2018-07-23,3,auto,Southeast,0.0
base,moving_average,2018-07-09,2018-07-30,4,auto,Southeast,0.0
base,moving_average,2018-07-09,2018-07-09,1,bed_bath_table,Central-West,0.0
base,moving_average,2018-07-09,2018-07-16,2,bed_bath_table,Central-West,0.0
base,moving_average,2018-07-09,2018-07-23,3,bed_bath_table,Central-West,0.0
base,moving_average,2018-07-09,2018-07-30,4,bed_bath_table,Central-West,0.0
base,moving_average,2018-07-09,2018-07-09,1,bed_bath_table,North,0.0
base,moving_average,2018-07-09,2018-07-16,2,bed_bath_table,North,0.0
base,moving_average,2018-07-09,2018-07-23,3,bed_bath_table,North,0.0
base,moving_average,2018-07-09,2018-07-30,4,bed_bath_table,North,0.0
base,moving_average,2018-07-09,2018-07-09,1,bed_bath_table,Northeast,0.0
base,moving_average,2018-07-09,2018-07-16,2,bed_bath_table,Northeast,0.0
base,moving_average,2018-07-09,2018-07-23,3,bed_bath_table,Northeast,0.0
base,moving_average,2018-07-09,2018-07-30,4,bed_bath_table,Northeast,0.0
base,moving_average,2018-07-09,2018-07-09,1,bed_bath_table,South,0.0
base,moving_average,2018-07-09,2018-07-16,2,bed_bath_table,South,0.0
base,moving_average,2018-07-09,2018-07-23,3,bed_bath_table,South,0.0
base,moving_average,2018-07-09,2018-07-30,4,bed_bath_table,South,0.0
base,moving_average,2018-07-09,2018-07-09,1,bed_bath_table,Southeast,0.0
base,moving_average,2018-07-09,2018-07-16,2,bed_bath_table,Southeast,0.0
base,moving_average,2018-07-09,2018-07-23,3,bed_bath_table,Southeast,0.0
base,moving_average,2018-07-09,2018-07-30,4,bed_bath_table,Southeast,0.0
base,moving_average,2018-07-09,2018-07-09,1,computers_accessories,Central-West,0.0
base,moving_average,2018-07-09,2018-07-16,2,computers_accessories,Central-West,0.0
base,moving_average,2018-07-09,2018-07-23,3,computers_accessories,Central-West,0.0
base,moving_average,2018-07-09,2018-07-30,4,computers_accessories,Central-West,0.0
base,moving_average,2018-07-09,2018-07-09,1,computers_accessories,North,0.0
base,moving_average,2018-07-09,2018-07-16,2,computers_accessories,North,0.0
base,moving_average,2018-07-09,2018-07-23,3,computers_accessories,North,0.0
base,moving_average,2018-07-09,2018-07-30,4,computers_accessories,North,0.0
base,moving_average,2018-07-09,2018-07-09,1,computers_accessories,Northeast,0.0
base,moving_average,2018-07-09,2018-07-16,2,computers_accessories,Northeast,0.0
base,moving_average,2018-07-09,2018-07-23,3,computers_accessories,Northeast,0.0
base,moving_average,2018-07-09,2018-07-30,4,computers_accessories,Northeast,0.0
base,moving_average,2018-07-09,2018-07-09,1,computers_accessories,South,0.0
base,moving_average,2018-07-09,2018-07-16,2,computers_accessories,South,0.0
base,moving_average,2018-07-09,2018-07-23,3,computers_accessories,South,0.0
base,moving_average,2018-07-09,2018-07-30,4,computers_accessories,South,0.0
base,moving_average,2018-07-09,2018-07-09,1,computers_accessories,Southeast,0.0
base,moving_average,2018-07-09,2018-07-16,2,computers_accessories,Southeast,0.0
base,moving_average,2018-07-09,2018-07-23,3,computers_accessories,Southeast,0.0
base,moving_average,2018-07-09,2018-07-30,4,computers_accessories,Southeast,0.0
base,moving_average,2018-07-09,2018-07-09,1,furniture_decor,Central-West,0.0
base,moving_average,2018-07-09,2018-07-16,2,furniture_decor,Central-West,0.0
base,moving_average,2018-07-09,2018-07-23,3,furniture_decor,Central-West,0.0
base,moving_average,2018-07-09,2018-07-30,4,furniture_decor,Central-West,0.0
base,moving_average,2018-07-09,2018-07-09,1,furniture_decor,North,0.0
base,moving_average,2018-07-09,2018-07-16,2,furniture_decor,North,0.0
base,moving_average,2018-07-09,2018-07-23,3,furniture_decor,North,0.0
base,moving_average,2018-07-09,2018-07-30,4,furniture_decor,North,0.0
base,moving_average,2018-07-09,2018-07-09,1,furniture_decor,Northeast,0.0
base,moving_average,2018-07-09,2018-07-16,2,furniture_decor,Northeast,0.0
base,moving_average,2018-07-09,2018-07-23,3,furniture_decor,Northeast,0.0
base,moving_average,2018-07-09,2018-07-30,4,furniture_decor,Northeast,0.0
base,moving_average,2018-07-09,2018-07-09,1,furniture_decor,South,0.0
base,moving_average,2018-07-09,2018-07-16,2,furniture_decor,South,0.0
base,moving_average,2018-07-09,2018-07-23,3,furniture_decor,South,0.0
base,moving_average,2018-07-09,2018-07-30,4,furniture_decor,South,0.0
base,moving_average,2018-07-09,2018-07-09,1,furniture_decor,Southeast,0.0
base,moving_average,2018-07-09,2018-07-16,2,furniture_decor,Southeast,0.0
base,moving_average,2018-07-09,2018-07-23,3,furniture_decor,Southeast,0.0
base,moving_average,2018-07-09,2018-07-30,4,furniture_decor,Southeast,0.0
base,moving_average,2018-07-09,2018-07-09,1,garden_tools,Central-West,0.0
base,moving_average,2018-07-09,2018-07-16,2,garden_tools,Central-West,0.0
base,moving_average,2018-07-09,2018-07-23,3,garden_tools,Central-West,0.0
base,moving_average,2018-07-09,2018-07-30,4,garden_tools,Central-West,0.0
base,moving_average,2018-07-09,2018-07-09,1,garden_tools,North,0.0
base,moving_average,2018-07-09,2018-07-16,2,garden_tools,North,0.0
base,moving_average,2018-07-09,2018-07-23,3,garden_tools,North,0.0
base,moving_average,2018-07-09,2018-07-30,4,garden_tools,North,0.0
base,moving_average,2018-07-09,2018-07-09,1,garden_tools,Northeast,0.0
base,moving_average,2018-07-09,2018-07-16,2,garden_tools,Northeast,0.0
base,moving_average,2018-07-09,2018-07-23,3,garden_tools,Northeast,0.0
base,moving_average,2018-07-09,2018-07-30,4,garden_tools,Northeast,0.0
base,moving_average,2018-07-09,2018-07-09,1,garden_tools,South,0.0
base,moving_average,2018-07-09,2018-07-16,2,garden_tools,South,0.0
base,moving_average,2018-07-09,2018-07-23,3,garden_tools,South,0.0
base,moving_average,2018-07-09,2018-07-30,4,garden_tools,South,0.0
base,moving_average,2018-07-09,2018-07-09,1,garden_tools,Southeast,0.0
base,moving_average,2018-07-09,2018-07-16,2,garden_tools,Southeast,0.0
base,moving_average,2018-07-09,2018-07-23,3,garden_tools,Southeast,0.0
base,moving_average,2018-07-09,2018-07-30,4,garden_tools,Southeast,0.0
base,moving_average,2018-07-09,2018-07-09,1,health_beauty,Central-West,0.0
base,moving_average,2018-07-09,2018-07-16,2,health_beauty,Central-West,0.0
base,moving_average,2018-07-09,2018-07-23,3,health_beauty,Central-West,0.0
base,moving_average,2018-07-09,2018-07-30,4,health_beauty,Central-West,0.0
base,moving_average,2018-07-09,2018-07-09,1,health_beauty,North,0.0
base,moving_average,2018-07-09,2018-07-16,2,health_beauty,North,0.0
base,moving_average,2018-07-09,2018-07-23,3,health_beauty,North,0.0
base,moving_average,2018-07-09,2018-07-30,4,health_beauty,North,0.0
base,moving_average,2018-07-09,2018-07-09,1,health_beauty,Northeast,0.0
base,moving_average,2018-07-09,2018-07-16,2,health_beauty,Northeast,0.0
base,moving_average,2018-07-09,2018-07-23,3,health_beauty,Northeast,0.0
base,moving_average,2018-07-09,2018-07-30,4,health_beauty,Northeast,0.0
base,moving_average,2018-07-09,2018-07-09,1,health_beauty,South,0.0
base,moving_average,2018-07-09,2018-07-16,2,health_beauty,South,0.0
base,moving_average,2018-07-09,2018-07-23,3,health_beauty,South,0.0
base,moving_average,2018-07-09,2018-07-30,4,health_beauty,South,0.0
base,moving_average,2018-07-09,2018-07-09,1,health_beauty,Southeast,0.0
base,moving_average,2018-07-09,2018-07-16,2,health_beauty,Southeast,0.0
base,moving_average,2018-07-09,2018-07-23,3,health_beauty,Southeast,0.0
base,moving_average,2018-07-09,2018-07-30,4,health_beauty,Southeast,0.0
base,moving_average,2018-07-09,2018-07-09,1,housewares,Central-West,0.0
base,moving_average,2018-07-09,2018-07-16,2,housewares,Central-West,0.0
base,moving_average,2018-07-09,2018-07-23,3,housewares,Central-West,0.0
base,moving_average,2018-07-09,2018-07-30,4,housewares,Central-West,0.0
base,moving_average,2018-07-09,2018-07-09,1,housewares,North,0.0
base,moving_average,2018-07-09,2018-07-16,2,housewares,North,0.0
base,moving_average,2018-07-09,2018-07-23,3,housewares,North,0.0
base,moving_average,2018-07-09,2018-07-30,4,housewares,North,0.0
base,moving_average,2018-07-09,2018-07-09,1,housewares,Northeast,0.0
base,moving_average,2018-07-09,2018-07-16,2,housewares,Northeast,0.0
base,moving_average,2018-07-09,2018-07-23,3,housewares,Northeast,0.0
base,moving_average,2018-07-09,2018-07-30,4,housewares,Northeast,0.0
base,moving_average,2018-07-09,2018-07-09,1,housewares,South,0.0
base,moving_average,2018-07-09,2018-07-16,2,housewares,South,0.0
base,moving_average,2018-07-09,2018-07-23,3,housewares,South,0.0
base,moving_average,2018-07-09,2018-07-30,4,housewares,South,0.0
base,moving_average,2018-07-09,2018-07-09,1,housewares,Southeast,0.0
base,moving_average,2018-07-09,2018-07-16,2,housewares,Southeast,0.0
base,moving_average,2018-07-09,2018-07-23,3,housewares,Southeast,0.0
base,moving_average,2018-07-09,2018-07-30,4,housewares,Southeast,0.0
base,moving_average,2018-07-09,2018-07-09,1,sports_leisure,Central-West,0.0
base,moving_average,2018-07-09,2018-07-16,2,sports_leisure,Central-West,0.0
base,moving_average,2018-07-09,2018-07-23,3,sports_leisure,Central-West,0.0
base,moving_average,2018-07-09,2018-07-30,4,sports_leisure,Central-West,0.0
base,moving_average,2018-07-09,2018-07-09,1,sports_leisure,North,0.0
base,moving_average,2018-07-09,2018-07-16,2,sports_leisure,North,0.0
base,moving_average,2018-07-09,2018-07-23,3,sports_leisure,North,0.0
base,moving_average,2018-07-09,2018-07-30,4,sports_leisure,North,0.0
base,moving_average,2018-07-09,2018-07-09,1,sports_leisure,Northeast,0.0
base,moving_average,2018-07-09,2018-07-16,2,sports_leisure,Northeast,0.0
base,moving_average,2018-07-09,2018-07-23,3,sports_leisure,Northeast,0.0
base,moving_average,2018-07-09,2018-07-30,4,sports_leisure,Northeast,0.0
base,moving_average,2018-07-09,2018-07-09,1,sports_leisure,South,0.0
base,moving_average,2018-07-09,2018-07-16,2,sports_leisure,South,0.0
base,moving_average,2018-07-09,2018-07-23,3,sports_leisure,South,0.0
base,moving_average,2018-07-09,2018-07-30,4,sports_leisure,South,0.0
base,moving_average,2018-07-09,2018-07-09,1,sports_leisure,Southeast,0.0
base,moving_average,2018-07-09,2018-07-16,2,sports_leisure,Southeast,0.0
base,moving_average,2018-07-09,2018-07-23,3,sports_leisure,Southeast,0.0
base,moving_average,2018-07-09,2018-07-30,4,sports_leisure,Southeast,0.0
base,moving_average,2018-07-09,2018-07-09,1,telephony,Central-West,0.0
base,moving_average,2018-07-09,2018-07-16,2,telephony,Central-West,0.0
base,moving_average,2018-07-09,2018-07-23,3,telephony,Central-West,0.0
base,moving_average,2018-07-09,2018-07-30,4,telephony,Central-West,0.0
base,moving_average,2018-07-09,2018-07-09,1,telephony,North,0.0
base,moving_average,2018-07-09,2018-07-16,2,telephony,North,0.0
base,moving_average,2018-07-09,2018-07-23,3,telephony,North,0.0
base,moving_average,2018-07-09,2018-07-30,4,telephony,North,0.0
base,moving_average,2018-07-09,2018-07-09,1,telephony,Northeast,0.0
base,moving_average,2018-07-09,2018-07-16,2,telephony,Northeast,0.0
base,moving_average,2018-07-09,2018-07-23,3,telephony,Northeast,0.0
base,moving_average,2018-07-09,2018-07-30,4,telephony,Northeast,0.0
base,moving_average,2018-07-09,2018-07-09,1,telephony,South,0.0
base,moving_average,2018-07-09,2018-07-16,2,telephony,South,0.0
base,moving_average,2018-07-09,2018-07-23,3,telephony,South,0.0
base,moving_average,2018-07-09,2018-07-30,4,telephony,South,0.0
base,moving_average,2018-07-09,2018-07-09,1,telephony,Southeast,0.0
base,moving_average,2018-07-09,2018-07-16,2,telephony,Southeast,0.0
base,moving_average,2018-07-09,2018-07-23,3,telephony,Southeast,0.0
base,moving_average,2018-07-09,2018-07-30,4,telephony,Southeast,0.0
base,moving_average,2018-07-09,2018-07-09,1,watches_gifts,Central-West,0.0
base,moving_average,2018-07-09,2018-07-16,2,watches_gifts,Central-West,0.0
base,moving_average,2018-07-09,2018-07-23,3,watches_gifts,Central-West,0.0
base,moving_average,2018-07-09,2018-07-30,4,watches_gifts,Central-West,0.0
base,moving_average,2018-07-09,2018-07-09,1,watches_gifts,North,0.0
base,moving_average,2018-07-09,2018-07-16,2,watches_gifts,North,0.0
base,moving_average,2018-07-09,2018-07-23,3,watches_gifts,North,0.0
base,moving_average,2018-07-09,2018-07-30,4,watches_gifts,North,0.0
base,moving_average,2018-07-09,2018-07-09,1,watches_gifts,Northeast,0.0
base,moving_average,2018-07-09,2018-07-16,2,watches_gifts,Northeast,0.0
base,moving_average,2018-07-09,2018-07-23,3,watches_gifts,Northeast,0.0
base,moving_average,2018-07-09,2018-07-30,4,watches_gifts,Northeast,0.0
base,moving_average,2018-07-09,2018-07-09,1,watches_gifts,South,0.0
base,moving_average,2018-07-09,2018-07-16,2,watches_gifts,South,0.0
base,moving_average,2018-07-09,2018-07-23,3,watches_gifts,South,0.0
base,moving_average,2018-07-09,2018-07-30,4,watches_gifts,South,0.0
base,moving_average,2018-07-09,2018-07-09,1,watches_gifts,Southeast,0.0
base,moving_average,2018-07-09,2018-07-16,2,watches_gifts,Southeast,0.0
base,moving_average,2018-07-09,2018-07-23,3,watches_gifts,Southeast,0.0
base,moving_average,2018-07-09,2018-07-30,4,watches_gifts,Southeast,0.0
base,moving_average,2018-07-16,2018-07-16,1,auto,Central-West,0.0
base,moving_average,2018-07-16,2018-07-23,2,auto,Central-West,0.0
base,moving_average,2018-07-16,2018-07-30,3,auto,Central-West,0.0
base,moving_average,2018-07-16,2018-08-06,4,auto,Central-West,0.0
base,moving_average,2018-07-16,2018-07-16,1,auto,North,0.0
base,moving_average,2018-07-16,2018-07-23,2,auto,North,0.0
base,moving_average,2018-07-16,2018-07-30,3,auto,North,0.0
base,moving_average,2018-07-16,2018-08-06,4,auto,North,0.0
base,moving_average,2018-07-16,2018-07-16,1,auto,Northeast,0.0
base,moving_average,2018-07-16,2018-07-23,2,auto,Northeast,0.0
base,moving_average,2018-07-16,2018-07-30,3,auto,Northeast,0.0
base,moving_average,2018-07-16,2018-08-06,4,auto,Northeast,0.0
base,moving_average,2018-07-16,2018-07-16,1,auto,South,0.0
base,moving_average,2018-07-16,2018-07-23,2,auto,South,0.0
base,moving_average,2018-07-16,2018-07-30,3,auto,South,0.0
base,moving_average,2018-07-16,2018-08-06,4,auto,South,0.0
base,moving_average,2018-07-16,2018-07-16,1,auto,Southeast,0.0
base,moving_average,2018-07-16,2018-07-23,2,auto,Southeast,0.0
base,moving_average,2018-07-16,2018-07-30,3,auto,Southeast,0.0
base,moving_average,2018-07-16,2018-08-06,4,auto,Southeast,0.0
base,moving_average,2018-07-16,2018-07-16,1,bed_bath_table,Central-West,0.0
base,moving_average,2018-07-16,2018-07-23,2,bed_bath_table,Central-West,0.0
base,moving_average,2018-07-16,2018-07-30,3,bed_bath_table,Central-West,0.0
base,moving_average,2018-07-16,2018-08-06,4,bed_bath_table,Central-West,0.0
base,moving_average,2018-07-16,2018-07-16,1,bed_bath_table,North,0.0
base,moving_average,2018-07-16,2018-07-23,2,bed_bath_table,North,0.0
base,moving_average,2018-07-16,2018-07-30,3,bed_bath_table,North,0.0
base,moving_average,2018-07-16,2018-08-06,4,bed_bath_table,North,0.0
base,moving_average,2018-07-16,2018-07-16,1,bed_bath_table,Northeast,0.0
base,moving_average,2018-07-16,2018-07-23,2,bed_bath_table,Northeast,0.0
base,moving_average,2018-07-16,2018-07-30,3,bed_bath_table,Northeast,0.0
base,moving_average,2018-07-16,2018-08-06,4,bed_bath_table,Northeast,0.0
base,moving_average,2018-07-16,2018-07-16,1,bed_bath_table,South,0.0
base,moving_average,2018-07-16,2018-07-23,2,bed_bath_table,South,0.0
base,moving_average,2018-07-16,2018-07-30,3,bed_bath_table,South,0.0
base,moving_average,2018-07-16,2018-08-06,4,bed_bath_table,South,0.0
base,moving_average,2018-07-16,2018-07-16,1,bed_bath_table,Southeast,0.0
base,moving_average,2018-07-16,2018-07-23,2,bed_bath_table,Southeast,0.0
base,moving_average,2018-07-16,2018-07-30,3,bed_bath_table,Southeast,0.0
base,moving_average,2018-07-16,2018-08-06,4,bed_bath_table,Southeast,0.0
base,moving_average,2018-07-16,2018-07-16,1,computers_accessories,Central-West,0.0
base,moving_average,2018-07-16,2018-07-23,2,computers_accessories,Central-West,0.0
base,moving_average,2018-07-16,2018-07-30,3,computers_accessories,Central-West,0.0
base,moving_average,2018-07-16,2018-08-06,4,computers_accessories,Central-West,0.0
base,moving_average,2018-07-16,2018-07-16,1,computers_accessories,North,0.0
base,moving_average,2018-07-16,2018-07-23,2,computers_accessories,North,0.0
base,moving_average,2018-07-16,2018-07-30,3,computers_accessories,North,0.0
base,moving_average,2018-07-16,2018-08-06,4,computers_accessories,North,0.0
base,moving_average,2018-07-16,2018-07-16,1,computers_accessories,Northeast,0.0
base,moving_average,2018-07-16,2018-07-23,2,computers_accessories,Northeast,0.0
base,moving_average,2018-07-16,2018-07-30,3,computers_accessories,Northeast,0.0
base,moving_average,2018-07-16,2018-08-06,4,computers_accessories,Northeast,0.0
base,moving_average,2018-07-16,2018-07-16,1,computers_accessories,South,0.0
base,moving_average,2018-07-16,2018-07-23,2,computers_accessories,South,0.0
base,moving_average,2018-07-16,2018-07-30,3,computers_accessories,South,0.0
base,moving_average,2018-07-16,2018-08-06,4,computers_accessories,South,0.0
base,moving_average,2018-07-16,2018-07-16,1,computers_accessories,Southeast,0.0
base,moving_average,2018-07-16,2018-07-23,2,computers_accessories,Southeast,0.0
base,moving_average,2018-07-16,2018-07-30,3,computers_accessories,Southeast,0.0
base,moving_average,2018-07-16,2018-08-06,4,computers_accessories,Southeast,0.0
base,moving_average,2018-07-16,2018-07-16,1,furniture_decor,Central-West,0.0
base,moving_average,2018-07-16,2018-07-23,2,furniture_decor,Central-West,0.0
base,moving_average,2018-07-16,2018-07-30,3,furniture_decor,Central-West,0.0
base,moving_average,2018-07-16,2018-08-06,4,furniture_decor,Central-West,0.0
base,moving_average,2018-07-16,2018-07-16,1,furniture_decor,North,0.0
base,moving_average,2018-07-16,2018-07-23,2,furniture_decor,North,0.0
base,moving_average,2018-07-16,2018-07-30,3,furniture_decor,North,0.0
base,moving_average,2018-07-16,2018-08-06,4,furniture_decor,North,0.0
base,moving_average,2018-07-16,2018-07-16,1,furniture_decor,Northeast,0.0
base,moving_average,2018-07-16,2018-07-23,2,furniture_decor,Northeast,0.0
base,moving_average,2018-07-16,2018-07-30,3,furniture_decor,Northeast,0.0
base,moving_average,2018-07-16,2018-08-06,4,furniture_decor,Northeast,0.0
base,moving_average,2018-07-16,2018-07-16,1,furniture_decor,South,0.0
base,moving_average,2018-07-16,2018-07-23,2,furniture_decor,South,0.0
base,moving_average,2018-07-16,2018-07-30,3,furniture_decor,South,0.0
base,moving_average,2018-07-16,2018-08-06,4,furniture_decor,South,0.0
base,moving_average,2018-07-16,2018-07-16,1,furniture_decor,Southeast,0.0
base,moving_average,2018-07-16,2018-07-23,2,furniture_decor,Southeast,0.0
base,moving_average,2018-07-16,2018-07-30,3,furniture_decor,Southeast,0.0
base,moving_average,2018-07-16,2018-08-06,4,furniture_decor,Southeast,0.0
base,moving_average,2018-07-16,2018-07-16,1,garden_tools,Central-West,0.0
base,moving_average,2018-07-16,2018-07-23,2,garden_tools,Central-West,0.0
base,moving_average,2018-07-16,2018-07-30,3,garden_tools,Central-West,0.0
base,moving_average,2018-07-16,2018-08-06,4,garden_tools,Central-West,0.0
base,moving_average,2018-07-16,2018-07-16,1,garden_tools,North,0.0
base,moving_average,2018-07-16,2018-07-23,2,garden_tools,North,0.0
base,moving_average,2018-07-16,2018-07-30,3,garden_tools,North,0.0
base,moving_average,2018-07-16,2018-08-06,4,garden_tools,North,0.0
base,moving_average,2018-07-16,2018-07-16,1,garden_tools,Northeast,0.0
base,moving_average,2018-07-16,2018-07-23,2,garden_tools,Northeast,0.0
base,moving_average,2018-07-16,2018-07-30,3,garden_tools,Northeast,0.0
base,moving_average,2018-07-16,2018-08-06,4,garden_tools,Northeast,0.0
base,moving_average,2018-07-16,2018-07-16,1,garden_tools,South,0.0
base,moving_average,2018-07-16,2018-07-23,2,garden_tools,South,0.0
base,moving_average,2018-07-16,2018-07-30,3,garden_tools,South,0.0
base,moving_average,2018-07-16,2018-08-06,4,garden_tools,South,0.0
base,moving_average,2018-07-16,2018-07-16,1,garden_tools,Southeast,0.0
base,moving_average,2018-07-16,2018-07-23,2,garden_tools,Southeast,0.0
base,moving_average,2018-07-16,2018-07-30,3,garden_tools,Southeast,0.0
base,moving_average,2018-07-16,2018-08-06,4,garden_tools,Southeast,0.0
base,moving_average,2018-07-16,2018-07-16,1,health_beauty,Central-West,0.0
base,moving_average,2018-07-16,2018-07-23,2,health_beauty,Central-West,0.0
base,moving_average,2018-07-16,2018-07-30,3,health_beauty,Central-West,0.0
base,moving_average,2018-07-16,2018-08-06,4,health_beauty,Central-West,0.0
base,moving_average,2018-07-16,2018-07-16,1,health_beauty,North,0.0
base,moving_average,2018-07-16,2018-07-23,2,health_beauty,North,0.0
base,moving_average,2018-07-16,2018-07-30,3,health_beauty,North,0.0
base,moving_average,2018-07-16,2018-08-06,4,health_beauty,North,0.0
base,moving_average,2018-07-16,2018-07-16,1,health_beauty,Northeast,0.0
base,moving_average,2018-07-16,2018-07-23,2,health_beauty,Northeast,0.0
base,moving_average,2018-07-16,2018-07-30,3,health_beauty,Northeast,0.0
base,moving_average,2018-07-16,2018-08-06,4,health_beauty,Northeast,0.0
base,moving_average,2018-07-16,2018-07-16,1,health_beauty,South,0.0
base,moving_average,2018-07-16,2018-07-23,2,health_beauty,South,0.0
base,moving_average,2018-07-16,2018-07-30,3,health_beauty,South,0.0
base,moving_average,2018-07-16,2018-08-06,4,health_beauty,South,0.0
base,moving_average,2018-07-16,2018-07-16,1,health_beauty,Southeast,0.0
base,moving_average,2018-07-16,2018-07-23,2,health_beauty,Southeast,0.0
base,moving_average,2018-07-16,2018-07-30,3,health_beauty,Southeast,0.0
base,moving_average,2018-07-16,2018-08-06,4,health_beauty,Southeast,0.0
base,moving_average,2018-07-16,2018-07-16,1,housewares,Central-West,0.0
base,moving_average,2018-07-16,2018-07-23,2,housewares,Central-West,0.0
base,moving_average,2018-07-16,2018-07-30,3,housewares,Central-West,0.0
base,moving_average,2018-07-16,2018-08-06,4,housewares,Central-West,0.0
base,moving_average,2018-07-16,2018-07-16,1,housewares,North,0.0
base,moving_average,2018-07-16,2018-07-23,2,housewares,North,0.0
base,moving_average,2018-07-16,2018-07-30,3,housewares,North,0.0
base,moving_average,2018-07-16,2018-08-06,4,housewares,North,0.0
base,moving_average,2018-07-16,2018-07-16,1,housewares,Northeast,0.0
base,moving_average,2018-07-16,2018-07-23,2,housewares,Northeast,0.0
base,moving_average,2018-07-16,2018-07-30,3,housewares,Northeast,0.0
base,moving_average,2018-07-16,2018-08-06,4,housewares,Northeast,0.0
base,moving_average,2018-07-16,2018-07-16,1,housewares,South,0.0
base,moving_average,2018-07-16,2018-07-23,2,housewares,South,0.0
base,moving_average,2018-07-16,2018-07-30,3,housewares,South,0.0
base,moving_average,2018-07-16,2018-08-06,4,housewares,South,0.0
base,moving_average,2018-07-16,2018-07-16,1,housewares,Southeast,0.0
base,moving_average,2018-07-16,2018-07-23,2,housewares,Southeast,0.0
base,moving_average,2018-07-16,2018-07-30,3,housewares,Southeast,0.0
base,moving_average,2018-07-16,2018-08-06,4,housewares,Southeast,0.0
base,moving_average,2018-07-16,2018-07-16,1,sports_leisure,Central-West,0.0
base,moving_average,2018-07-16,2018-07-23,2,sports_leisure,Central-West,0.0
base,moving_average,2018-07-16,2018-07-30,3,sports_leisure,Central-West,0.0
base,moving_average,2018-07-16,2018-08-06,4,sports_leisure,Central-West,0.0
base,moving_average,2018-07-16,2018-07-16,1,sports_leisure,North,0.0
base,moving_average,2018-07-16,2018-07-23,2,sports_leisure,North,0.0
base,moving_average,2018-07-16,2018-07-30,3,sports_leisure,North,0.0
base,moving_average,2018-07-16,2018-08-06,4,sports_leisure,North,0.0
base,moving_average,2018-07-16,2018-07-16,1,sports_leisure,Northeast,0.0
base,moving_average,2018-07-16,2018-07-23,2,sports_leisure,Northeast,0.0
base,moving_average,2018-07-16,2018-07-30,3,sports_leisure,Northeast,0.0
base,moving_average,2018-07-16,2018-08-06,4,sports_leisure,Northeast,0.0
base,moving_average,2018-07-16,2018-07-16,1,sports_leisure,South,0.0
base,moving_average,2018-07-16,2018-07-23,2,sports_leisure,South,0.0
base,moving_average,2018-07-16,2018-07-30,3,sports_leisure,South,0.0
base,moving_average,2018-07-16,2018-08-06,4,sports_leisure,South,0.0
base,moving_average,2018-07-16,2018-07-16,1,sports_leisure,Southeast,0.0
base,moving_average,2018-07-16,2018-07-23,2,sports_leisure,Southeast,0.0
base,moving_average,2018-07-16,2018-07-30,3,sports_leisure,Southeast,0.0
base,moving_average,2018-07-16,2018-08-06,4,sports_leisure,Southeast,0.0
base,moving_average,2018-07-16,2018-07-16,1,telephony,Central-West,0.0
base,moving_average,2018-07-16,2018-07-23,2,telephony,Central-West,0.0
base,moving_average,2018-07-16,2018-07-30,3,telephony,Central-West,0.0
base,moving_average,2018-07-16,2018-08-06,4,telephony,Central-West,0.0
base,moving_average,2018-07-16,2018-07-16,1,telephony,North,0.0
base,moving_average,2018-07-16,2018-07-23,2,telephony,North,0.0
base,moving_average,2018-07-16,2018-07-30,3,telephony,North,0.0
base,moving_average,2018-07-16,2018-08-06,4,telephony,North,0.0
base,moving_average,2018-07-16,2018-07-16,1,telephony,Northeast,0.0
base,moving_average,2018-07-16,2018-07-23,2,telephony,Northeast,0.0
base,moving_average,2018-07-16,2018-07-30,3,telephony,Northeast,0.0
base,moving_average,2018-07-16,2018-08-06,4,telephony,Northeast,0.0
base,moving_average,2018-07-16,2018-07-16,1,telephony,South,0.0
base,moving_average,2018-07-16,2018-07-23,2,telephony,South,0.0
base,moving_average,2018-07-16,2018-07-30,3,telephony,South,0.0
base,moving_average,2018-07-16,2018-08-06,4,telephony,South,0.0
base,moving_average,2018-07-16,2018-07-16,1,telephony,Southeast,0.0
base,moving_average,2018-07-16,2018-07-23,2,telephony,Southeast,0.0
base,moving_average,2018-07-16,2018-07-30,3,telephony,Southeast,0.0
base,moving_average,2018-07-16,2018-08-06,4,telephony,Southeast,0.0
base,moving_average,2018-07-16,2018-07-16,1,watches_gifts,Central-West,0.0
base,moving_average,2018-07-16,2018-07-23,2,watches_gifts,Central-West,0.0
base,moving_average,2018-07-16,2018-07-30,3,watches_gifts,Central-West,0.0
base,moving_average,2018-07-16,2018-08-06,4,watches_gifts,Central-West,0.0
base,moving_average,2018-07-16,2018-07-16,1,watches_gifts,North,0.0
base,moving_average,2018-07-16,2018-07-23,2,watches_gifts,North,0.0
base,moving_average,2018-07-16,2018-07-30,3,watches_gifts,North,0.0
base,moving_average,2018-07-16,2018-08-06,4,watches_gifts,North,0.0
base,moving_average,2018-07-16,2018-07-16,1,watches_gifts,Northeast,0.0
base,moving_average,2018-07-16,2018-07-23,2,watches_gifts,Northeast,0.0
base,moving_average,2018-07-16,2018-07-30,3,watches_gifts,Northeast,0.0
base,moving_average,2018-07-16,2018-08-06,4,watches_gifts,Northeast,0.0
base,moving_average,2018-07-16,2018-07-16,1,watches_gifts,South,0.0
base,moving_average,2018-07-16,2018-07-23,2,watches_gifts,South,0.0
base,moving_average,2018-07-16,2018-07-30,3,watches_gifts,South,0.0
base,moving_average,2018-07-16,2018-08-06,4,watches_gifts,South,0.0
base,moving_average,2018-07-16,2018-07-16,1,watches_gifts,Southeast,0.0
base,moving_average,2018-07-16,2018-07-23,2,watches_gifts,Southeast,0.0
base,moving_average,2018-07-16,2018-07-30,3,watches_gifts,Southeast,0.0
base,moving_average,2018-07-16,2018-08-06,4,watches_gifts,Southeast,0.0
base,moving_average,2018-07-23,2018-07-23,1,auto,Central-West,0.0
base,moving_average,2018-07-23,2018-07-30,2,auto,Central-West,0.0
base,moving_average,2018-07-23,2018-08-06,3,auto,Central-West,0.0
base,moving_average,2018-07-23,2018-08-13,4,auto,Central-West,0.0
base,moving_average,2018-07-23,2018-07-23,1,auto,North,0.0
base,moving_average,2018-07-23,2018-07-30,2,auto,North,0.0
base,moving_average,2018-07-23,2018-08-06,3,auto,North,0.0
base,moving_average,2018-07-23,2018-08-13,4,auto,North,0.0
base,moving_average,2018-07-23,2018-07-23,1,auto,Northeast,13.0
base,moving_average,2018-07-23,2018-07-30,2,auto,Northeast,0.0
base,moving_average,2018-07-23,2018-08-06,3,auto,Northeast,0.0
base,moving_average,2018-07-23,2018-08-13,4,auto,Northeast,0.0
base,moving_average,2018-07-23,2018-07-23,1,auto,South,3.0
base,moving_average,2018-07-23,2018-07-30,2,auto,South,0.0
base,moving_average,2018-07-23,2018-08-06,3,auto,South,0.0
base,moving_average,2018-07-23,2018-08-13,4,auto,South,0.0
base,moving_average,2018-07-23,2018-07-23,1,auto,Southeast,3.0
base,moving_average,2018-07-23,2018-07-30,2,auto,Southeast,0.0
base,moving_average,2018-07-23,2018-08-06,3,auto,Southeast,0.0
base,moving_average,2018-07-23,2018-08-13,4,auto,Southeast,0.0
base,moving_average,2018-07-23,2018-07-23,1,bed_bath_table,Central-West,4.0
base,moving_average,2018-07-23,2018-07-30,2,bed_bath_table,Central-West,0.0
base,moving_average,2018-07-23,2018-08-06,3,bed_bath_table,Central-West,0.0
base,moving_average,2018-07-23,2018-08-13,4,bed_bath_table,Central-West,0.0
base,moving_average,2018-07-23,2018-07-23,1,bed_bath_table,North,0.0
base,moving_average,2018-07-23,2018-07-30,2,bed_bath_table,North,0.0
base,moving_average,2018-07-23,2018-08-06,3,bed_bath_table,North,0.0
base,moving_average,2018-07-23,2018-08-13,4,bed_bath_table,North,0.0
base,moving_average,2018-07-23,2018-07-23,1,bed_bath_table,Northeast,0.0
base,moving_average,2018-07-23,2018-07-30,2,bed_bath_table,Northeast,0.0
base,moving_average,2018-07-23,2018-08-06,3,bed_bath_table,Northeast,0.0
base,moving_average,2018-07-23,2018-08-13,4,bed_bath_table,Northeast,0.0
base,moving_average,2018-07-23,2018-07-23,1,bed_bath_table,South,0.0
base,moving_average,2018-07-23,2018-07-30,2,bed_bath_table,South,0.0
base,moving_average,2018-07-23,2018-08-06,3,bed_bath_table,South,0.0
base,moving_average,2018-07-23,2018-08-13,4,bed_bath_table,South,0.0
base,moving_average,2018-07-23,2018-07-23,1,bed_bath_table,Southeast,11.0
base,moving_average,2018-07-23,2018-07-30,2,bed_bath_table,Southeast,0.0
base,moving_average,2018-07-23,2018-08-06,3,bed_bath_table,Southeast,0.0
base,moving_average,2018-07-23,2018-08-13,4,bed_bath_table,Southeast,0.0
base,moving_average,2018-07-23,2018-07-23,1,computers_accessories,Central-West,0.0
base,moving_average,2018-07-23,2018-07-30,2,computers_accessories,Central-West,0.0
base,moving_average,2018-07-23,2018-08-06,3,computers_accessories,Central-West,0.0
base,moving_average,2018-07-23,2018-08-13,4,computers_accessories,Central-West,0.0
base,moving_average,2018-07-23,2018-07-23,1,computers_accessories,North,0.0
base,moving_average,2018-07-23,2018-07-30,2,computers_accessories,North,0.0
base,moving_average,2018-07-23,2018-08-06,3,computers_accessories,North,0.0
base,moving_average,2018-07-23,2018-08-13,4,computers_accessories,North,0.0
base,moving_average,2018-07-23,2018-07-23,1,computers_accessories,Northeast,0.0
base,moving_average,2018-07-23,2018-07-30,2,computers_accessories,Northeast,0.0
base,moving_average,2018-07-23,2018-08-06,3,computers_accessories,Northeast,0.0
base,moving_average,2018-07-23,2018-08-13,4,computers_accessories,Northeast,0.0
base,moving_average,2018-07-23,2018-07-23,1,computers_accessories,South,0.0
base,moving_average,2018-07-23,2018-07-30,2,computers_accessories,South,0.0
base,moving_average,2018-07-23,2018-08-06,3,computers_accessories,South,0.0
base,moving_average,2018-07-23,2018-08-13,4,computers_accessories,South,0.0
base,moving_average,2018-07-23,2018-07-23,1,computers_accessories,Southeast,0.0
base,moving_average,2018-07-23,2018-07-30,2,computers_accessories,Southeast,0.0
base,moving_average,2018-07-23,2018-08-06,3,computers_accessories,Southeast,0.0
base,moving_average,2018-07-23,2018-08-13,4,computers_accessories,Southeast,0.0
base,moving_average,2018-07-23,2018-07-23,1,furniture_decor,Central-West,0.0
base,moving_average,2018-07-23,2018-07-30,2,furniture_decor,Central-West,0.0
base,moving_average,2018-07-23,2018-08-06,3,furniture_decor,Central-West,0.0
base,moving_average,2018-07-23,2018-08-13,4,furniture_decor,Central-West,0.0
base,moving_average,2018-07-23,2018-07-23,1,furniture_decor,North,3.0
base,moving_average,2018-07-23,2018-07-30,2,furniture_decor,North,0.0
base,moving_average,2018-07-23,2018-08-06,3,furniture_decor,North,0.0
base,moving_average,2018-07-23,2018-08-13,4,furniture_decor,North,0.0
base,moving_average,2018-07-23,2018-07-23,1,furniture_decor,Northeast,0.0
base,moving_average,2018-07-23,2018-07-30,2,furniture_decor,Northeast,0.0
base,moving_average,2018-07-23,2018-08-06,3,furniture_decor,Northeast,0.0
base,moving_average,2018-07-23,2018-08-13,4,furniture_decor,Northeast,0.0
base,moving_average,2018-07-23,2018-07-23,1,furniture_decor,South,0.0
base,moving_average,2018-07-23,2018-07-30,2,furniture_decor,South,0.0
base,moving_average,2018-07-23,2018-08-06,3,furniture_decor,South,0.0
base,moving_average,2018-07-23,2018-08-13,4,furniture_decor,South,0.0
base,moving_average,2018-07-23,2018-07-23,1,furniture_decor,Southeast,5.0
base,moving_average,2018-07-23,2018-07-30,2,furniture_decor,Southeast,0.0
base,moving_average,2018-07-23,2018-08-06,3,furniture_decor,Southeast,0.0
base,moving_average,2018-07-23,2018-08-13,4,furniture_decor,Southeast,0.0
base,moving_average,2018-07-23,2018-07-23,1,garden_tools,Central-West,0.0
base,moving_average,2018-07-23,2018-07-30,2,garden_tools,Central-West,0.0
base,moving_average,2018-07-23,2018-08-06,3,garden_tools,Central-West,0.0
base,moving_average,2018-07-23,2018-08-13,4,garden_tools,Central-West,0.0
base,moving_average,2018-07-23,2018-07-23,1,garden_tools,North,0.0
base,moving_average,2018-07-23,2018-07-30,2,garden_tools,North,0.0
base,moving_average,2018-07-23,2018-08-06,3,garden_tools,North,0.0
base,moving_average,2018-07-23,2018-08-13,4,garden_tools,North,0.0
base,moving_average,2018-07-23,2018-07-23,1,garden_tools,Northeast,0.0
base,moving_average,2018-07-23,2018-07-30,2,garden_tools,Northeast,0.0
base,moving_average,2018-07-23,2018-08-06,3,garden_tools,Northeast,0.0
base,moving_average,2018-07-23,2018-08-13,4,garden_tools,Northeast,0.0
base,moving_average,2018-07-23,2018-07-23,1,garden_tools,South,0.0
base,moving_average,2018-07-23,2018-07-30,2,garden_tools,South,0.0
base,moving_average,2018-07-23,2018-08-06,3,garden_tools,South,0.0
base,moving_average,2018-07-23,2018-08-13,4,garden_tools,South,0.0
base,moving_average,2018-07-23,2018-07-23,1,garden_tools,Southeast,0.0
base,moving_average,2018-07-23,2018-07-30,2,garden_tools,Southeast,0.0
base,moving_average,2018-07-23,2018-08-06,3,garden_tools,Southeast,0.0
base,moving_average,2018-07-23,2018-08-13,4,garden_tools,Southeast,0.0
base,moving_average,2018-07-23,2018-07-23,1,health_beauty,Central-West,0.0
base,moving_average,2018-07-23,2018-07-30,2,health_beauty,Central-West,0.0
base,moving_average,2018-07-23,2018-08-06,3,health_beauty,Central-West,0.0
base,moving_average,2018-07-23,2018-08-13,4,health_beauty,Central-West,0.0
base,moving_average,2018-07-23,2018-07-23,1,health_beauty,North,0.0
base,moving_average,2018-07-23,2018-07-30,2,health_beauty,North,0.0
base,moving_average,2018-07-23,2018-08-06,3,health_beauty,North,0.0
base,moving_average,2018-07-23,2018-08-13,4,health_beauty,North,0.0
base,moving_average,2018-07-23,2018-07-23,1,health_beauty,Northeast,0.0
base,moving_average,2018-07-23,2018-07-30,2,health_beauty,Northeast,0.0
base,moving_average,2018-07-23,2018-08-06,3,health_beauty,Northeast,0.0
base,moving_average,2018-07-23,2018-08-13,4,health_beauty,Northeast,0.0
base,moving_average,2018-07-23,2018-07-23,1,health_beauty,South,0.0
base,moving_average,2018-07-23,2018-07-30,2,health_beauty,South,0.0
base,moving_average,2018-07-23,2018-08-06,3,health_beauty,South,0.0
base,moving_average,2018-07-23,2018-08-13,4,health_beauty,South,0.0
base,moving_average,2018-07-23,2018-07-23,1,health_beauty,Southeast,0.0
base,moving_average,2018-07-23,2018-07-30,2,health_beauty,Southeast,0.0
base,moving_average,2018-07-23,2018-08-06,3,health_beauty,Southeast,0.0
base,moving_average,2018-07-23,2018-08-13,4,health_beauty,Southeast,0.0
base,moving_average,2018-07-23,2018-07-23,1,housewares,Central-West,0.0
base,moving_average,2018-07-23,2018-07-30,2,housewares,Central-West,0.0
base,moving_average,2018-07-23,2018-08-06,3,housewares,Central-West,0.0
base,moving_average,2018-07-23,2018-08-13,4,housewares,Central-West,0.0
base,moving_average,2018-07-23,2018-07-23,1,housewares,North,0.0
base,moving_average,2018-07-23,2018-07-30,2,housewares,North,0.0
base,moving_average,2018-07-23,2018-08-06,3,housewares,North,0.0
base,moving_average,2018-07-23,2018-08-13,4,housewares,North,0.0
base,moving_average,2018-07-23,2018-07-23,1,housewares,Northeast,0.0
base,moving_average,2018-07-23,2018-07-30,2,housewares,Northeast,0.0
base,moving_average,2018-07-23,2018-08-06,3,housewares,Northeast,0.0
base,moving_average,2018-07-23,2018-08-13,4,housewares,Northeast,0.0
base,moving_average,2018-07-23,2018-07-23,1,housewares,South,0.0
base,moving_average,2018-07-23,2018-07-30,2,housewares,South,0.0
base,moving_average,2018-07-23,2018-08-06,3,housewares,South,0.0
base,moving_average,2018-07-23,2018-08-13,4,housewares,South,0.0
base,moving_average,2018-07-23,2018-07-23,1,housewares,Southeast,0.0
base,moving_average,2018-07-23,2018-07-30,2,housewares,Southeast,0.0
base,moving_average,2018-07-23,2018-08-06,3,housewares,Southeast,0.0
base,moving_average,2018-07-23,2018-08-13,4,housewares,Southeast,0.0
base,moving_average,2018-07-23,2018-07-23,1,sports_leisure,Central-West,0.0
base,moving_average,2018-07-23,2018-07-30,2,sports_leisure,Central-West,0.0
base,moving_average,2018-07-23,2018-08-06,3,sports_leisure,Central-West,0.0
base,moving_average,2018-07-23,2018-08-13,4,sports_leisure,Central-West,0.0
base,moving_average,2018-07-23,2018-07-23,1,sports_leisure,North,0.0
base,moving_average,2018-07-23,2018-07-30,2,sports_leisure,North,0.0
base,moving_average,2018-07-23,2018-08-06,3,sports_leisure,North,0.0
base,moving_average,2018-07-23,2018-08-13,4,sports_leisure,North,0.0
base,moving_average,2018-07-23,2018-07-23,1,sports_leisure,Northeast,0.0
base,moving_average,2018-07-23,2018-07-30,2,sports_leisure,Northeast,0.0
base,moving_average,2018-07-23,2018-08-06,3,sports_leisure,Northeast,0.0
base,moving_average,2018-07-23,2018-08-13,4,sports_leisure,Northeast,0.0
base,moving_average,2018-07-23,2018-07-23,1,sports_leisure,South,0.0
base,moving_average,2018-07-23,2018-07-30,2,sports_leisure,South,0.0
base,moving_average,2018-07-23,2018-08-06,3,sports_leisure,South,0.0
base,moving_average,2018-07-23,2018-08-13,4,sports_leisure,South,0.0
base,moving_average,2018-07-23,2018-07-23,1,sports_leisure,Southeast,0.0
base,moving_average,2018-07-23,2018-07-30,2,sports_leisure,Southeast,0.0
base,moving_average,2018-07-23,2018-08-06,3,sports_leisure,Southeast,0.0
base,moving_average,2018-07-23,2018-08-13,4,sports_leisure,Southeast,0.0
base,moving_average,2018-07-23,2018-07-23,1,telephony,Central-West,2.0
base,moving_average,2018-07-23,2018-07-30,2,telephony,Central-West,0.0
base,moving_average,2018-07-23,2018-08-06,3,telephony,Central-West,0.0
base,moving_average,2018-07-23,2018-08-13,4,telephony,Central-West,0.0
base,moving_average,2018-07-23,2018-07-23,1,telephony,North,0.0
base,moving_average,2018-07-23,2018-07-30,2,telephony,North,0.0
base,moving_average,2018-07-23,2018-08-06,3,telephony,North,0.0
base,moving_average,2018-07-23,2018-08-13,4,telephony,North,0.0
base,moving_average,2018-07-23,2018-07-23,1,telephony,Northeast,0.0
base,moving_average,2018-07-23,2018-07-30,2,telephony,Northeast,0.0
base,moving_average,2018-07-23,2018-08-06,3,telephony,Northeast,0.0
base,moving_average,2018-07-23,2018-08-13,4,telephony,Northeast,0.0
base,moving_average,2018-07-23,2018-07-23,1,telephony,South,6.0
base,moving_average,2018-07-23,2018-07-30,2,telephony,South,0.0
base,moving_average,2018-07-23,2018-08-06,3,telephony,South,0.0
base,moving_average,2018-07-23,2018-08-13,4,telephony,South,0.0
base,moving_average,2018-07-23,2018-07-23,1,telephony,Southeast,1.0
base,moving_average,2018-07-23,2018-07-30,2,telephony,Southeast,0.0
base,moving_average,2018-07-23,2018-08-06,3,telephony,Southeast,0.0
base,moving_average,2018-07-23,2018-08-13,4,telephony,Southeast,0.0
base,moving_average,2018-07-23,2018-07-23,1,watches_gifts,Central-West,2.0
base,moving_average,2018-07-23,2018-07-30,2,watches_gifts,Central-West,0.0
base,moving_average,2018-07-23,2018-08-06,3,watches_gifts,Central-West,0.0
base,moving_average,2018-07-23,2018-08-13,4,watches_gifts,Central-West,0.0
base,moving_average,2018-07-23,2018-07-23,1,watches_gifts,North,0.0
base,moving_average,2018-07-23,2018-07-30,2,watches_gifts,North,0.0
base,moving_average,2018-07-23,2018-08-06,3,watches_gifts,North,0.0
base,moving_average,2018-07-23,2018-08-13,4,watches_gifts,North,0.0
base,moving_average,2018-07-23,2018-07-23,1,watches_gifts,Northeast,0.0
base,moving_average,2018-07-23,2018-07-30,2,watches_gifts,Northeast,0.0
base,moving_average,2018-07-23,2018-08-06,3,watches_gifts,Northeast,0.0
base,moving_average,2018-07-23,2018-08-13,4,watches_gifts,Northeast,0.0
base,moving_average,2018-07-23,2018-07-23,1,watches_gifts,South,5.0
base,moving_average,2018-07-23,2018-07-30,2,watches_gifts,South,0.0
base,moving_average,2018-07-23,2018-08-06,3,watches_gifts,South,0.0
base,moving_average,2018-07-23,2018-08-13,4,watches_gifts,South,0.0
base,moving_average,2018-07-23,2018-07-23,1,watches_gifts,Southeast,1.0
base,moving_average,2018-07-23,2018-07-30,2,watches_gifts,Southeast,0.0
base,moving_average,2018-07-23,2018-08-06,3,watches_gifts,Southeast,0.0
base,moving_average,2018-07-23,2018-08-13,4,watches_gifts,Southeast,0.0
base,moving_average,2018-07-30,2018-07-30,1,auto,Central-West,0.0
base,moving_average,2018-07-30,2018-08-06,2,auto,Central-West,0.0
base,moving_average,2018-07-30,2018-08-13,3,auto,Central-West,0.0
base,moving_average,2018-07-30,2018-08-20,4,auto,Central-West,0.0
base,moving_average,2018-07-30,2018-07-30,1,auto,North,0.0
base,moving_average,2018-07-30,2018-08-06,2,auto,North,0.0
base,moving_average,2018-07-30,2018-08-13,3,auto,North,0.0
base,moving_average,2018-07-30,2018-08-20,4,auto,North,0.0
base,moving_average,2018-07-30,2018-07-30,1,auto,Northeast,6.0
base,moving_average,2018-07-30,2018-08-06,2,auto,Northeast,0.0
base,moving_average,2018-07-30,2018-08-13,3,auto,Northeast,0.0
base,moving_average,2018-07-30,2018-08-20,4,auto,Northeast,0.0
base,moving_average,2018-07-30,2018-07-30,1,auto,South,0.0
base,moving_average,2018-07-30,2018-08-06,2,auto,South,0.0
base,moving_average,2018-07-30,2018-08-13,3,auto,South,0.0
base,moving_average,2018-07-30,2018-08-20,4,auto,South,0.0
base,moving_average,2018-07-30,2018-07-30,1,auto,Southeast,0.0
base,moving_average,2018-07-30,2018-08-06,2,auto,Southeast,0.0
base,moving_average,2018-07-30,2018-08-13,3,auto,Southeast,0.0
base,moving_average,2018-07-30,2018-08-20,4,auto,Southeast,0.0
base,moving_average,2018-07-30,2018-07-30,1,bed_bath_table,Central-West,0.0
base,moving_average,2018-07-30,2018-08-06,2,bed_bath_table,Central-West,0.0
base,moving_average,2018-07-30,2018-08-13,3,bed_bath_table,Central-West,0.0
base,moving_average,2018-07-30,2018-08-20,4,bed_bath_table,Central-West,0.0
base,moving_average,2018-07-30,2018-07-30,1,bed_bath_table,North,0.0
base,moving_average,2018-07-30,2018-08-06,2,bed_bath_table,North,0.0
base,moving_average,2018-07-30,2018-08-13,3,bed_bath_table,North,0.0
base,moving_average,2018-07-30,2018-08-20,4,bed_bath_table,North,0.0
base,moving_average,2018-07-30,2018-07-30,1,bed_bath_table,Northeast,2.0
base,moving_average,2018-07-30,2018-08-06,2,bed_bath_table,Northeast,0.0
base,moving_average,2018-07-30,2018-08-13,3,bed_bath_table,Northeast,0.0
base,moving_average,2018-07-30,2018-08-20,4,bed_bath_table,Northeast,0.0
base,moving_average,2018-07-30,2018-07-30,1,bed_bath_table,South,0.0
base,moving_average,2018-07-30,2018-08-06,2,bed_bath_table,South,0.0
base,moving_average,2018-07-30,2018-08-13,3,bed_bath_table,South,0.0
base,moving_average,2018-07-30,2018-08-20,4,bed_bath_table,South,0.0
base,moving_average,2018-07-30,2018-07-30,1,bed_bath_table,Southeast,0.0
base,moving_average,2018-07-30,2018-08-06,2,bed_bath_table,Southeast,0.0
base,moving_average,2018-07-30,2018-08-13,3,bed_bath_table,Southeast,0.0
base,moving_average,2018-07-30,2018-08-20,4,bed_bath_table,Southeast,0.0
base,moving_average,2018-07-30,2018-07-30,1,computers_accessories,Central-West,0.0
base,moving_average,2018-07-30,2018-08-06,2,computers_accessories,Central-West,0.0
base,moving_average,2018-07-30,2018-08-13,3,computers_accessories,Central-West,0.0
base,moving_average,2018-07-30,2018-08-20,4,computers_accessories,Central-West,0.0
base,moving_average,2018-07-30,2018-07-30,1,computers_accessories,North,0.0
base,moving_average,2018-07-30,2018-08-06,2,computers_accessories,North,0.0
base,moving_average,2018-07-30,2018-08-13,3,computers_accessories,North,0.0
base,moving_average,2018-07-30,2018-08-20,4,computers_accessories,North,0.0
base,moving_average,2018-07-30,2018-07-30,1,computers_accessories,Northeast,2.0
base,moving_average,2018-07-30,2018-08-06,2,computers_accessories,Northeast,0.0
base,moving_average,2018-07-30,2018-08-13,3,computers_accessories,Northeast,0.0
base,moving_average,2018-07-30,2018-08-20,4,computers_accessories,Northeast,0.0
base,moving_average,2018-07-30,2018-07-30,1,computers_accessories,South,1.0
base,moving_average,2018-07-30,2018-08-06,2,computers_accessories,South,0.0
base,moving_average,2018-07-30,2018-08-13,3,computers_accessories,South,0.0
base,moving_average,2018-07-30,2018-08-20,4,computers_accessories,South,0.0
base,moving_average,2018-07-30,2018-07-30,1,computers_accessories,Southeast,7.0
base,moving_average,2018-07-30,2018-08-06,2,computers_accessories,Southeast,0.0
base,moving_average,2018-07-30,2018-08-13,3,computers_accessories,Southeast,0.0
base,moving_average,2018-07-30,2018-08-20,4,computers_accessories,Southeast,0.0
base,moving_average,2018-07-30,2018-07-30,1,furniture_decor,Central-West,0.0
base,moving_average,2018-07-30,2018-08-06,2,furniture_decor,Central-West,0.0
base,moving_average,2018-07-30,2018-08-13,3,furniture_decor,Central-West,0.0
base,moving_average,2018-07-30,2018-08-20,4,furniture_decor,Central-West,0.0
base,moving_average,2018-07-30,2018-07-30,1,furniture_decor,North,0.0
base,moving_average,2018-07-30,2018-08-06,2,furniture_decor,North,0.0
base,moving_average,2018-07-30,2018-08-13,3,furniture_decor,North,0.0
base,moving_average,2018-07-30,2018-08-20,4,furniture_decor,North,0.0
base,moving_average,2018-07-30,2018-07-30,1,furniture_decor,Northeast,0.0
base,moving_average,2018-07-30,2018-08-06,2,furniture_decor,Northeast,0.0
base,moving_average,2018-07-30,2018-08-13,3,furniture_decor,Northeast,0.0
base,moving_average,2018-07-30,2018-08-20,4,furniture_decor,Northeast,0.0
base,moving_average,2018-07-30,2018-07-30,1,furniture_decor,South,4.0
base,moving_average,2018-07-30,2018-08-06,2,furniture_decor,South,0.0
base,moving_average,2018-07-30,2018-08-13,3,furniture_decor,South,0.0
base,moving_average,2018-07-30,2018-08-20,4,furniture_decor,South,0.0
base,moving_average,2018-07-30,2018-07-30,1,furniture_decor,Southeast,5.0
base,moving_average,2018-07-30,2018-08-06,2,furniture_decor,Southeast,0.0
base,moving_average,2018-07-30,2018-08-13,3,furniture_decor,Southeast,0.0
base,moving_average,2018-07-30,2018-08-20,4,furniture_decor,Southeast,0.0
base,moving_average,2018-07-30,2018-07-30,1,garden_tools,Central-West,0.0
base,moving_average,2018-07-30,2018-08-06,2,garden_tools,Central-West,0.0
base,moving_average,2018-07-30,2018-08-13,3,garden_tools,Central-West,0.0
base,moving_average,2018-07-30,2018-08-20,4,garden_tools,Central-West,0.0
base,moving_average,2018-07-30,2018-07-30,1,garden_tools,North,0.0
base,moving_average,2018-07-30,2018-08-06,2,garden_tools,North,0.0
base,moving_average,2018-07-30,2018-08-13,3,garden_tools,North,0.0
base,moving_average,2018-07-30,2018-08-20,4,garden_tools,North,0.0
base,moving_average,2018-07-30,2018-07-30,1,garden_tools,Northeast,1.0
base,moving_average,2018-07-30,2018-08-06,2,garden_tools,Northeast,0.0
base,moving_average,2018-07-30,2018-08-13,3,garden_tools,Northeast,0.0
base,moving_average,2018-07-30,2018-08-20,4,garden_tools,Northeast,0.0
base,moving_average,2018-07-30,2018-07-30,1,garden_tools,South,0.0
base,moving_average,2018-07-30,2018-08-06,2,garden_tools,South,0.0
base,moving_average,2018-07-30,2018-08-13,3,garden_tools,South,0.0
base,moving_average,2018-07-30,2018-08-20,4,garden_tools,South,0.0
base,moving_average,2018-07-30,2018-07-30,1,garden_tools,Southeast,0.0
base,moving_average,2018-07-30,2018-08-06,2,garden_tools,Southeast,0.0
base,moving_average,2018-07-30,2018-08-13,3,garden_tools,Southeast,0.0
base,moving_average,2018-07-30,2018-08-20,4,garden_tools,Southeast,0.0
base,moving_average,2018-07-30,2018-07-30,1,health_beauty,Central-West,0.0
base,moving_average,2018-07-30,2018-08-06,2,health_beauty,Central-West,0.0
base,moving_average,2018-07-30,2018-08-13,3,health_beauty,Central-West,0.0
base,moving_average,2018-07-30,2018-08-20,4,health_beauty,Central-West,0.0
base,moving_average,2018-07-30,2018-07-30,1,health_beauty,North,0.0
base,moving_average,2018-07-30,2018-08-06,2,health_beauty,North,0.0
base,moving_average,2018-07-30,2018-08-13,3,health_beauty,North,0.0
base,moving_average,2018-07-30,2018-08-20,4,health_beauty,North,0.0
base,moving_average,2018-07-30,2018-07-30,1,health_beauty,Northeast,0.0
base,moving_average,2018-07-30,2018-08-06,2,health_beauty,Northeast,0.0
base,moving_average,2018-07-30,2018-08-13,3,health_beauty,Northeast,0.0
base,moving_average,2018-07-30,2018-08-20,4,health_beauty,Northeast,0.0
base,moving_average,2018-07-30,2018-07-30,1,health_beauty,South,0.0
base,moving_average,2018-07-30,2018-08-06,2,health_beauty,South,0.0
base,moving_average,2018-07-30,2018-08-13,3,health_beauty,South,0.0
base,moving_average,2018-07-30,2018-08-20,4,health_beauty,South,0.0
base,moving_average,2018-07-30,2018-07-30,1,health_beauty,Southeast,0.0
base,moving_average,2018-07-30,2018-08-06,2,health_beauty,Southeast,0.0
base,moving_average,2018-07-30,2018-08-13,3,health_beauty,Southeast,0.0
base,moving_average,2018-07-30,2018-08-20,4,health_beauty,Southeast,0.0
base,moving_average,2018-07-30,2018-07-30,1,housewares,Central-West,8.0
base,moving_average,2018-07-30,2018-08-06,2,housewares,Central-West,0.0
base,moving_average,2018-07-30,2018-08-13,3,housewares,Central-West,0.0
base,moving_average,2018-07-30,2018-08-20,4,housewares,Central-West,0.0
base,moving_average,2018-07-30,2018-07-30,1,housewares,North,0.0
base,moving_average,2018-07-30,2018-08-06,2,housewares,North,0.0
base,moving_average,2018-07-30,2018-08-13,3,housewares,North,0.0
base,moving_average,2018-07-30,2018-08-20,4,housewares,North,0.0
base,moving_average,2018-07-30,2018-07-30,1,housewares,Northeast,1.0
base,moving_average,2018-07-30,2018-08-06,2,housewares,Northeast,0.0
base,moving_average,2018-07-30,2018-08-13,3,housewares,Northeast,0.0
base,moving_average,2018-07-30,2018-08-20,4,housewares,Northeast,0.0
base,moving_average,2018-07-30,2018-07-30,1,housewares,South,1.0
base,moving_average,2018-07-30,2018-08-06,2,housewares,South,0.0
base,moving_average,2018-07-30,2018-08-13,3,housewares,South,0.0
base,moving_average,2018-07-30,2018-08-20,4,housewares,South,0.0
base,moving_average,2018-07-30,2018-07-30,1,housewares,Southeast,8.0
base,moving_average,2018-07-30,2018-08-06,2,housewares,Southeast,0.0
base,moving_average,2018-07-30,2018-08-13,3,housewares,Southeast,0.0
base,moving_average,2018-07-30,2018-08-20,4,housewares,Southeast,0.0
base,moving_average,2018-07-30,2018-07-30,1,sports_leisure,Central-West,0.0
base,moving_average,2018-07-30,2018-08-06,2,sports_leisure,Central-West,0.0
base,moving_average,2018-07-30,2018-08-13,3,sports_leisure,Central-West,0.0
base,moving_average,2018-07-30,2018-08-20,4,sports_leisure,Central-West,0.0
base,moving_average,2018-07-30,2018-07-30,1,sports_leisure,North,4.0
base,moving_average,2018-07-30,2018-08-06,2,sports_leisure,North,0.0
base,moving_average,2018-07-30,2018-08-13,3,sports_leisure,North,0.0
base,moving_average,2018-07-30,2018-08-20,4,sports_leisure,North,0.0
base,moving_average,2018-07-30,2018-07-30,1,sports_leisure,Northeast,1.0
base,moving_average,2018-07-30,2018-08-06,2,sports_leisure,Northeast,0.0
base,moving_average,2018-07-30,2018-08-13,3,sports_leisure,Northeast,0.0
base,moving_average,2018-07-30,2018-08-20,4,sports_leisure,Northeast,0.0
base,moving_average,2018-07-30,2018-07-30,1,sports_leisure,South,2.0
base,moving_average,2018-07-30,2018-08-06,2,sports_leisure,South,0.0
base,moving_average,2018-07-30,2018-08-13,3,sports_leisure,South,0.0
base,moving_average,2018-07-30,2018-08-20,4,sports_leisure,South,0.0
base,moving_average,2018-07-30,2018-07-30,1,sports_leisure,Southeast,20.0
base,moving_average,2018-07-30,2018-08-06,2,sports_leisure,Southeast,0.0
base,moving_average,2018-07-30,2018-08-13,3,sports_leisure,Southeast,0.0
base,moving_average,2018-07-30,2018-08-20,4,sports_leisure,Southeast,0.0
base,moving_average,2018-07-30,2018-07-30,1,telephony,Central-West,0.0
base,moving_average,2018-07-30,2018-08-06,2,telephony,Central-West,0.0
base,moving_average,2018-07-30,2018-08-13,3,telephony,Central-West,0.0
base,moving_average,2018-07-30,2018-08-20,4,telephony,Central-West,0.0
base,moving_average,2018-07-30,2018-07-30,1,telephony,North,0.0
base,moving_average,2018-07-30,2018-08-06,2,telephony,North,0.0
base,moving_average,2018-07-30,2018-08-13,3,telephony,North,0.0
base,moving_average,2018-07-30,2018-08-20,4,telephony,North,0.0
base,moving_average,2018-07-30,2018-07-30,1,telephony,Northeast,1.0
base,moving_average,2018-07-30,2018-08-06,2,telephony,Northeast,0.0
base,moving_average,2018-07-30,2018-08-13,3,telephony,Northeast,0.0
base,moving_average,2018-07-30,2018-08-20,4,telephony,Northeast,0.0
base,moving_average,2018-07-30,2018-07-30,1,telephony,South,6.0
base,moving_average,2018-07-30,2018-08-06,2,telephony,South,0.0
base,moving_average,2018-07-30,2018-08-13,3,telephony,South,0.0
base,moving_average,2018-07-30,2018-08-20,4,telephony,South,0.0
base,moving_average,2018-07-30,2018-07-30,1,telephony,Southeast,0.0
base,moving_average,2018-07-30,2018-08-06,2,telephony,Southeast,0.0
base,moving_average,2018-07-30,2018-08-13,3,telephony,Southeast,0.0
base,moving_average,2018-07-30,2018-08-20,4,telephony,Southeast,0.0
base,moving_average,2018-07-30,2018-07-30,1,watches_gifts,Central-West,0.0
base,moving_average,2018-07-30,2018-08-06,2,watches_gifts,Central-West,0.0
base,moving_average,2018-07-30,2018-08-13,3,watches_gifts,Central-West,0.0
base,moving_average,2018-07-30,2018-08-20,4,watches_gifts,Central-West,0.0
base,moving_average,2018-07-30,2018-07-30,1,watches_gifts,North,0.0
base,moving_average,2018-07-30,2018-08-06,2,watches_gifts,North,0.0
base,moving_average,2018-07-30,2018-08-13,3,watches_gifts,North,0.0
base,moving_average,2018-07-30,2018-08-20,4,watches_gifts,North,0.0
base,moving_average,2018-07-30,2018-07-30,1,watches_gifts,Northeast,0.0
base,moving_average,2018-07-30,2018-08-06,2,watches_gifts,Northeast,0.0
base,moving_average,2018-07-30,2018-08-13,3,watches_gifts,Northeast,0.0
base,moving_average,2018-07-30,2018-08-20,4,watches_gifts,Northeast,0.0
base,moving_average,2018-07-30,2018-07-30,1,watches_gifts,South,0.0
base,moving_average,2018-07-30,2018-08-06,2,watches_gifts,South,0.0
base,moving_average,2018-07-30,2018-08-13,3,watches_gifts,South,0.0
base,moving_average,2018-07-30,2018-08-20,4,watches_gifts,South,0.0
base,moving_average,2018-07-30,2018-07-30,1,watches_gifts,Southeast,0.0
base,moving_average,2018-07-30,2018-08-06,2,watches_gifts,Southeast,0.0
base,moving_average,2018-07-30,2018-08-13,3,watches_gifts,Southeast,0.0
base,moving_average,2018-07-30,2018-08-20,4,watches_gifts,Southeast,0.0
base,moving_average,2018-08-06,2018-08-06,1,auto,Central-West,0.0
base,moving_average,2018-08-06,2018-08-13,2,auto,Central-West,0.0
base,moving_average,2018-08-06,2018-08-20,3,auto,Central-West,0.0
base,moving_average,2018-08-06,2018-08-27,4,auto,Central-West,0.0
base,moving_average,2018-08-06,2018-08-06,1,auto,North,0.0
base,moving_average,2018-08-06,2018-08-13,2,auto,North,0.0
base,moving_average,2018-08-06,2018-08-20,3,auto,North,0.0
base,moving_average,2018-08-06,2018-08-27,4,auto,North,0.0
base,moving_average,2018-08-06,2018-08-06,1,auto,Northeast,6.0
base,moving_average,2018-08-06,2018-08-13,2,auto,Northeast,0.0
base,moving_average,2018-08-06,2018-08-20,3,auto,Northeast,0.0
base,moving_average,2018-08-06,2018-08-27,4,auto,Northeast,0.0
base,moving_average,2018-08-06,2018-08-06,1,auto,South,0.0
base,moving_average,2018-08-06,2018-08-13,2,auto,South,0.0
base,moving_average,2018-08-06,2018-08-20,3,auto,South,0.0
base,moving_average,2018-08-06,2018-08-27,4,auto,South,0.0
base,moving_average,2018-08-06,2018-08-06,1,auto,Southeast,0.0
base,moving_average,2018-08-06,2018-08-13,2,auto,Southeast,0.0
base,moving_average,2018-08-06,2018-08-20,3,auto,Southeast,0.0
base,moving_average,2018-08-06,2018-08-27,4,auto,Southeast,0.0
base,moving_average,2018-08-06,2018-08-06,1,bed_bath_table,Central-West,0.0
base,moving_average,2018-08-06,2018-08-13,2,bed_bath_table,Central-West,0.0
base,moving_average,2018-08-06,2018-08-20,3,bed_bath_table,Central-West,0.0
base,moving_average,2018-08-06,2018-08-27,4,bed_bath_table,Central-West,0.0
base,moving_average,2018-08-06,2018-08-06,1,bed_bath_table,North,0.0
base,moving_average,2018-08-06,2018-08-13,2,bed_bath_table,North,0.0
base,moving_average,2018-08-06,2018-08-20,3,bed_bath_table,North,0.0
base,moving_average,2018-08-06,2018-08-27,4,bed_bath_table,North,0.0
base,moving_average,2018-08-06,2018-08-06,1,bed_bath_table,Northeast,7.0
base,moving_average,2018-08-06,2018-08-13,2,bed_bath_table,Northeast,0.0
base,moving_average,2018-08-06,2018-08-20,3,bed_bath_table,Northeast,0.0
base,moving_average,2018-08-06,2018-08-27,4,bed_bath_table,Northeast,0.0
base,moving_average,2018-08-06,2018-08-06,1,bed_bath_table,South,0.0
base,moving_average,2018-08-06,2018-08-13,2,bed_bath_table,South,0.0
base,moving_average,2018-08-06,2018-08-20,3,bed_bath_table,South,0.0
base,moving_average,2018-08-06,2018-08-27,4,bed_bath_table,South,0.0
base,moving_average,2018-08-06,2018-08-06,1,bed_bath_table,Southeast,12.0
base,moving_average,2018-08-06,2018-08-13,2,bed_bath_table,Southeast,0.0
base,moving_average,2018-08-06,2018-08-20,3,bed_bath_table,Southeast,0.0
base,moving_average,2018-08-06,2018-08-27,4,bed_bath_table,Southeast,0.0
base,moving_average,2018-08-06,2018-08-06,1,computers_accessories,Central-West,0.0
base,moving_average,2018-08-06,2018-08-13,2,computers_accessories,Central-West,0.0
base,moving_average,2018-08-06,2018-08-20,3,computers_accessories,Central-West,0.0
base,moving_average,2018-08-06,2018-08-27,4,computers_accessories,Central-West,0.0
base,moving_average,2018-08-06,2018-08-06,1,computers_accessories,North,7.0
base,moving_average,2018-08-06,2018-08-13,2,computers_accessories,North,0.0
base,moving_average,2018-08-06,2018-08-20,3,computers_accessories,North,0.0
base,moving_average,2018-08-06,2018-08-27,4,computers_accessories,North,0.0
base,moving_average,2018-08-06,2018-08-06,1,computers_accessories,Northeast,0.0
base,moving_average,2018-08-06,2018-08-13,2,computers_accessories,Northeast,0.0
base,moving_average,2018-08-06,2018-08-20,3,computers_accessories,Northeast,0.0
base,moving_average,2018-08-06,2018-08-27,4,computers_accessories,Northeast,0.0
base,moving_average,2018-08-06,2018-08-06,1,computers_accessories,South,0.0
base,moving_average,2018-08-06,2018-08-13,2,computers_accessories,South,0.0
base,moving_average,2018-08-06,2018-08-20,3,computers_accessories,South,0.0
base,moving_average,2018-08-06,2018-08-27,4,computers_accessories,South,0.0
base,moving_average,2018-08-06,2018-08-06,1,computers_accessories,Southeast,11.0
base,moving_average,2018-08-06,2018-08-13,2,computers_accessories,Southeast,0.0
base,moving_average,2018-08-06,2018-08-20,3,computers_accessories,Southeast,0.0
base,moving_average,2018-08-06,2018-08-27,4,computers_accessories,Southeast,0.0
base,moving_average,2018-08-06,2018-08-06,1,furniture_decor,Central-West,0.0
base,moving_average,2018-08-06,2018-08-13,2,furniture_decor,Central-West,0.0
base,moving_average,2018-08-06,2018-08-20,3,furniture_decor,Central-West,0.0
base,moving_average,2018-08-06,2018-08-27,4,furniture_decor,Central-West,0.0
base,moving_average,2018-08-06,2018-08-06,1,furniture_decor,North,0.0
base,moving_average,2018-08-06,2018-08-13,2,furniture_decor,North,0.0
base,moving_average,2018-08-06,2018-08-20,3,furniture_decor,North,0.0
base,moving_average,2018-08-06,2018-08-27,4,furniture_decor,North,0.0
base,moving_average,2018-08-06,2018-08-06,1,furniture_decor,Northeast,0.0
base,moving_average,2018-08-06,2018-08-13,2,furniture_decor,Northeast,0.0
base,moving_average,2018-08-06,2018-08-20,3,furniture_decor,Northeast,0.0
base,moving_average,2018-08-06,2018-08-27,4,furniture_decor,Northeast,0.0
base,moving_average,2018-08-06,2018-08-06,1,furniture_decor,South,0.0
base,moving_average,2018-08-06,2018-08-13,2,furniture_decor,South,0.0
base,moving_average,2018-08-06,2018-08-20,3,furniture_decor,South,0.0
base,moving_average,2018-08-06,2018-08-27,4,furniture_decor,South,0.0
base,moving_average,2018-08-06,2018-08-06,1,furniture_decor,Southeast,10.0
base,moving_average,2018-08-06,2018-08-13,2,furniture_decor,Southeast,0.0
base,moving_average,2018-08-06,2018-08-20,3,furniture_decor,Southeast,0.0
base,moving_average,2018-08-06,2018-08-27,4,furniture_decor,Southeast,0.0
base,moving_average,2018-08-06,2018-08-06,1,garden_tools,Central-West,0.0
base,moving_average,2018-08-06,2018-08-13,2,garden_tools,Central-West,0.0
base,moving_average,2018-08-06,2018-08-20,3,garden_tools,Central-West,0.0
base,moving_average,2018-08-06,2018-08-27,4,garden_tools,Central-West,0.0
base,moving_average,2018-08-06,2018-08-06,1,garden_tools,North,0.0
base,moving_average,2018-08-06,2018-08-13,2,garden_tools,North,0.0
base,moving_average,2018-08-06,2018-08-20,3,garden_tools,North,0.0
base,moving_average,2018-08-06,2018-08-27,4,garden_tools,North,0.0
base,moving_average,2018-08-06,2018-08-06,1,garden_tools,Northeast,0.0
base,moving_average,2018-08-06,2018-08-13,2,garden_tools,Northeast,0.0
base,moving_average,2018-08-06,2018-08-20,3,garden_tools,Northeast,0.0
base,moving_average,2018-08-06,2018-08-27,4,garden_tools,Northeast,0.0
base,moving_average,2018-08-06,2018-08-06,1,garden_tools,South,0.0
base,moving_average,2018-08-06,2018-08-13,2,garden_tools,South,0.0
base,moving_average,2018-08-06,2018-08-20,3,garden_tools,South,0.0
base,moving_average,2018-08-06,2018-08-27,4,garden_tools,South,0.0
base,moving_average,2018-08-06,2018-08-06,1,garden_tools,Southeast,0.0
base,moving_average,2018-08-06,2018-08-13,2,garden_tools,Southeast,0.0
base,moving_average,2018-08-06,2018-08-20,3,garden_tools,Southeast,0.0
base,moving_average,2018-08-06,2018-08-27,4,garden_tools,Southeast,0.0
base,moving_average,2018-08-06,2018-08-06,1,health_beauty,Central-West,0.0
base,moving_average,2018-08-06,2018-08-13,2,health_beauty,Central-West,0.0
base,moving_average,2018-08-06,2018-08-20,3,health_beauty,Central-West,0.0
base,moving_average,2018-08-06,2018-08-27,4,health_beauty,Central-West,0.0
base,moving_average,2018-08-06,2018-08-06,1,health_beauty,North,8.0
base,moving_average,2018-08-06,2018-08-13,2,health_beauty,North,0.0
base,moving_average,2018-08-06,2018-08-20,3,health_beauty,North,0.0
base,moving_average,2018-08-06,2018-08-27,4,health_beauty,North,0.0
base,moving_average,2018-08-06,2018-08-06,1,health_beauty,Northeast,15.0
base,moving_average,2018-08-06,2018-08-13,2,health_beauty,Northeast,0.0
base,moving_average,2018-08-06,2018-08-20,3,health_beauty,Northeast,0.0
base,moving_average,2018-08-06,2018-08-27,4,health_beauty,Northeast,0.0
base,moving_average,2018-08-06,2018-08-06,1,health_beauty,South,3.0
base,moving_average,2018-08-06,2018-08-13,2,health_beauty,South,0.0
base,moving_average,2018-08-06,2018-08-20,3,health_beauty,South,0.0
base,moving_average,2018-08-06,2018-08-27,4,health_beauty,South,0.0
base,moving_average,2018-08-06,2018-08-06,1,health_beauty,Southeast,19.0
base,moving_average,2018-08-06,2018-08-13,2,health_beauty,Southeast,0.0
base,moving_average,2018-08-06,2018-08-20,3,health_beauty,Southeast,0.0
base,moving_average,2018-08-06,2018-08-27,4,health_beauty,Southeast,0.0
base,moving_average,2018-08-06,2018-08-06,1,housewares,Central-West,10.0
base,moving_average,2018-08-06,2018-08-13,2,housewares,Central-West,0.0
base,moving_average,2018-08-06,2018-08-20,3,housewares,Central-West,0.0
base,moving_average,2018-08-06,2018-08-27,4,housewares,Central-West,0.0
base,moving_average,2018-08-06,2018-08-06,1,housewares,North,3.0
base,moving_average,2018-08-06,2018-08-13,2,housewares,North,0.0
base,moving_average,2018-08-06,2018-08-20,3,housewares,North,0.0
base,moving_average,2018-08-06,2018-08-27,4,housewares,North,0.0
base,moving_average,2018-08-06,2018-08-06,1,housewares,Northeast,1.0
base,moving_average,2018-08-06,2018-08-13,2,housewares,Northeast,0.0
base,moving_average,2018-08-06,2018-08-20,3,housewares,Northeast,0.0
base,moving_average,2018-08-06,2018-08-27,4,housewares,Northeast,0.0
base,moving_average,2018-08-06,2018-08-06,1,housewares,South,3.0
base,moving_average,2018-08-06,2018-08-13,2,housewares,South,0.0
base,moving_average,2018-08-06,2018-08-20,3,housewares,South,0.0
base,moving_average,2018-08-06,2018-08-27,4,housewares,South,0.0
base,moving_average,2018-08-06,2018-08-06,1,housewares,Southeast,6.0
base,moving_average,2018-08-06,2018-08-13,2,housewares,Southeast,0.0
base,moving_average,2018-08-06,2018-08-20,3,housewares,Southeast,0.0
base,moving_average,2018-08-06,2018-08-27,4,housewares,Southeast,0.0
base,moving_average,2018-08-06,2018-08-06,1,sports_leisure,Central-West,0.0
base,moving_average,2018-08-06,2018-08-13,2,sports_leisure,Central-West,0.0
base,moving_average,2018-08-06,2018-08-20,3,sports_leisure,Central-West,0.0
base,moving_average,2018-08-06,2018-08-27,4,sports_leisure,Central-West,0.0
base,moving_average,2018-08-06,2018-08-06,1,sports_leisure,North,6.0
base,moving_average,2018-08-06,2018-08-13,2,sports_leisure,North,0.0
base,moving_average,2018-08-06,2018-08-20,3,sports_leisure,North,0.0
base,moving_average,2018-08-06,2018-08-27,4,sports_leisure,North,0.0
base,moving_average,2018-08-06,2018-08-06,1,sports_leisure,Northeast,0.0
base,moving_average,2018-08-06,2018-08-13,2,sports_leisure,Northeast,0.0
base,moving_average,2018-08-06,2018-08-20,3,sports_leisure,Northeast,0.0
base,moving_average,2018-08-06,2018-08-27,4,sports_leisure,Northeast,0.0
base,moving_average,2018-08-06,2018-08-06,1,sports_leisure,South,0.0
base,moving_average,2018-08-06,2018-08-13,2,sports_leisure,South,0.0
base,moving_average,2018-08-06,2018-08-20,3,sports_leisure,South,0.0
base,moving_average,2018-08-06,2018-08-27,4,sports_leisure,South,0.0
base,moving_average,2018-08-06,2018-08-06,1,sports_leisure,Southeast,7.0
base,moving_average,2018-08-06,2018-08-13,2,sports_leisure,Southeast,0.0
base,moving_average,2018-08-06,2018-08-20,3,sports_leisure,Southeast,0.0
base,moving_average,2018-08-06,2018-08-27,4,sports_leisure,Southeast,0.0
base,moving_average,2018-08-06,2018-08-06,1,telephony,Central-West,0.0
base,moving_average,2018-08-06,2018-08-13,2,telephony,Central-West,0.0
base,moving_average,2018-08-06,2018-08-20,3,telephony,Central-West,0.0
base,moving_average,2018-08-06,2018-08-27,4,telephony,Central-West,0.0
base,moving_average,2018-08-06,2018-08-06,1,telephony,North,0.0
base,moving_average,2018-08-06,2018-08-13,2,telephony,North,0.0
base,moving_average,2018-08-06,2018-08-20,3,telephony,North,0.0
base,moving_average,2018-08-06,2018-08-27,4,telephony,North,0.0
base,moving_average,2018-08-06,2018-08-06,1,telephony,Northeast,3.0
base,moving_average,2018-08-06,2018-08-13,2,telephony,Northeast,0.0
base,moving_average,2018-08-06,2018-08-20,3,telephony,Northeast,0.0
base,moving_average,2018-08-06,2018-08-27,4,telephony,Northeast,0.0
base,moving_average,2018-08-06,2018-08-06,1,telephony,South,6.0
base,moving_average,2018-08-06,2018-08-13,2,telephony,South,0.0
base,moving_average,2018-08-06,2018-08-20,3,telephony,South,0.0
base,moving_average,2018-08-06,2018-08-27,4,telephony,South,0.0
base,moving_average,2018-08-06,2018-08-06,1,telephony,Southeast,7.0
base,moving_average,2018-08-06,2018-08-13,2,telephony,Southeast,0.0
base,moving_average,2018-08-06,2018-08-20,3,telephony,Southeast,0.0
base,moving_average,2018-08-06,2018-08-27,4,telephony,Southeast,0.0
base,moving_average,2018-08-06,2018-08-06,1,watches_gifts,Central-West,0.0
base,moving_average,2018-08-06,2018-08-13,2,watches_gifts,Central-West,0.0
base,moving_average,2018-08-06,2018-08-20,3,watches_gifts,Central-West,0.0
base,moving_average,2018-08-06,2018-08-27,4,watches_gifts,Central-West,0.0
base,moving_average,2018-08-06,2018-08-06,1,watches_gifts,North,5.0
base,moving_average,2018-08-06,2018-08-13,2,watches_gifts,North,0.0
base,moving_average,2018-08-06,2018-08-20,3,watches_gifts,North,0.0
base,moving_average,2018-08-06,2018-08-27,4,watches_gifts,North,0.0
base,moving_average,2018-08-06,2018-08-06,1,watches_gifts,Northeast,0.0
base,moving_average,2018-08-06,2018-08-13,2,watches_gifts,Northeast,0.0
base,moving_average,2018-08-06,2018-08-20,3,watches_gifts,Northeast,0.0
base,moving_average,2018-08-06,2018-08-27,4,watches_gifts,Northeast,0.0
base,moving_average,2018-08-06,2018-08-06,1,watches_gifts,South,6.0
base,moving_average,2018-08-06,2018-08-13,2,watches_gifts,South,0.0
base,moving_average,2018-08-06,2018-08-20,3,watches_gifts,South,0.0
base,moving_average,2018-08-06,2018-08-27,4,watches_gifts,South,0.0
base,moving_average,2018-08-06,2018-08-06,1,watches_gifts,Southeast,19.0
base,moving_average,2018-08-06,2018-08-13,2,watches_gifts,Southeast,0.0
base,moving_average,2018-08-06,2018-08-20,3,watches_gifts,Southeast,0.0
base,moving_average,2018-08-06,2018-08-27,4,watches_gifts,Southeast,0.0
base,moving_average,2018-08-13,2018-08-13,1,auto,Central-West,0.0
base,moving_average,2018-08-13,2018-08-20,2,auto,Central-West,0.0
base,moving_average,2018-08-13,2018-08-27,3,auto,Central-West,0.0
base,moving_average,2018-08-13,2018-09-03,4,auto,Central-West,0.0
base,moving_average,2018-08-13,2018-08-13,1,auto,North,0.0
base,moving_average,2018-08-13,2018-08-20,2,auto,North,0.0
base,moving_average,2018-08-13,2018-08-27,3,auto,North,0.0
base,moving_average,2018-08-13,2018-09-03,4,auto,North,0.0
base,moving_average,2018-08-13,2018-08-13,1,auto,Northeast,11.0
base,moving_average,2018-08-13,2018-08-20,2,auto,Northeast,0.0
base,moving_average,2018-08-13,2018-08-27,3,auto,Northeast,0.0
base,moving_average,2018-08-13,2018-09-03,4,auto,Northeast,0.0
base,moving_average,2018-08-13,2018-08-13,1,auto,South,4.0
base,moving_average,2018-08-13,2018-08-20,2,auto,South,0.0
base,moving_average,2018-08-13,2018-08-27,3,auto,South,0.0
base,moving_average,2018-08-13,2018-09-03,4,auto,South,0.0
base,moving_average,2018-08-13,2018-08-13,1,auto,Southeast,0.0
base,moving_average,2018-08-13,2018-08-20,2,auto,Southeast,0.0
base,moving_average,2018-08-13,2018-08-27,3,auto,Southeast,0.0
base,moving_average,2018-08-13,2018-09-03,4,auto,Southeast,0.0
base,moving_average,2018-08-13,2018-08-13,1,bed_bath_table,Central-West,0.0
base,moving_average,2018-08-13,2018-08-20,2,bed_bath_table,Central-West,0.0
base,moving_average,2018-08-13,2018-08-27,3,bed_bath_table,Central-West,0.0
base,moving_average,2018-08-13,2018-09-03,4,bed_bath_table,Central-West,0.0
base,moving_average,2018-08-13,2018-08-13,1,bed_bath_table,North,0.0
base,moving_average,2018-08-13,2018-08-20,2,bed_bath_table,North,0.0
base,moving_average,2018-08-13,2018-08-27,3,bed_bath_table,North,0.0
base,moving_average,2018-08-13,2018-09-03,4,bed_bath_table,North,0.0
base,moving_average,2018-08-13,2018-08-13,1,bed_bath_table,Northeast,0.0
base,moving_average,2018-08-13,2018-08-20,2,bed_bath_table,Northeast,0.0
base,moving_average,2018-08-13,2018-08-27,3,bed_bath_table,Northeast,0.0
base,moving_average,2018-08-13,2018-09-03,4,bed_bath_table,Northeast,0.0
base,moving_average,2018-08-13,2018-08-13,1,bed_bath_table,South,0.0
base,moving_average,2018-08-13,2018-08-20,2,bed_bath_table,South,0.0
base,moving_average,2018-08-13,2018-08-27,3,bed_bath_table,South,0.0
base,moving_average,2018-08-13,2018-09-03,4,bed_bath_table,South,0.0
base,moving_average,2018-08-13,2018-08-13,1,bed_bath_table,Southeast,12.0
base,moving_average,2018-08-13,2018-08-20,2,bed_bath_table,Southeast,0.0
base,moving_average,2018-08-13,2018-08-27,3,bed_bath_table,Southeast,0.0
base,moving_average,2018-08-13,2018-09-03,4,bed_bath_table,Southeast,0.0
base,moving_average,2018-08-13,2018-08-13,1,computers_accessories,Central-West,0.0
base,moving_average,2018-08-13,2018-08-20,2,computers_accessories,Central-West,0.0
base,moving_average,2018-08-13,2018-08-27,3,computers_accessories,Central-West,0.0
base,moving_average,2018-08-13,2018-09-03,4,computers_accessories,Central-West,0.0
base,moving_average,2018-08-13,2018-08-13,1,computers_accessories,North,0.0
base,moving_average,2018-08-13,2018-08-20,2,computers_accessories,North,0.0
base,moving_average,2018-08-13,2018-08-27,3,computers_accessories,North,0.0
base,moving_average,2018-08-13,2018-09-03,4,computers_accessories,North,0.0
base,moving_average,2018-08-13,2018-08-13,1,computers_accessories,Northeast,0.0
base,moving_average,2018-08-13,2018-08-20,2,computers_accessories,Northeast,0.0
base,moving_average,2018-08-13,2018-08-27,3,computers_accessories,Northeast,0.0
base,moving_average,2018-08-13,2018-09-03,4,computers_accessories,Northeast,0.0
base,moving_average,2018-08-13,2018-08-13,1,computers_accessories,South,1.0
base,moving_average,2018-08-13,2018-08-20,2,computers_accessories,South,0.0
base,moving_average,2018-08-13,2018-08-27,3,computers_accessories,South,0.0
base,moving_average,2018-08-13,2018-09-03,4,computers_accessories,South,0.0
base,moving_average,2018-08-13,2018-08-13,1,computers_accessories,Southeast,3.0
base,moving_average,2018-08-13,2018-08-20,2,computers_accessories,Southeast,0.0
base,moving_average,2018-08-13,2018-08-27,3,computers_accessories,Southeast,0.0
base,moving_average,2018-08-13,2018-09-03,4,computers_accessories,Southeast,0.0
base,moving_average,2018-08-13,2018-08-13,1,furniture_decor,Central-West,0.0
base,moving_average,2018-08-13,2018-08-20,2,furniture_decor,Central-West,0.0
base,moving_average,2018-08-13,2018-08-27,3,furniture_decor,Central-West,0.0
base,moving_average,2018-08-13,2018-09-03,4,furniture_decor,Central-West,0.0
base,moving_average,2018-08-13,2018-08-13,1,furniture_decor,North,4.0
base,moving_average,2018-08-13,2018-08-20,2,furniture_decor,North,0.0
base,moving_average,2018-08-13,2018-08-27,3,furniture_decor,North,0.0
base,moving_average,2018-08-13,2018-09-03,4,furniture_decor,North,0.0
base,moving_average,2018-08-13,2018-08-13,1,furniture_decor,Northeast,0.0
base,moving_average,2018-08-13,2018-08-20,2,furniture_decor,Northeast,0.0
base,moving_average,2018-08-13,2018-08-27,3,furniture_decor,Northeast,0.0
base,moving_average,2018-08-13,2018-09-03,4,furniture_decor,Northeast,0.0
base,moving_average,2018-08-13,2018-08-13,1,furniture_decor,South,7.0
base,moving_average,2018-08-13,2018-08-20,2,furniture_decor,South,0.0
base,moving_average,2018-08-13,2018-08-27,3,furniture_decor,South,0.0
base,moving_average,2018-08-13,2018-09-03,4,furniture_decor,South,0.0
base,moving_average,2018-08-13,2018-08-13,1,furniture_decor,Southeast,2.0
base,moving_average,2018-08-13,2018-08-20,2,furniture_decor,Southeast,0.0
base,moving_average,2018-08-13,2018-08-27,3,furniture_decor,Southeast,0.0
base,moving_average,2018-08-13,2018-09-03,4,furniture_decor,Southeast,0.0
base,moving_average,2018-08-13,2018-08-13,1,garden_tools,Central-West,0.0
base,moving_average,2018-08-13,2018-08-20,2,garden_tools,Central-West,0.0
base,moving_average,2018-08-13,2018-08-27,3,garden_tools,Central-West,0.0
base,moving_average,2018-08-13,2018-09-03,4,garden_tools,Central-West,0.0
base,moving_average,2018-08-13,2018-08-13,1,garden_tools,North,0.0
base,moving_average,2018-08-13,2018-08-20,2,garden_tools,North,0.0
base,moving_average,2018-08-13,2018-08-27,3,garden_tools,North,0.0
base,moving_average,2018-08-13,2018-09-03,4,garden_tools,North,0.0
base,moving_average,2018-08-13,2018-08-13,1,garden_tools,Northeast,0.0
base,moving_average,2018-08-13,2018-08-20,2,garden_tools,Northeast,0.0
base,moving_average,2018-08-13,2018-08-27,3,garden_tools,Northeast,0.0
base,moving_average,2018-08-13,2018-09-03,4,garden_tools,Northeast,0.0
base,moving_average,2018-08-13,2018-08-13,1,garden_tools,South,0.0
base,moving_average,2018-08-13,2018-08-20,2,garden_tools,South,0.0
base,moving_average,2018-08-13,2018-08-27,3,garden_tools,South,0.0
base,moving_average,2018-08-13,2018-09-03,4,garden_tools,South,0.0
base,moving_average,2018-08-13,2018-08-13,1,garden_tools,Southeast,1.0
base,moving_average,2018-08-13,2018-08-20,2,garden_tools,Southeast,0.0
base,moving_average,2018-08-13,2018-08-27,3,garden_tools,Southeast,0.0
base,moving_average,2018-08-13,2018-09-03,4,garden_tools,Southeast,0.0
base,moving_average,2018-08-13,2018-08-13,1,health_beauty,Central-West,10.0
base,moving_average,2018-08-13,2018-08-20,2,health_beauty,Central-West,0.0
base,moving_average,2018-08-13,2018-08-27,3,health_beauty,Central-West,0.0
base,moving_average,2018-08-13,2018-09-03,4,health_beauty,Central-West,0.0
base,moving_average,2018-08-13,2018-08-13,1,health_beauty,North,1.0
base,moving_average,2018-08-13,2018-08-20,2,health_beauty,North,0.0
base,moving_average,2018-08-13,2018-08-27,3,health_beauty,North,0.0
base,moving_average,2018-08-13,2018-09-03,4,health_beauty,North,0.0
base,moving_average,2018-08-13,2018-08-13,1,health_beauty,Northeast,3.0
base,moving_average,2018-08-13,2018-08-20,2,health_beauty,Northeast,0.0
base,moving_average,2018-08-13,2018-08-27,3,health_beauty,Northeast,0.0
base,moving_average,2018-08-13,2018-09-03,4,health_beauty,Northeast,0.0
base,moving_average,2018-08-13,2018-08-13,1,health_beauty,South,2.0
base,moving_average,2018-08-13,2018-08-20,2,health_beauty,South,0.0
base,moving_average,2018-08-13,2018-08-27,3,health_beauty,South,0.0
base,moving_average,2018-08-13,2018-09-03,4,health_beauty,South,0.0
base,moving_average,2018-08-13,2018-08-13,1,health_beauty,Southeast,0.0
base,moving_average,2018-08-13,2018-08-20,2,health_beauty,Southeast,0.0
base,moving_average,2018-08-13,2018-08-27,3,health_beauty,Southeast,0.0
base,moving_average,2018-08-13,2018-09-03,4,health_beauty,Southeast,0.0
base,moving_average,2018-08-13,2018-08-13,1,housewares,Central-West,0.0
base,moving_average,2018-08-13,2018-08-20,2,housewares,Central-West,0.0
base,moving_average,2018-08-13,2018-08-27,3,housewares,Central-West,0.0
base,moving_average,2018-08-13,2018-09-03,4,housewares,Central-West,0.0
base,moving_average,2018-08-13,2018-08-13,1,housewares,North,0.0
base,moving_average,2018-08-13,2018-08-20,2,housewares,North,0.0
base,moving_average,2018-08-13,2018-08-27,3,housewares,North,0.0
base,moving_average,2018-08-13,2018-09-03,4,housewares,North,0.0
base,moving_average,2018-08-13,2018-08-13,1,housewares,Northeast,0.0
base,moving_average,2018-08-13,2018-08-20,2,housewares,Northeast,0.0
base,moving_average,2018-08-13,2018-08-27,3,housewares,Northeast,0.0
base,moving_average,2018-08-13,2018-09-03,4,housewares,Northeast,0.0
base,moving_average,2018-08-13,2018-08-13,1,housewares,South,6.0
base,moving_average,2018-08-13,2018-08-20,2,housewares,South,0.0
base,moving_average,2018-08-13,2018-08-27,3,housewares,South,0.0
base,moving_average,2018-08-13,2018-09-03,4,housewares,South,0.0
base,moving_average,2018-08-13,2018-08-13,1,housewares,Southeast,5.0
base,moving_average,2018-08-13,2018-08-20,2,housewares,Southeast,0.0
base,moving_average,2018-08-13,2018-08-27,3,housewares,Southeast,0.0
base,moving_average,2018-08-13,2018-09-03,4,housewares,Southeast,0.0
base,moving_average,2018-08-13,2018-08-13,1,sports_leisure,Central-West,0.0
base,moving_average,2018-08-13,2018-08-20,2,sports_leisure,Central-West,0.0
base,moving_average,2018-08-13,2018-08-27,3,sports_leisure,Central-West,0.0
base,moving_average,2018-08-13,2018-09-03,4,sports_leisure,Central-West,0.0
base,moving_average,2018-08-13,2018-08-13,1,sports_leisure,North,0.0
base,moving_average,2018-08-13,2018-08-20,2,sports_leisure,North,0.0
base,moving_average,2018-08-13,2018-08-27,3,sports_leisure,North,0.0
base,moving_average,2018-08-13,2018-09-03,4,sports_leisure,North,0.0
base,moving_average,2018-08-13,2018-08-13,1,sports_leisure,Northeast,0.0
base,moving_average,2018-08-13,2018-08-20,2,sports_leisure,Northeast,0.0
base,moving_average,2018-08-13,2018-08-27,3,sports_leisure,Northeast,0.0
base,moving_average,2018-08-13,2018-09-03,4,sports_leisure,Northeast,0.0
base,moving_average,2018-08-13,2018-08-13,1,sports_leisure,South,3.0
base,moving_average,2018-08-13,2018-08-20,2,sports_leisure,South,0.0
base,moving_average,2018-08-13,2018-08-27,3,sports_leisure,South,0.0
base,moving_average,2018-08-13,2018-09-03,4,sports_leisure,South,0.0
base,moving_average,2018-08-13,2018-08-13,1,sports_leisure,Southeast,0.0
base,moving_average,2018-08-13,2018-08-20,2,sports_leisure,Southeast,0.0
base,moving_average,2018-08-13,2018-08-27,3,sports_leisure,Southeast,0.0
base,moving_average,2018-08-13,2018-09-03,4,sports_leisure,Southeast,0.0
base,moving_average,2018-08-13,2018-08-13,1,telephony,Central-West,0.0
base,moving_average,2018-08-13,2018-08-20,2,telephony,Central-West,0.0
base,moving_average,2018-08-13,2018-08-27,3,telephony,Central-West,0.0
base,moving_average,2018-08-13,2018-09-03,4,telephony,Central-West,0.0
base,moving_average,2018-08-13,2018-08-13,1,telephony,North,0.0
base,moving_average,2018-08-13,2018-08-20,2,telephony,North,0.0
base,moving_average,2018-08-13,2018-08-27,3,telephony,North,0.0
base,moving_average,2018-08-13,2018-09-03,4,telephony,North,0.0
base,moving_average,2018-08-13,2018-08-13,1,telephony,Northeast,0.0
base,moving_average,2018-08-13,2018-08-20,2,telephony,Northeast,0.0
base,moving_average,2018-08-13,2018-08-27,3,telephony,Northeast,0.0
base,moving_average,2018-08-13,2018-09-03,4,telephony,Northeast,0.0
base,moving_average,2018-08-13,2018-08-13,1,telephony,South,0.0
base,moving_average,2018-08-13,2018-08-20,2,telephony,South,0.0
base,moving_average,2018-08-13,2018-08-27,3,telephony,South,0.0
base,moving_average,2018-08-13,2018-09-03,4,telephony,South,0.0
base,moving_average,2018-08-13,2018-08-13,1,telephony,Southeast,14.0
base,moving_average,2018-08-13,2018-08-20,2,telephony,Southeast,0.0
base,moving_average,2018-08-13,2018-08-27,3,telephony,Southeast,0.0
base,moving_average,2018-08-13,2018-09-03,4,telephony,Southeast,0.0
base,moving_average,2018-08-13,2018-08-13,1,watches_gifts,Central-West,0.0
base,moving_average,2018-08-13,2018-08-20,2,watches_gifts,Central-West,0.0
base,moving_average,2018-08-13,2018-08-27,3,watches_gifts,Central-West,0.0
base,moving_average,2018-08-13,2018-09-03,4,watches_gifts,Central-West,0.0
base,moving_average,2018-08-13,2018-08-13,1,watches_gifts,North,0.0
base,moving_average,2018-08-13,2018-08-20,2,watches_gifts,North,0.0
base,moving_average,2018-08-13,2018-08-27,3,watches_gifts,North,0.0
base,moving_average,2018-08-13,2018-09-03,4,watches_gifts,North,0.0
base,moving_average,2018-08-13,2018-08-13,1,watches_gifts,Northeast,0.0
base,moving_average,2018-08-13,2018-08-20,2,watches_gifts,Northeast,0.0
base,moving_average,2018-08-13,2018-08-27,3,watches_gifts,Northeast,0.0
base,moving_average,2018-08-13,2018-09-03,4,watches_gifts,Northeast,0.0
base,moving_average,2018-08-13,2018-08-13,1,watches_gifts,South,0.0
base,moving_average,2018-08-13,2018-08-20,2,watches_gifts,South,0.0
base,moving_average,2018-08-13,2018-08-27,3,watches_gifts,South,0.0
base,moving_average,2018-08-13,2018-09-03,4,watches_gifts,South,0.0
base,moving_average,2018-08-13,2018-08-13,1,watches_gifts,Southeast,0.0
base,moving_average,2018-08-13,2018-08-20,2,watches_gifts,Southeast,0.0
base,moving_average,2018-08-13,2018-08-27,3,watches_gifts,Southeast,0.0
base,moving_average,2018-08-13,2018-09-03,4,watches_gifts,Southeast,0.0
base,moving_average,2018-08-20,2018-08-20,1,auto,Central-West,0.0
base,moving_average,2018-08-20,2018-08-27,2,auto,Central-West,0.0
base,moving_average,2018-08-20,2018-09-03,3,auto,Central-West,0.0
base,moving_average,2018-08-20,2018-09-10,4,auto,Central-West,0.0
base,moving_average,2018-08-20,2018-08-20,1,auto,North,0.0
base,moving_average,2018-08-20,2018-08-27,2,auto,North,0.0
base,moving_average,2018-08-20,2018-09-03,3,auto,North,0.0
base,moving_average,2018-08-20,2018-09-10,4,auto,North,0.0
base,moving_average,2018-08-20,2018-08-20,1,auto,Northeast,0.0
base,moving_average,2018-08-20,2018-08-27,2,auto,Northeast,0.0
base,moving_average,2018-08-20,2018-09-03,3,auto,Northeast,0.0
base,moving_average,2018-08-20,2018-09-10,4,auto,Northeast,0.0
base,moving_average,2018-08-20,2018-08-20,1,auto,South,0.0
base,moving_average,2018-08-20,2018-08-27,2,auto,South,0.0
base,moving_average,2018-08-20,2018-09-03,3,auto,South,0.0
base,moving_average,2018-08-20,2018-09-10,4,auto,South,0.0
base,moving_average,2018-08-20,2018-08-20,1,auto,Southeast,0.0
base,moving_average,2018-08-20,2018-08-27,2,auto,Southeast,0.0
base,moving_average,2018-08-20,2018-09-03,3,auto,Southeast,0.0
base,moving_average,2018-08-20,2018-09-10,4,auto,Southeast,0.0
base,moving_average,2018-08-20,2018-08-20,1,bed_bath_table,Central-West,0.0
base,moving_average,2018-08-20,2018-08-27,2,bed_bath_table,Central-West,0.0
base,moving_average,2018-08-20,2018-09-03,3,bed_bath_table,Central-West,0.0
base,moving_average,2018-08-20,2018-09-10,4,bed_bath_table,Central-West,0.0
base,moving_average,2018-08-20,2018-08-20,1,bed_bath_table,North,0.0
base,moving_average,2018-08-20,2018-08-27,2,bed_bath_table,North,0.0
base,moving_average,2018-08-20,2018-09-03,3,bed_bath_table,North,0.0
base,moving_average,2018-08-20,2018-09-10,4,bed_bath_table,North,0.0
base,moving_average,2018-08-20,2018-08-20,1,bed_bath_table,Northeast,7.0
base,moving_average,2018-08-20,2018-08-27,2,bed_bath_table,Northeast,0.0
base,moving_average,2018-08-20,2018-09-03,3,bed_bath_table,Northeast,0.0
base,moving_average,2018-08-20,2018-09-10,4,bed_bath_table,Northeast,0.0
base,moving_average,2018-08-20,2018-08-20,1,bed_bath_table,South,0.0
base,moving_average,2018-08-20,2018-08-27,2,bed_bath_table,South,0.0
base,moving_average,2018-08-20,2018-09-03,3,bed_bath_table,South,0.0
base,moving_average,2018-08-20,2018-09-10,4,bed_bath_table,South,0.0
base,moving_average,2018-08-20,2018-08-20,1,bed_bath_table,Southeast,0.0
base,moving_average,2018-08-20,2018-08-27,2,bed_bath_table,Southeast,0.0
base,moving_average,2018-08-20,2018-09-03,3,bed_bath_table,Southeast,0.0
base,moving_average,2018-08-20,2018-09-10,4,bed_bath_table,Southeast,0.0
base,moving_average,2018-08-20,2018-08-20,1,computers_accessories,Central-West,0.0
base,moving_average,2018-08-20,2018-08-27,2,computers_accessories,Central-West,0.0
base,moving_average,2018-08-20,2018-09-03,3,computers_accessories,Central-West,0.0
base,moving_average,2018-08-20,2018-09-10,4,computers_accessories,Central-West,0.0
base,moving_average,2018-08-20,2018-08-20,1,computers_accessories,North,0.0
base,moving_average,2018-08-20,2018-08-27,2,computers_accessories,North,0.0
base,moving_average,2018-08-20,2018-09-03,3,computers_accessories,North,0.0
base,moving_average,2018-08-20,2018-09-10,4,computers_accessories,North,0.0
base,moving_average,2018-08-20,2018-08-20,1,computers_accessories,Northeast,0.0
base,moving_average,2018-08-20,2018-08-27,2,computers_accessories,Northeast,0.0
base,moving_average,2018-08-20,2018-09-03,3,computers_accessories,Northeast,0.0
base,moving_average,2018-08-20,2018-09-10,4,computers_accessories,Northeast,0.0
base,moving_average,2018-08-20,2018-08-20,1,computers_accessories,South,0.0
base,moving_average,2018-08-20,2018-08-27,2,computers_accessories,South,0.0
base,moving_average,2018-08-20,2018-09-03,3,computers_accessories,South,0.0
base,moving_average,2018-08-20,2018-09-10,4,computers_accessories,South,0.0
base,moving_average,2018-08-20,2018-08-20,1,computers_accessories,Southeast,0.0
base,moving_average,2018-08-20,2018-08-27,2,computers_accessories,Southeast,0.0
base,moving_average,2018-08-20,2018-09-03,3,computers_accessories,Southeast,0.0
base,moving_average,2018-08-20,2018-09-10,4,computers_accessories,Southeast,0.0
base,moving_average,2018-08-20,2018-08-20,1,furniture_decor,Central-West,0.0
base,moving_average,2018-08-20,2018-08-27,2,furniture_decor,Central-West,0.0
base,moving_average,2018-08-20,2018-09-03,3,furniture_decor,Central-West,0.0
base,moving_average,2018-08-20,2018-09-10,4,furniture_decor,Central-West,0.0
base,moving_average,2018-08-20,2018-08-20,1,furniture_decor,North,0.0
base,moving_average,2018-08-20,2018-08-27,2,furniture_decor,North,0.0
base,moving_average,2018-08-20,2018-09-03,3,furniture_decor,North,0.0
base,moving_average,2018-08-20,2018-09-10,4,furniture_decor,North,0.0
base,moving_average,2018-08-20,2018-08-20,1,furniture_decor,Northeast,0.0
base,moving_average,2018-08-20,2018-08-27,2,furniture_decor,Northeast,0.0
base,moving_average,2018-08-20,2018-09-03,3,furniture_decor,Northeast,0.0
base,moving_average,2018-08-20,2018-09-10,4,furniture_decor,Northeast,0.0
base,moving_average,2018-08-20,2018-08-20,1,furniture_decor,South,0.0
base,moving_average,2018-08-20,2018-08-27,2,furniture_decor,South,0.0
base,moving_average,2018-08-20,2018-09-03,3,furniture_decor,South,0.0
base,moving_average,2018-08-20,2018-09-10,4,furniture_decor,South,0.0
base,moving_average,2018-08-20,2018-08-20,1,furniture_decor,Southeast,0.0
base,moving_average,2018-08-20,2018-08-27,2,furniture_decor,Southeast,0.0
base,moving_average,2018-08-20,2018-09-03,3,furniture_decor,Southeast,0.0
base,moving_average,2018-08-20,2018-09-10,4,furniture_decor,Southeast,0.0
base,moving_average,2018-08-20,2018-08-20,1,garden_tools,Central-West,0.0
base,moving_average,2018-08-20,2018-08-27,2,garden_tools,Central-West,0.0
base,moving_average,2018-08-20,2018-09-03,3,garden_tools,Central-West,0.0
base,moving_average,2018-08-20,2018-09-10,4,garden_tools,Central-West,0.0
base,moving_average,2018-08-20,2018-08-20,1,garden_tools,North,0.0
base,moving_average,2018-08-20,2018-08-27,2,garden_tools,North,0.0
base,moving_average,2018-08-20,2018-09-03,3,garden_tools,North,0.0
base,moving_average,2018-08-20,2018-09-10,4,garden_tools,North,0.0
base,moving_average,2018-08-20,2018-08-20,1,garden_tools,Northeast,0.0
base,moving_average,2018-08-20,2018-08-27,2,garden_tools,Northeast,0.0
base,moving_average,2018-08-20,2018-09-03,3,garden_tools,Northeast,0.0
base,moving_average,2018-08-20,2018-09-10,4,garden_tools,Northeast,0.0
base,moving_average,2018-08-20,2018-08-20,1,garden_tools,South,0.0
base,moving_average,2018-08-20,2018-08-27,2,garden_tools,South,0.0
base,moving_average,2018-08-20,2018-09-03,3,garden_tools,South,0.0
base,moving_average,2018-08-20,2018-09-10,4,garden_tools,South,0.0
base,moving_average,2018-08-20,2018-08-20,1,garden_tools,Southeast,0.0
base,moving_average,2018-08-20,2018-08-27,2,garden_tools,Southeast,0.0
base,moving_average,2018-08-20,2018-09-03,3,garden_tools,Southeast,0.0
base,moving_average,2018-08-20,2018-09-10,4,garden_tools,Southeast,0.0
base,moving_average,2018-08-20,2018-08-20,1,health_beauty,Central-West,0.0
base,moving_average,2018-08-20,2018-08-27,2,health_beauty,Central-West,0.0
base,moving_average,2018-08-20,2018-09-03,3,health_beauty,Central-West,0.0
base,moving_average,2018-08-20,2018-09-10,4,health_beauty,Central-West,0.0
base,moving_average,2018-08-20,2018-08-20,1,health_beauty,North,0.0
base,moving_average,2018-08-20,2018-08-27,2,health_beauty,North,0.0
base,moving_average,2018-08-20,2018-09-03,3,health_beauty,North,0.0
base,moving_average,2018-08-20,2018-09-10,4,health_beauty,North,0.0
base,moving_average,2018-08-20,2018-08-20,1,health_beauty,Northeast,2.0
base,moving_average,2018-08-20,2018-08-27,2,health_beauty,Northeast,0.0
base,moving_average,2018-08-20,2018-09-03,3,health_beauty,Northeast,0.0
base,moving_average,2018-08-20,2018-09-10,4,health_beauty,Northeast,0.0
base,moving_average,2018-08-20,2018-08-20,1,health_beauty,South,0.0
base,moving_average,2018-08-20,2018-08-27,2,health_beauty,South,0.0
base,moving_average,2018-08-20,2018-09-03,3,health_beauty,South,0.0
base,moving_average,2018-08-20,2018-09-10,4,health_beauty,South,0.0
base,moving_average,2018-08-20,2018-08-20,1,health_beauty,Southeast,0.0
base,moving_average,2018-08-20,2018-08-27,2,health_beauty,Southeast,0.0
base,moving_average,2018-08-20,2018-09-03,3,health_beauty,Southeast,0.0
base,moving_average,2018-08-20,2018-09-10,4,health_beauty,Southeast,0.0
base,moving_average,2018-08-20,2018-08-20,1,housewares,Central-West,0.0
base,moving_average,2018-08-20,2018-08-27,2,housewares,Central-West,0.0
base,moving_average,2018-08-20,2018-09-03,3,housewares,Central-West,0.0
base,moving_average,2018-08-20,2018-09-10,4,housewares,Central-West,0.0
base,moving_average,2018-08-20,2018-08-20,1,housewares,North,1.0
base,moving_average,2018-08-20,2018-08-27,2,housewares,North,0.0
base,moving_average,2018-08-20,2018-09-03,3,housewares,North,0.0
base,moving_average,2018-08-20,2018-09-10,4,housewares,North,0.0
base,moving_average,2018-08-20,2018-08-20,1,housewares,Northeast,1.0
base,moving_average,2018-08-20,2018-08-27,2,housewares,Northeast,0.0
base,moving_average,2018-08-20,2018-09-03,3,housewares,Northeast,0.0
base,moving_average,2018-08-20,2018-09-10,4,housewares,Northeast,0.0
base,moving_average,2018-08-20,2018-08-20,1,housewares,South,4.0
base,moving_average,2018-08-20,2018-08-27,2,housewares,South,0.0
base,moving_average,2018-08-20,2018-09-03,3,housewares,South,0.0
base,moving_average,2018-08-20,2018-09-10,4,housewares,South,0.0
base,moving_average,2018-08-20,2018-08-20,1,housewares,Southeast,0.0
base,moving_average,2018-08-20,2018-08-27,2,housewares,Southeast,0.0
base,moving_average,2018-08-20,2018-09-03,3,housewares,Southeast,0.0
base,moving_average,2018-08-20,2018-09-10,4,housewares,Southeast,0.0
base,moving_average,2018-08-20,2018-08-20,1,sports_leisure,Central-West,0.0
base,moving_average,2018-08-20,2018-08-27,2,sports_leisure,Central-West,0.0
base,moving_average,2018-08-20,2018-09-03,3,sports_leisure,Central-West,0.0
base,moving_average,2018-08-20,2018-09-10,4,sports_leisure,Central-West,0.0
base,moving_average,2018-08-20,2018-08-20,1,sports_leisure,North,3.0
base,moving_average,2018-08-20,2018-08-27,2,sports_leisure,North,0.0
base,moving_average,2018-08-20,2018-09-03,3,sports_leisure,North,0.0
base,moving_average,2018-08-20,2018-09-10,4,sports_leisure,North,0.0
base,moving_average,2018-08-20,2018-08-20,1,sports_leisure,Northeast,4.0
base,moving_average,2018-08-20,2018-08-27,2,sports_leisure,Northeast,0.0
base,moving_average,2018-08-20,2018-09-03,3,sports_leisure,Northeast,0.0
base,moving_average,2018-08-20,2018-09-10,4,sports_leisure,Northeast,0.0
base,moving_average,2018-08-20,2018-08-20,1,sports_leisure,South,0.0
base,moving_average,2018-08-20,2018-08-27,2,sports_leisure,South,0.0
base,moving_average,2018-08-20,2018-09-03,3,sports_leisure,South,0.0
base,moving_average,2018-08-20,2018-09-10,4,sports_leisure,South,0.0
base,moving_average,2018-08-20,2018-08-20,1,sports_leisure,Southeast,0.0
base,moving_average,2018-08-20,2018-08-27,2,sports_leisure,Southeast,0.0
base,moving_average,2018-08-20,2018-09-03,3,sports_leisure,Southeast,0.0
base,moving_average,2018-08-20,2018-09-10,4,sports_leisure,Southeast,0.0
base,moving_average,2018-08-20,2018-08-20,1,telephony,Central-West,0.0
base,moving_average,2018-08-20,2018-08-27,2,telephony,Central-West,0.0
base,moving_average,2018-08-20,2018-09-03,3,telephony,Central-West,0.0
base,moving_average,2018-08-20,2018-09-10,4,telephony,Central-West,0.0
base,moving_average,2018-08-20,2018-08-20,1,telephony,North,0.0
base,moving_average,2018-08-20,2018-08-27,2,telephony,North,0.0
base,moving_average,2018-08-20,2018-09-03,3,telephony,North,0.0
base,moving_average,2018-08-20,2018-09-10,4,telephony,North,0.0
base,moving_average,2018-08-20,2018-08-20,1,telephony,Northeast,0.0
base,moving_average,2018-08-20,2018-08-27,2,telephony,Northeast,0.0
base,moving_average,2018-08-20,2018-09-03,3,telephony,Northeast,0.0
base,moving_average,2018-08-20,2018-09-10,4,telephony,Northeast,0.0
base,moving_average,2018-08-20,2018-08-20,1,telephony,South,0.0
base,moving_average,2018-08-20,2018-08-27,2,telephony,South,0.0
base,moving_average,2018-08-20,2018-09-03,3,telephony,South,0.0
base,moving_average,2018-08-20,2018-09-10,4,telephony,South,0.0
base,moving_average,2018-08-20,2018-08-20,1,telephony,Southeast,0.0
base,moving_average,2018-08-20,2018-08-27,2,telephony,Southeast,0.0
base,moving_average,2018-08-20,2018-09-03,3,telephony,Southeast,0.0
base,moving_average,2018-08-20,2018-09-10,4,telephony,Southeast,0.0
base,moving_average,2018-08-20,2018-08-20,1,watches_gifts,Central-West,0.0
base,moving_average,2018-08-20,2018-08-27,2,watches_gifts,Central-West,0.0
base,moving_average,2018-08-20,2018-09-03,3,watches_gifts,Central-West,0.0
base,moving_average,2018-08-20,2018-09-10,4,watches_gifts,Central-West,0.0
base,moving_average,2018-08-20,2018-08-20,1,watches_gifts,North,0.0
base,moving_average,2018-08-20,2018-08-27,2,watches_gifts,North,0.0
base,moving_average,2018-08-20,2018-09-03,3,watches_gifts,North,0.0
base,moving_average,2018-08-20,2018-09-10,4,watches_gifts,North,0.0
base,moving_average,2018-08-20,2018-08-20,1,watches_gifts,Northeast,0.0
base,moving_average,2018-08-20,2018-08-27,2,watches_gifts,Northeast,0.0
base,moving_average,2018-08-20,2018-09-03,3,watches_gifts,Northeast,0.0
base,moving_average,2018-08-20,2018-09-10,4,watches_gifts,Northeast,0.0
base,moving_average,2018-08-20,2018-08-20,1,watches_gifts,South,0.0
base,moving_average,2018-08-20,2018-08-27,2,watches_gifts,South,0.0
base,moving_average,2018-08-20,2018-09-03,3,watches_gifts,South,0.0
base,moving_average,2018-08-20,2018-09-10,4,watches_gifts,South,0.0
base,moving_average,2018-08-20,2018-08-20,1,watches_gifts,Southeast,0.0
base,moving_average,2018-08-20,2018-08-27,2,watches_gifts,Southeast,0.0
base,moving_average,2018-08-20,2018-09-03,3,watches_gifts,Southeast,0.0
base,moving_average,2018-08-20,2018-09-10,4,watches_gifts,Southeast,0.0
base,ridge,2018-05-28,2018-05-28,1,auto,Central-West,0.0
base,ridge,2018-05-28,2018-06-04,2,auto,Central-West,0.0
base,ridge,2018-05-28,2018-06-11,3,auto,Central-West,0.0
base,ridge,2018-05-28,2018-06-18,4,auto,Central-West,0.0
base,ridge,2018-05-28,2018-05-28,1,auto,North,0.0
base,ridge,2018-05-28,2018-06-04,2,auto,North,0.0
base,ridge,2018-05-28,2018-06-11,3,auto,North,0.0
base,ridge,2018-05-28,2018-06-18,4,auto,North,0.0
base,ridge,2018-05-28,2018-05-28,1,auto,Northeast,0.0
base,ridge,2018-05-28,2018-06-04,2,auto,Northeast,0.0
base,ridge,2018-05-28,2018-06-11,3,auto,Northeast,0.0
base,ridge,2018-05-28,2018-06-18,4,auto,Northeast,0.0
base,ridge,2018-05-28,2018-05-28,1,auto,South,0.0
base,ridge,2018-05-28,2018-06-04,2,auto,South,0.0
base,ridge,2018-05-28,2018-06-11,3,auto,South,0.0
base,ridge,2018-05-28,2018-06-18,4,auto,South,0.0
base,ridge,2018-05-28,2018-05-28,1,auto,Southeast,0.0
base,ridge,2018-05-28,2018-06-04,2,auto,Southeast,0.0
base,ridge,2018-05-28,2018-06-11,3,auto,Southeast,0.0
base,ridge,2018-05-28,2018-06-18,4,auto,Southeast,0.0
base,ridge,2018-05-28,2018-05-28,1,bed_bath_table,Central-West,0.0
base,ridge,2018-05-28,2018-06-04,2,bed_bath_table,Central-West,0.0
base,ridge,2018-05-28,2018-06-11,3,bed_bath_table,Central-West,0.0
base,ridge,2018-05-28,2018-06-18,4,bed_bath_table,Central-West,0.0
base,ridge,2018-05-28,2018-05-28,1,bed_bath_table,North,0.0
base,ridge,2018-05-28,2018-06-04,2,bed_bath_table,North,0.0
base,ridge,2018-05-28,2018-06-11,3,bed_bath_table,North,0.0
base,ridge,2018-05-28,2018-06-18,4,bed_bath_table,North,0.0
base,ridge,2018-05-28,2018-05-28,1,bed_bath_table,Northeast,0.0
base,ridge,2018-05-28,2018-06-04,2,bed_bath_table,Northeast,0.0
base,ridge,2018-05-28,2018-06-11,3,bed_bath_table,Northeast,0.0
base,ridge,2018-05-28,2018-06-18,4,bed_bath_table,Northeast,0.0
base,ridge,2018-05-28,2018-05-28,1,bed_bath_table,South,0.0
base,ridge,2018-05-28,2018-06-04,2,bed_bath_table,South,0.0
base,ridge,2018-05-28,2018-06-11,3,bed_bath_table,South,0.0
base,ridge,2018-05-28,2018-06-18,4,bed_bath_table,South,0.0
base,ridge,2018-05-28,2018-05-28,1,bed_bath_table,Southeast,0.0
base,ridge,2018-05-28,2018-06-04,2,bed_bath_table,Southeast,0.0
base,ridge,2018-05-28,2018-06-11,3,bed_bath_table,Southeast,0.0
base,ridge,2018-05-28,2018-06-18,4,bed_bath_table,Southeast,0.0
base,ridge,2018-05-28,2018-05-28,1,computers_accessories,Central-West,0.0
base,ridge,2018-05-28,2018-06-04,2,computers_accessories,Central-West,0.0
base,ridge,2018-05-28,2018-06-11,3,computers_accessories,Central-West,0.0
base,ridge,2018-05-28,2018-06-18,4,computers_accessories,Central-West,0.0
base,ridge,2018-05-28,2018-05-28,1,computers_accessories,North,0.0
base,ridge,2018-05-28,2018-06-04,2,computers_accessories,North,0.0
base,ridge,2018-05-28,2018-06-11,3,computers_accessories,North,0.0
base,ridge,2018-05-28,2018-06-18,4,computers_accessories,North,0.0
base,ridge,2018-05-28,2018-05-28,1,computers_accessories,Northeast,0.0
base,ridge,2018-05-28,2018-06-04,2,computers_accessories,Northeast,0.0
base,ridge,2018-05-28,2018-06-11,3,computers_accessories,Northeast,0.0
base,ridge,2018-05-28,2018-06-18,4,computers_accessories,Northeast,0.0
base,ridge,2018-05-28,2018-05-28,1,computers_accessories,South,0.0
base,ridge,2018-05-28,2018-06-04,2,computers_accessories,South,0.0
base,ridge,2018-05-28,2018-06-11,3,computers_accessories,South,0.0
base,ridge,2018-05-28,2018-06-18,4,computers_accessories,South,0.0
base,ridge,2018-05-28,2018-05-28,1,computers_accessories,Southeast,0.0
base,ridge,2018-05-28,2018-06-04,2,computers_accessories,Southeast,0.0
base,ridge,2018-05-28,2018-06-11,3,computers_accessories,Southeast,0.0
base,ridge,2018-05-28,2018-06-18,4,computers_accessories,Southeast,0.0
base,ridge,2018-05-28,2018-05-28,1,furniture_decor,Central-West,0.0
base,ridge,2018-05-28,2018-06-04,2,furniture_decor,Central-West,0.0
base,ridge,2018-05-28,2018-06-11,3,furniture_decor,Central-West,0.0
base,ridge,2018-05-28,2018-06-18,4,furniture_decor,Central-West,0.0
base,ridge,2018-05-28,2018-05-28,1,furniture_decor,North,0.0
base,ridge,2018-05-28,2018-06-04,2,furniture_decor,North,0.0
base,ridge,2018-05-28,2018-06-11,3,furniture_decor,North,0.0
base,ridge,2018-05-28,2018-06-18,4,furniture_decor,North,0.0
base,ridge,2018-05-28,2018-05-28,1,furniture_decor,Northeast,0.0
base,ridge,2018-05-28,2018-06-04,2,furniture_decor,Northeast,0.0
base,ridge,2018-05-28,2018-06-11,3,furniture_decor,Northeast,0.0
base,ridge,2018-05-28,2018-06-18,4,furniture_decor,Northeast,0.0
base,ridge,2018-05-28,2018-05-28,1,furniture_decor,South,0.0
base,ridge,2018-05-28,2018-06-04,2,furniture_decor,South,0.0
base,ridge,2018-05-28,2018-06-11,3,furniture_decor,South,0.0
base,ridge,2018-05-28,2018-06-18,4,furniture_decor,South,0.0
base,ridge,2018-05-28,2018-05-28,1,furniture_decor,Southeast,0.0
base,ridge,2018-05-28,2018-06-04,2,furniture_decor,Southeast,0.0
base,ridge,2018-05-28,2018-06-11,3,furniture_decor,Southeast,0.0
base,ridge,2018-05-28,2018-06-18,4,furniture_decor,Southeast,0.0
base,ridge,2018-05-28,2018-05-28,1,garden_tools,Central-West,0.0
base,ridge,2018-05-28,2018-06-04,2,garden_tools,Central-West,0.0
base,ridge,2018-05-28,2018-06-11,3,garden_tools,Central-West,0.0
base,ridge,2018-05-28,2018-06-18,4,garden_tools,Central-West,0.0
base,ridge,2018-05-28,2018-05-28,1,garden_tools,North,0.0
base,ridge,2018-05-28,2018-06-04,2,garden_tools,North,0.0
base,ridge,2018-05-28,2018-06-11,3,garden_tools,North,0.0
base,ridge,2018-05-28,2018-06-18,4,garden_tools,North,0.0
base,ridge,2018-05-28,2018-05-28,1,garden_tools,Northeast,0.0
base,ridge,2018-05-28,2018-06-04,2,garden_tools,Northeast,0.0
base,ridge,2018-05-28,2018-06-11,3,garden_tools,Northeast,0.0
base,ridge,2018-05-28,2018-06-18,4,garden_tools,Northeast,0.0
base,ridge,2018-05-28,2018-05-28,1,garden_tools,South,0.0
base,ridge,2018-05-28,2018-06-04,2,garden_tools,South,0.0
base,ridge,2018-05-28,2018-06-11,3,garden_tools,South,0.0
base,ridge,2018-05-28,2018-06-18,4,garden_tools,South,0.0
base,ridge,2018-05-28,2018-05-28,1,garden_tools,Southeast,0.0
base,ridge,2018-05-28,2018-06-04,2,garden_tools,Southeast,0.0
base,ridge,2018-05-28,2018-06-11,3,garden_tools,Southeast,0.0
base,ridge,2018-05-28,2018-06-18,4,garden_tools,Southeast,0.0
base,ridge,2018-05-28,2018-05-28,1,health_beauty,Central-West,0.0
base,ridge,2018-05-28,2018-06-04,2,health_beauty,Central-West,0.0
base,ridge,2018-05-28,2018-06-11,3,health_beauty,Central-West,0.0
base,ridge,2018-05-28,2018-06-18,4,health_beauty,Central-West,0.0
base,ridge,2018-05-28,2018-05-28,1,health_beauty,North,0.0
base,ridge,2018-05-28,2018-06-04,2,health_beauty,North,0.0
base,ridge,2018-05-28,2018-06-11,3,health_beauty,North,0.0
base,ridge,2018-05-28,2018-06-18,4,health_beauty,North,0.0
base,ridge,2018-05-28,2018-05-28,1,health_beauty,Northeast,0.0
base,ridge,2018-05-28,2018-06-04,2,health_beauty,Northeast,0.0
base,ridge,2018-05-28,2018-06-11,3,health_beauty,Northeast,0.0
base,ridge,2018-05-28,2018-06-18,4,health_beauty,Northeast,0.0
base,ridge,2018-05-28,2018-05-28,1,health_beauty,South,0.0
base,ridge,2018-05-28,2018-06-04,2,health_beauty,South,0.0
base,ridge,2018-05-28,2018-06-11,3,health_beauty,South,0.0
base,ridge,2018-05-28,2018-06-18,4,health_beauty,South,0.0
base,ridge,2018-05-28,2018-05-28,1,health_beauty,Southeast,0.0
base,ridge,2018-05-28,2018-06-04,2,health_beauty,Southeast,0.0
base,ridge,2018-05-28,2018-06-11,3,health_beauty,Southeast,0.0
base,ridge,2018-05-28,2018-06-18,4,health_beauty,Southeast,0.0
base,ridge,2018-05-28,2018-05-28,1,housewares,Central-West,0.0
base,ridge,2018-05-28,2018-06-04,2,housewares,Central-West,0.0
base,ridge,2018-05-28,2018-06-11,3,housewares,Central-West,0.0
base,ridge,2018-05-28,2018-06-18,4,housewares,Central-West,0.0
base,ridge,2018-05-28,2018-05-28,1,housewares,North,0.0
base,ridge,2018-05-28,2018-06-04,2,housewares,North,0.0
base,ridge,2018-05-28,2018-06-11,3,housewares,North,0.0
base,ridge,2018-05-28,2018-06-18,4,housewares,North,0.0
base,ridge,2018-05-28,2018-05-28,1,housewares,Northeast,0.0
base,ridge,2018-05-28,2018-06-04,2,housewares,Northeast,0.0
base,ridge,2018-05-28,2018-06-11,3,housewares,Northeast,0.0
base,ridge,2018-05-28,2018-06-18,4,housewares,Northeast,0.0
base,ridge,2018-05-28,2018-05-28,1,housewares,South,0.0
base,ridge,2018-05-28,2018-06-04,2,housewares,South,0.0
base,ridge,2018-05-28,2018-06-11,3,housewares,South,0.0
base,ridge,2018-05-28,2018-06-18,4,housewares,South,0.0
base,ridge,2018-05-28,2018-05-28,1,housewares,Southeast,0.0
base,ridge,2018-05-28,2018-06-04,2,housewares,Southeast,0.0
base,ridge,2018-05-28,2018-06-11,3,housewares,Southeast,0.0
base,ridge,2018-05-28,2018-06-18,4,housewares,Southeast,0.0
base,ridge,2018-05-28,2018-05-28,1,sports_leisure,Central-West,0.0
base,ridge,2018-05-28,2018-06-04,2,sports_leisure,Central-West,0.0
base,ridge,2018-05-28,2018-06-11,3,sports_leisure,Central-West,0.0
base,ridge,2018-05-28,2018-06-18,4,sports_leisure,Central-West,0.0
base,ridge,2018-05-28,2018-05-28,1,sports_leisure,North,0.0
base,ridge,2018-05-28,2018-06-04,2,sports_leisure,North,0.0
base,ridge,2018-05-28,2018-06-11,3,sports_leisure,North,0.0
base,ridge,2018-05-28,2018-06-18,4,sports_leisure,North,0.0
base,ridge,2018-05-28,2018-05-28,1,sports_leisure,Northeast,0.0
base,ridge,2018-05-28,2018-06-04,2,sports_leisure,Northeast,0.0
base,ridge,2018-05-28,2018-06-11,3,sports_leisure,Northeast,0.0
base,ridge,2018-05-28,2018-06-18,4,sports_leisure,Northeast,0.0
base,ridge,2018-05-28,2018-05-28,1,sports_leisure,South,0.0
base,ridge,2018-05-28,2018-06-04,2,sports_leisure,South,0.0
base,ridge,2018-05-28,2018-06-11,3,sports_leisure,South,0.0
base,ridge,2018-05-28,2018-06-18,4,sports_leisure,South,0.0
base,ridge,2018-05-28,2018-05-28,1,sports_leisure,Southeast,0.0
base,ridge,2018-05-28,2018-06-04,2,sports_leisure,Southeast,0.0
base,ridge,2018-05-28,2018-06-11,3,sports_leisure,Southeast,0.0
base,ridge,2018-05-28,2018-06-18,4,sports_leisure,Southeast,0.0
base,ridge,2018-05-28,2018-05-28,1,telephony,Central-West,0.0
base,ridge,2018-05-28,2018-06-04,2,telephony,Central-West,0.0
base,ridge,2018-05-28,2018-06-11,3,telephony,Central-West,0.0
base,ridge,2018-05-28,2018-06-18,4,telephony,Central-West,0.0
base,ridge,2018-05-28,2018-05-28,1,telephony,North,0.0
base,ridge,2018-05-28,2018-06-04,2,telephony,North,0.0
base,ridge,2018-05-28,2018-06-11,3,telephony,North,0.0
base,ridge,2018-05-28,2018-06-18,4,telephony,North,0.0
base,ridge,2018-05-28,2018-05-28,1,telephony,Northeast,0.0
base,ridge,2018-05-28,2018-06-04,2,telephony,Northeast,0.0
base,ridge,2018-05-28,2018-06-11,3,telephony,Northeast,0.0
base,ridge,2018-05-28,2018-06-18,4,telephony,Northeast,0.0
base,ridge,2018-05-28,2018-05-28,1,telephony,South,0.0
base,ridge,2018-05-28,2018-06-04,2,telephony,South,0.0
base,ridge,2018-05-28,2018-06-11,3,telephony,South,0.0
base,ridge,2018-05-28,2018-06-18,4,telephony,South,0.0
base,ridge,2018-05-28,2018-05-28,1,telephony,Southeast,0.0
base,ridge,2018-05-28,2018-06-04,2,telephony,Southeast,0.0
base,ridge,2018-05-28,2018-06-11,3,telephony,Southeast,0.0
base,ridge,2018-05-28,2018-06-18,4,telephony,Southeast,0.0
base,ridge,2018-05-28,2018-05-28,1,watches_gifts,Central-West,0.0
base,ridge,2018-05-28,2018-06-04,2,watches_gifts,Central-West,0.0
base,ridge,2018-05-28,2018-06-11,3,watches_gifts,Central-West,0.0
base,ridge,2018-05-28,2018-06-18,4,watches_gifts,Central-West,0.0
base,ridge,2018-05-28,2018-05-28,1,watches_gifts,North,0.0
base,ridge,2018-05-28,2018-06-04,2,watches_gifts,North,0.0
base,ridge,2018-05-28,2018-06-11,3,watches_gifts,North,0.0
base,ridge,2018-05-28,2018-06-18,4,watches_gifts,North,0.0
base,ridge,2018-05-28,2018-05-28,1,watches_gifts,Northeast,0.0
base,ridge,2018-05-28,2018-06-04,2,watches_gifts,Northeast,0.0
base,ridge,2018-05-28,2018-06-11,3,watches_gifts,Northeast,0.0
base,ridge,2018-05-28,2018-06-18,4,watches_gifts,Northeast,0.0
base,ridge,2018-05-28,2018-05-28,1,watches_gifts,South,0.0
base,ridge,2018-05-28,2018-06-04,2,watches_gifts,South,0.0
base,ridge,2018-05-28,2018-06-11,3,watches_gifts,South,0.0
base,ridge,2018-05-28,2018-06-18,4,watches_gifts,South,0.0
base,ridge,2018-05-28,2018-05-28,1,watches_gifts,Southeast,0.0
base,ridge,2018-05-28,2018-06-04,2,watches_gifts,Southeast,0.0
base,ridge,2018-05-28,2018-06-11,3,watches_gifts,Southeast,0.0
base,ridge,2018-05-28,2018-06-18,4,watches_gifts,Southeast,0.0
base,ridge,2018-06-04,2018-06-04,1,auto,Central-West,0.0
base,ridge,2018-06-04,2018-06-11,2,auto,Central-West,0.0
base,ridge,2018-06-04,2018-06-18,3,auto,Central-West,0.0
base,ridge,2018-06-04,2018-06-25,4,auto,Central-West,0.0
base,ridge,2018-06-04,2018-06-04,1,auto,North,0.0
base,ridge,2018-06-04,2018-06-11,2,auto,North,0.0
base,ridge,2018-06-04,2018-06-18,3,auto,North,0.0
base,ridge,2018-06-04,2018-06-25,4,auto,North,0.0
base,ridge,2018-06-04,2018-06-04,1,auto,Northeast,0.0
base,ridge,2018-06-04,2018-06-11,2,auto,Northeast,0.0
base,ridge,2018-06-04,2018-06-18,3,auto,Northeast,0.0
base,ridge,2018-06-04,2018-06-25,4,auto,Northeast,0.0
base,ridge,2018-06-04,2018-06-04,1,auto,South,0.0
base,ridge,2018-06-04,2018-06-11,2,auto,South,0.0
base,ridge,2018-06-04,2018-06-18,3,auto,South,0.0
base,ridge,2018-06-04,2018-06-25,4,auto,South,0.0
base,ridge,2018-06-04,2018-06-04,1,auto,Southeast,0.0
base,ridge,2018-06-04,2018-06-11,2,auto,Southeast,0.0
base,ridge,2018-06-04,2018-06-18,3,auto,Southeast,0.0
base,ridge,2018-06-04,2018-06-25,4,auto,Southeast,0.0
base,ridge,2018-06-04,2018-06-04,1,bed_bath_table,Central-West,0.0
base,ridge,2018-06-04,2018-06-11,2,bed_bath_table,Central-West,0.0
base,ridge,2018-06-04,2018-06-18,3,bed_bath_table,Central-West,0.0
base,ridge,2018-06-04,2018-06-25,4,bed_bath_table,Central-West,0.0
base,ridge,2018-06-04,2018-06-04,1,bed_bath_table,North,0.0
base,ridge,2018-06-04,2018-06-11,2,bed_bath_table,North,0.0
base,ridge,2018-06-04,2018-06-18,3,bed_bath_table,North,0.0
base,ridge,2018-06-04,2018-06-25,4,bed_bath_table,North,0.0
base,ridge,2018-06-04,2018-06-04,1,bed_bath_table,Northeast,0.0
base,ridge,2018-06-04,2018-06-11,2,bed_bath_table,Northeast,0.0
base,ridge,2018-06-04,2018-06-18,3,bed_bath_table,Northeast,0.0
base,ridge,2018-06-04,2018-06-25,4,bed_bath_table,Northeast,0.0
base,ridge,2018-06-04,2018-06-04,1,bed_bath_table,South,0.0
base,ridge,2018-06-04,2018-06-11,2,bed_bath_table,South,0.0
base,ridge,2018-06-04,2018-06-18,3,bed_bath_table,South,0.0
base,ridge,2018-06-04,2018-06-25,4,bed_bath_table,South,0.0
base,ridge,2018-06-04,2018-06-04,1,bed_bath_table,Southeast,0.0
base,ridge,2018-06-04,2018-06-11,2,bed_bath_table,Southeast,0.0
base,ridge,2018-06-04,2018-06-18,3,bed_bath_table,Southeast,0.0
base,ridge,2018-06-04,2018-06-25,4,bed_bath_table,Southeast,0.0
base,ridge,2018-06-04,2018-06-04,1,computers_accessories,Central-West,0.0
base,ridge,2018-06-04,2018-06-11,2,computers_accessories,Central-West,0.0
base,ridge,2018-06-04,2018-06-18,3,computers_accessories,Central-West,0.0
base,ridge,2018-06-04,2018-06-25,4,computers_accessories,Central-West,0.0
base,ridge,2018-06-04,2018-06-04,1,computers_accessories,North,0.0
base,ridge,2018-06-04,2018-06-11,2,computers_accessories,North,0.0
base,ridge,2018-06-04,2018-06-18,3,computers_accessories,North,0.0
base,ridge,2018-06-04,2018-06-25,4,computers_accessories,North,0.0
base,ridge,2018-06-04,2018-06-04,1,computers_accessories,Northeast,0.0
base,ridge,2018-06-04,2018-06-11,2,computers_accessories,Northeast,0.0
base,ridge,2018-06-04,2018-06-18,3,computers_accessories,Northeast,0.0
base,ridge,2018-06-04,2018-06-25,4,computers_accessories,Northeast,0.0
base,ridge,2018-06-04,2018-06-04,1,computers_accessories,South,0.0
base,ridge,2018-06-04,2018-06-11,2,computers_accessories,South,0.0
base,ridge,2018-06-04,2018-06-18,3,computers_accessories,South,0.0
base,ridge,2018-06-04,2018-06-25,4,computers_accessories,South,0.0
base,ridge,2018-06-04,2018-06-04,1,computers_accessories,Southeast,0.0
base,ridge,2018-06-04,2018-06-11,2,computers_accessories,Southeast,0.0
base,ridge,2018-06-04,2018-06-18,3,computers_accessories,Southeast,0.0
base,ridge,2018-06-04,2018-06-25,4,computers_accessories,Southeast,0.0
base,ridge,2018-06-04,2018-06-04,1,furniture_decor,Central-West,0.0
base,ridge,2018-06-04,2018-06-11,2,furniture_decor,Central-West,0.0
base,ridge,2018-06-04,2018-06-18,3,furniture_decor,Central-West,0.0
base,ridge,2018-06-04,2018-06-25,4,furniture_decor,Central-West,0.0
base,ridge,2018-06-04,2018-06-04,1,furniture_decor,North,0.0
base,ridge,2018-06-04,2018-06-11,2,furniture_decor,North,0.0
base,ridge,2018-06-04,2018-06-18,3,furniture_decor,North,0.0
base,ridge,2018-06-04,2018-06-25,4,furniture_decor,North,0.0
base,ridge,2018-06-04,2018-06-04,1,furniture_decor,Northeast,0.0
base,ridge,2018-06-04,2018-06-11,2,furniture_decor,Northeast,0.0
base,ridge,2018-06-04,2018-06-18,3,furniture_decor,Northeast,0.0
base,ridge,2018-06-04,2018-06-25,4,furniture_decor,Northeast,0.0
base,ridge,2018-06-04,2018-06-04,1,furniture_decor,South,0.0
base,ridge,2018-06-04,2018-06-11,2,furniture_decor,South,0.0
base,ridge,2018-06-04,2018-06-18,3,furniture_decor,South,0.0
base,ridge,2018-06-04,2018-06-25,4,furniture_decor,South,0.0
base,ridge,2018-06-04,2018-06-04,1,furniture_decor,Southeast,0.0
base,ridge,2018-06-04,2018-06-11,2,furniture_decor,Southeast,0.0
base,ridge,2018-06-04,2018-06-18,3,furniture_decor,Southeast,0.0
base,ridge,2018-06-04,2018-06-25,4,furniture_decor,Southeast,0.0
base,ridge,2018-06-04,2018-06-04,1,garden_tools,Central-West,0.0
base,ridge,2018-06-04,2018-06-11,2,garden_tools,Central-West,0.0
base,ridge,2018-06-04,2018-06-18,3,garden_tools,Central-West,0.0
base,ridge,2018-06-04,2018-06-25,4,garden_tools,Central-West,0.0
base,ridge,2018-06-04,2018-06-04,1,garden_tools,North,0.0
base,ridge,2018-06-04,2018-06-11,2,garden_tools,North,0.0
base,ridge,2018-06-04,2018-06-18,3,garden_tools,North,0.0
base,ridge,2018-06-04,2018-06-25,4,garden_tools,North,0.0
base,ridge,2018-06-04,2018-06-04,1,garden_tools,Northeast,0.0
base,ridge,2018-06-04,2018-06-11,2,garden_tools,Northeast,0.0
base,ridge,2018-06-04,2018-06-18,3,garden_tools,Northeast,0.0
base,ridge,2018-06-04,2018-06-25,4,garden_tools,Northeast,0.0
base,ridge,2018-06-04,2018-06-04,1,garden_tools,South,0.0
base,ridge,2018-06-04,2018-06-11,2,garden_tools,South,0.0
base,ridge,2018-06-04,2018-06-18,3,garden_tools,South,0.0
base,ridge,2018-06-04,2018-06-25,4,garden_tools,South,0.0
base,ridge,2018-06-04,2018-06-04,1,garden_tools,Southeast,0.0
base,ridge,2018-06-04,2018-06-11,2,garden_tools,Southeast,0.0
base,ridge,2018-06-04,2018-06-18,3,garden_tools,Southeast,0.0
base,ridge,2018-06-04,2018-06-25,4,garden_tools,Southeast,0.0
base,ridge,2018-06-04,2018-06-04,1,health_beauty,Central-West,0.0
base,ridge,2018-06-04,2018-06-11,2,health_beauty,Central-West,0.0
base,ridge,2018-06-04,2018-06-18,3,health_beauty,Central-West,0.0
base,ridge,2018-06-04,2018-06-25,4,health_beauty,Central-West,0.0
base,ridge,2018-06-04,2018-06-04,1,health_beauty,North,0.0
base,ridge,2018-06-04,2018-06-11,2,health_beauty,North,0.0
base,ridge,2018-06-04,2018-06-18,3,health_beauty,North,0.0
base,ridge,2018-06-04,2018-06-25,4,health_beauty,North,0.0
base,ridge,2018-06-04,2018-06-04,1,health_beauty,Northeast,0.0
base,ridge,2018-06-04,2018-06-11,2,health_beauty,Northeast,0.0
base,ridge,2018-06-04,2018-06-18,3,health_beauty,Northeast,0.0
base,ridge,2018-06-04,2018-06-25,4,health_beauty,Northeast,0.0
base,ridge,2018-06-04,2018-06-04,1,health_beauty,South,0.0
base,ridge,2018-06-04,2018-06-11,2,health_beauty,South,0.0
base,ridge,2018-06-04,2018-06-18,3,health_beauty,South,0.0
base,ridge,2018-06-04,2018-06-25,4,health_beauty,South,0.0
base,ridge,2018-06-04,2018-06-04,1,health_beauty,Southeast,0.0
base,ridge,2018-06-04,2018-06-11,2,health_beauty,Southeast,0.0
base,ridge,2018-06-04,2018-06-18,3,health_beauty,Southeast,0.0
base,ridge,2018-06-04,2018-06-25,4,health_beauty,Southeast,0.0
base,ridge,2018-06-04,2018-06-04,1,housewares,Central-West,0.0
base,ridge,2018-06-04,2018-06-11,2,housewares,Central-West,0.0
base,ridge,2018-06-04,2018-06-18,3,housewares,Central-West,0.0
base,ridge,2018-06-04,2018-06-25,4,housewares,Central-West,0.0
base,ridge,2018-06-04,2018-06-04,1,housewares,North,0.0
base,ridge,2018-06-04,2018-06-11,2,housewares,North,0.0
base,ridge,2018-06-04,2018-06-18,3,housewares,North,0.0
base,ridge,2018-06-04,2018-06-25,4,housewares,North,0.0
base,ridge,2018-06-04,2018-06-04,1,housewares,Northeast,0.0
base,ridge,2018-06-04,2018-06-11,2,housewares,Northeast,0.0
base,ridge,2018-06-04,2018-06-18,3,housewares,Northeast,0.0
base,ridge,2018-06-04,2018-06-25,4,housewares,Northeast,0.0
base,ridge,2018-06-04,2018-06-04,1,housewares,South,0.0
base,ridge,2018-06-04,2018-06-11,2,housewares,South,0.0
base,ridge,2018-06-04,2018-06-18,3,housewares,South,0.0
base,ridge,2018-06-04,2018-06-25,4,housewares,South,0.0
base,ridge,2018-06-04,2018-06-04,1,housewares,Southeast,0.0
base,ridge,2018-06-04,2018-06-11,2,housewares,Southeast,0.0
base,ridge,2018-06-04,2018-06-18,3,housewares,Southeast,0.0
base,ridge,2018-06-04,2018-06-25,4,housewares,Southeast,0.0
base,ridge,2018-06-04,2018-06-04,1,sports_leisure,Central-West,0.0
base,ridge,2018-06-04,2018-06-11,2,sports_leisure,Central-West,0.0
base,ridge,2018-06-04,2018-06-18,3,sports_leisure,Central-West,0.0
base,ridge,2018-06-04,2018-06-25,4,sports_leisure,Central-West,0.0
base,ridge,2018-06-04,2018-06-04,1,sports_leisure,North,0.0
base,ridge,2018-06-04,2018-06-11,2,sports_leisure,North,0.0
base,ridge,2018-06-04,2018-06-18,3,sports_leisure,North,0.0
base,ridge,2018-06-04,2018-06-25,4,sports_leisure,North,0.0
base,ridge,2018-06-04,2018-06-04,1,sports_leisure,Northeast,0.0
base,ridge,2018-06-04,2018-06-11,2,sports_leisure,Northeast,0.0
base,ridge,2018-06-04,2018-06-18,3,sports_leisure,Northeast,0.0
base,ridge,2018-06-04,2018-06-25,4,sports_leisure,Northeast,0.0
base,ridge,2018-06-04,2018-06-04,1,sports_leisure,South,0.0
base,ridge,2018-06-04,2018-06-11,2,sports_leisure,South,0.0
base,ridge,2018-06-04,2018-06-18,3,sports_leisure,South,0.0
base,ridge,2018-06-04,2018-06-25,4,sports_leisure,South,0.0
base,ridge,2018-06-04,2018-06-04,1,sports_leisure,Southeast,0.0
base,ridge,2018-06-04,2018-06-11,2,sports_leisure,Southeast,0.0
base,ridge,2018-06-04,2018-06-18,3,sports_leisure,Southeast,0.0
base,ridge,2018-06-04,2018-06-25,4,sports_leisure,Southeast,0.0
base,ridge,2018-06-04,2018-06-04,1,telephony,Central-West,0.0
base,ridge,2018-06-04,2018-06-11,2,telephony,Central-West,0.0
base,ridge,2018-06-04,2018-06-18,3,telephony,Central-West,0.0
base,ridge,2018-06-04,2018-06-25,4,telephony,Central-West,0.0
base,ridge,2018-06-04,2018-06-04,1,telephony,North,0.0
base,ridge,2018-06-04,2018-06-11,2,telephony,North,0.0
base,ridge,2018-06-04,2018-06-18,3,telephony,North,0.0
base,ridge,2018-06-04,2018-06-25,4,telephony,North,0.0
base,ridge,2018-06-04,2018-06-04,1,telephony,Northeast,0.0
base,ridge,2018-06-04,2018-06-11,2,telephony,Northeast,0.0
base,ridge,2018-06-04,2018-06-18,3,telephony,Northeast,0.0
base,ridge,2018-06-04,2018-06-25,4,telephony,Northeast,0.0
base,ridge,2018-06-04,2018-06-04,1,telephony,South,0.0
base,ridge,2018-06-04,2018-06-11,2,telephony,South,0.0
base,ridge,2018-06-04,2018-06-18,3,telephony,South,0.0
base,ridge,2018-06-04,2018-06-25,4,telephony,South,0.0
base,ridge,2018-06-04,2018-06-04,1,telephony,Southeast,0.0
base,ridge,2018-06-04,2018-06-11,2,telephony,Southeast,0.0
base,ridge,2018-06-04,2018-06-18,3,telephony,Southeast,0.0
base,ridge,2018-06-04,2018-06-25,4,telephony,Southeast,0.0
base,ridge,2018-06-04,2018-06-04,1,watches_gifts,Central-West,0.0
base,ridge,2018-06-04,2018-06-11,2,watches_gifts,Central-West,0.0
base,ridge,2018-06-04,2018-06-18,3,watches_gifts,Central-West,0.0
base,ridge,2018-06-04,2018-06-25,4,watches_gifts,Central-West,0.0
base,ridge,2018-06-04,2018-06-04,1,watches_gifts,North,0.0
base,ridge,2018-06-04,2018-06-11,2,watches_gifts,North,0.0
base,ridge,2018-06-04,2018-06-18,3,watches_gifts,North,0.0
base,ridge,2018-06-04,2018-06-25,4,watches_gifts,North,0.0
base,ridge,2018-06-04,2018-06-04,1,watches_gifts,Northeast,0.0
base,ridge,2018-06-04,2018-06-11,2,watches_gifts,Northeast,0.0
base,ridge,2018-06-04,2018-06-18,3,watches_gifts,Northeast,0.0
base,ridge,2018-06-04,2018-06-25,4,watches_gifts,Northeast,0.0
base,ridge,2018-06-04,2018-06-04,1,watches_gifts,South,0.0
base,ridge,2018-06-04,2018-06-11,2,watches_gifts,South,0.0
base,ridge,2018-06-04,2018-06-18,3,watches_gifts,South,0.0
base,ridge,2018-06-04,2018-06-25,4,watches_gifts,South,0.0
base,ridge,2018-06-04,2018-06-04,1,watches_gifts,Southeast,0.0
base,ridge,2018-06-04,2018-06-11,2,watches_gifts,Southeast,0.0
base,ridge,2018-06-04,2018-06-18,3,watches_gifts,Southeast,0.0
base,ridge,2018-06-04,2018-06-25,4,watches_gifts,Southeast,0.0
base,ridge,2018-06-11,2018-06-11,1,auto,Central-West,1.0
base,ridge,2018-06-11,2018-06-18,2,auto,Central-West,0.0
base,ridge,2018-06-11,2018-06-25,3,auto,Central-West,0.0
base,ridge,2018-06-11,2018-07-02,4,auto,Central-West,0.0
base,ridge,2018-06-11,2018-06-11,1,auto,North,2.0
base,ridge,2018-06-11,2018-06-18,2,auto,North,0.0
base,ridge,2018-06-11,2018-06-25,3,auto,North,0.0
base,ridge,2018-06-11,2018-07-02,4,auto,North,0.0
base,ridge,2018-06-11,2018-06-11,1,auto,Northeast,8.0
base,ridge,2018-06-11,2018-06-18,2,auto,Northeast,0.0
base,ridge,2018-06-11,2018-06-25,3,auto,Northeast,0.0
base,ridge,2018-06-11,2018-07-02,4,auto,Northeast,0.0
base,ridge,2018-06-11,2018-06-11,1,auto,South,5.0
base,ridge,2018-06-11,2018-06-18,2,auto,South,0.0
base,ridge,2018-06-11,2018-06-25,3,auto,South,0.0
base,ridge,2018-06-11,2018-07-02,4,auto,South,0.0
base,ridge,2018-06-11,2018-06-11,1,auto,Southeast,10.0
base,ridge,2018-06-11,2018-06-18,2,auto,Southeast,0.0
base,ridge,2018-06-11,2018-06-25,3,auto,Southeast,0.0
base,ridge,2018-06-11,2018-07-02,4,auto,Southeast,0.0
base,ridge,2018-06-11,2018-06-11,1,bed_bath_table,Central-West,0.0
base,ridge,2018-06-11,2018-06-18,2,bed_bath_table,Central-West,0.0
base,ridge,2018-06-11,2018-06-25,3,bed_bath_table,Central-West,0.0
base,ridge,2018-06-11,2018-07-02,4,bed_bath_table,Central-West,0.0
base,ridge,2018-06-11,2018-06-11,1,bed_bath_table,North,2.0
base,ridge,2018-06-11,2018-06-18,2,bed_bath_table,North,0.0
base,ridge,2018-06-11,2018-06-25,3,bed_bath_table,North,0.0
base,ridge,2018-06-11,2018-07-02,4,bed_bath_table,North,0.0
base,ridge,2018-06-11,2018-06-11,1,bed_bath_table,Northeast,11.0
base,ridge,2018-06-11,2018-06-18,2,bed_bath_table,Northeast,0.0
base,ridge,2018-06-11,2018-06-25,3,bed_bath_table,Northeast,0.0
base,ridge,2018-06-11,2018-07-02,4,bed_bath_table,Northeast,0.0
base,ridge,2018-06-11,2018-06-11,1,bed_bath_table,South,2.0
base,ridge,2018-06-11,2018-06-18,2,bed_bath_table,South,0.0
base,ridge,2018-06-11,2018-06-25,3,bed_bath_table,South,0.0
base,ridge,2018-06-11,2018-07-02,4,bed_bath_table,South,0.0
base,ridge,2018-06-11,2018-06-11,1,bed_bath_table,Southeast,46.0
base,ridge,2018-06-11,2018-06-18,2,bed_bath_table,Southeast,0.0
base,ridge,2018-06-11,2018-06-25,3,bed_bath_table,Southeast,0.0
base,ridge,2018-06-11,2018-07-02,4,bed_bath_table,Southeast,0.0
base,ridge,2018-06-11,2018-06-11,1,computers_accessories,Central-West,0.0
base,ridge,2018-06-11,2018-06-18,2,computers_accessories,Central-West,0.0
base,ridge,2018-06-11,2018-06-25,3,computers_accessories,Central-West,0.0
base,ridge,2018-06-11,2018-07-02,4,computers_accessories,Central-West,0.0
base,ridge,2018-06-11,2018-06-11,1,computers_accessories,North,0.0
base,ridge,2018-06-11,2018-06-18,2,computers_accessories,North,0.0
base,ridge,2018-06-11,2018-06-25,3,computers_accessories,North,0.0
base,ridge,2018-06-11,2018-07-02,4,computers_accessories,North,0.0
base,ridge,2018-06-11,2018-06-11,1,computers_accessories,Northeast,0.0
base,ridge,2018-06-11,2018-06-18,2,computers_accessories,Northeast,0.0
base,ridge,2018-06-11,2018-06-25,3,computers_accessories,Northeast,0.0
base,ridge,2018-06-11,2018-07-02,4,computers_accessories,Northeast,0.0
base,ridge,2018-06-11,2018-06-11,1,computers_accessories,South,0.0
base,ridge,2018-06-11,2018-06-18,2,computers_accessories,South,0.0
base,ridge,2018-06-11,2018-06-25,3,computers_accessories,South,0.0
base,ridge,2018-06-11,2018-07-02,4,computers_accessories,South,0.0
base,ridge,2018-06-11,2018-06-11,1,computers_accessories,Southeast,0.0
base,ridge,2018-06-11,2018-06-18,2,computers_accessories,Southeast,0.0
base,ridge,2018-06-11,2018-06-25,3,computers_accessories,Southeast,0.0
base,ridge,2018-06-11,2018-07-02,4,computers_accessories,Southeast,0.0
base,ridge,2018-06-11,2018-06-11,1,furniture_decor,Central-West,0.0
base,ridge,2018-06-11,2018-06-18,2,furniture_decor,Central-West,0.0
base,ridge,2018-06-11,2018-06-25,3,furniture_decor,Central-West,0.0
base,ridge,2018-06-11,2018-07-02,4,furniture_decor,Central-West,0.0
base,ridge,2018-06-11,2018-06-11,1,furniture_decor,North,0.0
base,ridge,2018-06-11,2018-06-18,2,furniture_decor,North,0.0
base,ridge,2018-06-11,2018-06-25,3,furniture_decor,North,0.0
base,ridge,2018-06-11,2018-07-02,4,furniture_decor,North,0.0
base,ridge,2018-06-11,2018-06-11,1,furniture_decor,Northeast,0.0
base,ridge,2018-06-11,2018-06-18,2,furniture_decor,Northeast,0.0
base,ridge,2018-06-11,2018-06-25,3,furniture_decor,Northeast,0.0
base,ridge,2018-06-11,2018-07-02,4,furniture_decor,Northeast,0.0
base,ridge,2018-06-11,2018-06-11,1,furniture_decor,South,0.0
base,ridge,2018-06-11,2018-06-18,2,furniture_decor,South,0.0
base,ridge,2018-06-11,2018-06-25,3,furniture_decor,South,0.0
base,ridge,2018-06-11,2018-07-02,4,furniture_decor,South,0.0
base,ridge,2018-06-11,2018-06-11,1,furniture_decor,Southeast,0.0
base,ridge,2018-06-11,2018-06-18,2,furniture_decor,Southeast,0.0
base,ridge,2018-06-11,2018-06-25,3,furniture_decor,Southeast,0.0
base,ridge,2018-06-11,2018-07-02,4,furniture_decor,Southeast,0.0
base,ridge,2018-06-11,2018-06-11,1,garden_tools,Central-West,0.0
base,ridge,2018-06-11,2018-06-18,2,garden_tools,Central-West,0.0
base,ridge,2018-06-11,2018-06-25,3,garden_tools,Central-West,0.0
base,ridge,2018-06-11,2018-07-02,4,garden_tools,Central-West,0.0
base,ridge,2018-06-11,2018-06-11,1,garden_tools,North,0.0
base,ridge,2018-06-11,2018-06-18,2,garden_tools,North,0.0
base,ridge,2018-06-11,2018-06-25,3,garden_tools,North,0.0
base,ridge,2018-06-11,2018-07-02,4,garden_tools,North,0.0
base,ridge,2018-06-11,2018-06-11,1,garden_tools,Northeast,0.0
base,ridge,2018-06-11,2018-06-18,2,garden_tools,Northeast,0.0
base,ridge,2018-06-11,2018-06-25,3,garden_tools,Northeast,0.0
base,ridge,2018-06-11,2018-07-02,4,garden_tools,Northeast,0.0
base,ridge,2018-06-11,2018-06-11,1,garden_tools,South,0.0
base,ridge,2018-06-11,2018-06-18,2,garden_tools,South,0.0
base,ridge,2018-06-11,2018-06-25,3,garden_tools,South,0.0
base,ridge,2018-06-11,2018-07-02,4,garden_tools,South,0.0
base,ridge,2018-06-11,2018-06-11,1,garden_tools,Southeast,0.0
base,ridge,2018-06-11,2018-06-18,2,garden_tools,Southeast,0.0
base,ridge,2018-06-11,2018-06-25,3,garden_tools,Southeast,0.0
base,ridge,2018-06-11,2018-07-02,4,garden_tools,Southeast,0.0
base,ridge,2018-06-11,2018-06-11,1,health_beauty,Central-West,15.0
base,ridge,2018-06-11,2018-06-18,2,health_beauty,Central-West,0.0
base,ridge,2018-06-11,2018-06-25,3,health_beauty,Central-West,0.0
base,ridge,2018-06-11,2018-07-02,4,health_beauty,Central-West,0.0
base,ridge,2018-06-11,2018-06-11,1,health_beauty,North,7.0
base,ridge,2018-06-11,2018-06-18,2,health_beauty,North,0.0
base,ridge,2018-06-11,2018-06-25,3,health_beauty,North,0.0
base,ridge,2018-06-11,2018-07-02,4,health_beauty,North,0.0
base,ridge,2018-06-11,2018-06-11,1,health_beauty,Northeast,26.0
base,ridge,2018-06-11,2018-06-18,2,health_beauty,Northeast,0.0
base,ridge,2018-06-11,2018-06-25,3,health_beauty,Northeast,0.0
base,ridge,2018-06-11,2018-07-02,4,health_beauty,Northeast,0.0
base,ridge,2018-06-11,2018-06-11,1,health_beauty,South,2.0
base,ridge,2018-06-11,2018-06-18,2,health_beauty,South,0.0
base,ridge,2018-06-11,2018-06-25,3,health_beauty,South,0.0
base,ridge,2018-06-11,2018-07-02,4,health_beauty,South,0.0
base,ridge,2018-06-11,2018-06-11,1,health_beauty,Southeast,26.0
base,ridge,2018-06-11,2018-06-18,2,health_beauty,Southeast,0.0
base,ridge,2018-06-11,2018-06-25,3,health_beauty,Southeast,0.0
base,ridge,2018-06-11,2018-07-02,4,health_beauty,Southeast,0.0
base,ridge,2018-06-11,2018-06-11,1,housewares,Central-West,3.0
base,ridge,2018-06-11,2018-06-18,2,housewares,Central-West,0.0
base,ridge,2018-06-11,2018-06-25,3,housewares,Central-West,0.0
base,ridge,2018-06-11,2018-07-02,4,housewares,Central-West,0.0
base,ridge,2018-06-11,2018-06-11,1,housewares,North,1.0
base,ridge,2018-06-11,2018-06-18,2,housewares,North,0.0
base,ridge,2018-06-11,2018-06-25,3,housewares,North,0.0
base,ridge,2018-06-11,2018-07-02,4,housewares,North,0.0
base,ridge,2018-06-11,2018-06-11,1,housewares,Northeast,9.0
base,ridge,2018-06-11,2018-06-18,2,housewares,Northeast,0.0
base,ridge,2018-06-11,2018-06-25,3,housewares,Northeast,0.0
base,ridge,2018-06-11,2018-07-02,4,housewares,Northeast,0.0
base,ridge,2018-06-11,2018-06-11,1,housewares,South,10.0
base,ridge,2018-06-11,2018-06-18,2,housewares,South,0.0
base,ridge,2018-06-11,2018-06-25,3,housewares,South,0.0
base,ridge,2018-06-11,2018-07-02,4,housewares,South,0.0
base,ridge,2018-06-11,2018-06-11,1,housewares,Southeast,11.0
base,ridge,2018-06-11,2018-06-18,2,housewares,Southeast,0.0
base,ridge,2018-06-11,2018-06-25,3,housewares,Southeast,0.0
base,ridge,2018-06-11,2018-07-02,4,housewares,Southeast,0.0
base,ridge,2018-06-11,2018-06-11,1,sports_leisure,Central-West,0.0
base,ridge,2018-06-11,2018-06-18,2,sports_leisure,Central-West,0.0
base,ridge,2018-06-11,2018-06-25,3,sports_leisure,Central-West,0.0
base,ridge,2018-06-11,2018-07-02,4,sports_leisure,Central-West,0.0
base,ridge,2018-06-11,2018-06-11,1,sports_leisure,North,0.0
base,ridge,2018-06-11,2018-06-18,2,sports_leisure,North,0.0
base,ridge,2018-06-11,2018-06-25,3,sports_leisure,North,0.0
base,ridge,2018-06-11,2018-07-02,4,sports_leisure,North,0.0
base,ridge,2018-06-11,2018-06-11,1,sports_leisure,Northeast,0.0
base,ridge,2018-06-11,2018-06-18,2,sports_leisure,Northeast,0.0
base,ridge,2018-06-11,2018-06-25,3,sports_leisure,Northeast,0.0
base,ridge,2018-06-11,2018-07-02,4,sports_leisure,Northeast,0.0
base,ridge,2018-06-11,2018-06-11,1,sports_leisure,South,0.0
base,ridge,2018-06-11,2018-06-18,2,sports_leisure,South,0.0
base,ridge,2018-06-11,2018-06-25,3,sports_leisure,South,0.0
base,ridge,2018-06-11,2018-07-02,4,sports_leisure,South,0.0
base,ridge,2018-06-11,2018-06-11,1,sports_leisure,Southeast,0.0
base,ridge,2018-06-11,2018-06-18,2,sports_leisure,Southeast,0.0
base,ridge,2018-06-11,2018-06-25,3,sports_leisure,Southeast,0.0
base,ridge,2018-06-11,2018-07-02,4,sports_leisure,Southeast,0.0
base,ridge,2018-06-11,2018-06-11,1,telephony,Central-West,0.0
base,ridge,2018-06-11,2018-06-18,2,telephony,Central-West,0.0
base,ridge,2018-06-11,2018-06-25,3,telephony,Central-West,0.0
base,ridge,2018-06-11,2018-07-02,4,telephony,Central-West,0.0
base,ridge,2018-06-11,2018-06-11,1,telephony,North,0.0
base,ridge,2018-06-11,2018-06-18,2,telephony,North,0.0
base,ridge,2018-06-11,2018-06-25,3,telephony,North,0.0
base,ridge,2018-06-11,2018-07-02,4,telephony,North,0.0
base,ridge,2018-06-11,2018-06-11,1,telephony,Northeast,0.0
base,ridge,2018-06-11,2018-06-18,2,telephony,Northeast,0.0
base,ridge,2018-06-11,2018-06-25,3,telephony,Northeast,0.0
base,ridge,2018-06-11,2018-07-02,4,telephony,Northeast,0.0
base,ridge,2018-06-11,2018-06-11,1,telephony,South,0.0
base,ridge,2018-06-11,2018-06-18,2,telephony,South,0.0
base,ridge,2018-06-11,2018-06-25,3,telephony,South,0.0
base,ridge,2018-06-11,2018-07-02,4,telephony,South,0.0
base,ridge,2018-06-11,2018-06-11,1,telephony,Southeast,0.0
base,ridge,2018-06-11,2018-06-18,2,telephony,Southeast,0.0
base,ridge,2018-06-11,2018-06-25,3,telephony,Southeast,0.0
base,ridge,2018-06-11,2018-07-02,4,telephony,Southeast,0.0
base,ridge,2018-06-11,2018-06-11,1,watches_gifts,Central-West,0.0
base,ridge,2018-06-11,2018-06-18,2,watches_gifts,Central-West,0.0
base,ridge,2018-06-11,2018-06-25,3,watches_gifts,Central-West,0.0
base,ridge,2018-06-11,2018-07-02,4,watches_gifts,Central-West,0.0
base,ridge,2018-06-11,2018-06-11,1,watches_gifts,North,0.0
base,ridge,2018-06-11,2018-06-18,2,watches_gifts,North,0.0
base,ridge,2018-06-11,2018-06-25,3,watches_gifts,North,0.0
base,ridge,2018-06-11,2018-07-02,4,watches_gifts,North,0.0
base,ridge,2018-06-11,2018-06-11,1,watches_gifts,Northeast,0.0
base,ridge,2018-06-11,2018-06-18,2,watches_gifts,Northeast,0.0
base,ridge,2018-06-11,2018-06-25,3,watches_gifts,Northeast,0.0
base,ridge,2018-06-11,2018-07-02,4,watches_gifts,Northeast,0.0
base,ridge,2018-06-11,2018-06-11,1,watches_gifts,South,0.0
base,ridge,2018-06-11,2018-06-18,2,watches_gifts,South,0.0
base,ridge,2018-06-11,2018-06-25,3,watches_gifts,South,0.0
base,ridge,2018-06-11,2018-07-02,4,watches_gifts,South,0.0
base,ridge,2018-06-11,2018-06-11,1,watches_gifts,Southeast,0.0
base,ridge,2018-06-11,2018-06-18,2,watches_gifts,Southeast,0.0
base,ridge,2018-06-11,2018-06-25,3,watches_gifts,Southeast,0.0
base,ridge,2018-06-11,2018-07-02,4,watches_gifts,Southeast,0.0
base,ridge,2018-06-18,2018-06-18,1,auto,Central-West,0.0
base,ridge,2018-06-18,2018-06-25,2,auto,Central-West,0.0
base,ridge,2018-06-18,2018-07-02,3,auto,Central-West,0.0
base,ridge,2018-06-18,2018-07-09,4,auto,Central-West,0.0
base,ridge,2018-06-18,2018-06-18,1,auto,North,0.0
base,ridge,2018-06-18,2018-06-25,2,auto,North,0.0
base,ridge,2018-06-18,2018-07-02,3,auto,North,0.0
base,ridge,2018-06-18,2018-07-09,4,auto,North,0.0
base,ridge,2018-06-18,2018-06-18,1,auto,Northeast,0.0
base,ridge,2018-06-18,2018-06-25,2,auto,Northeast,0.0
base,ridge,2018-06-18,2018-07-02,3,auto,Northeast,0.0
base,ridge,2018-06-18,2018-07-09,4,auto,Northeast,0.0
base,ridge,2018-06-18,2018-06-18,1,auto,South,0.0
base,ridge,2018-06-18,2018-06-25,2,auto,South,0.0
base,ridge,2018-06-18,2018-07-02,3,auto,South,0.0
base,ridge,2018-06-18,2018-07-09,4,auto,South,0.0
base,ridge,2018-06-18,2018-06-18,1,auto,Southeast,0.0
base,ridge,2018-06-18,2018-06-25,2,auto,Southeast,0.0
base,ridge,2018-06-18,2018-07-02,3,auto,Southeast,0.0
base,ridge,2018-06-18,2018-07-09,4,auto,Southeast,0.0
base,ridge,2018-06-18,2018-06-18,1,bed_bath_table,Central-West,0.0
base,ridge,2018-06-18,2018-06-25,2,bed_bath_table,Central-West,0.0
base,ridge,2018-06-18,2018-07-02,3,bed_bath_table,Central-West,0.0
base,ridge,2018-06-18,2018-07-09,4,bed_bath_table,Central-West,0.0
base,ridge,2018-06-18,2018-06-18,1,bed_bath_table,North,0.0
base,ridge,2018-06-18,2018-06-25,2,bed_bath_table,North,0.0
base,ridge,2018-06-18,2018-07-02,3,bed_bath_table,North,0.0
base,ridge,2018-06-18,2018-07-09,4,bed_bath_table,North,0.0
base,ridge,2018-06-18,2018-06-18,1,bed_bath_table,Northeast,1.0
base,ridge,2018-06-18,2018-06-25,2,bed_bath_table,Northeast,0.0
base,ridge,2018-06-18,2018-07-02,3,bed_bath_table,Northeast,0.0
base,ridge,2018-06-18,2018-07-09,4,bed_bath_table,Northeast,0.0
base,ridge,2018-06-18,2018-06-18,1,bed_bath_table,South,0.0
base,ridge,2018-06-18,2018-06-25,2,bed_bath_table,South,0.0
base,ridge,2018-06-18,2018-07-02,3,bed_bath_table,South,0.0
base,ridge,2018-06-18,2018-07-09,4,bed_bath_table,South,0.0
base,ridge,2018-06-18,2018-06-18,1,bed_bath_table,Southeast,0.0
base,ridge,2018-06-18,2018-06-25,2,bed_bath_table,Southeast,0.0
base,ridge,2018-06-18,2018-07-02,3,bed_bath_table,Southeast,0.0
base,ridge,2018-06-18,2018-07-09,4,bed_bath_table,Southeast,0.0
base,ridge,2018-06-18,2018-06-18,1,computers_accessories,Central-West,0.0
base,ridge,2018-06-18,2018-06-25,2,computers_accessories,Central-West,0.0
base,ridge,2018-06-18,2018-07-02,3,computers_accessories,Central-West,0.0
base,ridge,2018-06-18,2018-07-09,4,computers_accessories,Central-West,0.0
base,ridge,2018-06-18,2018-06-18,1,computers_accessories,North,0.0
base,ridge,2018-06-18,2018-06-25,2,computers_accessories,North,0.0
base,ridge,2018-06-18,2018-07-02,3,computers_accessories,North,0.0
base,ridge,2018-06-18,2018-07-09,4,computers_accessories,North,0.0
base,ridge,2018-06-18,2018-06-18,1,computers_accessories,Northeast,0.0
base,ridge,2018-06-18,2018-06-25,2,computers_accessories,Northeast,0.0
base,ridge,2018-06-18,2018-07-02,3,computers_accessories,Northeast,0.0
base,ridge,2018-06-18,2018-07-09,4,computers_accessories,Northeast,0.0
base,ridge,2018-06-18,2018-06-18,1,computers_accessories,South,0.0
base,ridge,2018-06-18,2018-06-25,2,computers_accessories,South,0.0
base,ridge,2018-06-18,2018-07-02,3,computers_accessories,South,0.0
base,ridge,2018-06-18,2018-07-09,4,computers_accessories,South,0.0
base,ridge,2018-06-18,2018-06-18,1,computers_accessories,Southeast,0.0
base,ridge,2018-06-18,2018-06-25,2,computers_accessories,Southeast,0.0
base,ridge,2018-06-18,2018-07-02,3,computers_accessories,Southeast,0.0
base,ridge,2018-06-18,2018-07-09,4,computers_accessories,Southeast,0.0
base,ridge,2018-06-18,2018-06-18,1,furniture_decor,Central-West,0.0
base,ridge,2018-06-18,2018-06-25,2,furniture_decor,Central-West,0.0
base,ridge,2018-06-18,2018-07-02,3,furniture_decor,Central-West,0.0
base,ridge,2018-06-18,2018-07-09,4,furniture_decor,Central-West,0.0
base,ridge,2018-06-18,2018-06-18,1,furniture_decor,North,0.0
base,ridge,2018-06-18,2018-06-25,2,furniture_decor,North,0.0
base,ridge,2018-06-18,2018-07-02,3,furniture_decor,North,0.0
base,ridge,2018-06-18,2018-07-09,4,furniture_decor,North,0.0
base,ridge,2018-06-18,2018-06-18,1,furniture_decor,Northeast,0.0
base,ridge,2018-06-18,2018-06-25,2,furniture_decor,Northeast,0.0
base,ridge,2018-06-18,2018-07-02,3,furniture_decor,Northeast,0.0
base,ridge,2018-06-18,2018-07-09,4,furniture_decor,Northeast,0.0
base,ridge,2018-06-18,2018-06-18,1,furniture_decor,South,0.0
base,ridge,2018-06-18,2018-06-25,2,furniture_decor,South,0.0
base,ridge,2018-06-18,2018-07-02,3,furniture_decor,South,0.0
base,ridge,2018-06-18,2018-07-09,4,furniture_decor,South,0.0
base,ridge,2018-06-18,2018-06-18,1,furniture_decor,Southeast,0.0
base,ridge,2018-06-18,2018-06-25,2,furniture_decor,Southeast,0.0
base,ridge,2018-06-18,2018-07-02,3,furniture_decor,Southeast,0.0
base,ridge,2018-06-18,2018-07-09,4,furniture_decor,Southeast,0.0
base,ridge,2018-06-18,2018-06-18,1,garden_tools,Central-West,0.0
base,ridge,2018-06-18,2018-06-25,2,garden_tools,Central-West,0.0
base,ridge,2018-06-18,2018-07-02,3,garden_tools,Central-West,0.0
base,ridge,2018-06-18,2018-07-09,4,garden_tools,Central-West,0.0
base,ridge,2018-06-18,2018-06-18,1,garden_tools,North,0.0
base,ridge,2018-06-18,2018-06-25,2,garden_tools,North,0.0
base,ridge,2018-06-18,2018-07-02,3,garden_tools,North,0.0
base,ridge,2018-06-18,2018-07-09,4,garden_tools,North,0.0
base,ridge,2018-06-18,2018-06-18,1,garden_tools,Northeast,0.0
base,ridge,2018-06-18,2018-06-25,2,garden_tools,Northeast,0.0
base,ridge,2018-06-18,2018-07-02,3,garden_tools,Northeast,0.0
base,ridge,2018-06-18,2018-07-09,4,garden_tools,Northeast,0.0
base,ridge,2018-06-18,2018-06-18,1,garden_tools,South,0.0
base,ridge,2018-06-18,2018-06-25,2,garden_tools,South,0.0
base,ridge,2018-06-18,2018-07-02,3,garden_tools,South,0.0
base,ridge,2018-06-18,2018-07-09,4,garden_tools,South,0.0
base,ridge,2018-06-18,2018-06-18,1,garden_tools,Southeast,0.0
base,ridge,2018-06-18,2018-06-25,2,garden_tools,Southeast,0.0
base,ridge,2018-06-18,2018-07-02,3,garden_tools,Southeast,0.0
base,ridge,2018-06-18,2018-07-09,4,garden_tools,Southeast,0.0
base,ridge,2018-06-18,2018-06-18,1,health_beauty,Central-West,7.0
base,ridge,2018-06-18,2018-06-25,2,health_beauty,Central-West,0.0
base,ridge,2018-06-18,2018-07-02,3,health_beauty,Central-West,0.0
base,ridge,2018-06-18,2018-07-09,4,health_beauty,Central-West,0.0
base,ridge,2018-06-18,2018-06-18,1,health_beauty,North,3.0
base,ridge,2018-06-18,2018-06-25,2,health_beauty,North,0.0
base,ridge,2018-06-18,2018-07-02,3,health_beauty,North,0.0
base,ridge,2018-06-18,2018-07-09,4,health_beauty,North,0.0
base,ridge,2018-06-18,2018-06-18,1,health_beauty,Northeast,12.0
base,ridge,2018-06-18,2018-06-25,2,health_beauty,Northeast,0.0
base,ridge,2018-06-18,2018-07-02,3,health_beauty,Northeast,0.0
base,ridge,2018-06-18,2018-07-09,4,health_beauty,Northeast,0.0
base,ridge,2018-06-18,2018-06-18,1,health_beauty,South,0.0
base,ridge,2018-06-18,2018-06-25,2,health_beauty,South,0.0
base,ridge,2018-06-18,2018-07-02,3,health_beauty,South,0.0
base,ridge,2018-06-18,2018-07-09,4,health_beauty,South,0.0
base,ridge,2018-06-18,2018-06-18,1,health_beauty,Southeast,0.0
base,ridge,2018-06-18,2018-06-25,2,health_beauty,Southeast,0.0
base,ridge,2018-06-18,2018-07-02,3,health_beauty,Southeast,0.0
base,ridge,2018-06-18,2018-07-09,4,health_beauty,Southeast,0.0
base,ridge,2018-06-18,2018-06-18,1,housewares,Central-West,0.0
base,ridge,2018-06-18,2018-06-25,2,housewares,Central-West,0.0
base,ridge,2018-06-18,2018-07-02,3,housewares,Central-West,0.0
base,ridge,2018-06-18,2018-07-09,4,housewares,Central-West,0.0
base,ridge,2018-06-18,2018-06-18,1,housewares,North,0.0
base,ridge,2018-06-18,2018-06-25,2,housewares,North,0.0
base,ridge,2018-06-18,2018-07-02,3,housewares,North,0.0
base,ridge,2018-06-18,2018-07-09,4,housewares,North,0.0
base,ridge,2018-06-18,2018-06-18,1,housewares,Northeast,0.0
base,ridge,2018-06-18,2018-06-25,2,housewares,Northeast,0.0
base,ridge,2018-06-18,2018-07-02,3,housewares,Northeast,0.0
base,ridge,2018-06-18,2018-07-09,4,housewares,Northeast,0.0
base,ridge,2018-06-18,2018-06-18,1,housewares,South,0.0
base,ridge,2018-06-18,2018-06-25,2,housewares,South,0.0
base,ridge,2018-06-18,2018-07-02,3,housewares,South,0.0
base,ridge,2018-06-18,2018-07-09,4,housewares,South,0.0
base,ridge,2018-06-18,2018-06-18,1,housewares,Southeast,0.0
base,ridge,2018-06-18,2018-06-25,2,housewares,Southeast,0.0
base,ridge,2018-06-18,2018-07-02,3,housewares,Southeast,0.0
base,ridge,2018-06-18,2018-07-09,4,housewares,Southeast,0.0
base,ridge,2018-06-18,2018-06-18,1,sports_leisure,Central-West,0.0
base,ridge,2018-06-18,2018-06-25,2,sports_leisure,Central-West,0.0
base,ridge,2018-06-18,2018-07-02,3,sports_leisure,Central-West,0.0
base,ridge,2018-06-18,2018-07-09,4,sports_leisure,Central-West,0.0
base,ridge,2018-06-18,2018-06-18,1,sports_leisure,North,0.0
base,ridge,2018-06-18,2018-06-25,2,sports_leisure,North,0.0
base,ridge,2018-06-18,2018-07-02,3,sports_leisure,North,0.0
base,ridge,2018-06-18,2018-07-09,4,sports_leisure,North,0.0
base,ridge,2018-06-18,2018-06-18,1,sports_leisure,Northeast,0.0
base,ridge,2018-06-18,2018-06-25,2,sports_leisure,Northeast,0.0
base,ridge,2018-06-18,2018-07-02,3,sports_leisure,Northeast,0.0
base,ridge,2018-06-18,2018-07-09,4,sports_leisure,Northeast,0.0
base,ridge,2018-06-18,2018-06-18,1,sports_leisure,South,0.0
base,ridge,2018-06-18,2018-06-25,2,sports_leisure,South,0.0
base,ridge,2018-06-18,2018-07-02,3,sports_leisure,South,0.0
base,ridge,2018-06-18,2018-07-09,4,sports_leisure,South,0.0
base,ridge,2018-06-18,2018-06-18,1,sports_leisure,Southeast,0.0
base,ridge,2018-06-18,2018-06-25,2,sports_leisure,Southeast,0.0
base,ridge,2018-06-18,2018-07-02,3,sports_leisure,Southeast,0.0
base,ridge,2018-06-18,2018-07-09,4,sports_leisure,Southeast,0.0
base,ridge,2018-06-18,2018-06-18,1,telephony,Central-West,0.0
base,ridge,2018-06-18,2018-06-25,2,telephony,Central-West,0.0
base,ridge,2018-06-18,2018-07-02,3,telephony,Central-West,0.0
base,ridge,2018-06-18,2018-07-09,4,telephony,Central-West,0.0
base,ridge,2018-06-18,2018-06-18,1,telephony,North,0.0
base,ridge,2018-06-18,2018-06-25,2,telephony,North,0.0
base,ridge,2018-06-18,2018-07-02,3,telephony,North,0.0
base,ridge,2018-06-18,2018-07-09,4,telephony,North,0.0
base,ridge,2018-06-18,2018-06-18,1,telephony,Northeast,0.0
base,ridge,2018-06-18,2018-06-25,2,telephony,Northeast,0.0
base,ridge,2018-06-18,2018-07-02,3,telephony,Northeast,0.0
base,ridge,2018-06-18,2018-07-09,4,telephony,Northeast,0.0
base,ridge,2018-06-18,2018-06-18,1,telephony,South,0.0
base,ridge,2018-06-18,2018-06-25,2,telephony,South,0.0
base,ridge,2018-06-18,2018-07-02,3,telephony,South,0.0
base,ridge,2018-06-18,2018-07-09,4,telephony,South,0.0
base,ridge,2018-06-18,2018-06-18,1,telephony,Southeast,0.0
base,ridge,2018-06-18,2018-06-25,2,telephony,Southeast,0.0
base,ridge,2018-06-18,2018-07-02,3,telephony,Southeast,0.0
base,ridge,2018-06-18,2018-07-09,4,telephony,Southeast,0.0
base,ridge,2018-06-18,2018-06-18,1,watches_gifts,Central-West,0.0
base,ridge,2018-06-18,2018-06-25,2,watches_gifts,Central-West,0.0
base,ridge,2018-06-18,2018-07-02,3,watches_gifts,Central-West,0.0
base,ridge,2018-06-18,2018-07-09,4,watches_gifts,Central-West,0.0
base,ridge,2018-06-18,2018-06-18,1,watches_gifts,North,0.0
base,ridge,2018-06-18,2018-06-25,2,watches_gifts,North,0.0
base,ridge,2018-06-18,2018-07-02,3,watches_gifts,North,0.0
base,ridge,2018-06-18,2018-07-09,4,watches_gifts,North,0.0
base,ridge,2018-06-18,2018-06-18,1,watches_gifts,Northeast,0.0
base,ridge,2018-06-18,2018-06-25,2,watches_gifts,Northeast,0.0
base,ridge,2018-06-18,2018-07-02,3,watches_gifts,Northeast,0.0
base,ridge,2018-06-18,2018-07-09,4,watches_gifts,Northeast,0.0
base,ridge,2018-06-18,2018-06-18,1,watches_gifts,South,0.0
base,ridge,2018-06-18,2018-06-25,2,watches_gifts,South,0.0
base,ridge,2018-06-18,2018-07-02,3,watches_gifts,South,0.0
base,ridge,2018-06-18,2018-07-09,4,watches_gifts,South,0.0
base,ridge,2018-06-18,2018-06-18,1,watches_gifts,Southeast,0.0
base,ridge,2018-06-18,2018-06-25,2,watches_gifts,Southeast,0.0
base,ridge,2018-06-18,2018-07-02,3,watches_gifts,Southeast,0.0
base,ridge,2018-06-18,2018-07-09,4,watches_gifts,Southeast,0.0
base,ridge,2018-06-25,2018-06-25,1,auto,Central-West,0.0
base,ridge,2018-06-25,2018-07-02,2,auto,Central-West,0.0
base,ridge,2018-06-25,2018-07-09,3,auto,Central-West,0.0
base,ridge,2018-06-25,2018-07-16,4,auto,Central-West,0.0
base,ridge,2018-06-25,2018-06-25,1,auto,North,0.0
base,ridge,2018-06-25,2018-07-02,2,auto,North,0.0
base,ridge,2018-06-25,2018-07-09,3,auto,North,0.0
base,ridge,2018-06-25,2018-07-16,4,auto,North,0.0
base,ridge,2018-06-25,2018-06-25,1,auto,Northeast,0.0
base,ridge,2018-06-25,2018-07-02,2,auto,Northeast,0.0
base,ridge,2018-06-25,2018-07-09,3,auto,Northeast,0.0
base,ridge,2018-06-25,2018-07-16,4,auto,Northeast,0.0
base,ridge,2018-06-25,2018-06-25,1,auto,South,0.0
base,ridge,2018-06-25,2018-07-02,2,auto,South,0.0
base,ridge,2018-06-25,2018-07-09,3,auto,South,0.0
base,ridge,2018-06-25,2018-07-16,4,auto,South,0.0
base,ridge,2018-06-25,2018-06-25,1,auto,Southeast,0.0
base,ridge,2018-06-25,2018-07-02,2,auto,Southeast,0.0
base,ridge,2018-06-25,2018-07-09,3,auto,Southeast,0.0
base,ridge,2018-06-25,2018-07-16,4,auto,Southeast,0.0
base,ridge,2018-06-25,2018-06-25,1,bed_bath_table,Central-West,0.0
base,ridge,2018-06-25,2018-07-02,2,bed_bath_table,Central-West,0.0
base,ridge,2018-06-25,2018-07-09,3,bed_bath_table,Central-West,0.0
base,ridge,2018-06-25,2018-07-16,4,bed_bath_table,Central-West,0.0
base,ridge,2018-06-25,2018-06-25,1,bed_bath_table,North,0.0
base,ridge,2018-06-25,2018-07-02,2,bed_bath_table,North,0.0
base,ridge,2018-06-25,2018-07-09,3,bed_bath_table,North,0.0
base,ridge,2018-06-25,2018-07-16,4,bed_bath_table,North,0.0
base,ridge,2018-06-25,2018-06-25,1,bed_bath_table,Northeast,0.0
base,ridge,2018-06-25,2018-07-02,2,bed_bath_table,Northeast,0.0
base,ridge,2018-06-25,2018-07-09,3,bed_bath_table,Northeast,0.0
base,ridge,2018-06-25,2018-07-16,4,bed_bath_table,Northeast,0.0
base,ridge,2018-06-25,2018-06-25,1,bed_bath_table,South,0.0
base,ridge,2018-06-25,2018-07-02,2,bed_bath_table,South,0.0
base,ridge,2018-06-25,2018-07-09,3,bed_bath_table,South,0.0
base,ridge,2018-06-25,2018-07-16,4,bed_bath_table,South,0.0
base,ridge,2018-06-25,2018-06-25,1,bed_bath_table,Southeast,0.0
base,ridge,2018-06-25,2018-07-02,2,bed_bath_table,Southeast,0.0
base,ridge,2018-06-25,2018-07-09,3,bed_bath_table,Southeast,0.0
base,ridge,2018-06-25,2018-07-16,4,bed_bath_table,Southeast,0.0
base,ridge,2018-06-25,2018-06-25,1,computers_accessories,Central-West,0.0
base,ridge,2018-06-25,2018-07-02,2,computers_accessories,Central-West,0.0
base,ridge,2018-06-25,2018-07-09,3,computers_accessories,Central-West,0.0
base,ridge,2018-06-25,2018-07-16,4,computers_accessories,Central-West,0.0
base,ridge,2018-06-25,2018-06-25,1,computers_accessories,North,0.0
base,ridge,2018-06-25,2018-07-02,2,computers_accessories,North,0.0
base,ridge,2018-06-25,2018-07-09,3,computers_accessories,North,0.0
base,ridge,2018-06-25,2018-07-16,4,computers_accessories,North,0.0
base,ridge,2018-06-25,2018-06-25,1,computers_accessories,Northeast,0.0
base,ridge,2018-06-25,2018-07-02,2,computers_accessories,Northeast,0.0
base,ridge,2018-06-25,2018-07-09,3,computers_accessories,Northeast,0.0
base,ridge,2018-06-25,2018-07-16,4,computers_accessories,Northeast,0.0
base,ridge,2018-06-25,2018-06-25,1,computers_accessories,South,0.0
base,ridge,2018-06-25,2018-07-02,2,computers_accessories,South,0.0
base,ridge,2018-06-25,2018-07-09,3,computers_accessories,South,0.0
base,ridge,2018-06-25,2018-07-16,4,computers_accessories,South,0.0
base,ridge,2018-06-25,2018-06-25,1,computers_accessories,Southeast,0.0
base,ridge,2018-06-25,2018-07-02,2,computers_accessories,Southeast,0.0
base,ridge,2018-06-25,2018-07-09,3,computers_accessories,Southeast,0.0
base,ridge,2018-06-25,2018-07-16,4,computers_accessories,Southeast,0.0
base,ridge,2018-06-25,2018-06-25,1,furniture_decor,Central-West,0.0
base,ridge,2018-06-25,2018-07-02,2,furniture_decor,Central-West,0.0
base,ridge,2018-06-25,2018-07-09,3,furniture_decor,Central-West,0.0
base,ridge,2018-06-25,2018-07-16,4,furniture_decor,Central-West,0.0
base,ridge,2018-06-25,2018-06-25,1,furniture_decor,North,0.0
base,ridge,2018-06-25,2018-07-02,2,furniture_decor,North,0.0
base,ridge,2018-06-25,2018-07-09,3,furniture_decor,North,0.0
base,ridge,2018-06-25,2018-07-16,4,furniture_decor,North,0.0
base,ridge,2018-06-25,2018-06-25,1,furniture_decor,Northeast,0.0
base,ridge,2018-06-25,2018-07-02,2,furniture_decor,Northeast,0.0
base,ridge,2018-06-25,2018-07-09,3,furniture_decor,Northeast,0.0
base,ridge,2018-06-25,2018-07-16,4,furniture_decor,Northeast,0.0
base,ridge,2018-06-25,2018-06-25,1,furniture_decor,South,0.0
base,ridge,2018-06-25,2018-07-02,2,furniture_decor,South,0.0
base,ridge,2018-06-25,2018-07-09,3,furniture_decor,South,0.0
base,ridge,2018-06-25,2018-07-16,4,furniture_decor,South,0.0
base,ridge,2018-06-25,2018-06-25,1,furniture_decor,Southeast,0.0
base,ridge,2018-06-25,2018-07-02,2,furniture_decor,Southeast,0.0
base,ridge,2018-06-25,2018-07-09,3,furniture_decor,Southeast,0.0
base,ridge,2018-06-25,2018-07-16,4,furniture_decor,Southeast,0.0
base,ridge,2018-06-25,2018-06-25,1,garden_tools,Central-West,0.0
base,ridge,2018-06-25,2018-07-02,2,garden_tools,Central-West,0.0
base,ridge,2018-06-25,2018-07-09,3,garden_tools,Central-West,0.0
base,ridge,2018-06-25,2018-07-16,4,garden_tools,Central-West,0.0
base,ridge,2018-06-25,2018-06-25,1,garden_tools,North,0.0
base,ridge,2018-06-25,2018-07-02,2,garden_tools,North,0.0
base,ridge,2018-06-25,2018-07-09,3,garden_tools,North,0.0
base,ridge,2018-06-25,2018-07-16,4,garden_tools,North,0.0
base,ridge,2018-06-25,2018-06-25,1,garden_tools,Northeast,0.0
base,ridge,2018-06-25,2018-07-02,2,garden_tools,Northeast,0.0
base,ridge,2018-06-25,2018-07-09,3,garden_tools,Northeast,0.0
base,ridge,2018-06-25,2018-07-16,4,garden_tools,Northeast,0.0
base,ridge,2018-06-25,2018-06-25,1,garden_tools,South,0.0
base,ridge,2018-06-25,2018-07-02,2,garden_tools,South,0.0
base,ridge,2018-06-25,2018-07-09,3,garden_tools,South,0.0
base,ridge,2018-06-25,2018-07-16,4,garden_tools,South,0.0
base,ridge,2018-06-25,2018-06-25,1,garden_tools,Southeast,0.0
base,ridge,2018-06-25,2018-07-02,2,garden_tools,Southeast,0.0
base,ridge,2018-06-25,2018-07-09,3,garden_tools,Southeast,0.0
base,ridge,2018-06-25,2018-07-16,4,garden_tools,Southeast,0.0
base,ridge,2018-06-25,2018-06-25,1,health_beauty,Central-West,0.0
base,ridge,2018-06-25,2018-07-02,2,health_beauty,Central-West,0.0
base,ridge,2018-06-25,2018-07-09,3,health_beauty,Central-West,0.0
base,ridge,2018-06-25,2018-07-16,4,health_beauty,Central-West,0.0
base,ridge,2018-06-25,2018-06-25,1,health_beauty,North,2.0
base,ridge,2018-06-25,2018-07-02,2,health_beauty,North,0.0
base,ridge,2018-06-25,2018-07-09,3,health_beauty,North,0.0
base,ridge,2018-06-25,2018-07-16,4,health_beauty,North,0.0
base,ridge,2018-06-25,2018-06-25,1,health_beauty,Northeast,7.0
base,ridge,2018-06-25,2018-07-02,2,health_beauty,Northeast,0.0
base,ridge,2018-06-25,2018-07-09,3,health_beauty,Northeast,0.0
base,ridge,2018-06-25,2018-07-16,4,health_beauty,Northeast,0.0
base,ridge,2018-06-25,2018-06-25,1,health_beauty,South,0.0
base,ridge,2018-06-25,2018-07-02,2,health_beauty,South,0.0
base,ridge,2018-06-25,2018-07-09,3,health_beauty,South,0.0
base,ridge,2018-06-25,2018-07-16,4,health_beauty,South,0.0
base,ridge,2018-06-25,2018-06-25,1,health_beauty,Southeast,0.0
base,ridge,2018-06-25,2018-07-02,2,health_beauty,Southeast,0.0
base,ridge,2018-06-25,2018-07-09,3,health_beauty,Southeast,0.0
base,ridge,2018-06-25,2018-07-16,4,health_beauty,Southeast,0.0
base,ridge,2018-06-25,2018-06-25,1,housewares,Central-West,0.0
base,ridge,2018-06-25,2018-07-02,2,housewares,Central-West,0.0
base,ridge,2018-06-25,2018-07-09,3,housewares,Central-West,0.0
base,ridge,2018-06-25,2018-07-16,4,housewares,Central-West,0.0
base,ridge,2018-06-25,2018-06-25,1,housewares,North,0.0
base,ridge,2018-06-25,2018-07-02,2,housewares,North,0.0
base,ridge,2018-06-25,2018-07-09,3,housewares,North,0.0
base,ridge,2018-06-25,2018-07-16,4,housewares,North,0.0
base,ridge,2018-06-25,2018-06-25,1,housewares,Northeast,0.0
base,ridge,2018-06-25,2018-07-02,2,housewares,Northeast,0.0
base,ridge,2018-06-25,2018-07-09,3,housewares,Northeast,0.0
base,ridge,2018-06-25,2018-07-16,4,housewares,Northeast,0.0
base,ridge,2018-06-25,2018-06-25,1,housewares,South,0.0
base,ridge,2018-06-25,2018-07-02,2,housewares,South,0.0
base,ridge,2018-06-25,2018-07-09,3,housewares,South,0.0
base,ridge,2018-06-25,2018-07-16,4,housewares,South,0.0
base,ridge,2018-06-25,2018-06-25,1,housewares,Southeast,0.0
base,ridge,2018-06-25,2018-07-02,2,housewares,Southeast,0.0
base,ridge,2018-06-25,2018-07-09,3,housewares,Southeast,0.0
base,ridge,2018-06-25,2018-07-16,4,housewares,Southeast,0.0
base,ridge,2018-06-25,2018-06-25,1,sports_leisure,Central-West,0.0
base,ridge,2018-06-25,2018-07-02,2,sports_leisure,Central-West,0.0
base,ridge,2018-06-25,2018-07-09,3,sports_leisure,Central-West,0.0
base,ridge,2018-06-25,2018-07-16,4,sports_leisure,Central-West,0.0
base,ridge,2018-06-25,2018-06-25,1,sports_leisure,North,0.0
base,ridge,2018-06-25,2018-07-02,2,sports_leisure,North,0.0
base,ridge,2018-06-25,2018-07-09,3,sports_leisure,North,0.0
base,ridge,2018-06-25,2018-07-16,4,sports_leisure,North,0.0
base,ridge,2018-06-25,2018-06-25,1,sports_leisure,Northeast,0.0
base,ridge,2018-06-25,2018-07-02,2,sports_leisure,Northeast,0.0
base,ridge,2018-06-25,2018-07-09,3,sports_leisure,Northeast,0.0
base,ridge,2018-06-25,2018-07-16,4,sports_leisure,Northeast,0.0
base,ridge,2018-06-25,2018-06-25,1,sports_leisure,South,0.0
base,ridge,2018-06-25,2018-07-02,2,sports_leisure,South,0.0
base,ridge,2018-06-25,2018-07-09,3,sports_leisure,South,0.0
base,ridge,2018-06-25,2018-07-16,4,sports_leisure,South,0.0
base,ridge,2018-06-25,2018-06-25,1,sports_leisure,Southeast,0.0
base,ridge,2018-06-25,2018-07-02,2,sports_leisure,Southeast,0.0
base,ridge,2018-06-25,2018-07-09,3,sports_leisure,Southeast,0.0
base,ridge,2018-06-25,2018-07-16,4,sports_leisure,Southeast,0.0
base,ridge,2018-06-25,2018-06-25,1,telephony,Central-West,0.0
base,ridge,2018-06-25,2018-07-02,2,telephony,Central-West,0.0
base,ridge,2018-06-25,2018-07-09,3,telephony,Central-West,0.0
base,ridge,2018-06-25,2018-07-16,4,telephony,Central-West,0.0
base,ridge,2018-06-25,2018-06-25,1,telephony,North,0.0
base,ridge,2018-06-25,2018-07-02,2,telephony,North,0.0
base,ridge,2018-06-25,2018-07-09,3,telephony,North,0.0
base,ridge,2018-06-25,2018-07-16,4,telephony,North,0.0
base,ridge,2018-06-25,2018-06-25,1,telephony,Northeast,0.0
base,ridge,2018-06-25,2018-07-02,2,telephony,Northeast,0.0
base,ridge,2018-06-25,2018-07-09,3,telephony,Northeast,0.0
base,ridge,2018-06-25,2018-07-16,4,telephony,Northeast,0.0
base,ridge,2018-06-25,2018-06-25,1,telephony,South,0.0
base,ridge,2018-06-25,2018-07-02,2,telephony,South,0.0
base,ridge,2018-06-25,2018-07-09,3,telephony,South,0.0
base,ridge,2018-06-25,2018-07-16,4,telephony,South,0.0
base,ridge,2018-06-25,2018-06-25,1,telephony,Southeast,0.0
base,ridge,2018-06-25,2018-07-02,2,telephony,Southeast,0.0
base,ridge,2018-06-25,2018-07-09,3,telephony,Southeast,0.0
base,ridge,2018-06-25,2018-07-16,4,telephony,Southeast,0.0
base,ridge,2018-06-25,2018-06-25,1,watches_gifts,Central-West,0.0
base,ridge,2018-06-25,2018-07-02,2,watches_gifts,Central-West,0.0
base,ridge,2018-06-25,2018-07-09,3,watches_gifts,Central-West,0.0
base,ridge,2018-06-25,2018-07-16,4,watches_gifts,Central-West,0.0
base,ridge,2018-06-25,2018-06-25,1,watches_gifts,North,0.0
base,ridge,2018-06-25,2018-07-02,2,watches_gifts,North,0.0
base,ridge,2018-06-25,2018-07-09,3,watches_gifts,North,0.0
base,ridge,2018-06-25,2018-07-16,4,watches_gifts,North,0.0
base,ridge,2018-06-25,2018-06-25,1,watches_gifts,Northeast,0.0
base,ridge,2018-06-25,2018-07-02,2,watches_gifts,Northeast,0.0
base,ridge,2018-06-25,2018-07-09,3,watches_gifts,Northeast,0.0
base,ridge,2018-06-25,2018-07-16,4,watches_gifts,Northeast,0.0
base,ridge,2018-06-25,2018-06-25,1,watches_gifts,South,0.0
base,ridge,2018-06-25,2018-07-02,2,watches_gifts,South,0.0
base,ridge,2018-06-25,2018-07-09,3,watches_gifts,South,0.0
base,ridge,2018-06-25,2018-07-16,4,watches_gifts,South,0.0
base,ridge,2018-06-25,2018-06-25,1,watches_gifts,Southeast,0.0
base,ridge,2018-06-25,2018-07-02,2,watches_gifts,Southeast,0.0
base,ridge,2018-06-25,2018-07-09,3,watches_gifts,Southeast,0.0
base,ridge,2018-06-25,2018-07-16,4,watches_gifts,Southeast,0.0
base,ridge,2018-07-02,2018-07-02,1,auto,Central-West,0.0
base,ridge,2018-07-02,2018-07-09,2,auto,Central-West,0.0
base,ridge,2018-07-02,2018-07-16,3,auto,Central-West,0.0
base,ridge,2018-07-02,2018-07-23,4,auto,Central-West,0.0
base,ridge,2018-07-02,2018-07-02,1,auto,North,0.0
base,ridge,2018-07-02,2018-07-09,2,auto,North,0.0
base,ridge,2018-07-02,2018-07-16,3,auto,North,0.0
base,ridge,2018-07-02,2018-07-23,4,auto,North,0.0
base,ridge,2018-07-02,2018-07-02,1,auto,Northeast,0.0
base,ridge,2018-07-02,2018-07-09,2,auto,Northeast,0.0
base,ridge,2018-07-02,2018-07-16,3,auto,Northeast,0.0
base,ridge,2018-07-02,2018-07-23,4,auto,Northeast,0.0
base,ridge,2018-07-02,2018-07-02,1,auto,South,0.0
base,ridge,2018-07-02,2018-07-09,2,auto,South,0.0
base,ridge,2018-07-02,2018-07-16,3,auto,South,0.0
base,ridge,2018-07-02,2018-07-23,4,auto,South,0.0
base,ridge,2018-07-02,2018-07-02,1,auto,Southeast,0.0
base,ridge,2018-07-02,2018-07-09,2,auto,Southeast,0.0
base,ridge,2018-07-02,2018-07-16,3,auto,Southeast,0.0
base,ridge,2018-07-02,2018-07-23,4,auto,Southeast,0.0
base,ridge,2018-07-02,2018-07-02,1,bed_bath_table,Central-West,0.0
base,ridge,2018-07-02,2018-07-09,2,bed_bath_table,Central-West,0.0
base,ridge,2018-07-02,2018-07-16,3,bed_bath_table,Central-West,0.0
base,ridge,2018-07-02,2018-07-23,4,bed_bath_table,Central-West,0.0
base,ridge,2018-07-02,2018-07-02,1,bed_bath_table,North,0.0
base,ridge,2018-07-02,2018-07-09,2,bed_bath_table,North,0.0
base,ridge,2018-07-02,2018-07-16,3,bed_bath_table,North,0.0
base,ridge,2018-07-02,2018-07-23,4,bed_bath_table,North,0.0
base,ridge,2018-07-02,2018-07-02,1,bed_bath_table,Northeast,0.0
base,ridge,2018-07-02,2018-07-09,2,bed_bath_table,Northeast,0.0
base,ridge,2018-07-02,2018-07-16,3,bed_bath_table,Northeast,0.0
base,ridge,2018-07-02,2018-07-23,4,bed_bath_table,Northeast,0.0
base,ridge,2018-07-02,2018-07-02,1,bed_bath_table,South,0.0
base,ridge,2018-07-02,2018-07-09,2,bed_bath_table,South,0.0
base,ridge,2018-07-02,2018-07-16,3,bed_bath_table,South,0.0
base,ridge,2018-07-02,2018-07-23,4,bed_bath_table,South,0.0
base,ridge,2018-07-02,2018-07-02,1,bed_bath_table,Southeast,0.0
base,ridge,2018-07-02,2018-07-09,2,bed_bath_table,Southeast,0.0
base,ridge,2018-07-02,2018-07-16,3,bed_bath_table,Southeast,0.0
base,ridge,2018-07-02,2018-07-23,4,bed_bath_table,Southeast,0.0
base,ridge,2018-07-02,2018-07-02,1,computers_accessories,Central-West,0.0
base,ridge,2018-07-02,2018-07-09,2,computers_accessories,Central-West,0.0
base,ridge,2018-07-02,2018-07-16,3,computers_accessories,Central-West,0.0
base,ridge,2018-07-02,2018-07-23,4,computers_accessories,Central-West,0.0
base,ridge,2018-07-02,2018-07-02,1,computers_accessories,North,0.0
base,ridge,2018-07-02,2018-07-09,2,computers_accessories,North,0.0
base,ridge,2018-07-02,2018-07-16,3,computers_accessories,North,0.0
base,ridge,2018-07-02,2018-07-23,4,computers_accessories,North,0.0
base,ridge,2018-07-02,2018-07-02,1,computers_accessories,Northeast,0.0
base,ridge,2018-07-02,2018-07-09,2,computers_accessories,Northeast,0.0
base,ridge,2018-07-02,2018-07-16,3,computers_accessories,Northeast,0.0
base,ridge,2018-07-02,2018-07-23,4,computers_accessories,Northeast,0.0
base,ridge,2018-07-02,2018-07-02,1,computers_accessories,South,0.0
base,ridge,2018-07-02,2018-07-09,2,computers_accessories,South,0.0
base,ridge,2018-07-02,2018-07-16,3,computers_accessories,South,0.0
base,ridge,2018-07-02,2018-07-23,4,computers_accessories,South,0.0
base,ridge,2018-07-02,2018-07-02,1,computers_accessories,Southeast,0.0
base,ridge,2018-07-02,2018-07-09,2,computers_accessories,Southeast,0.0
base,ridge,2018-07-02,2018-07-16,3,computers_accessories,Southeast,0.0
base,ridge,2018-07-02,2018-07-23,4,computers_accessories,Southeast,0.0
base,ridge,2018-07-02,2018-07-02,1,furniture_decor,Central-West,0.0
base,ridge,2018-07-02,2018-07-09,2,furniture_decor,Central-West,0.0
base,ridge,2018-07-02,2018-07-16,3,furniture_decor,Central-West,0.0
base,ridge,2018-07-02,2018-07-23,4,furniture_decor,Central-West,0.0
base,ridge,2018-07-02,2018-07-02,1,furniture_decor,North,0.0
base,ridge,2018-07-02,2018-07-09,2,furniture_decor,North,0.0
base,ridge,2018-07-02,2018-07-16,3,furniture_decor,North,0.0
base,ridge,2018-07-02,2018-07-23,4,furniture_decor,North,0.0
base,ridge,2018-07-02,2018-07-02,1,furniture_decor,Northeast,0.0
base,ridge,2018-07-02,2018-07-09,2,furniture_decor,Northeast,0.0
base,ridge,2018-07-02,2018-07-16,3,furniture_decor,Northeast,0.0
base,ridge,2018-07-02,2018-07-23,4,furniture_decor,Northeast,0.0
base,ridge,2018-07-02,2018-07-02,1,furniture_decor,South,0.0
base,ridge,2018-07-02,2018-07-09,2,furniture_decor,South,0.0
base,ridge,2018-07-02,2018-07-16,3,furniture_decor,South,0.0
base,ridge,2018-07-02,2018-07-23,4,furniture_decor,South,0.0
base,ridge,2018-07-02,2018-07-02,1,furniture_decor,Southeast,0.0
base,ridge,2018-07-02,2018-07-09,2,furniture_decor,Southeast,0.0
base,ridge,2018-07-02,2018-07-16,3,furniture_decor,Southeast,0.0
base,ridge,2018-07-02,2018-07-23,4,furniture_decor,Southeast,0.0
base,ridge,2018-07-02,2018-07-02,1,garden_tools,Central-West,1.0
base,ridge,2018-07-02,2018-07-09,2,garden_tools,Central-West,0.0
base,ridge,2018-07-02,2018-07-16,3,garden_tools,Central-West,0.0
base,ridge,2018-07-02,2018-07-23,4,garden_tools,Central-West,0.0
base,ridge,2018-07-02,2018-07-02,1,garden_tools,North,0.0
base,ridge,2018-07-02,2018-07-09,2,garden_tools,North,0.0
base,ridge,2018-07-02,2018-07-16,3,garden_tools,North,0.0
base,ridge,2018-07-02,2018-07-23,4,garden_tools,North,0.0
base,ridge,2018-07-02,2018-07-02,1,garden_tools,Northeast,5.0
base,ridge,2018-07-02,2018-07-09,2,garden_tools,Northeast,0.0
base,ridge,2018-07-02,2018-07-16,3,garden_tools,Northeast,0.0
base,ridge,2018-07-02,2018-07-23,4,garden_tools,Northeast,0.0
base,ridge,2018-07-02,2018-07-02,1,garden_tools,South,5.0
base,ridge,2018-07-02,2018-07-09,2,garden_tools,South,0.0
base,ridge,2018-07-02,2018-07-16,3,garden_tools,South,0.0
base,ridge,2018-07-02,2018-07-23,4,garden_tools,South,0.0
base,ridge,2018-07-02,2018-07-02,1,garden_tools,Southeast,11.0
base,ridge,2018-07-02,2018-07-09,2,garden_tools,Southeast,0.0
base,ridge,2018-07-02,2018-07-16,3,garden_tools,Southeast,0.0
base,ridge,2018-07-02,2018-07-23,4,garden_tools,Southeast,0.0
base,ridge,2018-07-02,2018-07-02,1,health_beauty,Central-West,0.0
base,ridge,2018-07-02,2018-07-09,2,health_beauty,Central-West,0.0
base,ridge,2018-07-02,2018-07-16,3,health_beauty,Central-West,0.0
base,ridge,2018-07-02,2018-07-23,4,health_beauty,Central-West,0.0
base,ridge,2018-07-02,2018-07-02,1,health_beauty,North,0.0
base,ridge,2018-07-02,2018-07-09,2,health_beauty,North,0.0
base,ridge,2018-07-02,2018-07-16,3,health_beauty,North,0.0
base,ridge,2018-07-02,2018-07-23,4,health_beauty,North,0.0
base,ridge,2018-07-02,2018-07-02,1,health_beauty,Northeast,0.0
base,ridge,2018-07-02,2018-07-09,2,health_beauty,Northeast,0.0
base,ridge,2018-07-02,2018-07-16,3,health_beauty,Northeast,0.0
base,ridge,2018-07-02,2018-07-23,4,health_beauty,Northeast,0.0
base,ridge,2018-07-02,2018-07-02,1,health_beauty,South,0.0
base,ridge,2018-07-02,2018-07-09,2,health_beauty,South,0.0
base,ridge,2018-07-02,2018-07-16,3,health_beauty,South,0.0
base,ridge,2018-07-02,2018-07-23,4,health_beauty,South,0.0
base,ridge,2018-07-02,2018-07-02,1,health_beauty,Southeast,0.0
base,ridge,2018-07-02,2018-07-09,2,health_beauty,Southeast,0.0
base,ridge,2018-07-02,2018-07-16,3,health_beauty,Southeast,0.0
base,ridge,2018-07-02,2018-07-23,4,health_beauty,Southeast,0.0
base,ridge,2018-07-02,2018-07-02,1,housewares,Central-West,0.0
base,ridge,2018-07-02,2018-07-09,2,housewares,Central-West,0.0
base,ridge,2018-07-02,2018-07-16,3,housewares,Central-West,0.0
base,ridge,2018-07-02,2018-07-23,4,housewares,Central-West,0.0
base,ridge,2018-07-02,2018-07-02,1,housewares,North,0.0
base,ridge,2018-07-02,2018-07-09,2,housewares,North,0.0
base,ridge,2018-07-02,2018-07-16,3,housewares,North,0.0
base,ridge,2018-07-02,2018-07-23,4,housewares,North,0.0
base,ridge,2018-07-02,2018-07-02,1,housewares,Northeast,0.0
base,ridge,2018-07-02,2018-07-09,2,housewares,Northeast,0.0
base,ridge,2018-07-02,2018-07-16,3,housewares,Northeast,0.0
base,ridge,2018-07-02,2018-07-23,4,housewares,Northeast,0.0
base,ridge,2018-07-02,2018-07-02,1,housewares,South,0.0
base,ridge,2018-07-02,2018-07-09,2,housewares,South,0.0
base,ridge,2018-07-02,2018-07-16,3,housewares,South,0.0
base,ridge,2018-07-02,2018-07-23,4,housewares,South,0.0
base,ridge,2018-07-02,2018-07-02,1,housewares,Southeast,0.0
base,ridge,2018-07-02,2018-07-09,2,housewares,Southeast,0.0
base,ridge,2018-07-02,2018-07-16,3,housewares,Southeast,0.0
base,ridge,2018-07-02,2018-07-23,4,housewares,Southeast,0.0
base,ridge,2018-07-02,2018-07-02,1,sports_leisure,Central-West,0.0
base,ridge,2018-07-02,2018-07-09,2,sports_leisure,Central-West,0.0
base,ridge,2018-07-02,2018-07-16,3,sports_leisure,Central-West,0.0
base,ridge,2018-07-02,2018-07-23,4,sports_leisure,Central-West,0.0
base,ridge,2018-07-02,2018-07-02,1,sports_leisure,North,0.0
base,ridge,2018-07-02,2018-07-09,2,sports_leisure,North,0.0
base,ridge,2018-07-02,2018-07-16,3,sports_leisure,North,0.0
base,ridge,2018-07-02,2018-07-23,4,sports_leisure,North,0.0
base,ridge,2018-07-02,2018-07-02,1,sports_leisure,Northeast,0.0
base,ridge,2018-07-02,2018-07-09,2,sports_leisure,Northeast,0.0
base,ridge,2018-07-02,2018-07-16,3,sports_leisure,Northeast,0.0
base,ridge,2018-07-02,2018-07-23,4,sports_leisure,Northeast,0.0
base,ridge,2018-07-02,2018-07-02,1,sports_leisure,South,0.0
base,ridge,2018-07-02,2018-07-09,2,sports_leisure,South,0.0
base,ridge,2018-07-02,2018-07-16,3,sports_leisure,South,0.0
base,ridge,2018-07-02,2018-07-23,4,sports_leisure,South,0.0
base,ridge,2018-07-02,2018-07-02,1,sports_leisure,Southeast,0.0
base,ridge,2018-07-02,2018-07-09,2,sports_leisure,Southeast,0.0
base,ridge,2018-07-02,2018-07-16,3,sports_leisure,Southeast,0.0
base,ridge,2018-07-02,2018-07-23,4,sports_leisure,Southeast,0.0
base,ridge,2018-07-02,2018-07-02,1,telephony,Central-West,0.0
base,ridge,2018-07-02,2018-07-09,2,telephony,Central-West,0.0
base,ridge,2018-07-02,2018-07-16,3,telephony,Central-West,0.0
base,ridge,2018-07-02,2018-07-23,4,telephony,Central-West,0.0
base,ridge,2018-07-02,2018-07-02,1,telephony,North,0.0
base,ridge,2018-07-02,2018-07-09,2,telephony,North,0.0
base,ridge,2018-07-02,2018-07-16,3,telephony,North,0.0
base,ridge,2018-07-02,2018-07-23,4,telephony,North,0.0
base,ridge,2018-07-02,2018-07-02,1,telephony,Northeast,0.0
base,ridge,2018-07-02,2018-07-09,2,telephony,Northeast,0.0
base,ridge,2018-07-02,2018-07-16,3,telephony,Northeast,0.0
base,ridge,2018-07-02,2018-07-23,4,telephony,Northeast,0.0
base,ridge,2018-07-02,2018-07-02,1,telephony,South,0.0
base,ridge,2018-07-02,2018-07-09,2,telephony,South,0.0
base,ridge,2018-07-02,2018-07-16,3,telephony,South,0.0
base,ridge,2018-07-02,2018-07-23,4,telephony,South,0.0
base,ridge,2018-07-02,2018-07-02,1,telephony,Southeast,0.0
base,ridge,2018-07-02,2018-07-09,2,telephony,Southeast,0.0
base,ridge,2018-07-02,2018-07-16,3,telephony,Southeast,0.0
base,ridge,2018-07-02,2018-07-23,4,telephony,Southeast,0.0
base,ridge,2018-07-02,2018-07-02,1,watches_gifts,Central-West,0.0
base,ridge,2018-07-02,2018-07-09,2,watches_gifts,Central-West,0.0
base,ridge,2018-07-02,2018-07-16,3,watches_gifts,Central-West,0.0
base,ridge,2018-07-02,2018-07-23,4,watches_gifts,Central-West,0.0
base,ridge,2018-07-02,2018-07-02,1,watches_gifts,North,0.0
base,ridge,2018-07-02,2018-07-09,2,watches_gifts,North,0.0
base,ridge,2018-07-02,2018-07-16,3,watches_gifts,North,0.0
base,ridge,2018-07-02,2018-07-23,4,watches_gifts,North,0.0
base,ridge,2018-07-02,2018-07-02,1,watches_gifts,Northeast,0.0
base,ridge,2018-07-02,2018-07-09,2,watches_gifts,Northeast,0.0
base,ridge,2018-07-02,2018-07-16,3,watches_gifts,Northeast,0.0
base,ridge,2018-07-02,2018-07-23,4,watches_gifts,Northeast,0.0
base,ridge,2018-07-02,2018-07-02,1,watches_gifts,South,0.0
base,ridge,2018-07-02,2018-07-09,2,watches_gifts,South,0.0
base,ridge,2018-07-02,2018-07-16,3,watches_gifts,South,0.0
base,ridge,2018-07-02,2018-07-23,4,watches_gifts,South,0.0
base,ridge,2018-07-02,2018-07-02,1,watches_gifts,Southeast,0.0
base,ridge,2018-07-02,2018-07-09,2,watches_gifts,Southeast,0.0
base,ridge,2018-07-02,2018-07-16,3,watches_gifts,Southeast,0.0
base,ridge,2018-07-02,2018-07-23,4,watches_gifts,Southeast,0.0
base,ridge,2018-07-09,2018-07-09,1,auto,Central-West,0.0
base,ridge,2018-07-09,2018-07-16,2,auto,Central-West,0.0
base,ridge,2018-07-09,2018-07-23,3,auto,Central-West,0.0
base,ridge,2018-07-09,2018-07-30,4,auto,Central-West,0.0
base,ridge,2018-07-09,2018-07-09,1,auto,North,0.0
base,ridge,2018-07-09,2018-07-16,2,auto,North,0.0
base,ridge,2018-07-09,2018-07-23,3,auto,North,0.0
base,ridge,2018-07-09,2018-07-30,4,auto,North,0.0
base,ridge,2018-07-09,2018-07-09,1,auto,Northeast,0.0
base,ridge,2018-07-09,2018-07-16,2,auto,Northeast,0.0
base,ridge,2018-07-09,2018-07-23,3,auto,Northeast,0.0
base,ridge,2018-07-09,2018-07-30,4,auto,Northeast,0.0
base,ridge,2018-07-09,2018-07-09,1,auto,South,0.0
base,ridge,2018-07-09,2018-07-16,2,auto,South,0.0
base,ridge,2018-07-09,2018-07-23,3,auto,South,0.0
base,ridge,2018-07-09,2018-07-30,4,auto,South,0.0
base,ridge,2018-07-09,2018-07-09,1,auto,Southeast,0.0
base,ridge,2018-07-09,2018-07-16,2,auto,Southeast,0.0
base,ridge,2018-07-09,2018-07-23,3,auto,Southeast,0.0
base,ridge,2018-07-09,2018-07-30,4,auto,Southeast,0.0
base,ridge,2018-07-09,2018-07-09,1,bed_bath_table,Central-West,0.0
base,ridge,2018-07-09,2018-07-16,2,bed_bath_table,Central-West,0.0
base,ridge,2018-07-09,2018-07-23,3,bed_bath_table,Central-West,0.0
base,ridge,2018-07-09,2018-07-30,4,bed_bath_table,Central-West,0.0
base,ridge,2018-07-09,2018-07-09,1,bed_bath_table,North,0.0
base,ridge,2018-07-09,2018-07-16,2,bed_bath_table,North,0.0
base,ridge,2018-07-09,2018-07-23,3,bed_bath_table,North,0.0
base,ridge,2018-07-09,2018-07-30,4,bed_bath_table,North,0.0
base,ridge,2018-07-09,2018-07-09,1,bed_bath_table,Northeast,0.0
base,ridge,2018-07-09,2018-07-16,2,bed_bath_table,Northeast,0.0
base,ridge,2018-07-09,2018-07-23,3,bed_bath_table,Northeast,0.0
base,ridge,2018-07-09,2018-07-30,4,bed_bath_table,Northeast,0.0
base,ridge,2018-07-09,2018-07-09,1,bed_bath_table,South,0.0
base,ridge,2018-07-09,2018-07-16,2,bed_bath_table,South,0.0
base,ridge,2018-07-09,2018-07-23,3,bed_bath_table,South,0.0
base,ridge,2018-07-09,2018-07-30,4,bed_bath_table,South,0.0
base,ridge,2018-07-09,2018-07-09,1,bed_bath_table,Southeast,0.0
base,ridge,2018-07-09,2018-07-16,2,bed_bath_table,Southeast,0.0
base,ridge,2018-07-09,2018-07-23,3,bed_bath_table,Southeast,0.0
base,ridge,2018-07-09,2018-07-30,4,bed_bath_table,Southeast,0.0
base,ridge,2018-07-09,2018-07-09,1,computers_accessories,Central-West,0.0
base,ridge,2018-07-09,2018-07-16,2,computers_accessories,Central-West,0.0
base,ridge,2018-07-09,2018-07-23,3,computers_accessories,Central-West,0.0
base,ridge,2018-07-09,2018-07-30,4,computers_accessories,Central-West,0.0
base,ridge,2018-07-09,2018-07-09,1,computers_accessories,North,0.0
base,ridge,2018-07-09,2018-07-16,2,computers_accessories,North,0.0
base,ridge,2018-07-09,2018-07-23,3,computers_accessories,North,0.0
base,ridge,2018-07-09,2018-07-30,4,computers_accessories,North,0.0
base,ridge,2018-07-09,2018-07-09,1,computers_accessories,Northeast,0.0
base,ridge,2018-07-09,2018-07-16,2,computers_accessories,Northeast,0.0
base,ridge,2018-07-09,2018-07-23,3,computers_accessories,Northeast,0.0
base,ridge,2018-07-09,2018-07-30,4,computers_accessories,Northeast,0.0
base,ridge,2018-07-09,2018-07-09,1,computers_accessories,South,0.0
base,ridge,2018-07-09,2018-07-16,2,computers_accessories,South,0.0
base,ridge,2018-07-09,2018-07-23,3,computers_accessories,South,0.0
base,ridge,2018-07-09,2018-07-30,4,computers_accessories,South,0.0
base,ridge,2018-07-09,2018-07-09,1,computers_accessories,Southeast,0.0
base,ridge,2018-07-09,2018-07-16,2,computers_accessories,Southeast,0.0
base,ridge,2018-07-09,2018-07-23,3,computers_accessories,Southeast,0.0
base,ridge,2018-07-09,2018-07-30,4,computers_accessories,Southeast,0.0
base,ridge,2018-07-09,2018-07-09,1,furniture_decor,Central-West,0.0
base,ridge,2018-07-09,2018-07-16,2,furniture_decor,Central-West,0.0
base,ridge,2018-07-09,2018-07-23,3,furniture_decor,Central-West,0.0
base,ridge,2018-07-09,2018-07-30,4,furniture_decor,Central-West,0.0
base,ridge,2018-07-09,2018-07-09,1,furniture_decor,North,0.0
base,ridge,2018-07-09,2018-07-16,2,furniture_decor,North,0.0
base,ridge,2018-07-09,2018-07-23,3,furniture_decor,North,0.0
base,ridge,2018-07-09,2018-07-30,4,furniture_decor,North,0.0
base,ridge,2018-07-09,2018-07-09,1,furniture_decor,Northeast,0.0
base,ridge,2018-07-09,2018-07-16,2,furniture_decor,Northeast,0.0
base,ridge,2018-07-09,2018-07-23,3,furniture_decor,Northeast,0.0
base,ridge,2018-07-09,2018-07-30,4,furniture_decor,Northeast,0.0
base,ridge,2018-07-09,2018-07-09,1,furniture_decor,South,0.0
base,ridge,2018-07-09,2018-07-16,2,furniture_decor,South,0.0
base,ridge,2018-07-09,2018-07-23,3,furniture_decor,South,0.0
base,ridge,2018-07-09,2018-07-30,4,furniture_decor,South,0.0
base,ridge,2018-07-09,2018-07-09,1,furniture_decor,Southeast,0.0
base,ridge,2018-07-09,2018-07-16,2,furniture_decor,Southeast,0.0
base,ridge,2018-07-09,2018-07-23,3,furniture_decor,Southeast,0.0
base,ridge,2018-07-09,2018-07-30,4,furniture_decor,Southeast,0.0
base,ridge,2018-07-09,2018-07-09,1,garden_tools,Central-West,0.0
base,ridge,2018-07-09,2018-07-16,2,garden_tools,Central-West,0.0
base,ridge,2018-07-09,2018-07-23,3,garden_tools,Central-West,0.0
base,ridge,2018-07-09,2018-07-30,4,garden_tools,Central-West,0.0
base,ridge,2018-07-09,2018-07-09,1,garden_tools,North,0.0
base,ridge,2018-07-09,2018-07-16,2,garden_tools,North,0.0
base,ridge,2018-07-09,2018-07-23,3,garden_tools,North,0.0
base,ridge,2018-07-09,2018-07-30,4,garden_tools,North,0.0
base,ridge,2018-07-09,2018-07-09,1,garden_tools,Northeast,0.0
base,ridge,2018-07-09,2018-07-16,2,garden_tools,Northeast,0.0
base,ridge,2018-07-09,2018-07-23,3,garden_tools,Northeast,0.0
base,ridge,2018-07-09,2018-07-30,4,garden_tools,Northeast,0.0
base,ridge,2018-07-09,2018-07-09,1,garden_tools,South,0.0
base,ridge,2018-07-09,2018-07-16,2,garden_tools,South,0.0
base,ridge,2018-07-09,2018-07-23,3,garden_tools,South,0.0
base,ridge,2018-07-09,2018-07-30,4,garden_tools,South,0.0
base,ridge,2018-07-09,2018-07-09,1,garden_tools,Southeast,0.0
base,ridge,2018-07-09,2018-07-16,2,garden_tools,Southeast,0.0
base,ridge,2018-07-09,2018-07-23,3,garden_tools,Southeast,0.0
base,ridge,2018-07-09,2018-07-30,4,garden_tools,Southeast,0.0
base,ridge,2018-07-09,2018-07-09,1,health_beauty,Central-West,0.0
base,ridge,2018-07-09,2018-07-16,2,health_beauty,Central-West,0.0
base,ridge,2018-07-09,2018-07-23,3,health_beauty,Central-West,0.0
base,ridge,2018-07-09,2018-07-30,4,health_beauty,Central-West,0.0
base,ridge,2018-07-09,2018-07-09,1,health_beauty,North,0.0
base,ridge,2018-07-09,2018-07-16,2,health_beauty,North,0.0
base,ridge,2018-07-09,2018-07-23,3,health_beauty,North,0.0
base,ridge,2018-07-09,2018-07-30,4,health_beauty,North,0.0
base,ridge,2018-07-09,2018-07-09,1,health_beauty,Northeast,0.0
base,ridge,2018-07-09,2018-07-16,2,health_beauty,Northeast,0.0
base,ridge,2018-07-09,2018-07-23,3,health_beauty,Northeast,0.0
base,ridge,2018-07-09,2018-07-30,4,health_beauty,Northeast,0.0
base,ridge,2018-07-09,2018-07-09,1,health_beauty,South,0.0
base,ridge,2018-07-09,2018-07-16,2,health_beauty,South,0.0
base,ridge,2018-07-09,2018-07-23,3,health_beauty,South,0.0
base,ridge,2018-07-09,2018-07-30,4,health_beauty,South,0.0
base,ridge,2018-07-09,2018-07-09,1,health_beauty,Southeast,0.0
base,ridge,2018-07-09,2018-07-16,2,health_beauty,Southeast,0.0
base,ridge,2018-07-09,2018-07-23,3,health_beauty,Southeast,0.0
base,ridge,2018-07-09,2018-07-30,4,health_beauty,Southeast,0.0
base,ridge,2018-07-09,2018-07-09,1,housewares,Central-West,0.0
base,ridge,2018-07-09,2018-07-16,2,housewares,Central-West,0.0
base,ridge,2018-07-09,2018-07-23,3,housewares,Central-West,0.0
base,ridge,2018-07-09,2018-07-30,4,housewares,Central-West,0.0
base,ridge,2018-07-09,2018-07-09,1,housewares,North,0.0
base,ridge,2018-07-09,2018-07-16,2,housewares,North,0.0
base,ridge,2018-07-09,2018-07-23,3,housewares,North,0.0
base,ridge,2018-07-09,2018-07-30,4,housewares,North,0.0
base,ridge,2018-07-09,2018-07-09,1,housewares,Northeast,0.0
base,ridge,2018-07-09,2018-07-16,2,housewares,Northeast,0.0
base,ridge,2018-07-09,2018-07-23,3,housewares,Northeast,0.0
base,ridge,2018-07-09,2018-07-30,4,housewares,Northeast,0.0
base,ridge,2018-07-09,2018-07-09,1,housewares,South,0.0
base,ridge,2018-07-09,2018-07-16,2,housewares,South,0.0
base,ridge,2018-07-09,2018-07-23,3,housewares,South,0.0
base,ridge,2018-07-09,2018-07-30,4,housewares,South,0.0
base,ridge,2018-07-09,2018-07-09,1,housewares,Southeast,0.0
base,ridge,2018-07-09,2018-07-16,2,housewares,Southeast,0.0
base,ridge,2018-07-09,2018-07-23,3,housewares,Southeast,0.0
base,ridge,2018-07-09,2018-07-30,4,housewares,Southeast,0.0
base,ridge,2018-07-09,2018-07-09,1,sports_leisure,Central-West,0.0
base,ridge,2018-07-09,2018-07-16,2,sports_leisure,Central-West,0.0
base,ridge,2018-07-09,2018-07-23,3,sports_leisure,Central-West,0.0
base,ridge,2018-07-09,2018-07-30,4,sports_leisure,Central-West,0.0
base,ridge,2018-07-09,2018-07-09,1,sports_leisure,North,0.0
base,ridge,2018-07-09,2018-07-16,2,sports_leisure,North,0.0
base,ridge,2018-07-09,2018-07-23,3,sports_leisure,North,0.0
base,ridge,2018-07-09,2018-07-30,4,sports_leisure,North,0.0
base,ridge,2018-07-09,2018-07-09,1,sports_leisure,Northeast,0.0
base,ridge,2018-07-09,2018-07-16,2,sports_leisure,Northeast,0.0
base,ridge,2018-07-09,2018-07-23,3,sports_leisure,Northeast,0.0
base,ridge,2018-07-09,2018-07-30,4,sports_leisure,Northeast,0.0
base,ridge,2018-07-09,2018-07-09,1,sports_leisure,South,0.0
base,ridge,2018-07-09,2018-07-16,2,sports_leisure,South,0.0
base,ridge,2018-07-09,2018-07-23,3,sports_leisure,South,0.0
base,ridge,2018-07-09,2018-07-30,4,sports_leisure,South,0.0
base,ridge,2018-07-09,2018-07-09,1,sports_leisure,Southeast,0.0
base,ridge,2018-07-09,2018-07-16,2,sports_leisure,Southeast,0.0
base,ridge,2018-07-09,2018-07-23,3,sports_leisure,Southeast,0.0
base,ridge,2018-07-09,2018-07-30,4,sports_leisure,Southeast,0.0
base,ridge,2018-07-09,2018-07-09,1,telephony,Central-West,0.0
base,ridge,2018-07-09,2018-07-16,2,telephony,Central-West,0.0
base,ridge,2018-07-09,2018-07-23,3,telephony,Central-West,0.0
base,ridge,2018-07-09,2018-07-30,4,telephony,Central-West,0.0
base,ridge,2018-07-09,2018-07-09,1,telephony,North,0.0
base,ridge,2018-07-09,2018-07-16,2,telephony,North,0.0
base,ridge,2018-07-09,2018-07-23,3,telephony,North,0.0
base,ridge,2018-07-09,2018-07-30,4,telephony,North,0.0
base,ridge,2018-07-09,2018-07-09,1,telephony,Northeast,0.0
base,ridge,2018-07-09,2018-07-16,2,telephony,Northeast,0.0
base,ridge,2018-07-09,2018-07-23,3,telephony,Northeast,0.0
base,ridge,2018-07-09,2018-07-30,4,telephony,Northeast,0.0
base,ridge,2018-07-09,2018-07-09,1,telephony,South,0.0
base,ridge,2018-07-09,2018-07-16,2,telephony,South,0.0
base,ridge,2018-07-09,2018-07-23,3,telephony,South,0.0
base,ridge,2018-07-09,2018-07-30,4,telephony,South,0.0
base,ridge,2018-07-09,2018-07-09,1,telephony,Southeast,0.0
base,ridge,2018-07-09,2018-07-16,2,telephony,Southeast,0.0
base,ridge,2018-07-09,2018-07-23,3,telephony,Southeast,0.0
base,ridge,2018-07-09,2018-07-30,4,telephony,Southeast,0.0
base,ridge,2018-07-09,2018-07-09,1,watches_gifts,Central-West,0.0
base,ridge,2018-07-09,2018-07-16,2,watches_gifts,Central-West,0.0
base,ridge,2018-07-09,2018-07-23,3,watches_gifts,Central-West,0.0
base,ridge,2018-07-09,2018-07-30,4,watches_gifts,Central-West,0.0
base,ridge,2018-07-09,2018-07-09,1,watches_gifts,North,0.0
base,ridge,2018-07-09,2018-07-16,2,watches_gifts,North,0.0
base,ridge,2018-07-09,2018-07-23,3,watches_gifts,North,0.0
base,ridge,2018-07-09,2018-07-30,4,watches_gifts,North,0.0
base,ridge,2018-07-09,2018-07-09,1,watches_gifts,Northeast,0.0
base,ridge,2018-07-09,2018-07-16,2,watches_gifts,Northeast,0.0
base,ridge,2018-07-09,2018-07-23,3,watches_gifts,Northeast,0.0
base,ridge,2018-07-09,2018-07-30,4,watches_gifts,Northeast,0.0
base,ridge,2018-07-09,2018-07-09,1,watches_gifts,South,0.0
base,ridge,2018-07-09,2018-07-16,2,watches_gifts,South,0.0
base,ridge,2018-07-09,2018-07-23,3,watches_gifts,South,0.0
base,ridge,2018-07-09,2018-07-30,4,watches_gifts,South,0.0
base,ridge,2018-07-09,2018-07-09,1,watches_gifts,Southeast,0.0
base,ridge,2018-07-09,2018-07-16,2,watches_gifts,Southeast,0.0
base,ridge,2018-07-09,2018-07-23,3,watches_gifts,Southeast,0.0
base,ridge,2018-07-09,2018-07-30,4,watches_gifts,Southeast,0.0
base,ridge,2018-07-16,2018-07-16,1,auto,Central-West,0.0
base,ridge,2018-07-16,2018-07-23,2,auto,Central-West,0.0
base,ridge,2018-07-16,2018-07-30,3,auto,Central-West,0.0
base,ridge,2018-07-16,2018-08-06,4,auto,Central-West,0.0
base,ridge,2018-07-16,2018-07-16,1,auto,North,0.0
base,ridge,2018-07-16,2018-07-23,2,auto,North,0.0
base,ridge,2018-07-16,2018-07-30,3,auto,North,0.0
base,ridge,2018-07-16,2018-08-06,4,auto,North,0.0
base,ridge,2018-07-16,2018-07-16,1,auto,Northeast,0.0
base,ridge,2018-07-16,2018-07-23,2,auto,Northeast,0.0
base,ridge,2018-07-16,2018-07-30,3,auto,Northeast,0.0
base,ridge,2018-07-16,2018-08-06,4,auto,Northeast,0.0
base,ridge,2018-07-16,2018-07-16,1,auto,South,0.0
base,ridge,2018-07-16,2018-07-23,2,auto,South,0.0
base,ridge,2018-07-16,2018-07-30,3,auto,South,0.0
base,ridge,2018-07-16,2018-08-06,4,auto,South,0.0
base,ridge,2018-07-16,2018-07-16,1,auto,Southeast,0.0
base,ridge,2018-07-16,2018-07-23,2,auto,Southeast,0.0
base,ridge,2018-07-16,2018-07-30,3,auto,Southeast,0.0
base,ridge,2018-07-16,2018-08-06,4,auto,Southeast,0.0
base,ridge,2018-07-16,2018-07-16,1,bed_bath_table,Central-West,0.0
base,ridge,2018-07-16,2018-07-23,2,bed_bath_table,Central-West,0.0
base,ridge,2018-07-16,2018-07-30,3,bed_bath_table,Central-West,0.0
base,ridge,2018-07-16,2018-08-06,4,bed_bath_table,Central-West,0.0
base,ridge,2018-07-16,2018-07-16,1,bed_bath_table,North,0.0
base,ridge,2018-07-16,2018-07-23,2,bed_bath_table,North,0.0
base,ridge,2018-07-16,2018-07-30,3,bed_bath_table,North,0.0
base,ridge,2018-07-16,2018-08-06,4,bed_bath_table,North,0.0
base,ridge,2018-07-16,2018-07-16,1,bed_bath_table,Northeast,0.0
base,ridge,2018-07-16,2018-07-23,2,bed_bath_table,Northeast,0.0
base,ridge,2018-07-16,2018-07-30,3,bed_bath_table,Northeast,0.0
base,ridge,2018-07-16,2018-08-06,4,bed_bath_table,Northeast,0.0
base,ridge,2018-07-16,2018-07-16,1,bed_bath_table,South,0.0
base,ridge,2018-07-16,2018-07-23,2,bed_bath_table,South,0.0
base,ridge,2018-07-16,2018-07-30,3,bed_bath_table,South,0.0
base,ridge,2018-07-16,2018-08-06,4,bed_bath_table,South,0.0
base,ridge,2018-07-16,2018-07-16,1,bed_bath_table,Southeast,0.0
base,ridge,2018-07-16,2018-07-23,2,bed_bath_table,Southeast,0.0
base,ridge,2018-07-16,2018-07-30,3,bed_bath_table,Southeast,0.0
base,ridge,2018-07-16,2018-08-06,4,bed_bath_table,Southeast,0.0
base,ridge,2018-07-16,2018-07-16,1,computers_accessories,Central-West,0.0
base,ridge,2018-07-16,2018-07-23,2,computers_accessories,Central-West,0.0
base,ridge,2018-07-16,2018-07-30,3,computers_accessories,Central-West,0.0
base,ridge,2018-07-16,2018-08-06,4,computers_accessories,Central-West,0.0
base,ridge,2018-07-16,2018-07-16,1,computers_accessories,North,0.0
base,ridge,2018-07-16,2018-07-23,2,computers_accessories,North,0.0
base,ridge,2018-07-16,2018-07-30,3,computers_accessories,North,0.0
base,ridge,2018-07-16,2018-08-06,4,computers_accessories,North,0.0
base,ridge,2018-07-16,2018-07-16,1,computers_accessories,Northeast,0.0
base,ridge,2018-07-16,2018-07-23,2,computers_accessories,Northeast,0.0
base,ridge,2018-07-16,2018-07-30,3,computers_accessories,Northeast,0.0
base,ridge,2018-07-16,2018-08-06,4,computers_accessories,Northeast,0.0
base,ridge,2018-07-16,2018-07-16,1,computers_accessories,South,0.0
base,ridge,2018-07-16,2018-07-23,2,computers_accessories,South,0.0
base,ridge,2018-07-16,2018-07-30,3,computers_accessories,South,0.0
base,ridge,2018-07-16,2018-08-06,4,computers_accessories,South,0.0
base,ridge,2018-07-16,2018-07-16,1,computers_accessories,Southeast,0.0
base,ridge,2018-07-16,2018-07-23,2,computers_accessories,Southeast,0.0
base,ridge,2018-07-16,2018-07-30,3,computers_accessories,Southeast,0.0
base,ridge,2018-07-16,2018-08-06,4,computers_accessories,Southeast,0.0
base,ridge,2018-07-16,2018-07-16,1,furniture_decor,Central-West,0.0
base,ridge,2018-07-16,2018-07-23,2,furniture_decor,Central-West,0.0
base,ridge,2018-07-16,2018-07-30,3,furniture_decor,Central-West,0.0
base,ridge,2018-07-16,2018-08-06,4,furniture_decor,Central-West,0.0
base,ridge,2018-07-16,2018-07-16,1,furniture_decor,North,0.0
base,ridge,2018-07-16,2018-07-23,2,furniture_decor,North,0.0
base,ridge,2018-07-16,2018-07-30,3,furniture_decor,North,0.0
base,ridge,2018-07-16,2018-08-06,4,furniture_decor,North,0.0
base,ridge,2018-07-16,2018-07-16,1,furniture_decor,Northeast,0.0
base,ridge,2018-07-16,2018-07-23,2,furniture_decor,Northeast,0.0
base,ridge,2018-07-16,2018-07-30,3,furniture_decor,Northeast,0.0
base,ridge,2018-07-16,2018-08-06,4,furniture_decor,Northeast,0.0
base,ridge,2018-07-16,2018-07-16,1,furniture_decor,South,0.0
base,ridge,2018-07-16,2018-07-23,2,furniture_decor,South,0.0
base,ridge,2018-07-16,2018-07-30,3,furniture_decor,South,0.0
base,ridge,2018-07-16,2018-08-06,4,furniture_decor,South,0.0
base,ridge,2018-07-16,2018-07-16,1,furniture_decor,Southeast,0.0
base,ridge,2018-07-16,2018-07-23,2,furniture_decor,Southeast,0.0
base,ridge,2018-07-16,2018-07-30,3,furniture_decor,Southeast,0.0
base,ridge,2018-07-16,2018-08-06,4,furniture_decor,Southeast,0.0
base,ridge,2018-07-16,2018-07-16,1,garden_tools,Central-West,0.0
base,ridge,2018-07-16,2018-07-23,2,garden_tools,Central-West,0.0
base,ridge,2018-07-16,2018-07-30,3,garden_tools,Central-West,0.0
base,ridge,2018-07-16,2018-08-06,4,garden_tools,Central-West,0.0
base,ridge,2018-07-16,2018-07-16,1,garden_tools,North,0.0
base,ridge,2018-07-16,2018-07-23,2,garden_tools,North,0.0
base,ridge,2018-07-16,2018-07-30,3,garden_tools,North,0.0
base,ridge,2018-07-16,2018-08-06,4,garden_tools,North,0.0
base,ridge,2018-07-16,2018-07-16,1,garden_tools,Northeast,0.0
base,ridge,2018-07-16,2018-07-23,2,garden_tools,Northeast,0.0
base,ridge,2018-07-16,2018-07-30,3,garden_tools,Northeast,0.0
base,ridge,2018-07-16,2018-08-06,4,garden_tools,Northeast,0.0
base,ridge,2018-07-16,2018-07-16,1,garden_tools,South,0.0
base,ridge,2018-07-16,2018-07-23,2,garden_tools,South,0.0
base,ridge,2018-07-16,2018-07-30,3,garden_tools,South,0.0
base,ridge,2018-07-16,2018-08-06,4,garden_tools,South,0.0
base,ridge,2018-07-16,2018-07-16,1,garden_tools,Southeast,0.0
base,ridge,2018-07-16,2018-07-23,2,garden_tools,Southeast,0.0
base,ridge,2018-07-16,2018-07-30,3,garden_tools,Southeast,0.0
base,ridge,2018-07-16,2018-08-06,4,garden_tools,Southeast,0.0
base,ridge,2018-07-16,2018-07-16,1,health_beauty,Central-West,0.0
base,ridge,2018-07-16,2018-07-23,2,health_beauty,Central-West,0.0
base,ridge,2018-07-16,2018-07-30,3,health_beauty,Central-West,0.0
base,ridge,2018-07-16,2018-08-06,4,health_beauty,Central-West,0.0
base,ridge,2018-07-16,2018-07-16,1,health_beauty,North,0.0
base,ridge,2018-07-16,2018-07-23,2,health_beauty,North,0.0
base,ridge,2018-07-16,2018-07-30,3,health_beauty,North,0.0
base,ridge,2018-07-16,2018-08-06,4,health_beauty,North,0.0
base,ridge,2018-07-16,2018-07-16,1,health_beauty,Northeast,0.0
base,ridge,2018-07-16,2018-07-23,2,health_beauty,Northeast,0.0
base,ridge,2018-07-16,2018-07-30,3,health_beauty,Northeast,0.0
base,ridge,2018-07-16,2018-08-06,4,health_beauty,Northeast,0.0
base,ridge,2018-07-16,2018-07-16,1,health_beauty,South,0.0
base,ridge,2018-07-16,2018-07-23,2,health_beauty,South,0.0
base,ridge,2018-07-16,2018-07-30,3,health_beauty,South,0.0
base,ridge,2018-07-16,2018-08-06,4,health_beauty,South,0.0
base,ridge,2018-07-16,2018-07-16,1,health_beauty,Southeast,0.0
base,ridge,2018-07-16,2018-07-23,2,health_beauty,Southeast,0.0
base,ridge,2018-07-16,2018-07-30,3,health_beauty,Southeast,0.0
base,ridge,2018-07-16,2018-08-06,4,health_beauty,Southeast,0.0
base,ridge,2018-07-16,2018-07-16,1,housewares,Central-West,0.0
base,ridge,2018-07-16,2018-07-23,2,housewares,Central-West,0.0
base,ridge,2018-07-16,2018-07-30,3,housewares,Central-West,0.0
base,ridge,2018-07-16,2018-08-06,4,housewares,Central-West,0.0
base,ridge,2018-07-16,2018-07-16,1,housewares,North,0.0
base,ridge,2018-07-16,2018-07-23,2,housewares,North,0.0
base,ridge,2018-07-16,2018-07-30,3,housewares,North,0.0
base,ridge,2018-07-16,2018-08-06,4,housewares,North,0.0
base,ridge,2018-07-16,2018-07-16,1,housewares,Northeast,0.0
base,ridge,2018-07-16,2018-07-23,2,housewares,Northeast,0.0
base,ridge,2018-07-16,2018-07-30,3,housewares,Northeast,0.0
base,ridge,2018-07-16,2018-08-06,4,housewares,Northeast,0.0
base,ridge,2018-07-16,2018-07-16,1,housewares,South,0.0
base,ridge,2018-07-16,2018-07-23,2,housewares,South,0.0
base,ridge,2018-07-16,2018-07-30,3,housewares,South,0.0
base,ridge,2018-07-16,2018-08-06,4,housewares,South,0.0
base,ridge,2018-07-16,2018-07-16,1,housewares,Southeast,0.0
base,ridge,2018-07-16,2018-07-23,2,housewares,Southeast,0.0
base,ridge,2018-07-16,2018-07-30,3,housewares,Southeast,0.0
base,ridge,2018-07-16,2018-08-06,4,housewares,Southeast,0.0
base,ridge,2018-07-16,2018-07-16,1,sports_leisure,Central-West,0.0
base,ridge,2018-07-16,2018-07-23,2,sports_leisure,Central-West,0.0
base,ridge,2018-07-16,2018-07-30,3,sports_leisure,Central-West,0.0
base,ridge,2018-07-16,2018-08-06,4,sports_leisure,Central-West,0.0
base,ridge,2018-07-16,2018-07-16,1,sports_leisure,North,0.0
base,ridge,2018-07-16,2018-07-23,2,sports_leisure,North,0.0
base,ridge,2018-07-16,2018-07-30,3,sports_leisure,North,0.0
base,ridge,2018-07-16,2018-08-06,4,sports_leisure,North,0.0
base,ridge,2018-07-16,2018-07-16,1,sports_leisure,Northeast,0.0
base,ridge,2018-07-16,2018-07-23,2,sports_leisure,Northeast,0.0
base,ridge,2018-07-16,2018-07-30,3,sports_leisure,Northeast,0.0
base,ridge,2018-07-16,2018-08-06,4,sports_leisure,Northeast,0.0
base,ridge,2018-07-16,2018-07-16,1,sports_leisure,South,0.0
base,ridge,2018-07-16,2018-07-23,2,sports_leisure,South,0.0
base,ridge,2018-07-16,2018-07-30,3,sports_leisure,South,0.0
base,ridge,2018-07-16,2018-08-06,4,sports_leisure,South,0.0
base,ridge,2018-07-16,2018-07-16,1,sports_leisure,Southeast,0.0
base,ridge,2018-07-16,2018-07-23,2,sports_leisure,Southeast,0.0
base,ridge,2018-07-16,2018-07-30,3,sports_leisure,Southeast,0.0
base,ridge,2018-07-16,2018-08-06,4,sports_leisure,Southeast,0.0
base,ridge,2018-07-16,2018-07-16,1,telephony,Central-West,0.0
base,ridge,2018-07-16,2018-07-23,2,telephony,Central-West,0.0
base,ridge,2018-07-16,2018-07-30,3,telephony,Central-West,0.0
base,ridge,2018-07-16,2018-08-06,4,telephony,Central-West,0.0
base,ridge,2018-07-16,2018-07-16,1,telephony,North,0.0
base,ridge,2018-07-16,2018-07-23,2,telephony,North,0.0
base,ridge,2018-07-16,2018-07-30,3,telephony,North,0.0
base,ridge,2018-07-16,2018-08-06,4,telephony,North,0.0
base,ridge,2018-07-16,2018-07-16,1,telephony,Northeast,0.0
base,ridge,2018-07-16,2018-07-23,2,telephony,Northeast,0.0
base,ridge,2018-07-16,2018-07-30,3,telephony,Northeast,0.0
base,ridge,2018-07-16,2018-08-06,4,telephony,Northeast,0.0
base,ridge,2018-07-16,2018-07-16,1,telephony,South,0.0
base,ridge,2018-07-16,2018-07-23,2,telephony,South,0.0
base,ridge,2018-07-16,2018-07-30,3,telephony,South,0.0
base,ridge,2018-07-16,2018-08-06,4,telephony,South,0.0
base,ridge,2018-07-16,2018-07-16,1,telephony,Southeast,0.0
base,ridge,2018-07-16,2018-07-23,2,telephony,Southeast,0.0
base,ridge,2018-07-16,2018-07-30,3,telephony,Southeast,0.0
base,ridge,2018-07-16,2018-08-06,4,telephony,Southeast,0.0
base,ridge,2018-07-16,2018-07-16,1,watches_gifts,Central-West,7.0
base,ridge,2018-07-16,2018-07-23,2,watches_gifts,Central-West,0.0
base,ridge,2018-07-16,2018-07-30,3,watches_gifts,Central-West,0.0
base,ridge,2018-07-16,2018-08-06,4,watches_gifts,Central-West,0.0
base,ridge,2018-07-16,2018-07-16,1,watches_gifts,North,2.0
base,ridge,2018-07-16,2018-07-23,2,watches_gifts,North,0.0
base,ridge,2018-07-16,2018-07-30,3,watches_gifts,North,0.0
base,ridge,2018-07-16,2018-08-06,4,watches_gifts,North,0.0
base,ridge,2018-07-16,2018-07-16,1,watches_gifts,Northeast,13.0
base,ridge,2018-07-16,2018-07-23,2,watches_gifts,Northeast,0.0
base,ridge,2018-07-16,2018-07-30,3,watches_gifts,Northeast,0.0
base,ridge,2018-07-16,2018-08-06,4,watches_gifts,Northeast,0.0
base,ridge,2018-07-16,2018-07-16,1,watches_gifts,South,6.0
base,ridge,2018-07-16,2018-07-23,2,watches_gifts,South,0.0
base,ridge,2018-07-16,2018-07-30,3,watches_gifts,South,0.0
base,ridge,2018-07-16,2018-08-06,4,watches_gifts,South,0.0
base,ridge,2018-07-16,2018-07-16,1,watches_gifts,Southeast,2.0
base,ridge,2018-07-16,2018-07-23,2,watches_gifts,Southeast,0.0
base,ridge,2018-07-16,2018-07-30,3,watches_gifts,Southeast,0.0
base,ridge,2018-07-16,2018-08-06,4,watches_gifts,Southeast,0.0
base,ridge,2018-07-23,2018-07-23,1,auto,Central-West,7.0
base,ridge,2018-07-23,2018-07-30,2,auto,Central-West,0.0
base,ridge,2018-07-23,2018-08-06,3,auto,Central-West,0.0
base,ridge,2018-07-23,2018-08-13,4,auto,Central-West,0.0
base,ridge,2018-07-23,2018-07-23,1,auto,North,4.0
base,ridge,2018-07-23,2018-07-30,2,auto,North,0.0
base,ridge,2018-07-23,2018-08-06,3,auto,North,0.0
base,ridge,2018-07-23,2018-08-13,4,auto,North,0.0
base,ridge,2018-07-23,2018-07-23,1,auto,Northeast,13.0
base,ridge,2018-07-23,2018-07-30,2,auto,Northeast,0.0
base,ridge,2018-07-23,2018-08-06,3,auto,Northeast,0.0
base,ridge,2018-07-23,2018-08-13,4,auto,Northeast,0.0
base,ridge,2018-07-23,2018-07-23,1,auto,South,6.0
base,ridge,2018-07-23,2018-07-30,2,auto,South,0.0
base,ridge,2018-07-23,2018-08-06,3,auto,South,0.0
base,ridge,2018-07-23,2018-08-13,4,auto,South,0.0
base,ridge,2018-07-23,2018-07-23,1,auto,Southeast,16.0
base,ridge,2018-07-23,2018-07-30,2,auto,Southeast,0.0
base,ridge,2018-07-23,2018-08-06,3,auto,Southeast,0.0
base,ridge,2018-07-23,2018-08-13,4,auto,Southeast,0.0
base,ridge,2018-07-23,2018-07-23,1,bed_bath_table,Central-West,12.0
base,ridge,2018-07-23,2018-07-30,2,bed_bath_table,Central-West,0.0
base,ridge,2018-07-23,2018-08-06,3,bed_bath_table,Central-West,0.0
base,ridge,2018-07-23,2018-08-13,4,bed_bath_table,Central-West,0.0
base,ridge,2018-07-23,2018-07-23,1,bed_bath_table,North,2.0
base,ridge,2018-07-23,2018-07-30,2,bed_bath_table,North,0.0
base,ridge,2018-07-23,2018-08-06,3,bed_bath_table,North,0.0
base,ridge,2018-07-23,2018-08-13,4,bed_bath_table,North,0.0
base,ridge,2018-07-23,2018-07-23,1,bed_bath_table,Northeast,12.0
base,ridge,2018-07-23,2018-07-30,2,bed_bath_table,Northeast,0.0
base,ridge,2018-07-23,2018-08-06,3,bed_bath_table,Northeast,0.0
base,ridge,2018-07-23,2018-08-13,4,bed_bath_table,Northeast,0.0
base,ridge,2018-07-23,2018-07-23,1,bed_bath_table,South,0.0
base,ridge,2018-07-23,2018-07-30,2,bed_bath_table,South,0.0
base,ridge,2018-07-23,2018-08-06,3,bed_bath_table,South,0.0
base,ridge,2018-07-23,2018-08-13,4,bed_bath_table,South,0.0
base,ridge,2018-07-23,2018-07-23,1,bed_bath_table,Southeast,40.0
base,ridge,2018-07-23,2018-07-30,2,bed_bath_table,Southeast,0.0
base,ridge,2018-07-23,2018-08-06,3,bed_bath_table,Southeast,0.0
base,ridge,2018-07-23,2018-08-13,4,bed_bath_table,Southeast,0.0
base,ridge,2018-07-23,2018-07-23,1,computers_accessories,Central-West,6.0
base,ridge,2018-07-23,2018-07-30,2,computers_accessories,Central-West,0.0
base,ridge,2018-07-23,2018-08-06,3,computers_accessories,Central-West,0.0
base,ridge,2018-07-23,2018-08-13,4,computers_accessories,Central-West,0.0
base,ridge,2018-07-23,2018-07-23,1,computers_accessories,North,4.0
base,ridge,2018-07-23,2018-07-30,2,computers_accessories,North,0.0
base,ridge,2018-07-23,2018-08-06,3,computers_accessories,North,0.0
base,ridge,2018-07-23,2018-08-13,4,computers_accessories,North,0.0
base,ridge,2018-07-23,2018-07-23,1,computers_accessories,Northeast,12.0
base,ridge,2018-07-23,2018-07-30,2,computers_accessories,Northeast,0.0
base,ridge,2018-07-23,2018-08-06,3,computers_accessories,Northeast,0.0
base,ridge,2018-07-23,2018-08-13,4,computers_accessories,Northeast,0.0
base,ridge,2018-07-23,2018-07-23,1,computers_accessories,South,3.0
base,ridge,2018-07-23,2018-07-30,2,computers_accessories,South,0.0
base,ridge,2018-07-23,2018-08-06,3,computers_accessories,South,0.0
base,ridge,2018-07-23,2018-08-13,4,computers_accessories,South,0.0
base,ridge,2018-07-23,2018-07-23,1,computers_accessories,Southeast,0.0
base,ridge,2018-07-23,2018-07-30,2,computers_accessories,Southeast,0.0
base,ridge,2018-07-23,2018-08-06,3,computers_accessories,Southeast,0.0
base,ridge,2018-07-23,2018-08-13,4,computers_accessories,Southeast,0.0
base,ridge,2018-07-23,2018-07-23,1,furniture_decor,Central-West,0.0
base,ridge,2018-07-23,2018-07-30,2,furniture_decor,Central-West,0.0
base,ridge,2018-07-23,2018-08-06,3,furniture_decor,Central-West,0.0
base,ridge,2018-07-23,2018-08-13,4,furniture_decor,Central-West,0.0
base,ridge,2018-07-23,2018-07-23,1,furniture_decor,North,4.0
base,ridge,2018-07-23,2018-07-30,2,furniture_decor,North,0.0
base,ridge,2018-07-23,2018-08-06,3,furniture_decor,North,0.0
base,ridge,2018-07-23,2018-08-13,4,furniture_decor,North,0.0
base,ridge,2018-07-23,2018-07-23,1,furniture_decor,Northeast,10.0
base,ridge,2018-07-23,2018-07-30,2,furniture_decor,Northeast,0.0
base,ridge,2018-07-23,2018-08-06,3,furniture_decor,Northeast,0.0
base,ridge,2018-07-23,2018-08-13,4,furniture_decor,Northeast,0.0
base,ridge,2018-07-23,2018-07-23,1,furniture_decor,South,10.0
base,ridge,2018-07-23,2018-07-30,2,furniture_decor,South,0.0
base,ridge,2018-07-23,2018-08-06,3,furniture_decor,South,0.0
base,ridge,2018-07-23,2018-08-13,4,furniture_decor,South,0.0
base,ridge,2018-07-23,2018-07-23,1,furniture_decor,Southeast,15.0
base,ridge,2018-07-23,2018-07-30,2,furniture_decor,Southeast,0.0
base,ridge,2018-07-23,2018-08-06,3,furniture_decor,Southeast,0.0
base,ridge,2018-07-23,2018-08-13,4,furniture_decor,Southeast,0.0
base,ridge,2018-07-23,2018-07-23,1,garden_tools,Central-West,0.0
base,ridge,2018-07-23,2018-07-30,2,garden_tools,Central-West,0.0
base,ridge,2018-07-23,2018-08-06,3,garden_tools,Central-West,0.0
base,ridge,2018-07-23,2018-08-13,4,garden_tools,Central-West,0.0
base,ridge,2018-07-23,2018-07-23,1,garden_tools,North,0.0
base,ridge,2018-07-23,2018-07-30,2,garden_tools,North,0.0
base,ridge,2018-07-23,2018-08-06,3,garden_tools,North,0.0
base,ridge,2018-07-23,2018-08-13,4,garden_tools,North,0.0
base,ridge,2018-07-23,2018-07-23,1,garden_tools,Northeast,0.0
base,ridge,2018-07-23,2018-07-30,2,garden_tools,Northeast,0.0
base,ridge,2018-07-23,2018-08-06,3,garden_tools,Northeast,0.0
base,ridge,2018-07-23,2018-08-13,4,garden_tools,Northeast,0.0
base,ridge,2018-07-23,2018-07-23,1,garden_tools,South,0.0
base,ridge,2018-07-23,2018-07-30,2,garden_tools,South,0.0
base,ridge,2018-07-23,2018-08-06,3,garden_tools,South,0.0
base,ridge,2018-07-23,2018-08-13,4,garden_tools,South,0.0
base,ridge,2018-07-23,2018-07-23,1,garden_tools,Southeast,0.0
base,ridge,2018-07-23,2018-07-30,2,garden_tools,Southeast,0.0
base,ridge,2018-07-23,2018-08-06,3,garden_tools,Southeast,0.0
base,ridge,2018-07-23,2018-08-13,4,garden_tools,Southeast,0.0
base,ridge,2018-07-23,2018-07-23,1,health_beauty,Central-West,16.0
base,ridge,2018-07-23,2018-07-30,2,health_beauty,Central-West,0.0
base,ridge,2018-07-23,2018-08-06,3,health_beauty,Central-West,0.0
base,ridge,2018-07-23,2018-08-13,4,health_beauty,Central-West,0.0
base,ridge,2018-07-23,2018-07-23,1,health_beauty,North,6.0
base,ridge,2018-07-23,2018-07-30,2,health_beauty,North,0.0
base,ridge,2018-07-23,2018-08-06,3,health_beauty,North,0.0
base,ridge,2018-07-23,2018-08-13,4,health_beauty,North,0.0
base,ridge,2018-07-23,2018-07-23,1,health_beauty,Northeast,29.0
base,ridge,2018-07-23,2018-07-30,2,health_beauty,Northeast,0.0
base,ridge,2018-07-23,2018-08-06,3,health_beauty,Northeast,0.0
base,ridge,2018-07-23,2018-08-13,4,health_beauty,Northeast,0.0
base,ridge,2018-07-23,2018-07-23,1,health_beauty,South,8.0
base,ridge,2018-07-23,2018-07-30,2,health_beauty,South,0.0
base,ridge,2018-07-23,2018-08-06,3,health_beauty,South,0.0
base,ridge,2018-07-23,2018-08-13,4,health_beauty,South,0.0
base,ridge,2018-07-23,2018-07-23,1,health_beauty,Southeast,22.0
base,ridge,2018-07-23,2018-07-30,2,health_beauty,Southeast,0.0
base,ridge,2018-07-23,2018-08-06,3,health_beauty,Southeast,0.0
base,ridge,2018-07-23,2018-08-13,4,health_beauty,Southeast,0.0
base,ridge,2018-07-23,2018-07-23,1,housewares,Central-West,4.0
base,ridge,2018-07-23,2018-07-30,2,housewares,Central-West,0.0
base,ridge,2018-07-23,2018-08-06,3,housewares,Central-West,0.0
base,ridge,2018-07-23,2018-08-13,4,housewares,Central-West,0.0
base,ridge,2018-07-23,2018-07-23,1,housewares,North,2.0
base,ridge,2018-07-23,2018-07-30,2,housewares,North,0.0
base,ridge,2018-07-23,2018-08-06,3,housewares,North,0.0
base,ridge,2018-07-23,2018-08-13,4,housewares,North,0.0
base,ridge,2018-07-23,2018-07-23,1,housewares,Northeast,8.0
base,ridge,2018-07-23,2018-07-30,2,housewares,Northeast,0.0
base,ridge,2018-07-23,2018-08-06,3,housewares,Northeast,0.0
base,ridge,2018-07-23,2018-08-13,4,housewares,Northeast,0.0
base,ridge,2018-07-23,2018-07-23,1,housewares,South,19.0
base,ridge,2018-07-23,2018-07-30,2,housewares,South,0.0
base,ridge,2018-07-23,2018-08-06,3,housewares,South,0.0
base,ridge,2018-07-23,2018-08-13,4,housewares,South,0.0
base,ridge,2018-07-23,2018-07-23,1,housewares,Southeast,0.0
base,ridge,2018-07-23,2018-07-30,2,housewares,Southeast,0.0
base,ridge,2018-07-23,2018-08-06,3,housewares,Southeast,0.0
base,ridge,2018-07-23,2018-08-13,4,housewares,Southeast,0.0
base,ridge,2018-07-23,2018-07-23,1,sports_leisure,Central-West,0.0
base,ridge,2018-07-23,2018-07-30,2,sports_leisure,Central-West,0.0
base,ridge,2018-07-23,2018-08-06,3,sports_leisure,Central-West,0.0
base,ridge,2018-07-23,2018-08-13,4,sports_leisure,Central-West,0.0
base,ridge,2018-07-23,2018-07-23,1,sports_leisure,North,4.0
base,ridge,2018-07-23,2018-07-30,2,sports_leisure,North,0.0
base,ridge,2018-07-23,2018-08-06,3,sports_leisure,North,0.0
base,ridge,2018-07-23,2018-08-13,4,sports_leisure,North,0.0
base,ridge,2018-07-23,2018-07-23,1,sports_leisure,Northeast,17.0
base,ridge,2018-07-23,2018-07-30,2,sports_leisure,Northeast,0.0
base,ridge,2018-07-23,2018-08-06,3,sports_leisure,Northeast,0.0
base,ridge,2018-07-23,2018-08-13,4,sports_leisure,Northeast,0.0
base,ridge,2018-07-23,2018-07-23,1,sports_leisure,South,1.0
base,ridge,2018-07-23,2018-07-30,2,sports_leisure,South,0.0
base,ridge,2018-07-23,2018-08-06,3,sports_leisure,South,0.0
base,ridge,2018-07-23,2018-08-13,4,sports_leisure,South,0.0
base,ridge,2018-07-23,2018-07-23,1,sports_leisure,Southeast,0.0
base,ridge,2018-07-23,2018-07-30,2,sports_leisure,Southeast,0.0
base,ridge,2018-07-23,2018-08-06,3,sports_leisure,Southeast,0.0
base,ridge,2018-07-23,2018-08-13,4,sports_leisure,Southeast,0.0
base,ridge,2018-07-23,2018-07-23,1,telephony,Central-West,9.0
base,ridge,2018-07-23,2018-07-30,2,telephony,Central-West,0.0
base,ridge,2018-07-23,2018-08-06,3,telephony,Central-West,0.0
base,ridge,2018-07-23,2018-08-13,4,telephony,Central-West,0.0
base,ridge,2018-07-23,2018-07-23,1,telephony,North,0.0
base,ridge,2018-07-23,2018-07-30,2,telephony,North,0.0
base,ridge,2018-07-23,2018-08-06,3,telephony,North,0.0
base,ridge,2018-07-23,2018-08-13,4,telephony,North,0.0
base,ridge,2018-07-23,2018-07-23,1,telephony,Northeast,7.0
base,ridge,2018-07-23,2018-07-30,2,telephony,Northeast,0.0
base,ridge,2018-07-23,2018-08-06,3,telephony,Northeast,0.0
base,ridge,2018-07-23,2018-08-13,4,telephony,Northeast,0.0
base,ridge,2018-07-23,2018-07-23,1,telephony,South,2.0
base,ridge,2018-07-23,2018-07-30,2,telephony,South,0.0
base,ridge,2018-07-23,2018-08-06,3,telephony,South,0.0
base,ridge,2018-07-23,2018-08-13,4,telephony,South,0.0
base,ridge,2018-07-23,2018-07-23,1,telephony,Southeast,6.0
base,ridge,2018-07-23,2018-07-30,2,telephony,Southeast,0.0
base,ridge,2018-07-23,2018-08-06,3,telephony,Southeast,0.0
base,ridge,2018-07-23,2018-08-13,4,telephony,Southeast,0.0
base,ridge,2018-07-23,2018-07-23,1,watches_gifts,Central-West,0.0
base,ridge,2018-07-23,2018-07-30,2,watches_gifts,Central-West,0.0
base,ridge,2018-07-23,2018-08-06,3,watches_gifts,Central-West,0.0
base,ridge,2018-07-23,2018-08-13,4,watches_gifts,Central-West,0.0
base,ridge,2018-07-23,2018-07-23,1,watches_gifts,North,4.0
base,ridge,2018-07-23,2018-07-30,2,watches_gifts,North,0.0
base,ridge,2018-07-23,2018-08-06,3,watches_gifts,North,0.0
base,ridge,2018-07-23,2018-08-13,4,watches_gifts,North,0.0
base,ridge,2018-07-23,2018-07-23,1,watches_gifts,Northeast,18.0
base,ridge,2018-07-23,2018-07-30,2,watches_gifts,Northeast,0.0
base,ridge,2018-07-23,2018-08-06,3,watches_gifts,Northeast,0.0
base,ridge,2018-07-23,2018-08-13,4,watches_gifts,Northeast,0.0
base,ridge,2018-07-23,2018-07-23,1,watches_gifts,South,0.0
base,ridge,2018-07-23,2018-07-30,2,watches_gifts,South,0.0
base,ridge,2018-07-23,2018-08-06,3,watches_gifts,South,0.0
base,ridge,2018-07-23,2018-08-13,4,watches_gifts,South,0.0
base,ridge,2018-07-23,2018-07-23,1,watches_gifts,Southeast,0.0
base,ridge,2018-07-23,2018-07-30,2,watches_gifts,Southeast,0.0
base,ridge,2018-07-23,2018-08-06,3,watches_gifts,Southeast,0.0
base,ridge,2018-07-23,2018-08-13,4,watches_gifts,Southeast,0.0
base,ridge,2018-07-30,2018-07-30,1,auto,Central-West,0.0
base,ridge,2018-07-30,2018-08-06,2,auto,Central-West,0.0
base,ridge,2018-07-30,2018-08-13,3,auto,Central-West,0.0
base,ridge,2018-07-30,2018-08-20,4,auto,Central-West,0.0
base,ridge,2018-07-30,2018-07-30,1,auto,North,0.0
base,ridge,2018-07-30,2018-08-06,2,auto,North,0.0
base,ridge,2018-07-30,2018-08-13,3,auto,North,0.0
base,ridge,2018-07-30,2018-08-20,4,auto,North,0.0
base,ridge,2018-07-30,2018-07-30,1,auto,Northeast,9.0
base,ridge,2018-07-30,2018-08-06,2,auto,Northeast,0.0
base,ridge,2018-07-30,2018-08-13,3,auto,Northeast,0.0
base,ridge,2018-07-30,2018-08-20,4,auto,Northeast,0.0
base,ridge,2018-07-30,2018-07-30,1,auto,South,0.0
base,ridge,2018-07-30,2018-08-06,2,auto,South,0.0
base,ridge,2018-07-30,2018-08-13,3,auto,South,0.0
base,ridge,2018-07-30,2018-08-20,4,auto,South,0.0
base,ridge,2018-07-30,2018-07-30,1,auto,Southeast,0.0
base,ridge,2018-07-30,2018-08-06,2,auto,Southeast,0.0
base,ridge,2018-07-30,2018-08-13,3,auto,Southeast,0.0
base,ridge,2018-07-30,2018-08-20,4,auto,Southeast,0.0
base,ridge,2018-07-30,2018-07-30,1,bed_bath_table,Central-West,0.0
base,ridge,2018-07-30,2018-08-06,2,bed_bath_table,Central-West,0.0
base,ridge,2018-07-30,2018-08-13,3,bed_bath_table,Central-West,0.0
base,ridge,2018-07-30,2018-08-20,4,bed_bath_table,Central-West,0.0
base,ridge,2018-07-30,2018-07-30,1,bed_bath_table,North,0.0
base,ridge,2018-07-30,2018-08-06,2,bed_bath_table,North,0.0
base,ridge,2018-07-30,2018-08-13,3,bed_bath_table,North,0.0
base,ridge,2018-07-30,2018-08-20,4,bed_bath_table,North,0.0
base,ridge,2018-07-30,2018-07-30,1,bed_bath_table,Northeast,0.0
base,ridge,2018-07-30,2018-08-06,2,bed_bath_table,Northeast,0.0
base,ridge,2018-07-30,2018-08-13,3,bed_bath_table,Northeast,0.0
base,ridge,2018-07-30,2018-08-20,4,bed_bath_table,Northeast,0.0
base,ridge,2018-07-30,2018-07-30,1,bed_bath_table,South,0.0
base,ridge,2018-07-30,2018-08-06,2,bed_bath_table,South,0.0
base,ridge,2018-07-30,2018-08-13,3,bed_bath_table,South,0.0
base,ridge,2018-07-30,2018-08-20,4,bed_bath_table,South,0.0
base,ridge,2018-07-30,2018-07-30,1,bed_bath_table,Southeast,0.0
base,ridge,2018-07-30,2018-08-06,2,bed_bath_table,Southeast,0.0
base,ridge,2018-07-30,2018-08-13,3,bed_bath_table,Southeast,0.0
base,ridge,2018-07-30,2018-08-20,4,bed_bath_table,Southeast,0.0
base,ridge,2018-07-30,2018-07-30,1,computers_accessories,Central-West,0.0
base,ridge,2018-07-30,2018-08-06,2,computers_accessories,Central-West,0.0
base,ridge,2018-07-30,2018-08-13,3,computers_accessories,Central-West,0.0
base,ridge,2018-07-30,2018-08-20,4,computers_accessories,Central-West,0.0
base,ridge,2018-07-30,2018-07-30,1,computers_accessories,North,0.0
base,ridge,2018-07-30,2018-08-06,2,computers_accessories,North,0.0
base,ridge,2018-07-30,2018-08-13,3,computers_accessories,North,0.0
base,ridge,2018-07-30,2018-08-20,4,computers_accessories,North,0.0
base,ridge,2018-07-30,2018-07-30,1,computers_accessories,Northeast,0.0
base,ridge,2018-07-30,2018-08-06,2,computers_accessories,Northeast,0.0
base,ridge,2018-07-30,2018-08-13,3,computers_accessories,Northeast,0.0
base,ridge,2018-07-30,2018-08-20,4,computers_accessories,Northeast,0.0
base,ridge,2018-07-30,2018-07-30,1,computers_accessories,South,0.0
base,ridge,2018-07-30,2018-08-06,2,computers_accessories,South,0.0
base,ridge,2018-07-30,2018-08-13,3,computers_accessories,South,0.0
base,ridge,2018-07-30,2018-08-20,4,computers_accessories,South,0.0
base,ridge,2018-07-30,2018-07-30,1,computers_accessories,Southeast,7.0
base,ridge,2018-07-30,2018-08-06,2,computers_accessories,Southeast,0.0
base,ridge,2018-07-30,2018-08-13,3,computers_accessories,Southeast,0.0
base,ridge,2018-07-30,2018-08-20,4,computers_accessories,Southeast,0.0
base,ridge,2018-07-30,2018-07-30,1,furniture_decor,Central-West,0.0
base,ridge,2018-07-30,2018-08-06,2,furniture_decor,Central-West,0.0
base,ridge,2018-07-30,2018-08-13,3,furniture_decor,Central-West,0.0
base,ridge,2018-07-30,2018-08-20,4,furniture_decor,Central-West,0.0
base,ridge,2018-07-30,2018-07-30,1,furniture_decor,North,1.0
base,ridge,2018-07-30,2018-08-06,2,furniture_decor,North,0.0
base,ridge,2018-07-30,2018-08-13,3,furniture_decor,North,0.0
base,ridge,2018-07-30,2018-08-20,4,furniture_decor,North,0.0
base,ridge,2018-07-30,2018-07-30,1,furniture_decor,Northeast,1.0
base,ridge,2018-07-30,2018-08-06,2,furniture_decor,Northeast,0.0
base,ridge,2018-07-30,2018-08-13,3,furniture_decor,Northeast,0.0
base,ridge,2018-07-30,2018-08-20,4,furniture_decor,Northeast,0.0
base,ridge,2018-07-30,2018-07-30,1,furniture_decor,South,7.0
base,ridge,2018-07-30,2018-08-06,2,furniture_decor,South,0.0
base,ridge,2018-07-30,2018-08-13,3,furniture_decor,South,0.0
base,ridge,2018-07-30,2018-08-20,4,furniture_decor,South,0.0
base,ridge,2018-07-30,2018-07-30,1,furniture_decor,Southeast,9.0
base,ridge,2018-07-30,2018-08-06,2,furniture_decor,Southeast,0.0
base,ridge,2018-07-30,2018-08-13,3,furniture_decor,Southeast,0.0
base,ridge,2018-07-30,2018-08-20,4,furniture_decor,Southeast,0.0
base,ridge,2018-07-30,2018-07-30,1,garden_tools,Central-West,0.0
base,ridge,2018-07-30,2018-08-06,2,garden_tools,Central-West,0.0
base,ridge,2018-07-30,2018-08-13,3,garden_tools,Central-West,0.0
base,ridge,2018-07-30,2018-08-20,4,garden_tools,Central-West,0.0
base,ridge,2018-07-30,2018-07-30,1,garden_tools,North,0.0
base,ridge,2018-07-30,2018-08-06,2,garden_tools,North,0.0
base,ridge,2018-07-30,2018-08-13,3,garden_tools,North,0.0
base,ridge,2018-07-30,2018-08-20,4,garden_tools,North,0.0
base,ridge,2018-07-30,2018-07-30,1,garden_tools,Northeast,3.0
base,ridge,2018-07-30,2018-08-06,2,garden_tools,Northeast,0.0
base,ridge,2018-07-30,2018-08-13,3,garden_tools,Northeast,0.0
base,ridge,2018-07-30,2018-08-20,4,garden_tools,Northeast,0.0
base,ridge,2018-07-30,2018-07-30,1,garden_tools,South,3.0
base,ridge,2018-07-30,2018-08-06,2,garden_tools,South,0.0
base,ridge,2018-07-30,2018-08-13,3,garden_tools,South,0.0
base,ridge,2018-07-30,2018-08-20,4,garden_tools,South,0.0
base,ridge,2018-07-30,2018-07-30,1,garden_tools,Southeast,7.0
base,ridge,2018-07-30,2018-08-06,2,garden_tools,Southeast,0.0
base,ridge,2018-07-30,2018-08-13,3,garden_tools,Southeast,0.0
base,ridge,2018-07-30,2018-08-20,4,garden_tools,Southeast,0.0
base,ridge,2018-07-30,2018-07-30,1,health_beauty,Central-West,0.0
base,ridge,2018-07-30,2018-08-06,2,health_beauty,Central-West,0.0
base,ridge,2018-07-30,2018-08-13,3,health_beauty,Central-West,0.0
base,ridge,2018-07-30,2018-08-20,4,health_beauty,Central-West,0.0
base,ridge,2018-07-30,2018-07-30,1,health_beauty,North,0.0
base,ridge,2018-07-30,2018-08-06,2,health_beauty,North,0.0
base,ridge,2018-07-30,2018-08-13,3,health_beauty,North,0.0
base,ridge,2018-07-30,2018-08-20,4,health_beauty,North,0.0
base,ridge,2018-07-30,2018-07-30,1,health_beauty,Northeast,0.0
base,ridge,2018-07-30,2018-08-06,2,health_beauty,Northeast,0.0
base,ridge,2018-07-30,2018-08-13,3,health_beauty,Northeast,0.0
base,ridge,2018-07-30,2018-08-20,4,health_beauty,Northeast,0.0
base,ridge,2018-07-30,2018-07-30,1,health_beauty,South,0.0
base,ridge,2018-07-30,2018-08-06,2,health_beauty,South,0.0
base,ridge,2018-07-30,2018-08-13,3,health_beauty,South,0.0
base,ridge,2018-07-30,2018-08-20,4,health_beauty,South,0.0
base,ridge,2018-07-30,2018-07-30,1,health_beauty,Southeast,0.0
base,ridge,2018-07-30,2018-08-06,2,health_beauty,Southeast,0.0
base,ridge,2018-07-30,2018-08-13,3,health_beauty,Southeast,0.0
base,ridge,2018-07-30,2018-08-20,4,health_beauty,Southeast,0.0
base,ridge,2018-07-30,2018-07-30,1,housewares,Central-West,9.0
base,ridge,2018-07-30,2018-08-06,2,housewares,Central-West,0.0
base,ridge,2018-07-30,2018-08-13,3,housewares,Central-West,0.0
base,ridge,2018-07-30,2018-08-20,4,housewares,Central-West,0.0
base,ridge,2018-07-30,2018-07-30,1,housewares,North,0.0
base,ridge,2018-07-30,2018-08-06,2,housewares,North,0.0
base,ridge,2018-07-30,2018-08-13,3,housewares,North,0.0
base,ridge,2018-07-30,2018-08-20,4,housewares,North,0.0
base,ridge,2018-07-30,2018-07-30,1,housewares,Northeast,1.0
base,ridge,2018-07-30,2018-08-06,2,housewares,Northeast,0.0
base,ridge,2018-07-30,2018-08-13,3,housewares,Northeast,0.0
base,ridge,2018-07-30,2018-08-20,4,housewares,Northeast,0.0
base,ridge,2018-07-30,2018-07-30,1,housewares,South,1.0
base,ridge,2018-07-30,2018-08-06,2,housewares,South,0.0
base,ridge,2018-07-30,2018-08-13,3,housewares,South,0.0
base,ridge,2018-07-30,2018-08-20,4,housewares,South,0.0
base,ridge,2018-07-30,2018-07-30,1,housewares,Southeast,15.0
base,ridge,2018-07-30,2018-08-06,2,housewares,Southeast,0.0
base,ridge,2018-07-30,2018-08-13,3,housewares,Southeast,0.0
base,ridge,2018-07-30,2018-08-20,4,housewares,Southeast,0.0
base,ridge,2018-07-30,2018-07-30,1,sports_leisure,Central-West,0.0
base,ridge,2018-07-30,2018-08-06,2,sports_leisure,Central-West,0.0
base,ridge,2018-07-30,2018-08-13,3,sports_leisure,Central-West,0.0
base,ridge,2018-07-30,2018-08-20,4,sports_leisure,Central-West,0.0
base,ridge,2018-07-30,2018-07-30,1,sports_leisure,North,3.0
base,ridge,2018-07-30,2018-08-06,2,sports_leisure,North,0.0
base,ridge,2018-07-30,2018-08-13,3,sports_leisure,North,0.0
base,ridge,2018-07-30,2018-08-20,4,sports_leisure,North,0.0
base,ridge,2018-07-30,2018-07-30,1,sports_leisure,Northeast,0.0
base,ridge,2018-07-30,2018-08-06,2,sports_leisure,Northeast,0.0
base,ridge,2018-07-30,2018-08-13,3,sports_leisure,Northeast,0.0
base,ridge,2018-07-30,2018-08-20,4,sports_leisure,Northeast,0.0
base,ridge,2018-07-30,2018-07-30,1,sports_leisure,South,4.0
base,ridge,2018-07-30,2018-08-06,2,sports_leisure,South,0.0
base,ridge,2018-07-30,2018-08-13,3,sports_leisure,South,0.0
base,ridge,2018-07-30,2018-08-20,4,sports_leisure,South,0.0
base,ridge,2018-07-30,2018-07-30,1,sports_leisure,Southeast,12.0
base,ridge,2018-07-30,2018-08-06,2,sports_leisure,Southeast,0.0
base,ridge,2018-07-30,2018-08-13,3,sports_leisure,Southeast,0.0
base,ridge,2018-07-30,2018-08-20,4,sports_leisure,Southeast,0.0
base,ridge,2018-07-30,2018-07-30,1,telephony,Central-West,0.0
base,ridge,2018-07-30,2018-08-06,2,telephony,Central-West,0.0
base,ridge,2018-07-30,2018-08-13,3,telephony,Central-West,0.0
base,ridge,2018-07-30,2018-08-20,4,telephony,Central-West,0.0
base,ridge,2018-07-30,2018-07-30,1,telephony,North,0.0
base,ridge,2018-07-30,2018-08-06,2,telephony,North,0.0
base,ridge,2018-07-30,2018-08-13,3,telephony,North,0.0
base,ridge,2018-07-30,2018-08-20,4,telephony,North,0.0
base,ridge,2018-07-30,2018-07-30,1,telephony,Northeast,0.0
base,ridge,2018-07-30,2018-08-06,2,telephony,Northeast,0.0
base,ridge,2018-07-30,2018-08-13,3,telephony,Northeast,0.0
base,ridge,2018-07-30,2018-08-20,4,telephony,Northeast,0.0
base,ridge,2018-07-30,2018-07-30,1,telephony,South,4.0
base,ridge,2018-07-30,2018-08-06,2,telephony,South,0.0
base,ridge,2018-07-30,2018-08-13,3,telephony,South,0.0
base,ridge,2018-07-30,2018-08-20,4,telephony,South,0.0
base,ridge,2018-07-30,2018-07-30,1,telephony,Southeast,0.0
base,ridge,2018-07-30,2018-08-06,2,telephony,Southeast,0.0
base,ridge,2018-07-30,2018-08-13,3,telephony,Southeast,0.0
base,ridge,2018-07-30,2018-08-20,4,telephony,Southeast,0.0
base,ridge,2018-07-30,2018-07-30,1,watches_gifts,Central-West,0.0
base,ridge,2018-07-30,2018-08-06,2,watches_gifts,Central-West,0.0
base,ridge,2018-07-30,2018-08-13,3,watches_gifts,Central-West,0.0
base,ridge,2018-07-30,2018-08-20,4,watches_gifts,Central-West,0.0
base,ridge,2018-07-30,2018-07-30,1,watches_gifts,North,0.0
base,ridge,2018-07-30,2018-08-06,2,watches_gifts,North,0.0
base,ridge,2018-07-30,2018-08-13,3,watches_gifts,North,0.0
base,ridge,2018-07-30,2018-08-20,4,watches_gifts,North,0.0
base,ridge,2018-07-30,2018-07-30,1,watches_gifts,Northeast,0.0
base,ridge,2018-07-30,2018-08-06,2,watches_gifts,Northeast,0.0
base,ridge,2018-07-30,2018-08-13,3,watches_gifts,Northeast,0.0
base,ridge,2018-07-30,2018-08-20,4,watches_gifts,Northeast,0.0
base,ridge,2018-07-30,2018-07-30,1,watches_gifts,South,0.0
base,ridge,2018-07-30,2018-08-06,2,watches_gifts,South,0.0
base,ridge,2018-07-30,2018-08-13,3,watches_gifts,South,0.0
base,ridge,2018-07-30,2018-08-20,4,watches_gifts,South,0.0
base,ridge,2018-07-30,2018-07-30,1,watches_gifts,Southeast,0.0
base,ridge,2018-07-30,2018-08-06,2,watches_gifts,Southeast,0.0
base,ridge,2018-07-30,2018-08-13,3,watches_gifts,Southeast,0.0
base,ridge,2018-07-30,2018-08-20,4,watches_gifts,Southeast,0.0
base,ridge,2018-08-06,2018-08-06,1,auto,Central-West,0.0
base,ridge,2018-08-06,2018-08-13,2,auto,Central-West,0.0
base,ridge,2018-08-06,2018-08-20,3,auto,Central-West,0.0
base,ridge,2018-08-06,2018-08-27,4,auto,Central-West,0.0
base,ridge,2018-08-06,2018-08-06,1,auto,North,0.0
base,ridge,2018-08-06,2018-08-13,2,auto,North,0.0
base,ridge,2018-08-06,2018-08-20,3,auto,North,0.0
base,ridge,2018-08-06,2018-08-27,4,auto,North,0.0
base,ridge,2018-08-06,2018-08-06,1,auto,Northeast,10.0
base,ridge,2018-08-06,2018-08-13,2,auto,Northeast,0.0
base,ridge,2018-08-06,2018-08-20,3,auto,Northeast,0.0
base,ridge,2018-08-06,2018-08-27,4,auto,Northeast,0.0
base,ridge,2018-08-06,2018-08-06,1,auto,South,0.0
base,ridge,2018-08-06,2018-08-13,2,auto,South,0.0
base,ridge,2018-08-06,2018-08-20,3,auto,South,0.0
base,ridge,2018-08-06,2018-08-27,4,auto,South,0.0
base,ridge,2018-08-06,2018-08-06,1,auto,Southeast,0.0
base,ridge,2018-08-06,2018-08-13,2,auto,Southeast,0.0
base,ridge,2018-08-06,2018-08-20,3,auto,Southeast,0.0
base,ridge,2018-08-06,2018-08-27,4,auto,Southeast,0.0
base,ridge,2018-08-06,2018-08-06,1,bed_bath_table,Central-West,0.0
base,ridge,2018-08-06,2018-08-13,2,bed_bath_table,Central-West,0.0
base,ridge,2018-08-06,2018-08-20,3,bed_bath_table,Central-West,0.0
base,ridge,2018-08-06,2018-08-27,4,bed_bath_table,Central-West,0.0
base,ridge,2018-08-06,2018-08-06,1,bed_bath_table,North,0.0
base,ridge,2018-08-06,2018-08-13,2,bed_bath_table,North,0.0
base,ridge,2018-08-06,2018-08-20,3,bed_bath_table,North,0.0
base,ridge,2018-08-06,2018-08-27,4,bed_bath_table,North,0.0
base,ridge,2018-08-06,2018-08-06,1,bed_bath_table,Northeast,14.0
base,ridge,2018-08-06,2018-08-13,2,bed_bath_table,Northeast,0.0
base,ridge,2018-08-06,2018-08-20,3,bed_bath_table,Northeast,0.0
base,ridge,2018-08-06,2018-08-27,4,bed_bath_table,Northeast,0.0
base,ridge,2018-08-06,2018-08-06,1,bed_bath_table,South,0.0
base,ridge,2018-08-06,2018-08-13,2,bed_bath_table,South,0.0
base,ridge,2018-08-06,2018-08-20,3,bed_bath_table,South,0.0
base,ridge,2018-08-06,2018-08-27,4,bed_bath_table,South,0.0
base,ridge,2018-08-06,2018-08-06,1,bed_bath_table,Southeast,12.0
base,ridge,2018-08-06,2018-08-13,2,bed_bath_table,Southeast,0.0
base,ridge,2018-08-06,2018-08-20,3,bed_bath_table,Southeast,0.0
base,ridge,2018-08-06,2018-08-27,4,bed_bath_table,Southeast,0.0
base,ridge,2018-08-06,2018-08-06,1,computers_accessories,Central-West,0.0
base,ridge,2018-08-06,2018-08-13,2,computers_accessories,Central-West,0.0
base,ridge,2018-08-06,2018-08-20,3,computers_accessories,Central-West,0.0
base,ridge,2018-08-06,2018-08-27,4,computers_accessories,Central-West,0.0
base,ridge,2018-08-06,2018-08-06,1,computers_accessories,North,8.0
base,ridge,2018-08-06,2018-08-13,2,computers_accessories,North,0.0
base,ridge,2018-08-06,2018-08-20,3,computers_accessories,North,0.0
base,ridge,2018-08-06,2018-08-27,4,computers_accessories,North,0.0
base,ridge,2018-08-06,2018-08-06,1,computers_accessories,Northeast,1.0
base,ridge,2018-08-06,2018-08-13,2,computers_accessories,Northeast,0.0
base,ridge,2018-08-06,2018-08-20,3,computers_accessories,Northeast,0.0
base,ridge,2018-08-06,2018-08-27,4,computers_accessories,Northeast,0.0
base,ridge,2018-08-06,2018-08-06,1,computers_accessories,South,0.0
base,ridge,2018-08-06,2018-08-13,2,computers_accessories,South,0.0
base,ridge,2018-08-06,2018-08-20,3,computers_accessories,South,0.0
base,ridge,2018-08-06,2018-08-27,4,computers_accessories,South,0.0
base,ridge,2018-08-06,2018-08-06,1,computers_accessories,Southeast,13.0
base,ridge,2018-08-06,2018-08-13,2,computers_accessories,Southeast,0.0
base,ridge,2018-08-06,2018-08-20,3,computers_accessories,Southeast,0.0
base,ridge,2018-08-06,2018-08-27,4,computers_accessories,Southeast,0.0
base,ridge,2018-08-06,2018-08-06,1,furniture_decor,Central-West,0.0
base,ridge,2018-08-06,2018-08-13,2,furniture_decor,Central-West,0.0
base,ridge,2018-08-06,2018-08-20,3,furniture_decor,Central-West,0.0
base,ridge,2018-08-06,2018-08-27,4,furniture_decor,Central-West,0.0
base,ridge,2018-08-06,2018-08-06,1,furniture_decor,North,0.0
base,ridge,2018-08-06,2018-08-13,2,furniture_decor,North,0.0
base,ridge,2018-08-06,2018-08-20,3,furniture_decor,North,0.0
base,ridge,2018-08-06,2018-08-27,4,furniture_decor,North,0.0
base,ridge,2018-08-06,2018-08-06,1,furniture_decor,Northeast,1.0
base,ridge,2018-08-06,2018-08-13,2,furniture_decor,Northeast,0.0
base,ridge,2018-08-06,2018-08-20,3,furniture_decor,Northeast,0.0
base,ridge,2018-08-06,2018-08-27,4,furniture_decor,Northeast,0.0
base,ridge,2018-08-06,2018-08-06,1,furniture_decor,South,0.0
base,ridge,2018-08-06,2018-08-13,2,furniture_decor,South,0.0
base,ridge,2018-08-06,2018-08-20,3,furniture_decor,South,0.0
base,ridge,2018-08-06,2018-08-27,4,furniture_decor,South,0.0
base,ridge,2018-08-06,2018-08-06,1,furniture_decor,Southeast,15.0
base,ridge,2018-08-06,2018-08-13,2,furniture_decor,Southeast,0.0
base,ridge,2018-08-06,2018-08-20,3,furniture_decor,Southeast,0.0
base,ridge,2018-08-06,2018-08-27,4,furniture_decor,Southeast,0.0
base,ridge,2018-08-06,2018-08-06,1,garden_tools,Central-West,0.0
base,ridge,2018-08-06,2018-08-13,2,garden_tools,Central-West,0.0
base,ridge,2018-08-06,2018-08-20,3,garden_tools,Central-West,0.0
base,ridge,2018-08-06,2018-08-27,4,garden_tools,Central-West,0.0
base,ridge,2018-08-06,2018-08-06,1,garden_tools,North,0.0
base,ridge,2018-08-06,2018-08-13,2,garden_tools,North,0.0
base,ridge,2018-08-06,2018-08-20,3,garden_tools,North,0.0
base,ridge,2018-08-06,2018-08-27,4,garden_tools,North,0.0
base,ridge,2018-08-06,2018-08-06,1,garden_tools,Northeast,0.0
base,ridge,2018-08-06,2018-08-13,2,garden_tools,Northeast,0.0
base,ridge,2018-08-06,2018-08-20,3,garden_tools,Northeast,0.0
base,ridge,2018-08-06,2018-08-27,4,garden_tools,Northeast,0.0
base,ridge,2018-08-06,2018-08-06,1,garden_tools,South,0.0
base,ridge,2018-08-06,2018-08-13,2,garden_tools,South,0.0
base,ridge,2018-08-06,2018-08-20,3,garden_tools,South,0.0
base,ridge,2018-08-06,2018-08-27,4,garden_tools,South,0.0
base,ridge,2018-08-06,2018-08-06,1,garden_tools,Southeast,0.0
base,ridge,2018-08-06,2018-08-13,2,garden_tools,Southeast,0.0
base,ridge,2018-08-06,2018-08-20,3,garden_tools,Southeast,0.0
base,ridge,2018-08-06,2018-08-27,4,garden_tools,Southeast,0.0
base,ridge,2018-08-06,2018-08-06,1,health_beauty,Central-West,10.0
base,ridge,2018-08-06,2018-08-13,2,health_beauty,Central-West,0.0
base,ridge,2018-08-06,2018-08-20,3,health_beauty,Central-West,0.0
base,ridge,2018-08-06,2018-08-27,4,health_beauty,Central-West,0.0
base,ridge,2018-08-06,2018-08-06,1,health_beauty,North,12.0
base,ridge,2018-08-06,2018-08-13,2,health_beauty,North,0.0
base,ridge,2018-08-06,2018-08-20,3,health_beauty,North,0.0
base,ridge,2018-08-06,2018-08-27,4,health_beauty,North,0.0
base,ridge,2018-08-06,2018-08-06,1,health_beauty,Northeast,19.0
base,ridge,2018-08-06,2018-08-13,2,health_beauty,Northeast,0.0
base,ridge,2018-08-06,2018-08-20,3,health_beauty,Northeast,0.0
base,ridge,2018-08-06,2018-08-27,4,health_beauty,Northeast,0.0
base,ridge,2018-08-06,2018-08-06,1,health_beauty,South,2.0
base,ridge,2018-08-06,2018-08-13,2,health_beauty,South,0.0
base,ridge,2018-08-06,2018-08-20,3,health_beauty,South,0.0
base,ridge,2018-08-06,2018-08-27,4,health_beauty,South,0.0
base,ridge,2018-08-06,2018-08-06,1,health_beauty,Southeast,6.0
base,ridge,2018-08-06,2018-08-13,2,health_beauty,Southeast,0.0
base,ridge,2018-08-06,2018-08-20,3,health_beauty,Southeast,0.0
base,ridge,2018-08-06,2018-08-27,4,health_beauty,Southeast,0.0
base,ridge,2018-08-06,2018-08-06,1,housewares,Central-West,0.0
base,ridge,2018-08-06,2018-08-13,2,housewares,Central-West,0.0
base,ridge,2018-08-06,2018-08-20,3,housewares,Central-West,0.0
base,ridge,2018-08-06,2018-08-27,4,housewares,Central-West,0.0
base,ridge,2018-08-06,2018-08-06,1,housewares,North,5.0
base,ridge,2018-08-06,2018-08-13,2,housewares,North,0.0
base,ridge,2018-08-06,2018-08-20,3,housewares,North,0.0
base,ridge,2018-08-06,2018-08-27,4,housewares,North,0.0
base,ridge,2018-08-06,2018-08-06,1,housewares,Northeast,4.0
base,ridge,2018-08-06,2018-08-13,2,housewares,Northeast,0.0
base,ridge,2018-08-06,2018-08-20,3,housewares,Northeast,0.0
base,ridge,2018-08-06,2018-08-27,4,housewares,Northeast,0.0
base,ridge,2018-08-06,2018-08-06,1,housewares,South,6.0
base,ridge,2018-08-06,2018-08-13,2,housewares,South,0.0
base,ridge,2018-08-06,2018-08-20,3,housewares,South,0.0
base,ridge,2018-08-06,2018-08-27,4,housewares,South,0.0
base,ridge,2018-08-06,2018-08-06,1,housewares,Southeast,17.0
base,ridge,2018-08-06,2018-08-13,2,housewares,Southeast,0.0
base,ridge,2018-08-06,2018-08-20,3,housewares,Southeast,0.0
base,ridge,2018-08-06,2018-08-27,4,housewares,Southeast,0.0
base,ridge,2018-08-06,2018-08-06,1,sports_leisure,Central-West,0.0
base,ridge,2018-08-06,2018-08-13,2,sports_leisure,Central-West,0.0
base,ridge,2018-08-06,2018-08-20,3,sports_leisure,Central-West,0.0
base,ridge,2018-08-06,2018-08-27,4,sports_leisure,Central-West,0.0
base,ridge,2018-08-06,2018-08-06,1,sports_leisure,North,6.0
base,ridge,2018-08-06,2018-08-13,2,sports_leisure,North,0.0
base,ridge,2018-08-06,2018-08-20,3,sports_leisure,North,0.0
base,ridge,2018-08-06,2018-08-27,4,sports_leisure,North,0.0
base,ridge,2018-08-06,2018-08-06,1,sports_leisure,Northeast,2.0
base,ridge,2018-08-06,2018-08-13,2,sports_leisure,Northeast,0.0
base,ridge,2018-08-06,2018-08-20,3,sports_leisure,Northeast,0.0
base,ridge,2018-08-06,2018-08-27,4,sports_leisure,Northeast,0.0
base,ridge,2018-08-06,2018-08-06,1,sports_leisure,South,0.0
base,ridge,2018-08-06,2018-08-13,2,sports_leisure,South,0.0
base,ridge,2018-08-06,2018-08-20,3,sports_leisure,South,0.0
base,ridge,2018-08-06,2018-08-27,4,sports_leisure,South,0.0
base,ridge,2018-08-06,2018-08-06,1,sports_leisure,Southeast,9.0
base,ridge,2018-08-06,2018-08-13,2,sports_leisure,Southeast,0.0
base,ridge,2018-08-06,2018-08-20,3,sports_leisure,Southeast,0.0
base,ridge,2018-08-06,2018-08-27,4,sports_leisure,Southeast,0.0
base,ridge,2018-08-06,2018-08-06,1,telephony,Central-West,0.0
base,ridge,2018-08-06,2018-08-13,2,telephony,Central-West,0.0
base,ridge,2018-08-06,2018-08-20,3,telephony,Central-West,0.0
base,ridge,2018-08-06,2018-08-27,4,telephony,Central-West,0.0
base,ridge,2018-08-06,2018-08-06,1,telephony,North,0.0
base,ridge,2018-08-06,2018-08-13,2,telephony,North,0.0
base,ridge,2018-08-06,2018-08-20,3,telephony,North,0.0
base,ridge,2018-08-06,2018-08-27,4,telephony,North,0.0
base,ridge,2018-08-06,2018-08-06,1,telephony,Northeast,5.0
base,ridge,2018-08-06,2018-08-13,2,telephony,Northeast,0.0
base,ridge,2018-08-06,2018-08-20,3,telephony,Northeast,0.0
base,ridge,2018-08-06,2018-08-27,4,telephony,Northeast,0.0
base,ridge,2018-08-06,2018-08-06,1,telephony,South,6.0
base,ridge,2018-08-06,2018-08-13,2,telephony,South,0.0
base,ridge,2018-08-06,2018-08-20,3,telephony,South,0.0
base,ridge,2018-08-06,2018-08-27,4,telephony,South,0.0
base,ridge,2018-08-06,2018-08-06,1,telephony,Southeast,14.0
base,ridge,2018-08-06,2018-08-13,2,telephony,Southeast,0.0
base,ridge,2018-08-06,2018-08-20,3,telephony,Southeast,0.0
base,ridge,2018-08-06,2018-08-27,4,telephony,Southeast,0.0
base,ridge,2018-08-06,2018-08-06,1,watches_gifts,Central-West,0.0
base,ridge,2018-08-06,2018-08-13,2,watches_gifts,Central-West,0.0
base,ridge,2018-08-06,2018-08-20,3,watches_gifts,Central-West,0.0
base,ridge,2018-08-06,2018-08-27,4,watches_gifts,Central-West,0.0
base,ridge,2018-08-06,2018-08-06,1,watches_gifts,North,4.0
base,ridge,2018-08-06,2018-08-13,2,watches_gifts,North,0.0
base,ridge,2018-08-06,2018-08-20,3,watches_gifts,North,0.0
base,ridge,2018-08-06,2018-08-27,4,watches_gifts,North,0.0
base,ridge,2018-08-06,2018-08-06,1,watches_gifts,Northeast,15.0
base,ridge,2018-08-06,2018-08-13,2,watches_gifts,Northeast,0.0
base,ridge,2018-08-06,2018-08-20,3,watches_gifts,Northeast,0.0
base,ridge,2018-08-06,2018-08-27,4,watches_gifts,Northeast,0.0
base,ridge,2018-08-06,2018-08-06,1,watches_gifts,South,5.0
base,ridge,2018-08-06,2018-08-13,2,watches_gifts,South,0.0
base,ridge,2018-08-06,2018-08-20,3,watches_gifts,South,0.0
base,ridge,2018-08-06,2018-08-27,4,watches_gifts,South,0.0
base,ridge,2018-08-06,2018-08-06,1,watches_gifts,Southeast,18.0
base,ridge,2018-08-06,2018-08-13,2,watches_gifts,Southeast,0.0
base,ridge,2018-08-06,2018-08-20,3,watches_gifts,Southeast,0.0
base,ridge,2018-08-06,2018-08-27,4,watches_gifts,Southeast,0.0
base,ridge,2018-08-13,2018-08-13,1,auto,Central-West,0.0
base,ridge,2018-08-13,2018-08-20,2,auto,Central-West,0.0
base,ridge,2018-08-13,2018-08-27,3,auto,Central-West,0.0
base,ridge,2018-08-13,2018-09-03,4,auto,Central-West,0.0
base,ridge,2018-08-13,2018-08-13,1,auto,North,0.0
base,ridge,2018-08-13,2018-08-20,2,auto,North,0.0
base,ridge,2018-08-13,2018-08-27,3,auto,North,0.0
base,ridge,2018-08-13,2018-09-03,4,auto,North,0.0
base,ridge,2018-08-13,2018-08-13,1,auto,Northeast,7.0
base,ridge,2018-08-13,2018-08-20,2,auto,Northeast,0.0
base,ridge,2018-08-13,2018-08-27,3,auto,Northeast,0.0
base,ridge,2018-08-13,2018-09-03,4,auto,Northeast,0.0
base,ridge,2018-08-13,2018-08-13,1,auto,South,6.0
base,ridge,2018-08-13,2018-08-20,2,auto,South,0.0
base,ridge,2018-08-13,2018-08-27,3,auto,South,0.0
base,ridge,2018-08-13,2018-09-03,4,auto,South,0.0
base,ridge,2018-08-13,2018-08-13,1,auto,Southeast,15.0
base,ridge,2018-08-13,2018-08-20,2,auto,Southeast,0.0
base,ridge,2018-08-13,2018-08-27,3,auto,Southeast,0.0
base,ridge,2018-08-13,2018-09-03,4,auto,Southeast,0.0
base,ridge,2018-08-13,2018-08-13,1,bed_bath_table,Central-West,0.0
base,ridge,2018-08-13,2018-08-20,2,bed_bath_table,Central-West,0.0
base,ridge,2018-08-13,2018-08-27,3,bed_bath_table,Central-West,0.0
base,ridge,2018-08-13,2018-09-03,4,bed_bath_table,Central-West,0.0
base,ridge,2018-08-13,2018-08-13,1,bed_bath_table,North,0.0
base,ridge,2018-08-13,2018-08-20,2,bed_bath_table,North,0.0
base,ridge,2018-08-13,2018-08-27,3,bed_bath_table,North,0.0
base,ridge,2018-08-13,2018-09-03,4,bed_bath_table,North,0.0
base,ridge,2018-08-13,2018-08-13,1,bed_bath_table,Northeast,0.0
base,ridge,2018-08-13,2018-08-20,2,bed_bath_table,Northeast,0.0
base,ridge,2018-08-13,2018-08-27,3,bed_bath_table,Northeast,0.0
base,ridge,2018-08-13,2018-09-03,4,bed_bath_table,Northeast,0.0
base,ridge,2018-08-13,2018-08-13,1,bed_bath_table,South,2.0
base,ridge,2018-08-13,2018-08-20,2,bed_bath_table,South,0.0
base,ridge,2018-08-13,2018-08-27,3,bed_bath_table,South,0.0
base,ridge,2018-08-13,2018-09-03,4,bed_bath_table,South,0.0
base,ridge,2018-08-13,2018-08-13,1,bed_bath_table,Southeast,4.0
base,ridge,2018-08-13,2018-08-20,2,bed_bath_table,Southeast,0.0
base,ridge,2018-08-13,2018-08-27,3,bed_bath_table,Southeast,0.0
base,ridge,2018-08-13,2018-09-03,4,bed_bath_table,Southeast,0.0
base,ridge,2018-08-13,2018-08-13,1,computers_accessories,Central-West,0.0
base,ridge,2018-08-13,2018-08-20,2,computers_accessories,Central-West,0.0
base,ridge,2018-08-13,2018-08-27,3,computers_accessories,Central-West,0.0
base,ridge,2018-08-13,2018-09-03,4,computers_accessories,Central-West,0.0
base,ridge,2018-08-13,2018-08-13,1,computers_accessories,North,0.0
base,ridge,2018-08-13,2018-08-20,2,computers_accessories,North,0.0
base,ridge,2018-08-13,2018-08-27,3,computers_accessories,North,0.0
base,ridge,2018-08-13,2018-09-03,4,computers_accessories,North,0.0
base,ridge,2018-08-13,2018-08-13,1,computers_accessories,Northeast,0.0
base,ridge,2018-08-13,2018-08-20,2,computers_accessories,Northeast,0.0
base,ridge,2018-08-13,2018-08-27,3,computers_accessories,Northeast,0.0
base,ridge,2018-08-13,2018-09-03,4,computers_accessories,Northeast,0.0
base,ridge,2018-08-13,2018-08-13,1,computers_accessories,South,0.0
base,ridge,2018-08-13,2018-08-20,2,computers_accessories,South,0.0
base,ridge,2018-08-13,2018-08-27,3,computers_accessories,South,0.0
base,ridge,2018-08-13,2018-09-03,4,computers_accessories,South,0.0
base,ridge,2018-08-13,2018-08-13,1,computers_accessories,Southeast,0.0
base,ridge,2018-08-13,2018-08-20,2,computers_accessories,Southeast,0.0
base,ridge,2018-08-13,2018-08-27,3,computers_accessories,Southeast,0.0
base,ridge,2018-08-13,2018-09-03,4,computers_accessories,Southeast,0.0
base,ridge,2018-08-13,2018-08-13,1,furniture_decor,Central-West,0.0
base,ridge,2018-08-13,2018-08-20,2,furniture_decor,Central-West,0.0
base,ridge,2018-08-13,2018-08-27,3,furniture_decor,Central-West,0.0
base,ridge,2018-08-13,2018-09-03,4,furniture_decor,Central-West,0.0
base,ridge,2018-08-13,2018-08-13,1,furniture_decor,North,0.0
base,ridge,2018-08-13,2018-08-20,2,furniture_decor,North,0.0
base,ridge,2018-08-13,2018-08-27,3,furniture_decor,North,0.0
base,ridge,2018-08-13,2018-09-03,4,furniture_decor,North,0.0
base,ridge,2018-08-13,2018-08-13,1,furniture_decor,Northeast,0.0
base,ridge,2018-08-13,2018-08-20,2,furniture_decor,Northeast,0.0
base,ridge,2018-08-13,2018-08-27,3,furniture_decor,Northeast,0.0
base,ridge,2018-08-13,2018-09-03,4,furniture_decor,Northeast,0.0
base,ridge,2018-08-13,2018-08-13,1,furniture_decor,South,12.0
base,ridge,2018-08-13,2018-08-20,2,furniture_decor,South,0.0
base,ridge,2018-08-13,2018-08-27,3,furniture_decor,South,0.0
base,ridge,2018-08-13,2018-09-03,4,furniture_decor,South,0.0
base,ridge,2018-08-13,2018-08-13,1,furniture_decor,Southeast,0.0
base,ridge,2018-08-13,2018-08-20,2,furniture_decor,Southeast,0.0
base,ridge,2018-08-13,2018-08-27,3,furniture_decor,Southeast,0.0
base,ridge,2018-08-13,2018-09-03,4,furniture_decor,Southeast,0.0
base,ridge,2018-08-13,2018-08-13,1,garden_tools,Central-West,0.0
base,ridge,2018-08-13,2018-08-20,2,garden_tools,Central-West,0.0
base,ridge,2018-08-13,2018-08-27,3,garden_tools,Central-West,0.0
base,ridge,2018-08-13,2018-09-03,4,garden_tools,Central-West,0.0
base,ridge,2018-08-13,2018-08-13,1,garden_tools,North,0.0
base,ridge,2018-08-13,2018-08-20,2,garden_tools,North,0.0
base,ridge,2018-08-13,2018-08-27,3,garden_tools,North,0.0
base,ridge,2018-08-13,2018-09-03,4,garden_tools,North,0.0
base,ridge,2018-08-13,2018-08-13,1,garden_tools,Northeast,0.0
base,ridge,2018-08-13,2018-08-20,2,garden_tools,Northeast,0.0
base,ridge,2018-08-13,2018-08-27,3,garden_tools,Northeast,0.0
base,ridge,2018-08-13,2018-09-03,4,garden_tools,Northeast,0.0
base,ridge,2018-08-13,2018-08-13,1,garden_tools,South,0.0
base,ridge,2018-08-13,2018-08-20,2,garden_tools,South,0.0
base,ridge,2018-08-13,2018-08-27,3,garden_tools,South,0.0
base,ridge,2018-08-13,2018-09-03,4,garden_tools,South,0.0
base,ridge,2018-08-13,2018-08-13,1,garden_tools,Southeast,0.0
base,ridge,2018-08-13,2018-08-20,2,garden_tools,Southeast,0.0
base,ridge,2018-08-13,2018-08-27,3,garden_tools,Southeast,0.0
base,ridge,2018-08-13,2018-09-03,4,garden_tools,Southeast,0.0
base,ridge,2018-08-13,2018-08-13,1,health_beauty,Central-West,10.0
base,ridge,2018-08-13,2018-08-20,2,health_beauty,Central-West,0.0
base,ridge,2018-08-13,2018-08-27,3,health_beauty,Central-West,0.0
base,ridge,2018-08-13,2018-09-03,4,health_beauty,Central-West,0.0
base,ridge,2018-08-13,2018-08-13,1,health_beauty,North,4.0
base,ridge,2018-08-13,2018-08-20,2,health_beauty,North,0.0
base,ridge,2018-08-13,2018-08-27,3,health_beauty,North,0.0
base,ridge,2018-08-13,2018-09-03,4,health_beauty,North,0.0
base,ridge,2018-08-13,2018-08-13,1,health_beauty,Northeast,8.0
base,ridge,2018-08-13,2018-08-20,2,health_beauty,Northeast,0.0
base,ridge,2018-08-13,2018-08-27,3,health_beauty,Northeast,0.0
base,ridge,2018-08-13,2018-09-03,4,health_beauty,Northeast,0.0
base,ridge,2018-08-13,2018-08-13,1,health_beauty,South,4.0
base,ridge,2018-08-13,2018-08-20,2,health_beauty,South,0.0
base,ridge,2018-08-13,2018-08-27,3,health_beauty,South,0.0
base,ridge,2018-08-13,2018-09-03,4,health_beauty,South,0.0
base,ridge,2018-08-13,2018-08-13,1,health_beauty,Southeast,0.0
base,ridge,2018-08-13,2018-08-20,2,health_beauty,Southeast,0.0
base,ridge,2018-08-13,2018-08-27,3,health_beauty,Southeast,0.0
base,ridge,2018-08-13,2018-09-03,4,health_beauty,Southeast,0.0
base,ridge,2018-08-13,2018-08-13,1,housewares,Central-West,0.0
base,ridge,2018-08-13,2018-08-20,2,housewares,Central-West,0.0
base,ridge,2018-08-13,2018-08-27,3,housewares,Central-West,0.0
base,ridge,2018-08-13,2018-09-03,4,housewares,Central-West,0.0
base,ridge,2018-08-13,2018-08-13,1,housewares,North,0.0
base,ridge,2018-08-13,2018-08-20,2,housewares,North,0.0
base,ridge,2018-08-13,2018-08-27,3,housewares,North,0.0
base,ridge,2018-08-13,2018-09-03,4,housewares,North,0.0
base,ridge,2018-08-13,2018-08-13,1,housewares,Northeast,0.0
base,ridge,2018-08-13,2018-08-20,2,housewares,Northeast,0.0
base,ridge,2018-08-13,2018-08-27,3,housewares,Northeast,0.0
base,ridge,2018-08-13,2018-09-03,4,housewares,Northeast,0.0
base,ridge,2018-08-13,2018-08-13,1,housewares,South,1.0
base,ridge,2018-08-13,2018-08-20,2,housewares,South,0.0
base,ridge,2018-08-13,2018-08-27,3,housewares,South,0.0
base,ridge,2018-08-13,2018-09-03,4,housewares,South,0.0
base,ridge,2018-08-13,2018-08-13,1,housewares,Southeast,3.0
base,ridge,2018-08-13,2018-08-20,2,housewares,Southeast,0.0
base,ridge,2018-08-13,2018-08-27,3,housewares,Southeast,0.0
base,ridge,2018-08-13,2018-09-03,4,housewares,Southeast,0.0
base,ridge,2018-08-13,2018-08-13,1,sports_leisure,Central-West,0.0
base,ridge,2018-08-13,2018-08-20,2,sports_leisure,Central-West,0.0
base,ridge,2018-08-13,2018-08-27,3,sports_leisure,Central-West,0.0
base,ridge,2018-08-13,2018-09-03,4,sports_leisure,Central-West,0.0
base,ridge,2018-08-13,2018-08-13,1,sports_leisure,North,0.0
base,ridge,2018-08-13,2018-08-20,2,sports_leisure,North,0.0
base,ridge,2018-08-13,2018-08-27,3,sports_leisure,North,0.0
base,ridge,2018-08-13,2018-09-03,4,sports_leisure,North,0.0
base,ridge,2018-08-13,2018-08-13,1,sports_leisure,Northeast,0.0
base,ridge,2018-08-13,2018-08-20,2,sports_leisure,Northeast,0.0
base,ridge,2018-08-13,2018-08-27,3,sports_leisure,Northeast,0.0
base,ridge,2018-08-13,2018-09-03,4,sports_leisure,Northeast,0.0
base,ridge,2018-08-13,2018-08-13,1,sports_leisure,South,0.0
base,ridge,2018-08-13,2018-08-20,2,sports_leisure,South,0.0
base,ridge,2018-08-13,2018-08-27,3,sports_leisure,South,0.0
base,ridge,2018-08-13,2018-09-03,4,sports_leisure,South,0.0
base,ridge,2018-08-13,2018-08-13,1,sports_leisure,Southeast,0.0
base,ridge,2018-08-13,2018-08-20,2,sports_leisure,Southeast,0.0
base,ridge,2018-08-13,2018-08-27,3,sports_leisure,Southeast,0.0
base,ridge,2018-08-13,2018-09-03,4,sports_leisure,Southeast,0.0
base,ridge,2018-08-13,2018-08-13,1,telephony,Central-West,0.0
base,ridge,2018-08-13,2018-08-20,2,telephony,Central-West,0.0
base,ridge,2018-08-13,2018-08-27,3,telephony,Central-West,0.0
base,ridge,2018-08-13,2018-09-03,4,telephony,Central-West,0.0
base,ridge,2018-08-13,2018-08-13,1,telephony,North,0.0
base,ridge,2018-08-13,2018-08-20,2,telephony,North,0.0
base,ridge,2018-08-13,2018-08-27,3,telephony,North,0.0
base,ridge,2018-08-13,2018-09-03,4,telephony,North,0.0
base,ridge,2018-08-13,2018-08-13,1,telephony,Northeast,0.0
base,ridge,2018-08-13,2018-08-20,2,telephony,Northeast,0.0
base,ridge,2018-08-13,2018-08-27,3,telephony,Northeast,0.0
base,ridge,2018-08-13,2018-09-03,4,telephony,Northeast,0.0
base,ridge,2018-08-13,2018-08-13,1,telephony,South,0.0
base,ridge,2018-08-13,2018-08-20,2,telephony,South,0.0
base,ridge,2018-08-13,2018-08-27,3,telephony,South,0.0
base,ridge,2018-08-13,2018-09-03,4,telephony,South,0.0
base,ridge,2018-08-13,2018-08-13,1,telephony,Southeast,19.0
base,ridge,2018-08-13,2018-08-20,2,telephony,Southeast,0.0
base,ridge,2018-08-13,2018-08-27,3,telephony,Southeast,0.0
base,ridge,2018-08-13,2018-09-03,4,telephony,Southeast,0.0
base,ridge,2018-08-13,2018-08-13,1,watches_gifts,Central-West,0.0
base,ridge,2018-08-13,2018-08-20,2,watches_gifts,Central-West,0.0
base,ridge,2018-08-13,2018-08-27,3,watches_gifts,Central-West,0.0
base,ridge,2018-08-13,2018-09-03,4,watches_gifts,Central-West,0.0
base,ridge,2018-08-13,2018-08-13,1,watches_gifts,North,0.0
base,ridge,2018-08-13,2018-08-20,2,watches_gifts,North,0.0
base,ridge,2018-08-13,2018-08-27,3,watches_gifts,North,0.0
base,ridge,2018-08-13,2018-09-03,4,watches_gifts,North,0.0
base,ridge,2018-08-13,2018-08-13,1,watches_gifts,Northeast,0.0
base,ridge,2018-08-13,2018-08-20,2,watches_gifts,Northeast,0.0
base,ridge,2018-08-13,2018-08-27,3,watches_gifts,Northeast,0.0
base,ridge,2018-08-13,2018-09-03,4,watches_gifts,Northeast,0.0
base,ridge,2018-08-13,2018-08-13,1,watches_gifts,South,0.0
base,ridge,2018-08-13,2018-08-20,2,watches_gifts,South,0.0
base,ridge,2018-08-13,2018-08-27,3,watches_gifts,South,0.0
base,ridge,2018-08-13,2018-09-03,4,watches_gifts,South,0.0
base,ridge,2018-08-13,2018-08-13,1,watches_gifts,Southeast,0.0
base,ridge,2018-08-13,2018-08-20,2,watches_gifts,Southeast,0.0
base,ridge,2018-08-13,2018-08-27,3,watches_gifts,Southeast,0.0
base,ridge,2018-08-13,2018-09-03,4,watches_gifts,Southeast,0.0
base,ridge,2018-08-20,2018-08-20,1,auto,Central-West,0.0
base,ridge,2018-08-20,2018-08-27,2,auto,Central-West,0.0
base,ridge,2018-08-20,2018-09-03,3,auto,Central-West,0.0
base,ridge,2018-08-20,2018-09-10,4,auto,Central-West,0.0
base,ridge,2018-08-20,2018-08-20,1,auto,North,0.0
base,ridge,2018-08-20,2018-08-27,2,auto,North,0.0
base,ridge,2018-08-20,2018-09-03,3,auto,North,0.0
base,ridge,2018-08-20,2018-09-10,4,auto,North,0.0
base,ridge,2018-08-20,2018-08-20,1,auto,Northeast,0.0
base,ridge,2018-08-20,2018-08-27,2,auto,Northeast,0.0
base,ridge,2018-08-20,2018-09-03,3,auto,Northeast,0.0
base,ridge,2018-08-20,2018-09-10,4,auto,Northeast,0.0
base,ridge,2018-08-20,2018-08-20,1,auto,South,1.0
base,ridge,2018-08-20,2018-08-27,2,auto,South,0.0
base,ridge,2018-08-20,2018-09-03,3,auto,South,0.0
base,ridge,2018-08-20,2018-09-10,4,auto,South,0.0
base,ridge,2018-08-20,2018-08-20,1,auto,Southeast,0.0
base,ridge,2018-08-20,2018-08-27,2,auto,Southeast,0.0
base,ridge,2018-08-20,2018-09-03,3,auto,Southeast,0.0
base,ridge,2018-08-20,2018-09-10,4,auto,Southeast,0.0
base,ridge,2018-08-20,2018-08-20,1,bed_bath_table,Central-West,0.0
base,ridge,2018-08-20,2018-08-27,2,bed_bath_table,Central-West,0.0
base,ridge,2018-08-20,2018-09-03,3,bed_bath_table,Central-West,0.0
base,ridge,2018-08-20,2018-09-10,4,bed_bath_table,Central-West,0.0
base,ridge,2018-08-20,2018-08-20,1,bed_bath_table,North,0.0
base,ridge,2018-08-20,2018-08-27,2,bed_bath_table,North,0.0
base,ridge,2018-08-20,2018-09-03,3,bed_bath_table,North,0.0
base,ridge,2018-08-20,2018-09-10,4,bed_bath_table,North,0.0
base,ridge,2018-08-20,2018-08-20,1,bed_bath_table,Northeast,13.0
base,ridge,2018-08-20,2018-08-27,2,bed_bath_table,Northeast,0.0
base,ridge,2018-08-20,2018-09-03,3,bed_bath_table,Northeast,0.0
base,ridge,2018-08-20,2018-09-10,4,bed_bath_table,Northeast,0.0
base,ridge,2018-08-20,2018-08-20,1,bed_bath_table,South,7.0
base,ridge,2018-08-20,2018-08-27,2,bed_bath_table,South,0.0
base,ridge,2018-08-20,2018-09-03,3,bed_bath_table,South,0.0
base,ridge,2018-08-20,2018-09-10,4,bed_bath_table,South,0.0
base,ridge,2018-08-20,2018-08-20,1,bed_bath_table,Southeast,0.0
base,ridge,2018-08-20,2018-08-27,2,bed_bath_table,Southeast,0.0
base,ridge,2018-08-20,2018-09-03,3,bed_bath_table,Southeast,0.0
base,ridge,2018-08-20,2018-09-10,4,bed_bath_table,Southeast,0.0
base,ridge,2018-08-20,2018-08-20,1,computers_accessories,Central-West,0.0
base,ridge,2018-08-20,2018-08-27,2,computers_accessories,Central-West,0.0
base,ridge,2018-08-20,2018-09-03,3,computers_accessories,Central-West,0.0
base,ridge,2018-08-20,2018-09-10,4,computers_accessories,Central-West,0.0
base,ridge,2018-08-20,2018-08-20,1,computers_accessories,North,0.0
base,ridge,2018-08-20,2018-08-27,2,computers_accessories,North,0.0
base,ridge,2018-08-20,2018-09-03,3,computers_accessories,North,0.0
base,ridge,2018-08-20,2018-09-10,4,computers_accessories,North,0.0
base,ridge,2018-08-20,2018-08-20,1,computers_accessories,Northeast,0.0
base,ridge,2018-08-20,2018-08-27,2,computers_accessories,Northeast,0.0
base,ridge,2018-08-20,2018-09-03,3,computers_accessories,Northeast,0.0
base,ridge,2018-08-20,2018-09-10,4,computers_accessories,Northeast,0.0
base,ridge,2018-08-20,2018-08-20,1,computers_accessories,South,0.0
base,ridge,2018-08-20,2018-08-27,2,computers_accessories,South,0.0
base,ridge,2018-08-20,2018-09-03,3,computers_accessories,South,0.0
base,ridge,2018-08-20,2018-09-10,4,computers_accessories,South,0.0
base,ridge,2018-08-20,2018-08-20,1,computers_accessories,Southeast,0.0
base,ridge,2018-08-20,2018-08-27,2,computers_accessories,Southeast,0.0
base,ridge,2018-08-20,2018-09-03,3,computers_accessories,Southeast,0.0
base,ridge,2018-08-20,2018-09-10,4,computers_accessories,Southeast,0.0
base,ridge,2018-08-20,2018-08-20,1,furniture_decor,Central-West,0.0
base,ridge,2018-08-20,2018-08-27,2,furniture_decor,Central-West,0.0
base,ridge,2018-08-20,2018-09-03,3,furniture_decor,Central-West,0.0
base,ridge,2018-08-20,2018-09-10,4,furniture_decor,Central-West,0.0
base,ridge,2018-08-20,2018-08-20,1,furniture_decor,North,0.0
base,ridge,2018-08-20,2018-08-27,2,furniture_decor,North,0.0
base,ridge,2018-08-20,2018-09-03,3,furniture_decor,North,0.0
base,ridge,2018-08-20,2018-09-10,4,furniture_decor,North,0.0
base,ridge,2018-08-20,2018-08-20,1,furniture_decor,Northeast,0.0
base,ridge,2018-08-20,2018-08-27,2,furniture_decor,Northeast,0.0
base,ridge,2018-08-20,2018-09-03,3,furniture_decor,Northeast,0.0
base,ridge,2018-08-20,2018-09-10,4,furniture_decor,Northeast,0.0
base,ridge,2018-08-20,2018-08-20,1,furniture_decor,South,0.0
base,ridge,2018-08-20,2018-08-27,2,furniture_decor,South,0.0
base,ridge,2018-08-20,2018-09-03,3,furniture_decor,South,0.0
base,ridge,2018-08-20,2018-09-10,4,furniture_decor,South,0.0
base,ridge,2018-08-20,2018-08-20,1,furniture_decor,Southeast,0.0
base,ridge,2018-08-20,2018-08-27,2,furniture_decor,Southeast,0.0
base,ridge,2018-08-20,2018-09-03,3,furniture_decor,Southeast,0.0
base,ridge,2018-08-20,2018-09-10,4,furniture_decor,Southeast,0.0
base,ridge,2018-08-20,2018-08-20,1,garden_tools,Central-West,0.0
base,ridge,2018-08-20,2018-08-27,2,garden_tools,Central-West,0.0
base,ridge,2018-08-20,2018-09-03,3,garden_tools,Central-West,0.0
base,ridge,2018-08-20,2018-09-10,4,garden_tools,Central-West,0.0
base,ridge,2018-08-20,2018-08-20,1,garden_tools,North,0.0
base,ridge,2018-08-20,2018-08-27,2,garden_tools,North,0.0
base,ridge,2018-08-20,2018-09-03,3,garden_tools,North,0.0
base,ridge,2018-08-20,2018-09-10,4,garden_tools,North,0.0
base,ridge,2018-08-20,2018-08-20,1,garden_tools,Northeast,0.0
base,ridge,2018-08-20,2018-08-27,2,garden_tools,Northeast,0.0
base,ridge,2018-08-20,2018-09-03,3,garden_tools,Northeast,0.0
base,ridge,2018-08-20,2018-09-10,4,garden_tools,Northeast,0.0
base,ridge,2018-08-20,2018-08-20,1,garden_tools,South,0.0
base,ridge,2018-08-20,2018-08-27,2,garden_tools,South,0.0
base,ridge,2018-08-20,2018-09-03,3,garden_tools,South,0.0
base,ridge,2018-08-20,2018-09-10,4,garden_tools,South,0.0
base,ridge,2018-08-20,2018-08-20,1,garden_tools,Southeast,0.0
base,ridge,2018-08-20,2018-08-27,2,garden_tools,Southeast,0.0
base,ridge,2018-08-20,2018-09-03,3,garden_tools,Southeast,0.0
base,ridge,2018-08-20,2018-09-10,4,garden_tools,Southeast,0.0
base,ridge,2018-08-20,2018-08-20,1,health_beauty,Central-West,0.0
base,ridge,2018-08-20,2018-08-27,2,health_beauty,Central-West,0.0
base,ridge,2018-08-20,2018-09-03,3,health_beauty,Central-West,0.0
base,ridge,2018-08-20,2018-09-10,4,health_beauty,Central-West,0.0
base,ridge,2018-08-20,2018-08-20,1,health_beauty,North,0.0
base,ridge,2018-08-20,2018-08-27,2,health_beauty,North,0.0
base,ridge,2018-08-20,2018-09-03,3,health_beauty,North,0.0
base,ridge,2018-08-20,2018-09-10,4,health_beauty,North,0.0
base,ridge,2018-08-20,2018-08-20,1,health_beauty,Northeast,1.0
base,ridge,2018-08-20,2018-08-27,2,health_beauty,Northeast,0.0
base,ridge,2018-08-20,2018-09-03,3,health_beauty,Northeast,0.0
base,ridge,2018-08-20,2018-09-10,4,health_beauty,Northeast,0.0
base,ridge,2018-08-20,2018-08-20,1,health_beauty,South,6.0
base,ridge,2018-08-20,2018-08-27,2,health_beauty,South,0.0
base,ridge,2018-08-20,2018-09-03,3,health_beauty,South,0.0
base,ridge,2018-08-20,2018-09-10,4,health_beauty,South,0.0
base,ridge,2018-08-20,2018-08-20,1,health_beauty,Southeast,0.0
base,ridge,2018-08-20,2018-08-27,2,health_beauty,Southeast,0.0
base,ridge,2018-08-20,2018-09-03,3,health_beauty,Southeast,0.0
base,ridge,2018-08-20,2018-09-10,4,health_beauty,Southeast,0.0
base,ridge,2018-08-20,2018-08-20,1,housewares,Central-West,11.0
base,ridge,2018-08-20,2018-08-27,2,housewares,Central-West,0.0
base,ridge,2018-08-20,2018-09-03,3,housewares,Central-West,0.0
base,ridge,2018-08-20,2018-09-10,4,housewares,Central-West,0.0
base,ridge,2018-08-20,2018-08-20,1,housewares,North,0.0
base,ridge,2018-08-20,2018-08-27,2,housewares,North,0.0
base,ridge,2018-08-20,2018-09-03,3,housewares,North,0.0
base,ridge,2018-08-20,2018-09-10,4,housewares,North,0.0
base,ridge,2018-08-20,2018-08-20,1,housewares,Northeast,0.0
base,ridge,2018-08-20,2018-08-27,2,housewares,Northeast,0.0
base,ridge,2018-08-20,2018-09-03,3,housewares,Northeast,0.0
base,ridge,2018-08-20,2018-09-10,4,housewares,Northeast,0.0
base,ridge,2018-08-20,2018-08-20,1,housewares,South,0.0
base,ridge,2018-08-20,2018-08-27,2,housewares,South,0.0
base,ridge,2018-08-20,2018-09-03,3,housewares,South,0.0
base,ridge,2018-08-20,2018-09-10,4,housewares,South,0.0
base,ridge,2018-08-20,2018-08-20,1,housewares,Southeast,13.0
base,ridge,2018-08-20,2018-08-27,2,housewares,Southeast,0.0
base,ridge,2018-08-20,2018-09-03,3,housewares,Southeast,0.0
base,ridge,2018-08-20,2018-09-10,4,housewares,Southeast,0.0
base,ridge,2018-08-20,2018-08-20,1,sports_leisure,Central-West,0.0
base,ridge,2018-08-20,2018-08-27,2,sports_leisure,Central-West,0.0
base,ridge,2018-08-20,2018-09-03,3,sports_leisure,Central-West,0.0
base,ridge,2018-08-20,2018-09-10,4,sports_leisure,Central-West,0.0
base,ridge,2018-08-20,2018-08-20,1,sports_leisure,North,4.0
base,ridge,2018-08-20,2018-08-27,2,sports_leisure,North,0.0
base,ridge,2018-08-20,2018-09-03,3,sports_leisure,North,0.0
base,ridge,2018-08-20,2018-09-10,4,sports_leisure,North,0.0
base,ridge,2018-08-20,2018-08-20,1,sports_leisure,Northeast,0.0
base,ridge,2018-08-20,2018-08-27,2,sports_leisure,Northeast,0.0
base,ridge,2018-08-20,2018-09-03,3,sports_leisure,Northeast,0.0
base,ridge,2018-08-20,2018-09-10,4,sports_leisure,Northeast,0.0
base,ridge,2018-08-20,2018-08-20,1,sports_leisure,South,0.0
base,ridge,2018-08-20,2018-08-27,2,sports_leisure,South,0.0
base,ridge,2018-08-20,2018-09-03,3,sports_leisure,South,0.0
base,ridge,2018-08-20,2018-09-10,4,sports_leisure,South,0.0
base,ridge,2018-08-20,2018-08-20,1,sports_leisure,Southeast,20.0
base,ridge,2018-08-20,2018-08-27,2,sports_leisure,Southeast,0.0
base,ridge,2018-08-20,2018-09-03,3,sports_leisure,Southeast,0.0
base,ridge,2018-08-20,2018-09-10,4,sports_leisure,Southeast,0.0
base,ridge,2018-08-20,2018-08-20,1,telephony,Central-West,0.0
base,ridge,2018-08-20,2018-08-27,2,telephony,Central-West,0.0
base,ridge,2018-08-20,2018-09-03,3,telephony,Central-West,0.0
base,ridge,2018-08-20,2018-09-10,4,telephony,Central-West,0.0
base,ridge,2018-08-20,2018-08-20,1,telephony,North,0.0
base,ridge,2018-08-20,2018-08-27,2,telephony,North,0.0
base,ridge,2018-08-20,2018-09-03,3,telephony,North,0.0
base,ridge,2018-08-20,2018-09-10,4,telephony,North,0.0
base,ridge,2018-08-20,2018-08-20,1,telephony,Northeast,0.0
base,ridge,2018-08-20,2018-08-27,2,telephony,Northeast,0.0
base,ridge,2018-08-20,2018-09-03,3,telephony,Northeast,0.0
base,ridge,2018-08-20,2018-09-10,4,telephony,Northeast,0.0
base,ridge,2018-08-20,2018-08-20,1,telephony,South,0.0
base,ridge,2018-08-20,2018-08-27,2,telephony,South,0.0
base,ridge,2018-08-20,2018-09-03,3,telephony,South,0.0
base,ridge,2018-08-20,2018-09-10,4,telephony,South,0.0
base,ridge,2018-08-20,2018-08-20,1,telephony,Southeast,0.0
base,ridge,2018-08-20,2018-08-27,2,telephony,Southeast,0.0
base,ridge,2018-08-20,2018-09-03,3,telephony,Southeast,0.0
base,ridge,2018-08-20,2018-09-10,4,telephony,Southeast,0.0
base,ridge,2018-08-20,2018-08-20,1,watches_gifts,Central-West,0.0
base,ridge,2018-08-20,2018-08-27,2,watches_gifts,Central-West,0.0
base,ridge,2018-08-20,2018-09-03,3,watches_gifts,Central-West,0.0
base,ridge,2018-08-20,2018-09-10,4,watches_gifts,Central-West,0.0
base,ridge,2018-08-20,2018-08-20,1,watches_gifts,North,0.0
base,ridge,2018-08-20,2018-08-27,2,watches_gifts,North,0.0
base,ridge,2018-08-20,2018-09-03,3,watches_gifts,North,0.0
base,ridge,2018-08-20,2018-09-10,4,watches_gifts,North,0.0
base,ridge,2018-08-20,2018-08-20,1,watches_gifts,Northeast,0.0
base,ridge,2018-08-20,2018-08-27,2,watches_gifts,Northeast,0.0
base,ridge,2018-08-20,2018-09-03,3,watches_gifts,Northeast,0.0
base,ridge,2018-08-20,2018-09-10,4,watches_gifts,Northeast,0.0
base,ridge,2018-08-20,2018-08-20,1,watches_gifts,South,0.0
base,ridge,2018-08-20,2018-08-27,2,watches_gifts,South,0.0
base,ridge,2018-08-20,2018-09-03,3,watches_gifts,South,0.0
base,ridge,2018-08-20,2018-09-10,4,watches_gifts,South,0.0
base,ridge,2018-08-20,2018-08-20,1,watches_gifts,Southeast,0.0
base,ridge,2018-08-20,2018-08-27,2,watches_gifts,Southeast,0.0
base,ridge,2018-08-20,2018-09-03,3,watches_gifts,Southeast,0.0
base,ridge,2018-08-20,2018-09-10,4,watches_gifts,Southeast,0.0
