scenario,policy,origin_week,target_week,horizon,hub,category,region,quantity
base,last_week,2018-05-28,2018-05-28,1,MG,auto,Northeast,6.0
base,last_week,2018-05-28,2018-05-28,1,MG,bed_bath_table,North,1.0
base,last_week,2018-05-28,2018-05-28,1,MG,bed_bath_table,Northeast,7.0
base,last_week,2018-05-28,2018-06-04,2,MG,bed_bath_table,Central-West,6.0
base,last_week,2018-05-28,2018-06-04,2,MG,bed_bath_table,Northeast,8.0
base,last_week,2018-05-28,2018-06-11,3,MG,bed_bath_table,Central-West,6.0
base,last_week,2018-05-28,2018-06-11,3,MG,bed_bath_table,Northeast,8.0
base,last_week,2018-05-28,2018-06-18,4,MG,bed_bath_table,Central-West,6.0
base,last_week,2018-05-28,2018-06-18,4,MG,bed_bath_table,Northeast,8.0
base,last_week,2018-05-28,2018-05-28,1,MG,computers_accessories,North,1.0
base,last_week,2018-05-28,2018-05-28,1,MG,computers_accessories,Northeast,13.0
base,last_week,2018-05-28,2018-06-04,2,MG,computers_accessories,Northeast,13.0
base,last_week,2018-05-28,2018-06-11,3,MG,computers_accessories,Northeast,13.0
base,last_week,2018-05-28,2018-06-18,4,MG,computers_accessories,Northeast,13.0
base,last_week,2018-05-28,2018-05-28,1,MG,furniture_decor,Central-West,9.0
base,last_week,2018-05-28,2018-05-28,1,MG,furniture_decor,Northeast,5.0
base,last_week,2018-05-28,2018-06-04,2,MG,furniture_decor,Central-West,11.0
base,last_week,2018-05-28,2018-06-04,2,MG,furniture_decor,Northeast,3.0
base,last_week,2018-05-28,2018-06-11,3,MG,furniture_decor,Central-West,11.0
base,last_week,2018-05-28,2018-06-11,3,MG,furniture_decor,Northeast,3.0
base,last_week,2018-05-28,2018-06-18,4,MG,furniture_decor,Central-West,11.0
base,last_week,2018-05-28,2018-06-18,4,MG,furniture_decor,Northeast,3.0
base,last_week,2018-05-28,2018-05-28,1,MG,garden_tools,Southeast,14.0
base,last_week,2018-05-28,2018-05-28,1,MG,health_beauty,Northeast,10.0
base,last_week,2018-05-28,2018-06-04,2,MG,health_beauty,Northeast,13.0
base,last_week,2018-05-28,2018-06-11,3,MG,health_beauty,Northeast,13.0
base,last_week,2018-05-28,2018-06-18,4,MG,health_beauty,Northeast,13.0
base,last_week,2018-05-28,2018-05-28,1,MG,housewares,Central-West,2.0
base,last_week,2018-05-28,2018-05-28,1,MG,housewares,Southeast,12.0
base,last_week,2018-05-28,2018-06-04,2,MG,housewares,Central-West,2.0
base,last_week,2018-05-28,2018-06-11,3,MG,housewares,Central-West,2.0
base,last_week,2018-05-28,2018-06-18,4,MG,housewares,Central-West,2.0
base,last_week,2018-05-28,2018-05-28,1,MG,sports_leisure,Northeast,6.0
base,last_week,2018-05-28,2018-06-04,2,MG,sports_leisure,Northeast,6.0
base,last_week,2018-05-28,2018-06-11,3,MG,sports_leisure,Northeast,6.0
base,last_week,2018-05-28,2018-06-18,4,MG,sports_leisure,Northeast,6.0
base,last_week,2018-05-28,2018-05-28,1,MG,telephony,North,1.0
base,last_week,2018-05-28,2018-06-04,2,MG,telephony,Northeast,5.0
base,last_week,2018-05-28,2018-06-11,3,MG,telephony,Northeast,5.0
base,last_week,2018-05-28,2018-06-18,4,MG,telephony,Northeast,5.0
base,last_week,2018-05-28,2018-05-28,1,MG,watches_gifts,Northeast,3.0
base,last_week,2018-05-28,2018-05-28,1,PR,auto,South,3.0
base,last_week,2018-05-28,2018-06-04,2,PR,auto,South,6.0
base,last_week,2018-05-28,2018-06-11,3,PR,auto,South,6.0
base,last_week,2018-05-28,2018-06-18,4,PR,auto,South,6.0
base,last_week,2018-05-28,2018-05-28,1,PR,bed_bath_table,South,1.0
base,last_week,2018-05-28,2018-06-04,2,PR,bed_bath_table,South,2.0
base,last_week,2018-05-28,2018-05-28,1,PR,computers_accessories,South,12.0
base,last_week,2018-05-28,2018-06-04,2,PR,computers_accessories,South,16.0
base,last_week,2018-05-28,2018-06-11,3,PR,computers_accessories,South,6.0
base,last_week,2018-05-28,2018-06-18,4,PR,computers_accessories,South,7.0
base,last_week,2018-05-28,2018-05-28,1,PR,furniture_decor,South,11.0
base,last_week,2018-05-28,2018-06-04,2,PR,furniture_decor,South,13.0
base,last_week,2018-05-28,2018-06-11,3,PR,furniture_decor,South,5.0
base,last_week,2018-05-28,2018-06-18,4,PR,furniture_decor,South,5.0
base,last_week,2018-05-28,2018-06-04,2,PR,garden_tools,South,5.0
base,last_week,2018-05-28,2018-05-28,1,PR,health_beauty,South,4.0
base,last_week,2018-05-28,2018-06-04,2,PR,health_beauty,South,12.0
base,last_week,2018-05-28,2018-06-11,3,PR,health_beauty,South,1.0
base,last_week,2018-05-28,2018-06-18,4,PR,health_beauty,South,4.0
base,last_week,2018-05-28,2018-05-28,1,PR,housewares,South,3.0
base,last_week,2018-05-28,2018-06-04,2,PR,housewares,South,15.0
base,last_week,2018-05-28,2018-06-11,3,PR,housewares,South,15.0
base,last_week,2018-05-28,2018-06-18,4,PR,housewares,South,15.0
base,last_week,2018-05-28,2018-05-28,1,PR,sports_leisure,Southeast,7.0
base,last_week,2018-05-28,2018-06-04,2,PR,sports_leisure,South,10.0
base,last_week,2018-05-28,2018-06-11,3,PR,sports_leisure,South,5.0
base,last_week,2018-05-28,2018-06-18,4,PR,sports_leisure,South,10.0
base,last_week,2018-05-28,2018-06-11,3,PR,telephony,South,2.0
base,last_week,2018-05-28,2018-05-28,1,PR,watches_gifts,South,3.0
base,last_week,2018-05-28,2018-06-04,2,PR,watches_gifts,South,9.0
base,last_week,2018-05-28,2018-06-11,3,PR,watches_gifts,South,8.0
base,last_week,2018-05-28,2018-06-18,4,PR,watches_gifts,South,8.0
base,last_week,2018-05-28,2018-05-28,1,RJ,auto,Central-West,3.0
base,last_week,2018-05-28,2018-06-04,2,RJ,auto,Central-West,3.0
base,last_week,2018-05-28,2018-06-04,2,RJ,auto,Northeast,3.0
base,last_week,2018-05-28,2018-06-11,3,RJ,auto,Central-West,3.0
base,last_week,2018-05-28,2018-06-11,3,RJ,auto,Northeast,3.0
base,last_week,2018-05-28,2018-06-18,4,RJ,auto,Central-West,3.0
base,last_week,2018-05-28,2018-06-18,4,RJ,auto,Northeast,3.0
base,last_week,2018-05-28,2018-05-28,1,RJ,bed_bath_table,South,3.0
base,last_week,2018-05-28,2018-06-04,2,RJ,bed_bath_table,South,10.0
base,last_week,2018-05-28,2018-06-11,3,RJ,bed_bath_table,South,10.0
base,last_week,2018-05-28,2018-06-18,4,RJ,bed_bath_table,South,10.0
base,last_week,2018-05-28,2018-05-28,1,RJ,computers_accessories,Central-West,3.0
base,last_week,2018-05-28,2018-05-28,1,RJ,furniture_decor,Northeast,3.0
base,last_week,2018-05-28,2018-06-04,2,RJ,furniture_decor,Northeast,5.0
base,last_week,2018-05-28,2018-06-11,3,RJ,furniture_decor,Northeast,5.0
base,last_week,2018-05-28,2018-06-18,4,RJ,furniture_decor,Northeast,5.0
base,last_week,2018-05-28,2018-05-28,1,RJ,garden_tools,Northeast,1.0
base,last_week,2018-05-28,2018-06-04,2,RJ,garden_tools,Northeast,4.0
base,last_week,2018-05-28,2018-06-11,3,RJ,garden_tools,Northeast,4.0
base,last_week,2018-05-28,2018-06-18,4,RJ,garden_tools,Northeast,4.0
base,last_week,2018-05-28,2018-05-28,1,RJ,health_beauty,Central-West,7.0
base,last_week,2018-05-28,2018-06-04,2,RJ,health_beauty,Central-West,7.0
base,last_week,2018-05-28,2018-06-04,2,RJ,health_beauty,Southeast,6.0
base,last_week,2018-05-28,2018-06-11,3,RJ,health_beauty,Central-West,7.0
base,last_week,2018-05-28,2018-05-28,1,RJ,housewares,Northeast,4.0
base,last_week,2018-05-28,2018-06-04,2,RJ,housewares,Northeast,8.0
base,last_week,2018-05-28,2018-06-11,3,RJ,housewares,Northeast,8.0
base,last_week,2018-05-28,2018-06-18,4,RJ,housewares,Northeast,8.0
base,last_week,2018-05-28,2018-05-28,1,RJ,sports_leisure,Central-West,1.0
base,last_week,2018-05-28,2018-05-28,1,RJ,sports_leisure,North,1.0
base,last_week,2018-05-28,2018-06-04,2,RJ,sports_leisure,Central-West,7.0
base,last_week,2018-05-28,2018-06-11,3,RJ,sports_leisure,Central-West,7.0
base,last_week,2018-05-28,2018-06-11,3,RJ,sports_leisure,North,2.0
base,last_week,2018-05-28,2018-06-18,4,RJ,sports_leisure,Central-West,7.0
base,last_week,2018-05-28,2018-06-18,4,RJ,sports_leisure,North,2.0
base,last_week,2018-05-28,2018-05-28,1,RJ,telephony,North,1.0
base,last_week,2018-05-28,2018-06-04,2,RJ,telephony,North,4.0
base,last_week,2018-05-28,2018-06-11,3,RJ,telephony,North,4.0
base,last_week,2018-05-28,2018-06-18,4,RJ,telephony,North,4.0
base,last_week,2018-05-28,2018-05-28,1,RJ,watches_gifts,Central-West,5.0
base,last_week,2018-05-28,2018-05-28,1,RJ,watches_gifts,North,1.0
base,last_week,2018-05-28,2018-06-04,2,RJ,watches_gifts,Central-West,5.0
base,last_week,2018-05-28,2018-06-04,2,RJ,watches_gifts,North,1.0
base,last_week,2018-05-28,2018-06-04,2,RJ,watches_gifts,Northeast,1.0
base,last_week,2018-05-28,2018-05-28,1,RS,auto,North,1.0
base,last_week,2018-05-28,2018-05-28,1,RS,auto,South,1.0
base,last_week,2018-05-28,2018-06-04,2,RS,auto,North,1.0
base,last_week,2018-05-28,2018-06-04,2,RS,auto,South,2.0
base,last_week,2018-05-28,2018-06-11,3,RS,auto,North,1.0
base,last_week,2018-05-28,2018-06-11,3,RS,auto,South,2.0
base,last_week,2018-05-28,2018-06-18,4,RS,auto,North,1.0
base,last_week,2018-05-28,2018-06-18,4,RS,auto,South,2.0
base,last_week,2018-05-28,2018-05-28,1,RS,bed_bath_table,North,1.0
base,last_week,2018-05-28,2018-06-04,2,RS,bed_bath_table,North,2.0
base,last_week,2018-05-28,2018-06-04,2,RS,bed_bath_table,South,4.0
base,last_week,2018-05-28,2018-06-11,3,RS,bed_bath_table,North,2.0
base,last_week,2018-05-28,2018-06-11,3,RS,bed_bath_table,South,4.0
base,last_week,2018-05-28,2018-06-18,4,RS,bed_bath_table,North,2.0
base,last_week,2018-05-28,2018-06-18,4,RS,bed_bath_table,South,4.0
base,last_week,2018-05-28,2018-06-11,3,RS,computers_accessories,South,10.0
base,last_week,2018-05-28,2018-05-28,1,RS,furniture_decor,North,2.0
base,last_week,2018-05-28,2018-06-04,2,RS,furniture_decor,North,3.0
base,last_week,2018-05-28,2018-06-11,3,RS,furniture_decor,North,3.0
base,last_week,2018-05-28,2018-06-11,3,RS,furniture_decor,South,2.0
base,last_week,2018-05-28,2018-06-18,4,RS,furniture_decor,North,3.0
base,last_week,2018-05-28,2018-06-18,4,RS,furniture_decor,South,2.0
base,last_week,2018-05-28,2018-05-28,1,RS,garden_tools,North,1.0
base,last_week,2018-05-28,2018-06-04,2,RS,garden_tools,North,2.0
base,last_week,2018-05-28,2018-06-11,3,RS,garden_tools,North,2.0
base,last_week,2018-05-28,2018-06-18,4,RS,garden_tools,North,2.0
base,last_week,2018-05-28,2018-05-28,1,RS,health_beauty,South,1.0
base,last_week,2018-05-28,2018-06-11,3,RS,health_beauty,South,11.0
base,last_week,2018-05-28,2018-06-18,4,RS,health_beauty,South,8.0
base,last_week,2018-05-28,2018-05-28,1,RS,housewares,South,4.0
base,last_week,2018-05-28,2018-05-28,1,RS,sports_leisure,North,1.0
base,last_week,2018-05-28,2018-06-04,2,RS,sports_leisure,North,2.0
base,last_week,2018-05-28,2018-06-04,2,RS,telephony,South,5.0
base,last_week,2018-05-28,2018-06-11,3,RS,telephony,South,5.0
base,last_week,2018-05-28,2018-06-18,4,RS,telephony,South,5.0
base,last_week,2018-05-28,2018-05-28,1,RS,watches_gifts,South,1.0
base,last_week,2018-05-28,2018-05-28,1,SC,auto,South,4.0
base,last_week,2018-05-28,2018-05-28,1,SC,bed_bath_table,South,13.0
base,last_week,2018-05-28,2018-06-04,2,SC,bed_bath_table,South,1.0
base,last_week,2018-05-28,2018-06-11,3,SC,bed_bath_table,South,3.0
base,last_week,2018-05-28,2018-06-18,4,SC,bed_bath_table,South,3.0
base,last_week,2018-05-28,2018-05-28,1,SC,computers_accessories,South,4.0
base,last_week,2018-05-28,2018-06-18,4,SC,computers_accessories,South,9.0
base,last_week,2018-05-28,2018-05-28,1,SC,furniture_decor,South,2.0
base,last_week,2018-05-28,2018-06-11,3,SC,furniture_decor,South,6.0
base,last_week,2018-05-28,2018-06-18,4,SC,furniture_decor,South,6.0
base,last_week,2018-05-28,2018-05-28,1,SC,garden_tools,Central-West,3.0
base,last_week,2018-05-28,2018-06-04,2,SC,garden_tools,Central-West,3.0
base,last_week,2018-05-28,2018-06-04,2,SC,garden_tools,South,5.0
base,last_week,2018-05-28,2018-06-11,3,SC,garden_tools,Central-West,3.0
base,last_week,2018-05-28,2018-06-11,3,SC,garden_tools,South,5.0
base,last_week,2018-05-28,2018-06-18,4,SC,garden_tools,Central-West,3.0
base,last_week,2018-05-28,2018-06-18,4,SC,garden_tools,South,5.0
base,last_week,2018-05-28,2018-05-28,1,SC,health_beauty,South,7.0
base,last_week,2018-05-28,2018-05-28,1,SC,housewares,South,8.0
base,last_week,2018-05-28,2018-05-28,1,SC,sports_leisure,South,10.0
base,last_week,2018-05-28,2018-06-11,3,SC,sports_leisure,South,5.0
base,last_week,2018-05-28,2018-05-28,1,SC,telephony,South,1.0
base,last_week,2018-05-28,2018-05-28,1,SC,watches_gifts,South,6.0
base,last_week,2018-05-28,2018-06-04,2,SC,watches_gifts,South,1.0
base,last_week,2018-05-28,2018-06-11,3,SC,watches_gifts,South,2.0
base,last_week,2018-05-28,2018-06-18,4,SC,watches_gifts,South,2.0
base,last_week,2018-05-28,2018-05-28,1,SP,auto,Southeast,39.0
base,last_week,2018-05-28,2018-06-04,2,SP,auto,Northeast,3.0
base,last_week,2018-05-28,2018-06-04,2,SP,auto,Southeast,39.0
base,last_week,2018-05-28,2018-06-11,3,SP,auto,Northeast,3.0
base,last_week,2018-05-28,2018-06-11,3,SP,auto,Southeast,39.0
base,last_week,2018-05-28,2018-06-18,4,SP,auto,Northeast,3.0
base,last_week,2018-05-28,2018-06-18,4,SP,auto,Southeast,39.0
base,last_week,2018-05-28,2018-05-28,1,SP,bed_bath_table,Central-West,6.0
base,last_week,2018-05-28,2018-05-28,1,SP,bed_bath_table,Northeast,1.0
base,last_week,2018-05-28,2018-05-28,1,SP,bed_bath_table,Southeast,126.0
base,last_week,2018-05-28,2018-06-04,2,SP,bed_bath_table,Southeast,126.0
base,last_week,2018-05-28,2018-06-11,3,SP,bed_bath_table,Southeast,126.0
base,last_week,2018-05-28,2018-06-18,4,SP,bed_bath_table,Southeast,126.0
base,last_week,2018-05-28,2018-05-28,1,SP,computers_accessories,Central-West,5.0
base,last_week,2018-05-28,2018-05-28,1,SP,computers_accessories,North,2.0
base,last_week,2018-05-28,2018-05-28,1,SP,computers_accessories,Southeast,59.0
base,last_week,2018-05-28,2018-06-04,2,SP,computers_accessories,Central-West,8.0
base,last_week,2018-05-28,2018-06-04,2,SP,computers_accessories,North,3.0
base,last_week,2018-05-28,2018-06-04,2,SP,computers_accessories,Southeast,59.0
base,last_week,2018-05-28,2018-06-11,3,SP,computers_accessories,Central-West,8.0
base,last_week,2018-05-28,2018-06-11,3,SP,computers_accessories,North,3.0
base,last_week,2018-05-28,2018-06-11,3,SP,computers_accessories,Southeast,59.0
base,last_week,2018-05-28,2018-06-18,4,SP,computers_accessories,Central-West,8.0
base,last_week,2018-05-28,2018-06-18,4,SP,computers_accessories,North,3.0
base,last_week,2018-05-28,2018-06-18,4,SP,computers_accessories,Southeast,59.0
base,last_week,2018-05-28,2018-05-28,1,SP,furniture_decor,Central-West,2.0
base,last_week,2018-05-28,2018-05-28,1,SP,furniture_decor,North,1.0
base,last_week,2018-05-28,2018-05-28,1,SP,furniture_decor,Southeast,80.0
base,last_week,2018-05-28,2018-06-04,2,SP,furniture_decor,Southeast,80.0
base,last_week,2018-05-28,2018-06-11,3,SP,furniture_decor,Southeast,80.0
base,last_week,2018-05-28,2018-06-18,4,SP,furniture_decor,Southeast,80.0
base,last_week,2018-05-28,2018-05-28,1,SP,garden_tools,North,1.0
base,last_week,2018-05-28,2018-05-28,1,SP,garden_tools,Northeast,4.0
base,last_week,2018-05-28,2018-05-28,1,SP,garden_tools,South,15.0
base,last_week,2018-05-28,2018-05-28,1,SP,garden_tools,Southeast,27.0
base,last_week,2018-05-28,2018-06-04,2,SP,garden_tools,Northeast,1.0
base,last_week,2018-05-28,2018-06-04,2,SP,garden_tools,South,5.0
base,last_week,2018-05-28,2018-06-04,2,SP,garden_tools,Southeast,41.0
base,last_week,2018-05-28,2018-06-11,3,SP,garden_tools,Northeast,1.0
base,last_week,2018-05-28,2018-06-11,3,SP,garden_tools,South,10.0
base,last_week,2018-05-28,2018-06-11,3,SP,garden_tools,Southeast,41.0
base,last_week,2018-05-28,2018-06-18,4,SP,garden_tools,Northeast,1.0
base,last_week,2018-05-28,2018-06-18,4,SP,garden_tools,South,10.0
base,last_week,2018-05-28,2018-06-18,4,SP,garden_tools,Southeast,41.0
base,last_week,2018-05-28,2018-05-28,1,SP,health_beauty,North,3.0
base,last_week,2018-05-28,2018-05-28,1,SP,health_beauty,Northeast,3.0
base,last_week,2018-05-28,2018-05-28,1,SP,health_beauty,Southeast,95.0
base,last_week,2018-05-28,2018-06-04,2,SP,health_beauty,North,3.0
base,last_week,2018-05-28,2018-06-04,2,SP,health_beauty,Southeast,89.0
base,last_week,2018-05-28,2018-06-11,3,SP,health_beauty,North,3.0
base,last_week,2018-05-28,2018-06-11,3,SP,health_beauty,Southeast,95.0
base,last_week,2018-05-28,2018-06-18,4,SP,health_beauty,Central-West,7.0
base,last_week,2018-05-28,2018-06-18,4,SP,health_beauty,North,3.0
base,last_week,2018-05-28,2018-06-18,4,SP,health_beauty,Southeast,95.0
base,last_week,2018-05-28,2018-05-28,1,SP,housewares,North,2.0
base,last_week,2018-05-28,2018-05-28,1,SP,housewares,Northeast,4.0
base,last_week,2018-05-28,2018-05-28,1,SP,housewares,Southeast,69.0
base,last_week,2018-05-28,2018-06-04,2,SP,housewares,North,2.0
base,last_week,2018-05-28,2018-06-04,2,SP,housewares,Southeast,81.0
base,last_week,2018-05-28,2018-06-11,3,SP,housewares,North,2.0
base,last_week,2018-05-28,2018-06-11,3,SP,housewares,Southeast,81.0
base,last_week,2018-05-28,2018-06-18,4,SP,housewares,North,2.0
base,last_week,2018-05-28,2018-06-18,4,SP,housewares,Southeast,81.0
base,last_week,2018-05-28,2018-05-28,1,SP,sports_leisure,Central-West,6.0
base,last_week,2018-05-28,2018-05-28,1,SP,sports_leisure,Southeast,48.0
base,last_week,2018-05-28,2018-06-04,2,SP,sports_leisure,Southeast,55.0
base,last_week,2018-05-28,2018-06-11,3,SP,sports_leisure,Southeast,55.0
base,last_week,2018-05-28,2018-06-18,4,SP,sports_leisure,Southeast,55.0
base,last_week,2018-05-28,2018-05-28,1,SP,telephony,Central-West,5.0
base,last_week,2018-05-28,2018-05-28,1,SP,telephony,North,2.0
base,last_week,2018-05-28,2018-05-28,1,SP,telephony,Northeast,5.0
base,last_week,2018-05-28,2018-05-28,1,SP,telephony,South,9.0
base,last_week,2018-05-28,2018-05-28,1,SP,telephony,Southeast,33.0
base,last_week,2018-05-28,2018-06-04,2,SP,telephony,Central-West,5.0
base,last_week,2018-05-28,2018-06-04,2,SP,telephony,South,5.0
base,last_week,2018-05-28,2018-06-04,2,SP,telephony,Southeast,33.0
base,last_week,2018-05-28,2018-06-11,3,SP,telephony,Central-West,5.0
base,last_week,2018-05-28,2018-06-11,3,SP,telephony,South,3.0
base,last_week,2018-05-28,2018-06-11,3,SP,telephony,Southeast,33.0
base,last_week,2018-05-28,2018-06-18,4,SP,telephony,Central-West,5.0
base,last_week,2018-05-28,2018-06-18,4,SP,telephony,South,5.0
base,last_week,2018-05-28,2018-06-18,4,SP,telephony,Southeast,33.0
base,last_week,2018-05-28,2018-05-28,1,SP,watches_gifts,Northeast,9.0
base,last_week,2018-05-28,2018-05-28,1,SP,watches_gifts,Southeast,66.0
base,last_week,2018-05-28,2018-06-04,2,SP,watches_gifts,Northeast,11.0
base,last_week,2018-05-28,2018-06-04,2,SP,watches_gifts,Southeast,66.0
base,last_week,2018-05-28,2018-06-11,3,SP,watches_gifts,Central-West,5.0
base,last_week,2018-05-28,2018-06-11,3,SP,watches_gifts,North,1.0
base,last_week,2018-05-28,2018-06-11,3,SP,watches_gifts,Northeast,12.0
base,last_week,2018-05-28,2018-06-11,3,SP,watches_gifts,Southeast,66.0
base,last_week,2018-05-28,2018-06-18,4,SP,watches_gifts,Central-West,5.0
base,last_week,2018-05-28,2018-06-18,4,SP,watches_gifts,North,1.0
base,last_week,2018-05-28,2018-06-18,4,SP,watches_gifts,Northeast,12.0
base,last_week,2018-05-28,2018-06-18,4,SP,watches_gifts,Southeast,66.0
base,last_week,2018-06-04,2018-06-04,1,MG,auto,Northeast,6.0
base,last_week,2018-06-04,2018-06-04,1,MG,bed_bath_table,Central-West,6.0
base,last_week,2018-06-04,2018-06-04,1,MG,bed_bath_table,Northeast,8.0
base,last_week,2018-06-04,2018-06-11,2,MG,bed_bath_table,Central-West,6.0
base,last_week,2018-06-04,2018-06-11,2,MG,bed_bath_table,Northeast,8.0
base,last_week,2018-06-04,2018-06-18,3,MG,bed_bath_table,Central-West,6.0
base,last_week,2018-06-04,2018-06-18,3,MG,bed_bath_table,Northeast,8.0
base,last_week,2018-06-04,2018-06-25,4,MG,bed_bath_table,Central-West,6.0
base,last_week,2018-06-04,2018-06-25,4,MG,bed_bath_table,Northeast,8.0
base,last_week,2018-06-04,2018-06-04,1,MG,computers_accessories,North,2.0
base,last_week,2018-06-04,2018-06-04,1,MG,computers_accessories,Northeast,9.0
base,last_week,2018-06-04,2018-06-11,2,MG,computers_accessories,North,2.0
base,last_week,2018-06-04,2018-06-11,2,MG,computers_accessories,Northeast,9.0
base,last_week,2018-06-04,2018-06-18,3,MG,computers_accessories,Northeast,9.0
base,last_week,2018-06-04,2018-06-25,4,MG,computers_accessories,Northeast,9.0
base,last_week,2018-06-04,2018-06-04,1,MG,furniture_decor,Central-West,9.0
base,last_week,2018-06-04,2018-06-04,1,MG,furniture_decor,Northeast,7.0
base,last_week,2018-06-04,2018-06-11,2,MG,furniture_decor,Central-West,10.0
base,last_week,2018-06-04,2018-06-11,2,MG,furniture_decor,Northeast,7.0
base,last_week,2018-06-04,2018-06-18,3,MG,furniture_decor,Central-West,10.0
base,last_week,2018-06-04,2018-06-18,3,MG,furniture_decor,Northeast,7.0
base,last_week,2018-06-04,2018-06-25,4,MG,furniture_decor,Central-West,10.0
base,last_week,2018-06-04,2018-06-25,4,MG,furniture_decor,Northeast,7.0
base,last_week,2018-06-04,2018-06-04,1,MG,garden_tools,Southeast,14.0
base,last_week,2018-06-04,2018-06-04,1,MG,health_beauty,Northeast,13.0
base,last_week,2018-06-04,2018-06-11,2,MG,health_beauty,Northeast,14.0
base,last_week,2018-06-04,2018-06-18,3,MG,health_beauty,Northeast,14.0
base,last_week,2018-06-04,2018-06-25,4,MG,health_beauty,Northeast,14.0
base,last_week,2018-06-04,2018-06-04,1,MG,housewares,Central-West,6.0
base,last_week,2018-06-04,2018-06-04,1,MG,housewares,Southeast,14.0
base,last_week,2018-06-04,2018-06-04,1,MG,sports_leisure,Northeast,7.0
base,last_week,2018-06-04,2018-06-11,2,MG,sports_leisure,Northeast,8.0
base,last_week,2018-06-04,2018-06-18,3,MG,sports_leisure,Northeast,8.0
base,last_week,2018-06-04,2018-06-25,4,MG,sports_leisure,Northeast,8.0
base,last_week,2018-06-04,2018-06-04,1,MG,telephony,North,1.0
base,last_week,2018-06-04,2018-06-04,1,MG,telephony,Northeast,4.0
base,last_week,2018-06-04,2018-06-11,2,MG,telephony,Northeast,5.0
base,last_week,2018-06-04,2018-06-18,3,MG,telephony,Northeast,5.0
base,last_week,2018-06-04,2018-06-25,4,MG,telephony,Northeast,5.0
base,last_week,2018-06-04,2018-06-04,1,MG,watches_gifts,Northeast,3.0
base,last_week,2018-06-04,2018-06-04,1,PR,auto,South,3.0
base,last_week,2018-06-04,2018-06-11,2,PR,auto,South,7.0
base,last_week,2018-06-04,2018-06-18,3,PR,auto,South,7.0
base,last_week,2018-06-04,2018-06-25,4,PR,auto,South,7.0
base,last_week,2018-06-04,2018-06-04,1,PR,bed_bath_table,South,3.0
base,last_week,2018-06-04,2018-06-04,1,PR,computers_accessories,South,9.0
base,last_week,2018-06-04,2018-06-04,1,PR,computers_accessories,Southeast,14.0
base,last_week,2018-06-04,2018-06-18,3,PR,computers_accessories,South,9.0
base,last_week,2018-06-04,2018-06-25,4,PR,computers_accessories,South,9.0
base,last_week,2018-06-04,2018-06-04,1,PR,furniture_decor,South,18.0
base,last_week,2018-06-04,2018-06-11,2,PR,furniture_decor,South,11.0
base,last_week,2018-06-04,2018-06-18,3,PR,furniture_decor,South,11.0
base,last_week,2018-06-04,2018-06-25,4,PR,furniture_decor,South,11.0
base,last_week,2018-06-04,2018-06-11,2,PR,garden_tools,South,5.0
base,last_week,2018-06-04,2018-06-04,1,PR,health_beauty,South,9.0
base,last_week,2018-06-04,2018-06-11,2,PR,health_beauty,South,8.0
base,last_week,2018-06-04,2018-06-18,3,PR,health_beauty,South,8.0
base,last_week,2018-06-04,2018-06-25,4,PR,health_beauty,South,8.0
base,last_week,2018-06-04,2018-06-04,1,PR,housewares,South,6.0
base,last_week,2018-06-04,2018-06-04,1,PR,housewares,Southeast,3.0
base,last_week,2018-06-04,2018-06-11,2,PR,housewares,South,16.0
base,last_week,2018-06-04,2018-06-18,3,PR,housewares,South,16.0
base,last_week,2018-06-04,2018-06-25,4,PR,housewares,South,16.0
base,last_week,2018-06-04,2018-06-04,1,PR,sports_leisure,South,24.0
base,last_week,2018-06-04,2018-06-11,2,PR,sports_leisure,South,6.0
base,last_week,2018-06-04,2018-06-18,3,PR,sports_leisure,South,6.0
base,last_week,2018-06-04,2018-06-25,4,PR,sports_leisure,South,6.0
base,last_week,2018-06-04,2018-06-04,1,PR,telephony,South,2.0
base,last_week,2018-06-04,2018-06-04,1,PR,watches_gifts,North,2.0
base,last_week,2018-06-04,2018-06-04,1,PR,watches_gifts,South,6.0
base,last_week,2018-06-04,2018-06-11,2,PR,watches_gifts,South,8.0
base,last_week,2018-06-04,2018-06-18,3,PR,watches_gifts,South,8.0
base,last_week,2018-06-04,2018-06-25,4,PR,watches_gifts,South,8.0
base,last_week,2018-06-04,2018-06-04,1,RJ,auto,Central-West,6.0
base,last_week,2018-06-04,2018-06-11,2,RJ,auto,Central-West,6.0
base,last_week,2018-06-04,2018-06-18,3,RJ,auto,Central-West,6.0
base,last_week,2018-06-04,2018-06-25,4,RJ,auto,Central-West,6.0
base,last_week,2018-06-04,2018-06-04,1,RJ,bed_bath_table,South,10.0
base,last_week,2018-06-04,2018-06-11,2,RJ,bed_bath_table,South,9.0
base,last_week,2018-06-04,2018-06-18,3,RJ,bed_bath_table,South,11.0
base,last_week,2018-06-04,2018-06-25,4,RJ,bed_bath_table,South,10.0
base,last_week,2018-06-04,2018-06-11,2,RJ,computers_accessories,Central-West,3.0
base,last_week,2018-06-04,2018-06-04,1,RJ,furniture_decor,Northeast,5.0
base,last_week,2018-06-04,2018-06-11,2,RJ,furniture_decor,Northeast,5.0
base,last_week,2018-06-04,2018-06-18,3,RJ,furniture_decor,Northeast,5.0
base,last_week,2018-06-04,2018-06-25,4,RJ,furniture_decor,Northeast,5.0
base,last_week,2018-06-04,2018-06-04,1,RJ,garden_tools,Northeast,4.0
base,last_week,2018-06-04,2018-06-18,3,RJ,garden_tools,Northeast,8.0
base,last_week,2018-06-04,2018-06-25,4,RJ,garden_tools,Northeast,4.0
base,last_week,2018-06-04,2018-06-04,1,RJ,health_beauty,Central-West,9.0
base,last_week,2018-06-04,2018-06-04,1,RJ,health_beauty,Southeast,6.0
base,last_week,2018-06-04,2018-06-11,2,RJ,health_beauty,Central-West,9.0
base,last_week,2018-06-04,2018-06-18,3,RJ,health_beauty,Central-West,3.0
base,last_week,2018-06-04,2018-06-04,1,RJ,housewares,Northeast,8.0
base,last_week,2018-06-04,2018-06-11,2,RJ,housewares,Northeast,8.0
base,last_week,2018-06-04,2018-06-18,3,RJ,housewares,Northeast,8.0
base,last_week,2018-06-04,2018-06-25,4,RJ,housewares,Northeast,8.0
base,last_week,2018-06-04,2018-06-11,2,RJ,sports_leisure,Central-West,8.0
base,last_week,2018-06-04,2018-06-11,2,RJ,sports_leisure,North,4.0
base,last_week,2018-06-04,2018-06-18,3,RJ,sports_leisure,Central-West,8.0
base,last_week,2018-06-04,2018-06-18,3,RJ,sports_leisure,North,4.0
base,last_week,2018-06-04,2018-06-25,4,RJ,sports_leisure,Central-West,8.0
base,last_week,2018-06-04,2018-06-25,4,RJ,sports_leisure,North,4.0
base,last_week,2018-06-04,2018-06-04,1,RJ,telephony,North,4.0
base,last_week,2018-06-04,2018-06-11,2,RJ,telephony,North,5.0
base,last_week,2018-06-04,2018-06-11,2,RJ,telephony,Northeast,1.0
base,last_week,2018-06-04,2018-06-18,3,RJ,telephony,North,5.0
base,last_week,2018-06-04,2018-06-18,3,RJ,telephony,Northeast,1.0
base,last_week,2018-06-04,2018-06-25,4,RJ,telephony,North,5.0
base,last_week,2018-06-04,2018-06-25,4,RJ,telephony,Northeast,1.0
base,last_week,2018-06-04,2018-06-04,1,RJ,watches_gifts,Central-West,2.0
base,last_week,2018-06-04,2018-06-04,1,RJ,watches_gifts,Northeast,3.0
base,last_week,2018-06-04,2018-06-04,1,RJ,watches_gifts,Southeast,8.0
base,last_week,2018-06-04,2018-06-04,1,RS,auto,North,1.0
base,last_week,2018-06-04,2018-06-04,1,RS,auto,South,2.0
base,last_week,2018-06-04,2018-06-11,2,RS,auto,North,1.0
base,last_week,2018-06-04,2018-06-11,2,RS,auto,South,2.0
base,last_week,2018-06-04,2018-06-18,3,RS,auto,North,1.0
base,last_week,2018-06-04,2018-06-18,3,RS,auto,South,2.0
base,last_week,2018-06-04,2018-06-25,4,RS,auto,North,1.0
base,last_week,2018-06-04,2018-06-25,4,RS,auto,South,2.0
base,last_week,2018-06-04,2018-06-04,1,RS,bed_bath_table,North,1.0
base,last_week,2018-06-04,2018-06-04,1,RS,bed_bath_table,South,1.0
base,last_week,2018-06-04,2018-06-11,2,RS,bed_bath_table,North,1.0
base,last_week,2018-06-04,2018-06-11,2,RS,bed_bath_table,South,9.0
base,last_week,2018-06-04,2018-06-18,3,RS,bed_bath_table,North,1.0
base,last_week,2018-06-04,2018-06-18,3,RS,bed_bath_table,South,5.0
base,last_week,2018-06-04,2018-06-25,4,RS,bed_bath_table,North,1.0
base,last_week,2018-06-04,2018-06-25,4,RS,bed_bath_table,South,5.0
base,last_week,2018-06-04,2018-06-11,2,RS,computers_accessories,South,9.0
base,last_week,2018-06-04,2018-06-04,1,RS,furniture_decor,North,1.0
base,last_week,2018-06-04,2018-06-04,1,RS,furniture_decor,South,2.0
base,last_week,2018-06-04,2018-06-11,2,RS,furniture_decor,North,2.0
base,last_week,2018-06-04,2018-06-11,2,RS,furniture_decor,South,3.0
base,last_week,2018-06-04,2018-06-18,3,RS,furniture_decor,North,2.0
base,last_week,2018-06-04,2018-06-18,3,RS,furniture_decor,South,3.0
base,last_week,2018-06-04,2018-06-25,4,RS,furniture_decor,North,2.0
base,last_week,2018-06-04,2018-06-25,4,RS,furniture_decor,South,3.0
base,last_week,2018-06-04,2018-06-04,1,RS,garden_tools,North,2.0
base,last_week,2018-06-04,2018-06-11,2,RS,garden_tools,North,2.0
base,last_week,2018-06-04,2018-06-18,3,RS,garden_tools,North,2.0
base,last_week,2018-06-04,2018-06-25,4,RS,garden_tools,North,2.0
base,last_week,2018-06-04,2018-06-11,2,RS,health_beauty,South,8.0
base,last_week,2018-06-04,2018-06-18,3,RS,health_beauty,South,8.0
base,last_week,2018-06-04,2018-06-25,4,RS,health_beauty,South,8.0
base,last_week,2018-06-04,2018-06-04,1,RS,housewares,South,2.0
base,last_week,2018-06-04,2018-06-04,1,RS,sports_leisure,North,3.0
base,last_week,2018-06-04,2018-06-11,2,RS,telephony,South,10.0
base,last_week,2018-06-04,2018-06-18,3,RS,telephony,South,5.0
base,last_week,2018-06-04,2018-06-25,4,RS,telephony,South,5.0
base,last_week,2018-06-04,2018-06-04,1,RS,watches_gifts,Southeast,1.0
base,last_week,2018-06-04,2018-06-04,1,SC,auto,South,4.0
base,last_week,2018-06-04,2018-06-04,1,SC,bed_bath_table,South,4.0
base,last_week,2018-06-04,2018-06-18,3,SC,bed_bath_table,South,2.0
base,last_week,2018-06-04,2018-06-25,4,SC,bed_bath_table,South,3.0
base,last_week,2018-06-04,2018-06-11,2,SC,furniture_decor,South,6.0
base,last_week,2018-06-04,2018-06-18,3,SC,furniture_decor,South,6.0
base,last_week,2018-06-04,2018-06-25,4,SC,furniture_decor,South,6.0
base,last_week,2018-06-04,2018-06-04,1,SC,garden_tools,Central-West,2.0
base,last_week,2018-06-04,2018-06-04,1,SC,garden_tools,South,5.0
base,last_week,2018-06-04,2018-06-11,2,SC,garden_tools,Central-West,2.0
base,last_week,2018-06-04,2018-06-18,3,SC,garden_tools,Central-West,2.0
base,last_week,2018-06-04,2018-06-18,3,SC,garden_tools,South,5.0
base,last_week,2018-06-04,2018-06-25,4,SC,garden_tools,Central-West,2.0
base,last_week,2018-06-04,2018-06-25,4,SC,garden_tools,South,5.0
base,last_week,2018-06-04,2018-06-04,1,SC,health_beauty,South,7.0
base,last_week,2018-06-04,2018-06-04,1,SC,housewares,South,8.0
base,last_week,2018-06-04,2018-06-11,2,SC,sports_leisure,South,18.0
base,last_week,2018-06-04,2018-06-18,3,SC,sports_leisure,South,18.0
base,last_week,2018-06-04,2018-06-25,4,SC,sports_leisure,South,18.0
base,last_week,2018-06-04,2018-06-04,1,SC,telephony,South,1.0
base,last_week,2018-06-04,2018-06-04,1,SC,watches_gifts,South,3.0
base,last_week,2018-06-04,2018-06-04,1,SC,watches_gifts,Southeast,4.0
base,last_week,2018-06-04,2018-06-11,2,SC,watches_gifts,South,1.0
base,last_week,2018-06-04,2018-06-18,3,SC,watches_gifts,South,1.0
base,last_week,2018-06-04,2018-06-25,4,SC,watches_gifts,South,1.0
base,last_week,2018-06-04,2018-06-04,1,SP,auto,Northeast,5.0
base,last_week,2018-06-04,2018-06-04,1,SP,auto,Southeast,33.0
base,last_week,2018-06-04,2018-06-11,2,SP,auto,Northeast,11.0
base,last_week,2018-06-04,2018-06-11,2,SP,auto,Southeast,33.0
base,last_week,2018-06-04,2018-06-18,3,SP,auto,Northeast,11.0
base,last_week,2018-06-04,2018-06-18,3,SP,auto,Southeast,33.0
base,last_week,2018-06-04,2018-06-25,4,SP,auto,Northeast,11.0
base,last_week,2018-06-04,2018-06-25,4,SP,auto,Southeast,33.0
base,last_week,2018-06-04,2018-06-04,1,SP,bed_bath_table,Southeast,126.0
base,last_week,2018-06-04,2018-06-11,2,SP,bed_bath_table,Southeast,126.0
base,last_week,2018-06-04,2018-06-18,3,SP,bed_bath_table,Southeast,126.0
base,last_week,2018-06-04,2018-06-25,4,SP,bed_bath_table,Southeast,126.0
base,last_week,2018-06-04,2018-06-04,1,SP,computers_accessories,Central-West,6.0
base,last_week,2018-06-04,2018-06-04,1,SP,computers_accessories,Southeast,37.0
base,last_week,2018-06-04,2018-06-11,2,SP,computers_accessories,Central-West,3.0
base,last_week,2018-06-04,2018-06-11,2,SP,computers_accessories,Southeast,51.0
base,last_week,2018-06-04,2018-06-18,3,SP,computers_accessories,Central-West,6.0
base,last_week,2018-06-04,2018-06-18,3,SP,computers_accessories,North,2.0
base,last_week,2018-06-04,2018-06-18,3,SP,computers_accessories,Southeast,51.0
base,last_week,2018-06-04,2018-06-25,4,SP,computers_accessories,Central-West,6.0
base,last_week,2018-06-04,2018-06-25,4,SP,computers_accessories,North,2.0
base,last_week,2018-06-04,2018-06-25,4,SP,computers_accessories,Southeast,51.0
base,last_week,2018-06-04,2018-06-04,1,SP,furniture_decor,Central-West,1.0
base,last_week,2018-06-04,2018-06-04,1,SP,furniture_decor,North,1.0
base,last_week,2018-06-04,2018-06-04,1,SP,furniture_decor,Southeast,74.0
base,last_week,2018-06-04,2018-06-11,2,SP,furniture_decor,Southeast,74.0
base,last_week,2018-06-04,2018-06-18,3,SP,furniture_decor,Southeast,74.0
base,last_week,2018-06-04,2018-06-25,4,SP,furniture_decor,Southeast,74.0
base,last_week,2018-06-04,2018-06-04,1,SP,garden_tools,Northeast,5.0
base,last_week,2018-06-04,2018-06-04,1,SP,garden_tools,Southeast,17.0
base,last_week,2018-06-04,2018-06-11,2,SP,garden_tools,Northeast,9.0
base,last_week,2018-06-04,2018-06-11,2,SP,garden_tools,Southeast,31.0
base,last_week,2018-06-04,2018-06-18,3,SP,garden_tools,Northeast,1.0
base,last_week,2018-06-04,2018-06-18,3,SP,garden_tools,Southeast,31.0
base,last_week,2018-06-04,2018-06-25,4,SP,garden_tools,Northeast,5.0
base,last_week,2018-06-04,2018-06-25,4,SP,garden_tools,Southeast,31.0
base,last_week,2018-06-04,2018-06-04,1,SP,health_beauty,North,3.0
base,last_week,2018-06-04,2018-06-04,1,SP,health_beauty,Northeast,8.0
base,last_week,2018-06-04,2018-06-04,1,SP,health_beauty,Southeast,90.0
base,last_week,2018-06-04,2018-06-11,2,SP,health_beauty,North,3.0
base,last_week,2018-06-04,2018-06-11,2,SP,health_beauty,Northeast,7.0
base,last_week,2018-06-04,2018-06-11,2,SP,health_beauty,Southeast,96.0
base,last_week,2018-06-04,2018-06-18,3,SP,health_beauty,Central-West,6.0
base,last_week,2018-06-04,2018-06-18,3,SP,health_beauty,North,3.0
base,last_week,2018-06-04,2018-06-18,3,SP,health_beauty,Northeast,7.0
base,last_week,2018-06-04,2018-06-18,3,SP,health_beauty,Southeast,96.0
base,last_week,2018-06-04,2018-06-25,4,SP,health_beauty,Central-West,9.0
base,last_week,2018-06-04,2018-06-25,4,SP,health_beauty,North,3.0
base,last_week,2018-06-04,2018-06-25,4,SP,health_beauty,Northeast,7.0
base,last_week,2018-06-04,2018-06-25,4,SP,health_beauty,Southeast,96.0
base,last_week,2018-06-04,2018-06-04,1,SP,housewares,Southeast,49.0
base,last_week,2018-06-04,2018-06-11,2,SP,housewares,Central-West,6.0
base,last_week,2018-06-04,2018-06-11,2,SP,housewares,North,2.0
base,last_week,2018-06-04,2018-06-11,2,SP,housewares,Northeast,2.0
base,last_week,2018-06-04,2018-06-11,2,SP,housewares,Southeast,117.0
base,last_week,2018-06-04,2018-06-18,3,SP,housewares,Central-West,6.0
base,last_week,2018-06-04,2018-06-18,3,SP,housewares,North,2.0
base,last_week,2018-06-04,2018-06-18,3,SP,housewares,Northeast,2.0
base,last_week,2018-06-04,2018-06-18,3,SP,housewares,Southeast,117.0
base,last_week,2018-06-04,2018-06-25,4,SP,housewares,Central-West,6.0
base,last_week,2018-06-04,2018-06-25,4,SP,housewares,North,2.0
base,last_week,2018-06-04,2018-06-25,4,SP,housewares,Northeast,2.0
base,last_week,2018-06-04,2018-06-25,4,SP,housewares,Southeast,117.0
base,last_week,2018-06-04,2018-06-04,1,SP,sports_leisure,Central-West,8.0
base,last_week,2018-06-04,2018-06-04,1,SP,sports_leisure,North,1.0
base,last_week,2018-06-04,2018-06-04,1,SP,sports_leisure,Northeast,1.0
base,last_week,2018-06-04,2018-06-04,1,SP,sports_leisure,Southeast,64.0
base,last_week,2018-06-04,2018-06-11,2,SP,sports_leisure,Southeast,64.0
base,last_week,2018-06-04,2018-06-18,3,SP,sports_leisure,Southeast,64.0
base,last_week,2018-06-04,2018-06-25,4,SP,sports_leisure,Southeast,64.0
base,last_week,2018-06-04,2018-06-04,1,SP,telephony,Central-West,5.0
base,last_week,2018-06-04,2018-06-04,1,SP,telephony,Northeast,8.0
base,last_week,2018-06-04,2018-06-04,1,SP,telephony,South,7.0
base,last_week,2018-06-04,2018-06-04,1,SP,telephony,Southeast,26.0
base,last_week,2018-06-04,2018-06-11,2,SP,telephony,Central-West,5.0
base,last_week,2018-06-04,2018-06-11,2,SP,telephony,Northeast,6.0
base,last_week,2018-06-04,2018-06-11,2,SP,telephony,Southeast,26.0
base,last_week,2018-06-04,2018-06-18,3,SP,telephony,Central-West,5.0
base,last_week,2018-06-04,2018-06-18,3,SP,telephony,Northeast,6.0
base,last_week,2018-06-04,2018-06-18,3,SP,telephony,South,5.0
base,last_week,2018-06-04,2018-06-18,3,SP,telephony,Southeast,26.0
base,last_week,2018-06-04,2018-06-25,4,SP,telephony,Central-West,5.0
base,last_week,2018-06-04,2018-06-25,4,SP,telephony,Northeast,6.0
base,last_week,2018-06-04,2018-06-25,4,SP,telephony,South,5.0
base,last_week,2018-06-04,2018-06-25,4,SP,telephony,Southeast,26.0
base,last_week,2018-06-04,2018-06-04,1,SP,watches_gifts,Southeast,66.0
base,last_week,2018-06-04,2018-06-11,2,SP,watches_gifts,Central-West,9.0
base,last_week,2018-06-04,2018-06-11,2,SP,watches_gifts,North,2.0
base,last_week,2018-06-04,2018-06-11,2,SP,watches_gifts,Northeast,16.0
base,last_week,2018-06-04,2018-06-11,2,SP,watches_gifts,Southeast,86.0
base,last_week,2018-06-04,2018-06-18,3,SP,watches_gifts,Central-West,9.0
base,last_week,2018-06-04,2018-06-18,3,SP,watches_gifts,North,2.0
base,last_week,2018-06-04,2018-06-18,3,SP,watches_gifts,Northeast,16.0
base,last_week,2018-06-04,2018-06-18,3,SP,watches_gifts,Southeast,86.0
base,last_week,2018-06-04,2018-06-25,4,SP,watches_gifts,Central-West,9.0
base,last_week,2018-06-04,2018-06-25,4,SP,watches_gifts,North,2.0
base,last_week,2018-06-04,2018-06-25,4,SP,watches_gifts,Northeast,16.0
base,last_week,2018-06-04,2018-06-25,4,SP,watches_gifts,Southeast,86.0
base,last_week,2018-06-11,2018-06-11,1,MG,bed_bath_table,Southeast,14.0
base,last_week,2018-06-11,2018-06-18,2,MG,bed_bath_table,Central-West,5.0
base,last_week,2018-06-11,2018-06-18,2,MG,bed_bath_table,Northeast,9.0
base,last_week,2018-06-11,2018-06-25,3,MG,bed_bath_table,Central-West,5.0
base,last_week,2018-06-11,2018-06-25,3,MG,bed_bath_table,Northeast,9.0
base,last_week,2018-06-11,2018-07-02,4,MG,bed_bath_table,Central-West,5.0
base,last_week,2018-06-11,2018-07-02,4,MG,bed_bath_table,Northeast,9.0
base,last_week,2018-06-11,2018-06-11,1,MG,computers_accessories,Southeast,17.0
base,last_week,2018-06-11,2018-06-18,2,MG,computers_accessories,Northeast,19.0
base,last_week,2018-06-11,2018-06-25,3,MG,computers_accessories,Northeast,19.0
base,last_week,2018-06-11,2018-07-02,4,MG,computers_accessories,Northeast,19.0
base,last_week,2018-06-11,2018-06-11,1,MG,furniture_decor,Central-West,7.0
base,last_week,2018-06-11,2018-06-11,1,MG,furniture_decor,Northeast,4.0
base,last_week,2018-06-11,2018-06-18,2,MG,furniture_decor,Central-West,7.0
base,last_week,2018-06-11,2018-06-25,3,MG,furniture_decor,Central-West,7.0
base,last_week,2018-06-11,2018-07-02,4,MG,furniture_decor,Central-West,7.0
base,last_week,2018-06-11,2018-06-11,1,MG,garden_tools,Southeast,14.0
base,last_week,2018-06-11,2018-06-11,1,MG,health_beauty,Southeast,14.0
base,last_week,2018-06-11,2018-06-18,2,MG,health_beauty,Northeast,14.0
base,last_week,2018-06-11,2018-06-25,3,MG,health_beauty,Northeast,14.0
base,last_week,2018-06-11,2018-07-02,4,MG,health_beauty,Northeast,14.0
base,last_week,2018-06-11,2018-06-11,1,MG,sports_leisure,Northeast,8.0
base,last_week,2018-06-11,2018-06-18,2,MG,sports_leisure,Northeast,12.0
base,last_week,2018-06-11,2018-06-25,3,MG,sports_leisure,Northeast,12.0
base,last_week,2018-06-11,2018-07-02,4,MG,sports_leisure,Northeast,12.0
base,last_week,2018-06-11,2018-06-11,1,MG,telephony,Northeast,5.0
base,last_week,2018-06-11,2018-06-18,2,MG,telephony,Northeast,5.0
base,last_week,2018-06-11,2018-06-25,3,MG,telephony,Northeast,5.0
base,last_week,2018-06-11,2018-07-02,4,MG,telephony,Northeast,5.0
base,last_week,2018-06-11,2018-06-11,1,PR,auto,South,5.0
base,last_week,2018-06-11,2018-06-18,2,PR,auto,South,8.0
base,last_week,2018-06-11,2018-06-25,3,PR,auto,South,8.0
base,last_week,2018-06-11,2018-07-02,4,PR,auto,South,8.0
base,last_week,2018-06-11,2018-06-11,1,PR,computers_accessories,Southeast,37.0
base,last_week,2018-06-11,2018-06-11,1,PR,furniture_decor,South,12.0
base,last_week,2018-06-11,2018-06-18,2,PR,furniture_decor,South,18.0
base,last_week,2018-06-11,2018-06-25,3,PR,furniture_decor,South,18.0
base,last_week,2018-06-11,2018-07-02,4,PR,furniture_decor,South,18.0
base,last_week,2018-06-11,2018-06-11,1,PR,garden_tools,South,5.0
base,last_week,2018-06-11,2018-06-11,1,PR,health_beauty,South,8.0
base,last_week,2018-06-11,2018-06-18,2,PR,health_beauty,South,14.0
base,last_week,2018-06-11,2018-06-25,3,PR,health_beauty,South,14.0
base,last_week,2018-06-11,2018-07-02,4,PR,health_beauty,South,14.0
base,last_week,2018-06-11,2018-06-11,1,PR,housewares,South,16.0
base,last_week,2018-06-11,2018-06-18,2,PR,housewares,South,17.0
base,last_week,2018-06-11,2018-06-25,3,PR,housewares,South,17.0
base,last_week,2018-06-11,2018-07-02,4,PR,housewares,South,17.0
base,last_week,2018-06-11,2018-06-18,2,PR,sports_leisure,South,13.0
base,last_week,2018-06-11,2018-06-25,3,PR,sports_leisure,South,8.0
base,last_week,2018-06-11,2018-07-02,4,PR,sports_leisure,South,2.0
base,last_week,2018-06-11,2018-06-18,2,PR,telephony,South,2.0
base,last_week,2018-06-11,2018-06-11,1,PR,watches_gifts,South,7.0
base,last_week,2018-06-11,2018-06-18,2,PR,watches_gifts,South,9.0
base,last_week,2018-06-11,2018-06-25,3,PR,watches_gifts,South,8.0
base,last_week,2018-06-11,2018-07-02,4,PR,watches_gifts,South,8.0
base,last_week,2018-06-11,2018-06-11,1,RJ,auto,Southeast,6.0
base,last_week,2018-06-11,2018-06-18,2,RJ,auto,Central-West,6.0
base,last_week,2018-06-11,2018-06-25,3,RJ,auto,Central-West,6.0
base,last_week,2018-06-11,2018-07-02,4,RJ,auto,Central-West,6.0
base,last_week,2018-06-11,2018-06-11,1,RJ,bed_bath_table,Southeast,10.0
base,last_week,2018-06-11,2018-06-18,2,RJ,bed_bath_table,South,10.0
base,last_week,2018-06-11,2018-06-25,3,RJ,bed_bath_table,South,10.0
base,last_week,2018-06-11,2018-07-02,4,RJ,bed_bath_table,South,10.0
base,last_week,2018-06-11,2018-06-11,1,RJ,computers_accessories,Southeast,3.0
base,last_week,2018-06-11,2018-06-11,1,RJ,furniture_decor,Northeast,2.0
base,last_week,2018-06-11,2018-06-18,2,RJ,furniture_decor,Northeast,6.0
base,last_week,2018-06-11,2018-06-25,3,RJ,furniture_decor,Northeast,6.0
base,last_week,2018-06-11,2018-07-02,4,RJ,furniture_decor,Northeast,6.0
base,last_week,2018-06-11,2018-06-11,1,RJ,garden_tools,Central-West,4.0
base,last_week,2018-06-11,2018-06-11,1,RJ,garden_tools,Southeast,4.0
base,last_week,2018-06-11,2018-06-18,2,RJ,garden_tools,Northeast,4.0
base,last_week,2018-06-11,2018-06-25,3,RJ,garden_tools,Northeast,4.0
base,last_week,2018-06-11,2018-07-02,4,RJ,garden_tools,Northeast,4.0
base,last_week,2018-06-11,2018-06-11,1,RJ,housewares,Southeast,8.0
base,last_week,2018-06-11,2018-06-18,2,RJ,housewares,Northeast,8.0
base,last_week,2018-06-11,2018-06-25,3,RJ,housewares,Northeast,8.0
base,last_week,2018-06-11,2018-07-02,4,RJ,housewares,Northeast,8.0
base,last_week,2018-06-11,2018-06-11,1,RJ,sports_leisure,Central-West,6.0
base,last_week,2018-06-11,2018-06-11,1,RJ,sports_leisure,North,6.0
base,last_week,2018-06-11,2018-06-18,2,RJ,sports_leisure,Central-West,10.0
base,last_week,2018-06-11,2018-06-18,2,RJ,sports_leisure,North,6.0
base,last_week,2018-06-11,2018-06-25,3,RJ,sports_leisure,Central-West,10.0
base,last_week,2018-06-11,2018-06-25,3,RJ,sports_leisure,North,6.0
base,last_week,2018-06-11,2018-07-02,4,RJ,sports_leisure,Central-West,10.0
base,last_week,2018-06-11,2018-07-02,4,RJ,sports_leisure,North,6.0
base,last_week,2018-06-11,2018-06-11,1,RJ,telephony,North,5.0
base,last_week,2018-06-11,2018-06-11,1,RJ,telephony,Northeast,1.0
base,last_week,2018-06-11,2018-06-18,2,RJ,telephony,North,5.0
base,last_week,2018-06-11,2018-06-18,2,RJ,telephony,Northeast,1.0
base,last_week,2018-06-11,2018-06-25,3,RJ,telephony,North,5.0
base,last_week,2018-06-11,2018-06-25,3,RJ,telephony,Northeast,1.0
base,last_week,2018-06-11,2018-07-02,4,RJ,telephony,North,5.0
base,last_week,2018-06-11,2018-07-02,4,RJ,telephony,Northeast,1.0
base,last_week,2018-06-11,2018-06-18,2,RJ,watches_gifts,Central-West,1.0
base,last_week,2018-06-11,2018-06-11,1,RS,auto,South,3.0
base,last_week,2018-06-11,2018-06-18,2,RS,auto,North,3.0
base,last_week,2018-06-11,2018-06-25,3,RS,auto,North,3.0
base,last_week,2018-06-11,2018-07-02,4,RS,auto,North,3.0
base,last_week,2018-06-11,2018-06-11,1,RS,bed_bath_table,South,6.0
base,last_week,2018-06-11,2018-06-18,2,RS,bed_bath_table,North,1.0
base,last_week,2018-06-11,2018-06-18,2,RS,bed_bath_table,South,5.0
base,last_week,2018-06-11,2018-06-25,3,RS,bed_bath_table,North,1.0
base,last_week,2018-06-11,2018-06-25,3,RS,bed_bath_table,South,5.0
base,last_week,2018-06-11,2018-07-02,4,RS,bed_bath_table,North,1.0
base,last_week,2018-06-11,2018-07-02,4,RS,bed_bath_table,South,5.0
base,last_week,2018-06-11,2018-06-18,2,RS,computers_accessories,South,8.0
base,last_week,2018-06-11,2018-06-25,3,RS,computers_accessories,South,8.0
base,last_week,2018-06-11,2018-07-02,4,RS,computers_accessories,South,8.0
base,last_week,2018-06-11,2018-06-11,1,RS,furniture_decor,South,5.0
base,last_week,2018-06-11,2018-06-18,2,RS,furniture_decor,North,5.0
base,last_week,2018-06-11,2018-06-25,3,RS,furniture_decor,North,5.0
base,last_week,2018-06-11,2018-07-02,4,RS,furniture_decor,North,5.0
base,last_week,2018-06-11,2018-06-11,1,RS,garden_tools,North,2.0
base,last_week,2018-06-11,2018-06-11,1,RS,garden_tools,South,1.0
base,last_week,2018-06-11,2018-06-18,2,RS,garden_tools,North,2.0
base,last_week,2018-06-11,2018-06-25,3,RS,garden_tools,North,2.0
base,last_week,2018-06-11,2018-07-02,4,RS,garden_tools,North,2.0
base,last_week,2018-06-11,2018-06-11,1,RS,health_beauty,South,8.0
base,last_week,2018-06-11,2018-06-18,2,RS,health_beauty,South,8.0
base,last_week,2018-06-11,2018-06-25,3,RS,health_beauty,South,8.0
base,last_week,2018-06-11,2018-07-02,4,RS,health_beauty,South,8.0
base,last_week,2018-06-11,2018-06-18,2,RS,housewares,South,11.0
base,last_week,2018-06-11,2018-06-25,3,RS,housewares,South,11.0
base,last_week,2018-06-11,2018-07-02,4,RS,housewares,South,11.0
base,last_week,2018-06-11,2018-06-11,1,RS,telephony,South,3.0
base,last_week,2018-06-11,2018-06-18,2,RS,telephony,South,7.0
base,last_week,2018-06-11,2018-06-25,3,RS,telephony,South,5.0
base,last_week,2018-06-11,2018-07-02,4,RS,telephony,South,5.0
base,last_week,2018-06-11,2018-06-11,1,RS,watches_gifts,South,1.0
base,last_week,2018-06-11,2018-06-18,2,SC,bed_bath_table,South,14.0
base,last_week,2018-06-11,2018-06-25,3,SC,bed_bath_table,South,14.0
base,last_week,2018-06-11,2018-07-02,4,SC,bed_bath_table,South,14.0
base,last_week,2018-06-11,2018-06-18,2,SC,computers_accessories,South,9.0
base,last_week,2018-06-11,2018-06-25,3,SC,computers_accessories,South,9.0
base,last_week,2018-06-11,2018-07-02,4,SC,computers_accessories,South,9.0
base,last_week,2018-06-11,2018-06-11,1,SC,furniture_decor,South,6.0
base,last_week,2018-06-11,2018-06-18,2,SC,furniture_decor,South,6.0
base,last_week,2018-06-11,2018-06-25,3,SC,furniture_decor,South,6.0
base,last_week,2018-06-11,2018-07-02,4,SC,furniture_decor,South,6.0
base,last_week,2018-06-11,2018-06-18,2,SC,garden_tools,Central-West,4.0
base,last_week,2018-06-11,2018-06-18,2,SC,garden_tools,South,4.0
base,last_week,2018-06-11,2018-06-25,3,SC,garden_tools,Central-West,4.0
base,last_week,2018-06-11,2018-06-25,3,SC,garden_tools,South,4.0
base,last_week,2018-06-11,2018-07-02,4,SC,garden_tools,Central-West,4.0
base,last_week,2018-06-11,2018-07-02,4,SC,garden_tools,South,4.0
base,last_week,2018-06-11,2018-06-11,1,SC,sports_leisure,South,13.0
base,last_week,2018-06-11,2018-06-25,3,SC,sports_leisure,South,5.0
base,last_week,2018-06-11,2018-07-02,4,SC,sports_leisure,South,11.0
base,last_week,2018-06-11,2018-06-11,1,SC,telephony,South,1.0
base,last_week,2018-06-11,2018-06-11,1,SC,watches_gifts,South,6.0
base,last_week,2018-06-11,2018-06-18,2,SC,watches_gifts,South,5.0
base,last_week,2018-06-11,2018-06-25,3,SC,watches_gifts,South,6.0
base,last_week,2018-06-11,2018-07-02,4,SC,watches_gifts,South,6.0
base,last_week,2018-06-11,2018-06-11,1,SP,auto,Southeast,33.0
base,last_week,2018-06-11,2018-06-18,2,SP,auto,Central-West,4.0
base,last_week,2018-06-11,2018-06-18,2,SP,auto,North,1.0
base,last_week,2018-06-11,2018-06-18,2,SP,auto,Northeast,10.0
base,last_week,2018-06-11,2018-06-18,2,SP,auto,South,13.0
base,last_week,2018-06-11,2018-06-18,2,SP,auto,Southeast,54.0
base,last_week,2018-06-11,2018-06-25,3,SP,auto,Central-West,4.0
base,last_week,2018-06-11,2018-06-25,3,SP,auto,North,1.0
base,last_week,2018-06-11,2018-06-25,3,SP,auto,Northeast,10.0
base,last_week,2018-06-11,2018-06-25,3,SP,auto,South,13.0
base,last_week,2018-06-11,2018-06-25,3,SP,auto,Southeast,54.0
base,last_week,2018-06-11,2018-07-02,4,SP,auto,Central-West,4.0
base,last_week,2018-06-11,2018-07-02,4,SP,auto,North,1.0
base,last_week,2018-06-11,2018-07-02,4,SP,auto,Northeast,10.0
base,last_week,2018-06-11,2018-07-02,4,SP,auto,South,13.0
base,last_week,2018-06-11,2018-07-02,4,SP,auto,Southeast,54.0
base,last_week,2018-06-11,2018-06-11,1,SP,bed_bath_table,Southeast,104.0
base,last_week,2018-06-11,2018-06-18,2,SP,bed_bath_table,Central-West,4.0
base,last_week,2018-06-11,2018-06-18,2,SP,bed_bath_table,Southeast,181.0
base,last_week,2018-06-11,2018-06-25,3,SP,bed_bath_table,Central-West,4.0
base,last_week,2018-06-11,2018-06-25,3,SP,bed_bath_table,Southeast,181.0
base,last_week,2018-06-11,2018-07-02,4,SP,bed_bath_table,Central-West,4.0
base,last_week,2018-06-11,2018-07-02,4,SP,bed_bath_table,Southeast,181.0
base,last_week,2018-06-11,2018-06-11,1,SP,computers_accessories,Southeast,14.0
base,last_week,2018-06-11,2018-06-18,2,SP,computers_accessories,Central-West,4.0
base,last_week,2018-06-11,2018-06-18,2,SP,computers_accessories,North,4.0
base,last_week,2018-06-11,2018-06-18,2,SP,computers_accessories,Southeast,95.0
base,last_week,2018-06-11,2018-06-25,3,SP,computers_accessories,Central-West,4.0
base,last_week,2018-06-11,2018-06-25,3,SP,computers_accessories,North,4.0
base,last_week,2018-06-11,2018-06-25,3,SP,computers_accessories,Southeast,95.0
base,last_week,2018-06-11,2018-07-02,4,SP,computers_accessories,Central-West,4.0
base,last_week,2018-06-11,2018-07-02,4,SP,computers_accessories,North,4.0
base,last_week,2018-06-11,2018-07-02,4,SP,computers_accessories,Southeast,95.0
base,last_week,2018-06-11,2018-06-11,1,SP,furniture_decor,North,8.0
base,last_week,2018-06-11,2018-06-11,1,SP,furniture_decor,South,1.0
base,last_week,2018-06-11,2018-06-11,1,SP,furniture_decor,Southeast,53.0
base,last_week,2018-06-11,2018-06-18,2,SP,furniture_decor,North,3.0
base,last_week,2018-06-11,2018-06-18,2,SP,furniture_decor,Southeast,53.0
base,last_week,2018-06-11,2018-06-25,3,SP,furniture_decor,North,3.0
base,last_week,2018-06-11,2018-06-25,3,SP,furniture_decor,Southeast,53.0
base,last_week,2018-06-11,2018-07-02,4,SP,furniture_decor,North,3.0
base,last_week,2018-06-11,2018-07-02,4,SP,furniture_decor,Southeast,53.0
base,last_week,2018-06-11,2018-06-11,1,SP,garden_tools,South,3.0
base,last_week,2018-06-11,2018-06-11,1,SP,garden_tools,Southeast,29.0
base,last_week,2018-06-11,2018-06-18,2,SP,garden_tools,South,7.0
base,last_week,2018-06-11,2018-06-18,2,SP,garden_tools,Southeast,47.0
base,last_week,2018-06-11,2018-06-25,3,SP,garden_tools,South,7.0
base,last_week,2018-06-11,2018-06-25,3,SP,garden_tools,Southeast,47.0
base,last_week,2018-06-11,2018-07-02,4,SP,garden_tools,South,7.0
base,last_week,2018-06-11,2018-07-02,4,SP,garden_tools,Southeast,47.0
base,last_week,2018-06-11,2018-06-11,1,SP,health_beauty,Southeast,106.0
base,last_week,2018-06-11,2018-06-18,2,SP,health_beauty,Central-West,17.0
base,last_week,2018-06-11,2018-06-18,2,SP,health_beauty,North,10.0
base,last_week,2018-06-11,2018-06-18,2,SP,health_beauty,Northeast,16.0
base,last_week,2018-06-11,2018-06-18,2,SP,health_beauty,Southeast,153.0
base,last_week,2018-06-11,2018-06-25,3,SP,health_beauty,Central-West,17.0
base,last_week,2018-06-11,2018-06-25,3,SP,health_beauty,North,10.0
base,last_week,2018-06-11,2018-06-25,3,SP,health_beauty,Northeast,16.0
base,last_week,2018-06-11,2018-06-25,3,SP,health_beauty,Southeast,153.0
base,last_week,2018-06-11,2018-07-02,4,SP,health_beauty,Central-West,17.0
base,last_week,2018-06-11,2018-07-02,4,SP,health_beauty,North,10.0
base,last_week,2018-06-11,2018-07-02,4,SP,health_beauty,Northeast,16.0
base,last_week,2018-06-11,2018-07-02,4,SP,health_beauty,Southeast,153.0
base,last_week,2018-06-11,2018-06-11,1,SP,housewares,Southeast,127.0
base,last_week,2018-06-11,2018-06-18,2,SP,housewares,Central-West,13.0
base,last_week,2018-06-11,2018-06-18,2,SP,housewares,North,1.0
base,last_week,2018-06-11,2018-06-18,2,SP,housewares,South,3.0
base,last_week,2018-06-11,2018-06-18,2,SP,housewares,Southeast,141.0
base,last_week,2018-06-11,2018-06-25,3,SP,housewares,Central-West,13.0
base,last_week,2018-06-11,2018-06-25,3,SP,housewares,North,1.0
base,last_week,2018-06-11,2018-06-25,3,SP,housewares,South,3.0
base,last_week,2018-06-11,2018-06-25,3,SP,housewares,Southeast,141.0
base,last_week,2018-06-11,2018-07-02,4,SP,housewares,Central-West,13.0
base,last_week,2018-06-11,2018-07-02,4,SP,housewares,North,1.0
base,last_week,2018-06-11,2018-07-02,4,SP,housewares,South,3.0
base,last_week,2018-06-11,2018-07-02,4,SP,housewares,Southeast,141.0
base,last_week,2018-06-11,2018-06-11,1,SP,sports_leisure,Central-West,4.0
base,last_week,2018-06-11,2018-06-11,1,SP,sports_leisure,Northeast,4.0
base,last_week,2018-06-11,2018-06-11,1,SP,sports_leisure,Southeast,61.0
base,last_week,2018-06-11,2018-06-18,2,SP,sports_leisure,Southeast,61.0
base,last_week,2018-06-11,2018-06-25,3,SP,sports_leisure,Southeast,61.0
base,last_week,2018-06-11,2018-07-02,4,SP,sports_leisure,Southeast,61.0
base,last_week,2018-06-11,2018-06-11,1,SP,telephony,Central-West,4.0
base,last_week,2018-06-11,2018-06-11,1,SP,telephony,Northeast,5.0
base,last_week,2018-06-11,2018-06-11,1,SP,telephony,South,5.0
base,last_week,2018-06-11,2018-06-11,1,SP,telephony,Southeast,32.0
base,last_week,2018-06-11,2018-06-18,2,SP,telephony,Central-West,4.0
base,last_week,2018-06-11,2018-06-18,2,SP,telephony,Northeast,5.0
base,last_week,2018-06-11,2018-06-18,2,SP,telephony,Southeast,32.0
base,last_week,2018-06-11,2018-06-25,3,SP,telephony,Central-West,4.0
base,last_week,2018-06-11,2018-06-25,3,SP,telephony,Northeast,5.0
base,last_week,2018-06-11,2018-06-25,3,SP,telephony,South,4.0
base,last_week,2018-06-11,2018-06-25,3,SP,telephony,Southeast,32.0
base,last_week,2018-06-11,2018-07-02,4,SP,telephony,Central-West,4.0
base,last_week,2018-06-11,2018-07-02,4,SP,telephony,Northeast,5.0
base,last_week,2018-06-11,2018-07-02,4,SP,telephony,South,4.0
base,last_week,2018-06-11,2018-07-02,4,SP,telephony,Southeast,32.0
base,last_week,2018-06-11,2018-06-11,1,SP,watches_gifts,Central-West,7.0
base,last_week,2018-06-11,2018-06-11,1,SP,watches_gifts,North,2.0
base,last_week,2018-06-11,2018-06-11,1,SP,watches_gifts,Northeast,18.0
base,last_week,2018-06-11,2018-06-11,1,SP,watches_gifts,Southeast,82.0
base,last_week,2018-06-11,2018-06-18,2,SP,watches_gifts,Central-West,6.0
base,last_week,2018-06-11,2018-06-18,2,SP,watches_gifts,North,2.0
base,last_week,2018-06-11,2018-06-18,2,SP,watches_gifts,Northeast,18.0
base,last_week,2018-06-11,2018-06-18,2,SP,watches_gifts,Southeast,82.0
base,last_week,2018-06-11,2018-06-25,3,SP,watches_gifts,Central-West,7.0
base,last_week,2018-06-11,2018-06-25,3,SP,watches_gifts,North,2.0
base,last_week,2018-06-11,2018-06-25,3,SP,watches_gifts,Northeast,18.0
base,last_week,2018-06-11,2018-06-25,3,SP,watches_gifts,Southeast,82.0
base,last_week,2018-06-11,2018-07-02,4,SP,watches_gifts,Central-West,7.0
base,last_week,2018-06-11,2018-07-02,4,SP,watches_gifts,North,2.0
base,last_week,2018-06-11,2018-07-02,4,SP,watches_gifts,Northeast,18.0
base,last_week,2018-06-11,2018-07-02,4,SP,watches_gifts,Southeast,82.0
base,last_week,2018-06-18,2018-06-18,1,MG,bed_bath_table,Central-West,1.0
base,last_week,2018-06-18,2018-06-18,1,MG,bed_bath_table,Northeast,13.0
base,last_week,2018-06-18,2018-06-25,2,MG,bed_bath_table,Central-West,1.0
base,last_week,2018-06-18,2018-06-25,2,MG,bed_bath_table,Northeast,13.0
base,last_week,2018-06-18,2018-07-02,3,MG,bed_bath_table,Central-West,1.0
base,last_week,2018-06-18,2018-07-02,3,MG,bed_bath_table,Northeast,13.0
base,last_week,2018-06-18,2018-07-09,4,MG,bed_bath_table,Central-West,1.0
base,last_week,2018-06-18,2018-07-09,4,MG,bed_bath_table,Northeast,13.0
base,last_week,2018-06-18,2018-06-18,1,MG,computers_accessories,Northeast,13.0
base,last_week,2018-06-18,2018-06-25,2,MG,computers_accessories,Northeast,13.0
base,last_week,2018-06-18,2018-07-02,3,MG,computers_accessories,Northeast,13.0
base,last_week,2018-06-18,2018-07-09,4,MG,computers_accessories,Northeast,13.0
base,last_week,2018-06-18,2018-06-18,1,MG,furniture_decor,Central-West,10.0
base,last_week,2018-06-18,2018-06-18,1,MG,furniture_decor,Northeast,4.0
base,last_week,2018-06-18,2018-06-18,1,MG,furniture_decor,Southeast,10.0
base,last_week,2018-06-18,2018-06-25,2,MG,furniture_decor,Central-West,10.0
base,last_week,2018-06-18,2018-06-25,2,MG,furniture_decor,Northeast,4.0
base,last_week,2018-06-18,2018-07-02,3,MG,furniture_decor,Central-West,10.0
base,last_week,2018-06-18,2018-07-02,3,MG,furniture_decor,Northeast,4.0
base,last_week,2018-06-18,2018-07-09,4,MG,furniture_decor,Central-West,10.0
base,last_week,2018-06-18,2018-07-09,4,MG,furniture_decor,Northeast,4.0
base,last_week,2018-06-18,2018-06-18,1,MG,garden_tools,Southeast,14.0
base,last_week,2018-06-18,2018-06-18,1,MG,health_beauty,Northeast,14.0
base,last_week,2018-06-18,2018-06-25,2,MG,health_beauty,Northeast,14.0
base,last_week,2018-06-18,2018-07-02,3,MG,health_beauty,Northeast,14.0
base,last_week,2018-06-18,2018-07-09,4,MG,health_beauty,Northeast,14.0
base,last_week,2018-06-18,2018-06-18,1,MG,sports_leisure,Northeast,12.0
base,last_week,2018-06-18,2018-06-25,2,MG,sports_leisure,Northeast,14.0
base,last_week,2018-06-18,2018-07-02,3,MG,sports_leisure,Northeast,14.0
base,last_week,2018-06-18,2018-07-09,4,MG,sports_leisure,Northeast,14.0
base,last_week,2018-06-18,2018-06-18,1,MG,telephony,Central-West,1.0
base,last_week,2018-06-18,2018-06-18,1,MG,telephony,Northeast,4.0
base,last_week,2018-06-18,2018-06-25,2,MG,telephony,Northeast,5.0
base,last_week,2018-06-18,2018-07-02,3,MG,telephony,Northeast,5.0
base,last_week,2018-06-18,2018-07-09,4,MG,telephony,Northeast,5.0
base,last_week,2018-06-18,2018-06-18,1,PR,auto,South,3.0
base,last_week,2018-06-18,2018-06-25,2,PR,auto,South,13.0
base,last_week,2018-06-18,2018-07-02,3,PR,auto,South,8.0
base,last_week,2018-06-18,2018-07-09,4,PR,auto,South,8.0
base,last_week,2018-06-18,2018-06-18,1,PR,furniture_decor,South,21.0
base,last_week,2018-06-18,2018-06-25,2,PR,furniture_decor,South,18.0
base,last_week,2018-06-18,2018-07-02,3,PR,furniture_decor,South,18.0
base,last_week,2018-06-18,2018-07-09,4,PR,furniture_decor,South,18.0
base,last_week,2018-06-18,2018-06-18,1,PR,garden_tools,South,3.0
base,last_week,2018-06-18,2018-06-18,1,PR,health_beauty,South,14.0
base,last_week,2018-06-18,2018-06-25,2,PR,health_beauty,South,15.0
base,last_week,2018-06-18,2018-07-02,3,PR,health_beauty,South,15.0
base,last_week,2018-06-18,2018-07-09,4,PR,health_beauty,South,15.0
base,last_week,2018-06-18,2018-06-18,1,PR,housewares,South,17.0
base,last_week,2018-06-18,2018-06-25,2,PR,housewares,South,17.0
base,last_week,2018-06-18,2018-07-02,3,PR,housewares,South,17.0
base,last_week,2018-06-18,2018-07-09,4,PR,housewares,South,17.0
base,last_week,2018-06-18,2018-06-18,1,PR,sports_leisure,South,18.0
base,last_week,2018-06-18,2018-06-18,1,PR,sports_leisure,Southeast,5.0
base,last_week,2018-06-18,2018-06-25,2,PR,sports_leisure,South,3.0
base,last_week,2018-06-18,2018-07-02,3,PR,sports_leisure,South,3.0
base,last_week,2018-06-18,2018-07-09,4,PR,sports_leisure,South,3.0
base,last_week,2018-06-18,2018-06-18,1,PR,telephony,Central-West,2.0
base,last_week,2018-06-18,2018-06-18,1,PR,watches_gifts,North,4.0
base,last_week,2018-06-18,2018-06-18,1,PR,watches_gifts,South,4.0
base,last_week,2018-06-18,2018-06-25,2,PR,watches_gifts,South,8.0
base,last_week,2018-06-18,2018-07-02,3,PR,watches_gifts,South,8.0
base,last_week,2018-06-18,2018-07-09,4,PR,watches_gifts,South,8.0
base,last_week,2018-06-18,2018-06-18,1,RJ,auto,Central-West,4.0
base,last_week,2018-06-18,2018-06-18,1,RJ,auto,Northeast,2.0
base,last_week,2018-06-18,2018-06-25,2,RJ,auto,Central-West,4.0
base,last_week,2018-06-18,2018-06-25,2,RJ,auto,Northeast,2.0
base,last_week,2018-06-18,2018-07-02,3,RJ,auto,Central-West,4.0
base,last_week,2018-06-18,2018-07-02,3,RJ,auto,Northeast,2.0
base,last_week,2018-06-18,2018-07-09,4,RJ,auto,Central-West,4.0
base,last_week,2018-06-18,2018-07-09,4,RJ,auto,Northeast,2.0
base,last_week,2018-06-18,2018-06-25,2,RJ,bed_bath_table,South,8.0
base,last_week,2018-06-18,2018-07-02,3,RJ,bed_bath_table,South,12.0
base,last_week,2018-06-18,2018-07-09,4,RJ,bed_bath_table,South,10.0
base,last_week,2018-06-18,2018-06-18,1,RJ,furniture_decor,Northeast,5.0
base,last_week,2018-06-18,2018-06-25,2,RJ,furniture_decor,Northeast,5.0
base,last_week,2018-06-18,2018-07-02,3,RJ,furniture_decor,Northeast,5.0
base,last_week,2018-06-18,2018-07-09,4,RJ,furniture_decor,Northeast,5.0
base,last_week,2018-06-18,2018-06-18,1,RJ,garden_tools,Northeast,4.0
base,last_week,2018-06-18,2018-06-25,2,RJ,garden_tools,Northeast,7.0
base,last_week,2018-06-18,2018-07-02,3,RJ,garden_tools,Northeast,4.0
base,last_week,2018-06-18,2018-07-09,4,RJ,garden_tools,Northeast,4.0
base,last_week,2018-06-18,2018-06-25,2,RJ,health_beauty,Central-West,16.0
base,last_week,2018-06-18,2018-06-25,2,RJ,health_beauty,Southeast,7.0
base,last_week,2018-06-18,2018-07-02,3,RJ,health_beauty,Central-West,16.0
base,last_week,2018-06-18,2018-07-02,3,RJ,health_beauty,Southeast,7.0
base,last_week,2018-06-18,2018-07-09,4,RJ,health_beauty,Central-West,16.0
base,last_week,2018-06-18,2018-07-09,4,RJ,health_beauty,Southeast,7.0
base,last_week,2018-06-18,2018-06-18,1,RJ,housewares,Northeast,8.0
base,last_week,2018-06-18,2018-06-25,2,RJ,housewares,Northeast,8.0
base,last_week,2018-06-18,2018-07-02,3,RJ,housewares,Northeast,8.0
base,last_week,2018-06-18,2018-07-09,4,RJ,housewares,Northeast,8.0
base,last_week,2018-06-18,2018-06-18,1,RJ,sports_leisure,Central-West,5.0
base,last_week,2018-06-18,2018-06-18,1,RJ,sports_leisure,North,2.0
base,last_week,2018-06-18,2018-06-18,1,RJ,sports_leisure,Northeast,2.0
base,last_week,2018-06-18,2018-06-18,1,RJ,sports_leisure,Southeast,7.0
base,last_week,2018-06-18,2018-06-25,2,RJ,sports_leisure,Central-West,5.0
base,last_week,2018-06-18,2018-06-25,2,RJ,sports_leisure,North,4.0
base,last_week,2018-06-18,2018-07-02,3,RJ,sports_leisure,Central-West,5.0
base,last_week,2018-06-18,2018-07-02,3,RJ,sports_leisure,North,4.0
base,last_week,2018-06-18,2018-07-09,4,RJ,sports_leisure,Central-West,5.0
base,last_week,2018-06-18,2018-07-09,4,RJ,sports_leisure,North,4.0
base,last_week,2018-06-18,2018-06-18,1,RJ,telephony,North,1.0
base,last_week,2018-06-18,2018-06-18,1,RJ,telephony,Northeast,8.0
base,last_week,2018-06-18,2018-06-25,2,RJ,telephony,North,1.0
base,last_week,2018-06-18,2018-06-25,2,RJ,telephony,Northeast,5.0
base,last_week,2018-06-18,2018-07-02,3,RJ,telephony,North,1.0
base,last_week,2018-06-18,2018-07-02,3,RJ,telephony,Northeast,5.0
base,last_week,2018-06-18,2018-07-09,4,RJ,telephony,North,1.0
base,last_week,2018-06-18,2018-07-09,4,RJ,telephony,Northeast,5.0
base,last_week,2018-06-18,2018-06-18,1,RS,auto,North,1.0
base,last_week,2018-06-18,2018-06-18,1,RS,auto,South,2.0
base,last_week,2018-06-18,2018-06-25,2,RS,auto,North,1.0
base,last_week,2018-06-18,2018-06-25,2,RS,auto,South,2.0
base,last_week,2018-06-18,2018-07-02,3,RS,auto,North,1.0
base,last_week,2018-06-18,2018-07-02,3,RS,auto,South,2.0
base,last_week,2018-06-18,2018-07-09,4,RS,auto,North,1.0
base,last_week,2018-06-18,2018-07-09,4,RS,auto,South,2.0
base,last_week,2018-06-18,2018-06-18,1,RS,bed_bath_table,North,1.0
base,last_week,2018-06-18,2018-06-18,1,RS,bed_bath_table,South,2.0
base,last_week,2018-06-18,2018-06-25,2,RS,bed_bath_table,North,1.0
base,last_week,2018-06-18,2018-06-25,2,RS,bed_bath_table,South,8.0
base,last_week,2018-06-18,2018-07-02,3,RS,bed_bath_table,North,1.0
base,last_week,2018-06-18,2018-07-02,3,RS,bed_bath_table,South,4.0
base,last_week,2018-06-18,2018-07-09,4,RS,bed_bath_table,North,1.0
base,last_week,2018-06-18,2018-07-09,4,RS,bed_bath_table,South,6.0
base,last_week,2018-06-18,2018-06-18,1,RS,computers_accessories,South,8.0
base,last_week,2018-06-18,2018-06-25,2,RS,computers_accessories,South,8.0
base,last_week,2018-06-18,2018-07-02,3,RS,computers_accessories,South,8.0
base,last_week,2018-06-18,2018-07-09,4,RS,computers_accessories,South,8.0
base,last_week,2018-06-18,2018-06-18,1,RS,furniture_decor,North,2.0
base,last_week,2018-06-18,2018-06-18,1,RS,furniture_decor,South,3.0
base,last_week,2018-06-18,2018-06-25,2,RS,furniture_decor,North,2.0
base,last_week,2018-06-18,2018-06-25,2,RS,furniture_decor,South,3.0
base,last_week,2018-06-18,2018-07-02,3,RS,furniture_decor,North,2.0
base,last_week,2018-06-18,2018-07-02,3,RS,furniture_decor,South,3.0
base,last_week,2018-06-18,2018-07-09,4,RS,furniture_decor,North,2.0
base,last_week,2018-06-18,2018-07-09,4,RS,furniture_decor,South,3.0
base,last_week,2018-06-18,2018-06-18,1,RS,garden_tools,North,2.0
base,last_week,2018-06-18,2018-06-25,2,RS,garden_tools,North,4.0
base,last_week,2018-06-18,2018-07-02,3,RS,garden_tools,North,4.0
base,last_week,2018-06-18,2018-07-09,4,RS,garden_tools,North,4.0
base,last_week,2018-06-18,2018-06-18,1,RS,health_beauty,South,8.0
base,last_week,2018-06-18,2018-06-25,2,RS,health_beauty,South,8.0
base,last_week,2018-06-18,2018-07-02,3,RS,health_beauty,South,8.0
base,last_week,2018-06-18,2018-07-09,4,RS,health_beauty,South,8.0
base,last_week,2018-06-18,2018-06-18,1,RS,housewares,South,7.0
base,last_week,2018-06-18,2018-06-25,2,RS,housewares,South,7.0
base,last_week,2018-06-18,2018-07-02,3,RS,housewares,South,7.0
base,last_week,2018-06-18,2018-07-09,4,RS,housewares,South,7.0
base,last_week,2018-06-18,2018-06-18,1,RS,telephony,South,5.0
base,last_week,2018-06-18,2018-06-25,2,RS,telephony,South,5.0
base,last_week,2018-06-18,2018-07-02,3,RS,telephony,South,5.0
base,last_week,2018-06-18,2018-07-09,4,RS,telephony,South,5.0
base,last_week,2018-06-18,2018-06-25,2,RS,watches_gifts,South,3.0
base,last_week,2018-06-18,2018-07-02,3,RS,watches_gifts,South,3.0
base,last_week,2018-06-18,2018-07-09,4,RS,watches_gifts,South,3.0
base,last_week,2018-06-18,2018-06-18,1,SC,bed_bath_table,South,14.0
base,last_week,2018-06-18,2018-06-18,1,SC,computers_accessories,South,9.0
base,last_week,2018-06-18,2018-06-25,2,SC,computers_accessories,South,9.0
base,last_week,2018-06-18,2018-07-02,3,SC,computers_accessories,South,9.0
base,last_week,2018-06-18,2018-07-09,4,SC,computers_accessories,South,9.0
base,last_week,2018-06-18,2018-06-18,1,SC,furniture_decor,Southeast,6.0
base,last_week,2018-06-18,2018-06-25,2,SC,furniture_decor,South,6.0
base,last_week,2018-06-18,2018-07-02,3,SC,furniture_decor,South,6.0
base,last_week,2018-06-18,2018-07-09,4,SC,furniture_decor,South,6.0
base,last_week,2018-06-18,2018-06-18,1,SC,garden_tools,Central-West,3.0
base,last_week,2018-06-18,2018-06-18,1,SC,garden_tools,South,5.0
base,last_week,2018-06-18,2018-06-25,2,SC,garden_tools,Central-West,3.0
base,last_week,2018-06-18,2018-06-25,2,SC,garden_tools,South,5.0
base,last_week,2018-06-18,2018-07-02,3,SC,garden_tools,Central-West,3.0
base,last_week,2018-06-18,2018-07-02,3,SC,garden_tools,South,5.0
base,last_week,2018-06-18,2018-07-09,4,SC,garden_tools,Central-West,3.0
base,last_week,2018-06-18,2018-07-09,4,SC,garden_tools,South,5.0
base,last_week,2018-06-18,2018-06-18,1,SC,sports_leisure,South,3.0
base,last_week,2018-06-18,2018-06-25,2,SC,sports_leisure,South,18.0
base,last_week,2018-06-18,2018-07-02,3,SC,sports_leisure,South,18.0
base,last_week,2018-06-18,2018-07-09,4,SC,sports_leisure,South,18.0
base,last_week,2018-06-18,2018-06-18,1,SC,telephony,South,1.0
base,last_week,2018-06-18,2018-06-18,1,SC,watches_gifts,South,5.0
base,last_week,2018-06-18,2018-06-25,2,SC,watches_gifts,South,9.0
base,last_week,2018-06-18,2018-07-02,3,SC,watches_gifts,South,9.0
base,last_week,2018-06-18,2018-07-09,4,SC,watches_gifts,South,9.0
base,last_week,2018-06-18,2018-06-18,1,SP,auto,Northeast,6.0
base,last_week,2018-06-18,2018-06-18,1,SP,auto,South,10.0
base,last_week,2018-06-18,2018-06-18,1,SP,auto,Southeast,48.0
base,last_week,2018-06-18,2018-06-25,2,SP,auto,Northeast,6.0
base,last_week,2018-06-18,2018-06-25,2,SP,auto,Southeast,48.0
base,last_week,2018-06-18,2018-07-02,3,SP,auto,Northeast,6.0
base,last_week,2018-06-18,2018-07-02,3,SP,auto,South,5.0
base,last_week,2018-06-18,2018-07-02,3,SP,auto,Southeast,48.0
base,last_week,2018-06-18,2018-07-09,4,SP,auto,Northeast,6.0
base,last_week,2018-06-18,2018-07-09,4,SP,auto,South,5.0
base,last_week,2018-06-18,2018-07-09,4,SP,auto,Southeast,48.0
base,last_week,2018-06-18,2018-06-18,1,SP,bed_bath_table,Central-West,3.0
base,last_week,2018-06-18,2018-06-18,1,SP,bed_bath_table,Southeast,177.0
base,last_week,2018-06-18,2018-06-25,2,SP,bed_bath_table,Central-West,3.0
base,last_week,2018-06-18,2018-06-25,2,SP,bed_bath_table,Southeast,177.0
base,last_week,2018-06-18,2018-07-02,3,SP,bed_bath_table,Central-West,3.0
base,last_week,2018-06-18,2018-07-02,3,SP,bed_bath_table,Southeast,177.0
base,last_week,2018-06-18,2018-07-09,4,SP,bed_bath_table,Central-West,3.0
base,last_week,2018-06-18,2018-07-09,4,SP,bed_bath_table,Southeast,177.0
base,last_week,2018-06-18,2018-06-18,1,SP,computers_accessories,Central-West,8.0
base,last_week,2018-06-18,2018-06-18,1,SP,computers_accessories,North,4.0
base,last_week,2018-06-18,2018-06-18,1,SP,computers_accessories,Southeast,66.0
base,last_week,2018-06-18,2018-06-25,2,SP,computers_accessories,Central-West,8.0
base,last_week,2018-06-18,2018-06-25,2,SP,computers_accessories,North,4.0
base,last_week,2018-06-18,2018-06-25,2,SP,computers_accessories,Southeast,66.0
base,last_week,2018-06-18,2018-07-02,3,SP,computers_accessories,Central-West,8.0
base,last_week,2018-06-18,2018-07-02,3,SP,computers_accessories,North,4.0
base,last_week,2018-06-18,2018-07-02,3,SP,computers_accessories,Southeast,66.0
base,last_week,2018-06-18,2018-07-09,4,SP,computers_accessories,Central-West,8.0
base,last_week,2018-06-18,2018-07-09,4,SP,computers_accessories,North,4.0
base,last_week,2018-06-18,2018-07-09,4,SP,computers_accessories,Southeast,66.0
base,last_week,2018-06-18,2018-06-18,1,SP,furniture_decor,Southeast,51.0
base,last_week,2018-06-18,2018-06-25,2,SP,furniture_decor,Southeast,81.0
base,last_week,2018-06-18,2018-07-02,3,SP,furniture_decor,Southeast,81.0
base,last_week,2018-06-18,2018-07-09,4,SP,furniture_decor,Southeast,81.0
base,last_week,2018-06-18,2018-06-18,1,SP,garden_tools,North,2.0
base,last_week,2018-06-18,2018-06-18,1,SP,garden_tools,Northeast,3.0
base,last_week,2018-06-18,2018-06-18,1,SP,garden_tools,Southeast,26.0
base,last_week,2018-06-18,2018-06-25,2,SP,garden_tools,South,3.0
base,last_week,2018-06-18,2018-06-25,2,SP,garden_tools,Southeast,40.0
base,last_week,2018-06-18,2018-07-02,3,SP,garden_tools,Northeast,3.0
base,last_week,2018-06-18,2018-07-02,3,SP,garden_tools,South,3.0
base,last_week,2018-06-18,2018-07-02,3,SP,garden_tools,Southeast,40.0
base,last_week,2018-06-18,2018-07-09,4,SP,garden_tools,Northeast,3.0
base,last_week,2018-06-18,2018-07-09,4,SP,garden_tools,South,3.0
base,last_week,2018-06-18,2018-07-09,4,SP,garden_tools,Southeast,40.0
base,last_week,2018-06-18,2018-06-18,1,SP,health_beauty,Central-West,8.0
base,last_week,2018-06-18,2018-06-18,1,SP,health_beauty,North,1.0
base,last_week,2018-06-18,2018-06-18,1,SP,health_beauty,Northeast,1.0
base,last_week,2018-06-18,2018-06-18,1,SP,health_beauty,Southeast,186.0
base,last_week,2018-06-18,2018-06-25,2,SP,health_beauty,North,5.0
base,last_week,2018-06-18,2018-06-25,2,SP,health_beauty,Northeast,14.0
base,last_week,2018-06-18,2018-06-25,2,SP,health_beauty,Southeast,179.0
base,last_week,2018-06-18,2018-07-02,3,SP,health_beauty,North,5.0
base,last_week,2018-06-18,2018-07-02,3,SP,health_beauty,Northeast,14.0
base,last_week,2018-06-18,2018-07-02,3,SP,health_beauty,Southeast,179.0
base,last_week,2018-06-18,2018-07-09,4,SP,health_beauty,North,5.0
base,last_week,2018-06-18,2018-07-09,4,SP,health_beauty,Northeast,14.0
base,last_week,2018-06-18,2018-07-09,4,SP,health_beauty,Southeast,179.0
base,last_week,2018-06-18,2018-06-18,1,SP,housewares,Central-West,11.0
base,last_week,2018-06-18,2018-06-18,1,SP,housewares,North,4.0
base,last_week,2018-06-18,2018-06-18,1,SP,housewares,Northeast,1.0
base,last_week,2018-06-18,2018-06-18,1,SP,housewares,Southeast,112.0
base,last_week,2018-06-18,2018-06-25,2,SP,housewares,Central-West,11.0
base,last_week,2018-06-18,2018-06-25,2,SP,housewares,North,4.0
base,last_week,2018-06-18,2018-06-25,2,SP,housewares,Northeast,1.0
base,last_week,2018-06-18,2018-06-25,2,SP,housewares,Southeast,112.0
base,last_week,2018-06-18,2018-07-02,3,SP,housewares,Central-West,11.0
base,last_week,2018-06-18,2018-07-02,3,SP,housewares,North,4.0
base,last_week,2018-06-18,2018-07-02,3,SP,housewares,Northeast,1.0
base,last_week,2018-06-18,2018-07-02,3,SP,housewares,Southeast,112.0
base,last_week,2018-06-18,2018-07-09,4,SP,housewares,Central-West,11.0
base,last_week,2018-06-18,2018-07-09,4,SP,housewares,North,4.0
base,last_week,2018-06-18,2018-07-09,4,SP,housewares,Northeast,1.0
base,last_week,2018-06-18,2018-07-09,4,SP,housewares,Southeast,112.0
base,last_week,2018-06-18,2018-06-18,1,SP,sports_leisure,Southeast,53.0
base,last_week,2018-06-18,2018-06-25,2,SP,sports_leisure,Southeast,93.0
base,last_week,2018-06-18,2018-07-02,3,SP,sports_leisure,Southeast,93.0
base,last_week,2018-06-18,2018-07-09,4,SP,sports_leisure,Southeast,93.0
base,last_week,2018-06-18,2018-06-18,1,SP,telephony,Central-West,4.0
base,last_week,2018-06-18,2018-06-18,1,SP,telephony,Southeast,34.0
base,last_week,2018-06-18,2018-06-25,2,SP,telephony,Central-West,7.0
base,last_week,2018-06-18,2018-06-25,2,SP,telephony,Northeast,2.0
base,last_week,2018-06-18,2018-06-25,2,SP,telephony,South,4.0
base,last_week,2018-06-18,2018-06-25,2,SP,telephony,Southeast,49.0
base,last_week,2018-06-18,2018-07-02,3,SP,telephony,Central-West,7.0
base,last_week,2018-06-18,2018-07-02,3,SP,telephony,Northeast,2.0
base,last_week,2018-06-18,2018-07-02,3,SP,telephony,South,4.0
base,last_week,2018-06-18,2018-07-02,3,SP,telephony,Southeast,49.0
base,last_week,2018-06-18,2018-07-09,4,SP,telephony,Central-West,7.0
base,last_week,2018-06-18,2018-07-09,4,SP,telephony,Northeast,2.0
base,last_week,2018-06-18,2018-07-09,4,SP,telephony,South,4.0
base,last_week,2018-06-18,2018-07-09,4,SP,telephony,Southeast,49.0
base,last_week,2018-06-18,2018-06-18,1,SP,watches_gifts,Central-West,11.0
base,last_week,2018-06-18,2018-06-18,1,SP,watches_gifts,Northeast,22.0
base,last_week,2018-06-18,2018-06-18,1,SP,watches_gifts,Southeast,71.0
base,last_week,2018-06-18,2018-06-25,2,SP,watches_gifts,Central-West,11.0
base,last_week,2018-06-18,2018-06-25,2,SP,watches_gifts,North,4.0
base,last_week,2018-06-18,2018-06-25,2,SP,watches_gifts,Northeast,22.0
base,last_week,2018-06-18,2018-06-25,2,SP,watches_gifts,Southeast,110.0
base,last_week,2018-06-18,2018-07-02,3,SP,watches_gifts,Central-West,11.0
base,last_week,2018-06-18,2018-07-02,3,SP,watches_gifts,North,4.0
base,last_week,2018-06-18,2018-07-02,3,SP,watches_gifts,Northeast,22.0
base,last_week,2018-06-18,2018-07-02,3,SP,watches_gifts,Southeast,110.0
base,last_week,2018-06-18,2018-07-09,4,SP,watches_gifts,Central-West,11.0
base,last_week,2018-06-18,2018-07-09,4,SP,watches_gifts,North,4.0
base,last_week,2018-06-18,2018-07-09,4,SP,watches_gifts,Northeast,22.0
base,last_week,2018-06-18,2018-07-09,4,SP,watches_gifts,Southeast,110.0
base,last_week,2018-06-25,2018-06-25,1,MG,bed_bath_table,Central-West,8.0
base,last_week,2018-06-25,2018-06-25,1,MG,bed_bath_table,Northeast,5.0
base,last_week,2018-06-25,2018-07-02,2,MG,bed_bath_table,Central-West,8.0
base,last_week,2018-06-25,2018-07-02,2,MG,bed_bath_table,Northeast,5.0
base,last_week,2018-06-25,2018-07-09,3,MG,bed_bath_table,Central-West,8.0
base,last_week,2018-06-25,2018-07-09,3,MG,bed_bath_table,Northeast,5.0
base,last_week,2018-06-25,2018-07-16,4,MG,bed_bath_table,Central-West,8.0
base,last_week,2018-06-25,2018-07-16,4,MG,bed_bath_table,Northeast,5.0
base,last_week,2018-06-25,2018-06-25,1,MG,computers_accessories,Northeast,11.0
base,last_week,2018-06-25,2018-06-25,1,MG,computers_accessories,Southeast,6.0
base,last_week,2018-06-25,2018-07-02,2,MG,computers_accessories,Northeast,12.0
base,last_week,2018-06-25,2018-07-09,3,MG,computers_accessories,Northeast,12.0
base,last_week,2018-06-25,2018-07-16,4,MG,computers_accessories,Northeast,12.0
base,last_week,2018-06-25,2018-06-25,1,MG,furniture_decor,Central-West,8.0
base,last_week,2018-06-25,2018-06-25,1,MG,furniture_decor,Northeast,11.0
base,last_week,2018-06-25,2018-07-02,2,MG,furniture_decor,Central-West,8.0
base,last_week,2018-06-25,2018-07-02,2,MG,furniture_decor,Northeast,1.0
base,last_week,2018-06-25,2018-07-09,3,MG,furniture_decor,Central-West,8.0
base,last_week,2018-06-25,2018-07-09,3,MG,furniture_decor,Northeast,6.0
base,last_week,2018-06-25,2018-07-16,4,MG,furniture_decor,Central-West,8.0
base,last_week,2018-06-25,2018-07-16,4,MG,furniture_decor,Northeast,6.0
base,last_week,2018-06-25,2018-06-25,1,MG,garden_tools,Southeast,14.0
base,last_week,2018-06-25,2018-06-25,1,MG,health_beauty,Northeast,13.0
base,last_week,2018-06-25,2018-07-02,2,MG,health_beauty,Northeast,15.0
base,last_week,2018-06-25,2018-07-09,3,MG,health_beauty,Northeast,14.0
base,last_week,2018-06-25,2018-07-16,4,MG,health_beauty,Northeast,14.0
base,last_week,2018-06-25,2018-06-25,1,MG,sports_leisure,Central-West,2.0
base,last_week,2018-06-25,2018-06-25,1,MG,sports_leisure,Northeast,12.0
base,last_week,2018-06-25,2018-07-02,2,MG,sports_leisure,Northeast,12.0
base,last_week,2018-06-25,2018-07-09,3,MG,sports_leisure,Northeast,12.0
base,last_week,2018-06-25,2018-07-16,4,MG,sports_leisure,Northeast,12.0
base,last_week,2018-06-25,2018-06-25,1,MG,telephony,Northeast,5.0
base,last_week,2018-06-25,2018-07-02,2,MG,telephony,Northeast,5.0
base,last_week,2018-06-25,2018-07-09,3,MG,telephony,Northeast,5.0
base,last_week,2018-06-25,2018-07-16,4,MG,telephony,Northeast,5.0
base,last_week,2018-06-25,2018-06-25,1,PR,auto,South,8.0
base,last_week,2018-06-25,2018-07-02,2,PR,auto,South,8.0
base,last_week,2018-06-25,2018-07-09,3,PR,auto,South,8.0
base,last_week,2018-06-25,2018-07-16,4,PR,auto,South,8.0
base,last_week,2018-06-25,2018-06-25,1,PR,furniture_decor,South,23.0
base,last_week,2018-06-25,2018-07-02,2,PR,furniture_decor,South,17.0
base,last_week,2018-06-25,2018-07-09,3,PR,furniture_decor,South,20.0
base,last_week,2018-06-25,2018-07-16,4,PR,furniture_decor,South,20.0
base,last_week,2018-06-25,2018-07-02,2,PR,garden_tools,South,3.0
base,last_week,2018-06-25,2018-06-25,1,PR,health_beauty,South,15.0
base,last_week,2018-06-25,2018-07-02,2,PR,health_beauty,South,20.0
base,last_week,2018-06-25,2018-07-09,3,PR,health_beauty,South,20.0
base,last_week,2018-06-25,2018-07-16,4,PR,health_beauty,South,20.0
base,last_week,2018-06-25,2018-06-25,1,PR,housewares,South,18.0
base,last_week,2018-06-25,2018-07-02,2,PR,housewares,South,4.0
base,last_week,2018-06-25,2018-07-09,3,PR,housewares,South,17.0
base,last_week,2018-06-25,2018-07-16,4,PR,housewares,South,17.0
base,last_week,2018-06-25,2018-07-02,2,PR,sports_leisure,South,3.0
base,last_week,2018-06-25,2018-06-25,1,PR,watches_gifts,South,7.0
base,last_week,2018-06-25,2018-07-02,2,PR,watches_gifts,South,9.0
base,last_week,2018-06-25,2018-07-09,3,PR,watches_gifts,South,8.0
base,last_week,2018-06-25,2018-07-16,4,PR,watches_gifts,South,8.0
base,last_week,2018-06-25,2018-06-25,1,RJ,auto,Central-West,6.0
base,last_week,2018-06-25,2018-07-02,2,RJ,auto,Central-West,6.0
base,last_week,2018-06-25,2018-07-09,3,RJ,auto,Central-West,6.0
base,last_week,2018-06-25,2018-07-16,4,RJ,auto,Central-West,6.0
base,last_week,2018-06-25,2018-07-02,2,RJ,bed_bath_table,South,10.0
base,last_week,2018-06-25,2018-07-09,3,RJ,bed_bath_table,South,10.0
base,last_week,2018-06-25,2018-07-16,4,RJ,bed_bath_table,South,10.0
base,last_week,2018-06-25,2018-07-02,2,RJ,furniture_decor,Northeast,10.0
base,last_week,2018-06-25,2018-07-09,3,RJ,furniture_decor,Northeast,5.0
base,last_week,2018-06-25,2018-07-16,4,RJ,furniture_decor,Northeast,5.0
base,last_week,2018-06-25,2018-06-25,1,RJ,garden_tools,Northeast,4.0
base,last_week,2018-06-25,2018-07-02,2,RJ,garden_tools,Northeast,4.0
base,last_week,2018-06-25,2018-07-09,3,RJ,garden_tools,Northeast,4.0
base,last_week,2018-06-25,2018-07-16,4,RJ,garden_tools,Northeast,4.0
base,last_week,2018-06-25,2018-06-25,1,RJ,health_beauty,Central-West,13.0
base,last_week,2018-06-25,2018-06-25,1,RJ,health_beauty,South,5.0
base,last_week,2018-06-25,2018-06-25,1,RJ,health_beauty,Southeast,5.0
base,last_week,2018-06-25,2018-07-02,2,RJ,health_beauty,Central-West,13.0
base,last_week,2018-06-25,2018-07-02,2,RJ,health_beauty,Southeast,8.0
base,last_week,2018-06-25,2018-07-09,3,RJ,health_beauty,Central-West,13.0
base,last_week,2018-06-25,2018-07-09,3,RJ,health_beauty,Southeast,9.0
base,last_week,2018-06-25,2018-07-16,4,RJ,health_beauty,Central-West,13.0
base,last_week,2018-06-25,2018-07-16,4,RJ,health_beauty,Southeast,9.0
base,last_week,2018-06-25,2018-06-25,1,RJ,housewares,Northeast,8.0
base,last_week,2018-06-25,2018-07-02,2,RJ,housewares,Northeast,8.0
base,last_week,2018-06-25,2018-07-09,3,RJ,housewares,Northeast,8.0
base,last_week,2018-06-25,2018-07-16,4,RJ,housewares,Northeast,8.0
base,last_week,2018-06-25,2018-06-25,1,RJ,sports_leisure,Central-West,6.0
base,last_week,2018-06-25,2018-06-25,1,RJ,sports_leisure,North,3.0
base,last_week,2018-06-25,2018-07-02,2,RJ,sports_leisure,Central-West,14.0
base,last_week,2018-06-25,2018-07-02,2,RJ,sports_leisure,North,3.0
base,last_week,2018-06-25,2018-07-09,3,RJ,sports_leisure,Central-West,14.0
base,last_week,2018-06-25,2018-07-09,3,RJ,sports_leisure,North,3.0
base,last_week,2018-06-25,2018-07-16,4,RJ,sports_leisure,Central-West,14.0
base,last_week,2018-06-25,2018-07-16,4,RJ,sports_leisure,North,3.0
base,last_week,2018-06-25,2018-06-25,1,RJ,telephony,North,1.0
base,last_week,2018-06-25,2018-06-25,1,RJ,telephony,Northeast,6.0
base,last_week,2018-06-25,2018-07-02,2,RJ,telephony,North,1.0
base,last_week,2018-06-25,2018-07-02,2,RJ,telephony,Northeast,5.0
base,last_week,2018-06-25,2018-07-09,3,RJ,telephony,North,1.0
base,last_week,2018-06-25,2018-07-09,3,RJ,telephony,Northeast,5.0
base,last_week,2018-06-25,2018-07-16,4,RJ,telephony,North,1.0
base,last_week,2018-06-25,2018-07-16,4,RJ,telephony,Northeast,5.0
base,last_week,2018-06-25,2018-06-25,1,RS,auto,South,3.0
base,last_week,2018-06-25,2018-07-02,2,RS,auto,North,1.0
base,last_week,2018-06-25,2018-07-02,2,RS,auto,South,2.0
base,last_week,2018-06-25,2018-07-09,3,RS,auto,North,1.0
base,last_week,2018-06-25,2018-07-09,3,RS,auto,South,2.0
base,last_week,2018-06-25,2018-07-16,4,RS,auto,North,1.0
base,last_week,2018-06-25,2018-07-16,4,RS,auto,South,2.0
base,last_week,2018-06-25,2018-06-25,1,RS,bed_bath_table,North,2.0
base,last_week,2018-06-25,2018-06-25,1,RS,bed_bath_table,South,4.0
base,last_week,2018-06-25,2018-07-02,2,RS,bed_bath_table,North,2.0
base,last_week,2018-06-25,2018-07-02,2,RS,bed_bath_table,South,4.0
base,last_week,2018-06-25,2018-07-09,3,RS,bed_bath_table,North,2.0
base,last_week,2018-06-25,2018-07-09,3,RS,bed_bath_table,South,4.0
base,last_week,2018-06-25,2018-07-16,4,RS,bed_bath_table,North,2.0
base,last_week,2018-06-25,2018-07-16,4,RS,bed_bath_table,South,4.0
base,last_week,2018-06-25,2018-06-25,1,RS,computers_accessories,South,8.0
base,last_week,2018-06-25,2018-07-02,2,RS,computers_accessories,South,14.0
base,last_week,2018-06-25,2018-07-09,3,RS,computers_accessories,South,14.0
base,last_week,2018-06-25,2018-07-16,4,RS,computers_accessories,South,14.0
base,last_week,2018-06-25,2018-06-25,1,RS,furniture_decor,North,2.0
base,last_week,2018-06-25,2018-07-02,2,RS,furniture_decor,North,2.0
base,last_week,2018-06-25,2018-07-02,2,RS,furniture_decor,South,6.0
base,last_week,2018-06-25,2018-07-09,3,RS,furniture_decor,North,2.0
base,last_week,2018-06-25,2018-07-09,3,RS,furniture_decor,South,3.0
base,last_week,2018-06-25,2018-07-16,4,RS,furniture_decor,North,2.0
base,last_week,2018-06-25,2018-07-16,4,RS,furniture_decor,South,3.0
base,last_week,2018-06-25,2018-06-25,1,RS,garden_tools,North,2.0
base,last_week,2018-06-25,2018-07-02,2,RS,garden_tools,North,2.0
base,last_week,2018-06-25,2018-07-09,3,RS,garden_tools,North,2.0
base,last_week,2018-06-25,2018-07-16,4,RS,garden_tools,North,2.0
base,last_week,2018-06-25,2018-06-25,1,RS,health_beauty,South,8.0
base,last_week,2018-06-25,2018-07-02,2,RS,health_beauty,South,8.0
base,last_week,2018-06-25,2018-07-09,3,RS,health_beauty,South,8.0
base,last_week,2018-06-25,2018-07-16,4,RS,health_beauty,South,8.0
base,last_week,2018-06-25,2018-07-02,2,RS,housewares,South,14.0
base,last_week,2018-06-25,2018-07-09,3,RS,housewares,South,1.0
base,last_week,2018-06-25,2018-07-16,4,RS,housewares,South,1.0
base,last_week,2018-06-25,2018-06-25,1,RS,telephony,South,5.0
base,last_week,2018-06-25,2018-07-02,2,RS,telephony,South,5.0
base,last_week,2018-06-25,2018-07-09,3,RS,telephony,South,5.0
base,last_week,2018-06-25,2018-07-16,4,RS,telephony,South,5.0
base,last_week,2018-06-25,2018-07-02,2,RS,watches_gifts,South,3.0
base,last_week,2018-06-25,2018-06-25,1,SC,bed_bath_table,South,2.0
base,last_week,2018-06-25,2018-07-02,2,SC,bed_bath_table,South,18.0
base,last_week,2018-06-25,2018-07-09,3,SC,bed_bath_table,South,18.0
base,last_week,2018-06-25,2018-07-16,4,SC,bed_bath_table,South,18.0
base,last_week,2018-06-25,2018-06-25,1,SC,computers_accessories,South,9.0
base,last_week,2018-06-25,2018-07-02,2,SC,computers_accessories,South,9.0
base,last_week,2018-06-25,2018-07-09,3,SC,computers_accessories,South,9.0
base,last_week,2018-06-25,2018-07-16,4,SC,computers_accessories,South,9.0
base,last_week,2018-06-25,2018-06-25,1,SC,furniture_decor,South,6.0
base,last_week,2018-06-25,2018-07-02,2,SC,furniture_decor,South,6.0
base,last_week,2018-06-25,2018-07-09,3,SC,furniture_decor,South,6.0
base,last_week,2018-06-25,2018-07-16,4,SC,furniture_decor,South,6.0
base,last_week,2018-06-25,2018-06-25,1,SC,garden_tools,Central-West,2.0
base,last_week,2018-06-25,2018-06-25,1,SC,garden_tools,South,6.0
base,last_week,2018-06-25,2018-07-02,2,SC,garden_tools,Central-West,2.0
base,last_week,2018-06-25,2018-07-02,2,SC,garden_tools,South,3.0
base,last_week,2018-06-25,2018-07-09,3,SC,garden_tools,Central-West,2.0
base,last_week,2018-06-25,2018-07-09,3,SC,garden_tools,South,6.0
base,last_week,2018-06-25,2018-07-16,4,SC,garden_tools,Central-West,2.0
base,last_week,2018-06-25,2018-07-16,4,SC,garden_tools,South,6.0
base,last_week,2018-06-25,2018-06-25,1,SC,sports_leisure,South,17.0
base,last_week,2018-06-25,2018-07-02,2,SC,sports_leisure,South,14.0
base,last_week,2018-06-25,2018-07-09,3,SC,sports_leisure,South,17.0
base,last_week,2018-06-25,2018-07-16,4,SC,sports_leisure,South,17.0
base,last_week,2018-06-25,2018-06-25,1,SC,watches_gifts,South,9.0
base,last_week,2018-06-25,2018-07-02,2,SC,watches_gifts,South,4.0
base,last_week,2018-06-25,2018-07-09,3,SC,watches_gifts,South,8.0
base,last_week,2018-06-25,2018-07-16,4,SC,watches_gifts,South,8.0
base,last_week,2018-06-25,2018-06-25,1,SP,auto,South,2.0
base,last_week,2018-06-25,2018-06-25,1,SP,auto,Southeast,59.0
base,last_week,2018-06-25,2018-07-02,2,SP,auto,Northeast,11.0
base,last_week,2018-06-25,2018-07-02,2,SP,auto,South,5.0
base,last_week,2018-06-25,2018-07-02,2,SP,auto,Southeast,59.0
base,last_week,2018-06-25,2018-07-09,3,SP,auto,Northeast,11.0
base,last_week,2018-06-25,2018-07-09,3,SP,auto,South,5.0
base,last_week,2018-06-25,2018-07-09,3,SP,auto,Southeast,59.0
base,last_week,2018-06-25,2018-07-16,4,SP,auto,Northeast,11.0
base,last_week,2018-06-25,2018-07-16,4,SP,auto,South,5.0
base,last_week,2018-06-25,2018-07-16,4,SP,auto,Southeast,59.0
base,last_week,2018-06-25,2018-06-25,1,SP,bed_bath_table,South,26.0
base,last_week,2018-06-25,2018-06-25,1,SP,bed_bath_table,Southeast,176.0
base,last_week,2018-06-25,2018-07-02,2,SP,bed_bath_table,Southeast,176.0
base,last_week,2018-06-25,2018-07-09,3,SP,bed_bath_table,Southeast,176.0
base,last_week,2018-06-25,2018-07-16,4,SP,bed_bath_table,Southeast,176.0
base,last_week,2018-06-25,2018-06-25,1,SP,computers_accessories,Southeast,76.0
base,last_week,2018-06-25,2018-07-02,2,SP,computers_accessories,Central-West,10.0
base,last_week,2018-06-25,2018-07-02,2,SP,computers_accessories,North,1.0
base,last_week,2018-06-25,2018-07-02,2,SP,computers_accessories,Southeast,86.0
base,last_week,2018-06-25,2018-07-09,3,SP,computers_accessories,Central-West,10.0
base,last_week,2018-06-25,2018-07-09,3,SP,computers_accessories,North,1.0
base,last_week,2018-06-25,2018-07-09,3,SP,computers_accessories,Southeast,86.0
base,last_week,2018-06-25,2018-07-16,4,SP,computers_accessories,Central-West,10.0
base,last_week,2018-06-25,2018-07-16,4,SP,computers_accessories,North,1.0
base,last_week,2018-06-25,2018-07-16,4,SP,computers_accessories,Southeast,86.0
base,last_week,2018-06-25,2018-06-25,1,SP,furniture_decor,Southeast,65.0
base,last_week,2018-06-25,2018-07-02,2,SP,furniture_decor,Southeast,65.0
base,last_week,2018-06-25,2018-07-09,3,SP,furniture_decor,Southeast,65.0
base,last_week,2018-06-25,2018-07-16,4,SP,furniture_decor,Southeast,65.0
base,last_week,2018-06-25,2018-06-25,1,SP,garden_tools,Southeast,22.0
base,last_week,2018-06-25,2018-07-02,2,SP,garden_tools,Southeast,36.0
base,last_week,2018-06-25,2018-07-09,3,SP,garden_tools,Southeast,36.0
base,last_week,2018-06-25,2018-07-16,4,SP,garden_tools,Southeast,36.0
base,last_week,2018-06-25,2018-06-25,1,SP,health_beauty,North,6.0
base,last_week,2018-06-25,2018-06-25,1,SP,health_beauty,Northeast,12.0
base,last_week,2018-06-25,2018-06-25,1,SP,health_beauty,Southeast,185.0
base,last_week,2018-06-25,2018-07-02,2,SP,health_beauty,North,6.0
base,last_week,2018-06-25,2018-07-02,2,SP,health_beauty,Northeast,10.0
base,last_week,2018-06-25,2018-07-02,2,SP,health_beauty,Southeast,182.0
base,last_week,2018-06-25,2018-07-09,3,SP,health_beauty,North,6.0
base,last_week,2018-06-25,2018-07-09,3,SP,health_beauty,Northeast,11.0
base,last_week,2018-06-25,2018-07-09,3,SP,health_beauty,Southeast,181.0
base,last_week,2018-06-25,2018-07-16,4,SP,health_beauty,North,6.0
base,last_week,2018-06-25,2018-07-16,4,SP,health_beauty,Northeast,11.0
base,last_week,2018-06-25,2018-07-16,4,SP,health_beauty,Southeast,181.0
base,last_week,2018-06-25,2018-06-25,1,SP,housewares,Central-West,12.0
base,last_week,2018-06-25,2018-06-25,1,SP,housewares,North,3.0
base,last_week,2018-06-25,2018-06-25,1,SP,housewares,Northeast,2.0
base,last_week,2018-06-25,2018-06-25,1,SP,housewares,Southeast,101.0
base,last_week,2018-06-25,2018-07-02,2,SP,housewares,Central-West,12.0
base,last_week,2018-06-25,2018-07-02,2,SP,housewares,North,3.0
base,last_week,2018-06-25,2018-07-02,2,SP,housewares,Northeast,2.0
base,last_week,2018-06-25,2018-07-02,2,SP,housewares,Southeast,101.0
base,last_week,2018-06-25,2018-07-09,3,SP,housewares,Central-West,12.0
base,last_week,2018-06-25,2018-07-09,3,SP,housewares,North,3.0
base,last_week,2018-06-25,2018-07-09,3,SP,housewares,Northeast,2.0
base,last_week,2018-06-25,2018-07-09,3,SP,housewares,Southeast,101.0
base,last_week,2018-06-25,2018-07-16,4,SP,housewares,Central-West,12.0
base,last_week,2018-06-25,2018-07-16,4,SP,housewares,North,3.0
base,last_week,2018-06-25,2018-07-16,4,SP,housewares,Northeast,2.0
base,last_week,2018-06-25,2018-07-16,4,SP,housewares,Southeast,101.0
base,last_week,2018-06-25,2018-06-25,1,SP,sports_leisure,Central-West,6.0
base,last_week,2018-06-25,2018-06-25,1,SP,sports_leisure,Southeast,85.0
base,last_week,2018-06-25,2018-07-02,2,SP,sports_leisure,Southeast,85.0
base,last_week,2018-06-25,2018-07-09,3,SP,sports_leisure,Southeast,85.0
base,last_week,2018-06-25,2018-07-16,4,SP,sports_leisure,Southeast,85.0
base,last_week,2018-06-25,2018-06-25,1,SP,telephony,Central-West,20.0
base,last_week,2018-06-25,2018-06-25,1,SP,telephony,South,6.0
base,last_week,2018-06-25,2018-06-25,1,SP,telephony,Southeast,32.0
base,last_week,2018-06-25,2018-07-02,2,SP,telephony,Central-West,20.0
base,last_week,2018-06-25,2018-07-02,2,SP,telephony,Northeast,1.0
base,last_week,2018-06-25,2018-07-02,2,SP,telephony,South,6.0
base,last_week,2018-06-25,2018-07-02,2,SP,telephony,Southeast,32.0
base,last_week,2018-06-25,2018-07-09,3,SP,telephony,Central-West,20.0
base,last_week,2018-06-25,2018-07-09,3,SP,telephony,Northeast,1.0
base,last_week,2018-06-25,2018-07-09,3,SP,telephony,South,6.0
base,last_week,2018-06-25,2018-07-09,3,SP,telephony,Southeast,32.0
base,last_week,2018-06-25,2018-07-16,4,SP,telephony,Central-West,20.0
base,last_week,2018-06-25,2018-07-16,4,SP,telephony,Northeast,1.0
base,last_week,2018-06-25,2018-07-16,4,SP,telephony,South,6.0
base,last_week,2018-06-25,2018-07-16,4,SP,telephony,Southeast,32.0
base,last_week,2018-06-25,2018-06-25,1,SP,watches_gifts,Central-West,9.0
base,last_week,2018-06-25,2018-06-25,1,SP,watches_gifts,North,3.0
base,last_week,2018-06-25,2018-06-25,1,SP,watches_gifts,Northeast,21.0
base,last_week,2018-06-25,2018-06-25,1,SP,watches_gifts,Southeast,96.0
base,last_week,2018-06-25,2018-07-02,2,SP,watches_gifts,Central-West,9.0
base,last_week,2018-06-25,2018-07-02,2,SP,watches_gifts,North,3.0
base,last_week,2018-06-25,2018-07-02,2,SP,watches_gifts,Northeast,21.0
base,last_week,2018-06-25,2018-07-02,2,SP,watches_gifts,Southeast,96.0
base,last_week,2018-06-25,2018-07-09,3,SP,watches_gifts,Central-West,9.0
base,last_week,2018-06-25,2018-07-09,3,SP,watches_gifts,North,3.0
base,last_week,2018-06-25,2018-07-09,3,SP,watches_gifts,Northeast,21.0
base,last_week,2018-06-25,2018-07-09,3,SP,watches_gifts,Southeast,96.0
base,last_week,2018-06-25,2018-07-16,4,SP,watches_gifts,Central-West,9.0
base,last_week,2018-06-25,2018-07-16,4,SP,watches_gifts,North,3.0
base,last_week,2018-06-25,2018-07-16,4,SP,watches_gifts,Northeast,21.0
base,last_week,2018-06-25,2018-07-16,4,SP,watches_gifts,Southeast,96.0
base,last_week,2018-07-02,2018-07-02,1,MG,bed_bath_table,Northeast,6.0
base,last_week,2018-07-02,2018-07-09,2,MG,bed_bath_table,Northeast,14.0
base,last_week,2018-07-02,2018-07-16,3,MG,bed_bath_table,Northeast,14.0
base,last_week,2018-07-02,2018-07-23,4,MG,bed_bath_table,Northeast,14.0
base,last_week,2018-07-02,2018-07-02,1,MG,computers_accessories,Northeast,11.0
base,last_week,2018-07-02,2018-07-09,2,MG,computers_accessories,Northeast,11.0
base,last_week,2018-07-02,2018-07-16,3,MG,computers_accessories,Northeast,11.0
base,last_week,2018-07-02,2018-07-23,4,MG,computers_accessories,Northeast,11.0
base,last_week,2018-07-02,2018-07-02,1,MG,furniture_decor,Central-West,3.0
base,last_week,2018-07-02,2018-07-02,1,MG,furniture_decor,Northeast,8.0
base,last_week,2018-07-02,2018-07-02,1,MG,furniture_decor,Southeast,5.0
base,last_week,2018-07-02,2018-07-09,2,MG,furniture_decor,Central-West,3.0
base,last_week,2018-07-02,2018-07-09,2,MG,furniture_decor,Northeast,13.0
base,last_week,2018-07-02,2018-07-16,3,MG,furniture_decor,Central-West,3.0
base,last_week,2018-07-02,2018-07-16,3,MG,furniture_decor,Northeast,13.0
base,last_week,2018-07-02,2018-07-23,4,MG,furniture_decor,Central-West,3.0
base,last_week,2018-07-02,2018-07-23,4,MG,furniture_decor,Northeast,13.0
base,last_week,2018-07-02,2018-07-02,1,MG,garden_tools,Southeast,14.0
base,last_week,2018-07-02,2018-07-02,1,MG,health_beauty,Northeast,3.0
base,last_week,2018-07-02,2018-07-09,2,MG,health_beauty,Northeast,25.0
base,last_week,2018-07-02,2018-07-16,3,MG,health_beauty,Northeast,14.0
base,last_week,2018-07-02,2018-07-23,4,MG,health_beauty,Northeast,14.0
base,last_week,2018-07-02,2018-07-02,1,MG,sports_leisure,Northeast,7.0
base,last_week,2018-07-02,2018-07-09,2,MG,sports_leisure,Northeast,7.0
base,last_week,2018-07-02,2018-07-16,3,MG,sports_leisure,Northeast,7.0
base,last_week,2018-07-02,2018-07-23,4,MG,sports_leisure,Northeast,7.0
base,last_week,2018-07-02,2018-07-02,1,MG,telephony,Northeast,5.0
base,last_week,2018-07-02,2018-07-09,2,MG,telephony,Northeast,1.0
base,last_week,2018-07-02,2018-07-16,3,MG,telephony,Northeast,5.0
base,last_week,2018-07-02,2018-07-23,4,MG,telephony,Northeast,5.0
base,last_week,2018-07-02,2018-07-02,1,PR,auto,South,9.0
base,last_week,2018-07-02,2018-07-09,2,PR,auto,South,8.0
base,last_week,2018-07-02,2018-07-16,3,PR,auto,South,8.0
base,last_week,2018-07-02,2018-07-23,4,PR,auto,South,8.0
base,last_week,2018-07-02,2018-07-02,1,PR,furniture_decor,South,25.0
base,last_week,2018-07-02,2018-07-02,1,PR,furniture_decor,Southeast,5.0
base,last_week,2018-07-02,2018-07-09,2,PR,furniture_decor,South,19.0
base,last_week,2018-07-02,2018-07-16,3,PR,furniture_decor,South,19.0
base,last_week,2018-07-02,2018-07-23,4,PR,furniture_decor,South,19.0
base,last_week,2018-07-02,2018-07-02,1,PR,garden_tools,South,3.0
base,last_week,2018-07-02,2018-07-02,1,PR,health_beauty,South,20.0
base,last_week,2018-07-02,2018-07-09,2,PR,health_beauty,South,21.0
base,last_week,2018-07-02,2018-07-16,3,PR,health_beauty,South,21.0
base,last_week,2018-07-02,2018-07-23,4,PR,health_beauty,South,21.0
base,last_week,2018-07-02,2018-07-02,1,PR,housewares,South,3.0
base,last_week,2018-07-02,2018-07-09,2,PR,housewares,South,17.0
base,last_week,2018-07-02,2018-07-16,3,PR,housewares,South,17.0
base,last_week,2018-07-02,2018-07-23,4,PR,housewares,South,17.0
base,last_week,2018-07-02,2018-07-02,1,PR,sports_leisure,South,3.0
base,last_week,2018-07-02,2018-07-02,1,PR,watches_gifts,South,6.0
base,last_week,2018-07-02,2018-07-09,2,PR,watches_gifts,South,10.0
base,last_week,2018-07-02,2018-07-16,3,PR,watches_gifts,South,8.0
base,last_week,2018-07-02,2018-07-23,4,PR,watches_gifts,South,8.0
base,last_week,2018-07-02,2018-07-02,1,RJ,auto,Central-West,5.0
base,last_week,2018-07-02,2018-07-09,2,RJ,auto,Central-West,7.0
base,last_week,2018-07-02,2018-07-16,3,RJ,auto,Central-West,6.0
base,last_week,2018-07-02,2018-07-23,4,RJ,auto,Central-West,6.0
base,last_week,2018-07-02,2018-07-02,1,RJ,bed_bath_table,South,2.0
base,last_week,2018-07-02,2018-07-09,2,RJ,bed_bath_table,South,18.0
base,last_week,2018-07-02,2018-07-16,3,RJ,bed_bath_table,South,10.0
base,last_week,2018-07-02,2018-07-23,4,RJ,bed_bath_table,South,10.0
base,last_week,2018-07-02,2018-07-02,1,RJ,furniture_decor,Northeast,5.0
base,last_week,2018-07-02,2018-07-09,2,RJ,furniture_decor,Northeast,5.0
base,last_week,2018-07-02,2018-07-16,3,RJ,furniture_decor,Northeast,5.0
base,last_week,2018-07-02,2018-07-23,4,RJ,furniture_decor,Northeast,5.0
base,last_week,2018-07-02,2018-07-02,1,RJ,garden_tools,Central-West,1.0
base,last_week,2018-07-02,2018-07-09,2,RJ,garden_tools,Northeast,4.0
base,last_week,2018-07-02,2018-07-16,3,RJ,garden_tools,Northeast,4.0
base,last_week,2018-07-02,2018-07-23,4,RJ,garden_tools,Northeast,4.0
base,last_week,2018-07-02,2018-07-02,1,RJ,health_beauty,Central-West,11.0
base,last_week,2018-07-02,2018-07-02,1,RJ,health_beauty,South,1.0
base,last_week,2018-07-02,2018-07-02,1,RJ,health_beauty,Southeast,10.0
base,last_week,2018-07-02,2018-07-09,2,RJ,health_beauty,Central-West,11.0
base,last_week,2018-07-02,2018-07-16,3,RJ,health_beauty,Central-West,11.0
base,last_week,2018-07-02,2018-07-02,1,RJ,housewares,Northeast,8.0
base,last_week,2018-07-02,2018-07-09,2,RJ,housewares,Northeast,8.0
base,last_week,2018-07-02,2018-07-16,3,RJ,housewares,Northeast,8.0
base,last_week,2018-07-02,2018-07-23,4,RJ,housewares,Northeast,8.0
base,last_week,2018-07-02,2018-07-02,1,RJ,sports_leisure,Central-West,9.0
base,last_week,2018-07-02,2018-07-02,1,RJ,sports_leisure,North,1.0
base,last_week,2018-07-02,2018-07-09,2,RJ,sports_leisure,Central-West,9.0
base,last_week,2018-07-02,2018-07-09,2,RJ,sports_leisure,North,1.0
base,last_week,2018-07-02,2018-07-16,3,RJ,sports_leisure,Central-West,9.0
base,last_week,2018-07-02,2018-07-16,3,RJ,sports_leisure,North,1.0
base,last_week,2018-07-02,2018-07-23,4,RJ,sports_leisure,Central-West,9.0
base,last_week,2018-07-02,2018-07-23,4,RJ,sports_leisure,North,1.0
base,last_week,2018-07-02,2018-07-02,1,RJ,telephony,North,2.0
base,last_week,2018-07-02,2018-07-09,2,RJ,telephony,North,2.0
base,last_week,2018-07-02,2018-07-09,2,RJ,telephony,Northeast,4.0
base,last_week,2018-07-02,2018-07-16,3,RJ,telephony,North,2.0
base,last_week,2018-07-02,2018-07-23,4,RJ,telephony,North,2.0
base,last_week,2018-07-02,2018-07-02,1,RS,auto,North,2.0
base,last_week,2018-07-02,2018-07-02,1,RS,auto,South,1.0
base,last_week,2018-07-02,2018-07-09,2,RS,auto,North,2.0
base,last_week,2018-07-02,2018-07-09,2,RS,auto,South,1.0
base,last_week,2018-07-02,2018-07-16,3,RS,auto,North,2.0
base,last_week,2018-07-02,2018-07-16,3,RS,auto,South,1.0
base,last_week,2018-07-02,2018-07-23,4,RS,auto,North,2.0
base,last_week,2018-07-02,2018-07-23,4,RS,auto,South,1.0
base,last_week,2018-07-02,2018-07-02,1,RS,bed_bath_table,North,1.0
base,last_week,2018-07-02,2018-07-02,1,RS,bed_bath_table,South,5.0
base,last_week,2018-07-02,2018-07-09,2,RS,bed_bath_table,North,1.0
base,last_week,2018-07-02,2018-07-09,2,RS,bed_bath_table,South,5.0
base,last_week,2018-07-02,2018-07-16,3,RS,bed_bath_table,North,1.0
base,last_week,2018-07-02,2018-07-16,3,RS,bed_bath_table,South,5.0
base,last_week,2018-07-02,2018-07-23,4,RS,bed_bath_table,North,1.0
base,last_week,2018-07-02,2018-07-23,4,RS,bed_bath_table,South,5.0
base,last_week,2018-07-02,2018-07-02,1,RS,computers_accessories,South,13.0
base,last_week,2018-07-02,2018-07-09,2,RS,computers_accessories,South,13.0
base,last_week,2018-07-02,2018-07-16,3,RS,computers_accessories,South,13.0
base,last_week,2018-07-02,2018-07-23,4,RS,computers_accessories,South,13.0
base,last_week,2018-07-02,2018-07-02,1,RS,furniture_decor,North,3.0
base,last_week,2018-07-02,2018-07-02,1,RS,furniture_decor,South,2.0
base,last_week,2018-07-02,2018-07-09,2,RS,furniture_decor,North,3.0
base,last_week,2018-07-02,2018-07-09,2,RS,furniture_decor,South,2.0
base,last_week,2018-07-02,2018-07-16,3,RS,furniture_decor,North,3.0
base,last_week,2018-07-02,2018-07-16,3,RS,furniture_decor,South,2.0
base,last_week,2018-07-02,2018-07-23,4,RS,furniture_decor,North,3.0
base,last_week,2018-07-02,2018-07-23,4,RS,furniture_decor,South,2.0
base,last_week,2018-07-02,2018-07-02,1,RS,garden_tools,North,2.0
base,last_week,2018-07-02,2018-07-02,1,RS,garden_tools,South,3.0
base,last_week,2018-07-02,2018-07-09,2,RS,garden_tools,North,2.0
base,last_week,2018-07-02,2018-07-16,3,RS,garden_tools,North,2.0
base,last_week,2018-07-02,2018-07-23,4,RS,garden_tools,North,2.0
base,last_week,2018-07-02,2018-07-02,1,RS,health_beauty,South,8.0
base,last_week,2018-07-02,2018-07-09,2,RS,health_beauty,South,8.0
base,last_week,2018-07-02,2018-07-16,3,RS,health_beauty,South,8.0
base,last_week,2018-07-02,2018-07-23,4,RS,health_beauty,South,8.0
base,last_week,2018-07-02,2018-07-02,1,RS,housewares,South,14.0
base,last_week,2018-07-02,2018-07-09,2,RS,housewares,South,7.0
base,last_week,2018-07-02,2018-07-16,3,RS,housewares,South,7.0
base,last_week,2018-07-02,2018-07-23,4,RS,housewares,South,7.0
base,last_week,2018-07-02,2018-07-02,1,RS,telephony,South,5.0
base,last_week,2018-07-02,2018-07-09,2,RS,telephony,South,5.0
base,last_week,2018-07-02,2018-07-16,3,RS,telephony,South,5.0
base,last_week,2018-07-02,2018-07-23,4,RS,telephony,South,5.0
base,last_week,2018-07-02,2018-07-09,2,RS,watches_gifts,South,3.0
base,last_week,2018-07-02,2018-07-02,1,SC,bed_bath_table,South,18.0
base,last_week,2018-07-02,2018-07-09,2,SC,bed_bath_table,South,2.0
base,last_week,2018-07-02,2018-07-16,3,SC,bed_bath_table,South,10.0
base,last_week,2018-07-02,2018-07-23,4,SC,bed_bath_table,South,10.0
base,last_week,2018-07-02,2018-07-02,1,SC,computers_accessories,South,9.0
base,last_week,2018-07-02,2018-07-09,2,SC,computers_accessories,South,9.0
base,last_week,2018-07-02,2018-07-16,3,SC,computers_accessories,South,9.0
base,last_week,2018-07-02,2018-07-23,4,SC,computers_accessories,South,9.0
base,last_week,2018-07-02,2018-07-02,1,SC,furniture_decor,Southeast,6.0
base,last_week,2018-07-02,2018-07-09,2,SC,furniture_decor,South,6.0
base,last_week,2018-07-02,2018-07-16,3,SC,furniture_decor,South,6.0
base,last_week,2018-07-02,2018-07-23,4,SC,furniture_decor,South,6.0
base,last_week,2018-07-02,2018-07-09,2,SC,garden_tools,Central-West,6.0
base,last_week,2018-07-02,2018-07-09,2,SC,garden_tools,South,2.0
base,last_week,2018-07-02,2018-07-16,3,SC,garden_tools,Central-West,6.0
base,last_week,2018-07-02,2018-07-16,3,SC,garden_tools,South,2.0
base,last_week,2018-07-02,2018-07-23,4,SC,garden_tools,Central-West,6.0
base,last_week,2018-07-02,2018-07-23,4,SC,garden_tools,South,2.0
base,last_week,2018-07-02,2018-07-02,1,SC,sports_leisure,South,15.0
base,last_week,2018-07-02,2018-07-09,2,SC,sports_leisure,South,18.0
base,last_week,2018-07-02,2018-07-16,3,SC,sports_leisure,South,18.0
base,last_week,2018-07-02,2018-07-23,4,SC,sports_leisure,South,18.0
base,last_week,2018-07-02,2018-07-02,1,SC,watches_gifts,South,9.0
base,last_week,2018-07-02,2018-07-09,2,SC,watches_gifts,South,2.0
base,last_week,2018-07-02,2018-07-16,3,SC,watches_gifts,South,7.0
base,last_week,2018-07-02,2018-07-23,4,SC,watches_gifts,South,7.0
base,last_week,2018-07-02,2018-07-02,1,SP,auto,Central-West,2.0
base,last_week,2018-07-02,2018-07-02,1,SP,auto,Northeast,7.0
base,last_week,2018-07-02,2018-07-02,1,SP,auto,South,2.0
base,last_week,2018-07-02,2018-07-02,1,SP,auto,Southeast,59.0
base,last_week,2018-07-02,2018-07-09,2,SP,auto,Northeast,7.0
base,last_week,2018-07-02,2018-07-09,2,SP,auto,South,3.0
base,last_week,2018-07-02,2018-07-09,2,SP,auto,Southeast,59.0
base,last_week,2018-07-02,2018-07-16,3,SP,auto,Central-West,1.0
base,last_week,2018-07-02,2018-07-16,3,SP,auto,Northeast,7.0
base,last_week,2018-07-02,2018-07-16,3,SP,auto,South,3.0
base,last_week,2018-07-02,2018-07-16,3,SP,auto,Southeast,59.0
base,last_week,2018-07-02,2018-07-23,4,SP,auto,Central-West,1.0
base,last_week,2018-07-02,2018-07-23,4,SP,auto,Northeast,7.0
base,last_week,2018-07-02,2018-07-23,4,SP,auto,South,3.0
base,last_week,2018-07-02,2018-07-23,4,SP,auto,Southeast,59.0
base,last_week,2018-07-02,2018-07-02,1,SP,bed_bath_table,Central-West,6.0
base,last_week,2018-07-02,2018-07-02,1,SP,bed_bath_table,Northeast,17.0
base,last_week,2018-07-02,2018-07-02,1,SP,bed_bath_table,Southeast,133.0
base,last_week,2018-07-02,2018-07-09,2,SP,bed_bath_table,Central-West,6.0
base,last_week,2018-07-02,2018-07-09,2,SP,bed_bath_table,Northeast,9.0
base,last_week,2018-07-02,2018-07-09,2,SP,bed_bath_table,Southeast,133.0
base,last_week,2018-07-02,2018-07-16,3,SP,bed_bath_table,Central-West,6.0
base,last_week,2018-07-02,2018-07-16,3,SP,bed_bath_table,Northeast,9.0
base,last_week,2018-07-02,2018-07-16,3,SP,bed_bath_table,Southeast,133.0
base,last_week,2018-07-02,2018-07-23,4,SP,bed_bath_table,Central-West,6.0
base,last_week,2018-07-02,2018-07-23,4,SP,bed_bath_table,Northeast,9.0
base,last_week,2018-07-02,2018-07-23,4,SP,bed_bath_table,Southeast,133.0
base,last_week,2018-07-02,2018-07-02,1,SP,computers_accessories,Central-West,5.0
base,last_week,2018-07-02,2018-07-02,1,SP,computers_accessories,North,1.0
base,last_week,2018-07-02,2018-07-02,1,SP,computers_accessories,Southeast,91.0
base,last_week,2018-07-02,2018-07-09,2,SP,computers_accessories,Central-West,5.0
base,last_week,2018-07-02,2018-07-09,2,SP,computers_accessories,North,1.0
base,last_week,2018-07-02,2018-07-09,2,SP,computers_accessories,Southeast,91.0
base,last_week,2018-07-02,2018-07-16,3,SP,computers_accessories,Central-West,5.0
base,last_week,2018-07-02,2018-07-16,3,SP,computers_accessories,North,1.0
base,last_week,2018-07-02,2018-07-16,3,SP,computers_accessories,Southeast,91.0
base,last_week,2018-07-02,2018-07-23,4,SP,computers_accessories,Central-West,5.0
base,last_week,2018-07-02,2018-07-23,4,SP,computers_accessories,North,1.0
base,last_week,2018-07-02,2018-07-23,4,SP,computers_accessories,Southeast,91.0
base,last_week,2018-07-02,2018-07-02,1,SP,furniture_decor,Southeast,49.0
base,last_week,2018-07-02,2018-07-09,2,SP,furniture_decor,Southeast,99.0
base,last_week,2018-07-02,2018-07-16,3,SP,furniture_decor,Southeast,99.0
base,last_week,2018-07-02,2018-07-23,4,SP,furniture_decor,Southeast,99.0
base,last_week,2018-07-02,2018-07-02,1,SP,garden_tools,Southeast,9.0
base,last_week,2018-07-02,2018-07-09,2,SP,garden_tools,Northeast,3.0
base,last_week,2018-07-02,2018-07-09,2,SP,garden_tools,South,10.0
base,last_week,2018-07-02,2018-07-09,2,SP,garden_tools,Southeast,63.0
base,last_week,2018-07-02,2018-07-16,3,SP,garden_tools,Northeast,3.0
base,last_week,2018-07-02,2018-07-16,3,SP,garden_tools,South,10.0
base,last_week,2018-07-02,2018-07-16,3,SP,garden_tools,Southeast,63.0
base,last_week,2018-07-02,2018-07-23,4,SP,garden_tools,Northeast,3.0
base,last_week,2018-07-02,2018-07-23,4,SP,garden_tools,South,10.0
base,last_week,2018-07-02,2018-07-23,4,SP,garden_tools,Southeast,63.0
base,last_week,2018-07-02,2018-07-02,1,SP,health_beauty,North,9.0
base,last_week,2018-07-02,2018-07-02,1,SP,health_beauty,Northeast,22.0
base,last_week,2018-07-02,2018-07-02,1,SP,health_beauty,Southeast,140.0
base,last_week,2018-07-02,2018-07-09,2,SP,health_beauty,North,9.0
base,last_week,2018-07-02,2018-07-09,2,SP,health_beauty,Southeast,150.0
base,last_week,2018-07-02,2018-07-16,3,SP,health_beauty,North,9.0
base,last_week,2018-07-02,2018-07-16,3,SP,health_beauty,Northeast,11.0
base,last_week,2018-07-02,2018-07-16,3,SP,health_beauty,Southeast,150.0
base,last_week,2018-07-02,2018-07-23,4,SP,health_beauty,Central-West,11.0
base,last_week,2018-07-02,2018-07-23,4,SP,health_beauty,North,9.0
base,last_week,2018-07-02,2018-07-23,4,SP,health_beauty,Northeast,11.0
base,last_week,2018-07-02,2018-07-23,4,SP,health_beauty,Southeast,150.0
base,last_week,2018-07-02,2018-07-02,1,SP,housewares,Central-West,8.0
base,last_week,2018-07-02,2018-07-02,1,SP,housewares,North,1.0
base,last_week,2018-07-02,2018-07-02,1,SP,housewares,Northeast,13.0
base,last_week,2018-07-02,2018-07-02,1,SP,housewares,Southeast,104.0
base,last_week,2018-07-02,2018-07-09,2,SP,housewares,Central-West,11.0
base,last_week,2018-07-02,2018-07-09,2,SP,housewares,North,4.0
base,last_week,2018-07-02,2018-07-09,2,SP,housewares,Northeast,15.0
base,last_week,2018-07-02,2018-07-09,2,SP,housewares,Southeast,104.0
base,last_week,2018-07-02,2018-07-16,3,SP,housewares,Central-West,11.0
base,last_week,2018-07-02,2018-07-16,3,SP,housewares,North,4.0
base,last_week,2018-07-02,2018-07-16,3,SP,housewares,Northeast,15.0
base,last_week,2018-07-02,2018-07-16,3,SP,housewares,Southeast,104.0
base,last_week,2018-07-02,2018-07-23,4,SP,housewares,Central-West,11.0
base,last_week,2018-07-02,2018-07-23,4,SP,housewares,North,4.0
base,last_week,2018-07-02,2018-07-23,4,SP,housewares,Northeast,15.0
base,last_week,2018-07-02,2018-07-23,4,SP,housewares,Southeast,104.0
base,last_week,2018-07-02,2018-07-02,1,SP,sports_leisure,Southeast,91.0
base,last_week,2018-07-02,2018-07-09,2,SP,sports_leisure,Southeast,91.0
base,last_week,2018-07-02,2018-07-16,3,SP,sports_leisure,Southeast,91.0
base,last_week,2018-07-02,2018-07-23,4,SP,sports_leisure,Southeast,91.0
base,last_week,2018-07-02,2018-07-02,1,SP,telephony,Central-West,8.0
base,last_week,2018-07-02,2018-07-02,1,SP,telephony,South,5.0
base,last_week,2018-07-02,2018-07-02,1,SP,telephony,Southeast,30.0
base,last_week,2018-07-02,2018-07-09,2,SP,telephony,Central-West,8.0
base,last_week,2018-07-02,2018-07-09,2,SP,telephony,South,5.0
base,last_week,2018-07-02,2018-07-09,2,SP,telephony,Southeast,30.0
base,last_week,2018-07-02,2018-07-16,3,SP,telephony,Central-West,8.0
base,last_week,2018-07-02,2018-07-16,3,SP,telephony,South,5.0
base,last_week,2018-07-02,2018-07-16,3,SP,telephony,Southeast,30.0
base,last_week,2018-07-02,2018-07-23,4,SP,telephony,Central-West,8.0
base,last_week,2018-07-02,2018-07-23,4,SP,telephony,South,5.0
base,last_week,2018-07-02,2018-07-23,4,SP,telephony,Southeast,30.0
base,last_week,2018-07-02,2018-07-02,1,SP,watches_gifts,Central-West,13.0
base,last_week,2018-07-02,2018-07-02,1,SP,watches_gifts,North,4.0
base,last_week,2018-07-02,2018-07-02,1,SP,watches_gifts,Northeast,11.0
base,last_week,2018-07-02,2018-07-02,1,SP,watches_gifts,Southeast,90.0
base,last_week,2018-07-02,2018-07-09,2,SP,watches_gifts,Central-West,13.0
base,last_week,2018-07-02,2018-07-09,2,SP,watches_gifts,North,4.0
base,last_week,2018-07-02,2018-07-09,2,SP,watches_gifts,Northeast,11.0
base,last_week,2018-07-02,2018-07-09,2,SP,watches_gifts,Southeast,90.0
base,last_week,2018-07-02,2018-07-16,3,SP,watches_gifts,Central-West,13.0
base,last_week,2018-07-02,2018-07-16,3,SP,watches_gifts,North,4.0
base,last_week,2018-07-02,2018-07-16,3,SP,watches_gifts,Northeast,11.0
base,last_week,2018-07-02,2018-07-16,3,SP,watches_gifts,Southeast,90.0
base,last_week,2018-07-02,2018-07-23,4,SP,watches_gifts,Central-West,13.0
base,last_week,2018-07-02,2018-07-23,4,SP,watches_gifts,North,4.0
base,last_week,2018-07-02,2018-07-23,4,SP,watches_gifts,Northeast,11.0
base,last_week,2018-07-02,2018-07-23,4,SP,watches_gifts,Southeast,90.0
base,last_week,2018-07-09,2018-07-09,1,MG,bed_bath_table,Central-West,3.0
base,last_week,2018-07-09,2018-07-09,1,MG,bed_bath_table,Northeast,11.0
base,last_week,2018-07-09,2018-07-16,2,MG,bed_bath_table,Central-West,3.0
base,last_week,2018-07-09,2018-07-16,2,MG,bed_bath_table,Northeast,11.0
base,last_week,2018-07-09,2018-07-23,3,MG,bed_bath_table,Central-West,3.0
base,last_week,2018-07-09,2018-07-23,3,MG,bed_bath_table,Northeast,11.0
base,last_week,2018-07-09,2018-07-30,4,MG,bed_bath_table,Central-West,3.0
base,last_week,2018-07-09,2018-07-30,4,MG,bed_bath_table,Northeast,11.0
base,last_week,2018-07-09,2018-07-09,1,MG,computers_accessories,Northeast,12.0
base,last_week,2018-07-09,2018-07-16,2,MG,computers_accessories,Northeast,12.0
base,last_week,2018-07-09,2018-07-23,3,MG,computers_accessories,Northeast,12.0
base,last_week,2018-07-09,2018-07-30,4,MG,computers_accessories,Northeast,12.0
base,last_week,2018-07-09,2018-07-09,1,MG,furniture_decor,Central-West,6.0
base,last_week,2018-07-09,2018-07-09,1,MG,furniture_decor,Northeast,8.0
base,last_week,2018-07-09,2018-07-16,2,MG,furniture_decor,Central-West,6.0
base,last_week,2018-07-09,2018-07-23,3,MG,furniture_decor,Central-West,6.0
base,last_week,2018-07-09,2018-07-23,3,MG,furniture_decor,Northeast,4.0
base,last_week,2018-07-09,2018-07-30,4,MG,furniture_decor,Central-West,6.0
base,last_week,2018-07-09,2018-07-30,4,MG,furniture_decor,Northeast,4.0
base,last_week,2018-07-09,2018-07-09,1,MG,health_beauty,Northeast,14.0
base,last_week,2018-07-09,2018-07-16,2,MG,health_beauty,Northeast,14.0
base,last_week,2018-07-09,2018-07-23,3,MG,health_beauty,Northeast,14.0
base,last_week,2018-07-09,2018-07-30,4,MG,health_beauty,Northeast,14.0
base,last_week,2018-07-09,2018-07-09,1,MG,sports_leisure,Northeast,11.0
base,last_week,2018-07-09,2018-07-16,2,MG,sports_leisure,Northeast,12.0
base,last_week,2018-07-09,2018-07-23,3,MG,sports_leisure,Northeast,12.0
base,last_week,2018-07-09,2018-07-30,4,MG,sports_leisure,Northeast,12.0
base,last_week,2018-07-09,2018-07-09,1,MG,telephony,Northeast,2.0
base,last_week,2018-07-09,2018-07-16,2,MG,telephony,Northeast,5.0
base,last_week,2018-07-09,2018-07-23,3,MG,telephony,Northeast,5.0
base,last_week,2018-07-09,2018-07-30,4,MG,telephony,Northeast,5.0
base,last_week,2018-07-09,2018-07-09,1,PR,auto,South,9.0
base,last_week,2018-07-09,2018-07-16,2,PR,auto,South,8.0
base,last_week,2018-07-09,2018-07-23,3,PR,auto,South,8.0
base,last_week,2018-07-09,2018-07-30,4,PR,auto,South,8.0
base,last_week,2018-07-09,2018-07-09,1,PR,furniture_decor,South,18.0
base,last_week,2018-07-09,2018-07-16,2,PR,furniture_decor,South,22.0
base,last_week,2018-07-09,2018-07-23,3,PR,furniture_decor,South,16.0
base,last_week,2018-07-09,2018-07-30,4,PR,furniture_decor,South,16.0
base,last_week,2018-07-09,2018-07-09,1,PR,health_beauty,South,18.0
base,last_week,2018-07-09,2018-07-16,2,PR,health_beauty,South,10.0
base,last_week,2018-07-09,2018-07-23,3,PR,health_beauty,South,10.0
base,last_week,2018-07-09,2018-07-30,4,PR,health_beauty,South,10.0
base,last_week,2018-07-09,2018-07-09,1,PR,housewares,South,17.0
base,last_week,2018-07-09,2018-07-16,2,PR,housewares,South,17.0
base,last_week,2018-07-09,2018-07-23,3,PR,housewares,South,17.0
base,last_week,2018-07-09,2018-07-30,4,PR,housewares,South,17.0
base,last_week,2018-07-09,2018-07-09,1,PR,sports_leisure,South,3.0
base,last_week,2018-07-09,2018-07-16,2,PR,sports_leisure,South,5.0
base,last_week,2018-07-09,2018-07-23,3,PR,sports_leisure,South,5.0
base,last_week,2018-07-09,2018-07-30,4,PR,sports_leisure,South,5.0
base,last_week,2018-07-09,2018-07-09,1,PR,watches_gifts,South,8.0
base,last_week,2018-07-09,2018-07-16,2,PR,watches_gifts,South,8.0
base,last_week,2018-07-09,2018-07-23,3,PR,watches_gifts,South,8.0
base,last_week,2018-07-09,2018-07-30,4,PR,watches_gifts,South,8.0
base,last_week,2018-07-09,2018-07-09,1,RJ,auto,Central-West,3.0
base,last_week,2018-07-09,2018-07-09,1,RJ,auto,Northeast,2.0
base,last_week,2018-07-09,2018-07-16,2,RJ,auto,Central-West,3.0
base,last_week,2018-07-09,2018-07-16,2,RJ,auto,Northeast,6.0
base,last_week,2018-07-09,2018-07-23,3,RJ,auto,Central-West,3.0
base,last_week,2018-07-09,2018-07-23,3,RJ,auto,Northeast,3.0
base,last_week,2018-07-09,2018-07-30,4,RJ,auto,Central-West,3.0
base,last_week,2018-07-09,2018-07-30,4,RJ,auto,Northeast,3.0
base,last_week,2018-07-09,2018-07-16,2,RJ,bed_bath_table,South,15.0
base,last_week,2018-07-09,2018-07-23,3,RJ,bed_bath_table,South,15.0
base,last_week,2018-07-09,2018-07-30,4,RJ,bed_bath_table,South,10.0
base,last_week,2018-07-09,2018-07-09,1,RJ,furniture_decor,Northeast,1.0
base,last_week,2018-07-09,2018-07-16,2,RJ,furniture_decor,Northeast,9.0
base,last_week,2018-07-09,2018-07-23,3,RJ,furniture_decor,Northeast,5.0
base,last_week,2018-07-09,2018-07-30,4,RJ,furniture_decor,Northeast,5.0
base,last_week,2018-07-09,2018-07-09,1,RJ,garden_tools,Northeast,2.0
base,last_week,2018-07-09,2018-07-16,2,RJ,garden_tools,Northeast,6.0
base,last_week,2018-07-09,2018-07-23,3,RJ,garden_tools,Northeast,4.0
base,last_week,2018-07-09,2018-07-30,4,RJ,garden_tools,Northeast,4.0
base,last_week,2018-07-09,2018-07-09,1,RJ,health_beauty,Central-West,9.0
base,last_week,2018-07-09,2018-07-09,1,RJ,health_beauty,Southeast,17.0
base,last_week,2018-07-09,2018-07-16,2,RJ,health_beauty,Central-West,9.0
base,last_week,2018-07-09,2018-07-23,3,RJ,health_beauty,Central-West,9.0
base,last_week,2018-07-09,2018-07-09,1,RJ,housewares,Northeast,4.0
base,last_week,2018-07-09,2018-07-16,2,RJ,housewares,Northeast,12.0
base,last_week,2018-07-09,2018-07-23,3,RJ,housewares,Northeast,8.0
base,last_week,2018-07-09,2018-07-30,4,RJ,housewares,Northeast,8.0
base,last_week,2018-07-09,2018-07-09,1,RJ,sports_leisure,Central-West,10.0
base,last_week,2018-07-09,2018-07-09,1,RJ,sports_leisure,North,2.0
base,last_week,2018-07-09,2018-07-16,2,RJ,sports_leisure,Central-West,10.0
base,last_week,2018-07-09,2018-07-16,2,RJ,sports_leisure,North,2.0
base,last_week,2018-07-09,2018-07-23,3,RJ,sports_leisure,Central-West,10.0
base,last_week,2018-07-09,2018-07-23,3,RJ,sports_leisure,North,2.0
base,last_week,2018-07-09,2018-07-30,4,RJ,sports_leisure,Central-West,10.0
base,last_week,2018-07-09,2018-07-30,4,RJ,sports_leisure,North,2.0
base,last_week,2018-07-09,2018-07-09,1,RJ,telephony,North,1.0
base,last_week,2018-07-09,2018-07-09,1,RJ,telephony,Northeast,8.0
base,last_week,2018-07-09,2018-07-16,2,RJ,telephony,North,1.0
base,last_week,2018-07-09,2018-07-16,2,RJ,telephony,Northeast,5.0
base,last_week,2018-07-09,2018-07-23,3,RJ,telephony,North,1.0
base,last_week,2018-07-09,2018-07-23,3,RJ,telephony,Northeast,5.0
base,last_week,2018-07-09,2018-07-30,4,RJ,telephony,North,1.0
base,last_week,2018-07-09,2018-07-30,4,RJ,telephony,Northeast,5.0
base,last_week,2018-07-09,2018-07-09,1,RS,auto,North,3.0
base,last_week,2018-07-09,2018-07-16,2,RS,auto,North,3.0
base,last_week,2018-07-09,2018-07-23,3,RS,auto,North,3.0
base,last_week,2018-07-09,2018-07-30,4,RS,auto,North,3.0
base,last_week,2018-07-09,2018-07-09,1,RS,bed_bath_table,North,4.0
base,last_week,2018-07-09,2018-07-16,2,RS,bed_bath_table,North,4.0
base,last_week,2018-07-09,2018-07-16,2,RS,bed_bath_table,South,4.0
base,last_week,2018-07-09,2018-07-23,3,RS,bed_bath_table,North,4.0
base,last_week,2018-07-09,2018-07-23,3,RS,bed_bath_table,South,2.0
base,last_week,2018-07-09,2018-07-30,4,RS,bed_bath_table,North,4.0
base,last_week,2018-07-09,2018-07-30,4,RS,bed_bath_table,South,2.0
base,last_week,2018-07-09,2018-07-09,1,RS,computers_accessories,South,5.0
base,last_week,2018-07-09,2018-07-16,2,RS,computers_accessories,South,14.0
base,last_week,2018-07-09,2018-07-23,3,RS,computers_accessories,South,5.0
base,last_week,2018-07-09,2018-07-30,4,RS,computers_accessories,South,5.0
base,last_week,2018-07-09,2018-07-09,1,RS,furniture_decor,North,3.0
base,last_week,2018-07-09,2018-07-16,2,RS,furniture_decor,North,3.0
base,last_week,2018-07-09,2018-07-23,3,RS,furniture_decor,North,3.0
base,last_week,2018-07-09,2018-07-23,3,RS,furniture_decor,South,2.0
base,last_week,2018-07-09,2018-07-30,4,RS,furniture_decor,North,3.0
base,last_week,2018-07-09,2018-07-30,4,RS,furniture_decor,South,2.0
base,last_week,2018-07-09,2018-07-09,1,RS,garden_tools,North,1.0
base,last_week,2018-07-09,2018-07-16,2,RS,garden_tools,North,1.0
base,last_week,2018-07-09,2018-07-23,3,RS,garden_tools,North,1.0
base,last_week,2018-07-09,2018-07-30,4,RS,garden_tools,North,1.0
base,last_week,2018-07-09,2018-07-16,2,RS,health_beauty,South,8.0
base,last_week,2018-07-09,2018-07-23,3,RS,health_beauty,South,8.0
base,last_week,2018-07-09,2018-07-30,4,RS,health_beauty,South,8.0
base,last_week,2018-07-09,2018-07-09,1,RS,housewares,South,5.0
base,last_week,2018-07-09,2018-07-16,2,RS,housewares,South,5.0
base,last_week,2018-07-09,2018-07-23,3,RS,housewares,South,5.0
base,last_week,2018-07-09,2018-07-30,4,RS,housewares,South,5.0
base,last_week,2018-07-09,2018-07-16,2,RS,telephony,South,10.0
base,last_week,2018-07-09,2018-07-23,3,RS,telephony,South,5.0
base,last_week,2018-07-09,2018-07-30,4,RS,telephony,South,5.0
base,last_week,2018-07-09,2018-07-16,2,RS,watches_gifts,South,3.0
base,last_week,2018-07-09,2018-07-09,1,SC,bed_bath_table,South,19.0
base,last_week,2018-07-09,2018-07-23,3,SC,bed_bath_table,South,2.0
base,last_week,2018-07-09,2018-07-30,4,SC,bed_bath_table,South,7.0
base,last_week,2018-07-09,2018-07-09,1,SC,computers_accessories,South,9.0
base,last_week,2018-07-09,2018-07-23,3,SC,computers_accessories,South,9.0
base,last_week,2018-07-09,2018-07-30,4,SC,computers_accessories,South,9.0
base,last_week,2018-07-09,2018-07-09,1,SC,furniture_decor,South,6.0
base,last_week,2018-07-09,2018-07-16,2,SC,furniture_decor,South,2.0
base,last_week,2018-07-09,2018-07-23,3,SC,furniture_decor,South,6.0
base,last_week,2018-07-09,2018-07-30,4,SC,furniture_decor,South,6.0
base,last_week,2018-07-09,2018-07-09,1,SC,garden_tools,Central-West,2.0
base,last_week,2018-07-09,2018-07-09,1,SC,garden_tools,South,6.0
base,last_week,2018-07-09,2018-07-16,2,SC,garden_tools,Central-West,2.0
base,last_week,2018-07-09,2018-07-16,2,SC,garden_tools,South,6.0
base,last_week,2018-07-09,2018-07-23,3,SC,garden_tools,Central-West,2.0
base,last_week,2018-07-09,2018-07-23,3,SC,garden_tools,South,6.0
base,last_week,2018-07-09,2018-07-30,4,SC,garden_tools,Central-West,2.0
base,last_week,2018-07-09,2018-07-30,4,SC,garden_tools,South,6.0
base,last_week,2018-07-09,2018-07-09,1,SC,sports_leisure,South,15.0
base,last_week,2018-07-09,2018-07-16,2,SC,sports_leisure,South,18.0
base,last_week,2018-07-09,2018-07-23,3,SC,sports_leisure,South,18.0
base,last_week,2018-07-09,2018-07-30,4,SC,sports_leisure,South,18.0
base,last_week,2018-07-09,2018-07-09,1,SC,watches_gifts,South,6.0
base,last_week,2018-07-09,2018-07-16,2,SC,watches_gifts,South,3.0
base,last_week,2018-07-09,2018-07-23,3,SC,watches_gifts,South,6.0
base,last_week,2018-07-09,2018-07-30,4,SC,watches_gifts,South,6.0
base,last_week,2018-07-09,2018-07-09,1,SP,auto,Northeast,4.0
base,last_week,2018-07-09,2018-07-09,1,SP,auto,South,3.0
base,last_week,2018-07-09,2018-07-09,1,SP,auto,Southeast,53.0
base,last_week,2018-07-09,2018-07-16,2,SP,auto,South,4.0
base,last_week,2018-07-09,2018-07-16,2,SP,auto,Southeast,53.0
base,last_week,2018-07-09,2018-07-23,3,SP,auto,Northeast,3.0
base,last_week,2018-07-09,2018-07-23,3,SP,auto,South,4.0
base,last_week,2018-07-09,2018-07-23,3,SP,auto,Southeast,53.0
base,last_week,2018-07-09,2018-07-30,4,SP,auto,Northeast,3.0
base,last_week,2018-07-09,2018-07-30,4,SP,auto,South,4.0
base,last_week,2018-07-09,2018-07-30,4,SP,auto,Southeast,53.0
base,last_week,2018-07-09,2018-07-09,1,SP,bed_bath_table,Central-West,8.0
base,last_week,2018-07-09,2018-07-09,1,SP,bed_bath_table,Southeast,116.0
base,last_week,2018-07-09,2018-07-16,2,SP,bed_bath_table,Central-West,8.0
base,last_week,2018-07-09,2018-07-16,2,SP,bed_bath_table,Southeast,116.0
base,last_week,2018-07-09,2018-07-23,3,SP,bed_bath_table,Central-West,8.0
base,last_week,2018-07-09,2018-07-23,3,SP,bed_bath_table,Southeast,116.0
base,last_week,2018-07-09,2018-07-30,4,SP,bed_bath_table,Central-West,8.0
base,last_week,2018-07-09,2018-07-30,4,SP,bed_bath_table,Southeast,116.0
base,last_week,2018-07-09,2018-07-09,1,SP,computers_accessories,Central-West,6.0
base,last_week,2018-07-09,2018-07-09,1,SP,computers_accessories,North,1.0
base,last_week,2018-07-09,2018-07-09,1,SP,computers_accessories,Southeast,73.0
base,last_week,2018-07-09,2018-07-16,2,SP,computers_accessories,Central-West,6.0
base,last_week,2018-07-09,2018-07-16,2,SP,computers_accessories,North,1.0
base,last_week,2018-07-09,2018-07-16,2,SP,computers_accessories,Southeast,73.0
base,last_week,2018-07-09,2018-07-23,3,SP,computers_accessories,Central-West,6.0
base,last_week,2018-07-09,2018-07-23,3,SP,computers_accessories,North,1.0
base,last_week,2018-07-09,2018-07-23,3,SP,computers_accessories,Southeast,73.0
base,last_week,2018-07-09,2018-07-30,4,SP,computers_accessories,Central-West,6.0
base,last_week,2018-07-09,2018-07-30,4,SP,computers_accessories,North,1.0
base,last_week,2018-07-09,2018-07-30,4,SP,computers_accessories,Southeast,73.0
base,last_week,2018-07-09,2018-07-09,1,SP,furniture_decor,Southeast,76.0
base,last_week,2018-07-09,2018-07-16,2,SP,furniture_decor,Southeast,76.0
base,last_week,2018-07-09,2018-07-23,3,SP,furniture_decor,Southeast,76.0
base,last_week,2018-07-09,2018-07-30,4,SP,furniture_decor,Southeast,76.0
base,last_week,2018-07-09,2018-07-09,1,SP,garden_tools,Northeast,4.0
base,last_week,2018-07-09,2018-07-09,1,SP,garden_tools,South,2.0
base,last_week,2018-07-09,2018-07-09,1,SP,garden_tools,Southeast,38.0
base,last_week,2018-07-09,2018-07-16,2,SP,garden_tools,South,2.0
base,last_week,2018-07-09,2018-07-16,2,SP,garden_tools,Southeast,38.0
base,last_week,2018-07-09,2018-07-23,3,SP,garden_tools,Northeast,2.0
base,last_week,2018-07-09,2018-07-23,3,SP,garden_tools,South,2.0
base,last_week,2018-07-09,2018-07-23,3,SP,garden_tools,Southeast,38.0
base,last_week,2018-07-09,2018-07-30,4,SP,garden_tools,Northeast,2.0
base,last_week,2018-07-09,2018-07-30,4,SP,garden_tools,South,2.0
base,last_week,2018-07-09,2018-07-30,4,SP,garden_tools,Southeast,38.0
base,last_week,2018-07-09,2018-07-09,1,SP,health_beauty,North,7.0
base,last_week,2018-07-09,2018-07-09,1,SP,health_beauty,Northeast,11.0
base,last_week,2018-07-09,2018-07-09,1,SP,health_beauty,Southeast,140.0
base,last_week,2018-07-09,2018-07-16,2,SP,health_beauty,North,7.0
base,last_week,2018-07-09,2018-07-16,2,SP,health_beauty,Northeast,11.0
base,last_week,2018-07-09,2018-07-16,2,SP,health_beauty,Southeast,157.0
base,last_week,2018-07-09,2018-07-23,3,SP,health_beauty,North,7.0
base,last_week,2018-07-09,2018-07-23,3,SP,health_beauty,Northeast,11.0
base,last_week,2018-07-09,2018-07-23,3,SP,health_beauty,Southeast,157.0
base,last_week,2018-07-09,2018-07-30,4,SP,health_beauty,Central-West,9.0
base,last_week,2018-07-09,2018-07-30,4,SP,health_beauty,North,7.0
base,last_week,2018-07-09,2018-07-30,4,SP,health_beauty,Northeast,11.0
base,last_week,2018-07-09,2018-07-30,4,SP,health_beauty,Southeast,157.0
base,last_week,2018-07-09,2018-07-09,1,SP,housewares,Central-West,7.0
base,last_week,2018-07-09,2018-07-09,1,SP,housewares,North,2.0
base,last_week,2018-07-09,2018-07-09,1,SP,housewares,Northeast,8.0
base,last_week,2018-07-09,2018-07-09,1,SP,housewares,Southeast,97.0
base,last_week,2018-07-09,2018-07-16,2,SP,housewares,Central-West,7.0
base,last_week,2018-07-09,2018-07-16,2,SP,housewares,North,2.0
base,last_week,2018-07-09,2018-07-16,2,SP,housewares,Southeast,97.0
base,last_week,2018-07-09,2018-07-23,3,SP,housewares,Central-West,7.0
base,last_week,2018-07-09,2018-07-23,3,SP,housewares,North,2.0
base,last_week,2018-07-09,2018-07-23,3,SP,housewares,Northeast,4.0
base,last_week,2018-07-09,2018-07-23,3,SP,housewares,Southeast,97.0
base,last_week,2018-07-09,2018-07-30,4,SP,housewares,Central-West,7.0
base,last_week,2018-07-09,2018-07-30,4,SP,housewares,North,2.0
base,last_week,2018-07-09,2018-07-30,4,SP,housewares,Northeast,4.0
base,last_week,2018-07-09,2018-07-30,4,SP,housewares,Southeast,97.0
base,last_week,2018-07-09,2018-07-09,1,SP,sports_leisure,Northeast,1.0
base,last_week,2018-07-09,2018-07-09,1,SP,sports_leisure,South,5.0
base,last_week,2018-07-09,2018-07-09,1,SP,sports_leisure,Southeast,91.0
base,last_week,2018-07-09,2018-07-16,2,SP,sports_leisure,Southeast,91.0
base,last_week,2018-07-09,2018-07-23,3,SP,sports_leisure,Southeast,91.0
base,last_week,2018-07-09,2018-07-30,4,SP,sports_leisure,Southeast,91.0
base,last_week,2018-07-09,2018-07-09,1,SP,telephony,Central-West,5.0
base,last_week,2018-07-09,2018-07-09,1,SP,telephony,South,10.0
base,last_week,2018-07-09,2018-07-09,1,SP,telephony,Southeast,24.0
base,last_week,2018-07-09,2018-07-16,2,SP,telephony,Central-West,5.0
base,last_week,2018-07-09,2018-07-16,2,SP,telephony,Southeast,24.0
base,last_week,2018-07-09,2018-07-23,3,SP,telephony,Central-West,5.0
base,last_week,2018-07-09,2018-07-23,3,SP,telephony,South,5.0
base,last_week,2018-07-09,2018-07-23,3,SP,telephony,Southeast,24.0
base,last_week,2018-07-09,2018-07-30,4,SP,telephony,Central-West,5.0
base,last_week,2018-07-09,2018-07-30,4,SP,telephony,South,5.0
base,last_week,2018-07-09,2018-07-30,4,SP,telephony,Southeast,24.0
base,last_week,2018-07-09,2018-07-09,1,SP,watches_gifts,Central-West,8.0
base,last_week,2018-07-09,2018-07-09,1,SP,watches_gifts,North,3.0
base,last_week,2018-07-09,2018-07-09,1,SP,watches_gifts,Northeast,16.0
base,last_week,2018-07-09,2018-07-09,1,SP,watches_gifts,Southeast,73.0
base,last_week,2018-07-09,2018-07-16,2,SP,watches_gifts,Central-West,8.0
base,last_week,2018-07-09,2018-07-16,2,SP,watches_gifts,North,3.0
base,last_week,2018-07-09,2018-07-16,2,SP,watches_gifts,Northeast,16.0
base,last_week,2018-07-09,2018-07-16,2,SP,watches_gifts,Southeast,73.0
base,last_week,2018-07-09,2018-07-23,3,SP,watches_gifts,Central-West,8.0
base,last_week,2018-07-09,2018-07-23,3,SP,watches_gifts,North,3.0
base,last_week,2018-07-09,2018-07-23,3,SP,watches_gifts,Northeast,16.0
base,last_week,2018-07-09,2018-07-23,3,SP,watches_gifts,Southeast,73.0
base,last_week,2018-07-09,2018-07-30,4,SP,watches_gifts,Central-West,8.0
base,last_week,2018-07-09,2018-07-30,4,SP,watches_gifts,North,3.0
base,last_week,2018-07-09,2018-07-30,4,SP,watches_gifts,Northeast,16.0
base,last_week,2018-07-09,2018-07-30,4,SP,watches_gifts,Southeast,73.0
base,last_week,2018-07-16,2018-07-16,1,MG,bed_bath_table,Northeast,14.0
base,last_week,2018-07-16,2018-07-23,2,MG,bed_bath_table,Northeast,14.0
base,last_week,2018-07-16,2018-07-30,3,MG,bed_bath_table,Northeast,14.0
base,last_week,2018-07-16,2018-08-06,4,MG,bed_bath_table,Northeast,14.0
base,last_week,2018-07-16,2018-07-16,1,MG,computers_accessories,Northeast,13.0
base,last_week,2018-07-16,2018-07-23,2,MG,computers_accessories,Northeast,13.0
base,last_week,2018-07-16,2018-07-30,3,MG,computers_accessories,Northeast,13.0
base,last_week,2018-07-16,2018-08-06,4,MG,computers_accessories,Northeast,13.0
base,last_week,2018-07-16,2018-07-16,1,MG,furniture_decor,Central-West,4.0
base,last_week,2018-07-16,2018-07-16,1,MG,furniture_decor,Northeast,9.0
base,last_week,2018-07-16,2018-07-23,2,MG,furniture_decor,Central-West,1.0
base,last_week,2018-07-16,2018-07-23,2,MG,furniture_decor,Northeast,3.0
base,last_week,2018-07-16,2018-07-30,3,MG,furniture_decor,Central-West,4.0
base,last_week,2018-07-16,2018-08-06,4,MG,furniture_decor,Central-West,4.0
base,last_week,2018-07-16,2018-08-06,4,MG,furniture_decor,Northeast,4.0
base,last_week,2018-07-16,2018-07-16,1,MG,health_beauty,Northeast,14.0
base,last_week,2018-07-16,2018-07-23,2,MG,health_beauty,Northeast,14.0
base,last_week,2018-07-16,2018-07-30,3,MG,health_beauty,Northeast,14.0
base,last_week,2018-07-16,2018-08-06,4,MG,health_beauty,Northeast,14.0
base,last_week,2018-07-16,2018-07-16,1,MG,sports_leisure,Northeast,12.0
base,last_week,2018-07-16,2018-07-23,2,MG,sports_leisure,Northeast,12.0
base,last_week,2018-07-16,2018-07-30,3,MG,sports_leisure,Northeast,12.0
base,last_week,2018-07-16,2018-08-06,4,MG,sports_leisure,Northeast,12.0
base,last_week,2018-07-16,2018-07-16,1,MG,telephony,Northeast,5.0
base,last_week,2018-07-16,2018-07-23,2,MG,telephony,Northeast,5.0
base,last_week,2018-07-16,2018-07-30,3,MG,telephony,Northeast,5.0
base,last_week,2018-07-16,2018-08-06,4,MG,telephony,Northeast,5.0
base,last_week,2018-07-16,2018-07-16,1,PR,auto,South,1.0
base,last_week,2018-07-16,2018-07-23,2,PR,auto,South,15.0
base,last_week,2018-07-16,2018-07-30,3,PR,auto,South,8.0
base,last_week,2018-07-16,2018-08-06,4,PR,auto,South,8.0
base,last_week,2018-07-16,2018-07-16,1,PR,furniture_decor,South,13.0
base,last_week,2018-07-16,2018-07-23,2,PR,furniture_decor,South,15.0
base,last_week,2018-07-16,2018-07-30,3,PR,furniture_decor,South,12.0
base,last_week,2018-07-16,2018-08-06,4,PR,furniture_decor,South,7.0
base,last_week,2018-07-16,2018-07-16,1,PR,health_beauty,South,18.0
base,last_week,2018-07-16,2018-07-23,2,PR,health_beauty,South,11.0
base,last_week,2018-07-16,2018-07-30,3,PR,health_beauty,South,10.0
base,last_week,2018-07-16,2018-08-06,4,PR,health_beauty,South,10.0
base,last_week,2018-07-16,2018-07-16,1,PR,housewares,South,15.0
base,last_week,2018-07-16,2018-07-23,2,PR,housewares,South,5.0
base,last_week,2018-07-16,2018-07-30,3,PR,housewares,South,15.0
base,last_week,2018-07-16,2018-08-06,4,PR,housewares,South,15.0
base,last_week,2018-07-16,2018-07-30,3,PR,sports_leisure,South,8.0
base,last_week,2018-07-16,2018-07-16,1,PR,watches_gifts,North,2.0
base,last_week,2018-07-16,2018-07-16,1,PR,watches_gifts,South,6.0
base,last_week,2018-07-16,2018-07-23,2,PR,watches_gifts,South,8.0
base,last_week,2018-07-16,2018-07-30,3,PR,watches_gifts,South,8.0
base,last_week,2018-07-16,2018-08-06,4,PR,watches_gifts,South,8.0
base,last_week,2018-07-16,2018-07-16,1,RJ,auto,Central-West,6.0
base,last_week,2018-07-16,2018-07-23,2,RJ,auto,Central-West,6.0
base,last_week,2018-07-16,2018-07-30,3,RJ,auto,Central-West,6.0
base,last_week,2018-07-16,2018-08-06,4,RJ,auto,Central-West,6.0
base,last_week,2018-07-16,2018-07-23,2,RJ,bed_bath_table,South,8.0
base,last_week,2018-07-16,2018-07-30,3,RJ,bed_bath_table,South,15.0
base,last_week,2018-07-16,2018-08-06,4,RJ,bed_bath_table,South,10.0
base,last_week,2018-07-16,2018-07-23,2,RJ,furniture_decor,Northeast,6.0
base,last_week,2018-07-16,2018-07-30,3,RJ,furniture_decor,Northeast,9.0
base,last_week,2018-07-16,2018-08-06,4,RJ,furniture_decor,Northeast,5.0
base,last_week,2018-07-16,2018-07-16,1,RJ,garden_tools,Northeast,3.0
base,last_week,2018-07-16,2018-07-23,2,RJ,garden_tools,Northeast,5.0
base,last_week,2018-07-16,2018-07-30,3,RJ,garden_tools,Northeast,5.0
base,last_week,2018-07-16,2018-08-06,4,RJ,garden_tools,Northeast,4.0
base,last_week,2018-07-16,2018-07-16,1,RJ,health_beauty,Central-West,18.0
base,last_week,2018-07-16,2018-07-23,2,RJ,health_beauty,Central-West,18.0
base,last_week,2018-07-16,2018-07-30,3,RJ,health_beauty,Central-West,8.0
base,last_week,2018-07-16,2018-07-16,1,RJ,housewares,Northeast,8.0
base,last_week,2018-07-16,2018-07-23,2,RJ,housewares,Northeast,8.0
base,last_week,2018-07-16,2018-07-30,3,RJ,housewares,Northeast,8.0
base,last_week,2018-07-16,2018-08-06,4,RJ,housewares,Northeast,8.0
base,last_week,2018-07-16,2018-07-16,1,RJ,sports_leisure,Central-West,7.0
base,last_week,2018-07-16,2018-07-16,1,RJ,sports_leisure,North,3.0
base,last_week,2018-07-16,2018-07-23,2,RJ,sports_leisure,Central-West,5.0
base,last_week,2018-07-16,2018-07-23,2,RJ,sports_leisure,North,3.0
base,last_week,2018-07-16,2018-07-30,3,RJ,sports_leisure,Central-West,7.0
base,last_week,2018-07-16,2018-07-30,3,RJ,sports_leisure,North,3.0
base,last_week,2018-07-16,2018-08-06,4,RJ,sports_leisure,Central-West,7.0
base,last_week,2018-07-16,2018-08-06,4,RJ,sports_leisure,North,3.0
base,last_week,2018-07-16,2018-07-16,1,RJ,telephony,North,2.0
base,last_week,2018-07-16,2018-07-16,1,RJ,telephony,Northeast,4.0
base,last_week,2018-07-16,2018-07-23,2,RJ,telephony,North,2.0
base,last_week,2018-07-16,2018-07-23,2,RJ,telephony,Northeast,4.0
base,last_week,2018-07-16,2018-07-30,3,RJ,telephony,North,2.0
base,last_week,2018-07-16,2018-07-30,3,RJ,telephony,Northeast,4.0
base,last_week,2018-07-16,2018-08-06,4,RJ,telephony,North,2.0
base,last_week,2018-07-16,2018-08-06,4,RJ,telephony,Northeast,4.0
base,last_week,2018-07-16,2018-07-16,1,RS,auto,North,3.0
base,last_week,2018-07-16,2018-07-23,2,RS,auto,North,3.0
base,last_week,2018-07-16,2018-07-30,3,RS,auto,North,3.0
base,last_week,2018-07-16,2018-08-06,4,RS,auto,North,3.0
base,last_week,2018-07-16,2018-07-16,1,RS,bed_bath_table,North,1.0
base,last_week,2018-07-16,2018-07-23,2,RS,bed_bath_table,North,1.0
base,last_week,2018-07-16,2018-07-23,2,RS,bed_bath_table,South,10.0
base,last_week,2018-07-16,2018-07-30,3,RS,bed_bath_table,North,1.0
base,last_week,2018-07-16,2018-07-30,3,RS,bed_bath_table,South,3.0
base,last_week,2018-07-16,2018-08-06,4,RS,bed_bath_table,North,1.0
base,last_week,2018-07-16,2018-08-06,4,RS,bed_bath_table,South,7.0
base,last_week,2018-07-16,2018-07-16,1,RS,computers_accessories,South,17.0
base,last_week,2018-07-16,2018-07-23,2,RS,computers_accessories,South,10.0
base,last_week,2018-07-16,2018-07-30,3,RS,computers_accessories,South,10.0
base,last_week,2018-07-16,2018-08-06,4,RS,computers_accessories,South,10.0
base,last_week,2018-07-16,2018-07-16,1,RS,furniture_decor,North,3.0
base,last_week,2018-07-16,2018-07-23,2,RS,furniture_decor,North,3.0
base,last_week,2018-07-16,2018-07-30,3,RS,furniture_decor,North,3.0
base,last_week,2018-07-16,2018-08-06,4,RS,furniture_decor,North,3.0
base,last_week,2018-07-16,2018-08-06,4,RS,furniture_decor,South,2.0
base,last_week,2018-07-16,2018-07-16,1,RS,garden_tools,North,1.0
base,last_week,2018-07-16,2018-07-23,2,RS,garden_tools,North,2.0
base,last_week,2018-07-16,2018-07-30,3,RS,garden_tools,North,2.0
base,last_week,2018-07-16,2018-08-06,4,RS,garden_tools,North,2.0
base,last_week,2018-07-16,2018-07-23,2,RS,health_beauty,South,7.0
base,last_week,2018-07-16,2018-07-30,3,RS,health_beauty,South,8.0
base,last_week,2018-07-16,2018-08-06,4,RS,health_beauty,South,8.0
base,last_week,2018-07-16,2018-07-23,2,RS,housewares,South,10.0
base,last_week,2018-07-16,2018-07-23,2,RS,telephony,South,10.0
base,last_week,2018-07-16,2018-07-30,3,RS,telephony,South,5.0
base,last_week,2018-07-16,2018-08-06,4,RS,telephony,South,5.0
base,last_week,2018-07-16,2018-07-16,1,RS,watches_gifts,South,3.0
base,last_week,2018-07-16,2018-07-23,2,RS,watches_gifts,South,1.0
base,last_week,2018-07-16,2018-07-30,3,RS,watches_gifts,South,1.0
base,last_week,2018-07-16,2018-08-06,4,RS,watches_gifts,South,1.0
base,last_week,2018-07-16,2018-07-16,1,SC,bed_bath_table,South,18.0
base,last_week,2018-07-16,2018-08-06,4,SC,bed_bath_table,South,1.0
base,last_week,2018-07-16,2018-07-23,2,SC,computers_accessories,South,9.0
base,last_week,2018-07-16,2018-07-30,3,SC,computers_accessories,South,9.0
base,last_week,2018-07-16,2018-08-06,4,SC,computers_accessories,South,9.0
base,last_week,2018-07-16,2018-07-16,1,SC,furniture_decor,South,2.0
base,last_week,2018-07-16,2018-07-30,3,SC,furniture_decor,South,3.0
base,last_week,2018-07-16,2018-08-06,4,SC,furniture_decor,South,6.0
base,last_week,2018-07-16,2018-07-16,1,SC,garden_tools,Central-West,3.0
base,last_week,2018-07-16,2018-07-16,1,SC,garden_tools,South,5.0
base,last_week,2018-07-16,2018-07-23,2,SC,garden_tools,Central-West,3.0
base,last_week,2018-07-16,2018-07-23,2,SC,garden_tools,South,5.0
base,last_week,2018-07-16,2018-07-30,3,SC,garden_tools,Central-West,3.0
base,last_week,2018-07-16,2018-07-30,3,SC,garden_tools,South,5.0
base,last_week,2018-07-16,2018-08-06,4,SC,garden_tools,Central-West,3.0
base,last_week,2018-07-16,2018-08-06,4,SC,garden_tools,South,5.0
base,last_week,2018-07-16,2018-07-16,1,SC,sports_leisure,South,11.0
base,last_week,2018-07-16,2018-07-23,2,SC,sports_leisure,South,11.0
base,last_week,2018-07-16,2018-07-30,3,SC,sports_leisure,South,3.0
base,last_week,2018-07-16,2018-08-06,4,SC,sports_leisure,South,11.0
base,last_week,2018-07-16,2018-07-16,1,SC,watches_gifts,South,1.0
base,last_week,2018-07-16,2018-07-23,2,SC,watches_gifts,South,9.0
base,last_week,2018-07-16,2018-07-30,3,SC,watches_gifts,South,9.0
base,last_week,2018-07-16,2018-08-06,4,SC,watches_gifts,South,9.0
base,last_week,2018-07-16,2018-07-16,1,SP,auto,Northeast,22.0
base,last_week,2018-07-16,2018-07-16,1,SP,auto,South,14.0
base,last_week,2018-07-16,2018-07-16,1,SP,auto,Southeast,29.0
base,last_week,2018-07-16,2018-07-23,2,SP,auto,Northeast,22.0
base,last_week,2018-07-16,2018-07-23,2,SP,auto,Southeast,29.0
base,last_week,2018-07-16,2018-07-30,3,SP,auto,Northeast,22.0
base,last_week,2018-07-16,2018-07-30,3,SP,auto,South,7.0
base,last_week,2018-07-16,2018-07-30,3,SP,auto,Southeast,29.0
base,last_week,2018-07-16,2018-08-06,4,SP,auto,Northeast,22.0
base,last_week,2018-07-16,2018-08-06,4,SP,auto,South,7.0
base,last_week,2018-07-16,2018-08-06,4,SP,auto,Southeast,29.0
base,last_week,2018-07-16,2018-07-16,1,SP,bed_bath_table,Central-West,10.0
base,last_week,2018-07-16,2018-07-16,1,SP,bed_bath_table,Southeast,70.0
base,last_week,2018-07-16,2018-07-23,2,SP,bed_bath_table,Central-West,10.0
base,last_week,2018-07-16,2018-07-23,2,SP,bed_bath_table,Southeast,70.0
base,last_week,2018-07-16,2018-07-30,3,SP,bed_bath_table,Central-West,10.0
base,last_week,2018-07-16,2018-07-30,3,SP,bed_bath_table,Southeast,70.0
base,last_week,2018-07-16,2018-08-06,4,SP,bed_bath_table,Central-West,10.0
base,last_week,2018-07-16,2018-08-06,4,SP,bed_bath_table,Southeast,70.0
base,last_week,2018-07-16,2018-07-16,1,SP,computers_accessories,Central-West,3.0
base,last_week,2018-07-16,2018-07-16,1,SP,computers_accessories,North,2.0
base,last_week,2018-07-16,2018-07-16,1,SP,computers_accessories,South,2.0
base,last_week,2018-07-16,2018-07-16,1,SP,computers_accessories,Southeast,53.0
base,last_week,2018-07-16,2018-07-23,2,SP,computers_accessories,Central-West,3.0
base,last_week,2018-07-16,2018-07-23,2,SP,computers_accessories,North,2.0
base,last_week,2018-07-16,2018-07-23,2,SP,computers_accessories,Southeast,53.0
base,last_week,2018-07-16,2018-07-30,3,SP,computers_accessories,Central-West,3.0
base,last_week,2018-07-16,2018-07-30,3,SP,computers_accessories,North,2.0
base,last_week,2018-07-16,2018-07-30,3,SP,computers_accessories,Southeast,53.0
base,last_week,2018-07-16,2018-08-06,4,SP,computers_accessories,Central-West,3.0
base,last_week,2018-07-16,2018-08-06,4,SP,computers_accessories,North,2.0
base,last_week,2018-07-16,2018-08-06,4,SP,computers_accessories,Southeast,53.0
base,last_week,2018-07-16,2018-07-16,1,SP,furniture_decor,Southeast,41.0
base,last_week,2018-07-16,2018-07-23,2,SP,furniture_decor,Central-West,3.0
base,last_week,2018-07-16,2018-07-23,2,SP,furniture_decor,Southeast,41.0
base,last_week,2018-07-16,2018-07-30,3,SP,furniture_decor,Southeast,41.0
base,last_week,2018-07-16,2018-08-06,4,SP,furniture_decor,Southeast,41.0
base,last_week,2018-07-16,2018-07-16,1,SP,garden_tools,North,1.0
base,last_week,2018-07-16,2018-07-16,1,SP,garden_tools,Northeast,2.0
base,last_week,2018-07-16,2018-07-16,1,SP,garden_tools,Southeast,27.0
base,last_week,2018-07-16,2018-07-23,2,SP,garden_tools,Southeast,27.0
base,last_week,2018-07-16,2018-07-30,3,SP,garden_tools,Southeast,27.0
base,last_week,2018-07-16,2018-08-06,4,SP,garden_tools,Northeast,1.0
base,last_week,2018-07-16,2018-08-06,4,SP,garden_tools,Southeast,27.0
base,last_week,2018-07-16,2018-07-16,1,SP,health_beauty,North,8.0
base,last_week,2018-07-16,2018-07-16,1,SP,health_beauty,Northeast,16.0
base,last_week,2018-07-16,2018-07-16,1,SP,health_beauty,Southeast,103.0
base,last_week,2018-07-16,2018-07-23,2,SP,health_beauty,North,8.0
base,last_week,2018-07-16,2018-07-23,2,SP,health_beauty,Northeast,16.0
base,last_week,2018-07-16,2018-07-23,2,SP,health_beauty,Southeast,103.0
base,last_week,2018-07-16,2018-07-30,3,SP,health_beauty,Central-West,10.0
base,last_week,2018-07-16,2018-07-30,3,SP,health_beauty,North,8.0
base,last_week,2018-07-16,2018-07-30,3,SP,health_beauty,Northeast,16.0
base,last_week,2018-07-16,2018-07-30,3,SP,health_beauty,Southeast,103.0
base,last_week,2018-07-16,2018-08-06,4,SP,health_beauty,Central-West,18.0
base,last_week,2018-07-16,2018-08-06,4,SP,health_beauty,North,8.0
base,last_week,2018-07-16,2018-08-06,4,SP,health_beauty,Northeast,16.0
base,last_week,2018-07-16,2018-08-06,4,SP,health_beauty,Southeast,103.0
base,last_week,2018-07-16,2018-07-16,1,SP,housewares,Central-West,15.0
base,last_week,2018-07-16,2018-07-16,1,SP,housewares,North,1.0
base,last_week,2018-07-16,2018-07-16,1,SP,housewares,Northeast,1.0
base,last_week,2018-07-16,2018-07-16,1,SP,housewares,Southeast,59.0
base,last_week,2018-07-16,2018-07-23,2,SP,housewares,Central-West,15.0
base,last_week,2018-07-16,2018-07-23,2,SP,housewares,North,1.0
base,last_week,2018-07-16,2018-07-23,2,SP,housewares,Northeast,1.0
base,last_week,2018-07-16,2018-07-23,2,SP,housewares,Southeast,59.0
base,last_week,2018-07-16,2018-07-30,3,SP,housewares,Central-West,15.0
base,last_week,2018-07-16,2018-07-30,3,SP,housewares,North,1.0
base,last_week,2018-07-16,2018-07-30,3,SP,housewares,Northeast,1.0
base,last_week,2018-07-16,2018-07-30,3,SP,housewares,Southeast,59.0
base,last_week,2018-07-16,2018-08-06,4,SP,housewares,Central-West,15.0
base,last_week,2018-07-16,2018-08-06,4,SP,housewares,North,1.0
base,last_week,2018-07-16,2018-08-06,4,SP,housewares,Northeast,1.0
base,last_week,2018-07-16,2018-08-06,4,SP,housewares,Southeast,59.0
base,last_week,2018-07-16,2018-07-16,1,SP,sports_leisure,Southeast,53.0
base,last_week,2018-07-16,2018-07-23,2,SP,sports_leisure,Central-West,2.0
base,last_week,2018-07-16,2018-07-23,2,SP,sports_leisure,Southeast,53.0
base,last_week,2018-07-16,2018-07-30,3,SP,sports_leisure,Southeast,53.0
base,last_week,2018-07-16,2018-08-06,4,SP,sports_leisure,Southeast,53.0
base,last_week,2018-07-16,2018-07-16,1,SP,telephony,Central-West,5.0
base,last_week,2018-07-16,2018-07-16,1,SP,telephony,South,13.0
base,last_week,2018-07-16,2018-07-16,1,SP,telephony,Southeast,18.0
base,last_week,2018-07-16,2018-07-23,2,SP,telephony,Central-West,5.0
base,last_week,2018-07-16,2018-07-23,2,SP,telephony,South,3.0
base,last_week,2018-07-16,2018-07-23,2,SP,telephony,Southeast,18.0
base,last_week,2018-07-16,2018-07-30,3,SP,telephony,Central-West,5.0
base,last_week,2018-07-16,2018-07-30,3,SP,telephony,South,8.0
base,last_week,2018-07-16,2018-07-30,3,SP,telephony,Southeast,18.0
base,last_week,2018-07-16,2018-08-06,4,SP,telephony,Central-West,5.0
base,last_week,2018-07-16,2018-08-06,4,SP,telephony,South,8.0
base,last_week,2018-07-16,2018-08-06,4,SP,telephony,Southeast,18.0
base,last_week,2018-07-16,2018-07-16,1,SP,watches_gifts,Central-West,2.0
base,last_week,2018-07-16,2018-07-16,1,SP,watches_gifts,Northeast,17.0
base,last_week,2018-07-16,2018-07-16,1,SP,watches_gifts,Southeast,76.0
base,last_week,2018-07-16,2018-07-23,2,SP,watches_gifts,Central-West,10.0
base,last_week,2018-07-16,2018-07-23,2,SP,watches_gifts,North,5.0
base,last_week,2018-07-16,2018-07-23,2,SP,watches_gifts,Northeast,33.0
base,last_week,2018-07-16,2018-07-23,2,SP,watches_gifts,Southeast,76.0
base,last_week,2018-07-16,2018-07-30,3,SP,watches_gifts,Central-West,10.0
base,last_week,2018-07-16,2018-07-30,3,SP,watches_gifts,North,5.0
base,last_week,2018-07-16,2018-07-30,3,SP,watches_gifts,Northeast,33.0
base,last_week,2018-07-16,2018-07-30,3,SP,watches_gifts,Southeast,76.0
base,last_week,2018-07-16,2018-08-06,4,SP,watches_gifts,Central-West,10.0
base,last_week,2018-07-16,2018-08-06,4,SP,watches_gifts,North,5.0
base,last_week,2018-07-16,2018-08-06,4,SP,watches_gifts,Northeast,33.0
base,last_week,2018-07-16,2018-08-06,4,SP,watches_gifts,Southeast,76.0
base,last_week,2018-07-23,2018-07-23,1,MG,bed_bath_table,Southeast,14.0
base,last_week,2018-07-23,2018-07-30,2,MG,bed_bath_table,Central-West,3.0
base,last_week,2018-07-23,2018-07-30,2,MG,bed_bath_table,Northeast,11.0
base,last_week,2018-07-23,2018-08-06,3,MG,bed_bath_table,Central-West,3.0
base,last_week,2018-07-23,2018-08-06,3,MG,bed_bath_table,Northeast,11.0
base,last_week,2018-07-23,2018-08-13,4,MG,bed_bath_table,Central-West,3.0
base,last_week,2018-07-23,2018-08-13,4,MG,bed_bath_table,Northeast,11.0
base,last_week,2018-07-23,2018-07-23,1,MG,computers_accessories,Southeast,17.0
base,last_week,2018-07-23,2018-07-30,2,MG,computers_accessories,Northeast,12.0
base,last_week,2018-07-23,2018-08-06,3,MG,computers_accessories,Northeast,12.0
base,last_week,2018-07-23,2018-08-13,4,MG,computers_accessories,Northeast,12.0
base,last_week,2018-07-23,2018-07-23,1,MG,furniture_decor,Central-West,5.0
base,last_week,2018-07-23,2018-07-23,1,MG,furniture_decor,Southeast,4.0
base,last_week,2018-07-23,2018-07-30,2,MG,furniture_decor,Central-West,5.0
base,last_week,2018-07-23,2018-07-30,2,MG,furniture_decor,Northeast,8.0
base,last_week,2018-07-23,2018-08-06,3,MG,furniture_decor,Central-West,5.0
base,last_week,2018-07-23,2018-08-06,3,MG,furniture_decor,Northeast,8.0
base,last_week,2018-07-23,2018-08-13,4,MG,furniture_decor,Central-West,5.0
base,last_week,2018-07-23,2018-08-13,4,MG,furniture_decor,Northeast,8.0
base,last_week,2018-07-23,2018-07-23,1,MG,health_beauty,Southeast,14.0
base,last_week,2018-07-23,2018-07-30,2,MG,health_beauty,Northeast,14.0
base,last_week,2018-07-23,2018-08-06,3,MG,health_beauty,Northeast,14.0
base,last_week,2018-07-23,2018-08-13,4,MG,health_beauty,Northeast,14.0
base,last_week,2018-07-23,2018-07-23,1,MG,sports_leisure,Northeast,11.0
base,last_week,2018-07-23,2018-07-30,2,MG,sports_leisure,Northeast,17.0
base,last_week,2018-07-23,2018-08-06,3,MG,sports_leisure,Northeast,17.0
base,last_week,2018-07-23,2018-08-13,4,MG,sports_leisure,Northeast,17.0
base,last_week,2018-07-23,2018-07-23,1,MG,telephony,Southeast,5.0
base,last_week,2018-07-23,2018-07-30,2,MG,telephony,Northeast,5.0
base,last_week,2018-07-23,2018-08-06,3,MG,telephony,Northeast,5.0
base,last_week,2018-07-23,2018-08-13,4,MG,telephony,Northeast,5.0
base,last_week,2018-07-23,2018-07-23,1,PR,auto,South,8.0
base,last_week,2018-07-23,2018-07-30,2,PR,auto,South,8.0
base,last_week,2018-07-23,2018-08-06,3,PR,auto,South,8.0
base,last_week,2018-07-23,2018-08-13,4,PR,auto,South,8.0
base,last_week,2018-07-23,2018-07-23,1,PR,furniture_decor,South,18.0
base,last_week,2018-07-23,2018-07-30,2,PR,furniture_decor,South,22.0
base,last_week,2018-07-23,2018-08-06,3,PR,furniture_decor,South,22.0
base,last_week,2018-07-23,2018-08-13,4,PR,furniture_decor,South,22.0
base,last_week,2018-07-23,2018-07-23,1,PR,health_beauty,South,7.0
base,last_week,2018-07-23,2018-07-30,2,PR,health_beauty,South,17.0
base,last_week,2018-07-23,2018-08-06,3,PR,health_beauty,South,17.0
base,last_week,2018-07-23,2018-08-13,4,PR,health_beauty,South,17.0
base,last_week,2018-07-23,2018-07-30,2,PR,housewares,South,17.0
base,last_week,2018-07-23,2018-08-06,3,PR,housewares,South,17.0
base,last_week,2018-07-23,2018-08-13,4,PR,housewares,South,17.0
base,last_week,2018-07-23,2018-07-23,1,PR,sports_leisure,South,8.0
base,last_week,2018-07-23,2018-07-30,2,PR,sports_leisure,South,3.0
base,last_week,2018-07-23,2018-08-06,3,PR,sports_leisure,South,3.0
base,last_week,2018-07-23,2018-08-13,4,PR,sports_leisure,South,3.0
base,last_week,2018-07-23,2018-07-23,1,PR,watches_gifts,South,8.0
base,last_week,2018-07-23,2018-07-30,2,PR,watches_gifts,South,8.0
base,last_week,2018-07-23,2018-08-06,3,PR,watches_gifts,South,8.0
base,last_week,2018-07-23,2018-08-13,4,PR,watches_gifts,South,8.0
base,last_week,2018-07-23,2018-07-23,1,RJ,auto,Southeast,6.0
base,last_week,2018-07-23,2018-07-30,2,RJ,auto,Central-West,6.0
base,last_week,2018-07-23,2018-08-06,3,RJ,auto,Central-West,6.0
base,last_week,2018-07-23,2018-08-13,4,RJ,auto,Central-West,6.0
base,last_week,2018-07-23,2018-07-30,2,RJ,bed_bath_table,South,10.0
base,last_week,2018-07-23,2018-08-06,3,RJ,bed_bath_table,South,10.0
base,last_week,2018-07-23,2018-08-13,4,RJ,bed_bath_table,South,10.0
base,last_week,2018-07-23,2018-07-23,1,RJ,furniture_decor,Southeast,5.0
base,last_week,2018-07-23,2018-07-30,2,RJ,furniture_decor,Northeast,5.0
base,last_week,2018-07-23,2018-08-06,3,RJ,furniture_decor,Northeast,5.0
base,last_week,2018-07-23,2018-08-13,4,RJ,furniture_decor,Northeast,5.0
base,last_week,2018-07-23,2018-07-23,1,RJ,garden_tools,Northeast,4.0
base,last_week,2018-07-23,2018-07-30,2,RJ,garden_tools,Northeast,4.0
base,last_week,2018-07-23,2018-08-06,3,RJ,garden_tools,Northeast,4.0
base,last_week,2018-07-23,2018-08-13,4,RJ,garden_tools,Northeast,4.0
base,last_week,2018-07-23,2018-07-23,1,RJ,health_beauty,Southeast,44.0
base,last_week,2018-07-23,2018-07-30,2,RJ,health_beauty,Central-West,15.0
base,last_week,2018-07-23,2018-08-06,3,RJ,health_beauty,Central-West,15.0
base,last_week,2018-07-23,2018-08-13,4,RJ,health_beauty,Central-West,15.0
base,last_week,2018-07-23,2018-07-23,1,RJ,housewares,Southeast,8.0
base,last_week,2018-07-23,2018-07-30,2,RJ,housewares,Northeast,8.0
base,last_week,2018-07-23,2018-08-06,3,RJ,housewares,Northeast,8.0
base,last_week,2018-07-23,2018-08-13,4,RJ,housewares,Northeast,8.0
base,last_week,2018-07-23,2018-07-23,1,RJ,sports_leisure,Central-West,8.0
base,last_week,2018-07-23,2018-07-23,1,RJ,sports_leisure,Northeast,2.0
base,last_week,2018-07-23,2018-07-30,2,RJ,sports_leisure,Central-West,8.0
base,last_week,2018-07-23,2018-07-30,2,RJ,sports_leisure,North,4.0
base,last_week,2018-07-23,2018-08-06,3,RJ,sports_leisure,Central-West,8.0
base,last_week,2018-07-23,2018-08-06,3,RJ,sports_leisure,North,4.0
base,last_week,2018-07-23,2018-08-13,4,RJ,sports_leisure,Central-West,8.0
base,last_week,2018-07-23,2018-08-13,4,RJ,sports_leisure,North,4.0
base,last_week,2018-07-23,2018-07-23,1,RJ,telephony,North,4.0
base,last_week,2018-07-23,2018-07-23,1,RJ,telephony,Southeast,4.0
base,last_week,2018-07-23,2018-07-30,2,RJ,telephony,North,4.0
base,last_week,2018-07-23,2018-07-30,2,RJ,telephony,Northeast,2.0
base,last_week,2018-07-23,2018-08-06,3,RJ,telephony,North,4.0
base,last_week,2018-07-23,2018-08-06,3,RJ,telephony,Northeast,2.0
base,last_week,2018-07-23,2018-08-13,4,RJ,telephony,North,4.0
base,last_week,2018-07-23,2018-08-13,4,RJ,telephony,Northeast,2.0
base,last_week,2018-07-23,2018-07-23,1,RS,auto,South,3.0
base,last_week,2018-07-23,2018-07-30,2,RS,auto,North,3.0
base,last_week,2018-07-23,2018-08-06,3,RS,auto,North,3.0
base,last_week,2018-07-23,2018-08-13,4,RS,auto,North,3.0
base,last_week,2018-07-23,2018-07-23,1,RS,bed_bath_table,South,6.0
base,last_week,2018-07-23,2018-07-30,2,RS,bed_bath_table,North,2.0
base,last_week,2018-07-23,2018-07-30,2,RS,bed_bath_table,South,4.0
base,last_week,2018-07-23,2018-08-06,3,RS,bed_bath_table,North,2.0
base,last_week,2018-07-23,2018-08-06,3,RS,bed_bath_table,South,4.0
base,last_week,2018-07-23,2018-08-13,4,RS,bed_bath_table,North,2.0
base,last_week,2018-07-23,2018-08-13,4,RS,bed_bath_table,South,4.0
base,last_week,2018-07-23,2018-07-23,1,RS,computers_accessories,South,10.0
base,last_week,2018-07-23,2018-07-30,2,RS,computers_accessories,South,11.0
base,last_week,2018-07-23,2018-08-06,3,RS,computers_accessories,South,11.0
base,last_week,2018-07-23,2018-08-13,4,RS,computers_accessories,South,11.0
base,last_week,2018-07-23,2018-07-23,1,RS,furniture_decor,South,3.0
base,last_week,2018-07-23,2018-07-30,2,RS,furniture_decor,North,5.0
base,last_week,2018-07-23,2018-08-06,3,RS,furniture_decor,North,5.0
base,last_week,2018-07-23,2018-08-13,4,RS,furniture_decor,North,5.0
base,last_week,2018-07-23,2018-07-23,1,RS,garden_tools,North,2.0
base,last_week,2018-07-23,2018-07-30,2,RS,garden_tools,North,2.0
base,last_week,2018-07-23,2018-08-06,3,RS,garden_tools,North,2.0
base,last_week,2018-07-23,2018-08-13,4,RS,garden_tools,North,2.0
base,last_week,2018-07-23,2018-07-23,1,RS,health_beauty,South,7.0
base,last_week,2018-07-23,2018-07-30,2,RS,health_beauty,South,8.0
base,last_week,2018-07-23,2018-08-06,3,RS,health_beauty,South,8.0
base,last_week,2018-07-23,2018-08-13,4,RS,health_beauty,South,8.0
base,last_week,2018-07-23,2018-07-23,1,RS,housewares,South,3.0
base,last_week,2018-07-23,2018-07-30,2,RS,housewares,South,11.0
base,last_week,2018-07-23,2018-08-06,3,RS,housewares,South,11.0
base,last_week,2018-07-23,2018-08-13,4,RS,housewares,South,11.0
base,last_week,2018-07-23,2018-07-23,1,RS,telephony,South,5.0
base,last_week,2018-07-23,2018-07-30,2,RS,telephony,South,5.0
base,last_week,2018-07-23,2018-08-06,3,RS,telephony,South,5.0
base,last_week,2018-07-23,2018-08-13,4,RS,telephony,South,5.0
base,last_week,2018-07-23,2018-07-23,1,RS,watches_gifts,South,1.0
base,last_week,2018-07-23,2018-07-30,2,RS,watches_gifts,South,5.0
base,last_week,2018-07-23,2018-08-06,3,RS,watches_gifts,South,5.0
base,last_week,2018-07-23,2018-08-13,4,RS,watches_gifts,South,5.0
base,last_week,2018-07-23,2018-07-23,1,SC,bed_bath_table,South,17.0
base,last_week,2018-07-23,2018-07-30,2,SC,bed_bath_table,South,11.0
base,last_week,2018-07-23,2018-08-06,3,SC,bed_bath_table,South,11.0
base,last_week,2018-07-23,2018-08-13,4,SC,bed_bath_table,South,11.0
base,last_week,2018-07-23,2018-07-23,1,SC,computers_accessories,South,9.0
base,last_week,2018-07-23,2018-07-30,2,SC,computers_accessories,South,9.0
base,last_week,2018-07-23,2018-08-06,3,SC,computers_accessories,South,9.0
base,last_week,2018-07-23,2018-08-13,4,SC,computers_accessories,South,9.0
base,last_week,2018-07-23,2018-07-30,2,SC,furniture_decor,South,6.0
base,last_week,2018-07-23,2018-08-06,3,SC,furniture_decor,South,6.0
base,last_week,2018-07-23,2018-08-13,4,SC,furniture_decor,South,6.0
base,last_week,2018-07-23,2018-07-23,1,SC,garden_tools,Central-West,5.0
base,last_week,2018-07-23,2018-07-23,1,SC,garden_tools,South,5.0
base,last_week,2018-07-23,2018-07-30,2,SC,garden_tools,Central-West,5.0
base,last_week,2018-07-23,2018-07-30,2,SC,garden_tools,South,3.0
base,last_week,2018-07-23,2018-08-06,3,SC,garden_tools,Central-West,5.0
base,last_week,2018-07-23,2018-08-06,3,SC,garden_tools,South,3.0
base,last_week,2018-07-23,2018-08-13,4,SC,garden_tools,Central-West,5.0
base,last_week,2018-07-23,2018-08-13,4,SC,garden_tools,South,3.0
base,last_week,2018-07-23,2018-07-23,1,SC,sports_leisure,South,11.0
base,last_week,2018-07-23,2018-07-30,2,SC,sports_leisure,South,18.0
base,last_week,2018-07-23,2018-08-06,3,SC,sports_leisure,South,18.0
base,last_week,2018-07-23,2018-08-13,4,SC,sports_leisure,South,18.0
base,last_week,2018-07-23,2018-07-23,1,SC,watches_gifts,South,9.0
base,last_week,2018-07-23,2018-07-30,2,SC,watches_gifts,South,9.0
base,last_week,2018-07-23,2018-08-06,3,SC,watches_gifts,South,9.0
base,last_week,2018-07-23,2018-08-13,4,SC,watches_gifts,South,9.0
base,last_week,2018-07-23,2018-07-23,1,SP,auto,Southeast,37.0
base,last_week,2018-07-23,2018-07-30,2,SP,auto,Central-West,3.0
base,last_week,2018-07-23,2018-07-30,2,SP,auto,North,3.0
base,last_week,2018-07-23,2018-07-30,2,SP,auto,Northeast,16.0
base,last_week,2018-07-23,2018-07-30,2,SP,auto,South,12.0
base,last_week,2018-07-23,2018-07-30,2,SP,auto,Southeast,64.0
base,last_week,2018-07-23,2018-08-06,3,SP,auto,Central-West,3.0
base,last_week,2018-07-23,2018-08-06,3,SP,auto,North,3.0
base,last_week,2018-07-23,2018-08-06,3,SP,auto,Northeast,16.0
base,last_week,2018-07-23,2018-08-06,3,SP,auto,South,12.0
base,last_week,2018-07-23,2018-08-06,3,SP,auto,Southeast,64.0
base,last_week,2018-07-23,2018-08-13,4,SP,auto,Central-West,3.0
base,last_week,2018-07-23,2018-08-13,4,SP,auto,North,3.0
base,last_week,2018-07-23,2018-08-13,4,SP,auto,Northeast,16.0
base,last_week,2018-07-23,2018-08-13,4,SP,auto,South,12.0
base,last_week,2018-07-23,2018-08-13,4,SP,auto,Southeast,64.0
base,last_week,2018-07-23,2018-07-23,1,SP,bed_bath_table,Southeast,48.0
base,last_week,2018-07-23,2018-07-30,2,SP,bed_bath_table,Central-West,10.0
base,last_week,2018-07-23,2018-07-30,2,SP,bed_bath_table,Southeast,167.0
base,last_week,2018-07-23,2018-08-06,3,SP,bed_bath_table,Central-West,10.0
base,last_week,2018-07-23,2018-08-06,3,SP,bed_bath_table,Southeast,167.0
base,last_week,2018-07-23,2018-08-13,4,SP,bed_bath_table,Central-West,10.0
base,last_week,2018-07-23,2018-08-13,4,SP,bed_bath_table,Southeast,167.0
base,last_week,2018-07-23,2018-07-23,1,SP,computers_accessories,Southeast,42.0
base,last_week,2018-07-23,2018-07-30,2,SP,computers_accessories,Central-West,10.0
base,last_week,2018-07-23,2018-07-30,2,SP,computers_accessories,North,5.0
base,last_week,2018-07-23,2018-07-30,2,SP,computers_accessories,Southeast,79.0
base,last_week,2018-07-23,2018-08-06,3,SP,computers_accessories,Central-West,10.0
base,last_week,2018-07-23,2018-08-06,3,SP,computers_accessories,North,5.0
base,last_week,2018-07-23,2018-08-06,3,SP,computers_accessories,Southeast,79.0
base,last_week,2018-07-23,2018-08-13,4,SP,computers_accessories,Central-West,10.0
base,last_week,2018-07-23,2018-08-13,4,SP,computers_accessories,North,5.0
base,last_week,2018-07-23,2018-08-13,4,SP,computers_accessories,Southeast,79.0
base,last_week,2018-07-23,2018-07-23,1,SP,furniture_decor,Southeast,49.0
base,last_week,2018-07-23,2018-07-30,2,SP,furniture_decor,Southeast,92.0
base,last_week,2018-07-23,2018-08-06,3,SP,furniture_decor,Southeast,92.0
base,last_week,2018-07-23,2018-08-13,4,SP,furniture_decor,Southeast,92.0
base,last_week,2018-07-23,2018-07-23,1,SP,garden_tools,Northeast,3.0
base,last_week,2018-07-23,2018-07-23,1,SP,garden_tools,South,1.0
base,last_week,2018-07-23,2018-07-23,1,SP,garden_tools,Southeast,36.0
base,last_week,2018-07-23,2018-07-30,2,SP,garden_tools,Northeast,3.0
base,last_week,2018-07-23,2018-07-30,2,SP,garden_tools,South,3.0
base,last_week,2018-07-23,2018-07-30,2,SP,garden_tools,Southeast,36.0
base,last_week,2018-07-23,2018-08-06,3,SP,garden_tools,Northeast,3.0
base,last_week,2018-07-23,2018-08-06,3,SP,garden_tools,South,3.0
base,last_week,2018-07-23,2018-08-06,3,SP,garden_tools,Southeast,36.0
base,last_week,2018-07-23,2018-08-13,4,SP,garden_tools,Northeast,3.0
base,last_week,2018-07-23,2018-08-13,4,SP,garden_tools,South,3.0
base,last_week,2018-07-23,2018-08-13,4,SP,garden_tools,Southeast,36.0
base,last_week,2018-07-23,2018-07-23,1,SP,health_beauty,Southeast,70.0
base,last_week,2018-07-23,2018-07-30,2,SP,health_beauty,Central-West,2.0
base,last_week,2018-07-23,2018-07-30,2,SP,health_beauty,North,4.0
base,last_week,2018-07-23,2018-07-30,2,SP,health_beauty,Northeast,18.0
base,last_week,2018-07-23,2018-07-30,2,SP,health_beauty,Southeast,174.0
base,last_week,2018-07-23,2018-08-06,3,SP,health_beauty,Central-West,2.0
base,last_week,2018-07-23,2018-08-06,3,SP,health_beauty,North,4.0
base,last_week,2018-07-23,2018-08-06,3,SP,health_beauty,Northeast,18.0
base,last_week,2018-07-23,2018-08-06,3,SP,health_beauty,Southeast,174.0
base,last_week,2018-07-23,2018-08-13,4,SP,health_beauty,Central-West,2.0
base,last_week,2018-07-23,2018-08-13,4,SP,health_beauty,North,4.0
base,last_week,2018-07-23,2018-08-13,4,SP,health_beauty,Northeast,18.0
base,last_week,2018-07-23,2018-08-13,4,SP,health_beauty,Southeast,174.0
base,last_week,2018-07-23,2018-07-23,1,SP,housewares,Southeast,77.0
base,last_week,2018-07-23,2018-07-30,2,SP,housewares,Central-West,14.0
base,last_week,2018-07-23,2018-07-30,2,SP,housewares,North,2.0
base,last_week,2018-07-23,2018-07-30,2,SP,housewares,South,9.0
base,last_week,2018-07-23,2018-07-30,2,SP,housewares,Southeast,96.0
base,last_week,2018-07-23,2018-08-06,3,SP,housewares,Central-West,14.0
base,last_week,2018-07-23,2018-08-06,3,SP,housewares,North,2.0
base,last_week,2018-07-23,2018-08-06,3,SP,housewares,South,9.0
base,last_week,2018-07-23,2018-08-06,3,SP,housewares,Southeast,96.0
base,last_week,2018-07-23,2018-08-13,4,SP,housewares,Central-West,14.0
base,last_week,2018-07-23,2018-08-13,4,SP,housewares,North,2.0
base,last_week,2018-07-23,2018-08-13,4,SP,housewares,South,9.0
base,last_week,2018-07-23,2018-08-13,4,SP,housewares,Southeast,96.0
base,last_week,2018-07-23,2018-07-23,1,SP,sports_leisure,Northeast,4.0
base,last_week,2018-07-23,2018-07-23,1,SP,sports_leisure,South,2.0
base,last_week,2018-07-23,2018-07-23,1,SP,sports_leisure,Southeast,75.0
base,last_week,2018-07-23,2018-07-30,2,SP,sports_leisure,Northeast,4.0
base,last_week,2018-07-23,2018-07-30,2,SP,sports_leisure,Southeast,75.0
base,last_week,2018-07-23,2018-08-06,3,SP,sports_leisure,Northeast,4.0
base,last_week,2018-07-23,2018-08-06,3,SP,sports_leisure,Southeast,75.0
base,last_week,2018-07-23,2018-08-13,4,SP,sports_leisure,Northeast,4.0
base,last_week,2018-07-23,2018-08-13,4,SP,sports_leisure,Southeast,75.0
base,last_week,2018-07-23,2018-07-23,1,SP,telephony,Southeast,14.0
base,last_week,2018-07-23,2018-07-30,2,SP,telephony,Central-West,11.0
base,last_week,2018-07-23,2018-07-30,2,SP,telephony,South,6.0
base,last_week,2018-07-23,2018-07-30,2,SP,telephony,Southeast,45.0
base,last_week,2018-07-23,2018-08-06,3,SP,telephony,Central-West,11.0
base,last_week,2018-07-23,2018-08-06,3,SP,telephony,South,6.0
base,last_week,2018-07-23,2018-08-06,3,SP,telephony,Southeast,45.0
base,last_week,2018-07-23,2018-08-13,4,SP,telephony,Central-West,11.0
base,last_week,2018-07-23,2018-08-13,4,SP,telephony,South,6.0
base,last_week,2018-07-23,2018-08-13,4,SP,telephony,Southeast,45.0
base,last_week,2018-07-23,2018-07-23,1,SP,watches_gifts,Central-West,10.0
base,last_week,2018-07-23,2018-07-23,1,SP,watches_gifts,Northeast,2.0
base,last_week,2018-07-23,2018-07-23,1,SP,watches_gifts,South,4.0
base,last_week,2018-07-23,2018-07-23,1,SP,watches_gifts,Southeast,108.0
base,last_week,2018-07-23,2018-07-30,2,SP,watches_gifts,Central-West,10.0
base,last_week,2018-07-23,2018-07-30,2,SP,watches_gifts,North,4.0
base,last_week,2018-07-23,2018-07-30,2,SP,watches_gifts,Northeast,21.0
base,last_week,2018-07-23,2018-07-30,2,SP,watches_gifts,Southeast,108.0
base,last_week,2018-07-23,2018-08-06,3,SP,watches_gifts,Central-West,10.0
base,last_week,2018-07-23,2018-08-06,3,SP,watches_gifts,North,4.0
base,last_week,2018-07-23,2018-08-06,3,SP,watches_gifts,Northeast,21.0
base,last_week,2018-07-23,2018-08-06,3,SP,watches_gifts,Southeast,108.0
base,last_week,2018-07-23,2018-08-13,4,SP,watches_gifts,Central-West,10.0
base,last_week,2018-07-23,2018-08-13,4,SP,watches_gifts,North,4.0
base,last_week,2018-07-23,2018-08-13,4,SP,watches_gifts,Northeast,21.0
base,last_week,2018-07-23,2018-08-13,4,SP,watches_gifts,Southeast,108.0
base,last_week,2018-07-30,2018-07-30,1,MG,bed_bath_table,Central-West,3.0
base,last_week,2018-07-30,2018-07-30,1,MG,bed_bath_table,Northeast,11.0
base,last_week,2018-07-30,2018-08-06,2,MG,bed_bath_table,Central-West,3.0
base,last_week,2018-07-30,2018-08-06,2,MG,bed_bath_table,Northeast,11.0
base,last_week,2018-07-30,2018-08-13,3,MG,bed_bath_table,Central-West,3.0
base,last_week,2018-07-30,2018-08-13,3,MG,bed_bath_table,Northeast,11.0
base,last_week,2018-07-30,2018-08-20,4,MG,bed_bath_table,Central-West,3.0
base,last_week,2018-07-30,2018-08-20,4,MG,bed_bath_table,Northeast,11.0
base,last_week,2018-07-30,2018-07-30,1,MG,computers_accessories,North,3.0
base,last_week,2018-07-30,2018-07-30,1,MG,computers_accessories,Northeast,9.0
base,last_week,2018-07-30,2018-08-06,2,MG,computers_accessories,North,1.0
base,last_week,2018-07-30,2018-08-06,2,MG,computers_accessories,Northeast,11.0
base,last_week,2018-07-30,2018-08-13,3,MG,computers_accessories,North,1.0
base,last_week,2018-07-30,2018-08-13,3,MG,computers_accessories,Northeast,11.0
base,last_week,2018-07-30,2018-08-20,4,MG,computers_accessories,North,1.0
base,last_week,2018-07-30,2018-08-20,4,MG,computers_accessories,Northeast,11.0
base,last_week,2018-07-30,2018-07-30,1,MG,furniture_decor,Central-West,6.0
base,last_week,2018-07-30,2018-07-30,1,MG,furniture_decor,Northeast,7.0
base,last_week,2018-07-30,2018-08-06,2,MG,furniture_decor,Central-West,6.0
base,last_week,2018-07-30,2018-08-06,2,MG,furniture_decor,Northeast,7.0
base,last_week,2018-07-30,2018-08-13,3,MG,furniture_decor,Central-West,6.0
base,last_week,2018-07-30,2018-08-13,3,MG,furniture_decor,Northeast,7.0
base,last_week,2018-07-30,2018-08-20,4,MG,furniture_decor,Central-West,6.0
base,last_week,2018-07-30,2018-08-20,4,MG,furniture_decor,Northeast,7.0
base,last_week,2018-07-30,2018-07-30,1,MG,health_beauty,Northeast,14.0
base,last_week,2018-07-30,2018-08-06,2,MG,health_beauty,Northeast,14.0
base,last_week,2018-07-30,2018-08-13,3,MG,health_beauty,Northeast,14.0
base,last_week,2018-07-30,2018-08-20,4,MG,health_beauty,Northeast,14.0
base,last_week,2018-07-30,2018-08-06,2,MG,housewares,Central-West,1.0
base,last_week,2018-07-30,2018-08-13,3,MG,housewares,Central-West,1.0
base,last_week,2018-07-30,2018-08-20,4,MG,housewares,Central-West,1.0
base,last_week,2018-07-30,2018-07-30,1,MG,sports_leisure,Central-West,7.0
base,last_week,2018-07-30,2018-07-30,1,MG,sports_leisure,Northeast,10.0
base,last_week,2018-07-30,2018-08-06,2,MG,sports_leisure,Central-West,3.0
base,last_week,2018-07-30,2018-08-06,2,MG,sports_leisure,Northeast,10.0
base,last_week,2018-07-30,2018-08-13,3,MG,sports_leisure,Central-West,3.0
base,last_week,2018-07-30,2018-08-13,3,MG,sports_leisure,Northeast,10.0
base,last_week,2018-07-30,2018-08-20,4,MG,sports_leisure,Central-West,3.0
base,last_week,2018-07-30,2018-08-20,4,MG,sports_leisure,Northeast,10.0
base,last_week,2018-07-30,2018-07-30,1,MG,telephony,Northeast,5.0
base,last_week,2018-07-30,2018-08-06,2,MG,telephony,Northeast,5.0
base,last_week,2018-07-30,2018-08-13,3,MG,telephony,Northeast,5.0
base,last_week,2018-07-30,2018-08-20,4,MG,telephony,Northeast,5.0
base,last_week,2018-07-30,2018-07-30,1,PR,auto,South,8.0
base,last_week,2018-07-30,2018-08-06,2,PR,auto,South,8.0
base,last_week,2018-07-30,2018-08-13,3,PR,auto,South,8.0
base,last_week,2018-07-30,2018-08-20,4,PR,auto,South,8.0
base,last_week,2018-07-30,2018-07-30,1,PR,furniture_decor,South,22.0
base,last_week,2018-07-30,2018-08-06,2,PR,furniture_decor,South,26.0
base,last_week,2018-07-30,2018-08-13,3,PR,furniture_decor,South,26.0
base,last_week,2018-07-30,2018-08-20,4,PR,furniture_decor,South,26.0
base,last_week,2018-07-30,2018-07-30,1,PR,health_beauty,South,17.0
base,last_week,2018-07-30,2018-08-06,2,PR,health_beauty,South,9.0
base,last_week,2018-07-30,2018-08-13,3,PR,health_beauty,South,13.0
base,last_week,2018-07-30,2018-08-20,4,PR,health_beauty,South,13.0
base,last_week,2018-07-30,2018-07-30,1,PR,housewares,South,17.0
base,last_week,2018-07-30,2018-08-06,2,PR,housewares,South,17.0
base,last_week,2018-07-30,2018-08-13,3,PR,housewares,South,17.0
base,last_week,2018-07-30,2018-08-20,4,PR,housewares,South,17.0
base,last_week,2018-07-30,2018-07-30,1,PR,sports_leisure,South,3.0
base,last_week,2018-07-30,2018-08-06,2,PR,sports_leisure,South,7.0
base,last_week,2018-07-30,2018-08-13,3,PR,sports_leisure,South,7.0
base,last_week,2018-07-30,2018-08-20,4,PR,sports_leisure,South,7.0
base,last_week,2018-07-30,2018-07-30,1,PR,watches_gifts,North,1.0
base,last_week,2018-07-30,2018-07-30,1,PR,watches_gifts,South,7.0
base,last_week,2018-07-30,2018-08-13,3,PR,watches_gifts,South,8.0
base,last_week,2018-07-30,2018-08-20,4,PR,watches_gifts,South,8.0
base,last_week,2018-07-30,2018-07-30,1,RJ,auto,Central-West,6.0
base,last_week,2018-07-30,2018-08-06,2,RJ,auto,Central-West,6.0
base,last_week,2018-07-30,2018-08-13,3,RJ,auto,Central-West,6.0
base,last_week,2018-07-30,2018-08-20,4,RJ,auto,Central-West,6.0
base,last_week,2018-07-30,2018-07-30,1,RJ,bed_bath_table,South,10.0
base,last_week,2018-07-30,2018-08-06,2,RJ,bed_bath_table,South,10.0
base,last_week,2018-07-30,2018-08-13,3,RJ,bed_bath_table,South,10.0
base,last_week,2018-07-30,2018-08-20,4,RJ,bed_bath_table,South,10.0
base,last_week,2018-07-30,2018-07-30,1,RJ,furniture_decor,Northeast,5.0
base,last_week,2018-07-30,2018-08-06,2,RJ,furniture_decor,Northeast,5.0
base,last_week,2018-07-30,2018-08-13,3,RJ,furniture_decor,Northeast,5.0
base,last_week,2018-07-30,2018-08-20,4,RJ,furniture_decor,Northeast,5.0
base,last_week,2018-07-30,2018-07-30,1,RJ,garden_tools,Southeast,4.0
base,last_week,2018-07-30,2018-08-06,2,RJ,garden_tools,Northeast,4.0
base,last_week,2018-07-30,2018-08-13,3,RJ,garden_tools,Northeast,4.0
base,last_week,2018-07-30,2018-08-20,4,RJ,garden_tools,Northeast,4.0
base,last_week,2018-07-30,2018-07-30,1,RJ,health_beauty,Central-West,6.0
base,last_week,2018-07-30,2018-08-06,2,RJ,health_beauty,Central-West,9.0
base,last_week,2018-07-30,2018-07-30,1,RJ,housewares,Northeast,8.0
base,last_week,2018-07-30,2018-08-06,2,RJ,housewares,Northeast,8.0
base,last_week,2018-07-30,2018-08-13,3,RJ,housewares,Northeast,8.0
base,last_week,2018-07-30,2018-08-20,4,RJ,housewares,Northeast,8.0
base,last_week,2018-07-30,2018-07-30,1,RJ,sports_leisure,Central-West,7.0
base,last_week,2018-07-30,2018-07-30,1,RJ,sports_leisure,North,5.0
base,last_week,2018-07-30,2018-08-06,2,RJ,sports_leisure,Central-West,11.0
base,last_week,2018-07-30,2018-08-06,2,RJ,sports_leisure,North,7.0
base,last_week,2018-07-30,2018-08-13,3,RJ,sports_leisure,Central-West,11.0
base,last_week,2018-07-30,2018-08-13,3,RJ,sports_leisure,North,7.0
base,last_week,2018-07-30,2018-08-20,4,RJ,sports_leisure,Central-West,11.0
base,last_week,2018-07-30,2018-08-20,4,RJ,sports_leisure,North,7.0
base,last_week,2018-07-30,2018-07-30,1,RJ,telephony,North,1.0
base,last_week,2018-07-30,2018-07-30,1,RJ,telephony,Northeast,5.0
base,last_week,2018-07-30,2018-08-06,2,RJ,telephony,North,1.0
base,last_week,2018-07-30,2018-08-06,2,RJ,telephony,Northeast,5.0
base,last_week,2018-07-30,2018-08-13,3,RJ,telephony,North,1.0
base,last_week,2018-07-30,2018-08-13,3,RJ,telephony,Northeast,5.0
base,last_week,2018-07-30,2018-08-20,4,RJ,telephony,North,1.0
base,last_week,2018-07-30,2018-08-20,4,RJ,telephony,Northeast,5.0
base,last_week,2018-07-30,2018-07-30,1,RS,auto,North,3.0
base,last_week,2018-07-30,2018-08-06,2,RS,auto,North,3.0
base,last_week,2018-07-30,2018-08-13,3,RS,auto,North,3.0
base,last_week,2018-07-30,2018-08-20,4,RS,auto,North,3.0
base,last_week,2018-07-30,2018-07-30,1,RS,bed_bath_table,North,3.0
base,last_week,2018-07-30,2018-08-06,2,RS,bed_bath_table,North,3.0
base,last_week,2018-07-30,2018-08-06,2,RS,bed_bath_table,South,6.0
base,last_week,2018-07-30,2018-08-13,3,RS,bed_bath_table,North,3.0
base,last_week,2018-07-30,2018-08-13,3,RS,bed_bath_table,South,3.0
base,last_week,2018-07-30,2018-08-20,4,RS,bed_bath_table,North,3.0
base,last_week,2018-07-30,2018-08-20,4,RS,bed_bath_table,South,3.0
base,last_week,2018-07-30,2018-07-30,1,RS,computers_accessories,South,11.0
base,last_week,2018-07-30,2018-08-06,2,RS,computers_accessories,South,9.0
base,last_week,2018-07-30,2018-08-13,3,RS,computers_accessories,South,9.0
base,last_week,2018-07-30,2018-08-20,4,RS,computers_accessories,South,9.0
base,last_week,2018-07-30,2018-07-30,1,RS,furniture_decor,North,5.0
base,last_week,2018-07-30,2018-08-06,2,RS,furniture_decor,North,5.0
base,last_week,2018-07-30,2018-08-13,3,RS,furniture_decor,North,5.0
base,last_week,2018-07-30,2018-08-20,4,RS,furniture_decor,North,5.0
base,last_week,2018-07-30,2018-07-30,1,RS,garden_tools,North,1.0
base,last_week,2018-07-30,2018-07-30,1,RS,garden_tools,South,1.0
base,last_week,2018-07-30,2018-08-06,2,RS,garden_tools,North,1.0
base,last_week,2018-07-30,2018-08-13,3,RS,garden_tools,North,1.0
base,last_week,2018-07-30,2018-08-20,4,RS,garden_tools,North,1.0
base,last_week,2018-07-30,2018-07-30,1,RS,health_beauty,South,4.0
base,last_week,2018-07-30,2018-08-06,2,RS,health_beauty,South,12.0
base,last_week,2018-07-30,2018-08-13,3,RS,health_beauty,South,8.0
base,last_week,2018-07-30,2018-08-20,4,RS,health_beauty,South,8.0
base,last_week,2018-07-30,2018-07-30,1,RS,housewares,South,11.0
base,last_week,2018-07-30,2018-08-06,2,RS,housewares,South,11.0
base,last_week,2018-07-30,2018-08-13,3,RS,housewares,South,11.0
base,last_week,2018-07-30,2018-08-20,4,RS,housewares,South,11.0
base,last_week,2018-07-30,2018-07-30,1,RS,telephony,South,5.0
base,last_week,2018-07-30,2018-08-06,2,RS,telephony,South,5.0
base,last_week,2018-07-30,2018-08-13,3,RS,telephony,South,5.0
base,last_week,2018-07-30,2018-08-20,4,RS,telephony,South,5.0
base,last_week,2018-07-30,2018-08-06,2,RS,watches_gifts,South,6.0
base,last_week,2018-07-30,2018-07-30,1,SC,bed_bath_table,South,11.0
base,last_week,2018-07-30,2018-08-06,2,SC,bed_bath_table,South,5.0
base,last_week,2018-07-30,2018-08-13,3,SC,bed_bath_table,South,8.0
base,last_week,2018-07-30,2018-08-20,4,SC,bed_bath_table,South,8.0
base,last_week,2018-07-30,2018-07-30,1,SC,computers_accessories,South,7.0
base,last_week,2018-07-30,2018-07-30,1,SC,computers_accessories,Southeast,2.0
base,last_week,2018-07-30,2018-08-06,2,SC,computers_accessories,South,9.0
base,last_week,2018-07-30,2018-08-13,3,SC,computers_accessories,South,9.0
base,last_week,2018-07-30,2018-08-20,4,SC,computers_accessories,South,9.0
base,last_week,2018-07-30,2018-07-30,1,SC,furniture_decor,South,6.0
base,last_week,2018-07-30,2018-08-06,2,SC,furniture_decor,South,6.0
base,last_week,2018-07-30,2018-08-13,3,SC,furniture_decor,South,6.0
base,last_week,2018-07-30,2018-08-20,4,SC,furniture_decor,South,6.0
base,last_week,2018-07-30,2018-07-30,1,SC,garden_tools,Central-West,3.0
base,last_week,2018-07-30,2018-07-30,1,SC,garden_tools,South,5.0
base,last_week,2018-07-30,2018-08-06,2,SC,garden_tools,Central-West,3.0
base,last_week,2018-07-30,2018-08-06,2,SC,garden_tools,South,5.0
base,last_week,2018-07-30,2018-08-13,3,SC,garden_tools,Central-West,3.0
base,last_week,2018-07-30,2018-08-13,3,SC,garden_tools,South,5.0
base,last_week,2018-07-30,2018-08-20,4,SC,garden_tools,Central-West,3.0
base,last_week,2018-07-30,2018-08-20,4,SC,garden_tools,South,5.0
base,last_week,2018-07-30,2018-07-30,1,SC,sports_leisure,South,18.0
base,last_week,2018-07-30,2018-08-06,2,SC,sports_leisure,South,18.0
base,last_week,2018-07-30,2018-08-13,3,SC,sports_leisure,South,18.0
base,last_week,2018-07-30,2018-08-20,4,SC,sports_leisure,South,18.0
base,last_week,2018-07-30,2018-07-30,1,SC,watches_gifts,South,7.0
base,last_week,2018-07-30,2018-08-06,2,SC,watches_gifts,South,8.0
base,last_week,2018-07-30,2018-08-13,3,SC,watches_gifts,South,6.0
base,last_week,2018-07-30,2018-08-20,4,SC,watches_gifts,South,6.0
base,last_week,2018-07-30,2018-07-30,1,SP,auto,Central-West,3.0
base,last_week,2018-07-30,2018-07-30,1,SP,auto,North,2.0
base,last_week,2018-07-30,2018-07-30,1,SP,auto,Northeast,11.0
base,last_week,2018-07-30,2018-07-30,1,SP,auto,South,7.0
base,last_week,2018-07-30,2018-07-30,1,SP,auto,Southeast,75.0
base,last_week,2018-07-30,2018-08-06,2,SP,auto,Central-West,3.0
base,last_week,2018-07-30,2018-08-06,2,SP,auto,North,2.0
base,last_week,2018-07-30,2018-08-06,2,SP,auto,Northeast,14.0
base,last_week,2018-07-30,2018-08-06,2,SP,auto,South,7.0
base,last_week,2018-07-30,2018-08-06,2,SP,auto,Southeast,75.0
base,last_week,2018-07-30,2018-08-13,3,SP,auto,Central-West,3.0
base,last_week,2018-07-30,2018-08-13,3,SP,auto,North,2.0
base,last_week,2018-07-30,2018-08-13,3,SP,auto,Northeast,14.0
base,last_week,2018-07-30,2018-08-13,3,SP,auto,South,7.0
base,last_week,2018-07-30,2018-08-13,3,SP,auto,Southeast,75.0
base,last_week,2018-07-30,2018-08-20,4,SP,auto,Central-West,3.0
base,last_week,2018-07-30,2018-08-20,4,SP,auto,North,2.0
base,last_week,2018-07-30,2018-08-20,4,SP,auto,Northeast,14.0
base,last_week,2018-07-30,2018-08-20,4,SP,auto,South,7.0
base,last_week,2018-07-30,2018-08-20,4,SP,auto,Southeast,75.0
base,last_week,2018-07-30,2018-07-30,1,SP,bed_bath_table,Central-West,9.0
base,last_week,2018-07-30,2018-07-30,1,SP,bed_bath_table,Southeast,141.0
base,last_week,2018-07-30,2018-08-06,2,SP,bed_bath_table,Central-West,9.0
base,last_week,2018-07-30,2018-08-06,2,SP,bed_bath_table,Southeast,141.0
base,last_week,2018-07-30,2018-08-13,3,SP,bed_bath_table,Central-West,9.0
base,last_week,2018-07-30,2018-08-13,3,SP,bed_bath_table,Southeast,141.0
base,last_week,2018-07-30,2018-08-20,4,SP,bed_bath_table,Central-West,9.0
base,last_week,2018-07-30,2018-08-20,4,SP,bed_bath_table,Southeast,141.0
base,last_week,2018-07-30,2018-07-30,1,SP,computers_accessories,Central-West,8.0
base,last_week,2018-07-30,2018-07-30,1,SP,computers_accessories,North,4.0
base,last_week,2018-07-30,2018-07-30,1,SP,computers_accessories,Southeast,82.0
base,last_week,2018-07-30,2018-08-06,2,SP,computers_accessories,Central-West,8.0
base,last_week,2018-07-30,2018-08-06,2,SP,computers_accessories,North,6.0
base,last_week,2018-07-30,2018-08-06,2,SP,computers_accessories,Southeast,94.0
base,last_week,2018-07-30,2018-08-13,3,SP,computers_accessories,Central-West,8.0
base,last_week,2018-07-30,2018-08-13,3,SP,computers_accessories,North,6.0
base,last_week,2018-07-30,2018-08-13,3,SP,computers_accessories,Southeast,94.0
base,last_week,2018-07-30,2018-08-20,4,SP,computers_accessories,Central-West,8.0
base,last_week,2018-07-30,2018-08-20,4,SP,computers_accessories,North,6.0
base,last_week,2018-07-30,2018-08-20,4,SP,computers_accessories,Southeast,94.0
base,last_week,2018-07-30,2018-07-30,1,SP,furniture_decor,Southeast,92.0
base,last_week,2018-07-30,2018-08-06,2,SP,furniture_decor,North,3.0
base,last_week,2018-07-30,2018-08-06,2,SP,furniture_decor,Southeast,99.0
base,last_week,2018-07-30,2018-08-13,3,SP,furniture_decor,North,3.0
base,last_week,2018-07-30,2018-08-13,3,SP,furniture_decor,Southeast,99.0
base,last_week,2018-07-30,2018-08-20,4,SP,furniture_decor,North,3.0
base,last_week,2018-07-30,2018-08-20,4,SP,furniture_decor,Southeast,99.0
base,last_week,2018-07-30,2018-07-30,1,SP,garden_tools,Southeast,42.0
base,last_week,2018-07-30,2018-08-06,2,SP,garden_tools,Northeast,4.0
base,last_week,2018-07-30,2018-08-06,2,SP,garden_tools,South,3.0
base,last_week,2018-07-30,2018-08-06,2,SP,garden_tools,Southeast,55.0
base,last_week,2018-07-30,2018-08-13,3,SP,garden_tools,Northeast,4.0
base,last_week,2018-07-30,2018-08-13,3,SP,garden_tools,South,3.0
base,last_week,2018-07-30,2018-08-13,3,SP,garden_tools,Southeast,55.0
base,last_week,2018-07-30,2018-08-20,4,SP,garden_tools,Northeast,4.0
base,last_week,2018-07-30,2018-08-20,4,SP,garden_tools,South,3.0
base,last_week,2018-07-30,2018-08-20,4,SP,garden_tools,Southeast,55.0
base,last_week,2018-07-30,2018-07-30,1,SP,health_beauty,Central-West,3.0
base,last_week,2018-07-30,2018-07-30,1,SP,health_beauty,North,8.0
base,last_week,2018-07-30,2018-07-30,1,SP,health_beauty,Northeast,11.0
base,last_week,2018-07-30,2018-07-30,1,SP,health_beauty,Southeast,140.0
base,last_week,2018-07-30,2018-08-06,2,SP,health_beauty,North,8.0
base,last_week,2018-07-30,2018-08-06,2,SP,health_beauty,Northeast,11.0
base,last_week,2018-07-30,2018-08-06,2,SP,health_beauty,Southeast,140.0
base,last_week,2018-07-30,2018-08-13,3,SP,health_beauty,Central-West,9.0
base,last_week,2018-07-30,2018-08-13,3,SP,health_beauty,North,8.0
base,last_week,2018-07-30,2018-08-13,3,SP,health_beauty,Northeast,11.0
base,last_week,2018-07-30,2018-08-13,3,SP,health_beauty,Southeast,140.0
base,last_week,2018-07-30,2018-08-20,4,SP,health_beauty,Central-West,9.0
base,last_week,2018-07-30,2018-08-20,4,SP,health_beauty,North,8.0
base,last_week,2018-07-30,2018-08-20,4,SP,health_beauty,Northeast,11.0
base,last_week,2018-07-30,2018-08-20,4,SP,health_beauty,Southeast,140.0
base,last_week,2018-07-30,2018-07-30,1,SP,housewares,Central-West,13.0
base,last_week,2018-07-30,2018-07-30,1,SP,housewares,North,1.0
base,last_week,2018-07-30,2018-07-30,1,SP,housewares,Southeast,107.0
base,last_week,2018-07-30,2018-08-06,2,SP,housewares,Central-West,22.0
base,last_week,2018-07-30,2018-08-06,2,SP,housewares,North,1.0
base,last_week,2018-07-30,2018-08-06,2,SP,housewares,Northeast,1.0
base,last_week,2018-07-30,2018-08-06,2,SP,housewares,South,4.0
base,last_week,2018-07-30,2018-08-06,2,SP,housewares,Southeast,131.0
base,last_week,2018-07-30,2018-08-13,3,SP,housewares,Central-West,22.0
base,last_week,2018-07-30,2018-08-13,3,SP,housewares,North,1.0
base,last_week,2018-07-30,2018-08-13,3,SP,housewares,Northeast,1.0
base,last_week,2018-07-30,2018-08-13,3,SP,housewares,South,4.0
base,last_week,2018-07-30,2018-08-13,3,SP,housewares,Southeast,131.0
base,last_week,2018-07-30,2018-08-20,4,SP,housewares,Central-West,22.0
base,last_week,2018-07-30,2018-08-20,4,SP,housewares,North,1.0
base,last_week,2018-07-30,2018-08-20,4,SP,housewares,Northeast,1.0
base,last_week,2018-07-30,2018-08-20,4,SP,housewares,South,4.0
base,last_week,2018-07-30,2018-08-20,4,SP,housewares,Southeast,131.0
base,last_week,2018-07-30,2018-07-30,1,SP,sports_leisure,Southeast,79.0
base,last_week,2018-07-30,2018-08-06,2,SP,sports_leisure,Southeast,100.0
base,last_week,2018-07-30,2018-08-13,3,SP,sports_leisure,Southeast,100.0
base,last_week,2018-07-30,2018-08-20,4,SP,sports_leisure,Southeast,100.0
base,last_week,2018-07-30,2018-07-30,1,SP,telephony,Central-West,8.0
base,last_week,2018-07-30,2018-07-30,1,SP,telephony,Northeast,10.0
base,last_week,2018-07-30,2018-07-30,1,SP,telephony,South,1.0
base,last_week,2018-07-30,2018-07-30,1,SP,telephony,Southeast,43.0
base,last_week,2018-07-30,2018-08-06,2,SP,telephony,Central-West,8.0
base,last_week,2018-07-30,2018-08-06,2,SP,telephony,Northeast,10.0
base,last_week,2018-07-30,2018-08-06,2,SP,telephony,South,3.0
base,last_week,2018-07-30,2018-08-06,2,SP,telephony,Southeast,43.0
base,last_week,2018-07-30,2018-08-13,3,SP,telephony,Central-West,8.0
base,last_week,2018-07-30,2018-08-13,3,SP,telephony,Northeast,10.0
base,last_week,2018-07-30,2018-08-13,3,SP,telephony,South,3.0
base,last_week,2018-07-30,2018-08-13,3,SP,telephony,Southeast,43.0
base,last_week,2018-07-30,2018-08-20,4,SP,telephony,Central-West,8.0
base,last_week,2018-07-30,2018-08-20,4,SP,telephony,Northeast,10.0
base,last_week,2018-07-30,2018-08-20,4,SP,telephony,South,3.0
base,last_week,2018-07-30,2018-08-20,4,SP,telephony,Southeast,43.0
base,last_week,2018-07-30,2018-07-30,1,SP,watches_gifts,Central-West,12.0
base,last_week,2018-07-30,2018-07-30,1,SP,watches_gifts,North,5.0
base,last_week,2018-07-30,2018-07-30,1,SP,watches_gifts,Northeast,26.0
base,last_week,2018-07-30,2018-07-30,1,SP,watches_gifts,Southeast,80.0
base,last_week,2018-07-30,2018-08-06,2,SP,watches_gifts,Central-West,12.0
base,last_week,2018-07-30,2018-08-06,2,SP,watches_gifts,North,6.0
base,last_week,2018-07-30,2018-08-06,2,SP,watches_gifts,Northeast,26.0
base,last_week,2018-07-30,2018-08-06,2,SP,watches_gifts,Southeast,80.0
base,last_week,2018-07-30,2018-08-13,3,SP,watches_gifts,Central-West,12.0
base,last_week,2018-07-30,2018-08-13,3,SP,watches_gifts,North,6.0
base,last_week,2018-07-30,2018-08-13,3,SP,watches_gifts,Northeast,26.0
base,last_week,2018-07-30,2018-08-13,3,SP,watches_gifts,Southeast,80.0
base,last_week,2018-07-30,2018-08-20,4,SP,watches_gifts,Central-West,12.0
base,last_week,2018-07-30,2018-08-20,4,SP,watches_gifts,North,6.0
base,last_week,2018-07-30,2018-08-20,4,SP,watches_gifts,Northeast,26.0
base,last_week,2018-07-30,2018-08-20,4,SP,watches_gifts,Southeast,80.0
base,last_week,2018-08-06,2018-08-06,1,MG,bed_bath_table,Central-West,8.0
base,last_week,2018-08-06,2018-08-06,1,MG,bed_bath_table,Southeast,7.0
base,last_week,2018-08-06,2018-08-13,2,MG,bed_bath_table,Central-West,2.0
base,last_week,2018-08-06,2018-08-13,2,MG,bed_bath_table,Northeast,12.0
base,last_week,2018-08-06,2018-08-20,3,MG,bed_bath_table,Central-West,2.0
base,last_week,2018-08-06,2018-08-20,3,MG,bed_bath_table,Northeast,12.0
base,last_week,2018-08-06,2018-08-27,4,MG,bed_bath_table,Central-West,2.0
base,last_week,2018-08-06,2018-08-27,4,MG,bed_bath_table,Northeast,12.0
base,last_week,2018-08-06,2018-08-06,1,MG,computers_accessories,Central-West,8.0
base,last_week,2018-08-06,2018-08-06,1,MG,computers_accessories,Southeast,4.0
base,last_week,2018-08-06,2018-08-13,2,MG,computers_accessories,Central-West,9.0
base,last_week,2018-08-06,2018-08-13,2,MG,computers_accessories,North,10.0
base,last_week,2018-08-06,2018-08-13,2,MG,computers_accessories,Northeast,14.0
base,last_week,2018-08-06,2018-08-13,2,MG,computers_accessories,Southeast,12.0
base,last_week,2018-08-06,2018-08-20,3,MG,computers_accessories,Central-West,9.0
base,last_week,2018-08-06,2018-08-20,3,MG,computers_accessories,North,10.0
base,last_week,2018-08-06,2018-08-20,3,MG,computers_accessories,Northeast,14.0
base,last_week,2018-08-06,2018-08-20,3,MG,computers_accessories,Southeast,12.0
base,last_week,2018-08-06,2018-08-27,4,MG,computers_accessories,Central-West,9.0
base,last_week,2018-08-06,2018-08-27,4,MG,computers_accessories,North,10.0
base,last_week,2018-08-06,2018-08-27,4,MG,computers_accessories,Northeast,14.0
base,last_week,2018-08-06,2018-08-27,4,MG,computers_accessories,Southeast,12.0
base,last_week,2018-08-06,2018-08-06,1,MG,furniture_decor,Central-West,8.0
base,last_week,2018-08-06,2018-08-06,1,MG,furniture_decor,Southeast,5.0
base,last_week,2018-08-06,2018-08-13,2,MG,furniture_decor,Central-West,8.0
base,last_week,2018-08-06,2018-08-13,2,MG,furniture_decor,Northeast,7.0
base,last_week,2018-08-06,2018-08-20,3,MG,furniture_decor,Central-West,8.0
base,last_week,2018-08-06,2018-08-20,3,MG,furniture_decor,Northeast,7.0
base,last_week,2018-08-06,2018-08-27,4,MG,furniture_decor,Central-West,8.0
base,last_week,2018-08-06,2018-08-27,4,MG,furniture_decor,Northeast,7.0
base,last_week,2018-08-06,2018-08-06,1,MG,health_beauty,Southeast,14.0
base,last_week,2018-08-06,2018-08-13,2,MG,health_beauty,Northeast,14.0
base,last_week,2018-08-06,2018-08-20,3,MG,health_beauty,Northeast,14.0
base,last_week,2018-08-06,2018-08-27,4,MG,health_beauty,Northeast,14.0
base,last_week,2018-08-06,2018-08-06,1,MG,housewares,Central-West,1.0
base,last_week,2018-08-06,2018-08-13,2,MG,housewares,Central-West,21.0
base,last_week,2018-08-06,2018-08-13,2,MG,housewares,Southeast,4.0
base,last_week,2018-08-06,2018-08-20,3,MG,housewares,Central-West,21.0
base,last_week,2018-08-06,2018-08-20,3,MG,housewares,Southeast,4.0
base,last_week,2018-08-06,2018-08-27,4,MG,housewares,Central-West,21.0
base,last_week,2018-08-06,2018-08-27,4,MG,housewares,Southeast,4.0
base,last_week,2018-08-06,2018-08-06,1,MG,sports_leisure,Central-West,8.0
base,last_week,2018-08-06,2018-08-06,1,MG,sports_leisure,Northeast,5.0
base,last_week,2018-08-06,2018-08-13,2,MG,sports_leisure,Central-West,1.0
base,last_week,2018-08-06,2018-08-13,2,MG,sports_leisure,Northeast,15.0
base,last_week,2018-08-06,2018-08-20,3,MG,sports_leisure,Central-West,1.0
base,last_week,2018-08-06,2018-08-20,3,MG,sports_leisure,Northeast,15.0
base,last_week,2018-08-06,2018-08-27,4,MG,sports_leisure,Central-West,1.0
base,last_week,2018-08-06,2018-08-27,4,MG,sports_leisure,Northeast,15.0
base,last_week,2018-08-06,2018-08-06,1,MG,telephony,Central-West,5.0
base,last_week,2018-08-06,2018-08-13,2,MG,telephony,Northeast,5.0
base,last_week,2018-08-06,2018-08-20,3,MG,telephony,Northeast,5.0
base,last_week,2018-08-06,2018-08-27,4,MG,telephony,Northeast,5.0
base,last_week,2018-08-06,2018-08-13,2,MG,watches_gifts,Northeast,10.0
base,last_week,2018-08-06,2018-08-20,3,MG,watches_gifts,Northeast,10.0
base,last_week,2018-08-06,2018-08-27,4,MG,watches_gifts,Northeast,10.0
base,last_week,2018-08-06,2018-08-06,1,PR,auto,South,8.0
base,last_week,2018-08-06,2018-08-13,2,PR,auto,South,8.0
base,last_week,2018-08-06,2018-08-20,3,PR,auto,South,8.0
base,last_week,2018-08-06,2018-08-27,4,PR,auto,South,8.0
base,last_week,2018-08-06,2018-08-06,1,PR,furniture_decor,South,20.0
base,last_week,2018-08-06,2018-08-06,1,PR,furniture_decor,Southeast,6.0
base,last_week,2018-08-06,2018-08-13,2,PR,furniture_decor,South,16.0
base,last_week,2018-08-06,2018-08-20,3,PR,furniture_decor,South,16.0
base,last_week,2018-08-06,2018-08-27,4,PR,furniture_decor,South,16.0
base,last_week,2018-08-06,2018-08-06,1,PR,health_beauty,South,13.0
base,last_week,2018-08-06,2018-08-13,2,PR,health_beauty,South,16.0
base,last_week,2018-08-06,2018-08-20,3,PR,health_beauty,South,16.0
base,last_week,2018-08-06,2018-08-27,4,PR,health_beauty,South,16.0
base,last_week,2018-08-06,2018-08-06,1,PR,housewares,South,17.0
base,last_week,2018-08-06,2018-08-13,2,PR,housewares,South,17.0
base,last_week,2018-08-06,2018-08-20,3,PR,housewares,South,17.0
base,last_week,2018-08-06,2018-08-27,4,PR,housewares,South,17.0
base,last_week,2018-08-06,2018-08-06,1,PR,sports_leisure,South,3.0
base,last_week,2018-08-06,2018-08-06,1,PR,sports_leisure,Southeast,4.0
base,last_week,2018-08-06,2018-08-13,2,PR,sports_leisure,South,3.0
base,last_week,2018-08-06,2018-08-20,3,PR,sports_leisure,South,3.0
base,last_week,2018-08-06,2018-08-27,4,PR,sports_leisure,South,3.0
base,last_week,2018-08-06,2018-08-13,2,PR,watches_gifts,South,8.0
base,last_week,2018-08-06,2018-08-20,3,PR,watches_gifts,South,8.0
base,last_week,2018-08-06,2018-08-27,4,PR,watches_gifts,South,8.0
base,last_week,2018-08-06,2018-08-06,1,RJ,auto,Central-West,6.0
base,last_week,2018-08-06,2018-08-13,2,RJ,auto,Central-West,6.0
base,last_week,2018-08-06,2018-08-20,3,RJ,auto,Central-West,6.0
base,last_week,2018-08-06,2018-08-27,4,RJ,auto,Central-West,6.0
base,last_week,2018-08-06,2018-08-06,1,RJ,bed_bath_table,Southeast,14.0
base,last_week,2018-08-06,2018-08-13,2,RJ,bed_bath_table,South,10.0
base,last_week,2018-08-06,2018-08-20,3,RJ,bed_bath_table,South,10.0
base,last_week,2018-08-06,2018-08-27,4,RJ,bed_bath_table,South,10.0
base,last_week,2018-08-06,2018-08-06,1,RJ,furniture_decor,Southeast,5.0
base,last_week,2018-08-06,2018-08-13,2,RJ,furniture_decor,Northeast,5.0
base,last_week,2018-08-06,2018-08-20,3,RJ,furniture_decor,Northeast,5.0
base,last_week,2018-08-06,2018-08-27,4,RJ,furniture_decor,Northeast,5.0
base,last_week,2018-08-06,2018-08-06,1,RJ,garden_tools,Northeast,3.0
base,last_week,2018-08-06,2018-08-13,2,RJ,garden_tools,Northeast,5.0
base,last_week,2018-08-06,2018-08-20,3,RJ,garden_tools,Northeast,5.0
base,last_week,2018-08-06,2018-08-27,4,RJ,garden_tools,Northeast,4.0
base,last_week,2018-08-06,2018-08-06,1,RJ,health_beauty,Southeast,8.0
base,last_week,2018-08-06,2018-08-13,2,RJ,health_beauty,Central-West,18.0
base,last_week,2018-08-06,2018-08-13,2,RJ,health_beauty,Southeast,19.0
base,last_week,2018-08-06,2018-08-20,3,RJ,health_beauty,Central-West,18.0
base,last_week,2018-08-06,2018-08-20,3,RJ,health_beauty,Southeast,19.0
base,last_week,2018-08-06,2018-08-27,4,RJ,health_beauty,Central-West,18.0
base,last_week,2018-08-06,2018-08-27,4,RJ,health_beauty,Southeast,19.0
base,last_week,2018-08-06,2018-08-06,1,RJ,housewares,Central-West,8.0
base,last_week,2018-08-06,2018-08-13,2,RJ,housewares,Northeast,8.0
base,last_week,2018-08-06,2018-08-20,3,RJ,housewares,Northeast,8.0
base,last_week,2018-08-06,2018-08-27,4,RJ,housewares,Northeast,8.0
base,last_week,2018-08-06,2018-08-06,1,RJ,sports_leisure,Central-West,5.0
base,last_week,2018-08-06,2018-08-06,1,RJ,sports_leisure,Southeast,13.0
base,last_week,2018-08-06,2018-08-13,2,RJ,sports_leisure,Central-West,12.0
base,last_week,2018-08-06,2018-08-13,2,RJ,sports_leisure,North,6.0
base,last_week,2018-08-06,2018-08-20,3,RJ,sports_leisure,Central-West,12.0
base,last_week,2018-08-06,2018-08-20,3,RJ,sports_leisure,North,6.0
base,last_week,2018-08-06,2018-08-27,4,RJ,sports_leisure,Central-West,12.0
base,last_week,2018-08-06,2018-08-27,4,RJ,sports_leisure,North,6.0
base,last_week,2018-08-06,2018-08-06,1,RJ,telephony,North,2.0
base,last_week,2018-08-06,2018-08-06,1,RJ,telephony,South,4.0
base,last_week,2018-08-06,2018-08-13,2,RJ,telephony,North,2.0
base,last_week,2018-08-06,2018-08-13,2,RJ,telephony,Northeast,4.0
base,last_week,2018-08-06,2018-08-20,3,RJ,telephony,North,2.0
base,last_week,2018-08-06,2018-08-20,3,RJ,telephony,Northeast,4.0
base,last_week,2018-08-06,2018-08-27,4,RJ,telephony,North,2.0
base,last_week,2018-08-06,2018-08-27,4,RJ,telephony,Northeast,4.0
base,last_week,2018-08-06,2018-08-06,1,RS,auto,North,2.0
base,last_week,2018-08-06,2018-08-13,2,RS,auto,North,2.0
base,last_week,2018-08-06,2018-08-13,2,RS,auto,South,2.0
base,last_week,2018-08-06,2018-08-20,3,RS,auto,North,2.0
base,last_week,2018-08-06,2018-08-20,3,RS,auto,South,1.0
base,last_week,2018-08-06,2018-08-27,4,RS,auto,North,2.0
base,last_week,2018-08-06,2018-08-27,4,RS,auto,South,1.0
base,last_week,2018-08-06,2018-08-06,1,RS,bed_bath_table,North,1.0
base,last_week,2018-08-06,2018-08-06,1,RS,bed_bath_table,South,5.0
base,last_week,2018-08-06,2018-08-13,2,RS,bed_bath_table,North,1.0
base,last_week,2018-08-06,2018-08-13,2,RS,bed_bath_table,South,5.0
base,last_week,2018-08-06,2018-08-20,3,RS,bed_bath_table,North,1.0
base,last_week,2018-08-06,2018-08-20,3,RS,bed_bath_table,South,5.0
base,last_week,2018-08-06,2018-08-27,4,RS,bed_bath_table,North,1.0
base,last_week,2018-08-06,2018-08-27,4,RS,bed_bath_table,South,5.0
base,last_week,2018-08-06,2018-08-06,1,RS,computers_accessories,South,9.0
base,last_week,2018-08-06,2018-08-13,2,RS,computers_accessories,South,7.0
base,last_week,2018-08-06,2018-08-20,3,RS,computers_accessories,South,7.0
base,last_week,2018-08-06,2018-08-27,4,RS,computers_accessories,South,7.0
base,last_week,2018-08-06,2018-08-06,1,RS,furniture_decor,South,5.0
base,last_week,2018-08-06,2018-08-13,2,RS,furniture_decor,North,2.0
base,last_week,2018-08-06,2018-08-13,2,RS,furniture_decor,South,3.0
base,last_week,2018-08-06,2018-08-20,3,RS,furniture_decor,North,2.0
base,last_week,2018-08-06,2018-08-20,3,RS,furniture_decor,South,3.0
base,last_week,2018-08-06,2018-08-27,4,RS,furniture_decor,North,2.0
base,last_week,2018-08-06,2018-08-27,4,RS,furniture_decor,South,3.0
base,last_week,2018-08-06,2018-08-06,1,RS,garden_tools,North,1.0
base,last_week,2018-08-06,2018-08-13,2,RS,garden_tools,North,1.0
base,last_week,2018-08-06,2018-08-20,3,RS,garden_tools,North,1.0
base,last_week,2018-08-06,2018-08-27,4,RS,garden_tools,North,1.0
base,last_week,2018-08-06,2018-08-06,1,RS,health_beauty,South,8.0
base,last_week,2018-08-06,2018-08-13,2,RS,health_beauty,South,8.0
base,last_week,2018-08-06,2018-08-20,3,RS,health_beauty,South,8.0
base,last_week,2018-08-06,2018-08-27,4,RS,health_beauty,South,8.0
base,last_week,2018-08-06,2018-08-06,1,RS,housewares,South,11.0
base,last_week,2018-08-06,2018-08-13,2,RS,housewares,South,11.0
base,last_week,2018-08-06,2018-08-20,3,RS,housewares,South,11.0
base,last_week,2018-08-06,2018-08-27,4,RS,housewares,South,11.0
base,last_week,2018-08-06,2018-08-06,1,RS,telephony,South,5.0
base,last_week,2018-08-06,2018-08-13,2,RS,telephony,South,5.0
base,last_week,2018-08-06,2018-08-20,3,RS,telephony,South,5.0
base,last_week,2018-08-06,2018-08-27,4,RS,telephony,South,5.0
base,last_week,2018-08-06,2018-08-06,1,RS,watches_gifts,South,6.0
base,last_week,2018-08-06,2018-08-13,2,RS,watches_gifts,South,3.0
base,last_week,2018-08-06,2018-08-20,3,RS,watches_gifts,South,3.0
base,last_week,2018-08-06,2018-08-27,4,RS,watches_gifts,South,3.0
base,last_week,2018-08-06,2018-08-06,1,SC,bed_bath_table,South,12.0
base,last_week,2018-08-06,2018-08-06,1,SC,bed_bath_table,Southeast,4.0
base,last_week,2018-08-06,2018-08-13,2,SC,bed_bath_table,South,2.0
base,last_week,2018-08-06,2018-08-20,3,SC,bed_bath_table,South,2.0
base,last_week,2018-08-06,2018-08-27,4,SC,bed_bath_table,South,2.0
base,last_week,2018-08-06,2018-08-06,1,SC,computers_accessories,South,7.0
base,last_week,2018-08-06,2018-08-06,1,SC,computers_accessories,Southeast,2.0
base,last_week,2018-08-06,2018-08-13,2,SC,computers_accessories,South,9.0
base,last_week,2018-08-06,2018-08-20,3,SC,computers_accessories,South,9.0
base,last_week,2018-08-06,2018-08-27,4,SC,computers_accessories,South,9.0
base,last_week,2018-08-06,2018-08-06,1,SC,furniture_decor,Southeast,6.0
base,last_week,2018-08-06,2018-08-13,2,SC,furniture_decor,South,6.0
base,last_week,2018-08-06,2018-08-20,3,SC,furniture_decor,South,6.0
base,last_week,2018-08-06,2018-08-27,4,SC,furniture_decor,South,6.0
base,last_week,2018-08-06,2018-08-06,1,SC,garden_tools,Central-West,3.0
base,last_week,2018-08-06,2018-08-06,1,SC,garden_tools,South,6.0
base,last_week,2018-08-06,2018-08-13,2,SC,garden_tools,Central-West,3.0
base,last_week,2018-08-06,2018-08-13,2,SC,garden_tools,South,6.0
base,last_week,2018-08-06,2018-08-20,3,SC,garden_tools,Central-West,3.0
base,last_week,2018-08-06,2018-08-20,3,SC,garden_tools,South,6.0
base,last_week,2018-08-06,2018-08-27,4,SC,garden_tools,Central-West,3.0
base,last_week,2018-08-06,2018-08-27,4,SC,garden_tools,South,5.0
base,last_week,2018-08-06,2018-08-13,2,SC,housewares,South,10.0
base,last_week,2018-08-06,2018-08-20,3,SC,housewares,South,10.0
base,last_week,2018-08-06,2018-08-27,4,SC,housewares,South,10.0
base,last_week,2018-08-06,2018-08-06,1,SC,sports_leisure,South,18.0
base,last_week,2018-08-06,2018-08-13,2,SC,sports_leisure,South,18.0
base,last_week,2018-08-06,2018-08-20,3,SC,sports_leisure,South,18.0
base,last_week,2018-08-06,2018-08-27,4,SC,sports_leisure,South,18.0
base,last_week,2018-08-06,2018-08-06,1,SC,watches_gifts,South,6.0
base,last_week,2018-08-06,2018-08-13,2,SC,watches_gifts,South,9.0
base,last_week,2018-08-06,2018-08-20,3,SC,watches_gifts,South,9.0
base,last_week,2018-08-06,2018-08-27,4,SC,watches_gifts,South,9.0
base,last_week,2018-08-06,2018-08-06,1,SP,auto,Northeast,16.0
base,last_week,2018-08-06,2018-08-06,1,SP,auto,South,8.0
base,last_week,2018-08-06,2018-08-06,1,SP,auto,Southeast,79.0
base,last_week,2018-08-06,2018-08-13,2,SP,auto,Northeast,16.0
base,last_week,2018-08-06,2018-08-13,2,SP,auto,South,6.0
base,last_week,2018-08-06,2018-08-13,2,SP,auto,Southeast,79.0
base,last_week,2018-08-06,2018-08-20,3,SP,auto,Northeast,16.0
base,last_week,2018-08-06,2018-08-20,3,SP,auto,South,7.0
base,last_week,2018-08-06,2018-08-20,3,SP,auto,Southeast,79.0
base,last_week,2018-08-06,2018-08-27,4,SP,auto,Northeast,16.0
base,last_week,2018-08-06,2018-08-27,4,SP,auto,South,7.0
base,last_week,2018-08-06,2018-08-27,4,SP,auto,Southeast,79.0
base,last_week,2018-08-06,2018-08-06,1,SP,bed_bath_table,Southeast,126.0
base,last_week,2018-08-06,2018-08-13,2,SP,bed_bath_table,Central-West,6.0
base,last_week,2018-08-06,2018-08-13,2,SP,bed_bath_table,Southeast,198.0
base,last_week,2018-08-06,2018-08-20,3,SP,bed_bath_table,Central-West,6.0
base,last_week,2018-08-06,2018-08-20,3,SP,bed_bath_table,Southeast,198.0
base,last_week,2018-08-06,2018-08-27,4,SP,bed_bath_table,Central-West,6.0
base,last_week,2018-08-06,2018-08-27,4,SP,bed_bath_table,Southeast,198.0
base,last_week,2018-08-06,2018-08-06,1,SP,computers_accessories,Southeast,108.0
base,last_week,2018-08-06,2018-08-13,2,SP,computers_accessories,Southeast,108.0
base,last_week,2018-08-06,2018-08-20,3,SP,computers_accessories,Southeast,108.0
base,last_week,2018-08-06,2018-08-27,4,SP,computers_accessories,Southeast,108.0
base,last_week,2018-08-06,2018-08-06,1,SP,furniture_decor,Southeast,102.0
base,last_week,2018-08-06,2018-08-13,2,SP,furniture_decor,Southeast,127.0
base,last_week,2018-08-06,2018-08-20,3,SP,furniture_decor,Southeast,127.0
base,last_week,2018-08-06,2018-08-27,4,SP,furniture_decor,Southeast,127.0
base,last_week,2018-08-06,2018-08-06,1,SP,garden_tools,Northeast,2.0
base,last_week,2018-08-06,2018-08-06,1,SP,garden_tools,Southeast,35.0
base,last_week,2018-08-06,2018-08-13,2,SP,garden_tools,Southeast,35.0
base,last_week,2018-08-06,2018-08-20,3,SP,garden_tools,Southeast,35.0
base,last_week,2018-08-06,2018-08-27,4,SP,garden_tools,Northeast,1.0
base,last_week,2018-08-06,2018-08-27,4,SP,garden_tools,South,1.0
base,last_week,2018-08-06,2018-08-27,4,SP,garden_tools,Southeast,35.0
base,last_week,2018-08-06,2018-08-06,1,SP,health_beauty,Southeast,123.0
base,last_week,2018-08-06,2018-08-13,2,SP,health_beauty,North,13.0
base,last_week,2018-08-06,2018-08-13,2,SP,health_beauty,Northeast,16.0
base,last_week,2018-08-06,2018-08-13,2,SP,health_beauty,Southeast,169.0
base,last_week,2018-08-06,2018-08-20,3,SP,health_beauty,North,13.0
base,last_week,2018-08-06,2018-08-20,3,SP,health_beauty,Northeast,16.0
base,last_week,2018-08-06,2018-08-20,3,SP,health_beauty,Southeast,169.0
base,last_week,2018-08-06,2018-08-27,4,SP,health_beauty,North,13.0
base,last_week,2018-08-06,2018-08-27,4,SP,health_beauty,Northeast,16.0
base,last_week,2018-08-06,2018-08-27,4,SP,health_beauty,Southeast,169.0
base,last_week,2018-08-06,2018-08-06,1,SP,housewares,South,4.0
base,last_week,2018-08-06,2018-08-06,1,SP,housewares,Southeast,155.0
base,last_week,2018-08-06,2018-08-13,2,SP,housewares,North,6.0
base,last_week,2018-08-06,2018-08-13,2,SP,housewares,Northeast,2.0
base,last_week,2018-08-06,2018-08-13,2,SP,housewares,Southeast,151.0
base,last_week,2018-08-06,2018-08-20,3,SP,housewares,North,6.0
base,last_week,2018-08-06,2018-08-20,3,SP,housewares,Northeast,2.0
base,last_week,2018-08-06,2018-08-20,3,SP,housewares,Southeast,151.0
base,last_week,2018-08-06,2018-08-27,4,SP,housewares,North,6.0
base,last_week,2018-08-06,2018-08-27,4,SP,housewares,Northeast,2.0
base,last_week,2018-08-06,2018-08-27,4,SP,housewares,Southeast,151.0
base,last_week,2018-08-06,2018-08-06,1,SP,sports_leisure,Southeast,100.0
base,last_week,2018-08-06,2018-08-13,2,SP,sports_leisure,Southeast,117.0
base,last_week,2018-08-06,2018-08-20,3,SP,sports_leisure,Southeast,117.0
base,last_week,2018-08-06,2018-08-27,4,SP,sports_leisure,Southeast,117.0
base,last_week,2018-08-06,2018-08-06,1,SP,telephony,Southeast,64.0
base,last_week,2018-08-06,2018-08-13,2,SP,telephony,Central-West,11.0
base,last_week,2018-08-06,2018-08-13,2,SP,telephony,Northeast,10.0
base,last_week,2018-08-06,2018-08-13,2,SP,telephony,South,7.0
base,last_week,2018-08-06,2018-08-13,2,SP,telephony,Southeast,76.0
base,last_week,2018-08-06,2018-08-20,3,SP,telephony,Central-West,11.0
base,last_week,2018-08-06,2018-08-20,3,SP,telephony,Northeast,10.0
base,last_week,2018-08-06,2018-08-20,3,SP,telephony,South,7.0
base,last_week,2018-08-06,2018-08-20,3,SP,telephony,Southeast,76.0
base,last_week,2018-08-06,2018-08-27,4,SP,telephony,Central-West,11.0
base,last_week,2018-08-06,2018-08-27,4,SP,telephony,Northeast,10.0
base,last_week,2018-08-06,2018-08-27,4,SP,telephony,South,7.0
base,last_week,2018-08-06,2018-08-27,4,SP,telephony,Southeast,76.0
base,last_week,2018-08-06,2018-08-06,1,SP,watches_gifts,Southeast,106.0
base,last_week,2018-08-06,2018-08-13,2,SP,watches_gifts,Central-West,11.0
base,last_week,2018-08-06,2018-08-13,2,SP,watches_gifts,North,3.0
base,last_week,2018-08-06,2018-08-13,2,SP,watches_gifts,Northeast,21.0
base,last_week,2018-08-06,2018-08-13,2,SP,watches_gifts,Southeast,116.0
base,last_week,2018-08-06,2018-08-20,3,SP,watches_gifts,Central-West,11.0
base,last_week,2018-08-06,2018-08-20,3,SP,watches_gifts,North,3.0
base,last_week,2018-08-06,2018-08-20,3,SP,watches_gifts,Northeast,21.0
base,last_week,2018-08-06,2018-08-20,3,SP,watches_gifts,Southeast,116.0
base,last_week,2018-08-06,2018-08-27,4,SP,watches_gifts,Central-West,11.0
base,last_week,2018-08-06,2018-08-27,4,SP,watches_gifts,North,3.0
base,last_week,2018-08-06,2018-08-27,4,SP,watches_gifts,Northeast,21.0
base,last_week,2018-08-06,2018-08-27,4,SP,watches_gifts,Southeast,116.0
base,last_week,2018-08-13,2018-08-20,2,MG,auto,Northeast,11.0
base,last_week,2018-08-13,2018-08-27,3,MG,auto,Northeast,11.0
base,last_week,2018-08-13,2018-09-03,4,MG,auto,Northeast,11.0
base,last_week,2018-08-13,2018-08-13,1,MG,bed_bath_table,Central-West,6.0
base,last_week,2018-08-13,2018-08-13,1,MG,bed_bath_table,Northeast,8.0
base,last_week,2018-08-13,2018-08-20,2,MG,bed_bath_table,Central-West,6.0
base,last_week,2018-08-13,2018-08-20,2,MG,bed_bath_table,Northeast,8.0
base,last_week,2018-08-13,2018-08-27,3,MG,bed_bath_table,Central-West,6.0
base,last_week,2018-08-13,2018-08-27,3,MG,bed_bath_table,Northeast,8.0
base,last_week,2018-08-13,2018-09-03,4,MG,bed_bath_table,Central-West,6.0
base,last_week,2018-08-13,2018-09-03,4,MG,bed_bath_table,Northeast,8.0
base,last_week,2018-08-13,2018-08-13,1,MG,computers_accessories,Central-West,13.0
base,last_week,2018-08-13,2018-08-13,1,MG,computers_accessories,North,2.0
base,last_week,2018-08-13,2018-08-13,1,MG,computers_accessories,Northeast,7.0
base,last_week,2018-08-13,2018-08-20,2,MG,computers_accessories,Central-West,13.0
base,last_week,2018-08-13,2018-08-20,2,MG,computers_accessories,North,2.0
base,last_week,2018-08-13,2018-08-20,2,MG,computers_accessories,Northeast,7.0
base,last_week,2018-08-13,2018-08-27,3,MG,computers_accessories,North,2.0
base,last_week,2018-08-13,2018-08-27,3,MG,computers_accessories,Northeast,7.0
base,last_week,2018-08-13,2018-09-03,4,MG,computers_accessories,Central-West,7.0
base,last_week,2018-08-13,2018-09-03,4,MG,computers_accessories,North,2.0
base,last_week,2018-08-13,2018-09-03,4,MG,computers_accessories,Northeast,7.0
base,last_week,2018-08-13,2018-08-13,1,MG,furniture_decor,Central-West,5.0
base,last_week,2018-08-13,2018-08-13,1,MG,furniture_decor,Northeast,9.0
base,last_week,2018-08-13,2018-08-20,2,MG,furniture_decor,Central-West,5.0
base,last_week,2018-08-13,2018-08-20,2,MG,furniture_decor,Northeast,3.0
base,last_week,2018-08-13,2018-08-27,3,MG,furniture_decor,Central-West,5.0
base,last_week,2018-08-13,2018-08-27,3,MG,furniture_decor,Northeast,4.0
base,last_week,2018-08-13,2018-09-03,4,MG,furniture_decor,Central-West,5.0
base,last_week,2018-08-13,2018-09-03,4,MG,furniture_decor,Northeast,4.0
base,last_week,2018-08-13,2018-08-13,1,MG,health_beauty,Northeast,14.0
base,last_week,2018-08-13,2018-08-20,2,MG,health_beauty,Northeast,14.0
base,last_week,2018-08-13,2018-08-27,3,MG,health_beauty,Northeast,14.0
base,last_week,2018-08-13,2018-09-03,4,MG,health_beauty,Northeast,14.0
base,last_week,2018-08-13,2018-08-13,1,MG,housewares,Central-West,6.0
base,last_week,2018-08-13,2018-08-13,1,MG,housewares,Southeast,2.0
base,last_week,2018-08-13,2018-08-20,2,MG,housewares,Central-West,6.0
base,last_week,2018-08-13,2018-08-27,3,MG,housewares,Central-West,6.0
base,last_week,2018-08-13,2018-09-03,4,MG,housewares,Central-West,6.0
base,last_week,2018-08-13,2018-08-13,1,MG,sports_leisure,Northeast,12.0
base,last_week,2018-08-13,2018-08-20,2,MG,sports_leisure,Northeast,12.0
base,last_week,2018-08-13,2018-08-27,3,MG,sports_leisure,Northeast,12.0
base,last_week,2018-08-13,2018-09-03,4,MG,sports_leisure,Northeast,12.0
base,last_week,2018-08-13,2018-08-13,1,MG,telephony,Northeast,5.0
base,last_week,2018-08-13,2018-08-20,2,MG,telephony,Northeast,5.0
base,last_week,2018-08-13,2018-08-27,3,MG,telephony,Northeast,5.0
base,last_week,2018-08-13,2018-09-03,4,MG,telephony,Northeast,5.0
base,last_week,2018-08-13,2018-08-13,1,MG,watches_gifts,Northeast,10.0
base,last_week,2018-08-13,2018-08-13,1,PR,auto,South,8.0
base,last_week,2018-08-13,2018-08-20,2,PR,auto,South,6.0
base,last_week,2018-08-13,2018-08-20,2,PR,auto,Southeast,2.0
base,last_week,2018-08-13,2018-08-27,3,PR,auto,South,6.0
base,last_week,2018-08-13,2018-08-27,3,PR,auto,Southeast,2.0
base,last_week,2018-08-13,2018-09-03,4,PR,auto,South,6.0
base,last_week,2018-08-13,2018-09-03,4,PR,auto,Southeast,2.0
base,last_week,2018-08-13,2018-08-20,2,PR,computers_accessories,South,1.0
base,last_week,2018-08-13,2018-08-27,3,PR,computers_accessories,South,1.0
base,last_week,2018-08-13,2018-09-03,4,PR,computers_accessories,South,1.0
base,last_week,2018-08-13,2018-08-13,1,PR,furniture_decor,South,16.0
base,last_week,2018-08-13,2018-08-20,2,PR,furniture_decor,South,36.0
base,last_week,2018-08-13,2018-08-27,3,PR,furniture_decor,South,36.0
base,last_week,2018-08-13,2018-09-03,4,PR,furniture_decor,South,36.0
base,last_week,2018-08-13,2018-08-13,1,PR,health_beauty,South,16.0
base,last_week,2018-08-13,2018-08-20,2,PR,health_beauty,North,7.0
base,last_week,2018-08-13,2018-08-20,2,PR,health_beauty,South,14.0
base,last_week,2018-08-13,2018-08-27,3,PR,health_beauty,North,7.0
base,last_week,2018-08-13,2018-08-27,3,PR,health_beauty,South,14.0
base,last_week,2018-08-13,2018-09-03,4,PR,health_beauty,North,7.0
base,last_week,2018-08-13,2018-09-03,4,PR,health_beauty,South,14.0
base,last_week,2018-08-13,2018-08-13,1,PR,housewares,South,17.0
base,last_week,2018-08-13,2018-08-20,2,PR,housewares,South,17.0
base,last_week,2018-08-13,2018-08-27,3,PR,housewares,South,17.0
base,last_week,2018-08-13,2018-09-03,4,PR,housewares,South,17.0
base,last_week,2018-08-13,2018-08-13,1,PR,sports_leisure,South,3.0
base,last_week,2018-08-13,2018-08-20,2,PR,sports_leisure,South,14.0
base,last_week,2018-08-13,2018-08-27,3,PR,sports_leisure,South,14.0
base,last_week,2018-08-13,2018-09-03,4,PR,sports_leisure,South,14.0
base,last_week,2018-08-13,2018-08-13,1,PR,watches_gifts,South,8.0
base,last_week,2018-08-13,2018-08-20,2,PR,watches_gifts,South,8.0
base,last_week,2018-08-13,2018-08-27,3,PR,watches_gifts,South,8.0
base,last_week,2018-08-13,2018-09-03,4,PR,watches_gifts,South,8.0
base,last_week,2018-08-13,2018-08-13,1,RJ,auto,Central-West,6.0
base,last_week,2018-08-13,2018-08-20,2,RJ,auto,Central-West,6.0
base,last_week,2018-08-13,2018-08-27,3,RJ,auto,Central-West,6.0
base,last_week,2018-08-13,2018-09-03,4,RJ,auto,Central-West,6.0
base,last_week,2018-08-13,2018-08-13,1,RJ,bed_bath_table,South,10.0
base,last_week,2018-08-13,2018-08-20,2,RJ,bed_bath_table,South,10.0
base,last_week,2018-08-13,2018-08-27,3,RJ,bed_bath_table,South,10.0
base,last_week,2018-08-13,2018-09-03,4,RJ,bed_bath_table,South,10.0
base,last_week,2018-08-13,2018-08-13,1,RJ,furniture_decor,South,4.0
base,last_week,2018-08-13,2018-08-20,2,RJ,furniture_decor,Northeast,6.0
base,last_week,2018-08-13,2018-08-27,3,RJ,furniture_decor,Northeast,5.0
base,last_week,2018-08-13,2018-09-03,4,RJ,furniture_decor,Northeast,5.0
base,last_week,2018-08-13,2018-08-13,1,RJ,garden_tools,Northeast,3.0
base,last_week,2018-08-13,2018-08-13,1,RJ,garden_tools,Southeast,4.0
base,last_week,2018-08-13,2018-08-20,2,RJ,garden_tools,Northeast,3.0
base,last_week,2018-08-13,2018-08-27,3,RJ,garden_tools,Northeast,3.0
base,last_week,2018-08-13,2018-09-03,4,RJ,garden_tools,Northeast,3.0
base,last_week,2018-08-13,2018-08-13,1,RJ,health_beauty,Central-West,20.0
base,last_week,2018-08-13,2018-08-13,1,RJ,health_beauty,Southeast,17.0
base,last_week,2018-08-13,2018-08-20,2,RJ,health_beauty,Central-West,22.0
base,last_week,2018-08-13,2018-08-20,2,RJ,health_beauty,Southeast,22.0
base,last_week,2018-08-13,2018-08-27,3,RJ,health_beauty,Central-West,22.0
base,last_week,2018-08-13,2018-08-27,3,RJ,health_beauty,Southeast,22.0
base,last_week,2018-08-13,2018-09-03,4,RJ,health_beauty,Central-West,22.0
base,last_week,2018-08-13,2018-09-03,4,RJ,health_beauty,Southeast,22.0
base,last_week,2018-08-13,2018-08-13,1,RJ,housewares,Northeast,4.0
base,last_week,2018-08-13,2018-08-20,2,RJ,housewares,Northeast,10.0
base,last_week,2018-08-13,2018-08-27,3,RJ,housewares,Northeast,10.0
base,last_week,2018-08-13,2018-09-03,4,RJ,housewares,Northeast,8.0
base,last_week,2018-08-13,2018-08-13,1,RJ,sports_leisure,Central-West,10.0
base,last_week,2018-08-13,2018-08-13,1,RJ,sports_leisure,North,3.0
base,last_week,2018-08-13,2018-08-20,2,RJ,sports_leisure,Central-West,10.0
base,last_week,2018-08-13,2018-08-20,2,RJ,sports_leisure,North,3.0
base,last_week,2018-08-13,2018-08-27,3,RJ,sports_leisure,Central-West,10.0
base,last_week,2018-08-13,2018-08-27,3,RJ,sports_leisure,North,3.0
base,last_week,2018-08-13,2018-09-03,4,RJ,sports_leisure,Central-West,10.0
base,last_week,2018-08-13,2018-09-03,4,RJ,sports_leisure,North,3.0
base,last_week,2018-08-13,2018-08-13,1,RJ,telephony,North,3.0
base,last_week,2018-08-13,2018-08-13,1,RJ,telephony,Northeast,3.0
base,last_week,2018-08-13,2018-08-20,2,RJ,telephony,North,3.0
base,last_week,2018-08-13,2018-08-20,2,RJ,telephony,Northeast,3.0
base,last_week,2018-08-13,2018-08-27,3,RJ,telephony,North,3.0
base,last_week,2018-08-13,2018-08-27,3,RJ,telephony,Northeast,3.0
base,last_week,2018-08-13,2018-09-03,4,RJ,telephony,North,3.0
base,last_week,2018-08-13,2018-09-03,4,RJ,telephony,Northeast,3.0
base,last_week,2018-08-13,2018-08-13,1,RS,auto,North,3.0
base,last_week,2018-08-13,2018-08-20,2,RS,auto,North,3.0
base,last_week,2018-08-13,2018-08-27,3,RS,auto,North,3.0
base,last_week,2018-08-13,2018-09-03,4,RS,auto,North,3.0
base,last_week,2018-08-13,2018-08-13,1,RS,bed_bath_table,North,1.0
base,last_week,2018-08-13,2018-08-13,1,RS,bed_bath_table,South,5.0
base,last_week,2018-08-13,2018-08-20,2,RS,bed_bath_table,North,1.0
base,last_week,2018-08-13,2018-08-20,2,RS,bed_bath_table,South,5.0
base,last_week,2018-08-13,2018-08-27,3,RS,bed_bath_table,North,1.0
base,last_week,2018-08-13,2018-08-27,3,RS,bed_bath_table,South,5.0
base,last_week,2018-08-13,2018-09-03,4,RS,bed_bath_table,North,1.0
base,last_week,2018-08-13,2018-09-03,4,RS,bed_bath_table,South,5.0
base,last_week,2018-08-13,2018-08-13,1,RS,computers_accessories,South,7.0
base,last_week,2018-08-13,2018-08-20,2,RS,computers_accessories,South,14.0
base,last_week,2018-08-13,2018-08-27,3,RS,computers_accessories,South,14.0
base,last_week,2018-08-13,2018-09-03,4,RS,computers_accessories,South,14.0
base,last_week,2018-08-13,2018-08-13,1,RS,furniture_decor,South,5.0
base,last_week,2018-08-13,2018-08-20,2,RS,furniture_decor,South,5.0
base,last_week,2018-08-13,2018-08-27,3,RS,furniture_decor,South,5.0
base,last_week,2018-08-13,2018-09-03,4,RS,furniture_decor,South,5.0
base,last_week,2018-08-13,2018-08-13,1,RS,garden_tools,North,1.0
base,last_week,2018-08-13,2018-08-13,1,RS,garden_tools,South,2.0
base,last_week,2018-08-13,2018-08-20,2,RS,garden_tools,North,1.0
base,last_week,2018-08-13,2018-08-27,3,RS,garden_tools,North,1.0
base,last_week,2018-08-13,2018-09-03,4,RS,garden_tools,North,1.0
base,last_week,2018-08-13,2018-08-13,1,RS,health_beauty,South,8.0
base,last_week,2018-08-13,2018-08-20,2,RS,health_beauty,South,8.0
base,last_week,2018-08-13,2018-08-27,3,RS,health_beauty,South,8.0
base,last_week,2018-08-13,2018-09-03,4,RS,health_beauty,South,8.0
base,last_week,2018-08-13,2018-08-13,1,RS,housewares,South,6.0
base,last_week,2018-08-13,2018-08-20,2,RS,housewares,South,16.0
base,last_week,2018-08-13,2018-08-27,3,RS,housewares,South,11.0
base,last_week,2018-08-13,2018-09-03,4,RS,housewares,South,11.0
base,last_week,2018-08-13,2018-08-13,1,RS,telephony,South,5.0
base,last_week,2018-08-13,2018-08-20,2,RS,telephony,South,5.0
base,last_week,2018-08-13,2018-08-27,3,RS,telephony,South,5.0
base,last_week,2018-08-13,2018-09-03,4,RS,telephony,South,5.0
base,last_week,2018-08-13,2018-08-13,1,RS,watches_gifts,South,2.0
base,last_week,2018-08-13,2018-08-20,2,RS,watches_gifts,South,2.0
base,last_week,2018-08-13,2018-08-27,3,RS,watches_gifts,South,2.0
base,last_week,2018-08-13,2018-09-03,4,RS,watches_gifts,South,2.0
base,last_week,2018-08-13,2018-08-20,2,SC,auto,South,9.0
base,last_week,2018-08-13,2018-08-27,3,SC,auto,South,9.0
base,last_week,2018-08-13,2018-09-03,4,SC,auto,South,9.0
base,last_week,2018-08-13,2018-08-13,1,SC,bed_bath_table,South,2.0
base,last_week,2018-08-13,2018-08-20,2,SC,bed_bath_table,South,21.0
base,last_week,2018-08-13,2018-08-27,3,SC,bed_bath_table,South,21.0
base,last_week,2018-08-13,2018-09-03,4,SC,bed_bath_table,South,21.0
base,last_week,2018-08-13,2018-08-13,1,SC,computers_accessories,South,9.0
base,last_week,2018-08-13,2018-08-20,2,SC,computers_accessories,South,9.0
base,last_week,2018-08-13,2018-08-27,3,SC,computers_accessories,South,9.0
base,last_week,2018-08-13,2018-09-03,4,SC,computers_accessories,South,9.0
base,last_week,2018-08-13,2018-08-13,1,SC,furniture_decor,South,6.0
base,last_week,2018-08-13,2018-08-20,2,SC,furniture_decor,South,6.0
base,last_week,2018-08-13,2018-08-27,3,SC,furniture_decor,South,6.0
base,last_week,2018-08-13,2018-09-03,4,SC,furniture_decor,South,6.0
base,last_week,2018-08-13,2018-08-13,1,SC,garden_tools,Central-West,7.0
base,last_week,2018-08-13,2018-08-13,1,SC,garden_tools,South,1.0
base,last_week,2018-08-13,2018-08-20,2,SC,garden_tools,Central-West,7.0
base,last_week,2018-08-13,2018-08-20,2,SC,garden_tools,South,1.0
base,last_week,2018-08-13,2018-08-27,3,SC,garden_tools,Central-West,7.0
base,last_week,2018-08-13,2018-08-27,3,SC,garden_tools,South,1.0
base,last_week,2018-08-13,2018-09-03,4,SC,garden_tools,Central-West,7.0
base,last_week,2018-08-13,2018-09-03,4,SC,garden_tools,South,1.0
base,last_week,2018-08-13,2018-08-20,2,SC,health_beauty,South,9.0
base,last_week,2018-08-13,2018-08-27,3,SC,health_beauty,South,9.0
base,last_week,2018-08-13,2018-09-03,4,SC,health_beauty,South,9.0
base,last_week,2018-08-13,2018-08-13,1,SC,housewares,South,10.0
base,last_week,2018-08-13,2018-08-13,1,SC,sports_leisure,South,18.0
base,last_week,2018-08-13,2018-08-20,2,SC,sports_leisure,South,18.0
base,last_week,2018-08-13,2018-08-27,3,SC,sports_leisure,South,18.0
base,last_week,2018-08-13,2018-09-03,4,SC,sports_leisure,South,18.0
base,last_week,2018-08-13,2018-08-13,1,SC,watches_gifts,South,9.0
base,last_week,2018-08-13,2018-08-20,2,SC,watches_gifts,South,9.0
base,last_week,2018-08-13,2018-08-27,3,SC,watches_gifts,South,9.0
base,last_week,2018-08-13,2018-09-03,4,SC,watches_gifts,South,9.0
base,last_week,2018-08-13,2018-08-13,1,SP,auto,North,1.0
base,last_week,2018-08-13,2018-08-13,1,SP,auto,Northeast,19.0
base,last_week,2018-08-13,2018-08-13,1,SP,auto,Southeast,69.0
base,last_week,2018-08-13,2018-08-20,2,SP,auto,Central-West,5.0
base,last_week,2018-08-13,2018-08-20,2,SP,auto,North,1.0
base,last_week,2018-08-13,2018-08-20,2,SP,auto,Northeast,8.0
base,last_week,2018-08-13,2018-08-20,2,SP,auto,Southeast,99.0
base,last_week,2018-08-13,2018-08-27,3,SP,auto,Central-West,5.0
base,last_week,2018-08-13,2018-08-27,3,SP,auto,North,1.0
base,last_week,2018-08-13,2018-08-27,3,SP,auto,Northeast,8.0
base,last_week,2018-08-13,2018-08-27,3,SP,auto,Southeast,99.0
base,last_week,2018-08-13,2018-09-03,4,SP,auto,Central-West,5.0
base,last_week,2018-08-13,2018-09-03,4,SP,auto,North,1.0
base,last_week,2018-08-13,2018-09-03,4,SP,auto,Northeast,8.0
base,last_week,2018-08-13,2018-09-03,4,SP,auto,Southeast,99.0
base,last_week,2018-08-13,2018-08-13,1,SP,bed_bath_table,Central-West,5.0
base,last_week,2018-08-13,2018-08-13,1,SP,bed_bath_table,South,19.0
base,last_week,2018-08-13,2018-08-13,1,SP,bed_bath_table,Southeast,175.0
base,last_week,2018-08-13,2018-08-20,2,SP,bed_bath_table,Central-West,5.0
base,last_week,2018-08-13,2018-08-20,2,SP,bed_bath_table,Southeast,175.0
base,last_week,2018-08-13,2018-08-27,3,SP,bed_bath_table,Central-West,5.0
base,last_week,2018-08-13,2018-08-27,3,SP,bed_bath_table,Southeast,175.0
base,last_week,2018-08-13,2018-09-03,4,SP,bed_bath_table,Central-West,5.0
base,last_week,2018-08-13,2018-09-03,4,SP,bed_bath_table,Southeast,175.0
base,last_week,2018-08-13,2018-08-13,1,SP,computers_accessories,South,8.0
base,last_week,2018-08-13,2018-08-13,1,SP,computers_accessories,Southeast,102.0
base,last_week,2018-08-13,2018-08-20,2,SP,computers_accessories,Southeast,102.0
base,last_week,2018-08-13,2018-08-27,3,SP,computers_accessories,Central-West,13.0
base,last_week,2018-08-13,2018-08-27,3,SP,computers_accessories,Southeast,102.0
base,last_week,2018-08-13,2018-09-03,4,SP,computers_accessories,Central-West,6.0
base,last_week,2018-08-13,2018-09-03,4,SP,computers_accessories,Southeast,102.0
base,last_week,2018-08-13,2018-08-13,1,SP,furniture_decor,North,6.0
base,last_week,2018-08-13,2018-08-13,1,SP,furniture_decor,South,26.0
base,last_week,2018-08-13,2018-08-13,1,SP,furniture_decor,Southeast,98.0
base,last_week,2018-08-13,2018-08-20,2,SP,furniture_decor,North,6.0
base,last_week,2018-08-13,2018-08-20,2,SP,furniture_decor,South,10.0
base,last_week,2018-08-13,2018-08-20,2,SP,furniture_decor,Southeast,98.0
base,last_week,2018-08-13,2018-08-27,3,SP,furniture_decor,North,6.0
base,last_week,2018-08-13,2018-08-27,3,SP,furniture_decor,South,10.0
base,last_week,2018-08-13,2018-08-27,3,SP,furniture_decor,Southeast,98.0
base,last_week,2018-08-13,2018-09-03,4,SP,furniture_decor,North,6.0
base,last_week,2018-08-13,2018-09-03,4,SP,furniture_decor,South,10.0
base,last_week,2018-08-13,2018-09-03,4,SP,furniture_decor,Southeast,98.0
base,last_week,2018-08-13,2018-08-13,1,SP,garden_tools,South,1.0
base,last_week,2018-08-13,2018-08-13,1,SP,garden_tools,Southeast,38.0
base,last_week,2018-08-13,2018-08-20,2,SP,garden_tools,South,14.0
base,last_week,2018-08-13,2018-08-20,2,SP,garden_tools,Southeast,42.0
base,last_week,2018-08-13,2018-08-27,3,SP,garden_tools,South,14.0
base,last_week,2018-08-13,2018-08-27,3,SP,garden_tools,Southeast,42.0
base,last_week,2018-08-13,2018-09-03,4,SP,garden_tools,South,14.0
base,last_week,2018-08-13,2018-09-03,4,SP,garden_tools,Southeast,42.0
base,last_week,2018-08-13,2018-08-13,1,SP,health_beauty,North,5.0
base,last_week,2018-08-13,2018-08-13,1,SP,health_beauty,Northeast,4.0
base,last_week,2018-08-13,2018-08-13,1,SP,health_beauty,Southeast,189.0
base,last_week,2018-08-13,2018-08-20,2,SP,health_beauty,North,2.0
base,last_week,2018-08-13,2018-08-20,2,SP,health_beauty,Northeast,12.0
base,last_week,2018-08-13,2018-08-20,2,SP,health_beauty,Southeast,184.0
base,last_week,2018-08-13,2018-08-27,3,SP,health_beauty,North,2.0
base,last_week,2018-08-13,2018-08-27,3,SP,health_beauty,Northeast,12.0
base,last_week,2018-08-13,2018-08-27,3,SP,health_beauty,Southeast,184.0
base,last_week,2018-08-13,2018-09-03,4,SP,health_beauty,North,2.0
base,last_week,2018-08-13,2018-09-03,4,SP,health_beauty,Northeast,12.0
base,last_week,2018-08-13,2018-09-03,4,SP,health_beauty,Southeast,184.0
base,last_week,2018-08-13,2018-08-13,1,SP,housewares,North,2.0
base,last_week,2018-08-13,2018-08-13,1,SP,housewares,Northeast,6.0
base,last_week,2018-08-13,2018-08-13,1,SP,housewares,Southeast,149.0
base,last_week,2018-08-13,2018-08-20,2,SP,housewares,North,2.0
base,last_week,2018-08-13,2018-08-20,2,SP,housewares,Southeast,151.0
base,last_week,2018-08-13,2018-08-27,3,SP,housewares,North,2.0
base,last_week,2018-08-13,2018-08-27,3,SP,housewares,South,5.0
base,last_week,2018-08-13,2018-08-27,3,SP,housewares,Southeast,151.0
base,last_week,2018-08-13,2018-09-03,4,SP,housewares,North,2.0
base,last_week,2018-08-13,2018-09-03,4,SP,housewares,Northeast,2.0
base,last_week,2018-08-13,2018-09-03,4,SP,housewares,South,5.0
base,last_week,2018-08-13,2018-09-03,4,SP,housewares,Southeast,151.0
base,last_week,2018-08-13,2018-08-13,1,SP,sports_leisure,South,11.0
base,last_week,2018-08-13,2018-08-13,1,SP,sports_leisure,Southeast,94.0
base,last_week,2018-08-13,2018-08-20,2,SP,sports_leisure,Southeast,94.0
base,last_week,2018-08-13,2018-08-27,3,SP,sports_leisure,Southeast,94.0
base,last_week,2018-08-13,2018-09-03,4,SP,sports_leisure,Southeast,94.0
base,last_week,2018-08-13,2018-08-13,1,SP,telephony,Central-West,8.0
base,last_week,2018-08-13,2018-08-13,1,SP,telephony,Northeast,14.0
base,last_week,2018-08-13,2018-08-13,1,SP,telephony,South,27.0
base,last_week,2018-08-13,2018-08-13,1,SP,telephony,Southeast,55.0
base,last_week,2018-08-13,2018-08-20,2,SP,telephony,Central-West,12.0
base,last_week,2018-08-13,2018-08-20,2,SP,telephony,Northeast,14.0
base,last_week,2018-08-13,2018-08-20,2,SP,telephony,South,32.0
base,last_week,2018-08-13,2018-08-20,2,SP,telephony,Southeast,55.0
base,last_week,2018-08-13,2018-08-27,3,SP,telephony,Central-West,12.0
base,last_week,2018-08-13,2018-08-27,3,SP,telephony,Northeast,14.0
base,last_week,2018-08-13,2018-08-27,3,SP,telephony,South,32.0
base,last_week,2018-08-13,2018-08-27,3,SP,telephony,Southeast,55.0
base,last_week,2018-08-13,2018-09-03,4,SP,telephony,Central-West,12.0
base,last_week,2018-08-13,2018-09-03,4,SP,telephony,Northeast,14.0
base,last_week,2018-08-13,2018-09-03,4,SP,telephony,South,32.0
base,last_week,2018-08-13,2018-09-03,4,SP,telephony,Southeast,55.0
base,last_week,2018-08-13,2018-08-13,1,SP,watches_gifts,Central-West,11.0
base,last_week,2018-08-13,2018-08-13,1,SP,watches_gifts,North,6.0
base,last_week,2018-08-13,2018-08-13,1,SP,watches_gifts,Northeast,13.0
base,last_week,2018-08-13,2018-08-13,1,SP,watches_gifts,Southeast,87.0
base,last_week,2018-08-13,2018-08-20,2,SP,watches_gifts,Central-West,11.0
base,last_week,2018-08-13,2018-08-20,2,SP,watches_gifts,North,6.0
base,last_week,2018-08-13,2018-08-20,2,SP,watches_gifts,Northeast,23.0
base,last_week,2018-08-13,2018-08-20,2,SP,watches_gifts,Southeast,87.0
base,last_week,2018-08-13,2018-08-27,3,SP,watches_gifts,Central-West,11.0
base,last_week,2018-08-13,2018-08-27,3,SP,watches_gifts,North,6.0
base,last_week,2018-08-13,2018-08-27,3,SP,watches_gifts,Northeast,23.0
base,last_week,2018-08-13,2018-08-27,3,SP,watches_gifts,Southeast,87.0
base,last_week,2018-08-13,2018-09-03,4,SP,watches_gifts,Central-West,11.0
base,last_week,2018-08-13,2018-09-03,4,SP,watches_gifts,North,6.0
base,last_week,2018-08-13,2018-09-03,4,SP,watches_gifts,Northeast,23.0
base,last_week,2018-08-13,2018-09-03,4,SP,watches_gifts,Southeast,87.0
base,last_week,2018-08-20,2018-08-20,1,MG,auto,Northeast,10.0
base,last_week,2018-08-20,2018-08-27,2,MG,auto,Northeast,1.0
base,last_week,2018-08-20,2018-08-20,1,MG,bed_bath_table,Northeast,14.0
base,last_week,2018-08-20,2018-08-27,2,MG,bed_bath_table,Northeast,14.0
base,last_week,2018-08-20,2018-09-03,3,MG,bed_bath_table,Northeast,14.0
base,last_week,2018-08-20,2018-09-10,4,MG,bed_bath_table,Northeast,14.0
base,last_week,2018-08-20,2018-08-20,1,MG,computers_accessories,North,3.0
base,last_week,2018-08-20,2018-08-20,1,MG,computers_accessories,Northeast,14.0
base,last_week,2018-08-20,2018-08-27,2,MG,computers_accessories,North,3.0
base,last_week,2018-08-20,2018-08-27,2,MG,computers_accessories,Northeast,14.0
base,last_week,2018-08-20,2018-09-03,3,MG,computers_accessories,Northeast,14.0
base,last_week,2018-08-20,2018-09-10,4,MG,computers_accessories,Central-West,3.0
base,last_week,2018-08-20,2018-09-10,4,MG,computers_accessories,North,3.0
base,last_week,2018-08-20,2018-09-10,4,MG,computers_accessories,Northeast,14.0
base,last_week,2018-08-20,2018-08-20,1,MG,furniture_decor,Central-West,6.0
base,last_week,2018-08-20,2018-08-20,1,MG,furniture_decor,Northeast,7.0
base,last_week,2018-08-20,2018-08-27,2,MG,furniture_decor,Central-West,9.0
base,last_week,2018-08-20,2018-08-27,2,MG,furniture_decor,Northeast,7.0
base,last_week,2018-08-20,2018-09-03,3,MG,furniture_decor,Central-West,9.0
base,last_week,2018-08-20,2018-09-03,3,MG,furniture_decor,Northeast,7.0
base,last_week,2018-08-20,2018-09-10,4,MG,furniture_decor,Central-West,9.0
base,last_week,2018-08-20,2018-09-10,4,MG,furniture_decor,Northeast,7.0
base,last_week,2018-08-20,2018-08-20,1,MG,health_beauty,Northeast,14.0
base,last_week,2018-08-20,2018-08-27,2,MG,health_beauty,Northeast,14.0
base,last_week,2018-08-20,2018-09-03,3,MG,health_beauty,Northeast,14.0
base,last_week,2018-08-20,2018-09-10,4,MG,health_beauty,Northeast,14.0
base,last_week,2018-08-20,2018-08-20,1,MG,housewares,Central-West,13.0
base,last_week,2018-08-20,2018-08-20,1,MG,housewares,Southeast,13.0
base,last_week,2018-08-20,2018-08-27,2,MG,housewares,Central-West,13.0
base,last_week,2018-08-20,2018-08-27,2,MG,housewares,Southeast,13.0
base,last_week,2018-08-20,2018-09-03,3,MG,housewares,Central-West,13.0
base,last_week,2018-08-20,2018-09-03,3,MG,housewares,Southeast,13.0
base,last_week,2018-08-20,2018-09-10,4,MG,housewares,Central-West,13.0
base,last_week,2018-08-20,2018-09-10,4,MG,housewares,Southeast,13.0
base,last_week,2018-08-20,2018-08-20,1,MG,sports_leisure,Central-West,4.0
base,last_week,2018-08-20,2018-08-20,1,MG,sports_leisure,Southeast,14.0
base,last_week,2018-08-20,2018-08-27,2,MG,sports_leisure,Northeast,9.0
base,last_week,2018-08-20,2018-09-03,3,MG,sports_leisure,Northeast,9.0
base,last_week,2018-08-20,2018-09-10,4,MG,sports_leisure,Northeast,9.0
base,last_week,2018-08-20,2018-08-20,1,MG,telephony,Northeast,5.0
base,last_week,2018-08-20,2018-08-27,2,MG,telephony,Northeast,5.0
base,last_week,2018-08-20,2018-09-03,3,MG,telephony,Northeast,5.0
base,last_week,2018-08-20,2018-09-10,4,MG,telephony,Northeast,5.0
base,last_week,2018-08-20,2018-08-20,1,MG,watches_gifts,Northeast,10.0
base,last_week,2018-08-20,2018-08-27,2,PR,auto,South,16.0
base,last_week,2018-08-20,2018-09-03,3,PR,auto,South,8.0
base,last_week,2018-08-20,2018-09-10,4,PR,auto,South,8.0
base,last_week,2018-08-20,2018-08-20,1,PR,computers_accessories,South,1.0
base,last_week,2018-08-20,2018-08-20,1,PR,furniture_decor,South,17.0
base,last_week,2018-08-20,2018-08-27,2,PR,furniture_decor,South,23.0
base,last_week,2018-08-20,2018-09-03,3,PR,furniture_decor,South,17.0
base,last_week,2018-08-20,2018-09-10,4,PR,furniture_decor,South,17.0
base,last_week,2018-08-20,2018-08-20,1,PR,health_beauty,South,21.0
base,last_week,2018-08-20,2018-08-27,2,PR,health_beauty,South,21.0
base,last_week,2018-08-20,2018-09-03,3,PR,health_beauty,South,21.0
base,last_week,2018-08-20,2018-09-10,4,PR,health_beauty,South,21.0
base,last_week,2018-08-20,2018-08-20,1,PR,housewares,South,2.0
base,last_week,2018-08-20,2018-08-20,1,PR,housewares,Southeast,15.0
base,last_week,2018-08-20,2018-08-27,2,PR,housewares,South,17.0
base,last_week,2018-08-20,2018-09-03,3,PR,housewares,South,16.0
base,last_week,2018-08-20,2018-09-03,3,PR,housewares,Southeast,1.0
base,last_week,2018-08-20,2018-09-10,4,PR,housewares,South,16.0
base,last_week,2018-08-20,2018-09-10,4,PR,housewares,Southeast,1.0
base,last_week,2018-08-20,2018-08-20,1,PR,sports_leisure,Southeast,17.0
base,last_week,2018-08-20,2018-08-27,2,PR,sports_leisure,South,1.0
base,last_week,2018-08-20,2018-09-03,3,PR,sports_leisure,South,1.0
base,last_week,2018-08-20,2018-09-10,4,PR,sports_leisure,South,1.0
base,last_week,2018-08-20,2018-08-27,2,PR,watches_gifts,South,12.0
base,last_week,2018-08-20,2018-09-03,3,PR,watches_gifts,South,8.0
base,last_week,2018-08-20,2018-09-10,4,PR,watches_gifts,South,8.0
base,last_week,2018-08-20,2018-08-20,1,RJ,auto,Central-West,3.0
base,last_week,2018-08-20,2018-08-27,2,RJ,auto,Central-West,9.0
base,last_week,2018-08-20,2018-09-03,3,RJ,auto,Central-West,6.0
base,last_week,2018-08-20,2018-09-10,4,RJ,auto,Central-West,6.0
base,last_week,2018-08-20,2018-08-20,1,RJ,bed_bath_table,Central-West,5.0
base,last_week,2018-08-20,2018-08-20,1,RJ,bed_bath_table,South,5.0
base,last_week,2018-08-20,2018-08-27,2,RJ,bed_bath_table,South,10.0
base,last_week,2018-08-20,2018-09-03,3,RJ,bed_bath_table,South,10.0
base,last_week,2018-08-20,2018-09-10,4,RJ,bed_bath_table,South,10.0
base,last_week,2018-08-20,2018-08-20,1,RJ,furniture_decor,Northeast,5.0
base,last_week,2018-08-20,2018-08-27,2,RJ,furniture_decor,Northeast,5.0
base,last_week,2018-08-20,2018-09-03,3,RJ,furniture_decor,Northeast,5.0
base,last_week,2018-08-20,2018-09-10,4,RJ,furniture_decor,Northeast,5.0
base,last_week,2018-08-20,2018-08-20,1,RJ,garden_tools,Northeast,5.0
base,last_week,2018-08-20,2018-08-27,2,RJ,garden_tools,Northeast,5.0
base,last_week,2018-08-20,2018-09-03,3,RJ,garden_tools,Northeast,4.0
base,last_week,2018-08-20,2018-09-10,4,RJ,garden_tools,Northeast,4.0
base,last_week,2018-08-20,2018-08-20,1,RJ,health_beauty,Central-West,22.0
base,last_week,2018-08-20,2018-08-27,2,RJ,health_beauty,Central-West,21.0
base,last_week,2018-08-20,2018-09-03,3,RJ,health_beauty,Central-West,21.0
base,last_week,2018-08-20,2018-09-10,4,RJ,health_beauty,Central-West,21.0
base,last_week,2018-08-20,2018-08-20,1,RJ,housewares,Northeast,6.0
base,last_week,2018-08-20,2018-08-20,1,RJ,housewares,Southeast,2.0
base,last_week,2018-08-20,2018-08-27,2,RJ,housewares,Northeast,6.0
base,last_week,2018-08-20,2018-08-27,2,RJ,housewares,Southeast,2.0
base,last_week,2018-08-20,2018-09-03,3,RJ,housewares,Northeast,6.0
base,last_week,2018-08-20,2018-09-03,3,RJ,housewares,Southeast,2.0
base,last_week,2018-08-20,2018-09-10,4,RJ,housewares,Northeast,6.0
base,last_week,2018-08-20,2018-09-10,4,RJ,housewares,Southeast,2.0
base,last_week,2018-08-20,2018-08-20,1,RJ,sports_leisure,Southeast,18.0
base,last_week,2018-08-20,2018-08-27,2,RJ,sports_leisure,Central-West,11.0
base,last_week,2018-08-20,2018-08-27,2,RJ,sports_leisure,North,3.0
base,last_week,2018-08-20,2018-09-03,3,RJ,sports_leisure,Central-West,11.0
base,last_week,2018-08-20,2018-09-03,3,RJ,sports_leisure,North,3.0
base,last_week,2018-08-20,2018-09-10,4,RJ,sports_leisure,Central-West,11.0
base,last_week,2018-08-20,2018-09-10,4,RJ,sports_leisure,North,3.0
base,last_week,2018-08-20,2018-08-20,1,RJ,telephony,North,1.0
base,last_week,2018-08-20,2018-08-20,1,RJ,telephony,Northeast,6.0
base,last_week,2018-08-20,2018-08-27,2,RJ,telephony,North,1.0
base,last_week,2018-08-20,2018-08-27,2,RJ,telephony,Northeast,6.0
base,last_week,2018-08-20,2018-09-03,3,RJ,telephony,North,1.0
base,last_week,2018-08-20,2018-09-03,3,RJ,telephony,Northeast,6.0
base,last_week,2018-08-20,2018-09-10,4,RJ,telephony,North,1.0
base,last_week,2018-08-20,2018-09-10,4,RJ,telephony,Northeast,6.0
base,last_week,2018-08-20,2018-08-20,1,RS,auto,North,2.0
base,last_week,2018-08-20,2018-08-20,1,RS,auto,South,1.0
base,last_week,2018-08-20,2018-08-27,2,RS,auto,North,2.0
base,last_week,2018-08-20,2018-08-27,2,RS,auto,South,1.0
base,last_week,2018-08-20,2018-09-03,3,RS,auto,North,2.0
base,last_week,2018-08-20,2018-09-03,3,RS,auto,South,1.0
base,last_week,2018-08-20,2018-09-10,4,RS,auto,North,2.0
base,last_week,2018-08-20,2018-09-10,4,RS,auto,South,1.0
base,last_week,2018-08-20,2018-08-20,1,RS,bed_bath_table,North,1.0
base,last_week,2018-08-20,2018-08-20,1,RS,bed_bath_table,South,5.0
base,last_week,2018-08-20,2018-08-27,2,RS,bed_bath_table,North,1.0
base,last_week,2018-08-20,2018-08-27,2,RS,bed_bath_table,South,5.0
base,last_week,2018-08-20,2018-09-03,3,RS,bed_bath_table,North,1.0
base,last_week,2018-08-20,2018-09-03,3,RS,bed_bath_table,South,5.0
base,last_week,2018-08-20,2018-09-10,4,RS,bed_bath_table,North,1.0
base,last_week,2018-08-20,2018-09-10,4,RS,bed_bath_table,South,5.0
base,last_week,2018-08-20,2018-08-20,1,RS,computers_accessories,South,15.0
base,last_week,2018-08-20,2018-08-27,2,RS,computers_accessories,South,2.0
base,last_week,2018-08-20,2018-09-03,3,RS,computers_accessories,South,7.0
base,last_week,2018-08-20,2018-09-10,4,RS,computers_accessories,South,7.0
base,last_week,2018-08-20,2018-08-20,1,RS,furniture_decor,North,5.0
base,last_week,2018-08-20,2018-08-27,2,RS,furniture_decor,North,5.0
base,last_week,2018-08-20,2018-09-03,3,RS,furniture_decor,North,5.0
base,last_week,2018-08-20,2018-09-10,4,RS,furniture_decor,North,5.0
base,last_week,2018-08-20,2018-08-20,1,RS,garden_tools,North,1.0
base,last_week,2018-08-20,2018-08-27,2,RS,garden_tools,North,1.0
base,last_week,2018-08-20,2018-08-27,2,RS,garden_tools,South,2.0
base,last_week,2018-08-20,2018-09-03,3,RS,garden_tools,North,1.0
base,last_week,2018-08-20,2018-09-10,4,RS,garden_tools,North,1.0
base,last_week,2018-08-20,2018-08-20,1,RS,health_beauty,South,8.0
base,last_week,2018-08-20,2018-08-27,2,RS,health_beauty,South,8.0
base,last_week,2018-08-20,2018-09-03,3,RS,health_beauty,South,8.0
base,last_week,2018-08-20,2018-09-10,4,RS,health_beauty,South,8.0
base,last_week,2018-08-20,2018-08-20,1,RS,housewares,South,16.0
base,last_week,2018-08-20,2018-08-27,2,RS,housewares,South,11.0
base,last_week,2018-08-20,2018-09-03,3,RS,housewares,South,11.0
base,last_week,2018-08-20,2018-09-10,4,RS,housewares,South,11.0
base,last_week,2018-08-20,2018-09-03,3,RS,telephony,South,15.0
base,last_week,2018-08-20,2018-09-10,4,RS,telephony,South,5.0
base,last_week,2018-08-20,2018-08-20,1,RS,watches_gifts,South,1.0
base,last_week,2018-08-20,2018-08-27,2,RS,watches_gifts,South,3.0
base,last_week,2018-08-20,2018-08-20,1,SC,auto,South,9.0
base,last_week,2018-08-20,2018-08-20,1,SC,bed_bath_table,South,20.0
base,last_week,2018-08-20,2018-08-27,2,SC,bed_bath_table,South,15.0
base,last_week,2018-08-20,2018-09-03,3,SC,bed_bath_table,South,15.0
base,last_week,2018-08-20,2018-09-10,4,SC,bed_bath_table,South,15.0
base,last_week,2018-08-20,2018-08-27,2,SC,computers_accessories,South,14.0
base,last_week,2018-08-20,2018-09-03,3,SC,computers_accessories,South,9.0
base,last_week,2018-08-20,2018-09-10,4,SC,computers_accessories,South,9.0
base,last_week,2018-08-20,2018-08-20,1,SC,furniture_decor,South,6.0
base,last_week,2018-08-20,2018-09-03,3,SC,furniture_decor,South,6.0
base,last_week,2018-08-20,2018-09-10,4,SC,furniture_decor,South,6.0
base,last_week,2018-08-20,2018-08-20,1,SC,garden_tools,Central-West,6.0
base,last_week,2018-08-20,2018-08-20,1,SC,garden_tools,South,2.0
base,last_week,2018-08-20,2018-08-27,2,SC,garden_tools,Central-West,6.0
base,last_week,2018-08-20,2018-08-27,2,SC,garden_tools,South,2.0
base,last_week,2018-08-20,2018-09-03,3,SC,garden_tools,Central-West,6.0
base,last_week,2018-08-20,2018-09-03,3,SC,garden_tools,South,2.0
base,last_week,2018-08-20,2018-09-10,4,SC,garden_tools,Central-West,6.0
base,last_week,2018-08-20,2018-09-10,4,SC,garden_tools,South,2.0
base,last_week,2018-08-20,2018-08-20,1,SC,health_beauty,South,9.0
base,last_week,2018-08-20,2018-08-27,2,SC,health_beauty,South,10.0
base,last_week,2018-08-20,2018-09-03,3,SC,health_beauty,South,10.0
base,last_week,2018-08-20,2018-09-10,4,SC,health_beauty,South,10.0
base,last_week,2018-08-20,2018-08-20,1,SC,housewares,South,10.0
base,last_week,2018-08-20,2018-09-03,3,SC,housewares,South,1.0
base,last_week,2018-08-20,2018-09-10,4,SC,housewares,South,1.0
base,last_week,2018-08-20,2018-08-20,1,SC,sports_leisure,South,19.0
base,last_week,2018-08-20,2018-08-20,1,SC,sports_leisure,Southeast,3.0
base,last_week,2018-08-20,2018-08-27,2,SC,sports_leisure,South,18.0
base,last_week,2018-08-20,2018-09-03,3,SC,sports_leisure,South,18.0
base,last_week,2018-08-20,2018-09-10,4,SC,sports_leisure,South,18.0
base,last_week,2018-08-20,2018-08-20,1,SC,watches_gifts,South,14.0
base,last_week,2018-08-20,2018-09-03,3,SC,watches_gifts,South,7.0
base,last_week,2018-08-20,2018-09-10,4,SC,watches_gifts,South,7.0
base,last_week,2018-08-20,2018-08-20,1,SP,auto,Central-West,6.0
base,last_week,2018-08-20,2018-08-20,1,SP,auto,South,9.0
base,last_week,2018-08-20,2018-08-20,1,SP,auto,Southeast,86.0
base,last_week,2018-08-20,2018-08-27,2,SP,auto,Northeast,9.0
base,last_week,2018-08-20,2018-08-27,2,SP,auto,South,2.0
base,last_week,2018-08-20,2018-08-27,2,SP,auto,Southeast,86.0
base,last_week,2018-08-20,2018-09-03,3,SP,auto,Central-West,3.0
base,last_week,2018-08-20,2018-09-03,3,SP,auto,Northeast,10.0
base,last_week,2018-08-20,2018-09-03,3,SP,auto,South,10.0
base,last_week,2018-08-20,2018-09-03,3,SP,auto,Southeast,86.0
base,last_week,2018-08-20,2018-09-10,4,SP,auto,Central-West,3.0
base,last_week,2018-08-20,2018-09-10,4,SP,auto,Northeast,10.0
base,last_week,2018-08-20,2018-09-10,4,SP,auto,South,10.0
base,last_week,2018-08-20,2018-09-10,4,SP,auto,Southeast,86.0
base,last_week,2018-08-20,2018-08-20,1,SP,bed_bath_table,Central-West,8.0
base,last_week,2018-08-20,2018-08-20,1,SP,bed_bath_table,Southeast,191.0
base,last_week,2018-08-20,2018-08-27,2,SP,bed_bath_table,Central-West,13.0
base,last_week,2018-08-20,2018-08-27,2,SP,bed_bath_table,Southeast,191.0
base,last_week,2018-08-20,2018-09-03,3,SP,bed_bath_table,Central-West,13.0
base,last_week,2018-08-20,2018-09-03,3,SP,bed_bath_table,Southeast,191.0
base,last_week,2018-08-20,2018-09-10,4,SP,bed_bath_table,Central-West,13.0
base,last_week,2018-08-20,2018-09-10,4,SP,bed_bath_table,Southeast,191.0
base,last_week,2018-08-20,2018-08-20,1,SP,computers_accessories,Central-West,8.0
base,last_week,2018-08-20,2018-08-20,1,SP,computers_accessories,Southeast,103.0
base,last_week,2018-08-20,2018-08-27,2,SP,computers_accessories,Central-West,8.0
base,last_week,2018-08-20,2018-08-27,2,SP,computers_accessories,Southeast,103.0
base,last_week,2018-08-20,2018-09-03,3,SP,computers_accessories,Central-West,8.0
base,last_week,2018-08-20,2018-09-03,3,SP,computers_accessories,North,3.0
base,last_week,2018-08-20,2018-09-03,3,SP,computers_accessories,Southeast,103.0
base,last_week,2018-08-20,2018-09-10,4,SP,computers_accessories,Central-West,5.0
base,last_week,2018-08-20,2018-09-10,4,SP,computers_accessories,Southeast,103.0
base,last_week,2018-08-20,2018-08-20,1,SP,furniture_decor,Central-West,3.0
base,last_week,2018-08-20,2018-08-20,1,SP,furniture_decor,Southeast,108.0
base,last_week,2018-08-20,2018-08-27,2,SP,furniture_decor,Southeast,108.0
base,last_week,2018-08-20,2018-09-03,3,SP,furniture_decor,Southeast,108.0
base,last_week,2018-08-20,2018-09-10,4,SP,furniture_decor,Southeast,108.0
base,last_week,2018-08-20,2018-08-20,1,SP,garden_tools,South,7.0
base,last_week,2018-08-20,2018-08-20,1,SP,garden_tools,Southeast,36.0
base,last_week,2018-08-20,2018-08-27,2,SP,garden_tools,South,5.0
base,last_week,2018-08-20,2018-08-27,2,SP,garden_tools,Southeast,36.0
base,last_week,2018-08-20,2018-09-03,3,SP,garden_tools,Northeast,1.0
base,last_week,2018-08-20,2018-09-03,3,SP,garden_tools,South,7.0
base,last_week,2018-08-20,2018-09-03,3,SP,garden_tools,Southeast,36.0
base,last_week,2018-08-20,2018-09-10,4,SP,garden_tools,Northeast,1.0
base,last_week,2018-08-20,2018-09-10,4,SP,garden_tools,South,7.0
base,last_week,2018-08-20,2018-09-10,4,SP,garden_tools,Southeast,36.0
base,last_week,2018-08-20,2018-08-20,1,SP,health_beauty,Central-West,3.0
base,last_week,2018-08-20,2018-08-20,1,SP,health_beauty,North,5.0
base,last_week,2018-08-20,2018-08-20,1,SP,health_beauty,Northeast,14.0
base,last_week,2018-08-20,2018-08-20,1,SP,health_beauty,South,1.0
base,last_week,2018-08-20,2018-08-20,1,SP,health_beauty,Southeast,175.0
base,last_week,2018-08-20,2018-08-27,2,SP,health_beauty,Central-West,4.0
base,last_week,2018-08-20,2018-08-27,2,SP,health_beauty,North,5.0
base,last_week,2018-08-20,2018-08-27,2,SP,health_beauty,Northeast,14.0
base,last_week,2018-08-20,2018-08-27,2,SP,health_beauty,Southeast,175.0
base,last_week,2018-08-20,2018-09-03,3,SP,health_beauty,Central-West,4.0
base,last_week,2018-08-20,2018-09-03,3,SP,health_beauty,North,5.0
base,last_week,2018-08-20,2018-09-03,3,SP,health_beauty,Northeast,14.0
base,last_week,2018-08-20,2018-09-03,3,SP,health_beauty,Southeast,175.0
base,last_week,2018-08-20,2018-09-10,4,SP,health_beauty,Central-West,4.0
base,last_week,2018-08-20,2018-09-10,4,SP,health_beauty,North,5.0
base,last_week,2018-08-20,2018-09-10,4,SP,health_beauty,Northeast,14.0
base,last_week,2018-08-20,2018-09-10,4,SP,health_beauty,Southeast,175.0
base,last_week,2018-08-20,2018-08-20,1,SP,housewares,North,3.0
base,last_week,2018-08-20,2018-08-20,1,SP,housewares,Southeast,142.0
base,last_week,2018-08-20,2018-08-27,2,SP,housewares,North,3.0
base,last_week,2018-08-20,2018-08-27,2,SP,housewares,Southeast,157.0
base,last_week,2018-08-20,2018-09-03,3,SP,housewares,North,3.0
base,last_week,2018-08-20,2018-09-03,3,SP,housewares,Southeast,156.0
base,last_week,2018-08-20,2018-09-10,4,SP,housewares,North,3.0
base,last_week,2018-08-20,2018-09-10,4,SP,housewares,Southeast,156.0
base,last_week,2018-08-20,2018-08-20,1,SP,sports_leisure,Southeast,80.0
base,last_week,2018-08-20,2018-08-27,2,SP,sports_leisure,Southeast,132.0
base,last_week,2018-08-20,2018-09-03,3,SP,sports_leisure,Southeast,132.0
base,last_week,2018-08-20,2018-09-10,4,SP,sports_leisure,Southeast,132.0
base,last_week,2018-08-20,2018-08-20,1,SP,telephony,Central-West,7.0
base,last_week,2018-08-20,2018-08-20,1,SP,telephony,South,15.0
base,last_week,2018-08-20,2018-08-20,1,SP,telephony,Southeast,52.0
base,last_week,2018-08-20,2018-08-27,2,SP,telephony,Central-West,7.0
base,last_week,2018-08-20,2018-08-27,2,SP,telephony,South,15.0
base,last_week,2018-08-20,2018-08-27,2,SP,telephony,Southeast,52.0
base,last_week,2018-08-20,2018-09-03,3,SP,telephony,Central-West,7.0
base,last_week,2018-08-20,2018-09-03,3,SP,telephony,Southeast,52.0
base,last_week,2018-08-20,2018-09-10,4,SP,telephony,Central-West,7.0
base,last_week,2018-08-20,2018-09-10,4,SP,telephony,South,10.0
base,last_week,2018-08-20,2018-09-10,4,SP,telephony,Southeast,52.0
base,last_week,2018-08-20,2018-08-20,1,SP,watches_gifts,Central-West,9.0
base,last_week,2018-08-20,2018-08-20,1,SP,watches_gifts,North,2.0
base,last_week,2018-08-20,2018-08-20,1,SP,watches_gifts,Northeast,9.0
base,last_week,2018-08-20,2018-08-20,1,SP,watches_gifts,Southeast,92.0
base,last_week,2018-08-20,2018-08-27,2,SP,watches_gifts,Central-West,9.0
base,last_week,2018-08-20,2018-08-27,2,SP,watches_gifts,North,2.0
base,last_week,2018-08-20,2018-08-27,2,SP,watches_gifts,Northeast,19.0
base,last_week,2018-08-20,2018-08-27,2,SP,watches_gifts,Southeast,92.0
base,last_week,2018-08-20,2018-09-03,3,SP,watches_gifts,Central-West,9.0
base,last_week,2018-08-20,2018-09-03,3,SP,watches_gifts,North,2.0
base,last_week,2018-08-20,2018-09-03,3,SP,watches_gifts,Northeast,19.0
base,last_week,2018-08-20,2018-09-03,3,SP,watches_gifts,Southeast,92.0
base,last_week,2018-08-20,2018-09-10,4,SP,watches_gifts,Central-West,9.0
base,last_week,2018-08-20,2018-09-10,4,SP,watches_gifts,North,2.0
base,last_week,2018-08-20,2018-09-10,4,SP,watches_gifts,Northeast,19.0
base,last_week,2018-08-20,2018-09-10,4,SP,watches_gifts,Southeast,92.0
base,moving_average,2018-05-28,2018-05-28,1,MG,auto,Northeast,6.0
base,moving_average,2018-05-28,2018-05-28,1,MG,bed_bath_table,North,1.0
base,moving_average,2018-05-28,2018-05-28,1,MG,bed_bath_table,Northeast,7.0
base,moving_average,2018-05-28,2018-06-04,2,MG,bed_bath_table,Central-West,4.0
base,moving_average,2018-05-28,2018-06-04,2,MG,bed_bath_table,Northeast,10.0
base,moving_average,2018-05-28,2018-06-11,3,MG,bed_bath_table,Central-West,4.0
base,moving_average,2018-05-28,2018-06-11,3,MG,bed_bath_table,Northeast,10.0
base,moving_average,2018-05-28,2018-06-18,4,MG,bed_bath_table,Central-West,5.0
base,moving_average,2018-05-28,2018-06-18,4,MG,bed_bath_table,Northeast,9.0
base,moving_average,2018-05-28,2018-05-28,1,MG,computers_accessories,Central-West,7.0
base,moving_average,2018-05-28,2018-05-28,1,MG,computers_accessories,North,4.0
base,moving_average,2018-05-28,2018-05-28,1,MG,computers_accessories,Northeast,15.0
base,moving_average,2018-05-28,2018-06-04,2,MG,computers_accessories,Northeast,14.0
base,moving_average,2018-05-28,2018-06-11,3,MG,computers_accessories,Northeast,14.0
base,moving_average,2018-05-28,2018-06-18,4,MG,computers_accessories,Northeast,14.0
base,moving_average,2018-05-28,2018-05-28,1,MG,furniture_decor,Central-West,5.0
base,moving_average,2018-05-28,2018-05-28,1,MG,furniture_decor,Northeast,9.0
base,moving_average,2018-05-28,2018-06-04,2,MG,furniture_decor,Central-West,11.0
base,moving_average,2018-05-28,2018-06-04,2,MG,furniture_decor,Northeast,7.0
base,moving_average,2018-05-28,2018-06-11,3,MG,furniture_decor,Central-West,12.0
base,moving_average,2018-05-28,2018-06-11,3,MG,furniture_decor,Northeast,5.0
base,moving_average,2018-05-28,2018-06-18,4,MG,furniture_decor,Central-West,12.0
base,moving_average,2018-05-28,2018-06-18,4,MG,furniture_decor,Northeast,5.0
base,moving_average,2018-05-28,2018-05-28,1,MG,garden_tools,Southeast,14.0
base,moving_average,2018-05-28,2018-05-28,1,MG,health_beauty,Northeast,10.0
base,moving_average,2018-05-28,2018-06-04,2,MG,health_beauty,Northeast,14.0
base,moving_average,2018-05-28,2018-06-11,3,MG,health_beauty,Northeast,14.0
base,moving_average,2018-05-28,2018-06-18,4,MG,health_beauty,Northeast,14.0
base,moving_average,2018-05-28,2018-05-28,1,MG,housewares,Central-West,9.0
base,moving_average,2018-05-28,2018-05-28,1,MG,housewares,Southeast,11.0
base,moving_average,2018-05-28,2018-05-28,1,MG,sports_leisure,Central-West,3.0
base,moving_average,2018-05-28,2018-05-28,1,MG,sports_leisure,Northeast,8.0
base,moving_average,2018-05-28,2018-06-04,2,MG,sports_leisure,Northeast,8.0
base,moving_average,2018-05-28,2018-06-11,3,MG,sports_leisure,Northeast,7.0
base,moving_average,2018-05-28,2018-06-18,4,MG,sports_leisure,Northeast,7.0
base,moving_average,2018-05-28,2018-05-28,1,MG,telephony,North,1.0
base,moving_average,2018-05-28,2018-06-04,2,MG,telephony,Northeast,5.0
base,moving_average,2018-05-28,2018-06-11,3,MG,telephony,Northeast,5.0
base,moving_average,2018-05-28,2018-06-18,4,MG,telephony,Northeast,5.0
base,moving_average,2018-05-28,2018-05-28,1,MG,watches_gifts,Northeast,3.0
base,moving_average,2018-05-28,2018-06-04,2,MG,watches_gifts,Northeast,13.0
base,moving_average,2018-05-28,2018-06-04,2,PR,auto,South,12.0
base,moving_average,2018-05-28,2018-06-11,3,PR,auto,South,8.0
base,moving_average,2018-05-28,2018-06-18,4,PR,auto,South,8.0
base,moving_average,2018-05-28,2018-05-28,1,PR,bed_bath_table,South,3.0
base,moving_average,2018-05-28,2018-05-28,1,PR,computers_accessories,South,15.0
base,moving_average,2018-05-28,2018-05-28,1,PR,computers_accessories,Southeast,1.0
base,moving_average,2018-05-28,2018-06-04,2,PR,computers_accessories,South,20.0
base,moving_average,2018-05-28,2018-06-11,3,PR,computers_accessories,South,5.0
base,moving_average,2018-05-28,2018-05-28,1,PR,furniture_decor,South,27.0
base,moving_average,2018-05-28,2018-06-04,2,PR,furniture_decor,South,23.0
base,moving_average,2018-05-28,2018-06-11,3,PR,furniture_decor,South,22.0
base,moving_average,2018-05-28,2018-06-18,4,PR,furniture_decor,South,19.0
base,moving_average,2018-05-28,2018-06-04,2,PR,garden_tools,South,5.0
base,moving_average,2018-05-28,2018-05-28,1,PR,health_beauty,South,14.0
base,moving_average,2018-05-28,2018-06-04,2,PR,health_beauty,South,14.0
base,moving_average,2018-05-28,2018-06-11,3,PR,health_beauty,South,11.0
base,moving_average,2018-05-28,2018-06-18,4,PR,health_beauty,South,12.0
base,moving_average,2018-05-28,2018-05-28,1,PR,housewares,South,9.0
base,moving_average,2018-05-28,2018-06-04,2,PR,housewares,South,17.0
base,moving_average,2018-05-28,2018-06-11,3,PR,housewares,South,17.0
base,moving_average,2018-05-28,2018-06-18,4,PR,housewares,South,17.0
base,moving_average,2018-05-28,2018-05-28,1,PR,sports_leisure,South,2.0
base,moving_average,2018-05-28,2018-06-04,2,PR,sports_leisure,South,21.0
base,moving_average,2018-05-28,2018-06-11,3,PR,sports_leisure,South,9.0
base,moving_average,2018-05-28,2018-06-04,2,PR,telephony,South,2.0
base,moving_average,2018-05-28,2018-05-28,1,PR,watches_gifts,South,4.0
base,moving_average,2018-05-28,2018-06-04,2,PR,watches_gifts,South,8.0
base,moving_average,2018-05-28,2018-06-11,3,PR,watches_gifts,South,8.0
base,moving_average,2018-05-28,2018-06-18,4,PR,watches_gifts,South,8.0
base,moving_average,2018-05-28,2018-05-28,1,RJ,auto,Central-West,3.0
base,moving_average,2018-05-28,2018-06-04,2,RJ,auto,Central-West,6.0
base,moving_average,2018-05-28,2018-06-11,3,RJ,auto,Central-West,6.0
base,moving_average,2018-05-28,2018-06-18,4,RJ,auto,Central-West,5.0
base,moving_average,2018-05-28,2018-06-18,4,RJ,auto,Northeast,1.0
base,moving_average,2018-05-28,2018-05-28,1,RJ,bed_bath_table,South,3.0
base,moving_average,2018-05-28,2018-06-04,2,RJ,bed_bath_table,South,10.0
base,moving_average,2018-05-28,2018-06-11,3,RJ,bed_bath_table,South,10.0
base,moving_average,2018-05-28,2018-06-18,4,RJ,bed_bath_table,South,10.0
base,moving_average,2018-05-28,2018-05-28,1,RJ,computers_accessories,Central-West,3.0
base,moving_average,2018-05-28,2018-05-28,1,RJ,furniture_decor,Northeast,3.0
base,moving_average,2018-05-28,2018-06-04,2,RJ,furniture_decor,Northeast,5.0
base,moving_average,2018-05-28,2018-06-11,3,RJ,furniture_decor,Northeast,5.0
base,moving_average,2018-05-28,2018-06-18,4,RJ,furniture_decor,Northeast,5.0
base,moving_average,2018-05-28,2018-05-28,1,RJ,garden_tools,Northeast,1.0
base,moving_average,2018-05-28,2018-06-04,2,RJ,garden_tools,Northeast,4.0
base,moving_average,2018-05-28,2018-06-11,3,RJ,garden_tools,Northeast,4.0
base,moving_average,2018-05-28,2018-06-18,4,RJ,garden_tools,Northeast,4.0
base,moving_average,2018-05-28,2018-05-28,1,RJ,health_beauty,Central-West,14.0
base,moving_average,2018-05-28,2018-05-28,1,RJ,health_beauty,Southeast,11.0
base,moving_average,2018-05-28,2018-06-04,2,RJ,health_beauty,Central-West,2.0
base,moving_average,2018-05-28,2018-05-28,1,RJ,housewares,Northeast,4.0
base,moving_average,2018-05-28,2018-06-04,2,RJ,housewares,Northeast,8.0
base,moving_average,2018-05-28,2018-06-11,3,RJ,housewares,Northeast,8.0
base,moving_average,2018-05-28,2018-06-18,4,RJ,housewares,Northeast,8.0
base,moving_average,2018-05-28,2018-05-28,1,RJ,sports_leisure,Central-West,6.0
base,moving_average,2018-05-28,2018-05-28,1,RJ,sports_leisure,North,3.0
base,moving_average,2018-05-28,2018-06-04,2,RJ,sports_leisure,Central-West,8.0
base,moving_average,2018-05-28,2018-06-04,2,RJ,sports_leisure,North,3.0
base,moving_average,2018-05-28,2018-06-11,3,RJ,sports_leisure,Central-West,8.0
base,moving_average,2018-05-28,2018-06-11,3,RJ,sports_leisure,North,2.0
base,moving_average,2018-05-28,2018-06-18,4,RJ,sports_leisure,Central-West,8.0
base,moving_average,2018-05-28,2018-06-18,4,RJ,sports_leisure,North,2.0
base,moving_average,2018-05-28,2018-05-28,1,RJ,telephony,North,1.0
base,moving_average,2018-05-28,2018-06-04,2,RJ,telephony,North,3.0
base,moving_average,2018-05-28,2018-06-04,2,RJ,telephony,Northeast,3.0
base,moving_average,2018-05-28,2018-06-11,3,RJ,telephony,North,3.0
base,moving_average,2018-05-28,2018-06-11,3,RJ,telephony,Northeast,3.0
base,moving_average,2018-05-28,2018-06-18,4,RJ,telephony,North,3.0
base,moving_average,2018-05-28,2018-06-18,4,RJ,telephony,Northeast,3.0
base,moving_average,2018-05-28,2018-05-28,1,RJ,watches_gifts,Central-West,2.0
base,moving_average,2018-05-28,2018-05-28,1,RJ,watches_gifts,Northeast,10.0
base,moving_average,2018-05-28,2018-05-28,1,RJ,watches_gifts,Southeast,1.0
base,moving_average,2018-05-28,2018-05-28,1,RS,auto,North,2.0
base,moving_average,2018-05-28,2018-06-04,2,RS,auto,North,2.0
base,moving_average,2018-05-28,2018-06-04,2,RS,auto,South,1.0
base,moving_average,2018-05-28,2018-06-11,3,RS,auto,North,1.0
base,moving_average,2018-05-28,2018-06-11,3,RS,auto,South,2.0
base,moving_average,2018-05-28,2018-06-18,4,RS,auto,North,1.0
base,moving_average,2018-05-28,2018-06-18,4,RS,auto,South,2.0
base,moving_average,2018-05-28,2018-05-28,1,RS,bed_bath_table,North,1.0
base,moving_average,2018-05-28,2018-06-04,2,RS,bed_bath_table,North,1.0
base,moving_average,2018-05-28,2018-06-04,2,RS,bed_bath_table,South,5.0
base,moving_average,2018-05-28,2018-06-11,3,RS,bed_bath_table,North,2.0
base,moving_average,2018-05-28,2018-06-11,3,RS,bed_bath_table,South,4.0
base,moving_average,2018-05-28,2018-06-18,4,RS,bed_bath_table,North,2.0
base,moving_average,2018-05-28,2018-06-18,4,RS,bed_bath_table,South,4.0
base,moving_average,2018-05-28,2018-06-11,3,RS,computers_accessories,South,10.0
base,moving_average,2018-05-28,2018-06-18,4,RS,computers_accessories,South,9.0
base,moving_average,2018-05-28,2018-05-28,1,RS,furniture_decor,South,2.0
base,moving_average,2018-05-28,2018-06-04,2,RS,furniture_decor,North,4.0
base,moving_average,2018-05-28,2018-06-04,2,RS,furniture_decor,South,1.0
base,moving_average,2018-05-28,2018-06-11,3,RS,furniture_decor,North,4.0
base,moving_average,2018-05-28,2018-06-11,3,RS,furniture_decor,South,1.0
base,moving_average,2018-05-28,2018-06-18,4,RS,furniture_decor,North,4.0
base,moving_average,2018-05-28,2018-06-18,4,RS,furniture_decor,South,1.0
base,moving_average,2018-05-28,2018-05-28,1,RS,garden_tools,North,1.0
base,moving_average,2018-05-28,2018-06-04,2,RS,garden_tools,North,2.0
base,moving_average,2018-05-28,2018-06-11,3,RS,garden_tools,North,2.0
base,moving_average,2018-05-28,2018-06-18,4,RS,garden_tools,North,2.0
base,moving_average,2018-05-28,2018-05-28,1,RS,health_beauty,South,4.0
base,moving_average,2018-05-28,2018-06-04,2,RS,health_beauty,South,8.0
base,moving_average,2018-05-28,2018-06-11,3,RS,health_beauty,South,8.0
base,moving_average,2018-05-28,2018-06-18,4,RS,health_beauty,South,8.0
base,moving_average,2018-05-28,2018-05-28,1,RS,housewares,South,4.0
base,moving_average,2018-05-28,2018-06-04,2,RS,housewares,South,10.0
base,moving_average,2018-05-28,2018-06-11,3,RS,housewares,South,8.0
base,moving_average,2018-05-28,2018-06-18,4,RS,housewares,South,6.0
base,moving_average,2018-05-28,2018-05-28,1,RS,sports_leisure,South,3.0
base,moving_average,2018-05-28,2018-06-04,2,RS,telephony,South,5.0
base,moving_average,2018-05-28,2018-06-11,3,RS,telephony,South,5.0
base,moving_average,2018-05-28,2018-06-18,4,RS,telephony,South,5.0
base,moving_average,2018-05-28,2018-05-28,1,RS,watches_gifts,South,1.0
base,moving_average,2018-05-28,2018-05-28,1,SC,auto,South,4.0
base,moving_average,2018-05-28,2018-05-28,1,SC,bed_bath_table,South,13.0
base,moving_average,2018-05-28,2018-06-04,2,SC,bed_bath_table,South,9.0
base,moving_average,2018-05-28,2018-06-11,3,SC,bed_bath_table,South,9.0
base,moving_average,2018-05-28,2018-06-18,4,SC,bed_bath_table,South,8.0
base,moving_average,2018-05-28,2018-05-28,1,SC,computers_accessories,South,4.0
base,moving_average,2018-05-28,2018-06-11,3,SC,computers_accessories,South,3.0
base,moving_average,2018-05-28,2018-06-18,4,SC,computers_accessories,South,9.0
base,moving_average,2018-05-28,2018-05-28,1,SC,furniture_decor,South,2.0
base,moving_average,2018-05-28,2018-06-04,2,SC,furniture_decor,South,6.0
base,moving_average,2018-05-28,2018-06-11,3,SC,furniture_decor,South,6.0
base,moving_average,2018-05-28,2018-06-18,4,SC,furniture_decor,South,6.0
base,moving_average,2018-05-28,2018-05-28,1,SC,garden_tools,Central-West,3.0
base,moving_average,2018-05-28,2018-06-04,2,SC,garden_tools,Central-West,6.0
base,moving_average,2018-05-28,2018-06-04,2,SC,garden_tools,South,2.0
base,moving_average,2018-05-28,2018-06-11,3,SC,garden_tools,Central-West,6.0
base,moving_average,2018-05-28,2018-06-11,3,SC,garden_tools,South,2.0
base,moving_average,2018-05-28,2018-06-18,4,SC,garden_tools,Central-West,5.0
base,moving_average,2018-05-28,2018-06-18,4,SC,garden_tools,South,3.0
base,moving_average,2018-05-28,2018-05-28,1,SC,health_beauty,South,7.0
base,moving_average,2018-05-28,2018-05-28,1,SC,housewares,South,8.0
base,moving_average,2018-05-28,2018-05-28,1,SC,sports_leisure,South,15.0
base,moving_average,2018-05-28,2018-06-11,3,SC,sports_leisure,South,9.0
base,moving_average,2018-05-28,2018-06-18,4,SC,sports_leisure,South,17.0
base,moving_average,2018-05-28,2018-05-28,1,SC,telephony,South,1.0
base,moving_average,2018-05-28,2018-05-28,1,SC,watches_gifts,South,6.0
base,moving_average,2018-05-28,2018-06-04,2,SC,watches_gifts,South,9.0
base,moving_average,2018-05-28,2018-06-11,3,SC,watches_gifts,South,7.0
base,moving_average,2018-05-28,2018-06-18,4,SC,watches_gifts,South,7.0
base,moving_average,2018-05-28,2018-05-28,1,SP,auto,Central-West,3.0
base,moving_average,2018-05-28,2018-05-28,1,SP,auto,Northeast,1.0
base,moving_average,2018-05-28,2018-05-28,1,SP,auto,South,10.0
base,moving_average,2018-05-28,2018-05-28,1,SP,auto,Southeast,63.0
base,moving_average,2018-05-28,2018-06-04,2,SP,auto,Northeast,7.0
base,moving_average,2018-05-28,2018-06-04,2,SP,auto,Southeast,63.0
base,moving_average,2018-05-28,2018-06-11,3,SP,auto,Northeast,6.0
base,moving_average,2018-05-28,2018-06-11,3,SP,auto,South,3.0
base,moving_average,2018-05-28,2018-06-11,3,SP,auto,Southeast,61.0
base,moving_average,2018-05-28,2018-06-18,4,SP,auto,Northeast,5.0
base,moving_average,2018-05-28,2018-06-18,4,SP,auto,South,2.0
base,moving_average,2018-05-28,2018-06-18,4,SP,auto,Southeast,56.0
base,moving_average,2018-05-28,2018-05-28,1,SP,bed_bath_table,Central-West,9.0
base,moving_average,2018-05-28,2018-05-28,1,SP,bed_bath_table,Northeast,3.0
base,moving_average,2018-05-28,2018-05-28,1,SP,bed_bath_table,South,5.0
base,moving_average,2018-05-28,2018-05-28,1,SP,bed_bath_table,Southeast,150.0
base,moving_average,2018-05-28,2018-06-04,2,SP,bed_bath_table,Central-West,4.0
base,moving_average,2018-05-28,2018-06-04,2,SP,bed_bath_table,Southeast,151.0
base,moving_average,2018-05-28,2018-06-11,3,SP,bed_bath_table,Central-West,4.0
base,moving_average,2018-05-28,2018-06-11,3,SP,bed_bath_table,Southeast,153.0
base,moving_average,2018-05-28,2018-06-18,4,SP,bed_bath_table,Central-West,3.0
base,moving_average,2018-05-28,2018-06-18,4,SP,bed_bath_table,Southeast,144.0
base,moving_average,2018-05-28,2018-05-28,1,SP,computers_accessories,Southeast,84.0
base,moving_average,2018-05-28,2018-06-04,2,SP,computers_accessories,Central-West,10.0
base,moving_average,2018-05-28,2018-06-04,2,SP,computers_accessories,North,4.0
base,moving_average,2018-05-28,2018-06-04,2,SP,computers_accessories,Southeast,87.0
base,moving_average,2018-05-28,2018-06-11,3,SP,computers_accessories,Central-West,8.0
base,moving_average,2018-05-28,2018-06-11,3,SP,computers_accessories,North,3.0
base,moving_average,2018-05-28,2018-06-11,3,SP,computers_accessories,Southeast,85.0
base,moving_average,2018-05-28,2018-06-18,4,SP,computers_accessories,Central-West,9.0
base,moving_average,2018-05-28,2018-06-18,4,SP,computers_accessories,North,3.0
base,moving_average,2018-05-28,2018-06-18,4,SP,computers_accessories,Southeast,78.0
base,moving_average,2018-05-28,2018-05-28,1,SP,furniture_decor,Central-West,7.0
base,moving_average,2018-05-28,2018-05-28,1,SP,furniture_decor,North,4.0
base,moving_average,2018-05-28,2018-05-28,1,SP,furniture_decor,South,2.0
base,moving_average,2018-05-28,2018-05-28,1,SP,furniture_decor,Southeast,107.0
base,moving_average,2018-05-28,2018-06-04,2,SP,furniture_decor,Central-West,1.0
base,moving_average,2018-05-28,2018-06-04,2,SP,furniture_decor,Southeast,110.0
base,moving_average,2018-05-28,2018-06-11,3,SP,furniture_decor,Southeast,105.0
base,moving_average,2018-05-28,2018-06-18,4,SP,furniture_decor,Southeast,100.0
base,moving_average,2018-05-28,2018-05-28,1,SP,garden_tools,Central-West,4.0
base,moving_average,2018-05-28,2018-05-28,1,SP,garden_tools,North,1.0
base,moving_average,2018-05-28,2018-05-28,1,SP,garden_tools,Northeast,6.0
base,moving_average,2018-05-28,2018-05-28,1,SP,garden_tools,South,12.0
base,moving_average,2018-05-28,2018-05-28,1,SP,garden_tools,Southeast,47.0
base,moving_average,2018-05-28,2018-06-04,2,SP,garden_tools,Northeast,2.0
base,moving_average,2018-05-28,2018-06-04,2,SP,garden_tools,South,6.0
base,moving_average,2018-05-28,2018-06-04,2,SP,garden_tools,Southeast,57.0
base,moving_average,2018-05-28,2018-06-11,3,SP,garden_tools,Northeast,2.0
base,moving_average,2018-05-28,2018-06-11,3,SP,garden_tools,South,11.0
base,moving_average,2018-05-28,2018-06-11,3,SP,garden_tools,Southeast,58.0
base,moving_average,2018-05-28,2018-06-18,4,SP,garden_tools,Northeast,2.0
base,moving_average,2018-05-28,2018-06-18,4,SP,garden_tools,South,10.0
base,moving_average,2018-05-28,2018-06-18,4,SP,garden_tools,Southeast,54.0
base,moving_average,2018-05-28,2018-05-28,1,SP,health_beauty,North,3.0
base,moving_average,2018-05-28,2018-05-28,1,SP,health_beauty,Northeast,11.0
base,moving_average,2018-05-28,2018-05-28,1,SP,health_beauty,Southeast,146.0
base,moving_average,2018-05-28,2018-06-04,2,SP,health_beauty,Central-West,11.0
base,moving_average,2018-05-28,2018-06-04,2,SP,health_beauty,North,3.0
base,moving_average,2018-05-28,2018-06-04,2,SP,health_beauty,Northeast,6.0
base,moving_average,2018-05-28,2018-06-04,2,SP,health_beauty,Southeast,150.0
base,moving_average,2018-05-28,2018-06-11,3,SP,health_beauty,Central-West,11.0
base,moving_average,2018-05-28,2018-06-11,3,SP,health_beauty,North,3.0
base,moving_average,2018-05-28,2018-06-11,3,SP,health_beauty,Northeast,3.0
base,moving_average,2018-05-28,2018-06-11,3,SP,health_beauty,Southeast,141.0
base,moving_average,2018-05-28,2018-06-18,4,SP,health_beauty,Central-West,12.0
base,moving_average,2018-05-28,2018-06-18,4,SP,health_beauty,North,3.0
base,moving_average,2018-05-28,2018-06-18,4,SP,health_beauty,Northeast,4.0
base,moving_average,2018-05-28,2018-06-18,4,SP,health_beauty,Southeast,136.0
base,moving_average,2018-05-28,2018-05-28,1,SP,housewares,North,2.0
base,moving_average,2018-05-28,2018-05-28,1,SP,housewares,Northeast,9.0
base,moving_average,2018-05-28,2018-05-28,1,SP,housewares,South,1.0
base,moving_average,2018-05-28,2018-05-28,1,SP,housewares,Southeast,105.0
base,moving_average,2018-05-28,2018-06-04,2,SP,housewares,Central-West,8.0
base,moving_average,2018-05-28,2018-06-04,2,SP,housewares,North,2.0
base,moving_average,2018-05-28,2018-06-04,2,SP,housewares,Northeast,5.0
base,moving_average,2018-05-28,2018-06-04,2,SP,housewares,Southeast,119.0
base,moving_average,2018-05-28,2018-06-11,3,SP,housewares,Central-West,7.0
base,moving_average,2018-05-28,2018-06-11,3,SP,housewares,North,2.0
base,moving_average,2018-05-28,2018-06-11,3,SP,housewares,Northeast,5.0
base,moving_average,2018-05-28,2018-06-11,3,SP,housewares,Southeast,113.0
base,moving_average,2018-05-28,2018-06-18,4,SP,housewares,Central-West,6.0
base,moving_average,2018-05-28,2018-06-18,4,SP,housewares,North,2.0
base,moving_average,2018-05-28,2018-06-18,4,SP,housewares,Northeast,4.0
base,moving_average,2018-05-28,2018-06-18,4,SP,housewares,Southeast,107.0
base,moving_average,2018-05-28,2018-05-28,1,SP,sports_leisure,Southeast,100.0
base,moving_average,2018-05-28,2018-06-04,2,SP,sports_leisure,Southeast,97.0
base,moving_average,2018-05-28,2018-06-11,3,SP,sports_leisure,Southeast,92.0
base,moving_average,2018-05-28,2018-06-18,4,SP,sports_leisure,Southeast,86.0
base,moving_average,2018-05-28,2018-05-28,1,SP,telephony,Central-West,5.0
base,moving_average,2018-05-28,2018-05-28,1,SP,telephony,North,1.0
base,moving_average,2018-05-28,2018-05-28,1,SP,telephony,Northeast,12.0
base,moving_average,2018-05-28,2018-05-28,1,SP,telephony,South,11.0
base,moving_average,2018-05-28,2018-05-28,1,SP,telephony,Southeast,43.0
base,moving_average,2018-05-28,2018-06-04,2,SP,telephony,Central-West,5.0
base,moving_average,2018-05-28,2018-06-04,2,SP,telephony,Northeast,4.0
base,moving_average,2018-05-28,2018-06-04,2,SP,telephony,South,3.0
base,moving_average,2018-05-28,2018-06-04,2,SP,telephony,Southeast,43.0
base,moving_average,2018-05-28,2018-06-11,3,SP,telephony,Central-West,4.0
base,moving_average,2018-05-28,2018-06-11,3,SP,telephony,Northeast,2.0
base,moving_average,2018-05-28,2018-06-11,3,SP,telephony,South,5.0
base,moving_average,2018-05-28,2018-06-11,3,SP,telephony,Southeast,41.0
base,moving_average,2018-05-28,2018-06-18,4,SP,telephony,Central-West,5.0
base,moving_average,2018-05-28,2018-06-18,4,SP,telephony,Northeast,2.0
base,moving_average,2018-05-28,2018-06-18,4,SP,telephony,South,5.0
base,moving_average,2018-05-28,2018-06-18,4,SP,telephony,Southeast,40.0
base,moving_average,2018-05-28,2018-05-28,1,SP,watches_gifts,Southeast,113.0
base,moving_average,2018-05-28,2018-06-04,2,SP,watches_gifts,Central-West,10.0
base,moving_average,2018-05-28,2018-06-04,2,SP,watches_gifts,North,3.0
base,moving_average,2018-05-28,2018-06-04,2,SP,watches_gifts,Northeast,11.0
base,moving_average,2018-05-28,2018-06-04,2,SP,watches_gifts,Southeast,127.0
base,moving_average,2018-05-28,2018-06-11,3,SP,watches_gifts,Central-West,8.0
base,moving_average,2018-05-28,2018-06-11,3,SP,watches_gifts,North,2.0
base,moving_average,2018-05-28,2018-06-11,3,SP,watches_gifts,Northeast,21.0
base,moving_average,2018-05-28,2018-06-11,3,SP,watches_gifts,Southeast,113.0
base,moving_average,2018-05-28,2018-06-18,4,SP,watches_gifts,Central-West,8.0
base,moving_average,2018-05-28,2018-06-18,4,SP,watches_gifts,North,2.0
base,moving_average,2018-05-28,2018-06-18,4,SP,watches_gifts,Northeast,21.0
base,moving_average,2018-05-28,2018-06-18,4,SP,watches_gifts,Southeast,113.0
base,moving_average,2018-06-04,2018-06-04,1,MG,auto,Northeast,6.0
base,moving_average,2018-06-04,2018-06-04,1,MG,bed_bath_table,Central-West,5.0
base,moving_average,2018-06-04,2018-06-04,1,MG,bed_bath_table,Northeast,9.0
base,moving_average,2018-06-04,2018-06-11,2,MG,bed_bath_table,Central-West,5.0
base,moving_average,2018-06-04,2018-06-11,2,MG,bed_bath_table,Northeast,9.0
base,moving_average,2018-06-04,2018-06-18,3,MG,bed_bath_table,Central-West,6.0
base,moving_average,2018-06-04,2018-06-18,3,MG,bed_bath_table,Northeast,8.0
base,moving_average,2018-06-04,2018-06-25,4,MG,bed_bath_table,Central-West,6.0
base,moving_average,2018-06-04,2018-06-25,4,MG,bed_bath_table,Northeast,8.0
base,moving_average,2018-06-04,2018-06-04,1,MG,computers_accessories,Northeast,13.0
base,moving_average,2018-06-04,2018-06-11,2,MG,computers_accessories,Northeast,12.0
base,moving_average,2018-06-04,2018-06-18,3,MG,computers_accessories,Northeast,12.0
base,moving_average,2018-06-04,2018-06-25,4,MG,computers_accessories,Northeast,12.0
base,moving_average,2018-06-04,2018-06-04,1,MG,furniture_decor,Central-West,12.0
base,moving_average,2018-06-04,2018-06-04,1,MG,furniture_decor,Northeast,8.0
base,moving_average,2018-06-04,2018-06-11,2,MG,furniture_decor,Central-West,11.0
base,moving_average,2018-06-04,2018-06-11,2,MG,furniture_decor,Northeast,4.0
base,moving_average,2018-06-04,2018-06-18,3,MG,furniture_decor,Central-West,11.0
base,moving_average,2018-06-04,2018-06-18,3,MG,furniture_decor,Northeast,5.0
base,moving_average,2018-06-04,2018-06-25,4,MG,furniture_decor,Central-West,11.0
base,moving_average,2018-06-04,2018-06-25,4,MG,furniture_decor,Northeast,6.0
base,moving_average,2018-06-04,2018-06-04,1,MG,garden_tools,Southeast,14.0
base,moving_average,2018-06-04,2018-06-04,1,MG,health_beauty,Northeast,14.0
base,moving_average,2018-06-04,2018-06-11,2,MG,health_beauty,Northeast,14.0
base,moving_average,2018-06-04,2018-06-18,3,MG,health_beauty,Northeast,14.0
base,moving_average,2018-06-04,2018-06-25,4,MG,health_beauty,Northeast,14.0
base,moving_average,2018-06-04,2018-06-04,1,MG,housewares,Central-West,7.0
base,moving_average,2018-06-04,2018-06-11,2,MG,housewares,Central-West,6.0
base,moving_average,2018-06-04,2018-06-18,3,MG,housewares,Central-West,6.0
base,moving_average,2018-06-04,2018-06-25,4,MG,housewares,Central-West,1.0
base,moving_average,2018-06-04,2018-06-04,1,MG,sports_leisure,Northeast,8.0
base,moving_average,2018-06-04,2018-06-11,2,MG,sports_leisure,Northeast,7.0
base,moving_average,2018-06-04,2018-06-18,3,MG,sports_leisure,Northeast,7.0
base,moving_average,2018-06-04,2018-06-25,4,MG,sports_leisure,Northeast,7.0
base,moving_average,2018-06-04,2018-06-04,1,MG,telephony,Northeast,5.0
base,moving_average,2018-06-04,2018-06-11,2,MG,telephony,Northeast,5.0
base,moving_average,2018-06-04,2018-06-18,3,MG,telephony,Northeast,5.0
base,moving_average,2018-06-04,2018-06-25,4,MG,telephony,Northeast,5.0
base,moving_average,2018-06-04,2018-06-04,1,MG,watches_gifts,Northeast,16.0
base,moving_average,2018-06-04,2018-06-04,1,PR,auto,South,8.0
base,moving_average,2018-06-04,2018-06-11,2,PR,auto,South,8.0
base,moving_average,2018-06-04,2018-06-18,3,PR,auto,South,8.0
base,moving_average,2018-06-04,2018-06-25,4,PR,auto,South,8.0
base,moving_average,2018-06-04,2018-06-11,2,PR,bed_bath_table,South,1.0
base,moving_average,2018-06-04,2018-06-18,3,PR,bed_bath_table,South,2.0
base,moving_average,2018-06-04,2018-06-04,1,PR,computers_accessories,South,18.0
base,moving_average,2018-06-04,2018-06-11,2,PR,computers_accessories,South,8.0
base,moving_average,2018-06-04,2018-06-18,3,PR,computers_accessories,South,15.0
base,moving_average,2018-06-04,2018-06-04,1,PR,furniture_decor,South,27.0
base,moving_average,2018-06-04,2018-06-11,2,PR,furniture_decor,South,14.0
base,moving_average,2018-06-04,2018-06-18,3,PR,furniture_decor,South,13.0
base,moving_average,2018-06-04,2018-06-25,4,PR,furniture_decor,South,16.0
base,moving_average,2018-06-04,2018-06-18,3,PR,garden_tools,South,5.0
base,moving_average,2018-06-04,2018-06-04,1,PR,health_beauty,South,13.0
base,moving_average,2018-06-04,2018-06-11,2,PR,health_beauty,South,8.0
base,moving_average,2018-06-04,2018-06-18,3,PR,health_beauty,South,9.0
base,moving_average,2018-06-04,2018-06-25,4,PR,health_beauty,South,10.0
base,moving_average,2018-06-04,2018-06-04,1,PR,housewares,South,17.0
base,moving_average,2018-06-04,2018-06-11,2,PR,housewares,South,9.0
base,moving_average,2018-06-04,2018-06-18,3,PR,housewares,South,17.0
base,moving_average,2018-06-04,2018-06-25,4,PR,housewares,South,17.0
base,moving_average,2018-06-04,2018-06-04,1,PR,sports_leisure,South,21.0
base,moving_average,2018-06-04,2018-06-11,2,PR,sports_leisure,South,8.0
base,moving_average,2018-06-04,2018-06-25,4,PR,sports_leisure,South,2.0
base,moving_average,2018-06-04,2018-06-04,1,PR,telephony,South,2.0
base,moving_average,2018-06-04,2018-06-04,1,PR,watches_gifts,South,8.0
base,moving_average,2018-06-04,2018-06-11,2,PR,watches_gifts,South,3.0
base,moving_average,2018-06-04,2018-06-18,3,PR,watches_gifts,South,8.0
base,moving_average,2018-06-04,2018-06-25,4,PR,watches_gifts,South,8.0
base,moving_average,2018-06-04,2018-06-04,1,RJ,auto,Central-West,6.0
base,moving_average,2018-06-04,2018-06-11,2,RJ,auto,Central-West,6.0
base,moving_average,2018-06-04,2018-06-18,3,RJ,auto,Central-West,5.0
base,moving_average,2018-06-04,2018-06-18,3,RJ,auto,Northeast,1.0
base,moving_average,2018-06-04,2018-06-25,4,RJ,auto,Central-West,6.0
base,moving_average,2018-06-04,2018-06-04,1,RJ,bed_bath_table,South,10.0
base,moving_average,2018-06-04,2018-06-11,2,RJ,bed_bath_table,South,10.0
base,moving_average,2018-06-04,2018-06-18,3,RJ,bed_bath_table,South,10.0
base,moving_average,2018-06-04,2018-06-25,4,RJ,bed_bath_table,South,10.0
base,moving_average,2018-06-04,2018-06-11,2,RJ,computers_accessories,Central-West,3.0
base,moving_average,2018-06-04,2018-06-04,1,RJ,furniture_decor,Northeast,4.0
base,moving_average,2018-06-04,2018-06-11,2,RJ,furniture_decor,Northeast,6.0
base,moving_average,2018-06-04,2018-06-18,3,RJ,furniture_decor,Northeast,5.0
base,moving_average,2018-06-04,2018-06-25,4,RJ,furniture_decor,Northeast,5.0
base,moving_average,2018-06-04,2018-06-04,1,RJ,garden_tools,Northeast,4.0
base,moving_average,2018-06-04,2018-06-11,2,RJ,garden_tools,Northeast,4.0
base,moving_average,2018-06-04,2018-06-18,3,RJ,garden_tools,Northeast,4.0
base,moving_average,2018-06-04,2018-06-25,4,RJ,garden_tools,Northeast,4.0
base,moving_average,2018-06-04,2018-06-04,1,RJ,health_beauty,Central-West,12.0
base,moving_average,2018-06-04,2018-06-11,2,RJ,health_beauty,Central-West,10.0
base,moving_average,2018-06-04,2018-06-18,3,RJ,health_beauty,Central-West,5.0
base,moving_average,2018-06-04,2018-06-04,1,RJ,housewares,Northeast,8.0
base,moving_average,2018-06-04,2018-06-11,2,RJ,housewares,Northeast,8.0
base,moving_average,2018-06-04,2018-06-18,3,RJ,housewares,Northeast,8.0
base,moving_average,2018-06-04,2018-06-25,4,RJ,housewares,Northeast,8.0
base,moving_average,2018-06-04,2018-06-04,1,RJ,sports_leisure,Central-West,8.0
base,moving_average,2018-06-04,2018-06-04,1,RJ,sports_leisure,North,3.0
base,moving_average,2018-06-04,2018-06-11,2,RJ,sports_leisure,Central-West,8.0
base,moving_average,2018-06-04,2018-06-11,2,RJ,sports_leisure,North,3.0
base,moving_average,2018-06-04,2018-06-18,3,RJ,sports_leisure,Central-West,7.0
base,moving_average,2018-06-04,2018-06-18,3,RJ,sports_leisure,North,3.0
base,moving_average,2018-06-04,2018-06-25,4,RJ,sports_leisure,Central-West,8.0
base,moving_average,2018-06-04,2018-06-25,4,RJ,sports_leisure,North,3.0
base,moving_average,2018-06-04,2018-06-04,1,RJ,telephony,North,4.0
base,moving_average,2018-06-04,2018-06-04,1,RJ,telephony,Northeast,2.0
base,moving_average,2018-06-04,2018-06-11,2,RJ,telephony,North,4.0
base,moving_average,2018-06-04,2018-06-11,2,RJ,telephony,Northeast,2.0
base,moving_average,2018-06-04,2018-06-18,3,RJ,telephony,North,4.0
base,moving_average,2018-06-04,2018-06-18,3,RJ,telephony,Northeast,2.0
base,moving_average,2018-06-04,2018-06-25,4,RJ,telephony,North,4.0
base,moving_average,2018-06-04,2018-06-25,4,RJ,telephony,Northeast,2.0
base,moving_average,2018-06-04,2018-06-04,1,RJ,watches_gifts,Central-West,5.0
base,moving_average,2018-06-04,2018-06-11,2,RJ,watches_gifts,Central-West,8.0
base,moving_average,2018-06-04,2018-06-04,1,RS,auto,North,2.0
base,moving_average,2018-06-04,2018-06-04,1,RS,auto,South,1.0
base,moving_average,2018-06-04,2018-06-11,2,RS,auto,North,1.0
base,moving_average,2018-06-04,2018-06-11,2,RS,auto,South,2.0
base,moving_average,2018-06-04,2018-06-18,3,RS,auto,North,1.0
base,moving_average,2018-06-04,2018-06-18,3,RS,auto,South,2.0
base,moving_average,2018-06-04,2018-06-25,4,RS,auto,North,1.0
base,moving_average,2018-06-04,2018-06-25,4,RS,auto,South,2.0
base,moving_average,2018-06-04,2018-06-04,1,RS,bed_bath_table,North,1.0
base,moving_average,2018-06-04,2018-06-04,1,RS,bed_bath_table,South,5.0
base,moving_average,2018-06-04,2018-06-11,2,RS,bed_bath_table,North,1.0
base,moving_average,2018-06-04,2018-06-11,2,RS,bed_bath_table,South,5.0
base,moving_average,2018-06-04,2018-06-18,3,RS,bed_bath_table,North,1.0
base,moving_average,2018-06-04,2018-06-18,3,RS,bed_bath_table,South,5.0
base,moving_average,2018-06-04,2018-06-25,4,RS,bed_bath_table,North,1.0
base,moving_average,2018-06-04,2018-06-25,4,RS,bed_bath_table,South,5.0
base,moving_average,2018-06-04,2018-06-11,2,RS,computers_accessories,South,7.0
base,moving_average,2018-06-04,2018-06-25,4,RS,computers_accessories,South,5.0
base,moving_average,2018-06-04,2018-06-04,1,RS,furniture_decor,North,4.0
base,moving_average,2018-06-04,2018-06-11,2,RS,furniture_decor,North,4.0
base,moving_average,2018-06-04,2018-06-18,3,RS,furniture_decor,North,3.0
base,moving_average,2018-06-04,2018-06-18,3,RS,furniture_decor,South,2.0
base,moving_average,2018-06-04,2018-06-25,4,RS,furniture_decor,North,3.0
base,moving_average,2018-06-04,2018-06-25,4,RS,furniture_decor,South,2.0
base,moving_average,2018-06-04,2018-06-04,1,RS,garden_tools,North,2.0
base,moving_average,2018-06-04,2018-06-11,2,RS,garden_tools,North,2.0
base,moving_average,2018-06-04,2018-06-18,3,RS,garden_tools,North,1.0
base,moving_average,2018-06-04,2018-06-25,4,RS,garden_tools,North,2.0
base,moving_average,2018-06-04,2018-06-04,1,RS,health_beauty,South,8.0
base,moving_average,2018-06-04,2018-06-11,2,RS,health_beauty,South,1.0
base,moving_average,2018-06-04,2018-06-18,3,RS,health_beauty,South,8.0
base,moving_average,2018-06-04,2018-06-25,4,RS,health_beauty,South,8.0
base,moving_average,2018-06-04,2018-06-11,2,RS,housewares,South,12.0
base,moving_average,2018-06-04,2018-06-18,3,RS,housewares,South,2.0
base,moving_average,2018-06-04,2018-06-25,4,RS,housewares,South,3.0
base,moving_average,2018-06-04,2018-06-11,2,RS,sports_leisure,South,3.0
base,moving_average,2018-06-04,2018-06-11,2,RS,telephony,South,10.0
base,moving_average,2018-06-04,2018-06-18,3,RS,telephony,South,5.0
base,moving_average,2018-06-04,2018-06-25,4,RS,telephony,South,5.0
base,moving_average,2018-06-04,2018-06-04,1,RS,watches_gifts,South,1.0
base,moving_average,2018-06-04,2018-06-04,1,SC,auto,South,3.0
base,moving_average,2018-06-04,2018-06-11,2,SC,auto,South,1.0
base,moving_average,2018-06-04,2018-06-04,1,SC,bed_bath_table,South,7.0
base,moving_average,2018-06-04,2018-06-11,2,SC,bed_bath_table,South,5.0
base,moving_average,2018-06-04,2018-06-18,3,SC,bed_bath_table,South,2.0
base,moving_average,2018-06-04,2018-06-25,4,SC,bed_bath_table,South,5.0
base,moving_average,2018-06-04,2018-06-25,4,SC,computers_accessories,South,9.0
base,moving_average,2018-06-04,2018-06-11,2,SC,furniture_decor,South,12.0
base,moving_average,2018-06-04,2018-06-18,3,SC,furniture_decor,South,6.0
base,moving_average,2018-06-04,2018-06-25,4,SC,furniture_decor,South,6.0
base,moving_average,2018-06-04,2018-06-04,1,SC,garden_tools,Central-West,5.0
base,moving_average,2018-06-04,2018-06-11,2,SC,garden_tools,Central-West,5.0
base,moving_average,2018-06-04,2018-06-11,2,SC,garden_tools,South,7.0
base,moving_average,2018-06-04,2018-06-18,3,SC,garden_tools,Central-West,4.0
base,moving_average,2018-06-04,2018-06-18,3,SC,garden_tools,South,4.0
base,moving_average,2018-06-04,2018-06-25,4,SC,garden_tools,Central-West,4.0
base,moving_average,2018-06-04,2018-06-25,4,SC,garden_tools,South,4.0
base,moving_average,2018-06-04,2018-06-11,2,SC,health_beauty,South,7.0
base,moving_average,2018-06-04,2018-06-04,1,SC,housewares,South,7.0
base,moving_average,2018-06-04,2018-06-11,2,SC,housewares,South,1.0
base,moving_average,2018-06-04,2018-06-11,2,SC,sports_leisure,South,8.0
base,moving_average,2018-06-04,2018-06-18,3,SC,sports_leisure,South,18.0
base,moving_average,2018-06-04,2018-06-25,4,SC,sports_leisure,South,18.0
base,moving_average,2018-06-04,2018-06-04,1,SC,telephony,South,1.0
base,moving_average,2018-06-04,2018-06-04,1,SC,watches_gifts,South,6.0
base,moving_average,2018-06-04,2018-06-11,2,SC,watches_gifts,South,9.0
base,moving_average,2018-06-04,2018-06-18,3,SC,watches_gifts,South,4.0
base,moving_average,2018-06-04,2018-06-25,4,SC,watches_gifts,South,4.0
base,moving_average,2018-06-04,2018-06-04,1,SP,auto,Northeast,2.0
base,moving_average,2018-06-04,2018-06-04,1,SP,auto,Southeast,57.0
base,moving_average,2018-06-04,2018-06-11,2,SP,auto,Northeast,7.0
base,moving_average,2018-06-04,2018-06-11,2,SP,auto,Southeast,53.0
base,moving_average,2018-06-04,2018-06-18,3,SP,auto,Northeast,6.0
base,moving_average,2018-06-04,2018-06-18,3,SP,auto,Southeast,45.0
base,moving_average,2018-06-04,2018-06-25,4,SP,auto,Northeast,8.0
base,moving_average,2018-06-04,2018-06-25,4,SP,auto,South,1.0
base,moving_average,2018-06-04,2018-06-25,4,SP,auto,Southeast,47.0
base,moving_average,2018-06-04,2018-06-04,1,SP,bed_bath_table,Central-West,2.0
base,moving_average,2018-06-04,2018-06-04,1,SP,bed_bath_table,Southeast,144.0
base,moving_average,2018-06-04,2018-06-11,2,SP,bed_bath_table,Central-West,2.0
base,moving_average,2018-06-04,2018-06-11,2,SP,bed_bath_table,Southeast,145.0
base,moving_average,2018-06-04,2018-06-18,3,SP,bed_bath_table,Southeast,134.0
base,moving_average,2018-06-04,2018-06-25,4,SP,bed_bath_table,Central-West,1.0
base,moving_average,2018-06-04,2018-06-25,4,SP,bed_bath_table,Southeast,137.0
base,moving_average,2018-06-04,2018-06-04,1,SP,computers_accessories,Central-West,9.0
base,moving_average,2018-06-04,2018-06-04,1,SP,computers_accessories,North,3.0
base,moving_average,2018-06-04,2018-06-04,1,SP,computers_accessories,Southeast,79.0
base,moving_average,2018-06-04,2018-06-11,2,SP,computers_accessories,Central-West,4.0
base,moving_average,2018-06-04,2018-06-11,2,SP,computers_accessories,North,3.0
base,moving_average,2018-06-04,2018-06-11,2,SP,computers_accessories,Southeast,75.0
base,moving_average,2018-06-04,2018-06-18,3,SP,computers_accessories,Central-West,7.0
base,moving_average,2018-06-04,2018-06-18,3,SP,computers_accessories,North,2.0
base,moving_average,2018-06-04,2018-06-18,3,SP,computers_accessories,Southeast,66.0
base,moving_average,2018-06-04,2018-06-25,4,SP,computers_accessories,Central-West,7.0
base,moving_average,2018-06-04,2018-06-25,4,SP,computers_accessories,North,2.0
base,moving_average,2018-06-04,2018-06-25,4,SP,computers_accessories,Southeast,68.0
base,moving_average,2018-06-04,2018-06-04,1,SP,furniture_decor,Southeast,103.0
base,moving_average,2018-06-04,2018-06-11,2,SP,furniture_decor,Southeast,95.0
base,moving_average,2018-06-04,2018-06-18,3,SP,furniture_decor,Southeast,87.0
base,moving_average,2018-06-04,2018-06-25,4,SP,furniture_decor,Southeast,89.0
base,moving_average,2018-06-04,2018-06-04,1,SP,garden_tools,Northeast,3.0
base,moving_average,2018-06-04,2018-06-04,1,SP,garden_tools,South,11.0
base,moving_average,2018-06-04,2018-06-04,1,SP,garden_tools,Southeast,37.0
base,moving_average,2018-06-04,2018-06-11,2,SP,garden_tools,Northeast,2.0
base,moving_average,2018-06-04,2018-06-11,2,SP,garden_tools,South,4.0
base,moving_average,2018-06-04,2018-06-11,2,SP,garden_tools,Southeast,50.0
base,moving_average,2018-06-04,2018-06-18,3,SP,garden_tools,Northeast,3.0
base,moving_average,2018-06-04,2018-06-18,3,SP,garden_tools,South,1.0
base,moving_average,2018-06-04,2018-06-18,3,SP,garden_tools,Southeast,43.0
base,moving_average,2018-06-04,2018-06-25,4,SP,garden_tools,Northeast,3.0
base,moving_average,2018-06-04,2018-06-25,4,SP,garden_tools,South,5.0
base,moving_average,2018-06-04,2018-06-25,4,SP,garden_tools,Southeast,43.0
base,moving_average,2018-06-04,2018-06-04,1,SP,health_beauty,North,2.0
base,moving_average,2018-06-04,2018-06-04,1,SP,health_beauty,Northeast,6.0
base,moving_average,2018-06-04,2018-06-04,1,SP,health_beauty,Southeast,138.0
base,moving_average,2018-06-04,2018-06-11,2,SP,health_beauty,North,3.0
base,moving_average,2018-06-04,2018-06-11,2,SP,health_beauty,Northeast,3.0
base,moving_average,2018-06-04,2018-06-11,2,SP,health_beauty,Southeast,126.0
base,moving_average,2018-06-04,2018-06-18,3,SP,health_beauty,Central-West,5.0
base,moving_average,2018-06-04,2018-06-18,3,SP,health_beauty,North,3.0
base,moving_average,2018-06-04,2018-06-18,3,SP,health_beauty,Northeast,3.0
base,moving_average,2018-06-04,2018-06-18,3,SP,health_beauty,Southeast,116.0
base,moving_average,2018-06-04,2018-06-25,4,SP,health_beauty,Central-West,10.0
base,moving_average,2018-06-04,2018-06-25,4,SP,health_beauty,North,3.0
base,moving_average,2018-06-04,2018-06-25,4,SP,health_beauty,Northeast,4.0
base,moving_average,2018-06-04,2018-06-25,4,SP,health_beauty,Southeast,120.0
base,moving_average,2018-06-04,2018-06-04,1,SP,housewares,North,2.0
base,moving_average,2018-06-04,2018-06-04,1,SP,housewares,Northeast,4.0
base,moving_average,2018-06-04,2018-06-04,1,SP,housewares,Southeast,118.0
base,moving_average,2018-06-04,2018-06-11,2,SP,housewares,North,2.0
base,moving_average,2018-06-04,2018-06-11,2,SP,housewares,Northeast,4.0
base,moving_average,2018-06-04,2018-06-11,2,SP,housewares,Southeast,113.0
base,moving_average,2018-06-04,2018-06-18,3,SP,housewares,North,2.0
base,moving_average,2018-06-04,2018-06-18,3,SP,housewares,Northeast,2.0
base,moving_average,2018-06-04,2018-06-18,3,SP,housewares,Southeast,107.0
base,moving_average,2018-06-04,2018-06-25,4,SP,housewares,Central-West,5.0
base,moving_average,2018-06-04,2018-06-25,4,SP,housewares,North,2.0
base,moving_average,2018-06-04,2018-06-25,4,SP,housewares,Northeast,3.0
base,moving_average,2018-06-04,2018-06-25,4,SP,housewares,Southeast,113.0
base,moving_average,2018-06-04,2018-06-04,1,SP,sports_leisure,Southeast,89.0
base,moving_average,2018-06-04,2018-06-11,2,SP,sports_leisure,Southeast,82.0
base,moving_average,2018-06-04,2018-06-18,3,SP,sports_leisure,Southeast,73.0
base,moving_average,2018-06-04,2018-06-25,4,SP,sports_leisure,Southeast,77.0
base,moving_average,2018-06-04,2018-06-04,1,SP,telephony,Central-West,5.0
base,moving_average,2018-06-04,2018-06-04,1,SP,telephony,Northeast,5.0
base,moving_average,2018-06-04,2018-06-04,1,SP,telephony,South,7.0
base,moving_average,2018-06-04,2018-06-04,1,SP,telephony,Southeast,40.0
base,moving_average,2018-06-04,2018-06-11,2,SP,telephony,Central-West,4.0
base,moving_average,2018-06-04,2018-06-11,2,SP,telephony,Northeast,3.0
base,moving_average,2018-06-04,2018-06-11,2,SP,telephony,Southeast,36.0
base,moving_average,2018-06-04,2018-06-18,3,SP,telephony,Central-West,4.0
base,moving_average,2018-06-04,2018-06-18,3,SP,telephony,Northeast,2.0
base,moving_average,2018-06-04,2018-06-18,3,SP,telephony,South,5.0
base,moving_average,2018-06-04,2018-06-18,3,SP,telephony,Southeast,34.0
base,moving_average,2018-06-04,2018-06-25,4,SP,telephony,Central-West,4.0
base,moving_average,2018-06-04,2018-06-25,4,SP,telephony,Northeast,3.0
base,moving_average,2018-06-04,2018-06-25,4,SP,telephony,South,5.0
base,moving_average,2018-06-04,2018-06-25,4,SP,telephony,Southeast,34.0
base,moving_average,2018-06-04,2018-06-04,1,SP,watches_gifts,Central-West,4.0
base,moving_average,2018-06-04,2018-06-04,1,SP,watches_gifts,North,3.0
base,moving_average,2018-06-04,2018-06-04,1,SP,watches_gifts,Northeast,6.0
base,moving_average,2018-06-04,2018-06-04,1,SP,watches_gifts,Southeast,118.0
base,moving_average,2018-06-04,2018-06-11,2,SP,watches_gifts,North,2.0
base,moving_average,2018-06-04,2018-06-11,2,SP,watches_gifts,Northeast,19.0
base,moving_average,2018-06-04,2018-06-11,2,SP,watches_gifts,Southeast,101.0
base,moving_average,2018-06-04,2018-06-18,3,SP,watches_gifts,Central-West,8.0
base,moving_average,2018-06-04,2018-06-18,3,SP,watches_gifts,North,2.0
base,moving_average,2018-06-04,2018-06-18,3,SP,watches_gifts,Northeast,18.0
base,moving_average,2018-06-04,2018-06-18,3,SP,watches_gifts,Southeast,97.0
base,moving_average,2018-06-04,2018-06-25,4,SP,watches_gifts,Central-West,9.0
base,moving_average,2018-06-04,2018-06-25,4,SP,watches_gifts,North,2.0
base,moving_average,2018-06-04,2018-06-25,4,SP,watches_gifts,Northeast,19.0
base,moving_average,2018-06-04,2018-06-25,4,SP,watches_gifts,Southeast,103.0
base,moving_average,2018-06-11,2018-06-11,1,MG,auto,Northeast,6.0
base,moving_average,2018-06-11,2018-06-11,1,MG,bed_bath_table,Central-West,1.0
base,moving_average,2018-06-11,2018-06-11,1,MG,bed_bath_table,Northeast,3.0
base,moving_average,2018-06-11,2018-06-11,1,MG,bed_bath_table,Southeast,11.0
base,moving_average,2018-06-11,2018-06-18,2,MG,bed_bath_table,Central-West,6.0
base,moving_average,2018-06-11,2018-06-18,2,MG,bed_bath_table,Northeast,8.0
base,moving_average,2018-06-11,2018-06-25,3,MG,bed_bath_table,Central-West,6.0
base,moving_average,2018-06-11,2018-06-25,3,MG,bed_bath_table,Northeast,8.0
base,moving_average,2018-06-11,2018-07-02,4,MG,bed_bath_table,Central-West,6.0
base,moving_average,2018-06-11,2018-07-02,4,MG,bed_bath_table,Northeast,8.0
base,moving_average,2018-06-11,2018-06-11,1,MG,computers_accessories,Northeast,14.0
base,moving_average,2018-06-11,2018-06-18,2,MG,computers_accessories,Northeast,14.0
base,moving_average,2018-06-11,2018-06-25,3,MG,computers_accessories,Northeast,14.0
base,moving_average,2018-06-11,2018-07-02,4,MG,computers_accessories,Northeast,15.0
base,moving_average,2018-06-11,2018-06-11,1,MG,furniture_decor,Central-West,10.0
base,moving_average,2018-06-11,2018-06-11,1,MG,furniture_decor,Northeast,8.0
base,moving_average,2018-06-11,2018-06-18,2,MG,furniture_decor,Central-West,9.0
base,moving_average,2018-06-11,2018-06-18,2,MG,furniture_decor,Northeast,1.0
base,moving_average,2018-06-11,2018-06-25,3,MG,furniture_decor,Central-West,9.0
base,moving_average,2018-06-11,2018-07-02,4,MG,furniture_decor,Central-West,9.0
base,moving_average,2018-06-11,2018-07-02,4,MG,furniture_decor,Northeast,2.0
base,moving_average,2018-06-11,2018-06-11,1,MG,garden_tools,Southeast,14.0
base,moving_average,2018-06-11,2018-06-11,1,MG,health_beauty,Northeast,14.0
base,moving_average,2018-06-11,2018-06-18,2,MG,health_beauty,Northeast,14.0
base,moving_average,2018-06-11,2018-06-25,3,MG,health_beauty,Northeast,14.0
base,moving_average,2018-06-11,2018-07-02,4,MG,health_beauty,Northeast,14.0
base,moving_average,2018-06-11,2018-06-11,1,MG,housewares,Central-West,7.0
base,moving_average,2018-06-11,2018-06-11,1,MG,housewares,Southeast,13.0
base,moving_average,2018-06-11,2018-06-11,1,MG,sports_leisure,Northeast,4.0
base,moving_average,2018-06-11,2018-06-18,2,MG,sports_leisure,Northeast,8.0
base,moving_average,2018-06-11,2018-06-25,3,MG,sports_leisure,Northeast,9.0
base,moving_average,2018-06-11,2018-07-02,4,MG,sports_leisure,Northeast,9.0
base,moving_average,2018-06-11,2018-06-11,1,MG,telephony,Northeast,5.0
base,moving_average,2018-06-11,2018-06-18,2,MG,telephony,Northeast,5.0
base,moving_average,2018-06-11,2018-06-25,3,MG,telephony,Northeast,5.0
base,moving_average,2018-06-11,2018-07-02,4,MG,telephony,Northeast,5.0
base,moving_average,2018-06-11,2018-06-11,1,MG,watches_gifts,Northeast,16.0
base,moving_average,2018-06-11,2018-06-11,1,PR,auto,South,8.0
base,moving_average,2018-06-11,2018-06-18,2,PR,auto,South,8.0
base,moving_average,2018-06-11,2018-06-25,3,PR,auto,South,8.0
base,moving_average,2018-06-11,2018-07-02,4,PR,auto,South,8.0
base,moving_average,2018-06-11,2018-06-11,1,PR,bed_bath_table,South,3.0
base,moving_average,2018-06-11,2018-06-11,1,PR,computers_accessories,South,14.0
base,moving_average,2018-06-11,2018-06-18,2,PR,computers_accessories,South,14.0
base,moving_average,2018-06-11,2018-06-25,3,PR,computers_accessories,South,9.0
base,moving_average,2018-06-11,2018-06-11,1,PR,furniture_decor,South,19.0
base,moving_average,2018-06-11,2018-06-18,2,PR,furniture_decor,South,13.0
base,moving_average,2018-06-11,2018-06-25,3,PR,furniture_decor,South,16.0
base,moving_average,2018-06-11,2018-07-02,4,PR,furniture_decor,South,17.0
base,moving_average,2018-06-11,2018-06-18,2,PR,garden_tools,South,5.0
base,moving_average,2018-06-11,2018-06-11,1,PR,health_beauty,North,2.0
base,moving_average,2018-06-11,2018-06-11,1,PR,health_beauty,South,9.0
base,moving_average,2018-06-11,2018-06-11,1,PR,health_beauty,Southeast,1.0
base,moving_average,2018-06-11,2018-06-18,2,PR,health_beauty,South,10.0
base,moving_average,2018-06-11,2018-06-25,3,PR,health_beauty,South,11.0
base,moving_average,2018-06-11,2018-07-02,4,PR,health_beauty,South,11.0
base,moving_average,2018-06-11,2018-06-11,1,PR,housewares,South,9.0
base,moving_average,2018-06-11,2018-06-18,2,PR,housewares,South,17.0
base,moving_average,2018-06-11,2018-06-25,3,PR,housewares,South,17.0
base,moving_average,2018-06-11,2018-07-02,4,PR,housewares,South,17.0
base,moving_average,2018-06-11,2018-06-11,1,PR,sports_leisure,South,9.0
base,moving_average,2018-06-11,2018-06-18,2,PR,sports_leisure,South,13.0
base,moving_average,2018-06-11,2018-06-11,1,PR,telephony,South,2.0
base,moving_average,2018-06-11,2018-06-18,2,PR,watches_gifts,South,9.0
base,moving_average,2018-06-11,2018-06-25,3,PR,watches_gifts,South,8.0
base,moving_average,2018-06-11,2018-07-02,4,PR,watches_gifts,South,8.0
base,moving_average,2018-06-11,2018-06-11,1,RJ,auto,Central-West,6.0
base,moving_average,2018-06-11,2018-06-18,2,RJ,auto,Central-West,6.0
base,moving_average,2018-06-11,2018-06-25,3,RJ,auto,Central-West,6.0
base,moving_average,2018-06-11,2018-07-02,4,RJ,auto,Central-West,6.0
base,moving_average,2018-06-11,2018-06-11,1,RJ,bed_bath_table,Southeast,10.0
base,moving_average,2018-06-11,2018-06-18,2,RJ,bed_bath_table,South,10.0
base,moving_average,2018-06-11,2018-06-25,3,RJ,bed_bath_table,South,10.0
base,moving_average,2018-06-11,2018-07-02,4,RJ,bed_bath_table,South,10.0
base,moving_average,2018-06-11,2018-06-18,2,RJ,computers_accessories,Central-West,3.0
base,moving_average,2018-06-11,2018-06-18,2,RJ,furniture_decor,Northeast,7.0
base,moving_average,2018-06-11,2018-06-25,3,RJ,furniture_decor,Northeast,8.0
base,moving_average,2018-06-11,2018-07-02,4,RJ,furniture_decor,Northeast,5.0
base,moving_average,2018-06-11,2018-06-11,1,RJ,garden_tools,Northeast,6.0
base,moving_average,2018-06-11,2018-06-18,2,RJ,garden_tools,Northeast,6.0
base,moving_average,2018-06-11,2018-06-25,3,RJ,garden_tools,Northeast,4.0
base,moving_average,2018-06-11,2018-07-02,4,RJ,garden_tools,Northeast,4.0
base,moving_average,2018-06-11,2018-06-11,1,RJ,health_beauty,Central-West,10.0
base,moving_average,2018-06-11,2018-06-11,1,RJ,health_beauty,Southeast,17.0
base,moving_average,2018-06-11,2018-06-11,1,RJ,housewares,Northeast,8.0
base,moving_average,2018-06-11,2018-06-18,2,RJ,housewares,Northeast,8.0
base,moving_average,2018-06-11,2018-06-25,3,RJ,housewares,Northeast,8.0
base,moving_average,2018-06-11,2018-07-02,4,RJ,housewares,Northeast,8.0
base,moving_average,2018-06-11,2018-06-11,1,RJ,sports_leisure,Central-West,7.0
base,moving_average,2018-06-11,2018-06-11,1,RJ,sports_leisure,North,4.0
base,moving_average,2018-06-11,2018-06-18,2,RJ,sports_leisure,Central-West,8.0
base,moving_average,2018-06-11,2018-06-18,2,RJ,sports_leisure,North,4.0
base,moving_average,2018-06-11,2018-06-25,3,RJ,sports_leisure,Central-West,8.0
base,moving_average,2018-06-11,2018-06-25,3,RJ,sports_leisure,North,5.0
base,moving_average,2018-06-11,2018-07-02,4,RJ,sports_leisure,Central-West,9.0
base,moving_average,2018-06-11,2018-07-02,4,RJ,sports_leisure,North,5.0
base,moving_average,2018-06-11,2018-06-11,1,RJ,telephony,North,4.0
base,moving_average,2018-06-11,2018-06-11,1,RJ,telephony,Northeast,3.0
base,moving_average,2018-06-11,2018-06-18,2,RJ,telephony,North,4.0
base,moving_average,2018-06-11,2018-06-18,2,RJ,telephony,Northeast,2.0
base,moving_average,2018-06-11,2018-06-25,3,RJ,telephony,North,4.0
base,moving_average,2018-06-11,2018-06-25,3,RJ,telephony,Northeast,2.0
base,moving_average,2018-06-11,2018-07-02,4,RJ,telephony,North,4.0
base,moving_average,2018-06-11,2018-07-02,4,RJ,telephony,Northeast,2.0
base,moving_average,2018-06-11,2018-06-11,1,RJ,watches_gifts,Central-West,5.0
base,moving_average,2018-06-11,2018-06-18,2,RJ,watches_gifts,Central-West,8.0
base,moving_average,2018-06-11,2018-06-11,1,RS,auto,North,2.0
base,moving_average,2018-06-11,2018-06-11,1,RS,auto,South,1.0
base,moving_average,2018-06-11,2018-06-18,2,RS,auto,North,2.0
base,moving_average,2018-06-11,2018-06-18,2,RS,auto,South,1.0
base,moving_average,2018-06-11,2018-06-25,3,RS,auto,North,2.0
base,moving_average,2018-06-11,2018-06-25,3,RS,auto,South,1.0
base,moving_average,2018-06-11,2018-07-02,4,RS,auto,North,3.0
base,moving_average,2018-06-11,2018-06-11,1,RS,bed_bath_table,North,1.0
base,moving_average,2018-06-11,2018-06-11,1,RS,bed_bath_table,South,5.0
base,moving_average,2018-06-11,2018-06-18,2,RS,bed_bath_table,North,1.0
base,moving_average,2018-06-11,2018-06-18,2,RS,bed_bath_table,South,5.0
base,moving_average,2018-06-11,2018-06-25,3,RS,bed_bath_table,North,1.0
base,moving_average,2018-06-11,2018-06-25,3,RS,bed_bath_table,South,5.0
base,moving_average,2018-06-11,2018-07-02,4,RS,bed_bath_table,North,1.0
base,moving_average,2018-06-11,2018-07-02,4,RS,bed_bath_table,South,5.0
base,moving_average,2018-06-11,2018-07-02,4,RS,computers_accessories,South,5.0
base,moving_average,2018-06-11,2018-06-11,1,RS,furniture_decor,North,3.0
base,moving_average,2018-06-11,2018-06-18,2,RS,furniture_decor,North,4.0
base,moving_average,2018-06-11,2018-06-18,2,RS,furniture_decor,South,1.0
base,moving_average,2018-06-11,2018-06-25,3,RS,furniture_decor,North,5.0
base,moving_average,2018-06-11,2018-07-02,4,RS,furniture_decor,North,5.0
base,moving_average,2018-06-11,2018-06-11,1,RS,garden_tools,North,2.0
base,moving_average,2018-06-11,2018-06-18,2,RS,garden_tools,North,2.0
base,moving_average,2018-06-11,2018-06-25,3,RS,garden_tools,North,2.0
base,moving_average,2018-06-11,2018-07-02,4,RS,garden_tools,North,2.0
base,moving_average,2018-06-11,2018-06-11,1,RS,health_beauty,South,1.0
base,moving_average,2018-06-11,2018-06-18,2,RS,health_beauty,South,8.0
base,moving_average,2018-06-11,2018-06-25,3,RS,health_beauty,South,8.0
base,moving_average,2018-06-11,2018-07-02,4,RS,health_beauty,South,8.0
base,moving_average,2018-06-11,2018-06-11,1,RS,housewares,South,3.0
base,moving_average,2018-06-11,2018-06-18,2,RS,housewares,South,5.0
base,moving_average,2018-06-11,2018-06-25,3,RS,housewares,South,6.0
base,moving_average,2018-06-11,2018-07-02,4,RS,housewares,South,8.0
base,moving_average,2018-06-11,2018-06-18,2,RS,sports_leisure,South,3.0
base,moving_average,2018-06-11,2018-06-18,2,RS,telephony,South,10.0
base,moving_average,2018-06-11,2018-06-25,3,RS,telephony,South,5.0
base,moving_average,2018-06-11,2018-07-02,4,RS,telephony,South,5.0
base,moving_average,2018-06-11,2018-06-18,2,RS,watches_gifts,South,1.0
base,moving_average,2018-06-11,2018-06-11,1,SC,auto,South,4.0
base,moving_average,2018-06-11,2018-06-11,1,SC,bed_bath_table,South,4.0
base,moving_average,2018-06-11,2018-06-18,2,SC,bed_bath_table,South,6.0
base,moving_average,2018-06-11,2018-06-25,3,SC,bed_bath_table,South,7.0
base,moving_average,2018-06-11,2018-07-02,4,SC,bed_bath_table,South,8.0
base,moving_average,2018-06-11,2018-06-25,3,SC,computers_accessories,South,4.0
base,moving_average,2018-06-11,2018-07-02,4,SC,computers_accessories,South,9.0
base,moving_average,2018-06-11,2018-06-11,1,SC,furniture_decor,South,6.0
base,moving_average,2018-06-11,2018-06-18,2,SC,furniture_decor,South,6.0
base,moving_average,2018-06-11,2018-06-25,3,SC,furniture_decor,South,6.0
base,moving_average,2018-06-11,2018-07-02,4,SC,furniture_decor,South,6.0
base,moving_average,2018-06-11,2018-06-11,1,SC,garden_tools,Central-West,4.0
base,moving_average,2018-06-11,2018-06-11,1,SC,garden_tools,South,4.0
base,moving_average,2018-06-11,2018-06-18,2,SC,garden_tools,Central-West,3.0
base,moving_average,2018-06-11,2018-06-18,2,SC,garden_tools,South,5.0
base,moving_average,2018-06-11,2018-06-25,3,SC,garden_tools,Central-West,3.0
base,moving_average,2018-06-11,2018-06-25,3,SC,garden_tools,South,5.0
base,moving_average,2018-06-11,2018-07-02,4,SC,garden_tools,Central-West,4.0
base,moving_average,2018-06-11,2018-07-02,4,SC,garden_tools,South,4.0
base,moving_average,2018-06-11,2018-06-11,1,SC,health_beauty,South,7.0
base,moving_average,2018-06-11,2018-06-11,1,SC,housewares,South,8.0
base,moving_average,2018-06-11,2018-06-11,1,SC,sports_leisure,South,8.0
base,moving_average,2018-06-11,2018-06-25,3,SC,sports_leisure,South,17.0
base,moving_average,2018-06-11,2018-07-02,4,SC,sports_leisure,South,15.0
base,moving_average,2018-06-11,2018-06-11,1,SC,telephony,South,1.0
base,moving_average,2018-06-11,2018-06-11,1,SC,watches_gifts,South,12.0
base,moving_average,2018-06-11,2018-06-18,2,SC,watches_gifts,South,2.0
base,moving_average,2018-06-11,2018-06-25,3,SC,watches_gifts,South,4.0
base,moving_average,2018-06-11,2018-07-02,4,SC,watches_gifts,South,5.0
base,moving_average,2018-06-11,2018-06-11,1,SP,auto,Central-West,1.0
base,moving_average,2018-06-11,2018-06-11,1,SP,auto,Northeast,1.0
base,moving_average,2018-06-11,2018-06-11,1,SP,auto,South,1.0
base,moving_average,2018-06-11,2018-06-11,1,SP,auto,Southeast,52.0
base,moving_average,2018-06-11,2018-06-18,2,SP,auto,Central-West,1.0
base,moving_average,2018-06-11,2018-06-18,2,SP,auto,Northeast,7.0
base,moving_average,2018-06-11,2018-06-18,2,SP,auto,South,4.0
base,moving_average,2018-06-11,2018-06-18,2,SP,auto,Southeast,45.0
base,moving_average,2018-06-11,2018-06-25,3,SP,auto,Central-West,1.0
base,moving_average,2018-06-11,2018-06-25,3,SP,auto,Northeast,8.0
base,moving_average,2018-06-11,2018-06-25,3,SP,auto,South,5.0
base,moving_average,2018-06-11,2018-06-25,3,SP,auto,Southeast,46.0
base,moving_average,2018-06-11,2018-07-02,4,SP,auto,Central-West,2.0
base,moving_average,2018-06-11,2018-07-02,4,SP,auto,Northeast,8.0
base,moving_average,2018-06-11,2018-07-02,4,SP,auto,South,7.0
base,moving_average,2018-06-11,2018-07-02,4,SP,auto,Southeast,49.0
base,moving_average,2018-06-11,2018-06-11,1,SP,bed_bath_table,Southeast,131.0
base,moving_average,2018-06-11,2018-06-18,2,SP,bed_bath_table,Central-West,1.0
base,moving_average,2018-06-11,2018-06-18,2,SP,bed_bath_table,Southeast,145.0
base,moving_average,2018-06-11,2018-06-25,3,SP,bed_bath_table,Central-West,1.0
base,moving_average,2018-06-11,2018-06-25,3,SP,bed_bath_table,Southeast,150.0
base,moving_average,2018-06-11,2018-07-02,4,SP,bed_bath_table,Central-West,2.0
base,moving_average,2018-06-11,2018-07-02,4,SP,bed_bath_table,Southeast,156.0
base,moving_average,2018-06-11,2018-06-11,1,SP,computers_accessories,Central-West,6.0
base,moving_average,2018-06-11,2018-06-11,1,SP,computers_accessories,North,3.0
base,moving_average,2018-06-11,2018-06-11,1,SP,computers_accessories,Southeast,78.0
base,moving_average,2018-06-11,2018-06-18,2,SP,computers_accessories,Central-West,2.0
base,moving_average,2018-06-11,2018-06-18,2,SP,computers_accessories,North,3.0
base,moving_average,2018-06-11,2018-06-18,2,SP,computers_accessories,Southeast,69.0
base,moving_average,2018-06-11,2018-06-25,3,SP,computers_accessories,Central-West,5.0
base,moving_average,2018-06-11,2018-06-25,3,SP,computers_accessories,North,3.0
base,moving_average,2018-06-11,2018-06-25,3,SP,computers_accessories,Southeast,72.0
base,moving_average,2018-06-11,2018-07-02,4,SP,computers_accessories,Central-West,5.0
base,moving_average,2018-06-11,2018-07-02,4,SP,computers_accessories,North,3.0
base,moving_average,2018-06-11,2018-07-02,4,SP,computers_accessories,Southeast,78.0
base,moving_average,2018-06-11,2018-06-11,1,SP,furniture_decor,North,2.0
base,moving_average,2018-06-11,2018-06-11,1,SP,furniture_decor,Southeast,85.0
base,moving_average,2018-06-11,2018-06-18,2,SP,furniture_decor,Southeast,74.0
base,moving_average,2018-06-11,2018-06-25,3,SP,furniture_decor,Southeast,72.0
base,moving_average,2018-06-11,2018-07-02,4,SP,furniture_decor,Southeast,72.0
base,moving_average,2018-06-11,2018-06-11,1,SP,garden_tools,South,7.0
base,moving_average,2018-06-11,2018-06-11,1,SP,garden_tools,Southeast,34.0
base,moving_average,2018-06-11,2018-06-18,2,SP,garden_tools,Southeast,41.0
base,moving_average,2018-06-11,2018-06-25,3,SP,garden_tools,Northeast,2.0
base,moving_average,2018-06-11,2018-06-25,3,SP,garden_tools,South,4.0
base,moving_average,2018-06-11,2018-06-25,3,SP,garden_tools,Southeast,42.0
base,moving_average,2018-06-11,2018-07-02,4,SP,garden_tools,Northeast,1.0
base,moving_average,2018-06-11,2018-07-02,4,SP,garden_tools,South,6.0
base,moving_average,2018-06-11,2018-07-02,4,SP,garden_tools,Southeast,44.0
base,moving_average,2018-06-11,2018-06-11,1,SP,health_beauty,Southeast,112.0
base,moving_average,2018-06-11,2018-06-18,2,SP,health_beauty,Central-West,11.0
base,moving_average,2018-06-11,2018-06-18,2,SP,health_beauty,North,5.0
base,moving_average,2018-06-11,2018-06-18,2,SP,health_beauty,Northeast,6.0
base,moving_average,2018-06-11,2018-06-18,2,SP,health_beauty,Southeast,121.0
base,moving_average,2018-06-11,2018-06-25,3,SP,health_beauty,Central-West,12.0
base,moving_average,2018-06-11,2018-06-25,3,SP,health_beauty,North,6.0
base,moving_average,2018-06-11,2018-06-25,3,SP,health_beauty,Northeast,8.0
base,moving_average,2018-06-11,2018-06-25,3,SP,health_beauty,Southeast,127.0
base,moving_average,2018-06-11,2018-07-02,4,SP,health_beauty,Central-West,13.0
base,moving_average,2018-06-11,2018-07-02,4,SP,health_beauty,North,6.0
base,moving_average,2018-06-11,2018-07-02,4,SP,health_beauty,Northeast,8.0
base,moving_average,2018-06-11,2018-07-02,4,SP,health_beauty,Southeast,133.0
base,moving_average,2018-06-11,2018-06-11,1,SP,housewares,North,1.0
base,moving_average,2018-06-11,2018-06-11,1,SP,housewares,Northeast,3.0
base,moving_average,2018-06-11,2018-06-11,1,SP,housewares,South,1.0
base,moving_average,2018-06-11,2018-06-11,1,SP,housewares,Southeast,106.0
base,moving_average,2018-06-11,2018-06-18,2,SP,housewares,Central-West,7.0
base,moving_average,2018-06-11,2018-06-18,2,SP,housewares,North,2.0
base,moving_average,2018-06-11,2018-06-18,2,SP,housewares,Northeast,1.0
base,moving_average,2018-06-11,2018-06-18,2,SP,housewares,Southeast,113.0
base,moving_average,2018-06-11,2018-06-25,3,SP,housewares,Central-West,9.0
base,moving_average,2018-06-11,2018-06-25,3,SP,housewares,North,2.0
base,moving_average,2018-06-11,2018-06-25,3,SP,housewares,Northeast,1.0
base,moving_average,2018-06-11,2018-06-25,3,SP,housewares,Southeast,122.0
base,moving_average,2018-06-11,2018-07-02,4,SP,housewares,Central-West,9.0
base,moving_average,2018-06-11,2018-07-02,4,SP,housewares,North,1.0
base,moving_average,2018-06-11,2018-07-02,4,SP,housewares,Northeast,1.0
base,moving_average,2018-06-11,2018-07-02,4,SP,housewares,Southeast,123.0
base,moving_average,2018-06-11,2018-06-11,1,SP,sports_leisure,Central-West,2.0
base,moving_average,2018-06-11,2018-06-11,1,SP,sports_leisure,Northeast,4.0
base,moving_average,2018-06-11,2018-06-11,1,SP,sports_leisure,Southeast,76.0
base,moving_average,2018-06-11,2018-06-18,2,SP,sports_leisure,Southeast,66.0
base,moving_average,2018-06-11,2018-06-25,3,SP,sports_leisure,Southeast,68.0
base,moving_average,2018-06-11,2018-07-02,4,SP,sports_leisure,Southeast,68.0
base,moving_average,2018-06-11,2018-06-11,1,SP,telephony,Central-West,4.0
base,moving_average,2018-06-11,2018-06-11,1,SP,telephony,Northeast,1.0
base,moving_average,2018-06-11,2018-06-11,1,SP,telephony,South,7.0
base,moving_average,2018-06-11,2018-06-11,1,SP,telephony,Southeast,34.0
base,moving_average,2018-06-11,2018-06-18,2,SP,telephony,Central-West,4.0
base,moving_average,2018-06-11,2018-06-18,2,SP,telephony,Northeast,2.0
base,moving_average,2018-06-11,2018-06-18,2,SP,telephony,Southeast,31.0
base,moving_average,2018-06-11,2018-06-25,3,SP,telephony,Central-West,4.0
base,moving_average,2018-06-11,2018-06-25,3,SP,telephony,Northeast,3.0
base,moving_average,2018-06-11,2018-06-25,3,SP,telephony,South,5.0
base,moving_average,2018-06-11,2018-06-25,3,SP,telephony,Southeast,31.0
base,moving_average,2018-06-11,2018-07-02,4,SP,telephony,Central-West,4.0
base,moving_average,2018-06-11,2018-07-02,4,SP,telephony,Northeast,2.0
base,moving_average,2018-06-11,2018-07-02,4,SP,telephony,South,4.0
base,moving_average,2018-06-11,2018-07-02,4,SP,telephony,Southeast,32.0
base,moving_average,2018-06-11,2018-06-11,1,SP,watches_gifts,Central-West,3.0
base,moving_average,2018-06-11,2018-06-11,1,SP,watches_gifts,North,2.0
base,moving_average,2018-06-11,2018-06-11,1,SP,watches_gifts,Northeast,2.0
base,moving_average,2018-06-11,2018-06-11,1,SP,watches_gifts,Southeast,94.0
base,moving_average,2018-06-11,2018-06-18,2,SP,watches_gifts,North,2.0
base,moving_average,2018-06-11,2018-06-18,2,SP,watches_gifts,Northeast,16.0
base,moving_average,2018-06-11,2018-06-18,2,SP,watches_gifts,Southeast,89.0
base,moving_average,2018-06-11,2018-06-25,3,SP,watches_gifts,Central-West,8.0
base,moving_average,2018-06-11,2018-06-25,3,SP,watches_gifts,North,2.0
base,moving_average,2018-06-11,2018-06-25,3,SP,watches_gifts,Northeast,17.0
base,moving_average,2018-06-11,2018-06-25,3,SP,watches_gifts,Southeast,93.0
base,moving_average,2018-06-11,2018-07-02,4,SP,watches_gifts,Central-West,8.0
base,moving_average,2018-06-11,2018-07-02,4,SP,watches_gifts,North,2.0
base,moving_average,2018-06-11,2018-07-02,4,SP,watches_gifts,Northeast,18.0
base,moving_average,2018-06-11,2018-07-02,4,SP,watches_gifts,Southeast,92.0
base,moving_average,2018-06-18,2018-06-18,1,MG,auto,Northeast,6.0
base,moving_average,2018-06-18,2018-06-18,1,MG,bed_bath_table,Central-West,6.0
base,moving_average,2018-06-18,2018-06-18,1,MG,bed_bath_table,Northeast,8.0
base,moving_average,2018-06-18,2018-06-25,2,MG,bed_bath_table,Central-West,5.0
base,moving_average,2018-06-18,2018-06-25,2,MG,bed_bath_table,Northeast,9.0
base,moving_average,2018-06-18,2018-07-02,3,MG,bed_bath_table,Central-West,5.0
base,moving_average,2018-06-18,2018-07-02,3,MG,bed_bath_table,Northeast,9.0
base,moving_average,2018-06-18,2018-07-09,4,MG,bed_bath_table,Central-West,4.0
base,moving_average,2018-06-18,2018-07-09,4,MG,bed_bath_table,Northeast,10.0
base,moving_average,2018-06-18,2018-06-18,1,MG,computers_accessories,Northeast,13.0
base,moving_average,2018-06-18,2018-06-25,2,MG,computers_accessories,Northeast,13.0
base,moving_average,2018-06-18,2018-07-02,3,MG,computers_accessories,Northeast,14.0
base,moving_average,2018-06-18,2018-07-09,4,MG,computers_accessories,Northeast,13.0
base,moving_average,2018-06-18,2018-06-18,1,MG,furniture_decor,Central-West,9.0
base,moving_average,2018-06-18,2018-06-18,1,MG,furniture_decor,Northeast,8.0
base,moving_average,2018-06-18,2018-06-25,2,MG,furniture_decor,Central-West,8.0
base,moving_average,2018-06-18,2018-07-02,3,MG,furniture_decor,Central-West,8.0
base,moving_average,2018-06-18,2018-07-09,4,MG,furniture_decor,Central-West,9.0
base,moving_average,2018-06-18,2018-07-09,4,MG,furniture_decor,Northeast,3.0
base,moving_average,2018-06-18,2018-06-18,1,MG,garden_tools,Southeast,14.0
base,moving_average,2018-06-18,2018-06-18,1,MG,health_beauty,Central-West,1.0
base,moving_average,2018-06-18,2018-06-18,1,MG,health_beauty,Northeast,13.0
base,moving_average,2018-06-18,2018-06-25,2,MG,health_beauty,Northeast,14.0
base,moving_average,2018-06-18,2018-07-02,3,MG,health_beauty,Northeast,14.0
base,moving_average,2018-06-18,2018-07-09,4,MG,health_beauty,Northeast,14.0
base,moving_average,2018-06-18,2018-06-18,1,MG,housewares,Central-West,8.0
base,moving_average,2018-06-18,2018-06-25,2,MG,housewares,Central-West,10.0
base,moving_average,2018-06-18,2018-07-02,3,MG,housewares,Central-West,2.0
base,moving_average,2018-06-18,2018-06-18,1,MG,sports_leisure,Northeast,8.0
base,moving_average,2018-06-18,2018-06-25,2,MG,sports_leisure,Northeast,11.0
base,moving_average,2018-06-18,2018-07-02,3,MG,sports_leisure,Northeast,11.0
base,moving_average,2018-06-18,2018-07-09,4,MG,sports_leisure,Northeast,11.0
base,moving_average,2018-06-18,2018-06-18,1,MG,telephony,Central-West,3.0
base,moving_average,2018-06-18,2018-06-18,1,MG,telephony,Northeast,2.0
base,moving_average,2018-06-18,2018-06-25,2,MG,telephony,Northeast,5.0
base,moving_average,2018-06-18,2018-07-02,3,MG,telephony,Northeast,5.0
base,moving_average,2018-06-18,2018-07-09,4,MG,telephony,Northeast,5.0
base,moving_average,2018-06-18,2018-06-18,1,MG,watches_gifts,Northeast,16.0
base,moving_average,2018-06-18,2018-06-18,1,PR,auto,South,4.0
base,moving_average,2018-06-18,2018-06-25,2,PR,auto,South,12.0
base,moving_average,2018-06-18,2018-07-02,3,PR,auto,South,8.0
base,moving_average,2018-06-18,2018-07-09,4,PR,auto,South,8.0
base,moving_average,2018-06-18,2018-06-18,1,PR,computers_accessories,South,14.0
base,moving_average,2018-06-18,2018-06-25,2,PR,computers_accessories,South,10.0
base,moving_average,2018-06-18,2018-06-18,1,PR,furniture_decor,South,13.0
base,moving_average,2018-06-18,2018-06-25,2,PR,furniture_decor,South,16.0
base,moving_average,2018-06-18,2018-07-02,3,PR,furniture_decor,South,16.0
base,moving_average,2018-06-18,2018-07-09,4,PR,furniture_decor,South,15.0
base,moving_average,2018-06-18,2018-06-18,1,PR,garden_tools,South,2.0
base,moving_average,2018-06-18,2018-06-25,2,PR,garden_tools,South,3.0
base,moving_average,2018-06-18,2018-06-18,1,PR,health_beauty,South,10.0
base,moving_average,2018-06-18,2018-06-25,2,PR,health_beauty,South,13.0
base,moving_average,2018-06-18,2018-07-02,3,PR,health_beauty,South,14.0
base,moving_average,2018-06-18,2018-07-09,4,PR,health_beauty,South,13.0
base,moving_average,2018-06-18,2018-06-18,1,PR,housewares,South,8.0
base,moving_average,2018-06-18,2018-06-25,2,PR,housewares,South,23.0
base,moving_average,2018-06-18,2018-07-02,3,PR,housewares,South,17.0
base,moving_average,2018-06-18,2018-07-09,4,PR,housewares,South,17.0
base,moving_average,2018-06-18,2018-06-18,1,PR,sports_leisure,South,13.0
base,moving_average,2018-06-18,2018-06-18,1,PR,sports_leisure,Southeast,2.0
base,moving_average,2018-06-18,2018-06-18,1,PR,telephony,Central-West,1.0
base,moving_average,2018-06-18,2018-06-18,1,PR,telephony,South,1.0
base,moving_average,2018-06-18,2018-06-18,1,PR,watches_gifts,North,1.0
base,moving_average,2018-06-18,2018-06-18,1,PR,watches_gifts,South,5.0
base,moving_average,2018-06-18,2018-06-25,2,PR,watches_gifts,South,8.0
base,moving_average,2018-06-18,2018-07-02,3,PR,watches_gifts,South,8.0
base,moving_average,2018-06-18,2018-07-09,4,PR,watches_gifts,South,8.0
base,moving_average,2018-06-18,2018-06-18,1,RJ,auto,Central-West,6.0
base,moving_average,2018-06-18,2018-06-25,2,RJ,auto,Central-West,6.0
base,moving_average,2018-06-18,2018-07-02,3,RJ,auto,Central-West,6.0
base,moving_average,2018-06-18,2018-07-09,4,RJ,auto,Central-West,6.0
base,moving_average,2018-06-18,2018-06-18,1,RJ,bed_bath_table,South,7.0
base,moving_average,2018-06-18,2018-06-18,1,RJ,bed_bath_table,Southeast,3.0
base,moving_average,2018-06-18,2018-06-25,2,RJ,bed_bath_table,South,10.0
base,moving_average,2018-06-18,2018-07-02,3,RJ,bed_bath_table,South,10.0
base,moving_average,2018-06-18,2018-07-09,4,RJ,bed_bath_table,South,10.0
base,moving_average,2018-06-18,2018-06-18,1,RJ,computers_accessories,Central-West,3.0
base,moving_average,2018-06-18,2018-06-25,2,RJ,furniture_decor,Northeast,8.0
base,moving_average,2018-06-18,2018-07-02,3,RJ,furniture_decor,Northeast,7.0
base,moving_average,2018-06-18,2018-07-09,4,RJ,furniture_decor,Northeast,5.0
base,moving_average,2018-06-18,2018-06-18,1,RJ,garden_tools,Northeast,5.0
base,moving_average,2018-06-18,2018-06-25,2,RJ,garden_tools,Northeast,6.0
base,moving_average,2018-06-18,2018-07-02,3,RJ,garden_tools,Northeast,5.0
base,moving_average,2018-06-18,2018-07-09,4,RJ,garden_tools,Northeast,4.0
base,moving_average,2018-06-18,2018-06-18,1,RJ,housewares,Northeast,8.0
base,moving_average,2018-06-18,2018-06-25,2,RJ,housewares,Northeast,8.0
base,moving_average,2018-06-18,2018-07-02,3,RJ,housewares,Northeast,8.0
base,moving_average,2018-06-18,2018-07-09,4,RJ,housewares,Northeast,8.0
base,moving_average,2018-06-18,2018-06-18,1,RJ,sports_leisure,Central-West,7.0
base,moving_average,2018-06-18,2018-06-18,1,RJ,sports_leisure,North,4.0
base,moving_average,2018-06-18,2018-06-18,1,RJ,sports_leisure,Southeast,6.0
base,moving_average,2018-06-18,2018-06-25,2,RJ,sports_leisure,Central-West,7.0
base,moving_average,2018-06-18,2018-06-25,2,RJ,sports_leisure,North,5.0
base,moving_average,2018-06-18,2018-07-02,3,RJ,sports_leisure,Central-West,7.0
base,moving_average,2018-06-18,2018-07-02,3,RJ,sports_leisure,North,5.0
base,moving_average,2018-06-18,2018-07-09,4,RJ,sports_leisure,Central-West,7.0
base,moving_average,2018-06-18,2018-07-09,4,RJ,sports_leisure,North,5.0
base,moving_average,2018-06-18,2018-06-18,1,RJ,telephony,North,3.0
base,moving_average,2018-06-18,2018-06-18,1,RJ,telephony,Northeast,7.0
base,moving_average,2018-06-18,2018-06-25,2,RJ,telephony,North,3.0
base,moving_average,2018-06-18,2018-06-25,2,RJ,telephony,Northeast,3.0
base,moving_average,2018-06-18,2018-07-02,3,RJ,telephony,North,3.0
base,moving_average,2018-06-18,2018-07-02,3,RJ,telephony,Northeast,3.0
base,moving_average,2018-06-18,2018-07-09,4,RJ,telephony,North,3.0
base,moving_average,2018-06-18,2018-07-09,4,RJ,telephony,Northeast,3.0
base,moving_average,2018-06-18,2018-06-18,1,RJ,watches_gifts,Central-West,9.0
base,moving_average,2018-06-18,2018-06-18,1,RJ,watches_gifts,North,2.0
base,moving_average,2018-06-18,2018-06-18,1,RJ,watches_gifts,Northeast,2.0
base,moving_average,2018-06-18,2018-06-18,1,RS,auto,North,2.0
base,moving_average,2018-06-18,2018-06-25,2,RS,auto,North,2.0
base,moving_average,2018-06-18,2018-06-25,2,RS,auto,South,2.0
base,moving_average,2018-06-18,2018-07-02,3,RS,auto,North,2.0
base,moving_average,2018-06-18,2018-07-02,3,RS,auto,South,1.0
base,moving_average,2018-06-18,2018-07-09,4,RS,auto,North,2.0
base,moving_average,2018-06-18,2018-07-09,4,RS,auto,South,1.0
base,moving_average,2018-06-18,2018-06-18,1,RS,bed_bath_table,North,1.0
base,moving_average,2018-06-18,2018-06-18,1,RS,bed_bath_table,South,5.0
base,moving_average,2018-06-18,2018-06-25,2,RS,bed_bath_table,North,1.0
base,moving_average,2018-06-18,2018-06-25,2,RS,bed_bath_table,South,5.0
base,moving_average,2018-06-18,2018-07-02,3,RS,bed_bath_table,North,1.0
base,moving_average,2018-06-18,2018-07-02,3,RS,bed_bath_table,South,5.0
base,moving_average,2018-06-18,2018-07-09,4,RS,bed_bath_table,North,1.0
base,moving_average,2018-06-18,2018-07-09,4,RS,bed_bath_table,South,5.0
base,moving_average,2018-06-18,2018-07-02,3,RS,computers_accessories,South,6.0
base,moving_average,2018-06-18,2018-07-09,4,RS,computers_accessories,South,6.0
base,moving_average,2018-06-18,2018-06-18,1,RS,furniture_decor,North,4.0
base,moving_average,2018-06-18,2018-06-18,1,RS,furniture_decor,South,1.0
base,moving_average,2018-06-18,2018-06-25,2,RS,furniture_decor,North,4.0
base,moving_average,2018-06-18,2018-06-25,2,RS,furniture_decor,South,1.0
base,moving_average,2018-06-18,2018-07-02,3,RS,furniture_decor,North,4.0
base,moving_average,2018-06-18,2018-07-02,3,RS,furniture_decor,South,1.0
base,moving_average,2018-06-18,2018-07-09,4,RS,furniture_decor,North,3.0
base,moving_average,2018-06-18,2018-07-09,4,RS,furniture_decor,South,2.0
base,moving_average,2018-06-18,2018-06-18,1,RS,garden_tools,North,1.0
base,moving_average,2018-06-18,2018-06-25,2,RS,garden_tools,North,3.0
base,moving_average,2018-06-18,2018-07-02,3,RS,garden_tools,North,3.0
base,moving_average,2018-06-18,2018-07-09,4,RS,garden_tools,North,3.0
base,moving_average,2018-06-18,2018-06-18,1,RS,health_beauty,South,8.0
base,moving_average,2018-06-18,2018-06-25,2,RS,health_beauty,South,8.0
base,moving_average,2018-06-18,2018-07-02,3,RS,health_beauty,South,8.0
base,moving_average,2018-06-18,2018-07-09,4,RS,health_beauty,South,8.0
base,moving_average,2018-06-18,2018-06-18,1,RS,housewares,South,5.0
base,moving_average,2018-06-18,2018-07-02,3,RS,housewares,South,8.0
base,moving_average,2018-06-18,2018-07-09,4,RS,housewares,South,6.0
base,moving_average,2018-06-18,2018-06-18,1,RS,sports_leisure,South,3.0
base,moving_average,2018-06-18,2018-06-18,1,RS,telephony,South,5.0
base,moving_average,2018-06-18,2018-06-25,2,RS,telephony,South,5.0
base,moving_average,2018-06-18,2018-07-02,3,RS,telephony,South,5.0
base,moving_average,2018-06-18,2018-07-09,4,RS,telephony,South,5.0
base,moving_average,2018-06-18,2018-06-18,1,RS,watches_gifts,South,1.0
base,moving_average,2018-06-18,2018-06-18,1,SC,auto,South,4.0
base,moving_average,2018-06-18,2018-06-18,1,SC,bed_bath_table,South,6.0
base,moving_average,2018-06-18,2018-06-25,2,SC,bed_bath_table,South,5.0
base,moving_average,2018-06-18,2018-07-02,3,SC,bed_bath_table,South,5.0
base,moving_average,2018-06-18,2018-07-09,4,SC,bed_bath_table,South,4.0
base,moving_average,2018-06-18,2018-06-25,2,SC,computers_accessories,South,4.0
base,moving_average,2018-06-18,2018-07-02,3,SC,computers_accessories,South,9.0
base,moving_average,2018-06-18,2018-07-09,4,SC,computers_accessories,South,9.0
base,moving_average,2018-06-18,2018-06-18,1,SC,furniture_decor,South,6.0
base,moving_average,2018-06-18,2018-06-25,2,SC,furniture_decor,South,6.0
base,moving_average,2018-06-18,2018-07-02,3,SC,furniture_decor,South,6.0
base,moving_average,2018-06-18,2018-07-09,4,SC,furniture_decor,South,6.0
base,moving_average,2018-06-18,2018-06-18,1,SC,garden_tools,Central-West,3.0
base,moving_average,2018-06-18,2018-06-18,1,SC,garden_tools,South,7.0
base,moving_average,2018-06-18,2018-06-25,2,SC,garden_tools,Central-West,3.0
base,moving_average,2018-06-18,2018-06-25,2,SC,garden_tools,South,5.0
base,moving_average,2018-06-18,2018-07-02,3,SC,garden_tools,Central-West,3.0
base,moving_average,2018-06-18,2018-07-02,3,SC,garden_tools,South,5.0
base,moving_average,2018-06-18,2018-07-09,4,SC,garden_tools,Central-West,3.0
base,moving_average,2018-06-18,2018-07-09,4,SC,garden_tools,South,5.0
base,moving_average,2018-06-18,2018-06-18,1,SC,housewares,South,8.0
base,moving_average,2018-06-18,2018-06-25,2,SC,sports_leisure,South,17.0
base,moving_average,2018-06-18,2018-07-02,3,SC,sports_leisure,South,16.0
base,moving_average,2018-06-18,2018-07-09,4,SC,sports_leisure,South,17.0
base,moving_average,2018-06-18,2018-06-18,1,SC,telephony,South,1.0
base,moving_average,2018-06-18,2018-06-18,1,SC,watches_gifts,South,2.0
base,moving_average,2018-06-18,2018-06-25,2,SC,watches_gifts,South,7.0
base,moving_average,2018-06-18,2018-07-02,3,SC,watches_gifts,South,8.0
base,moving_average,2018-06-18,2018-07-09,4,SC,watches_gifts,South,8.0
base,moving_average,2018-06-18,2018-06-18,1,SP,auto,Northeast,1.0
base,moving_average,2018-06-18,2018-06-18,1,SP,auto,South,5.0
base,moving_average,2018-06-18,2018-06-18,1,SP,auto,Southeast,44.0
base,moving_average,2018-06-18,2018-06-25,2,SP,auto,Northeast,8.0
base,moving_average,2018-06-18,2018-06-25,2,SP,auto,Southeast,45.0
base,moving_average,2018-06-18,2018-07-02,3,SP,auto,Northeast,8.0
base,moving_average,2018-06-18,2018-07-02,3,SP,auto,South,6.0
base,moving_average,2018-06-18,2018-07-02,3,SP,auto,Southeast,48.0
base,moving_average,2018-06-18,2018-07-09,4,SP,auto,Northeast,8.0
base,moving_average,2018-06-18,2018-07-09,4,SP,auto,South,5.0
base,moving_average,2018-06-18,2018-07-09,4,SP,auto,Southeast,46.0
base,moving_average,2018-06-18,2018-06-18,1,SP,bed_bath_table,Southeast,146.0
base,moving_average,2018-06-18,2018-06-25,2,SP,bed_bath_table,Central-West,1.0
base,moving_average,2018-06-18,2018-06-25,2,SP,bed_bath_table,Southeast,156.0
base,moving_average,2018-06-18,2018-07-02,3,SP,bed_bath_table,Central-West,2.0
base,moving_average,2018-06-18,2018-07-02,3,SP,bed_bath_table,Southeast,163.0
base,moving_average,2018-06-18,2018-07-09,4,SP,bed_bath_table,Central-West,2.0
base,moving_average,2018-06-18,2018-07-09,4,SP,bed_bath_table,Southeast,160.0
base,moving_average,2018-06-18,2018-06-18,1,SP,computers_accessories,Central-West,3.0
base,moving_average,2018-06-18,2018-06-18,1,SP,computers_accessories,North,3.0
base,moving_average,2018-06-18,2018-06-18,1,SP,computers_accessories,Southeast,66.0
base,moving_average,2018-06-18,2018-06-25,2,SP,computers_accessories,Central-West,6.0
base,moving_average,2018-06-18,2018-06-25,2,SP,computers_accessories,North,3.0
base,moving_average,2018-06-18,2018-06-25,2,SP,computers_accessories,Southeast,68.0
base,moving_average,2018-06-18,2018-07-02,3,SP,computers_accessories,Central-West,6.0
base,moving_average,2018-06-18,2018-07-02,3,SP,computers_accessories,North,4.0
base,moving_average,2018-06-18,2018-07-02,3,SP,computers_accessories,Southeast,72.0
base,moving_average,2018-06-18,2018-07-09,4,SP,computers_accessories,Central-West,6.0
base,moving_average,2018-06-18,2018-07-09,4,SP,computers_accessories,North,3.0
base,moving_average,2018-06-18,2018-07-09,4,SP,computers_accessories,Southeast,67.0
base,moving_average,2018-06-18,2018-06-18,1,SP,furniture_decor,Southeast,73.0
base,moving_average,2018-06-18,2018-06-25,2,SP,furniture_decor,Southeast,71.0
base,moving_average,2018-06-18,2018-07-02,3,SP,furniture_decor,Southeast,70.0
base,moving_average,2018-06-18,2018-07-09,4,SP,furniture_decor,Southeast,74.0
base,moving_average,2018-06-18,2018-06-18,1,SP,garden_tools,North,1.0
base,moving_average,2018-06-18,2018-06-18,1,SP,garden_tools,South,1.0
base,moving_average,2018-06-18,2018-06-18,1,SP,garden_tools,Southeast,24.0
base,moving_average,2018-06-18,2018-06-25,2,SP,garden_tools,Southeast,38.0
base,moving_average,2018-06-18,2018-07-02,3,SP,garden_tools,South,4.0
base,moving_average,2018-06-18,2018-07-02,3,SP,garden_tools,Southeast,40.0
base,moving_average,2018-06-18,2018-07-09,4,SP,garden_tools,Northeast,2.0
base,moving_average,2018-06-18,2018-07-09,4,SP,garden_tools,South,4.0
base,moving_average,2018-06-18,2018-07-09,4,SP,garden_tools,Southeast,39.0
base,moving_average,2018-06-18,2018-06-18,1,SP,health_beauty,Central-West,5.0
base,moving_average,2018-06-18,2018-06-18,1,SP,health_beauty,North,2.0
base,moving_average,2018-06-18,2018-06-18,1,SP,health_beauty,Southeast,136.0
base,moving_average,2018-06-18,2018-06-25,2,SP,health_beauty,Central-West,14.0
base,moving_average,2018-06-18,2018-06-25,2,SP,health_beauty,North,6.0
base,moving_average,2018-06-18,2018-06-25,2,SP,health_beauty,Northeast,11.0
base,moving_average,2018-06-18,2018-06-25,2,SP,health_beauty,Southeast,147.0
base,moving_average,2018-06-18,2018-07-02,3,SP,health_beauty,Central-West,15.0
base,moving_average,2018-06-18,2018-07-02,3,SP,health_beauty,North,6.0
base,moving_average,2018-06-18,2018-07-02,3,SP,health_beauty,Northeast,12.0
base,moving_average,2018-06-18,2018-07-02,3,SP,health_beauty,Southeast,158.0
base,moving_average,2018-06-18,2018-07-09,4,SP,health_beauty,Central-West,15.0
base,moving_average,2018-06-18,2018-07-09,4,SP,health_beauty,North,6.0
base,moving_average,2018-06-18,2018-07-09,4,SP,health_beauty,Northeast,11.0
base,moving_average,2018-06-18,2018-07-09,4,SP,health_beauty,Southeast,159.0
base,moving_average,2018-06-18,2018-06-18,1,SP,housewares,North,2.0
base,moving_average,2018-06-18,2018-06-18,1,SP,housewares,Southeast,111.0
base,moving_average,2018-06-18,2018-06-25,2,SP,housewares,North,2.0
base,moving_average,2018-06-18,2018-06-25,2,SP,housewares,Southeast,119.0
base,moving_average,2018-06-18,2018-07-02,3,SP,housewares,Central-West,8.0
base,moving_average,2018-06-18,2018-07-02,3,SP,housewares,North,2.0
base,moving_average,2018-06-18,2018-07-02,3,SP,housewares,Southeast,119.0
base,moving_average,2018-06-18,2018-07-09,4,SP,housewares,Central-West,10.0
base,moving_average,2018-06-18,2018-07-09,4,SP,housewares,North,3.0
base,moving_average,2018-06-18,2018-07-09,4,SP,housewares,Southeast,114.0
base,moving_average,2018-06-18,2018-06-18,1,SP,sports_leisure,Southeast,61.0
base,moving_average,2018-06-18,2018-06-25,2,SP,sports_leisure,Southeast,73.0
base,moving_average,2018-06-18,2018-07-02,3,SP,sports_leisure,Southeast,75.0
base,moving_average,2018-06-18,2018-07-09,4,SP,sports_leisure,Southeast,78.0
base,moving_average,2018-06-18,2018-06-18,1,SP,telephony,Southeast,34.0
base,moving_average,2018-06-18,2018-06-25,2,SP,telephony,Central-West,4.0
base,moving_average,2018-06-18,2018-06-25,2,SP,telephony,Northeast,2.0
base,moving_average,2018-06-18,2018-06-25,2,SP,telephony,South,4.0
base,moving_average,2018-06-18,2018-06-25,2,SP,telephony,Southeast,36.0
base,moving_average,2018-06-18,2018-07-02,3,SP,telephony,Central-West,4.0
base,moving_average,2018-06-18,2018-07-02,3,SP,telephony,Northeast,2.0
base,moving_average,2018-06-18,2018-07-02,3,SP,telephony,South,4.0
base,moving_average,2018-06-18,2018-07-02,3,SP,telephony,Southeast,38.0
base,moving_average,2018-06-18,2018-07-09,4,SP,telephony,Central-West,5.0
base,moving_average,2018-06-18,2018-07-09,4,SP,telephony,Northeast,2.0
base,moving_average,2018-06-18,2018-07-09,4,SP,telephony,South,4.0
base,moving_average,2018-06-18,2018-07-09,4,SP,telephony,Southeast,39.0
base,moving_average,2018-06-18,2018-06-18,1,SP,watches_gifts,Southeast,87.0
base,moving_average,2018-06-18,2018-06-25,2,SP,watches_gifts,Central-West,9.0
base,moving_average,2018-06-18,2018-06-25,2,SP,watches_gifts,North,3.0
base,moving_average,2018-06-18,2018-06-25,2,SP,watches_gifts,Northeast,19.0
base,moving_average,2018-06-18,2018-06-25,2,SP,watches_gifts,Southeast,101.0
base,moving_average,2018-06-18,2018-07-02,3,SP,watches_gifts,Central-West,9.0
base,moving_average,2018-06-18,2018-07-02,3,SP,watches_gifts,North,3.0
base,moving_average,2018-06-18,2018-07-02,3,SP,watches_gifts,Northeast,20.0
base,moving_average,2018-06-18,2018-07-02,3,SP,watches_gifts,Southeast,102.0
base,moving_average,2018-06-18,2018-07-09,4,SP,watches_gifts,Central-West,10.0
base,moving_average,2018-06-18,2018-07-09,4,SP,watches_gifts,North,3.0
base,moving_average,2018-06-18,2018-07-09,4,SP,watches_gifts,Northeast,20.0
base,moving_average,2018-06-18,2018-07-09,4,SP,watches_gifts,Southeast,105.0
base,moving_average,2018-06-25,2018-06-25,1,MG,auto,Northeast,6.0
base,moving_average,2018-06-25,2018-06-25,1,MG,bed_bath_table,Central-West,6.0
base,moving_average,2018-06-25,2018-06-25,1,MG,bed_bath_table,Northeast,8.0
base,moving_average,2018-06-25,2018-07-02,2,MG,bed_bath_table,Central-West,6.0
base,moving_average,2018-06-25,2018-07-02,2,MG,bed_bath_table,Northeast,8.0
base,moving_average,2018-06-25,2018-07-09,3,MG,bed_bath_table,Central-West,6.0
base,moving_average,2018-06-25,2018-07-09,3,MG,bed_bath_table,Northeast,8.0
base,moving_average,2018-06-25,2018-07-16,4,MG,bed_bath_table,Central-West,7.0
base,moving_average,2018-06-25,2018-07-16,4,MG,bed_bath_table,Northeast,7.0
base,moving_average,2018-06-25,2018-06-25,1,MG,computers_accessories,Central-West,1.0
base,moving_average,2018-06-25,2018-06-25,1,MG,computers_accessories,North,3.0
base,moving_average,2018-06-25,2018-06-25,1,MG,computers_accessories,Northeast,13.0
base,moving_average,2018-06-25,2018-07-02,2,MG,computers_accessories,Northeast,14.0
base,moving_average,2018-06-25,2018-07-09,3,MG,computers_accessories,Northeast,13.0
base,moving_average,2018-06-25,2018-07-16,4,MG,computers_accessories,Northeast,13.0
base,moving_average,2018-06-25,2018-06-25,1,MG,furniture_decor,Central-West,8.0
base,moving_average,2018-06-25,2018-06-25,1,MG,furniture_decor,Northeast,7.0
base,moving_average,2018-06-25,2018-07-02,2,MG,furniture_decor,Central-West,8.0
base,moving_average,2018-06-25,2018-07-09,3,MG,furniture_decor,Central-West,8.0
base,moving_average,2018-06-25,2018-07-09,3,MG,furniture_decor,Northeast,4.0
base,moving_average,2018-06-25,2018-07-16,4,MG,furniture_decor,Central-West,8.0
base,moving_average,2018-06-25,2018-07-16,4,MG,furniture_decor,Northeast,4.0
base,moving_average,2018-06-25,2018-06-25,1,MG,garden_tools,Southeast,14.0
base,moving_average,2018-06-25,2018-06-25,1,MG,health_beauty,Northeast,14.0
base,moving_average,2018-06-25,2018-07-02,2,MG,health_beauty,Northeast,13.0
base,moving_average,2018-06-25,2018-07-09,3,MG,health_beauty,Northeast,15.0
base,moving_average,2018-06-25,2018-07-16,4,MG,health_beauty,Northeast,14.0
base,moving_average,2018-06-25,2018-06-25,1,MG,housewares,Central-West,11.0
base,moving_average,2018-06-25,2018-07-02,2,MG,housewares,Central-West,9.0
base,moving_average,2018-06-25,2018-06-25,1,MG,sports_leisure,Northeast,11.0
base,moving_average,2018-06-25,2018-07-02,2,MG,sports_leisure,Northeast,12.0
base,moving_average,2018-06-25,2018-07-09,3,MG,sports_leisure,Northeast,12.0
base,moving_average,2018-06-25,2018-07-16,4,MG,sports_leisure,Northeast,12.0
base,moving_average,2018-06-25,2018-06-25,1,MG,telephony,Northeast,5.0
base,moving_average,2018-06-25,2018-07-02,2,MG,telephony,Northeast,5.0
base,moving_average,2018-06-25,2018-07-09,3,MG,telephony,Northeast,5.0
base,moving_average,2018-06-25,2018-07-16,4,MG,telephony,Northeast,5.0
base,moving_average,2018-06-25,2018-06-25,1,PR,auto,South,8.0
base,moving_average,2018-06-25,2018-07-02,2,PR,auto,South,8.0
base,moving_average,2018-06-25,2018-07-09,3,PR,auto,South,8.0
base,moving_average,2018-06-25,2018-07-16,4,PR,auto,South,8.0
base,moving_average,2018-06-25,2018-06-25,1,PR,computers_accessories,South,5.0
base,moving_average,2018-06-25,2018-06-25,1,PR,furniture_decor,South,18.0
base,moving_average,2018-06-25,2018-07-02,2,PR,furniture_decor,South,18.0
base,moving_average,2018-06-25,2018-07-09,3,PR,furniture_decor,South,18.0
base,moving_average,2018-06-25,2018-07-16,4,PR,furniture_decor,South,18.0
base,moving_average,2018-06-25,2018-06-25,1,PR,garden_tools,South,5.0
base,moving_average,2018-06-25,2018-06-25,1,PR,health_beauty,South,13.0
base,moving_average,2018-06-25,2018-07-02,2,PR,health_beauty,South,17.0
base,moving_average,2018-06-25,2018-07-09,3,PR,health_beauty,South,17.0
base,moving_average,2018-06-25,2018-07-16,4,PR,health_beauty,South,18.0
base,moving_average,2018-06-25,2018-06-25,1,PR,housewares,South,19.0
base,moving_average,2018-06-25,2018-07-02,2,PR,housewares,South,13.0
base,moving_average,2018-06-25,2018-07-09,3,PR,housewares,South,17.0
base,moving_average,2018-06-25,2018-07-16,4,PR,housewares,South,17.0
base,moving_average,2018-06-25,2018-06-25,1,PR,watches_gifts,South,8.0
base,moving_average,2018-06-25,2018-07-02,2,PR,watches_gifts,South,8.0
base,moving_average,2018-06-25,2018-07-09,3,PR,watches_gifts,South,8.0
base,moving_average,2018-06-25,2018-07-16,4,PR,watches_gifts,South,8.0
base,moving_average,2018-06-25,2018-06-25,1,RJ,auto,Central-West,6.0
base,moving_average,2018-06-25,2018-07-02,2,RJ,auto,Central-West,6.0
base,moving_average,2018-06-25,2018-07-09,3,RJ,auto,Central-West,6.0
base,moving_average,2018-06-25,2018-07-16,4,RJ,auto,Central-West,6.0
base,moving_average,2018-06-25,2018-06-25,1,RJ,bed_bath_table,South,10.0
base,moving_average,2018-06-25,2018-07-02,2,RJ,bed_bath_table,South,10.0
base,moving_average,2018-06-25,2018-07-09,3,RJ,bed_bath_table,South,10.0
base,moving_average,2018-06-25,2018-07-16,4,RJ,bed_bath_table,South,10.0
base,moving_average,2018-06-25,2018-06-25,1,RJ,computers_accessories,Central-West,3.0
base,moving_average,2018-06-25,2018-06-25,1,RJ,furniture_decor,Northeast,2.0
base,moving_average,2018-06-25,2018-07-02,2,RJ,furniture_decor,Northeast,8.0
base,moving_average,2018-06-25,2018-07-09,3,RJ,furniture_decor,Northeast,5.0
base,moving_average,2018-06-25,2018-07-16,4,RJ,furniture_decor,Northeast,5.0
base,moving_average,2018-06-25,2018-06-25,1,RJ,garden_tools,Northeast,5.0
base,moving_average,2018-06-25,2018-07-02,2,RJ,garden_tools,Northeast,5.0
base,moving_average,2018-06-25,2018-07-09,3,RJ,garden_tools,Northeast,5.0
base,moving_average,2018-06-25,2018-07-16,4,RJ,garden_tools,Northeast,5.0
base,moving_average,2018-06-25,2018-07-02,2,RJ,health_beauty,Central-West,15.0
base,moving_average,2018-06-25,2018-07-09,3,RJ,health_beauty,Central-West,15.0
base,moving_average,2018-06-25,2018-07-09,3,RJ,health_beauty,Southeast,1.0
base,moving_average,2018-06-25,2018-07-16,4,RJ,health_beauty,Central-West,13.0
base,moving_average,2018-06-25,2018-06-25,1,RJ,housewares,Northeast,8.0
base,moving_average,2018-06-25,2018-07-02,2,RJ,housewares,Northeast,8.0
base,moving_average,2018-06-25,2018-07-09,3,RJ,housewares,Northeast,8.0
base,moving_average,2018-06-25,2018-07-16,4,RJ,housewares,Northeast,8.0
base,moving_average,2018-06-25,2018-06-25,1,RJ,sports_leisure,Central-West,9.0
base,moving_average,2018-06-25,2018-06-25,1,RJ,sports_leisure,North,2.0
base,moving_average,2018-06-25,2018-06-25,1,RJ,sports_leisure,Southeast,1.0
base,moving_average,2018-06-25,2018-07-02,2,RJ,sports_leisure,Central-West,9.0
base,moving_average,2018-06-25,2018-07-02,2,RJ,sports_leisure,North,5.0
base,moving_average,2018-06-25,2018-07-09,3,RJ,sports_leisure,Central-West,9.0
base,moving_average,2018-06-25,2018-07-09,3,RJ,sports_leisure,North,5.0
base,moving_average,2018-06-25,2018-07-16,4,RJ,sports_leisure,Central-West,10.0
base,moving_average,2018-06-25,2018-07-16,4,RJ,sports_leisure,North,5.0
base,moving_average,2018-06-25,2018-06-25,1,RJ,telephony,North,3.0
base,moving_average,2018-06-25,2018-06-25,1,RJ,telephony,Northeast,3.0
base,moving_average,2018-06-25,2018-07-02,2,RJ,telephony,North,2.0
base,moving_average,2018-06-25,2018-07-02,2,RJ,telephony,Northeast,4.0
base,moving_average,2018-06-25,2018-07-09,3,RJ,telephony,North,2.0
base,moving_average,2018-06-25,2018-07-09,3,RJ,telephony,Northeast,4.0
base,moving_average,2018-06-25,2018-07-16,4,RJ,telephony,North,2.0
base,moving_average,2018-06-25,2018-07-16,4,RJ,telephony,Northeast,4.0
base,moving_average,2018-06-25,2018-06-25,1,RJ,watches_gifts,Central-West,1.0
base,moving_average,2018-06-25,2018-07-02,2,RJ,watches_gifts,Central-West,7.0
base,moving_average,2018-06-25,2018-06-25,1,RS,auto,North,2.0
base,moving_average,2018-06-25,2018-06-25,1,RS,auto,South,1.0
base,moving_average,2018-06-25,2018-07-02,2,RS,auto,North,2.0
base,moving_average,2018-06-25,2018-07-02,2,RS,auto,South,1.0
base,moving_average,2018-06-25,2018-07-09,3,RS,auto,North,2.0
base,moving_average,2018-06-25,2018-07-09,3,RS,auto,South,1.0
base,moving_average,2018-06-25,2018-07-16,4,RS,auto,North,2.0
base,moving_average,2018-06-25,2018-07-16,4,RS,auto,South,1.0
base,moving_average,2018-06-25,2018-06-25,1,RS,bed_bath_table,North,1.0
base,moving_average,2018-06-25,2018-06-25,1,RS,bed_bath_table,South,5.0
base,moving_average,2018-06-25,2018-07-02,2,RS,bed_bath_table,North,1.0
base,moving_average,2018-06-25,2018-07-02,2,RS,bed_bath_table,South,5.0
base,moving_average,2018-06-25,2018-07-09,3,RS,bed_bath_table,North,1.0
base,moving_average,2018-06-25,2018-07-09,3,RS,bed_bath_table,South,5.0
base,moving_average,2018-06-25,2018-07-16,4,RS,bed_bath_table,North,1.0
base,moving_average,2018-06-25,2018-07-16,4,RS,bed_bath_table,South,5.0
base,moving_average,2018-06-25,2018-07-02,2,RS,computers_accessories,South,9.0
base,moving_average,2018-06-25,2018-07-09,3,RS,computers_accessories,South,9.0
base,moving_average,2018-06-25,2018-07-16,4,RS,computers_accessories,South,9.0
base,moving_average,2018-06-25,2018-06-25,1,RS,furniture_decor,North,3.0
base,moving_average,2018-06-25,2018-06-25,1,RS,furniture_decor,South,1.0
base,moving_average,2018-06-25,2018-07-02,2,RS,furniture_decor,North,4.0
base,moving_average,2018-06-25,2018-07-02,2,RS,furniture_decor,South,2.0
base,moving_average,2018-06-25,2018-07-09,3,RS,furniture_decor,North,3.0
base,moving_average,2018-06-25,2018-07-09,3,RS,furniture_decor,South,2.0
base,moving_average,2018-06-25,2018-07-16,4,RS,furniture_decor,North,3.0
base,moving_average,2018-06-25,2018-07-16,4,RS,furniture_decor,South,2.0
base,moving_average,2018-06-25,2018-06-25,1,RS,garden_tools,North,2.0
base,moving_average,2018-06-25,2018-07-02,2,RS,garden_tools,North,3.0
base,moving_average,2018-06-25,2018-07-09,3,RS,garden_tools,North,3.0
base,moving_average,2018-06-25,2018-07-16,4,RS,garden_tools,North,2.0
base,moving_average,2018-06-25,2018-06-25,1,RS,health_beauty,South,8.0
base,moving_average,2018-06-25,2018-07-02,2,RS,health_beauty,South,8.0
base,moving_average,2018-06-25,2018-07-09,3,RS,health_beauty,South,8.0
base,moving_average,2018-06-25,2018-07-16,4,RS,health_beauty,South,8.0
base,moving_average,2018-06-25,2018-07-02,2,RS,housewares,South,5.0
base,moving_average,2018-06-25,2018-07-09,3,RS,housewares,South,4.0
base,moving_average,2018-06-25,2018-07-16,4,RS,housewares,South,4.0
base,moving_average,2018-06-25,2018-06-25,1,RS,telephony,South,5.0
base,moving_average,2018-06-25,2018-07-02,2,RS,telephony,South,5.0
base,moving_average,2018-06-25,2018-07-09,3,RS,telephony,South,5.0
base,moving_average,2018-06-25,2018-07-16,4,RS,telephony,South,5.0
base,moving_average,2018-06-25,2018-06-25,1,SC,auto,South,4.0
base,moving_average,2018-06-25,2018-06-25,1,SC,bed_bath_table,South,5.0
base,moving_average,2018-06-25,2018-07-02,2,SC,bed_bath_table,South,10.0
base,moving_average,2018-06-25,2018-07-09,3,SC,bed_bath_table,South,9.0
base,moving_average,2018-06-25,2018-07-16,4,SC,bed_bath_table,South,11.0
base,moving_average,2018-06-25,2018-06-25,1,SC,computers_accessories,South,4.0
base,moving_average,2018-06-25,2018-07-02,2,SC,computers_accessories,South,9.0
base,moving_average,2018-06-25,2018-07-09,3,SC,computers_accessories,South,9.0
base,moving_average,2018-06-25,2018-07-16,4,SC,computers_accessories,South,9.0
base,moving_average,2018-06-25,2018-06-25,1,SC,furniture_decor,South,6.0
base,moving_average,2018-06-25,2018-07-02,2,SC,furniture_decor,South,6.0
base,moving_average,2018-06-25,2018-07-09,3,SC,furniture_decor,South,6.0
base,moving_average,2018-06-25,2018-07-16,4,SC,furniture_decor,South,6.0
base,moving_average,2018-06-25,2018-06-25,1,SC,garden_tools,Central-West,3.0
base,moving_average,2018-06-25,2018-06-25,1,SC,garden_tools,South,2.0
base,moving_average,2018-06-25,2018-07-02,2,SC,garden_tools,Central-West,3.0
base,moving_average,2018-06-25,2018-07-02,2,SC,garden_tools,South,7.0
base,moving_average,2018-06-25,2018-07-09,3,SC,garden_tools,Central-West,3.0
base,moving_average,2018-06-25,2018-07-09,3,SC,garden_tools,South,7.0
base,moving_average,2018-06-25,2018-07-16,4,SC,garden_tools,Central-West,3.0
base,moving_average,2018-06-25,2018-07-16,4,SC,garden_tools,South,5.0
base,moving_average,2018-06-25,2018-06-25,1,SC,housewares,South,3.0
base,moving_average,2018-06-25,2018-07-02,2,SC,housewares,South,5.0
base,moving_average,2018-06-25,2018-06-25,1,SC,sports_leisure,South,17.0
base,moving_average,2018-06-25,2018-07-02,2,SC,sports_leisure,South,16.0
base,moving_average,2018-06-25,2018-07-09,3,SC,sports_leisure,South,17.0
base,moving_average,2018-06-25,2018-07-16,4,SC,sports_leisure,South,17.0
base,moving_average,2018-06-25,2018-06-25,1,SC,watches_gifts,South,7.0
base,moving_average,2018-06-25,2018-07-02,2,SC,watches_gifts,South,8.0
base,moving_average,2018-06-25,2018-07-09,3,SC,watches_gifts,South,9.0
base,moving_average,2018-06-25,2018-07-16,4,SC,watches_gifts,South,8.0
base,moving_average,2018-06-25,2018-06-25,1,SP,auto,Southeast,46.0
base,moving_average,2018-06-25,2018-07-02,2,SP,auto,Northeast,9.0
base,moving_average,2018-06-25,2018-07-02,2,SP,auto,South,6.0
base,moving_average,2018-06-25,2018-07-02,2,SP,auto,Southeast,53.0
base,moving_average,2018-06-25,2018-07-09,3,SP,auto,Northeast,9.0
base,moving_average,2018-06-25,2018-07-09,3,SP,auto,South,5.0
base,moving_average,2018-06-25,2018-07-09,3,SP,auto,Southeast,52.0
base,moving_average,2018-06-25,2018-07-16,4,SP,auto,Northeast,9.0
base,moving_average,2018-06-25,2018-07-16,4,SP,auto,South,5.0
base,moving_average,2018-06-25,2018-07-16,4,SP,auto,Southeast,53.0
base,moving_average,2018-06-25,2018-06-25,1,SP,bed_bath_table,Central-West,1.0
base,moving_average,2018-06-25,2018-06-25,1,SP,bed_bath_table,Southeast,156.0
base,moving_average,2018-06-25,2018-07-02,2,SP,bed_bath_table,Central-West,1.0
base,moving_average,2018-06-25,2018-07-02,2,SP,bed_bath_table,Southeast,171.0
base,moving_average,2018-06-25,2018-07-09,3,SP,bed_bath_table,Central-West,1.0
base,moving_average,2018-06-25,2018-07-09,3,SP,bed_bath_table,Southeast,170.0
base,moving_average,2018-06-25,2018-07-16,4,SP,bed_bath_table,Southeast,169.0
base,moving_average,2018-06-25,2018-06-25,1,SP,computers_accessories,Central-West,3.0
base,moving_average,2018-06-25,2018-06-25,1,SP,computers_accessories,Southeast,68.0
base,moving_average,2018-06-25,2018-07-02,2,SP,computers_accessories,Central-West,7.0
base,moving_average,2018-06-25,2018-07-02,2,SP,computers_accessories,North,3.0
base,moving_average,2018-06-25,2018-07-02,2,SP,computers_accessories,Southeast,77.0
base,moving_average,2018-06-25,2018-07-09,3,SP,computers_accessories,Central-West,8.0
base,moving_average,2018-06-25,2018-07-09,3,SP,computers_accessories,North,3.0
base,moving_average,2018-06-25,2018-07-09,3,SP,computers_accessories,Southeast,73.0
base,moving_average,2018-06-25,2018-07-16,4,SP,computers_accessories,Central-West,8.0
base,moving_average,2018-06-25,2018-07-16,4,SP,computers_accessories,North,2.0
base,moving_average,2018-06-25,2018-07-16,4,SP,computers_accessories,Southeast,76.0
base,moving_average,2018-06-25,2018-06-25,1,SP,furniture_decor,Southeast,69.0
base,moving_average,2018-06-25,2018-07-02,2,SP,furniture_decor,Southeast,68.0
base,moving_average,2018-06-25,2018-07-09,3,SP,furniture_decor,Southeast,71.0
base,moving_average,2018-06-25,2018-07-16,4,SP,furniture_decor,Southeast,69.0
base,moving_average,2018-06-25,2018-06-25,1,SP,garden_tools,Southeast,23.0
base,moving_average,2018-06-25,2018-07-02,2,SP,garden_tools,Southeast,39.0
base,moving_average,2018-06-25,2018-07-09,3,SP,garden_tools,Southeast,37.0
base,moving_average,2018-06-25,2018-07-16,4,SP,garden_tools,South,1.0
base,moving_average,2018-06-25,2018-07-16,4,SP,garden_tools,Southeast,37.0
base,moving_average,2018-06-25,2018-06-25,1,SP,health_beauty,Central-West,6.0
base,moving_average,2018-06-25,2018-06-25,1,SP,health_beauty,North,6.0
base,moving_average,2018-06-25,2018-06-25,1,SP,health_beauty,Northeast,2.0
base,moving_average,2018-06-25,2018-06-25,1,SP,health_beauty,South,1.0
base,moving_average,2018-06-25,2018-06-25,1,SP,health_beauty,Southeast,163.0
base,moving_average,2018-06-25,2018-07-02,2,SP,health_beauty,North,7.0
base,moving_average,2018-06-25,2018-07-02,2,SP,health_beauty,Northeast,13.0
base,moving_average,2018-06-25,2018-07-02,2,SP,health_beauty,Southeast,178.0
base,moving_average,2018-06-25,2018-07-09,3,SP,health_beauty,North,6.0
base,moving_average,2018-06-25,2018-07-09,3,SP,health_beauty,Northeast,10.0
base,moving_average,2018-06-25,2018-07-09,3,SP,health_beauty,Southeast,182.0
base,moving_average,2018-06-25,2018-07-16,4,SP,health_beauty,Central-West,1.0
base,moving_average,2018-06-25,2018-07-16,4,SP,health_beauty,North,6.0
base,moving_average,2018-06-25,2018-07-16,4,SP,health_beauty,Northeast,11.0
base,moving_average,2018-06-25,2018-07-16,4,SP,health_beauty,Southeast,180.0
base,moving_average,2018-06-25,2018-06-25,1,SP,housewares,North,3.0
base,moving_average,2018-06-25,2018-06-25,1,SP,housewares,Southeast,115.0
base,moving_average,2018-06-25,2018-07-02,2,SP,housewares,Central-West,3.0
base,moving_average,2018-06-25,2018-07-02,2,SP,housewares,North,3.0
base,moving_average,2018-06-25,2018-07-02,2,SP,housewares,Southeast,115.0
base,moving_average,2018-06-25,2018-07-09,3,SP,housewares,Central-West,11.0
base,moving_average,2018-06-25,2018-07-09,3,SP,housewares,North,3.0
base,moving_average,2018-06-25,2018-07-09,3,SP,housewares,Southeast,109.0
base,moving_average,2018-06-25,2018-07-16,4,SP,housewares,Central-West,11.0
base,moving_average,2018-06-25,2018-07-16,4,SP,housewares,North,3.0
base,moving_average,2018-06-25,2018-07-16,4,SP,housewares,Southeast,109.0
base,moving_average,2018-06-25,2018-06-25,1,SP,sports_leisure,Southeast,73.0
base,moving_average,2018-06-25,2018-07-02,2,SP,sports_leisure,Southeast,80.0
base,moving_average,2018-06-25,2018-07-09,3,SP,sports_leisure,Southeast,84.0
base,moving_average,2018-06-25,2018-07-16,4,SP,sports_leisure,Southeast,82.0
base,moving_average,2018-06-25,2018-06-25,1,SP,telephony,Central-West,9.0
base,moving_average,2018-06-25,2018-06-25,1,SP,telephony,Northeast,2.0
base,moving_average,2018-06-25,2018-06-25,1,SP,telephony,Southeast,35.0
base,moving_average,2018-06-25,2018-07-02,2,SP,telephony,Central-West,10.0
base,moving_average,2018-06-25,2018-07-02,2,SP,telephony,Northeast,1.0
base,moving_average,2018-06-25,2018-07-02,2,SP,telephony,South,5.0
base,moving_average,2018-06-25,2018-07-02,2,SP,telephony,Southeast,37.0
base,moving_average,2018-06-25,2018-07-09,3,SP,telephony,Central-West,12.0
base,moving_average,2018-06-25,2018-07-09,3,SP,telephony,Northeast,1.0
base,moving_average,2018-06-25,2018-07-09,3,SP,telephony,South,5.0
base,moving_average,2018-06-25,2018-07-09,3,SP,telephony,Southeast,38.0
base,moving_average,2018-06-25,2018-07-16,4,SP,telephony,Central-West,13.0
base,moving_average,2018-06-25,2018-07-16,4,SP,telephony,Northeast,1.0
base,moving_average,2018-06-25,2018-07-16,4,SP,telephony,South,5.0
base,moving_average,2018-06-25,2018-07-16,4,SP,telephony,Southeast,36.0
base,moving_average,2018-06-25,2018-06-25,1,SP,watches_gifts,Central-West,8.0
base,moving_average,2018-06-25,2018-06-25,1,SP,watches_gifts,North,3.0
base,moving_average,2018-06-25,2018-06-25,1,SP,watches_gifts,Northeast,20.0
base,moving_average,2018-06-25,2018-06-25,1,SP,watches_gifts,Southeast,101.0
base,moving_average,2018-06-25,2018-07-02,2,SP,watches_gifts,Central-West,2.0
base,moving_average,2018-06-25,2018-07-02,2,SP,watches_gifts,North,3.0
base,moving_average,2018-06-25,2018-07-02,2,SP,watches_gifts,Northeast,21.0
base,moving_average,2018-06-25,2018-07-02,2,SP,watches_gifts,Southeast,103.0
base,moving_average,2018-06-25,2018-07-09,3,SP,watches_gifts,Central-West,10.0
base,moving_average,2018-06-25,2018-07-09,3,SP,watches_gifts,North,3.0
base,moving_average,2018-06-25,2018-07-09,3,SP,watches_gifts,Northeast,22.0
base,moving_average,2018-06-25,2018-07-09,3,SP,watches_gifts,Southeast,107.0
base,moving_average,2018-06-25,2018-07-16,4,SP,watches_gifts,Central-West,10.0
base,moving_average,2018-06-25,2018-07-16,4,SP,watches_gifts,North,3.0
base,moving_average,2018-06-25,2018-07-16,4,SP,watches_gifts,Northeast,21.0
base,moving_average,2018-06-25,2018-07-16,4,SP,watches_gifts,Southeast,104.0
base,moving_average,2018-07-02,2018-07-02,1,MG,bed_bath_table,Central-West,1.0
base,moving_average,2018-07-02,2018-07-02,1,MG,bed_bath_table,Northeast,13.0
base,moving_average,2018-07-02,2018-07-09,2,MG,bed_bath_table,Central-West,1.0
base,moving_average,2018-07-02,2018-07-09,2,MG,bed_bath_table,Northeast,13.0
base,moving_average,2018-07-02,2018-07-16,3,MG,bed_bath_table,Northeast,13.0
base,moving_average,2018-07-02,2018-07-23,4,MG,bed_bath_table,Northeast,15.0
base,moving_average,2018-07-02,2018-07-02,1,MG,computers_accessories,Central-West,1.0
base,moving_average,2018-07-02,2018-07-02,1,MG,computers_accessories,Northeast,13.0
base,moving_average,2018-07-02,2018-07-09,2,MG,computers_accessories,Northeast,12.0
base,moving_average,2018-07-02,2018-07-16,3,MG,computers_accessories,Northeast,12.0
base,moving_average,2018-07-02,2018-07-23,4,MG,computers_accessories,Northeast,12.0
base,moving_average,2018-07-02,2018-07-02,1,MG,furniture_decor,Central-West,7.0
base,moving_average,2018-07-02,2018-07-02,1,MG,furniture_decor,Southeast,6.0
base,moving_average,2018-07-02,2018-07-09,2,MG,furniture_decor,Central-West,7.0
base,moving_average,2018-07-02,2018-07-09,2,MG,furniture_decor,Northeast,7.0
base,moving_average,2018-07-02,2018-07-16,3,MG,furniture_decor,Central-West,6.0
base,moving_average,2018-07-02,2018-07-16,3,MG,furniture_decor,Northeast,8.0
base,moving_average,2018-07-02,2018-07-23,4,MG,furniture_decor,Central-West,6.0
base,moving_average,2018-07-02,2018-07-23,4,MG,furniture_decor,Northeast,8.0
base,moving_average,2018-07-02,2018-07-02,1,MG,garden_tools,Southeast,14.0
base,moving_average,2018-07-02,2018-07-09,2,MG,health_beauty,Northeast,25.0
base,moving_average,2018-07-02,2018-07-16,3,MG,health_beauty,Northeast,17.0
base,moving_average,2018-07-02,2018-07-23,4,MG,health_beauty,Northeast,14.0
base,moving_average,2018-07-02,2018-07-02,1,MG,housewares,Central-West,12.0
base,moving_average,2018-07-02,2018-07-09,2,MG,housewares,Central-West,8.0
base,moving_average,2018-07-02,2018-07-02,1,MG,sports_leisure,Central-West,2.0
base,moving_average,2018-07-02,2018-07-02,1,MG,sports_leisure,Northeast,11.0
base,moving_average,2018-07-02,2018-07-09,2,MG,sports_leisure,Northeast,11.0
base,moving_average,2018-07-02,2018-07-16,3,MG,sports_leisure,Northeast,11.0
base,moving_average,2018-07-02,2018-07-23,4,MG,sports_leisure,Northeast,10.0
base,moving_average,2018-07-02,2018-07-02,1,MG,telephony,Northeast,3.0
base,moving_average,2018-07-02,2018-07-09,2,MG,telephony,Northeast,8.0
base,moving_average,2018-07-02,2018-07-16,3,MG,telephony,Northeast,8.0
base,moving_average,2018-07-02,2018-07-23,4,MG,telephony,Northeast,5.0
base,moving_average,2018-07-02,2018-07-02,1,PR,auto,South,8.0
base,moving_average,2018-07-02,2018-07-09,2,PR,auto,South,8.0
base,moving_average,2018-07-02,2018-07-16,3,PR,auto,South,8.0
base,moving_average,2018-07-02,2018-07-23,4,PR,auto,South,8.0
base,moving_average,2018-07-02,2018-07-02,1,PR,furniture_decor,South,25.0
base,moving_average,2018-07-02,2018-07-02,1,PR,furniture_decor,Southeast,1.0
base,moving_average,2018-07-02,2018-07-09,2,PR,furniture_decor,South,18.0
base,moving_average,2018-07-02,2018-07-16,3,PR,furniture_decor,South,19.0
base,moving_average,2018-07-02,2018-07-23,4,PR,furniture_decor,South,19.0
base,moving_average,2018-07-02,2018-07-02,1,PR,health_beauty,South,17.0
base,moving_average,2018-07-02,2018-07-09,2,PR,health_beauty,South,19.0
base,moving_average,2018-07-02,2018-07-16,3,PR,health_beauty,South,20.0
base,moving_average,2018-07-02,2018-07-23,4,PR,health_beauty,South,20.0
base,moving_average,2018-07-02,2018-07-02,1,PR,housewares,South,13.0
base,moving_average,2018-07-02,2018-07-09,2,PR,housewares,South,17.0
base,moving_average,2018-07-02,2018-07-16,3,PR,housewares,South,17.0
base,moving_average,2018-07-02,2018-07-23,4,PR,housewares,South,17.0
base,moving_average,2018-07-02,2018-07-02,1,PR,watches_gifts,South,8.0
base,moving_average,2018-07-02,2018-07-09,2,PR,watches_gifts,South,8.0
base,moving_average,2018-07-02,2018-07-16,3,PR,watches_gifts,South,8.0
base,moving_average,2018-07-02,2018-07-23,4,PR,watches_gifts,South,8.0
base,moving_average,2018-07-02,2018-07-02,1,RJ,auto,Central-West,6.0
base,moving_average,2018-07-02,2018-07-09,2,RJ,auto,Central-West,6.0
base,moving_average,2018-07-02,2018-07-16,3,RJ,auto,Central-West,6.0
base,moving_average,2018-07-02,2018-07-23,4,RJ,auto,Central-West,6.0
base,moving_average,2018-07-02,2018-07-02,1,RJ,bed_bath_table,South,10.0
base,moving_average,2018-07-02,2018-07-09,2,RJ,bed_bath_table,South,10.0
base,moving_average,2018-07-02,2018-07-16,3,RJ,bed_bath_table,South,10.0
base,moving_average,2018-07-02,2018-07-23,4,RJ,bed_bath_table,South,10.0
base,moving_average,2018-07-02,2018-07-02,1,RJ,furniture_decor,Northeast,3.0
base,moving_average,2018-07-02,2018-07-02,1,RJ,furniture_decor,Southeast,2.0
base,moving_average,2018-07-02,2018-07-09,2,RJ,furniture_decor,Northeast,5.0
base,moving_average,2018-07-02,2018-07-16,3,RJ,furniture_decor,Northeast,5.0
base,moving_average,2018-07-02,2018-07-23,4,RJ,furniture_decor,Northeast,5.0
base,moving_average,2018-07-02,2018-07-02,1,RJ,garden_tools,Southeast,2.0
base,moving_average,2018-07-02,2018-07-09,2,RJ,garden_tools,Northeast,4.0
base,moving_average,2018-07-02,2018-07-16,3,RJ,garden_tools,Northeast,4.0
base,moving_average,2018-07-02,2018-07-23,4,RJ,garden_tools,Northeast,4.0
base,moving_average,2018-07-02,2018-07-02,1,RJ,health_beauty,Central-West,3.0
base,moving_average,2018-07-02,2018-07-09,2,RJ,health_beauty,Central-West,7.0
base,moving_average,2018-07-02,2018-07-23,4,RJ,health_beauty,Central-West,5.0
base,moving_average,2018-07-02,2018-07-02,1,RJ,housewares,Northeast,8.0
base,moving_average,2018-07-02,2018-07-09,2,RJ,housewares,Northeast,8.0
base,moving_average,2018-07-02,2018-07-16,3,RJ,housewares,Northeast,8.0
base,moving_average,2018-07-02,2018-07-23,4,RJ,housewares,Northeast,8.0
base,moving_average,2018-07-02,2018-07-02,1,RJ,sports_leisure,Central-West,7.0
base,moving_average,2018-07-02,2018-07-02,1,RJ,sports_leisure,North,4.0
base,moving_average,2018-07-02,2018-07-02,1,RJ,sports_leisure,Southeast,4.0
base,moving_average,2018-07-02,2018-07-09,2,RJ,sports_leisure,Central-West,9.0
base,moving_average,2018-07-02,2018-07-09,2,RJ,sports_leisure,North,4.0
base,moving_average,2018-07-02,2018-07-16,3,RJ,sports_leisure,Central-West,10.0
base,moving_average,2018-07-02,2018-07-16,3,RJ,sports_leisure,North,3.0
base,moving_average,2018-07-02,2018-07-23,4,RJ,sports_leisure,Central-West,9.0
base,moving_average,2018-07-02,2018-07-23,4,RJ,sports_leisure,North,3.0
base,moving_average,2018-07-02,2018-07-02,1,RJ,telephony,North,2.0
base,moving_average,2018-07-02,2018-07-02,1,RJ,telephony,Northeast,6.0
base,moving_average,2018-07-02,2018-07-09,2,RJ,telephony,North,2.0
base,moving_average,2018-07-02,2018-07-16,3,RJ,telephony,North,2.0
base,moving_average,2018-07-02,2018-07-23,4,RJ,telephony,North,2.0
base,moving_average,2018-07-02,2018-07-23,4,RJ,telephony,Northeast,2.0
base,moving_average,2018-07-02,2018-07-09,2,RJ,watches_gifts,Central-West,8.0
base,moving_average,2018-07-02,2018-07-02,1,RS,auto,North,2.0
base,moving_average,2018-07-02,2018-07-02,1,RS,auto,South,1.0
base,moving_average,2018-07-02,2018-07-09,2,RS,auto,North,2.0
base,moving_average,2018-07-02,2018-07-09,2,RS,auto,South,1.0
base,moving_average,2018-07-02,2018-07-16,3,RS,auto,North,2.0
base,moving_average,2018-07-02,2018-07-16,3,RS,auto,South,1.0
base,moving_average,2018-07-02,2018-07-23,4,RS,auto,North,2.0
base,moving_average,2018-07-02,2018-07-23,4,RS,auto,South,1.0
base,moving_average,2018-07-02,2018-07-02,1,RS,bed_bath_table,North,1.0
base,moving_average,2018-07-02,2018-07-02,1,RS,bed_bath_table,South,5.0
base,moving_average,2018-07-02,2018-07-09,2,RS,bed_bath_table,North,1.0
base,moving_average,2018-07-02,2018-07-09,2,RS,bed_bath_table,South,5.0
base,moving_average,2018-07-02,2018-07-16,3,RS,bed_bath_table,North,1.0
base,moving_average,2018-07-02,2018-07-16,3,RS,bed_bath_table,South,5.0
base,moving_average,2018-07-02,2018-07-23,4,RS,bed_bath_table,North,1.0
base,moving_average,2018-07-02,2018-07-23,4,RS,bed_bath_table,South,5.0
base,moving_average,2018-07-02,2018-07-02,1,RS,computers_accessories,South,9.0
base,moving_average,2018-07-02,2018-07-09,2,RS,computers_accessories,South,11.0
base,moving_average,2018-07-02,2018-07-16,3,RS,computers_accessories,South,12.0
base,moving_average,2018-07-02,2018-07-23,4,RS,computers_accessories,South,12.0
base,moving_average,2018-07-02,2018-07-02,1,RS,furniture_decor,North,4.0
base,moving_average,2018-07-02,2018-07-02,1,RS,furniture_decor,South,1.0
base,moving_average,2018-07-02,2018-07-09,2,RS,furniture_decor,North,2.0
base,moving_average,2018-07-02,2018-07-09,2,RS,furniture_decor,South,3.0
base,moving_average,2018-07-02,2018-07-16,3,RS,furniture_decor,North,3.0
base,moving_average,2018-07-02,2018-07-16,3,RS,furniture_decor,South,2.0
base,moving_average,2018-07-02,2018-07-23,4,RS,furniture_decor,North,3.0
base,moving_average,2018-07-02,2018-07-23,4,RS,furniture_decor,South,2.0
base,moving_average,2018-07-02,2018-07-02,1,RS,garden_tools,North,2.0
base,moving_average,2018-07-02,2018-07-02,1,RS,garden_tools,South,1.0
base,moving_average,2018-07-02,2018-07-09,2,RS,garden_tools,North,2.0
base,moving_average,2018-07-02,2018-07-16,3,RS,garden_tools,North,2.0
base,moving_average,2018-07-02,2018-07-23,4,RS,garden_tools,North,2.0
base,moving_average,2018-07-02,2018-07-02,1,RS,health_beauty,South,8.0
base,moving_average,2018-07-02,2018-07-09,2,RS,health_beauty,South,8.0
base,moving_average,2018-07-02,2018-07-16,3,RS,health_beauty,South,8.0
base,moving_average,2018-07-02,2018-07-23,4,RS,health_beauty,South,8.0
base,moving_average,2018-07-02,2018-07-02,1,RS,housewares,South,5.0
base,moving_average,2018-07-02,2018-07-09,2,RS,housewares,South,2.0
base,moving_average,2018-07-02,2018-07-16,3,RS,housewares,South,4.0
base,moving_average,2018-07-02,2018-07-23,4,RS,housewares,South,5.0
base,moving_average,2018-07-02,2018-07-02,1,RS,telephony,South,5.0
base,moving_average,2018-07-02,2018-07-09,2,RS,telephony,South,5.0
base,moving_average,2018-07-02,2018-07-16,3,RS,telephony,South,5.0
base,moving_average,2018-07-02,2018-07-23,4,RS,telephony,South,5.0
base,moving_average,2018-07-02,2018-07-02,1,SC,auto,South,3.0
base,moving_average,2018-07-02,2018-07-02,1,SC,bed_bath_table,South,10.0
base,moving_average,2018-07-02,2018-07-09,2,SC,bed_bath_table,South,9.0
base,moving_average,2018-07-02,2018-07-16,3,SC,bed_bath_table,South,11.0
base,moving_average,2018-07-02,2018-07-23,4,SC,bed_bath_table,South,10.0
base,moving_average,2018-07-02,2018-07-02,1,SC,computers_accessories,South,9.0
base,moving_average,2018-07-02,2018-07-09,2,SC,computers_accessories,South,9.0
base,moving_average,2018-07-02,2018-07-16,3,SC,computers_accessories,South,9.0
base,moving_average,2018-07-02,2018-07-23,4,SC,computers_accessories,South,9.0
base,moving_average,2018-07-02,2018-07-02,1,SC,furniture_decor,Southeast,6.0
base,moving_average,2018-07-02,2018-07-09,2,SC,furniture_decor,South,6.0
base,moving_average,2018-07-02,2018-07-16,3,SC,furniture_decor,South,6.0
base,moving_average,2018-07-02,2018-07-23,4,SC,furniture_decor,South,6.0
base,moving_average,2018-07-02,2018-07-02,1,SC,garden_tools,Central-West,2.0
base,moving_average,2018-07-02,2018-07-09,2,SC,garden_tools,Central-West,4.0
base,moving_average,2018-07-02,2018-07-09,2,SC,garden_tools,South,4.0
base,moving_average,2018-07-02,2018-07-16,3,SC,garden_tools,Central-West,4.0
base,moving_average,2018-07-02,2018-07-16,3,SC,garden_tools,South,4.0
base,moving_average,2018-07-02,2018-07-23,4,SC,garden_tools,Central-West,4.0
base,moving_average,2018-07-02,2018-07-23,4,SC,garden_tools,South,4.0
base,moving_average,2018-07-02,2018-07-02,1,SC,housewares,South,5.0
base,moving_average,2018-07-02,2018-07-09,2,SC,housewares,South,3.0
base,moving_average,2018-07-02,2018-07-02,1,SC,sports_leisure,South,16.0
base,moving_average,2018-07-02,2018-07-09,2,SC,sports_leisure,South,17.0
base,moving_average,2018-07-02,2018-07-16,3,SC,sports_leisure,South,16.0
base,moving_average,2018-07-02,2018-07-23,4,SC,sports_leisure,South,16.0
base,moving_average,2018-07-02,2018-07-02,1,SC,watches_gifts,South,9.0
base,moving_average,2018-07-02,2018-07-09,2,SC,watches_gifts,South,9.0
base,moving_average,2018-07-02,2018-07-16,3,SC,watches_gifts,South,9.0
base,moving_average,2018-07-02,2018-07-23,4,SC,watches_gifts,South,9.0
base,moving_average,2018-07-02,2018-07-02,1,SP,auto,Northeast,8.0
base,moving_average,2018-07-02,2018-07-02,1,SP,auto,South,3.0
base,moving_average,2018-07-02,2018-07-02,1,SP,auto,Southeast,56.0
base,moving_average,2018-07-02,2018-07-09,2,SP,auto,Northeast,8.0
base,moving_average,2018-07-02,2018-07-09,2,SP,auto,South,4.0
base,moving_average,2018-07-02,2018-07-09,2,SP,auto,Southeast,56.0
base,moving_average,2018-07-02,2018-07-16,3,SP,auto,Northeast,9.0
base,moving_average,2018-07-02,2018-07-16,3,SP,auto,South,4.0
base,moving_average,2018-07-02,2018-07-16,3,SP,auto,Southeast,58.0
base,moving_average,2018-07-02,2018-07-23,4,SP,auto,Northeast,8.0
base,moving_average,2018-07-02,2018-07-23,4,SP,auto,South,4.0
base,moving_average,2018-07-02,2018-07-23,4,SP,auto,Southeast,57.0
base,moving_average,2018-07-02,2018-07-02,1,SP,bed_bath_table,Central-West,6.0
base,moving_average,2018-07-02,2018-07-02,1,SP,bed_bath_table,Southeast,164.0
base,moving_average,2018-07-02,2018-07-09,2,SP,bed_bath_table,Central-West,5.0
base,moving_average,2018-07-02,2018-07-09,2,SP,bed_bath_table,Southeast,160.0
base,moving_average,2018-07-02,2018-07-16,3,SP,bed_bath_table,Central-West,7.0
base,moving_average,2018-07-02,2018-07-16,3,SP,bed_bath_table,Southeast,157.0
base,moving_average,2018-07-02,2018-07-23,4,SP,bed_bath_table,Central-West,6.0
base,moving_average,2018-07-02,2018-07-23,4,SP,bed_bath_table,Southeast,152.0
base,moving_average,2018-07-02,2018-07-02,1,SP,computers_accessories,Central-West,5.0
base,moving_average,2018-07-02,2018-07-02,1,SP,computers_accessories,South,2.0
base,moving_average,2018-07-02,2018-07-02,1,SP,computers_accessories,Southeast,80.0
base,moving_average,2018-07-02,2018-07-09,2,SP,computers_accessories,Central-West,7.0
base,moving_average,2018-07-02,2018-07-09,2,SP,computers_accessories,North,2.0
base,moving_average,2018-07-02,2018-07-09,2,SP,computers_accessories,Southeast,78.0
base,moving_average,2018-07-02,2018-07-16,3,SP,computers_accessories,Central-West,7.0
base,moving_average,2018-07-02,2018-07-16,3,SP,computers_accessories,North,2.0
base,moving_average,2018-07-02,2018-07-16,3,SP,computers_accessories,Southeast,82.0
base,moving_average,2018-07-02,2018-07-23,4,SP,computers_accessories,Central-West,7.0
base,moving_average,2018-07-02,2018-07-23,4,SP,computers_accessories,North,2.0
base,moving_average,2018-07-02,2018-07-23,4,SP,computers_accessories,Southeast,82.0
base,moving_average,2018-07-02,2018-07-02,1,SP,furniture_decor,Southeast,53.0
base,moving_average,2018-07-02,2018-07-09,2,SP,furniture_decor,Southeast,82.0
base,moving_average,2018-07-02,2018-07-16,3,SP,furniture_decor,Southeast,81.0
base,moving_average,2018-07-02,2018-07-23,4,SP,furniture_decor,Southeast,85.0
base,moving_average,2018-07-02,2018-07-02,1,SP,garden_tools,Southeast,23.0
base,moving_average,2018-07-02,2018-07-09,2,SP,garden_tools,Northeast,2.0
base,moving_average,2018-07-02,2018-07-09,2,SP,garden_tools,South,4.0
base,moving_average,2018-07-02,2018-07-09,2,SP,garden_tools,Southeast,45.0
base,moving_average,2018-07-02,2018-07-16,3,SP,garden_tools,Northeast,2.0
base,moving_average,2018-07-02,2018-07-16,3,SP,garden_tools,South,4.0
base,moving_average,2018-07-02,2018-07-16,3,SP,garden_tools,Southeast,47.0
base,moving_average,2018-07-02,2018-07-23,4,SP,garden_tools,Northeast,2.0
base,moving_average,2018-07-02,2018-07-23,4,SP,garden_tools,South,5.0
base,moving_average,2018-07-02,2018-07-23,4,SP,garden_tools,Southeast,50.0
base,moving_average,2018-07-02,2018-07-02,1,SP,health_beauty,Central-West,12.0
base,moving_average,2018-07-02,2018-07-02,1,SP,health_beauty,North,8.0
base,moving_average,2018-07-02,2018-07-02,1,SP,health_beauty,Northeast,26.0
base,moving_average,2018-07-02,2018-07-02,1,SP,health_beauty,South,1.0
base,moving_average,2018-07-02,2018-07-02,1,SP,health_beauty,Southeast,174.0
base,moving_average,2018-07-02,2018-07-09,2,SP,health_beauty,Central-West,7.0
base,moving_average,2018-07-02,2018-07-09,2,SP,health_beauty,North,7.0
base,moving_average,2018-07-02,2018-07-09,2,SP,health_beauty,Southeast,178.0
base,moving_average,2018-07-02,2018-07-16,3,SP,health_beauty,Central-West,13.0
base,moving_average,2018-07-02,2018-07-16,3,SP,health_beauty,North,7.0
base,moving_average,2018-07-02,2018-07-16,3,SP,health_beauty,Northeast,8.0
base,moving_average,2018-07-02,2018-07-16,3,SP,health_beauty,Southeast,175.0
base,moving_average,2018-07-02,2018-07-23,4,SP,health_beauty,Central-West,8.0
base,moving_average,2018-07-02,2018-07-23,4,SP,health_beauty,North,8.0
base,moving_average,2018-07-02,2018-07-23,4,SP,health_beauty,Northeast,11.0
base,moving_average,2018-07-02,2018-07-23,4,SP,health_beauty,Southeast,171.0
base,moving_average,2018-07-02,2018-07-02,1,SP,housewares,North,3.0
base,moving_average,2018-07-02,2018-07-02,1,SP,housewares,Northeast,4.0
base,moving_average,2018-07-02,2018-07-02,1,SP,housewares,Southeast,111.0
base,moving_average,2018-07-02,2018-07-09,2,SP,housewares,Central-West,3.0
base,moving_average,2018-07-02,2018-07-09,2,SP,housewares,North,4.0
base,moving_average,2018-07-02,2018-07-09,2,SP,housewares,Northeast,5.0
base,moving_average,2018-07-02,2018-07-09,2,SP,housewares,Southeast,105.0
base,moving_average,2018-07-02,2018-07-16,3,SP,housewares,Central-West,12.0
base,moving_average,2018-07-02,2018-07-16,3,SP,housewares,North,4.0
base,moving_average,2018-07-02,2018-07-16,3,SP,housewares,Northeast,6.0
base,moving_average,2018-07-02,2018-07-16,3,SP,housewares,Southeast,103.0
base,moving_average,2018-07-02,2018-07-23,4,SP,housewares,Central-West,12.0
base,moving_average,2018-07-02,2018-07-23,4,SP,housewares,North,4.0
base,moving_average,2018-07-02,2018-07-23,4,SP,housewares,Northeast,7.0
base,moving_average,2018-07-02,2018-07-23,4,SP,housewares,Southeast,105.0
base,moving_average,2018-07-02,2018-07-02,1,SP,sports_leisure,Southeast,80.0
base,moving_average,2018-07-02,2018-07-09,2,SP,sports_leisure,Southeast,89.0
base,moving_average,2018-07-02,2018-07-16,3,SP,sports_leisure,Southeast,88.0
base,moving_average,2018-07-02,2018-07-23,4,SP,sports_leisure,Southeast,88.0
base,moving_average,2018-07-02,2018-07-02,1,SP,telephony,Central-West,10.0
base,moving_average,2018-07-02,2018-07-02,1,SP,telephony,South,4.0
base,moving_average,2018-07-02,2018-07-02,1,SP,telephony,Southeast,36.0
base,moving_average,2018-07-02,2018-07-09,2,SP,telephony,Central-West,11.0
base,moving_average,2018-07-02,2018-07-09,2,SP,telephony,South,5.0
base,moving_average,2018-07-02,2018-07-09,2,SP,telephony,Southeast,37.0
base,moving_average,2018-07-02,2018-07-16,3,SP,telephony,Central-West,12.0
base,moving_average,2018-07-02,2018-07-16,3,SP,telephony,South,5.0
base,moving_average,2018-07-02,2018-07-16,3,SP,telephony,Southeast,34.0
base,moving_average,2018-07-02,2018-07-23,4,SP,telephony,Central-West,10.0
base,moving_average,2018-07-02,2018-07-23,4,SP,telephony,South,5.0
base,moving_average,2018-07-02,2018-07-23,4,SP,telephony,Southeast,34.0
base,moving_average,2018-07-02,2018-07-02,1,SP,watches_gifts,Central-West,11.0
base,moving_average,2018-07-02,2018-07-02,1,SP,watches_gifts,North,4.0
base,moving_average,2018-07-02,2018-07-02,1,SP,watches_gifts,Northeast,19.0
base,moving_average,2018-07-02,2018-07-02,1,SP,watches_gifts,Southeast,99.0
base,moving_average,2018-07-02,2018-07-09,2,SP,watches_gifts,Central-West,3.0
base,moving_average,2018-07-02,2018-07-09,2,SP,watches_gifts,North,4.0
base,moving_average,2018-07-02,2018-07-09,2,SP,watches_gifts,Northeast,19.0
base,moving_average,2018-07-02,2018-07-09,2,SP,watches_gifts,Southeast,102.0
base,moving_average,2018-07-02,2018-07-16,3,SP,watches_gifts,Central-West,11.0
base,moving_average,2018-07-02,2018-07-16,3,SP,watches_gifts,North,4.0
base,moving_average,2018-07-02,2018-07-16,3,SP,watches_gifts,Northeast,18.0
base,moving_average,2018-07-02,2018-07-16,3,SP,watches_gifts,Southeast,100.0
base,moving_average,2018-07-02,2018-07-23,4,SP,watches_gifts,Central-West,12.0
base,moving_average,2018-07-02,2018-07-23,4,SP,watches_gifts,North,4.0
base,moving_average,2018-07-02,2018-07-23,4,SP,watches_gifts,Northeast,17.0
base,moving_average,2018-07-02,2018-07-23,4,SP,watches_gifts,Southeast,99.0
base,moving_average,2018-07-09,2018-07-09,1,MG,bed_bath_table,Central-West,1.0
base,moving_average,2018-07-09,2018-07-09,1,MG,bed_bath_table,Northeast,13.0
base,moving_average,2018-07-09,2018-07-16,2,MG,bed_bath_table,Central-West,2.0
base,moving_average,2018-07-09,2018-07-16,2,MG,bed_bath_table,Northeast,12.0
base,moving_average,2018-07-09,2018-07-23,3,MG,bed_bath_table,Northeast,14.0
base,moving_average,2018-07-09,2018-07-30,4,MG,bed_bath_table,Central-West,2.0
base,moving_average,2018-07-09,2018-07-30,4,MG,bed_bath_table,Northeast,12.0
base,moving_average,2018-07-09,2018-07-09,1,MG,computers_accessories,Northeast,11.0
base,moving_average,2018-07-09,2018-07-16,2,MG,computers_accessories,Northeast,11.0
base,moving_average,2018-07-09,2018-07-23,3,MG,computers_accessories,Northeast,11.0
base,moving_average,2018-07-09,2018-07-30,4,MG,computers_accessories,Northeast,11.0
base,moving_average,2018-07-09,2018-07-09,1,MG,furniture_decor,Central-West,7.0
base,moving_average,2018-07-09,2018-07-09,1,MG,furniture_decor,Northeast,7.0
base,moving_average,2018-07-09,2018-07-16,2,MG,furniture_decor,Central-West,6.0
base,moving_average,2018-07-09,2018-07-16,2,MG,furniture_decor,Northeast,5.0
base,moving_average,2018-07-09,2018-07-23,3,MG,furniture_decor,Central-West,6.0
base,moving_average,2018-07-09,2018-07-23,3,MG,furniture_decor,Northeast,7.0
base,moving_average,2018-07-09,2018-07-30,4,MG,furniture_decor,Central-West,6.0
base,moving_average,2018-07-09,2018-07-30,4,MG,furniture_decor,Northeast,6.0
base,moving_average,2018-07-09,2018-07-09,1,MG,garden_tools,Southeast,8.0
base,moving_average,2018-07-09,2018-07-09,1,MG,health_beauty,Northeast,4.0
base,moving_average,2018-07-09,2018-07-16,2,MG,health_beauty,Northeast,24.0
base,moving_average,2018-07-09,2018-07-23,3,MG,health_beauty,Northeast,14.0
base,moving_average,2018-07-09,2018-07-30,4,MG,health_beauty,Northeast,14.0
base,moving_average,2018-07-09,2018-07-09,1,MG,housewares,Central-West,10.0
base,moving_average,2018-07-09,2018-07-16,2,MG,housewares,Central-West,10.0
base,moving_average,2018-07-09,2018-07-09,1,MG,sports_leisure,Northeast,11.0
base,moving_average,2018-07-09,2018-07-09,1,MG,sports_leisure,South,3.0
base,moving_average,2018-07-09,2018-07-16,2,MG,sports_leisure,Northeast,11.0
base,moving_average,2018-07-09,2018-07-23,3,MG,sports_leisure,Northeast,11.0
base,moving_average,2018-07-09,2018-07-30,4,MG,sports_leisure,Northeast,11.0
base,moving_average,2018-07-09,2018-07-09,1,MG,telephony,Northeast,2.0
base,moving_average,2018-07-09,2018-07-16,2,MG,telephony,Northeast,8.0
base,moving_average,2018-07-09,2018-07-23,3,MG,telephony,Northeast,7.0
base,moving_average,2018-07-09,2018-07-30,4,MG,telephony,Northeast,5.0
base,moving_average,2018-07-09,2018-07-09,1,PR,auto,South,8.0
base,moving_average,2018-07-09,2018-07-16,2,PR,auto,South,8.0
base,moving_average,2018-07-09,2018-07-23,3,PR,auto,South,8.0
base,moving_average,2018-07-09,2018-07-30,4,PR,auto,South,8.0
base,moving_average,2018-07-09,2018-07-09,1,PR,furniture_decor,South,26.0
base,moving_average,2018-07-09,2018-07-16,2,PR,furniture_decor,South,10.0
base,moving_average,2018-07-09,2018-07-23,3,PR,furniture_decor,South,17.0
base,moving_average,2018-07-09,2018-07-30,4,PR,furniture_decor,South,16.0
base,moving_average,2018-07-09,2018-07-09,1,PR,health_beauty,South,25.0
base,moving_average,2018-07-09,2018-07-16,2,PR,health_beauty,South,10.0
base,moving_average,2018-07-09,2018-07-23,3,PR,health_beauty,South,17.0
base,moving_average,2018-07-09,2018-07-30,4,PR,health_beauty,South,16.0
base,moving_average,2018-07-09,2018-07-09,1,PR,housewares,South,17.0
base,moving_average,2018-07-09,2018-07-16,2,PR,housewares,South,13.0
base,moving_average,2018-07-09,2018-07-23,3,PR,housewares,South,17.0
base,moving_average,2018-07-09,2018-07-30,4,PR,housewares,South,17.0
base,moving_average,2018-07-09,2018-07-23,3,PR,sports_leisure,South,1.0
base,moving_average,2018-07-09,2018-07-30,4,PR,sports_leisure,South,1.0
base,moving_average,2018-07-09,2018-07-09,1,PR,watches_gifts,South,8.0
base,moving_average,2018-07-09,2018-07-16,2,PR,watches_gifts,South,8.0
base,moving_average,2018-07-09,2018-07-23,3,PR,watches_gifts,South,8.0
base,moving_average,2018-07-09,2018-07-30,4,PR,watches_gifts,South,8.0
base,moving_average,2018-07-09,2018-07-09,1,RJ,auto,Central-West,5.0
base,moving_average,2018-07-09,2018-07-16,2,RJ,auto,Central-West,5.0
base,moving_average,2018-07-09,2018-07-16,2,RJ,auto,Northeast,4.0
base,moving_average,2018-07-09,2018-07-23,3,RJ,auto,Central-West,5.0
base,moving_average,2018-07-09,2018-07-23,3,RJ,auto,Northeast,1.0
base,moving_average,2018-07-09,2018-07-30,4,RJ,auto,Central-West,4.0
base,moving_average,2018-07-09,2018-07-30,4,RJ,auto,Northeast,2.0
base,moving_average,2018-07-09,2018-07-09,1,RJ,bed_bath_table,South,10.0
base,moving_average,2018-07-09,2018-07-16,2,RJ,bed_bath_table,South,10.0
base,moving_average,2018-07-09,2018-07-23,3,RJ,bed_bath_table,South,10.0
base,moving_average,2018-07-09,2018-07-30,4,RJ,bed_bath_table,South,10.0
base,moving_average,2018-07-09,2018-07-09,1,RJ,furniture_decor,Northeast,4.0
base,moving_average,2018-07-09,2018-07-16,2,RJ,furniture_decor,Northeast,6.0
base,moving_average,2018-07-09,2018-07-23,3,RJ,furniture_decor,Northeast,5.0
base,moving_average,2018-07-09,2018-07-30,4,RJ,furniture_decor,Northeast,5.0
base,moving_average,2018-07-09,2018-07-09,1,RJ,garden_tools,Northeast,4.0
base,moving_average,2018-07-09,2018-07-16,2,RJ,garden_tools,Northeast,4.0
base,moving_average,2018-07-09,2018-07-23,3,RJ,garden_tools,Northeast,4.0
base,moving_average,2018-07-09,2018-07-30,4,RJ,garden_tools,Northeast,4.0
base,moving_average,2018-07-09,2018-07-09,1,RJ,health_beauty,Central-West,3.0
base,moving_average,2018-07-09,2018-07-16,2,RJ,health_beauty,Central-West,12.0
base,moving_average,2018-07-09,2018-07-09,1,RJ,housewares,Northeast,8.0
base,moving_average,2018-07-09,2018-07-16,2,RJ,housewares,Northeast,8.0
base,moving_average,2018-07-09,2018-07-23,3,RJ,housewares,Northeast,8.0
base,moving_average,2018-07-09,2018-07-30,4,RJ,housewares,Northeast,8.0
base,moving_average,2018-07-09,2018-07-09,1,RJ,sports_leisure,Central-West,9.0
base,moving_average,2018-07-09,2018-07-09,1,RJ,sports_leisure,North,3.0
base,moving_average,2018-07-09,2018-07-16,2,RJ,sports_leisure,Central-West,10.0
base,moving_average,2018-07-09,2018-07-16,2,RJ,sports_leisure,North,3.0
base,moving_average,2018-07-09,2018-07-23,3,RJ,sports_leisure,Central-West,9.0
base,moving_average,2018-07-09,2018-07-23,3,RJ,sports_leisure,North,3.0
base,moving_average,2018-07-09,2018-07-30,4,RJ,sports_leisure,Central-West,9.0
base,moving_average,2018-07-09,2018-07-30,4,RJ,sports_leisure,North,3.0
base,moving_average,2018-07-09,2018-07-09,1,RJ,telephony,North,1.0
base,moving_average,2018-07-09,2018-07-09,1,RJ,telephony,Northeast,6.0
base,moving_average,2018-07-09,2018-07-16,2,RJ,telephony,North,2.0
base,moving_average,2018-07-09,2018-07-23,3,RJ,telephony,North,2.0
base,moving_average,2018-07-09,2018-07-30,4,RJ,telephony,North,1.0
base,moving_average,2018-07-09,2018-07-30,4,RJ,telephony,Northeast,3.0
base,moving_average,2018-07-09,2018-07-16,2,RJ,watches_gifts,Central-West,8.0
base,moving_average,2018-07-09,2018-07-09,1,RS,auto,North,2.0
base,moving_average,2018-07-09,2018-07-09,1,RS,auto,South,1.0
base,moving_average,2018-07-09,2018-07-16,2,RS,auto,North,2.0
base,moving_average,2018-07-09,2018-07-16,2,RS,auto,South,1.0
base,moving_average,2018-07-09,2018-07-23,3,RS,auto,North,2.0
base,moving_average,2018-07-09,2018-07-23,3,RS,auto,South,1.0
base,moving_average,2018-07-09,2018-07-30,4,RS,auto,North,2.0
base,moving_average,2018-07-09,2018-07-30,4,RS,auto,South,1.0
base,moving_average,2018-07-09,2018-07-09,1,RS,bed_bath_table,North,2.0
base,moving_average,2018-07-09,2018-07-09,1,RS,bed_bath_table,South,4.0
base,moving_average,2018-07-09,2018-07-16,2,RS,bed_bath_table,North,2.0
base,moving_average,2018-07-09,2018-07-16,2,RS,bed_bath_table,South,4.0
base,moving_average,2018-07-09,2018-07-23,3,RS,bed_bath_table,North,2.0
base,moving_average,2018-07-09,2018-07-23,3,RS,bed_bath_table,South,4.0
base,moving_average,2018-07-09,2018-07-30,4,RS,bed_bath_table,North,3.0
base,moving_average,2018-07-09,2018-07-30,4,RS,bed_bath_table,South,3.0
base,moving_average,2018-07-09,2018-07-09,1,RS,computers_accessories,South,10.0
base,moving_average,2018-07-09,2018-07-16,2,RS,computers_accessories,South,10.0
base,moving_average,2018-07-09,2018-07-23,3,RS,computers_accessories,South,10.0
base,moving_average,2018-07-09,2018-07-30,4,RS,computers_accessories,South,9.0
base,moving_average,2018-07-09,2018-07-09,1,RS,furniture_decor,North,2.0
base,moving_average,2018-07-09,2018-07-16,2,RS,furniture_decor,North,2.0
base,moving_average,2018-07-09,2018-07-16,2,RS,furniture_decor,South,4.0
base,moving_average,2018-07-09,2018-07-23,3,RS,furniture_decor,North,3.0
base,moving_average,2018-07-09,2018-07-23,3,RS,furniture_decor,South,2.0
base,moving_average,2018-07-09,2018-07-30,4,RS,furniture_decor,North,2.0
base,moving_average,2018-07-09,2018-07-30,4,RS,furniture_decor,South,3.0
base,moving_average,2018-07-09,2018-07-09,1,RS,garden_tools,North,2.0
base,moving_average,2018-07-09,2018-07-16,2,RS,garden_tools,North,2.0
base,moving_average,2018-07-09,2018-07-23,3,RS,garden_tools,North,2.0
base,moving_average,2018-07-09,2018-07-30,4,RS,garden_tools,North,2.0
base,moving_average,2018-07-09,2018-07-16,2,RS,health_beauty,South,16.0
base,moving_average,2018-07-09,2018-07-23,3,RS,health_beauty,South,8.0
base,moving_average,2018-07-09,2018-07-30,4,RS,health_beauty,South,8.0
base,moving_average,2018-07-09,2018-07-09,1,RS,housewares,South,3.0
base,moving_average,2018-07-09,2018-07-23,3,RS,housewares,South,4.0
base,moving_average,2018-07-09,2018-07-30,4,RS,housewares,South,4.0
base,moving_average,2018-07-09,2018-07-09,1,RS,telephony,South,5.0
base,moving_average,2018-07-09,2018-07-16,2,RS,telephony,South,5.0
base,moving_average,2018-07-09,2018-07-23,3,RS,telephony,South,5.0
base,moving_average,2018-07-09,2018-07-30,4,RS,telephony,South,5.0
base,moving_average,2018-07-09,2018-07-09,1,SC,auto,South,3.0
base,moving_average,2018-07-09,2018-07-09,1,SC,bed_bath_table,South,8.0
base,moving_average,2018-07-09,2018-07-16,2,SC,bed_bath_table,South,10.0
base,moving_average,2018-07-09,2018-07-23,3,SC,bed_bath_table,South,8.0
base,moving_average,2018-07-09,2018-07-30,4,SC,bed_bath_table,South,9.0
base,moving_average,2018-07-09,2018-07-09,1,SC,computers_accessories,South,9.0
base,moving_average,2018-07-09,2018-07-16,2,SC,computers_accessories,South,9.0
base,moving_average,2018-07-09,2018-07-23,3,SC,computers_accessories,South,9.0
base,moving_average,2018-07-09,2018-07-30,4,SC,computers_accessories,South,9.0
base,moving_average,2018-07-09,2018-07-16,2,SC,furniture_decor,South,12.0
base,moving_average,2018-07-09,2018-07-23,3,SC,furniture_decor,South,6.0
base,moving_average,2018-07-09,2018-07-30,4,SC,furniture_decor,South,6.0
base,moving_average,2018-07-09,2018-07-09,1,SC,garden_tools,Central-West,3.0
base,moving_average,2018-07-09,2018-07-09,1,SC,garden_tools,South,5.0
base,moving_average,2018-07-09,2018-07-16,2,SC,garden_tools,Central-West,3.0
base,moving_average,2018-07-09,2018-07-16,2,SC,garden_tools,South,5.0
base,moving_average,2018-07-09,2018-07-23,3,SC,garden_tools,Central-West,4.0
base,moving_average,2018-07-09,2018-07-23,3,SC,garden_tools,South,4.0
base,moving_average,2018-07-09,2018-07-30,4,SC,garden_tools,Central-West,3.0
base,moving_average,2018-07-09,2018-07-30,4,SC,garden_tools,South,5.0
base,moving_average,2018-07-09,2018-07-09,1,SC,housewares,South,1.0
base,moving_average,2018-07-09,2018-07-16,2,SC,housewares,South,7.0
base,moving_average,2018-07-09,2018-07-09,1,SC,sports_leisure,South,15.0
base,moving_average,2018-07-09,2018-07-16,2,SC,sports_leisure,South,18.0
base,moving_average,2018-07-09,2018-07-23,3,SC,sports_leisure,South,18.0
base,moving_average,2018-07-09,2018-07-30,4,SC,sports_leisure,South,18.0
base,moving_average,2018-07-09,2018-07-09,1,SC,watches_gifts,South,9.0
base,moving_average,2018-07-09,2018-07-16,2,SC,watches_gifts,South,8.0
base,moving_average,2018-07-09,2018-07-23,3,SC,watches_gifts,South,8.0
base,moving_average,2018-07-09,2018-07-30,4,SC,watches_gifts,South,8.0
base,moving_average,2018-07-09,2018-07-09,1,SP,auto,Northeast,8.0
base,moving_average,2018-07-09,2018-07-09,1,SP,auto,South,1.0
base,moving_average,2018-07-09,2018-07-09,1,SP,auto,Southeast,55.0
base,moving_average,2018-07-09,2018-07-16,2,SP,auto,Northeast,4.0
base,moving_average,2018-07-09,2018-07-16,2,SP,auto,South,3.0
base,moving_average,2018-07-09,2018-07-16,2,SP,auto,Southeast,57.0
base,moving_average,2018-07-09,2018-07-23,3,SP,auto,Northeast,6.0
base,moving_average,2018-07-09,2018-07-23,3,SP,auto,South,3.0
base,moving_average,2018-07-09,2018-07-23,3,SP,auto,Southeast,56.0
base,moving_average,2018-07-09,2018-07-30,4,SP,auto,Northeast,5.0
base,moving_average,2018-07-09,2018-07-30,4,SP,auto,South,3.0
base,moving_average,2018-07-09,2018-07-30,4,SP,auto,Southeast,56.0
base,moving_average,2018-07-09,2018-07-09,1,SP,bed_bath_table,Central-West,6.0
base,moving_average,2018-07-09,2018-07-09,1,SP,bed_bath_table,Southeast,150.0
base,moving_average,2018-07-09,2018-07-16,2,SP,bed_bath_table,Central-West,6.0
base,moving_average,2018-07-09,2018-07-16,2,SP,bed_bath_table,Southeast,143.0
base,moving_average,2018-07-09,2018-07-23,3,SP,bed_bath_table,Central-West,8.0
base,moving_average,2018-07-09,2018-07-23,3,SP,bed_bath_table,Southeast,135.0
base,moving_average,2018-07-09,2018-07-30,4,SP,bed_bath_table,Central-West,7.0
base,moving_average,2018-07-09,2018-07-30,4,SP,bed_bath_table,Southeast,135.0
base,moving_average,2018-07-09,2018-07-09,1,SP,computers_accessories,Central-West,7.0
base,moving_average,2018-07-09,2018-07-09,1,SP,computers_accessories,North,2.0
base,moving_average,2018-07-09,2018-07-09,1,SP,computers_accessories,Southeast,75.0
base,moving_average,2018-07-09,2018-07-16,2,SP,computers_accessories,Central-West,6.0
base,moving_average,2018-07-09,2018-07-16,2,SP,computers_accessories,North,1.0
base,moving_average,2018-07-09,2018-07-16,2,SP,computers_accessories,Southeast,79.0
base,moving_average,2018-07-09,2018-07-23,3,SP,computers_accessories,Central-West,6.0
base,moving_average,2018-07-09,2018-07-23,3,SP,computers_accessories,North,2.0
base,moving_average,2018-07-09,2018-07-23,3,SP,computers_accessories,Southeast,78.0
base,moving_average,2018-07-09,2018-07-30,4,SP,computers_accessories,Central-West,6.0
base,moving_average,2018-07-09,2018-07-30,4,SP,computers_accessories,North,2.0
base,moving_average,2018-07-09,2018-07-30,4,SP,computers_accessories,Southeast,75.0
base,moving_average,2018-07-09,2018-07-09,1,SP,furniture_decor,Southeast,81.0
base,moving_average,2018-07-09,2018-07-16,2,SP,furniture_decor,Southeast,81.0
base,moving_average,2018-07-09,2018-07-23,3,SP,furniture_decor,Southeast,85.0
base,moving_average,2018-07-09,2018-07-30,4,SP,furniture_decor,Southeast,81.0
base,moving_average,2018-07-09,2018-07-09,1,SP,garden_tools,Northeast,2.0
base,moving_average,2018-07-09,2018-07-09,1,SP,garden_tools,South,3.0
base,moving_average,2018-07-09,2018-07-09,1,SP,garden_tools,Southeast,35.0
base,moving_average,2018-07-09,2018-07-16,2,SP,garden_tools,Northeast,2.0
base,moving_average,2018-07-09,2018-07-16,2,SP,garden_tools,South,3.0
base,moving_average,2018-07-09,2018-07-16,2,SP,garden_tools,Southeast,44.0
base,moving_average,2018-07-09,2018-07-23,3,SP,garden_tools,Northeast,2.0
base,moving_average,2018-07-09,2018-07-23,3,SP,garden_tools,South,5.0
base,moving_average,2018-07-09,2018-07-23,3,SP,garden_tools,Southeast,46.0
base,moving_average,2018-07-09,2018-07-30,4,SP,garden_tools,Northeast,2.0
base,moving_average,2018-07-09,2018-07-30,4,SP,garden_tools,South,3.0
base,moving_average,2018-07-09,2018-07-30,4,SP,garden_tools,Southeast,43.0
base,moving_average,2018-07-09,2018-07-09,1,SP,health_beauty,Central-West,10.0
base,moving_average,2018-07-09,2018-07-09,1,SP,health_beauty,North,7.0
base,moving_average,2018-07-09,2018-07-09,1,SP,health_beauty,Northeast,21.0
base,moving_average,2018-07-09,2018-07-09,1,SP,health_beauty,Southeast,174.0
base,moving_average,2018-07-09,2018-07-16,2,SP,health_beauty,North,7.0
base,moving_average,2018-07-09,2018-07-16,2,SP,health_beauty,Southeast,171.0
base,moving_average,2018-07-09,2018-07-23,3,SP,health_beauty,Central-West,11.0
base,moving_average,2018-07-09,2018-07-23,3,SP,health_beauty,North,7.0
base,moving_average,2018-07-09,2018-07-23,3,SP,health_beauty,Northeast,10.0
base,moving_average,2018-07-09,2018-07-23,3,SP,health_beauty,Southeast,165.0
base,moving_average,2018-07-09,2018-07-30,4,SP,health_beauty,Central-West,11.0
base,moving_average,2018-07-09,2018-07-30,4,SP,health_beauty,North,7.0
base,moving_average,2018-07-09,2018-07-30,4,SP,health_beauty,Northeast,10.0
base,moving_average,2018-07-09,2018-07-30,4,SP,health_beauty,Southeast,168.0
base,moving_average,2018-07-09,2018-07-09,1,SP,housewares,North,3.0
base,moving_average,2018-07-09,2018-07-09,1,SP,housewares,Northeast,5.0
base,moving_average,2018-07-09,2018-07-09,1,SP,housewares,Southeast,99.0
base,moving_average,2018-07-09,2018-07-16,2,SP,housewares,North,3.0
base,moving_average,2018-07-09,2018-07-16,2,SP,housewares,Northeast,6.0
base,moving_average,2018-07-09,2018-07-16,2,SP,housewares,Southeast,97.0
base,moving_average,2018-07-09,2018-07-23,3,SP,housewares,Central-West,10.0
base,moving_average,2018-07-09,2018-07-23,3,SP,housewares,North,3.0
base,moving_average,2018-07-09,2018-07-23,3,SP,housewares,Northeast,7.0
base,moving_average,2018-07-09,2018-07-23,3,SP,housewares,Southeast,97.0
base,moving_average,2018-07-09,2018-07-30,4,SP,housewares,Central-West,9.0
base,moving_average,2018-07-09,2018-07-30,4,SP,housewares,North,3.0
base,moving_average,2018-07-09,2018-07-30,4,SP,housewares,Northeast,5.0
base,moving_average,2018-07-09,2018-07-30,4,SP,housewares,Southeast,97.0
base,moving_average,2018-07-09,2018-07-09,1,SP,sports_leisure,Southeast,91.0
base,moving_average,2018-07-09,2018-07-16,2,SP,sports_leisure,Southeast,90.0
base,moving_average,2018-07-09,2018-07-23,3,SP,sports_leisure,Southeast,92.0
base,moving_average,2018-07-09,2018-07-30,4,SP,sports_leisure,Southeast,91.0
base,moving_average,2018-07-09,2018-07-09,1,SP,telephony,Central-West,10.0
base,moving_average,2018-07-09,2018-07-09,1,SP,telephony,South,5.0
base,moving_average,2018-07-09,2018-07-09,1,SP,telephony,Southeast,34.0
base,moving_average,2018-07-09,2018-07-16,2,SP,telephony,Central-West,11.0
base,moving_average,2018-07-09,2018-07-16,2,SP,telephony,South,5.0
base,moving_average,2018-07-09,2018-07-16,2,SP,telephony,Southeast,30.0
base,moving_average,2018-07-09,2018-07-23,3,SP,telephony,Central-West,8.0
base,moving_average,2018-07-09,2018-07-23,3,SP,telephony,South,5.0
base,moving_average,2018-07-09,2018-07-23,3,SP,telephony,Southeast,30.0
base,moving_average,2018-07-09,2018-07-30,4,SP,telephony,Central-West,8.0
base,moving_average,2018-07-09,2018-07-30,4,SP,telephony,South,5.0
base,moving_average,2018-07-09,2018-07-30,4,SP,telephony,Southeast,29.0
base,moving_average,2018-07-09,2018-07-09,1,SP,watches_gifts,Central-West,11.0
base,moving_average,2018-07-09,2018-07-09,1,SP,watches_gifts,North,4.0
base,moving_average,2018-07-09,2018-07-09,1,SP,watches_gifts,Northeast,18.0
base,moving_average,2018-07-09,2018-07-09,1,SP,watches_gifts,Southeast,95.0
base,moving_average,2018-07-09,2018-07-16,2,SP,watches_gifts,Central-West,2.0
base,moving_average,2018-07-09,2018-07-16,2,SP,watches_gifts,North,4.0
base,moving_average,2018-07-09,2018-07-16,2,SP,watches_gifts,Northeast,17.0
base,moving_average,2018-07-09,2018-07-16,2,SP,watches_gifts,Southeast,91.0
base,moving_average,2018-07-09,2018-07-23,3,SP,watches_gifts,Central-West,11.0
base,moving_average,2018-07-09,2018-07-23,3,SP,watches_gifts,North,4.0
base,moving_average,2018-07-09,2018-07-23,3,SP,watches_gifts,Northeast,16.0
base,moving_average,2018-07-09,2018-07-23,3,SP,watches_gifts,Southeast,89.0
base,moving_average,2018-07-09,2018-07-30,4,SP,watches_gifts,Central-West,10.0
base,moving_average,2018-07-09,2018-07-30,4,SP,watches_gifts,North,4.0
base,moving_average,2018-07-09,2018-07-30,4,SP,watches_gifts,Northeast,17.0
base,moving_average,2018-07-09,2018-07-30,4,SP,watches_gifts,Southeast,87.0
base,moving_average,2018-07-16,2018-07-16,1,MG,bed_bath_table,Central-West,2.0
base,moving_average,2018-07-16,2018-07-16,1,MG,bed_bath_table,Northeast,12.0
base,moving_average,2018-07-16,2018-07-23,2,MG,bed_bath_table,Northeast,14.0
base,moving_average,2018-07-16,2018-07-30,3,MG,bed_bath_table,Central-West,2.0
base,moving_average,2018-07-16,2018-07-30,3,MG,bed_bath_table,Northeast,12.0
base,moving_average,2018-07-16,2018-08-06,4,MG,bed_bath_table,Central-West,1.0
base,moving_average,2018-07-16,2018-08-06,4,MG,bed_bath_table,Northeast,13.0
base,moving_average,2018-07-16,2018-07-16,1,MG,computers_accessories,Northeast,11.0
base,moving_average,2018-07-16,2018-07-23,2,MG,computers_accessories,Northeast,11.0
base,moving_average,2018-07-16,2018-07-30,3,MG,computers_accessories,Northeast,11.0
base,moving_average,2018-07-16,2018-08-06,4,MG,computers_accessories,Northeast,12.0
base,moving_average,2018-07-16,2018-07-16,1,MG,furniture_decor,Central-West,5.0
base,moving_average,2018-07-16,2018-07-16,1,MG,furniture_decor,Northeast,11.0
base,moving_average,2018-07-16,2018-07-23,2,MG,furniture_decor,Central-West,5.0
base,moving_average,2018-07-16,2018-07-23,2,MG,furniture_decor,Northeast,1.0
base,moving_average,2018-07-16,2018-07-30,3,MG,furniture_decor,Central-West,5.0
base,moving_average,2018-07-16,2018-07-30,3,MG,furniture_decor,Northeast,5.0
base,moving_average,2018-07-16,2018-08-06,4,MG,furniture_decor,Central-West,5.0
base,moving_average,2018-07-16,2018-08-06,4,MG,furniture_decor,Northeast,5.0
base,moving_average,2018-07-16,2018-07-16,1,MG,garden_tools,Southeast,8.0
base,moving_average,2018-07-16,2018-07-16,1,MG,health_beauty,Northeast,2.0
base,moving_average,2018-07-16,2018-07-23,2,MG,health_beauty,Northeast,26.0
base,moving_average,2018-07-16,2018-07-30,3,MG,health_beauty,Northeast,14.0
base,moving_average,2018-07-16,2018-08-06,4,MG,health_beauty,Northeast,14.0
base,moving_average,2018-07-16,2018-07-16,1,MG,housewares,Central-West,11.0
base,moving_average,2018-07-16,2018-07-23,2,MG,housewares,Central-West,9.0
base,moving_average,2018-07-16,2018-07-16,1,MG,sports_leisure,Northeast,11.0
base,moving_average,2018-07-16,2018-07-23,2,MG,sports_leisure,Northeast,11.0
base,moving_average,2018-07-16,2018-07-30,3,MG,sports_leisure,Northeast,12.0
base,moving_average,2018-07-16,2018-08-06,4,MG,sports_leisure,Northeast,11.0
base,moving_average,2018-07-16,2018-07-16,1,MG,telephony,Northeast,2.0
base,moving_average,2018-07-16,2018-07-23,2,MG,telephony,Northeast,7.0
base,moving_average,2018-07-16,2018-07-30,3,MG,telephony,Northeast,7.0
base,moving_average,2018-07-16,2018-08-06,4,MG,telephony,Northeast,5.0
base,moving_average,2018-07-16,2018-07-16,1,PR,auto,South,8.0
base,moving_average,2018-07-16,2018-07-23,2,PR,auto,South,8.0
base,moving_average,2018-07-16,2018-07-30,3,PR,auto,South,8.0
base,moving_average,2018-07-16,2018-08-06,4,PR,auto,South,8.0
base,moving_average,2018-07-16,2018-07-16,1,PR,furniture_decor,South,23.0
base,moving_average,2018-07-16,2018-07-23,2,PR,furniture_decor,South,13.0
base,moving_average,2018-07-16,2018-07-30,3,PR,furniture_decor,South,13.0
base,moving_average,2018-07-16,2018-08-06,4,PR,furniture_decor,South,12.0
base,moving_average,2018-07-16,2018-07-16,1,PR,health_beauty,South,23.0
base,moving_average,2018-07-16,2018-07-23,2,PR,health_beauty,South,6.0
base,moving_average,2018-07-16,2018-07-30,3,PR,health_beauty,South,13.0
base,moving_average,2018-07-16,2018-08-06,4,PR,health_beauty,South,14.0
base,moving_average,2018-07-16,2018-07-16,1,PR,housewares,South,19.0
base,moving_average,2018-07-16,2018-07-23,2,PR,housewares,South,8.0
base,moving_average,2018-07-16,2018-07-30,3,PR,housewares,South,17.0
base,moving_average,2018-07-16,2018-08-06,4,PR,housewares,South,17.0
base,moving_average,2018-07-16,2018-07-16,1,PR,watches_gifts,South,8.0
base,moving_average,2018-07-16,2018-07-23,2,PR,watches_gifts,South,8.0
base,moving_average,2018-07-16,2018-07-30,3,PR,watches_gifts,South,8.0
base,moving_average,2018-07-16,2018-08-06,4,PR,watches_gifts,South,8.0
base,moving_average,2018-07-16,2018-07-16,1,RJ,auto,Central-West,5.0
base,moving_average,2018-07-16,2018-07-23,2,RJ,auto,Central-West,5.0
base,moving_average,2018-07-16,2018-07-23,2,RJ,auto,Northeast,2.0
base,moving_average,2018-07-16,2018-07-30,3,RJ,auto,Central-West,4.0
base,moving_average,2018-07-16,2018-07-30,3,RJ,auto,Northeast,2.0
base,moving_average,2018-07-16,2018-08-06,4,RJ,auto,Central-West,5.0
base,moving_average,2018-07-16,2018-08-06,4,RJ,auto,Northeast,1.0
base,moving_average,2018-07-16,2018-07-16,1,RJ,bed_bath_table,South,13.0
base,moving_average,2018-07-16,2018-07-23,2,RJ,bed_bath_table,South,9.0
base,moving_average,2018-07-16,2018-07-30,3,RJ,bed_bath_table,South,11.0
base,moving_average,2018-07-16,2018-08-06,4,RJ,bed_bath_table,South,10.0
base,moving_average,2018-07-16,2018-07-23,2,RJ,furniture_decor,Northeast,10.0
base,moving_average,2018-07-16,2018-07-30,3,RJ,furniture_decor,Northeast,5.0
base,moving_average,2018-07-16,2018-08-06,4,RJ,furniture_decor,Northeast,5.0
base,moving_average,2018-07-16,2018-07-16,1,RJ,garden_tools,Northeast,5.0
base,moving_average,2018-07-16,2018-07-23,2,RJ,garden_tools,Northeast,4.0
base,moving_average,2018-07-16,2018-07-30,3,RJ,garden_tools,Northeast,4.0
base,moving_average,2018-07-16,2018-08-06,4,RJ,garden_tools,Northeast,4.0
base,moving_average,2018-07-16,2018-07-16,1,RJ,health_beauty,Central-West,2.0
base,moving_average,2018-07-16,2018-07-23,2,RJ,health_beauty,Central-West,13.0
base,moving_average,2018-07-16,2018-07-16,1,RJ,housewares,Northeast,8.0
base,moving_average,2018-07-16,2018-07-23,2,RJ,housewares,Northeast,8.0
base,moving_average,2018-07-16,2018-07-30,3,RJ,housewares,Northeast,8.0
base,moving_average,2018-07-16,2018-08-06,4,RJ,housewares,Northeast,8.0
base,moving_average,2018-07-16,2018-07-16,1,RJ,sports_leisure,Central-West,9.0
base,moving_average,2018-07-16,2018-07-16,1,RJ,sports_leisure,North,3.0
base,moving_average,2018-07-16,2018-07-23,2,RJ,sports_leisure,Central-West,8.0
base,moving_average,2018-07-16,2018-07-23,2,RJ,sports_leisure,North,3.0
base,moving_average,2018-07-16,2018-07-30,3,RJ,sports_leisure,Central-West,8.0
base,moving_average,2018-07-16,2018-07-30,3,RJ,sports_leisure,North,3.0
base,moving_average,2018-07-16,2018-08-06,4,RJ,sports_leisure,Central-West,8.0
base,moving_average,2018-07-16,2018-08-06,4,RJ,sports_leisure,North,3.0
base,moving_average,2018-07-16,2018-07-16,1,RJ,telephony,North,2.0
base,moving_average,2018-07-16,2018-07-16,1,RJ,telephony,Northeast,6.0
base,moving_average,2018-07-16,2018-07-23,2,RJ,telephony,North,2.0
base,moving_average,2018-07-16,2018-07-30,3,RJ,telephony,North,2.0
base,moving_average,2018-07-16,2018-07-30,3,RJ,telephony,Northeast,1.0
base,moving_average,2018-07-16,2018-08-06,4,RJ,telephony,North,2.0
base,moving_average,2018-07-16,2018-08-06,4,RJ,telephony,Northeast,3.0
base,moving_average,2018-07-16,2018-07-23,2,RJ,watches_gifts,Central-West,8.0
base,moving_average,2018-07-16,2018-07-16,1,RS,auto,North,2.0
base,moving_average,2018-07-16,2018-07-16,1,RS,auto,South,1.0
base,moving_average,2018-07-16,2018-07-23,2,RS,auto,North,3.0
base,moving_average,2018-07-16,2018-07-30,3,RS,auto,North,3.0
base,moving_average,2018-07-16,2018-08-06,4,RS,auto,North,3.0
base,moving_average,2018-07-16,2018-07-16,1,RS,bed_bath_table,North,2.0
base,moving_average,2018-07-16,2018-07-16,1,RS,bed_bath_table,South,4.0
base,moving_average,2018-07-16,2018-07-23,2,RS,bed_bath_table,North,2.0
base,moving_average,2018-07-16,2018-07-30,3,RS,bed_bath_table,North,2.0
base,moving_average,2018-07-16,2018-07-30,3,RS,bed_bath_table,South,8.0
base,moving_average,2018-07-16,2018-08-06,4,RS,bed_bath_table,North,2.0
base,moving_average,2018-07-16,2018-08-06,4,RS,bed_bath_table,South,4.0
base,moving_average,2018-07-16,2018-07-16,1,RS,computers_accessories,South,10.0
base,moving_average,2018-07-16,2018-07-23,2,RS,computers_accessories,South,10.0
base,moving_average,2018-07-16,2018-07-30,3,RS,computers_accessories,South,9.0
base,moving_average,2018-07-16,2018-08-06,4,RS,computers_accessories,South,10.0
base,moving_average,2018-07-16,2018-07-16,1,RS,furniture_decor,North,2.0
base,moving_average,2018-07-16,2018-07-23,2,RS,furniture_decor,North,3.0
base,moving_average,2018-07-16,2018-07-30,3,RS,furniture_decor,North,3.0
base,moving_average,2018-07-16,2018-07-30,3,RS,furniture_decor,South,2.0
base,moving_average,2018-07-16,2018-08-06,4,RS,furniture_decor,North,3.0
base,moving_average,2018-07-16,2018-08-06,4,RS,furniture_decor,South,2.0
base,moving_average,2018-07-16,2018-07-16,1,RS,garden_tools,North,2.0
base,moving_average,2018-07-16,2018-07-23,2,RS,garden_tools,North,2.0
base,moving_average,2018-07-16,2018-07-30,3,RS,garden_tools,North,2.0
base,moving_average,2018-07-16,2018-08-06,4,RS,garden_tools,North,2.0
base,moving_average,2018-07-16,2018-07-23,2,RS,health_beauty,South,16.0
base,moving_average,2018-07-16,2018-07-30,3,RS,health_beauty,South,8.0
base,moving_average,2018-07-16,2018-08-06,4,RS,health_beauty,South,8.0
base,moving_average,2018-07-16,2018-07-23,2,RS,housewares,South,3.0
base,moving_average,2018-07-16,2018-07-30,3,RS,housewares,South,1.0
base,moving_average,2018-07-16,2018-08-06,4,RS,housewares,South,1.0
base,moving_average,2018-07-16,2018-07-16,1,RS,telephony,South,5.0
base,moving_average,2018-07-16,2018-07-23,2,RS,telephony,South,5.0
base,moving_average,2018-07-16,2018-07-30,3,RS,telephony,South,5.0
base,moving_average,2018-07-16,2018-08-06,4,RS,telephony,South,5.0
base,moving_average,2018-07-16,2018-08-06,4,RS,watches_gifts,South,1.0
base,moving_average,2018-07-16,2018-07-16,1,SC,auto,South,3.0
base,moving_average,2018-07-16,2018-07-16,1,SC,bed_bath_table,South,6.0
base,moving_average,2018-07-16,2018-07-23,2,SC,bed_bath_table,South,12.0
base,moving_average,2018-07-16,2018-07-30,3,SC,bed_bath_table,South,1.0
base,moving_average,2018-07-16,2018-08-06,4,SC,bed_bath_table,South,6.0
base,moving_average,2018-07-16,2018-07-16,1,SC,computers_accessories,South,9.0
base,moving_average,2018-07-16,2018-07-23,2,SC,computers_accessories,South,9.0
base,moving_average,2018-07-16,2018-07-30,3,SC,computers_accessories,South,9.0
base,moving_average,2018-07-16,2018-08-06,4,SC,computers_accessories,South,9.0
base,moving_average,2018-07-16,2018-07-23,2,SC,furniture_decor,South,9.0
base,moving_average,2018-07-16,2018-07-30,3,SC,furniture_decor,South,6.0
base,moving_average,2018-07-16,2018-08-06,4,SC,furniture_decor,South,6.0
base,moving_average,2018-07-16,2018-07-16,1,SC,garden_tools,Central-West,3.0
base,moving_average,2018-07-16,2018-07-16,1,SC,garden_tools,South,7.0
base,moving_average,2018-07-16,2018-07-23,2,SC,garden_tools,Central-West,3.0
base,moving_average,2018-07-16,2018-07-23,2,SC,garden_tools,South,8.0
base,moving_average,2018-07-16,2018-07-30,3,SC,garden_tools,Central-West,3.0
base,moving_average,2018-07-16,2018-07-30,3,SC,garden_tools,South,5.0
base,moving_average,2018-07-16,2018-08-06,4,SC,garden_tools,Central-West,3.0
base,moving_average,2018-07-16,2018-08-06,4,SC,garden_tools,South,5.0
base,moving_average,2018-07-16,2018-07-23,2,SC,housewares,South,8.0
base,moving_average,2018-07-16,2018-07-16,1,SC,sports_leisure,South,16.0
base,moving_average,2018-07-16,2018-07-23,2,SC,sports_leisure,South,16.0
base,moving_average,2018-07-16,2018-07-30,3,SC,sports_leisure,South,16.0
base,moving_average,2018-07-16,2018-08-06,4,SC,sports_leisure,South,15.0
base,moving_average,2018-07-16,2018-07-16,1,SC,watches_gifts,South,9.0
base,moving_average,2018-07-16,2018-07-23,2,SC,watches_gifts,South,9.0
base,moving_average,2018-07-16,2018-07-30,3,SC,watches_gifts,South,9.0
base,moving_average,2018-07-16,2018-08-06,4,SC,watches_gifts,South,9.0
base,moving_average,2018-07-16,2018-07-16,1,SP,auto,Northeast,12.0
base,moving_average,2018-07-16,2018-07-16,1,SP,auto,South,1.0
base,moving_average,2018-07-16,2018-07-16,1,SP,auto,Southeast,51.0
base,moving_average,2018-07-16,2018-07-23,2,SP,auto,Northeast,10.0
base,moving_average,2018-07-16,2018-07-23,2,SP,auto,South,5.0
base,moving_average,2018-07-16,2018-07-23,2,SP,auto,Southeast,49.0
base,moving_average,2018-07-16,2018-07-30,3,SP,auto,Northeast,12.0
base,moving_average,2018-07-16,2018-07-30,3,SP,auto,South,5.0
base,moving_average,2018-07-16,2018-07-30,3,SP,auto,Southeast,46.0
base,moving_average,2018-07-16,2018-08-06,4,SP,auto,Northeast,14.0
base,moving_average,2018-07-16,2018-08-06,4,SP,auto,South,5.0
base,moving_average,2018-07-16,2018-08-06,4,SP,auto,Southeast,44.0
base,moving_average,2018-07-16,2018-07-16,1,SP,bed_bath_table,Central-West,7.0
base,moving_average,2018-07-16,2018-07-16,1,SP,bed_bath_table,Southeast,126.0
base,moving_average,2018-07-16,2018-07-23,2,SP,bed_bath_table,Central-West,9.0
base,moving_average,2018-07-16,2018-07-23,2,SP,bed_bath_table,Southeast,112.0
base,moving_average,2018-07-16,2018-07-30,3,SP,bed_bath_table,Central-West,8.0
base,moving_average,2018-07-16,2018-07-30,3,SP,bed_bath_table,Southeast,107.0
base,moving_average,2018-07-16,2018-08-06,4,SP,bed_bath_table,Central-West,8.0
base,moving_average,2018-07-16,2018-08-06,4,SP,bed_bath_table,Southeast,104.0
base,moving_average,2018-07-16,2018-07-16,1,SP,computers_accessories,Central-West,6.0
base,moving_average,2018-07-16,2018-07-16,1,SP,computers_accessories,North,2.0
base,moving_average,2018-07-16,2018-07-16,1,SP,computers_accessories,Southeast,73.0
base,moving_average,2018-07-16,2018-07-23,2,SP,computers_accessories,Central-West,5.0
base,moving_average,2018-07-16,2018-07-23,2,SP,computers_accessories,North,2.0
base,moving_average,2018-07-16,2018-07-23,2,SP,computers_accessories,Southeast,70.0
base,moving_average,2018-07-16,2018-07-30,3,SP,computers_accessories,Central-West,5.0
base,moving_average,2018-07-16,2018-07-30,3,SP,computers_accessories,North,2.0
base,moving_average,2018-07-16,2018-07-30,3,SP,computers_accessories,Southeast,66.0
base,moving_average,2018-07-16,2018-08-06,4,SP,computers_accessories,Central-West,5.0
base,moving_average,2018-07-16,2018-08-06,4,SP,computers_accessories,North,2.0
base,moving_average,2018-07-16,2018-08-06,4,SP,computers_accessories,Southeast,65.0
base,moving_average,2018-07-16,2018-07-16,1,SP,furniture_decor,Southeast,72.0
base,moving_average,2018-07-16,2018-07-23,2,SP,furniture_decor,Southeast,73.0
base,moving_average,2018-07-16,2018-07-30,3,SP,furniture_decor,Southeast,67.0
base,moving_average,2018-07-16,2018-08-06,4,SP,furniture_decor,Southeast,64.0
base,moving_average,2018-07-16,2018-07-16,1,SP,garden_tools,Southeast,32.0
base,moving_average,2018-07-16,2018-07-23,2,SP,garden_tools,Northeast,1.0
base,moving_average,2018-07-16,2018-07-23,2,SP,garden_tools,Southeast,41.0
base,moving_average,2018-07-16,2018-07-30,3,SP,garden_tools,Northeast,1.0
base,moving_average,2018-07-16,2018-07-30,3,SP,garden_tools,South,2.0
base,moving_average,2018-07-16,2018-07-30,3,SP,garden_tools,Southeast,36.0
base,moving_average,2018-07-16,2018-08-06,4,SP,garden_tools,Northeast,1.0
base,moving_average,2018-07-16,2018-08-06,4,SP,garden_tools,South,1.0
base,moving_average,2018-07-16,2018-08-06,4,SP,garden_tools,Southeast,36.0
base,moving_average,2018-07-16,2018-07-16,1,SP,health_beauty,Central-West,11.0
base,moving_average,2018-07-16,2018-07-16,1,SP,health_beauty,North,7.0
base,moving_average,2018-07-16,2018-07-16,1,SP,health_beauty,Northeast,23.0
base,moving_average,2018-07-16,2018-07-16,1,SP,health_beauty,Southeast,156.0
base,moving_average,2018-07-16,2018-07-23,2,SP,health_beauty,North,8.0
base,moving_average,2018-07-16,2018-07-23,2,SP,health_beauty,Southeast,146.0
base,moving_average,2018-07-16,2018-07-30,3,SP,health_beauty,Central-West,13.0
base,moving_average,2018-07-16,2018-07-30,3,SP,health_beauty,North,7.0
base,moving_average,2018-07-16,2018-07-30,3,SP,health_beauty,Northeast,12.0
base,moving_average,2018-07-16,2018-07-30,3,SP,health_beauty,Southeast,143.0
base,moving_average,2018-07-16,2018-08-06,4,SP,health_beauty,Central-West,14.0
base,moving_average,2018-07-16,2018-08-06,4,SP,health_beauty,North,8.0
base,moving_average,2018-07-16,2018-08-06,4,SP,health_beauty,Northeast,13.0
base,moving_average,2018-07-16,2018-08-06,4,SP,health_beauty,Southeast,138.0
base,moving_average,2018-07-16,2018-07-16,1,SP,housewares,North,3.0
base,moving_average,2018-07-16,2018-07-16,1,SP,housewares,Northeast,4.0
base,moving_average,2018-07-16,2018-07-16,1,SP,housewares,Southeast,88.0
base,moving_average,2018-07-16,2018-07-23,2,SP,housewares,Central-West,2.0
base,moving_average,2018-07-16,2018-07-23,2,SP,housewares,North,3.0
base,moving_average,2018-07-16,2018-07-23,2,SP,housewares,Northeast,5.0
base,moving_average,2018-07-16,2018-07-23,2,SP,housewares,Southeast,85.0
base,moving_average,2018-07-16,2018-07-30,3,SP,housewares,Central-West,11.0
base,moving_average,2018-07-16,2018-07-30,3,SP,housewares,North,2.0
base,moving_average,2018-07-16,2018-07-30,3,SP,housewares,Northeast,3.0
base,moving_average,2018-07-16,2018-07-30,3,SP,housewares,Southeast,81.0
base,moving_average,2018-07-16,2018-08-06,4,SP,housewares,Central-West,12.0
base,moving_average,2018-07-16,2018-08-06,4,SP,housewares,North,2.0
base,moving_average,2018-07-16,2018-08-06,4,SP,housewares,Northeast,3.0
base,moving_average,2018-07-16,2018-08-06,4,SP,housewares,Southeast,77.0
base,moving_average,2018-07-16,2018-07-16,1,SP,sports_leisure,Southeast,82.0
base,moving_average,2018-07-16,2018-07-23,2,SP,sports_leisure,Southeast,81.0
base,moving_average,2018-07-16,2018-07-30,3,SP,sports_leisure,Southeast,78.0
base,moving_average,2018-07-16,2018-08-06,4,SP,sports_leisure,Southeast,74.0
base,moving_average,2018-07-16,2018-07-16,1,SP,telephony,Central-West,9.0
base,moving_average,2018-07-16,2018-07-16,1,SP,telephony,South,6.0
base,moving_average,2018-07-16,2018-07-16,1,SP,telephony,Southeast,27.0
base,moving_average,2018-07-16,2018-07-23,2,SP,telephony,Central-West,6.0
base,moving_average,2018-07-16,2018-07-23,2,SP,telephony,South,6.0
base,moving_average,2018-07-16,2018-07-23,2,SP,telephony,Southeast,25.0
base,moving_average,2018-07-16,2018-07-30,3,SP,telephony,Central-West,6.0
base,moving_average,2018-07-16,2018-07-30,3,SP,telephony,South,6.0
base,moving_average,2018-07-16,2018-07-30,3,SP,telephony,Southeast,24.0
base,moving_average,2018-07-16,2018-08-06,4,SP,telephony,Central-West,7.0
base,moving_average,2018-07-16,2018-08-06,4,SP,telephony,South,7.0
base,moving_average,2018-07-16,2018-08-06,4,SP,telephony,Southeast,24.0
base,moving_average,2018-07-16,2018-07-16,1,SP,watches_gifts,Central-West,10.0
base,moving_average,2018-07-16,2018-07-16,1,SP,watches_gifts,North,4.0
base,moving_average,2018-07-16,2018-07-16,1,SP,watches_gifts,Northeast,21.0
base,moving_average,2018-07-16,2018-07-16,1,SP,watches_gifts,Southeast,87.0
base,moving_average,2018-07-16,2018-07-23,2,SP,watches_gifts,Central-West,2.0
base,moving_average,2018-07-16,2018-07-23,2,SP,watches_gifts,North,4.0
base,moving_average,2018-07-16,2018-07-23,2,SP,watches_gifts,Northeast,21.0
base,moving_average,2018-07-16,2018-07-23,2,SP,watches_gifts,Southeast,84.0
base,moving_average,2018-07-16,2018-07-30,3,SP,watches_gifts,Central-West,9.0
base,moving_average,2018-07-16,2018-07-30,3,SP,watches_gifts,North,4.0
base,moving_average,2018-07-16,2018-07-30,3,SP,watches_gifts,Northeast,23.0
base,moving_average,2018-07-16,2018-07-30,3,SP,watches_gifts,Southeast,82.0
base,moving_average,2018-07-16,2018-08-06,4,SP,watches_gifts,Central-West,10.0
base,moving_average,2018-07-16,2018-08-06,4,SP,watches_gifts,North,4.0
base,moving_average,2018-07-16,2018-08-06,4,SP,watches_gifts,Northeast,25.0
base,moving_average,2018-07-16,2018-08-06,4,SP,watches_gifts,Southeast,84.0
base,moving_average,2018-07-23,2018-07-23,1,MG,bed_bath_table,Central-West,1.0
base,moving_average,2018-07-23,2018-07-23,1,MG,bed_bath_table,Northeast,13.0
base,moving_average,2018-07-23,2018-07-30,2,MG,bed_bath_table,Central-West,3.0
base,moving_average,2018-07-23,2018-07-30,2,MG,bed_bath_table,Northeast,11.0
base,moving_average,2018-07-23,2018-08-06,3,MG,bed_bath_table,Central-West,3.0
base,moving_average,2018-07-23,2018-08-06,3,MG,bed_bath_table,Northeast,11.0
base,moving_average,2018-07-23,2018-08-13,4,MG,bed_bath_table,Central-West,3.0
base,moving_average,2018-07-23,2018-08-13,4,MG,bed_bath_table,Northeast,11.0
base,moving_average,2018-07-23,2018-07-23,1,MG,computers_accessories,Northeast,11.0
base,moving_average,2018-07-23,2018-07-30,2,MG,computers_accessories,Northeast,11.0
base,moving_average,2018-07-23,2018-08-06,3,MG,computers_accessories,Northeast,11.0
base,moving_average,2018-07-23,2018-08-13,4,MG,computers_accessories,Northeast,11.0
base,moving_average,2018-07-23,2018-07-23,1,MG,furniture_decor,Central-West,5.0
base,moving_average,2018-07-23,2018-07-23,1,MG,furniture_decor,Northeast,6.0
base,moving_average,2018-07-23,2018-07-23,1,MG,furniture_decor,Southeast,3.0
base,moving_average,2018-07-23,2018-07-30,2,MG,furniture_decor,Central-West,5.0
base,moving_average,2018-07-23,2018-07-30,2,MG,furniture_decor,Northeast,5.0
base,moving_average,2018-07-23,2018-08-06,3,MG,furniture_decor,Central-West,5.0
base,moving_average,2018-07-23,2018-08-06,3,MG,furniture_decor,Northeast,6.0
base,moving_average,2018-07-23,2018-08-13,4,MG,furniture_decor,Central-West,5.0
base,moving_average,2018-07-23,2018-08-13,4,MG,furniture_decor,Northeast,6.0
base,moving_average,2018-07-23,2018-07-23,1,MG,garden_tools,Southeast,8.0
base,moving_average,2018-07-23,2018-07-23,1,MG,health_beauty,Northeast,14.0
base,moving_average,2018-07-23,2018-07-30,2,MG,health_beauty,Northeast,14.0
base,moving_average,2018-07-23,2018-08-06,3,MG,health_beauty,Northeast,14.0
base,moving_average,2018-07-23,2018-08-13,4,MG,health_beauty,Northeast,14.0
base,moving_average,2018-07-23,2018-07-23,1,MG,housewares,Central-West,11.0
base,moving_average,2018-07-23,2018-07-23,1,MG,housewares,Southeast,8.0
base,moving_average,2018-07-23,2018-07-30,2,MG,housewares,Central-West,1.0
base,moving_average,2018-07-23,2018-07-23,1,MG,sports_leisure,Northeast,7.0
base,moving_average,2018-07-23,2018-07-30,2,MG,sports_leisure,Northeast,15.0
base,moving_average,2018-07-23,2018-08-06,3,MG,sports_leisure,Northeast,15.0
base,moving_average,2018-07-23,2018-08-13,4,MG,sports_leisure,Northeast,16.0
base,moving_average,2018-07-23,2018-07-23,1,MG,telephony,Central-West,5.0
base,moving_average,2018-07-23,2018-07-23,1,MG,telephony,Northeast,2.0
base,moving_average,2018-07-23,2018-07-30,2,MG,telephony,Northeast,5.0
base,moving_average,2018-07-23,2018-08-06,3,MG,telephony,Northeast,5.0
base,moving_average,2018-07-23,2018-08-13,4,MG,telephony,Northeast,5.0
base,moving_average,2018-07-23,2018-07-23,1,PR,auto,South,8.0
base,moving_average,2018-07-23,2018-07-30,2,PR,auto,South,8.0
base,moving_average,2018-07-23,2018-08-06,3,PR,auto,South,8.0
base,moving_average,2018-07-23,2018-08-13,4,PR,auto,South,8.0
base,moving_average,2018-07-23,2018-07-23,1,PR,furniture_decor,South,20.0
base,moving_average,2018-07-23,2018-07-30,2,PR,furniture_decor,South,13.0
base,moving_average,2018-07-23,2018-08-06,3,PR,furniture_decor,South,13.0
base,moving_average,2018-07-23,2018-08-13,4,PR,furniture_decor,South,16.0
base,moving_average,2018-07-23,2018-07-23,1,PR,health_beauty,North,1.0
base,moving_average,2018-07-23,2018-07-23,1,PR,health_beauty,South,14.0
base,moving_average,2018-07-23,2018-07-30,2,PR,health_beauty,South,13.0
base,moving_average,2018-07-23,2018-08-06,3,PR,health_beauty,South,14.0
base,moving_average,2018-07-23,2018-08-13,4,PR,health_beauty,South,15.0
base,moving_average,2018-07-23,2018-07-23,1,PR,housewares,South,7.0
base,moving_average,2018-07-23,2018-07-30,2,PR,housewares,South,17.0
base,moving_average,2018-07-23,2018-08-06,3,PR,housewares,South,17.0
base,moving_average,2018-07-23,2018-08-13,4,PR,housewares,South,17.0
base,moving_average,2018-07-23,2018-07-23,1,PR,watches_gifts,North,4.0
base,moving_average,2018-07-23,2018-07-23,1,PR,watches_gifts,South,4.0
base,moving_average,2018-07-23,2018-07-30,2,PR,watches_gifts,South,8.0
base,moving_average,2018-07-23,2018-08-06,3,PR,watches_gifts,South,8.0
base,moving_average,2018-07-23,2018-08-13,4,PR,watches_gifts,South,8.0
base,moving_average,2018-07-23,2018-07-23,1,RJ,auto,Central-West,6.0
base,moving_average,2018-07-23,2018-07-30,2,RJ,auto,Central-West,5.0
base,moving_average,2018-07-23,2018-07-30,2,RJ,auto,Northeast,1.0
base,moving_average,2018-07-23,2018-08-06,3,RJ,auto,Central-West,6.0
base,moving_average,2018-07-23,2018-08-13,4,RJ,auto,Central-West,6.0
base,moving_average,2018-07-23,2018-07-23,1,RJ,bed_bath_table,Central-West,5.0
base,moving_average,2018-07-23,2018-07-23,1,RJ,bed_bath_table,Southeast,5.0
base,moving_average,2018-07-23,2018-07-30,2,RJ,bed_bath_table,South,10.0
base,moving_average,2018-07-23,2018-08-06,3,RJ,bed_bath_table,South,10.0
base,moving_average,2018-07-23,2018-08-13,4,RJ,bed_bath_table,South,10.0
base,moving_average,2018-07-23,2018-07-23,1,RJ,furniture_decor,Northeast,5.0
base,moving_average,2018-07-23,2018-07-30,2,RJ,furniture_decor,Northeast,5.0
base,moving_average,2018-07-23,2018-08-06,3,RJ,furniture_decor,Northeast,5.0
base,moving_average,2018-07-23,2018-08-13,4,RJ,furniture_decor,Northeast,5.0
base,moving_average,2018-07-23,2018-07-23,1,RJ,garden_tools,Northeast,4.0
base,moving_average,2018-07-23,2018-07-30,2,RJ,garden_tools,Northeast,4.0
base,moving_average,2018-07-23,2018-08-06,3,RJ,garden_tools,Northeast,4.0
base,moving_average,2018-07-23,2018-08-13,4,RJ,garden_tools,Northeast,4.0
base,moving_average,2018-07-23,2018-07-23,1,RJ,health_beauty,Central-West,14.0
base,moving_average,2018-07-23,2018-07-23,1,RJ,health_beauty,Southeast,1.0
base,moving_average,2018-07-23,2018-07-23,1,RJ,housewares,Northeast,8.0
base,moving_average,2018-07-23,2018-07-30,2,RJ,housewares,Northeast,8.0
base,moving_average,2018-07-23,2018-08-06,3,RJ,housewares,Northeast,8.0
base,moving_average,2018-07-23,2018-08-13,4,RJ,housewares,Northeast,8.0
base,moving_average,2018-07-23,2018-07-23,1,RJ,sports_leisure,Central-West,7.0
base,moving_average,2018-07-23,2018-07-23,1,RJ,sports_leisure,North,3.0
base,moving_average,2018-07-23,2018-07-30,2,RJ,sports_leisure,Central-West,7.0
base,moving_average,2018-07-23,2018-07-30,2,RJ,sports_leisure,North,3.0
base,moving_average,2018-07-23,2018-08-06,3,RJ,sports_leisure,Central-West,7.0
base,moving_average,2018-07-23,2018-08-06,3,RJ,sports_leisure,North,4.0
base,moving_average,2018-07-23,2018-08-13,4,RJ,sports_leisure,Central-West,7.0
base,moving_average,2018-07-23,2018-08-13,4,RJ,sports_leisure,North,4.0
base,moving_average,2018-07-23,2018-07-23,1,RJ,telephony,North,3.0
base,moving_average,2018-07-23,2018-07-23,1,RJ,telephony,Northeast,4.0
base,moving_average,2018-07-23,2018-07-30,2,RJ,telephony,North,3.0
base,moving_average,2018-07-23,2018-07-30,2,RJ,telephony,Northeast,2.0
base,moving_average,2018-07-23,2018-08-06,3,RJ,telephony,North,3.0
base,moving_average,2018-07-23,2018-08-06,3,RJ,telephony,Northeast,2.0
base,moving_average,2018-07-23,2018-08-13,4,RJ,telephony,North,3.0
base,moving_average,2018-07-23,2018-08-13,4,RJ,telephony,Northeast,1.0
base,moving_average,2018-07-23,2018-07-23,1,RJ,watches_gifts,Central-West,8.0
base,moving_average,2018-07-23,2018-07-23,1,RS,auto,North,3.0
base,moving_average,2018-07-23,2018-07-30,2,RS,auto,North,3.0
base,moving_average,2018-07-23,2018-08-06,3,RS,auto,North,3.0
base,moving_average,2018-07-23,2018-08-13,4,RS,auto,North,3.0
base,moving_average,2018-07-23,2018-07-23,1,RS,bed_bath_table,North,2.0
base,moving_average,2018-07-23,2018-07-23,1,RS,bed_bath_table,South,4.0
base,moving_average,2018-07-23,2018-07-30,2,RS,bed_bath_table,North,2.0
base,moving_average,2018-07-23,2018-07-30,2,RS,bed_bath_table,South,4.0
base,moving_average,2018-07-23,2018-08-06,3,RS,bed_bath_table,North,2.0
base,moving_average,2018-07-23,2018-08-06,3,RS,bed_bath_table,South,4.0
base,moving_average,2018-07-23,2018-08-13,4,RS,bed_bath_table,North,2.0
base,moving_average,2018-07-23,2018-08-13,4,RS,bed_bath_table,South,4.0
base,moving_average,2018-07-23,2018-07-23,1,RS,computers_accessories,South,12.0
base,moving_average,2018-07-23,2018-07-30,2,RS,computers_accessories,South,7.0
base,moving_average,2018-07-23,2018-08-06,3,RS,computers_accessories,South,10.0
base,moving_average,2018-07-23,2018-08-13,4,RS,computers_accessories,South,10.0
base,moving_average,2018-07-23,2018-07-30,2,RS,furniture_decor,North,3.0
base,moving_average,2018-07-23,2018-07-30,2,RS,furniture_decor,South,2.0
base,moving_average,2018-07-23,2018-08-06,3,RS,furniture_decor,North,3.0
base,moving_average,2018-07-23,2018-08-06,3,RS,furniture_decor,South,2.0
base,moving_average,2018-07-23,2018-08-13,4,RS,furniture_decor,North,4.0
base,moving_average,2018-07-23,2018-08-13,4,RS,furniture_decor,South,1.0
base,moving_average,2018-07-23,2018-07-23,1,RS,garden_tools,North,2.0
base,moving_average,2018-07-23,2018-07-30,2,RS,garden_tools,North,2.0
base,moving_average,2018-07-23,2018-08-06,3,RS,garden_tools,North,2.0
base,moving_average,2018-07-23,2018-08-13,4,RS,garden_tools,North,2.0
base,moving_average,2018-07-23,2018-07-23,1,RS,health_beauty,South,8.0
base,moving_average,2018-07-23,2018-07-30,2,RS,health_beauty,South,8.0
base,moving_average,2018-07-23,2018-08-06,3,RS,health_beauty,South,8.0
base,moving_average,2018-07-23,2018-08-13,4,RS,health_beauty,South,8.0
base,moving_average,2018-07-23,2018-07-30,2,RS,housewares,South,7.0
base,moving_average,2018-07-23,2018-08-06,3,RS,housewares,South,7.0
base,moving_average,2018-07-23,2018-08-13,4,RS,housewares,South,10.0
base,moving_average,2018-07-23,2018-07-23,1,RS,telephony,South,5.0
base,moving_average,2018-07-23,2018-07-30,2,RS,telephony,South,5.0
base,moving_average,2018-07-23,2018-08-06,3,RS,telephony,South,5.0
base,moving_average,2018-07-23,2018-08-13,4,RS,telephony,South,5.0
base,moving_average,2018-07-23,2018-07-30,2,RS,watches_gifts,South,2.0
base,moving_average,2018-07-23,2018-08-06,3,RS,watches_gifts,South,3.0
base,moving_average,2018-07-23,2018-08-13,4,RS,watches_gifts,South,3.0
base,moving_average,2018-07-23,2018-07-23,1,SC,auto,South,3.0
base,moving_average,2018-07-23,2018-07-23,1,SC,bed_bath_table,South,16.0
base,moving_average,2018-07-23,2018-07-30,2,SC,bed_bath_table,South,6.0
base,moving_average,2018-07-23,2018-08-06,3,SC,bed_bath_table,South,6.0
base,moving_average,2018-07-23,2018-08-13,4,SC,bed_bath_table,South,7.0
base,moving_average,2018-07-23,2018-07-23,1,SC,computers_accessories,South,7.0
base,moving_average,2018-07-23,2018-07-30,2,SC,computers_accessories,South,11.0
base,moving_average,2018-07-23,2018-08-06,3,SC,computers_accessories,South,9.0
base,moving_average,2018-07-23,2018-08-13,4,SC,computers_accessories,South,9.0
base,moving_average,2018-07-23,2018-07-23,1,SC,furniture_decor,South,1.0
base,moving_average,2018-07-23,2018-07-23,1,SC,furniture_decor,Southeast,2.0
base,moving_average,2018-07-23,2018-07-30,2,SC,furniture_decor,South,6.0
base,moving_average,2018-07-23,2018-08-06,3,SC,furniture_decor,South,6.0
base,moving_average,2018-07-23,2018-08-13,4,SC,furniture_decor,South,6.0
base,moving_average,2018-07-23,2018-07-23,1,SC,garden_tools,Central-West,4.0
base,moving_average,2018-07-23,2018-07-23,1,SC,garden_tools,South,7.0
base,moving_average,2018-07-23,2018-07-30,2,SC,garden_tools,Central-West,3.0
base,moving_average,2018-07-23,2018-07-30,2,SC,garden_tools,South,6.0
base,moving_average,2018-07-23,2018-08-06,3,SC,garden_tools,Central-West,4.0
base,moving_average,2018-07-23,2018-08-06,3,SC,garden_tools,South,6.0
base,moving_average,2018-07-23,2018-08-13,4,SC,garden_tools,Central-West,4.0
base,moving_average,2018-07-23,2018-08-13,4,SC,garden_tools,South,4.0
base,moving_average,2018-07-23,2018-07-23,1,SC,housewares,South,8.0
base,moving_average,2018-07-23,2018-07-23,1,SC,sports_leisure,South,16.0
base,moving_average,2018-07-23,2018-07-30,2,SC,sports_leisure,South,17.0
base,moving_average,2018-07-23,2018-08-06,3,SC,sports_leisure,South,15.0
base,moving_average,2018-07-23,2018-08-13,4,SC,sports_leisure,South,17.0
base,moving_average,2018-07-23,2018-07-23,1,SC,watches_gifts,South,9.0
base,moving_average,2018-07-23,2018-07-30,2,SC,watches_gifts,South,9.0
base,moving_average,2018-07-23,2018-08-06,3,SC,watches_gifts,South,9.0
base,moving_average,2018-07-23,2018-08-13,4,SC,watches_gifts,South,9.0
base,moving_average,2018-07-23,2018-07-23,1,SP,auto,North,1.0
base,moving_average,2018-07-23,2018-07-23,1,SP,auto,Southeast,48.0
base,moving_average,2018-07-23,2018-07-30,2,SP,auto,North,1.0
base,moving_average,2018-07-23,2018-07-30,2,SP,auto,Northeast,13.0
base,moving_average,2018-07-23,2018-07-30,2,SP,auto,South,7.0
base,moving_average,2018-07-23,2018-07-30,2,SP,auto,Southeast,49.0
base,moving_average,2018-07-23,2018-08-06,3,SP,auto,North,1.0
base,moving_average,2018-07-23,2018-08-06,3,SP,auto,Northeast,16.0
base,moving_average,2018-07-23,2018-08-06,3,SP,auto,South,8.0
base,moving_average,2018-07-23,2018-08-06,3,SP,auto,Southeast,48.0
base,moving_average,2018-07-23,2018-08-13,4,SP,auto,Central-West,1.0
base,moving_average,2018-07-23,2018-08-13,4,SP,auto,North,2.0
base,moving_average,2018-07-23,2018-08-13,4,SP,auto,Northeast,15.0
base,moving_average,2018-07-23,2018-08-13,4,SP,auto,South,8.0
base,moving_average,2018-07-23,2018-08-13,4,SP,auto,Southeast,53.0
base,moving_average,2018-07-23,2018-07-23,1,SP,bed_bath_table,Southeast,107.0
base,moving_average,2018-07-23,2018-07-30,2,SP,bed_bath_table,Central-West,8.0
base,moving_average,2018-07-23,2018-07-30,2,SP,bed_bath_table,Southeast,120.0
base,moving_average,2018-07-23,2018-08-06,3,SP,bed_bath_table,Central-West,8.0
base,moving_average,2018-07-23,2018-08-06,3,SP,bed_bath_table,Southeast,120.0
base,moving_average,2018-07-23,2018-08-13,4,SP,bed_bath_table,Central-West,8.0
base,moving_average,2018-07-23,2018-08-13,4,SP,bed_bath_table,Southeast,132.0
base,moving_average,2018-07-23,2018-07-23,1,SP,computers_accessories,Central-West,6.0
base,moving_average,2018-07-23,2018-07-23,1,SP,computers_accessories,North,3.0
base,moving_average,2018-07-23,2018-07-23,1,SP,computers_accessories,Southeast,70.0
base,moving_average,2018-07-23,2018-07-30,2,SP,computers_accessories,Central-West,6.0
base,moving_average,2018-07-23,2018-07-30,2,SP,computers_accessories,North,3.0
base,moving_average,2018-07-23,2018-07-30,2,SP,computers_accessories,Southeast,66.0
base,moving_average,2018-07-23,2018-08-06,3,SP,computers_accessories,Central-West,6.0
base,moving_average,2018-07-23,2018-08-06,3,SP,computers_accessories,North,3.0
base,moving_average,2018-07-23,2018-08-06,3,SP,computers_accessories,Southeast,65.0
base,moving_average,2018-07-23,2018-08-13,4,SP,computers_accessories,Central-West,7.0
base,moving_average,2018-07-23,2018-08-13,4,SP,computers_accessories,North,4.0
base,moving_average,2018-07-23,2018-08-13,4,SP,computers_accessories,Southeast,69.0
base,moving_average,2018-07-23,2018-07-23,1,SP,furniture_decor,Southeast,68.0
base,moving_average,2018-07-23,2018-07-30,2,SP,furniture_decor,Southeast,72.0
base,moving_average,2018-07-23,2018-08-06,3,SP,furniture_decor,Southeast,71.0
base,moving_average,2018-07-23,2018-08-13,4,SP,furniture_decor,Southeast,78.0
base,moving_average,2018-07-23,2018-07-23,1,SP,garden_tools,Northeast,2.0
base,moving_average,2018-07-23,2018-07-23,1,SP,garden_tools,Southeast,32.0
base,moving_average,2018-07-23,2018-07-30,2,SP,garden_tools,Northeast,1.0
base,moving_average,2018-07-23,2018-07-30,2,SP,garden_tools,Southeast,34.0
base,moving_average,2018-07-23,2018-08-06,3,SP,garden_tools,Northeast,1.0
base,moving_average,2018-07-23,2018-08-06,3,SP,garden_tools,Southeast,34.0
base,moving_average,2018-07-23,2018-08-13,4,SP,garden_tools,Northeast,2.0
base,moving_average,2018-07-23,2018-08-13,4,SP,garden_tools,South,2.0
base,moving_average,2018-07-23,2018-08-13,4,SP,garden_tools,Southeast,36.0
base,moving_average,2018-07-23,2018-07-23,1,SP,health_beauty,North,6.0
base,moving_average,2018-07-23,2018-07-23,1,SP,health_beauty,Northeast,13.0
base,moving_average,2018-07-23,2018-07-23,1,SP,health_beauty,Southeast,148.0
base,moving_average,2018-07-23,2018-07-30,2,SP,health_beauty,Central-West,14.0
base,moving_average,2018-07-23,2018-07-30,2,SP,health_beauty,North,7.0
base,moving_average,2018-07-23,2018-07-30,2,SP,health_beauty,Northeast,14.0
base,moving_average,2018-07-23,2018-07-30,2,SP,health_beauty,Southeast,147.0
base,moving_average,2018-07-23,2018-08-06,3,SP,health_beauty,Central-West,16.0
base,moving_average,2018-07-23,2018-08-06,3,SP,health_beauty,North,6.0
base,moving_average,2018-07-23,2018-08-06,3,SP,health_beauty,Northeast,16.0
base,moving_average,2018-07-23,2018-08-06,3,SP,health_beauty,Southeast,144.0
base,moving_average,2018-07-23,2018-08-13,4,SP,health_beauty,Central-West,15.0
base,moving_average,2018-07-23,2018-08-13,4,SP,health_beauty,North,6.0
base,moving_average,2018-07-23,2018-08-13,4,SP,health_beauty,Northeast,15.0
base,moving_average,2018-07-23,2018-08-13,4,SP,health_beauty,Southeast,154.0
base,moving_average,2018-07-23,2018-07-23,1,SP,housewares,North,2.0
base,moving_average,2018-07-23,2018-07-23,1,SP,housewares,Northeast,4.0
base,moving_average,2018-07-23,2018-07-23,1,SP,housewares,South,9.0
base,moving_average,2018-07-23,2018-07-23,1,SP,housewares,Southeast,76.0
base,moving_average,2018-07-23,2018-07-30,2,SP,housewares,Central-West,10.0
base,moving_average,2018-07-23,2018-07-30,2,SP,housewares,North,2.0
base,moving_average,2018-07-23,2018-07-30,2,SP,housewares,Northeast,2.0
base,moving_average,2018-07-23,2018-07-30,2,SP,housewares,Southeast,81.0
base,moving_average,2018-07-23,2018-08-06,3,SP,housewares,Central-West,13.0
base,moving_average,2018-07-23,2018-08-06,3,SP,housewares,North,2.0
base,moving_average,2018-07-23,2018-08-06,3,SP,housewares,Northeast,2.0
base,moving_average,2018-07-23,2018-08-06,3,SP,housewares,Southeast,78.0
base,moving_average,2018-07-23,2018-08-13,4,SP,housewares,Central-West,12.0
base,moving_average,2018-07-23,2018-08-13,4,SP,housewares,North,2.0
base,moving_average,2018-07-23,2018-08-13,4,SP,housewares,Northeast,2.0
base,moving_average,2018-07-23,2018-08-13,4,SP,housewares,Southeast,84.0
base,moving_average,2018-07-23,2018-07-23,1,SP,sports_leisure,Northeast,6.0
base,moving_average,2018-07-23,2018-07-23,1,SP,sports_leisure,Southeast,77.0
base,moving_average,2018-07-23,2018-07-30,2,SP,sports_leisure,Southeast,73.0
base,moving_average,2018-07-23,2018-08-06,3,SP,sports_leisure,Southeast,69.0
base,moving_average,2018-07-23,2018-08-13,4,SP,sports_leisure,Southeast,74.0
base,moving_average,2018-07-23,2018-07-23,1,SP,telephony,Southeast,29.0
base,moving_average,2018-07-23,2018-07-30,2,SP,telephony,Central-West,7.0
base,moving_average,2018-07-23,2018-07-30,2,SP,telephony,South,6.0
base,moving_average,2018-07-23,2018-07-30,2,SP,telephony,Southeast,30.0
base,moving_average,2018-07-23,2018-08-06,3,SP,telephony,Central-West,7.0
base,moving_average,2018-07-23,2018-08-06,3,SP,telephony,South,7.0
base,moving_average,2018-07-23,2018-08-06,3,SP,telephony,Southeast,31.0
base,moving_average,2018-07-23,2018-08-13,4,SP,telephony,Central-West,8.0
base,moving_average,2018-07-23,2018-08-13,4,SP,telephony,South,6.0
base,moving_average,2018-07-23,2018-08-13,4,SP,telephony,Southeast,34.0
base,moving_average,2018-07-23,2018-07-23,1,SP,watches_gifts,Northeast,20.0
base,moving_average,2018-07-23,2018-07-23,1,SP,watches_gifts,Southeast,85.0
base,moving_average,2018-07-23,2018-07-30,2,SP,watches_gifts,Central-West,9.0
base,moving_average,2018-07-23,2018-07-30,2,SP,watches_gifts,North,4.0
base,moving_average,2018-07-23,2018-07-30,2,SP,watches_gifts,Northeast,22.0
base,moving_average,2018-07-23,2018-07-30,2,SP,watches_gifts,Southeast,86.0
base,moving_average,2018-07-23,2018-08-06,3,SP,watches_gifts,Central-West,10.0
base,moving_average,2018-07-23,2018-08-06,3,SP,watches_gifts,North,4.0
base,moving_average,2018-07-23,2018-08-06,3,SP,watches_gifts,Northeast,24.0
base,moving_average,2018-07-23,2018-08-06,3,SP,watches_gifts,Southeast,90.0
base,moving_average,2018-07-23,2018-08-13,4,SP,watches_gifts,Central-West,9.0
base,moving_average,2018-07-23,2018-08-13,4,SP,watches_gifts,North,4.0
base,moving_average,2018-07-23,2018-08-13,4,SP,watches_gifts,Northeast,21.0
base,moving_average,2018-07-23,2018-08-13,4,SP,watches_gifts,Southeast,93.0
base,moving_average,2018-07-30,2018-07-30,1,MG,bed_bath_table,Central-West,6.0
base,moving_average,2018-07-30,2018-07-30,1,MG,bed_bath_table,Northeast,8.0
base,moving_average,2018-07-30,2018-08-06,2,MG,bed_bath_table,Central-West,4.0
base,moving_average,2018-07-30,2018-08-06,2,MG,bed_bath_table,Northeast,10.0
base,moving_average,2018-07-30,2018-08-13,3,MG,bed_bath_table,Central-West,4.0
base,moving_average,2018-07-30,2018-08-13,3,MG,bed_bath_table,Northeast,10.0
base,moving_average,2018-07-30,2018-08-20,4,MG,bed_bath_table,Central-West,4.0
base,moving_average,2018-07-30,2018-08-20,4,MG,bed_bath_table,Northeast,10.0
base,moving_average,2018-07-30,2018-07-30,1,MG,computers_accessories,Northeast,9.0
base,moving_average,2018-07-30,2018-08-06,2,MG,computers_accessories,Northeast,11.0
base,moving_average,2018-07-30,2018-08-13,3,MG,computers_accessories,Northeast,11.0
base,moving_average,2018-07-30,2018-08-20,4,MG,computers_accessories,Northeast,11.0
base,moving_average,2018-07-30,2018-07-30,1,MG,furniture_decor,Central-West,5.0
base,moving_average,2018-07-30,2018-07-30,1,MG,furniture_decor,Northeast,5.0
base,moving_average,2018-07-30,2018-08-06,2,MG,furniture_decor,Central-West,5.0
base,moving_average,2018-07-30,2018-08-06,2,MG,furniture_decor,Northeast,6.0
base,moving_average,2018-07-30,2018-08-13,3,MG,furniture_decor,Central-West,5.0
base,moving_average,2018-07-30,2018-08-13,3,MG,furniture_decor,Northeast,6.0
base,moving_average,2018-07-30,2018-08-20,4,MG,furniture_decor,Central-West,5.0
base,moving_average,2018-07-30,2018-08-20,4,MG,furniture_decor,Northeast,6.0
base,moving_average,2018-07-30,2018-07-30,1,MG,garden_tools,Southeast,8.0
base,moving_average,2018-07-30,2018-08-06,2,MG,health_beauty,Northeast,28.0
base,moving_average,2018-07-30,2018-08-13,3,MG,health_beauty,Northeast,14.0
base,moving_average,2018-07-30,2018-08-20,4,MG,health_beauty,Northeast,14.0
base,moving_average,2018-07-30,2018-07-30,1,MG,sports_leisure,Central-West,2.0
base,moving_average,2018-07-30,2018-07-30,1,MG,sports_leisure,Northeast,13.0
base,moving_average,2018-07-30,2018-08-06,2,MG,sports_leisure,Northeast,14.0
base,moving_average,2018-07-30,2018-08-13,3,MG,sports_leisure,Northeast,15.0
base,moving_average,2018-07-30,2018-08-20,4,MG,sports_leisure,Northeast,13.0
base,moving_average,2018-07-30,2018-07-30,1,MG,telephony,Northeast,5.0
base,moving_average,2018-07-30,2018-08-06,2,MG,telephony,Northeast,5.0
base,moving_average,2018-07-30,2018-08-13,3,MG,telephony,Northeast,5.0
base,moving_average,2018-07-30,2018-08-20,4,MG,telephony,Northeast,5.0
base,moving_average,2018-07-30,2018-07-30,1,PR,auto,South,8.0
base,moving_average,2018-07-30,2018-08-06,2,PR,auto,South,8.0
base,moving_average,2018-07-30,2018-08-13,3,PR,auto,South,8.0
base,moving_average,2018-07-30,2018-08-20,4,PR,auto,South,8.0
base,moving_average,2018-07-30,2018-07-30,1,PR,furniture_decor,South,13.0
base,moving_average,2018-07-30,2018-08-06,2,PR,furniture_decor,South,18.0
base,moving_average,2018-07-30,2018-08-13,3,PR,furniture_decor,South,21.0
base,moving_average,2018-07-30,2018-08-20,4,PR,furniture_decor,South,20.0
base,moving_average,2018-07-30,2018-07-30,1,PR,health_beauty,South,18.0
base,moving_average,2018-07-30,2018-08-06,2,PR,health_beauty,South,7.0
base,moving_average,2018-07-30,2018-08-13,3,PR,health_beauty,South,14.0
base,moving_average,2018-07-30,2018-08-20,4,PR,health_beauty,South,13.0
base,moving_average,2018-07-30,2018-07-30,1,PR,housewares,South,17.0
base,moving_average,2018-07-30,2018-08-06,2,PR,housewares,South,16.0
base,moving_average,2018-07-30,2018-08-13,3,PR,housewares,South,18.0
base,moving_average,2018-07-30,2018-08-20,4,PR,housewares,South,17.0
base,moving_average,2018-07-30,2018-08-13,3,PR,sports_leisure,South,2.0
base,moving_average,2018-07-30,2018-08-20,4,PR,sports_leisure,South,2.0
base,moving_average,2018-07-30,2018-07-30,1,PR,watches_gifts,South,2.0
base,moving_average,2018-07-30,2018-08-06,2,PR,watches_gifts,South,14.0
base,moving_average,2018-07-30,2018-08-13,3,PR,watches_gifts,South,8.0
base,moving_average,2018-07-30,2018-08-20,4,PR,watches_gifts,South,8.0
base,moving_average,2018-07-30,2018-07-30,1,RJ,auto,Central-West,6.0
base,moving_average,2018-07-30,2018-08-06,2,RJ,auto,Central-West,6.0
base,moving_average,2018-07-30,2018-08-13,3,RJ,auto,Central-West,6.0
base,moving_average,2018-07-30,2018-08-20,4,RJ,auto,Central-West,6.0
base,moving_average,2018-07-30,2018-07-30,1,RJ,bed_bath_table,Central-West,1.0
base,moving_average,2018-07-30,2018-07-30,1,RJ,bed_bath_table,South,9.0
base,moving_average,2018-07-30,2018-08-06,2,RJ,bed_bath_table,South,10.0
base,moving_average,2018-07-30,2018-08-13,3,RJ,bed_bath_table,South,10.0
base,moving_average,2018-07-30,2018-08-20,4,RJ,bed_bath_table,South,10.0
base,moving_average,2018-07-30,2018-07-30,1,RJ,furniture_decor,Northeast,5.0
base,moving_average,2018-07-30,2018-08-06,2,RJ,furniture_decor,Northeast,5.0
base,moving_average,2018-07-30,2018-08-13,3,RJ,furniture_decor,Northeast,5.0
base,moving_average,2018-07-30,2018-08-20,4,RJ,furniture_decor,Northeast,5.0
base,moving_average,2018-07-30,2018-07-30,1,RJ,garden_tools,Northeast,4.0
base,moving_average,2018-07-30,2018-08-06,2,RJ,garden_tools,Northeast,4.0
base,moving_average,2018-07-30,2018-08-13,3,RJ,garden_tools,Northeast,4.0
base,moving_average,2018-07-30,2018-08-20,4,RJ,garden_tools,Northeast,4.0
base,moving_average,2018-07-30,2018-07-30,1,RJ,health_beauty,Central-West,1.0
base,moving_average,2018-07-30,2018-08-06,2,RJ,health_beauty,Central-West,14.0
base,moving_average,2018-07-30,2018-07-30,1,RJ,housewares,Northeast,8.0
base,moving_average,2018-07-30,2018-08-06,2,RJ,housewares,Northeast,8.0
base,moving_average,2018-07-30,2018-08-13,3,RJ,housewares,Northeast,8.0
base,moving_average,2018-07-30,2018-08-20,4,RJ,housewares,Northeast,8.0
base,moving_average,2018-07-30,2018-07-30,1,RJ,sports_leisure,Central-West,4.0
base,moving_average,2018-07-30,2018-07-30,1,RJ,sports_leisure,North,1.0
base,moving_average,2018-07-30,2018-08-06,2,RJ,sports_leisure,Central-West,9.0
base,moving_average,2018-07-30,2018-08-06,2,RJ,sports_leisure,North,5.0
base,moving_average,2018-07-30,2018-08-13,3,RJ,sports_leisure,Central-West,10.0
base,moving_average,2018-07-30,2018-08-13,3,RJ,sports_leisure,North,6.0
base,moving_average,2018-07-30,2018-08-20,4,RJ,sports_leisure,Central-West,10.0
base,moving_average,2018-07-30,2018-08-20,4,RJ,sports_leisure,North,6.0
base,moving_average,2018-07-30,2018-07-30,1,RJ,telephony,North,2.0
base,moving_average,2018-07-30,2018-07-30,1,RJ,telephony,Northeast,3.0
base,moving_average,2018-07-30,2018-08-06,2,RJ,telephony,North,3.0
base,moving_average,2018-07-30,2018-08-06,2,RJ,telephony,Northeast,3.0
base,moving_average,2018-07-30,2018-08-13,3,RJ,telephony,North,3.0
base,moving_average,2018-07-30,2018-08-13,3,RJ,telephony,Northeast,3.0
base,moving_average,2018-07-30,2018-08-20,4,RJ,telephony,North,2.0
base,moving_average,2018-07-30,2018-08-20,4,RJ,telephony,Northeast,4.0
base,moving_average,2018-07-30,2018-08-06,2,RJ,watches_gifts,Central-West,8.0
base,moving_average,2018-07-30,2018-07-30,1,RS,auto,North,3.0
base,moving_average,2018-07-30,2018-08-06,2,RS,auto,North,3.0
base,moving_average,2018-07-30,2018-08-13,3,RS,auto,North,3.0
base,moving_average,2018-07-30,2018-08-20,4,RS,auto,North,3.0
base,moving_average,2018-07-30,2018-07-30,1,RS,bed_bath_table,North,3.0
base,moving_average,2018-07-30,2018-07-30,1,RS,bed_bath_table,South,3.0
base,moving_average,2018-07-30,2018-08-06,2,RS,bed_bath_table,North,2.0
base,moving_average,2018-07-30,2018-08-06,2,RS,bed_bath_table,South,4.0
base,moving_average,2018-07-30,2018-08-13,3,RS,bed_bath_table,North,2.0
base,moving_average,2018-07-30,2018-08-13,3,RS,bed_bath_table,South,4.0
base,moving_average,2018-07-30,2018-08-20,4,RS,bed_bath_table,North,3.0
base,moving_average,2018-07-30,2018-08-20,4,RS,bed_bath_table,South,3.0
base,moving_average,2018-07-30,2018-07-30,1,RS,computers_accessories,South,7.0
base,moving_average,2018-07-30,2018-08-06,2,RS,computers_accessories,South,9.0
base,moving_average,2018-07-30,2018-08-13,3,RS,computers_accessories,South,9.0
base,moving_average,2018-07-30,2018-08-20,4,RS,computers_accessories,South,9.0
base,moving_average,2018-07-30,2018-07-30,1,RS,furniture_decor,North,5.0
base,moving_average,2018-07-30,2018-08-06,2,RS,furniture_decor,North,5.0
base,moving_average,2018-07-30,2018-08-13,3,RS,furniture_decor,North,5.0
base,moving_average,2018-07-30,2018-08-20,4,RS,furniture_decor,North,5.0
base,moving_average,2018-07-30,2018-07-30,1,RS,garden_tools,North,2.0
base,moving_average,2018-07-30,2018-07-30,1,RS,garden_tools,Southeast,2.0
base,moving_average,2018-07-30,2018-08-06,2,RS,garden_tools,North,2.0
base,moving_average,2018-07-30,2018-08-13,3,RS,garden_tools,North,2.0
base,moving_average,2018-07-30,2018-08-20,4,RS,garden_tools,North,1.0
base,moving_average,2018-07-30,2018-07-30,1,RS,health_beauty,South,2.0
base,moving_average,2018-07-30,2018-08-06,2,RS,health_beauty,South,14.0
base,moving_average,2018-07-30,2018-08-13,3,RS,health_beauty,South,8.0
base,moving_average,2018-07-30,2018-08-20,4,RS,health_beauty,South,8.0
base,moving_average,2018-07-30,2018-07-30,1,RS,housewares,South,7.0
base,moving_average,2018-07-30,2018-08-06,2,RS,housewares,South,10.0
base,moving_average,2018-07-30,2018-08-13,3,RS,housewares,South,11.0
base,moving_average,2018-07-30,2018-08-20,4,RS,housewares,South,11.0
base,moving_average,2018-07-30,2018-07-30,1,RS,telephony,South,5.0
base,moving_average,2018-07-30,2018-08-06,2,RS,telephony,South,5.0
base,moving_average,2018-07-30,2018-08-13,3,RS,telephony,South,5.0
base,moving_average,2018-07-30,2018-08-20,4,RS,telephony,South,5.0
base,moving_average,2018-07-30,2018-08-06,2,RS,watches_gifts,South,2.0
base,moving_average,2018-07-30,2018-08-13,3,RS,watches_gifts,South,1.0
base,moving_average,2018-07-30,2018-07-30,1,SC,bed_bath_table,South,7.0
base,moving_average,2018-07-30,2018-08-06,2,SC,bed_bath_table,South,6.0
base,moving_average,2018-07-30,2018-08-13,3,SC,bed_bath_table,South,6.0
base,moving_average,2018-07-30,2018-08-20,4,SC,bed_bath_table,South,7.0
base,moving_average,2018-07-30,2018-07-30,1,SC,computers_accessories,South,9.0
base,moving_average,2018-07-30,2018-08-06,2,SC,computers_accessories,South,9.0
base,moving_average,2018-07-30,2018-08-13,3,SC,computers_accessories,South,9.0
base,moving_average,2018-07-30,2018-08-20,4,SC,computers_accessories,South,9.0
base,moving_average,2018-07-30,2018-07-30,1,SC,furniture_decor,South,6.0
base,moving_average,2018-07-30,2018-08-06,2,SC,furniture_decor,South,6.0
base,moving_average,2018-07-30,2018-08-13,3,SC,furniture_decor,South,6.0
base,moving_average,2018-07-30,2018-08-20,4,SC,furniture_decor,South,6.0
base,moving_average,2018-07-30,2018-07-30,1,SC,garden_tools,Central-West,3.0
base,moving_average,2018-07-30,2018-07-30,1,SC,garden_tools,South,6.0
base,moving_average,2018-07-30,2018-07-30,1,SC,garden_tools,Southeast,4.0
base,moving_average,2018-07-30,2018-08-06,2,SC,garden_tools,Central-West,3.0
base,moving_average,2018-07-30,2018-08-06,2,SC,garden_tools,South,5.0
base,moving_average,2018-07-30,2018-08-13,3,SC,garden_tools,Central-West,3.0
base,moving_average,2018-07-30,2018-08-13,3,SC,garden_tools,South,5.0
base,moving_average,2018-07-30,2018-08-20,4,SC,garden_tools,Central-West,3.0
base,moving_average,2018-07-30,2018-08-20,4,SC,garden_tools,South,5.0
base,moving_average,2018-07-30,2018-07-30,1,SC,sports_leisure,South,17.0
base,moving_average,2018-07-30,2018-08-06,2,SC,sports_leisure,South,18.0
base,moving_average,2018-07-30,2018-08-13,3,SC,sports_leisure,South,18.0
base,moving_average,2018-07-30,2018-08-20,4,SC,sports_leisure,South,18.0
base,moving_average,2018-07-30,2018-07-30,1,SC,watches_gifts,South,15.0
base,moving_average,2018-07-30,2018-08-06,2,SC,watches_gifts,South,2.0
base,moving_average,2018-07-30,2018-08-13,3,SC,watches_gifts,South,9.0
base,moving_average,2018-07-30,2018-08-20,4,SC,watches_gifts,South,9.0
base,moving_average,2018-07-30,2018-07-30,1,SP,auto,North,1.0
base,moving_average,2018-07-30,2018-07-30,1,SP,auto,Northeast,8.0
base,moving_average,2018-07-30,2018-07-30,1,SP,auto,South,7.0
base,moving_average,2018-07-30,2018-07-30,1,SP,auto,Southeast,54.0
base,moving_average,2018-07-30,2018-08-06,2,SP,auto,Central-West,1.0
base,moving_average,2018-07-30,2018-08-06,2,SP,auto,North,2.0
base,moving_average,2018-07-30,2018-08-06,2,SP,auto,Northeast,16.0
base,moving_average,2018-07-30,2018-08-06,2,SP,auto,South,8.0
base,moving_average,2018-07-30,2018-08-06,2,SP,auto,Southeast,54.0
base,moving_average,2018-07-30,2018-08-13,3,SP,auto,Central-West,2.0
base,moving_average,2018-07-30,2018-08-13,3,SP,auto,North,2.0
base,moving_average,2018-07-30,2018-08-13,3,SP,auto,Northeast,15.0
base,moving_average,2018-07-30,2018-08-13,3,SP,auto,South,8.0
base,moving_average,2018-07-30,2018-08-13,3,SP,auto,Southeast,61.0
base,moving_average,2018-07-30,2018-08-20,4,SP,auto,Central-West,2.0
base,moving_average,2018-07-30,2018-08-20,4,SP,auto,North,2.0
base,moving_average,2018-07-30,2018-08-20,4,SP,auto,Northeast,14.0
base,moving_average,2018-07-30,2018-08-20,4,SP,auto,South,7.0
base,moving_average,2018-07-30,2018-08-20,4,SP,auto,Southeast,61.0
base,moving_average,2018-07-30,2018-07-30,1,SP,bed_bath_table,Central-West,4.0
base,moving_average,2018-07-30,2018-07-30,1,SP,bed_bath_table,Southeast,124.0
base,moving_average,2018-07-30,2018-08-06,2,SP,bed_bath_table,Central-West,8.0
base,moving_average,2018-07-30,2018-08-06,2,SP,bed_bath_table,Southeast,125.0
base,moving_average,2018-07-30,2018-08-13,3,SP,bed_bath_table,Central-West,8.0
base,moving_average,2018-07-30,2018-08-13,3,SP,bed_bath_table,Southeast,138.0
base,moving_average,2018-07-30,2018-08-20,4,SP,bed_bath_table,Central-West,8.0
base,moving_average,2018-07-30,2018-08-20,4,SP,bed_bath_table,Southeast,132.0
base,moving_average,2018-07-30,2018-07-30,1,SP,computers_accessories,Central-West,7.0
base,moving_average,2018-07-30,2018-07-30,1,SP,computers_accessories,North,4.0
base,moving_average,2018-07-30,2018-07-30,1,SP,computers_accessories,Southeast,63.0
base,moving_average,2018-07-30,2018-08-06,2,SP,computers_accessories,Central-West,7.0
base,moving_average,2018-07-30,2018-08-06,2,SP,computers_accessories,North,5.0
base,moving_average,2018-07-30,2018-08-06,2,SP,computers_accessories,Southeast,70.0
base,moving_average,2018-07-30,2018-08-13,3,SP,computers_accessories,Central-West,8.0
base,moving_average,2018-07-30,2018-08-13,3,SP,computers_accessories,North,6.0
base,moving_average,2018-07-30,2018-08-13,3,SP,computers_accessories,Southeast,76.0
base,moving_average,2018-07-30,2018-08-20,4,SP,computers_accessories,Central-West,7.0
base,moving_average,2018-07-30,2018-08-20,4,SP,computers_accessories,North,6.0
base,moving_average,2018-07-30,2018-08-20,4,SP,computers_accessories,Southeast,77.0
base,moving_average,2018-07-30,2018-07-30,1,SP,furniture_decor,Southeast,72.0
base,moving_average,2018-07-30,2018-08-06,2,SP,furniture_decor,Southeast,77.0
base,moving_average,2018-07-30,2018-08-13,3,SP,furniture_decor,North,1.0
base,moving_average,2018-07-30,2018-08-13,3,SP,furniture_decor,Southeast,86.0
base,moving_average,2018-07-30,2018-08-20,4,SP,furniture_decor,North,1.0
base,moving_average,2018-07-30,2018-08-20,4,SP,furniture_decor,Southeast,84.0
base,moving_average,2018-07-30,2018-07-30,1,SP,garden_tools,Northeast,1.0
base,moving_average,2018-07-30,2018-07-30,1,SP,garden_tools,Southeast,22.0
base,moving_average,2018-07-30,2018-08-06,2,SP,garden_tools,Northeast,2.0
base,moving_average,2018-07-30,2018-08-06,2,SP,garden_tools,South,1.0
base,moving_average,2018-07-30,2018-08-06,2,SP,garden_tools,Southeast,37.0
base,moving_average,2018-07-30,2018-08-13,3,SP,garden_tools,Northeast,2.0
base,moving_average,2018-07-30,2018-08-13,3,SP,garden_tools,South,1.0
base,moving_average,2018-07-30,2018-08-13,3,SP,garden_tools,Southeast,40.0
base,moving_average,2018-07-30,2018-08-20,4,SP,garden_tools,Northeast,2.0
base,moving_average,2018-07-30,2018-08-20,4,SP,garden_tools,South,1.0
base,moving_average,2018-07-30,2018-08-20,4,SP,garden_tools,Southeast,42.0
base,moving_average,2018-07-30,2018-07-30,1,SP,health_beauty,Central-West,12.0
base,moving_average,2018-07-30,2018-07-30,1,SP,health_beauty,North,7.0
base,moving_average,2018-07-30,2018-07-30,1,SP,health_beauty,Northeast,28.0
base,moving_average,2018-07-30,2018-07-30,1,SP,health_beauty,Southeast,143.0
base,moving_average,2018-07-30,2018-08-06,2,SP,health_beauty,North,7.0
base,moving_average,2018-07-30,2018-08-06,2,SP,health_beauty,Northeast,1.0
base,moving_average,2018-07-30,2018-08-06,2,SP,health_beauty,Southeast,139.0
base,moving_average,2018-07-30,2018-08-13,3,SP,health_beauty,Central-West,13.0
base,moving_average,2018-07-30,2018-08-13,3,SP,health_beauty,North,6.0
base,moving_average,2018-07-30,2018-08-13,3,SP,health_beauty,Northeast,15.0
base,moving_average,2018-07-30,2018-08-13,3,SP,health_beauty,Southeast,148.0
base,moving_average,2018-07-30,2018-08-20,4,SP,health_beauty,Central-West,12.0
base,moving_average,2018-07-30,2018-08-20,4,SP,health_beauty,North,7.0
base,moving_average,2018-07-30,2018-08-20,4,SP,health_beauty,Northeast,14.0
base,moving_average,2018-07-30,2018-08-20,4,SP,health_beauty,Southeast,142.0
base,moving_average,2018-07-30,2018-07-30,1,SP,housewares,Central-West,7.0
base,moving_average,2018-07-30,2018-07-30,1,SP,housewares,North,2.0
base,moving_average,2018-07-30,2018-07-30,1,SP,housewares,Southeast,86.0
base,moving_average,2018-07-30,2018-08-06,2,SP,housewares,Central-West,17.0
base,moving_average,2018-07-30,2018-08-06,2,SP,housewares,North,2.0
base,moving_average,2018-07-30,2018-08-06,2,SP,housewares,Northeast,1.0
base,moving_average,2018-07-30,2018-08-06,2,SP,housewares,Southeast,94.0
base,moving_average,2018-07-30,2018-08-13,3,SP,housewares,Central-West,17.0
base,moving_average,2018-07-30,2018-08-13,3,SP,housewares,North,2.0
base,moving_average,2018-07-30,2018-08-13,3,SP,housewares,Northeast,1.0
base,moving_average,2018-07-30,2018-08-13,3,SP,housewares,Southeast,103.0
base,moving_average,2018-07-30,2018-08-20,4,SP,housewares,Central-West,18.0
base,moving_average,2018-07-30,2018-08-20,4,SP,housewares,North,2.0
base,moving_average,2018-07-30,2018-08-20,4,SP,housewares,Northeast,1.0
base,moving_average,2018-07-30,2018-08-20,4,SP,housewares,Southeast,105.0
base,moving_average,2018-07-30,2018-07-30,1,SP,sports_leisure,Central-West,3.0
base,moving_average,2018-07-30,2018-07-30,1,SP,sports_leisure,Southeast,58.0
base,moving_average,2018-07-30,2018-08-06,2,SP,sports_leisure,Southeast,75.0
base,moving_average,2018-07-30,2018-08-13,3,SP,sports_leisure,Southeast,82.0
base,moving_average,2018-07-30,2018-08-20,4,SP,sports_leisure,Southeast,84.0
base,moving_average,2018-07-30,2018-07-30,1,SP,telephony,Central-West,7.0
base,moving_average,2018-07-30,2018-07-30,1,SP,telephony,Northeast,3.0
base,moving_average,2018-07-30,2018-07-30,1,SP,telephony,Southeast,33.0
base,moving_average,2018-07-30,2018-08-06,2,SP,telephony,Central-West,7.0
base,moving_average,2018-07-30,2018-08-06,2,SP,telephony,Northeast,4.0
base,moving_average,2018-07-30,2018-08-06,2,SP,telephony,South,6.0
base,moving_average,2018-07-30,2018-08-06,2,SP,telephony,Southeast,35.0
base,moving_average,2018-07-30,2018-08-13,3,SP,telephony,Central-West,8.0
base,moving_average,2018-07-30,2018-08-13,3,SP,telephony,Northeast,5.0
base,moving_average,2018-07-30,2018-08-13,3,SP,telephony,South,5.0
base,moving_average,2018-07-30,2018-08-13,3,SP,telephony,Southeast,39.0
base,moving_average,2018-07-30,2018-08-20,4,SP,telephony,Central-West,7.0
base,moving_average,2018-07-30,2018-08-20,4,SP,telephony,Northeast,5.0
base,moving_average,2018-07-30,2018-08-20,4,SP,telephony,South,5.0
base,moving_average,2018-07-30,2018-08-20,4,SP,telephony,Southeast,37.0
base,moving_average,2018-07-30,2018-07-30,1,SP,watches_gifts,Central-West,9.0
base,moving_average,2018-07-30,2018-07-30,1,SP,watches_gifts,North,5.0
base,moving_average,2018-07-30,2018-07-30,1,SP,watches_gifts,Northeast,23.0
base,moving_average,2018-07-30,2018-07-30,1,SP,watches_gifts,Southeast,82.0
base,moving_average,2018-07-30,2018-08-06,2,SP,watches_gifts,Central-West,2.0
base,moving_average,2018-07-30,2018-08-06,2,SP,watches_gifts,North,5.0
base,moving_average,2018-07-30,2018-08-06,2,SP,watches_gifts,Northeast,25.0
base,moving_average,2018-07-30,2018-08-06,2,SP,watches_gifts,Southeast,86.0
base,moving_average,2018-07-30,2018-08-13,3,SP,watches_gifts,Central-West,10.0
base,moving_average,2018-07-30,2018-08-13,3,SP,watches_gifts,North,5.0
base,moving_average,2018-07-30,2018-08-13,3,SP,watches_gifts,Northeast,23.0
base,moving_average,2018-07-30,2018-08-13,3,SP,watches_gifts,Southeast,89.0
base,moving_average,2018-07-30,2018-08-20,4,SP,watches_gifts,Central-West,10.0
base,moving_average,2018-07-30,2018-08-20,4,SP,watches_gifts,North,5.0
base,moving_average,2018-07-30,2018-08-20,4,SP,watches_gifts,Northeast,24.0
base,moving_average,2018-07-30,2018-08-20,4,SP,watches_gifts,Southeast,84.0
base,moving_average,2018-08-06,2018-08-06,1,MG,bed_bath_table,Central-West,11.0
base,moving_average,2018-08-06,2018-08-06,1,MG,bed_bath_table,Northeast,3.0
base,moving_average,2018-08-06,2018-08-13,2,MG,bed_bath_table,Central-West,4.0
base,moving_average,2018-08-06,2018-08-13,2,MG,bed_bath_table,Northeast,10.0
base,moving_average,2018-08-06,2018-08-20,3,MG,bed_bath_table,Central-West,4.0
base,moving_average,2018-08-06,2018-08-20,3,MG,bed_bath_table,Northeast,10.0
base,moving_average,2018-08-06,2018-08-27,4,MG,bed_bath_table,Central-West,4.0
base,moving_average,2018-08-06,2018-08-27,4,MG,bed_bath_table,Northeast,10.0
base,moving_average,2018-08-06,2018-08-06,1,MG,computers_accessories,Northeast,11.0
base,moving_average,2018-08-06,2018-08-13,2,MG,computers_accessories,North,4.0
base,moving_average,2018-08-06,2018-08-13,2,MG,computers_accessories,Northeast,11.0
base,moving_average,2018-08-06,2018-08-20,3,MG,computers_accessories,North,8.0
base,moving_average,2018-08-06,2018-08-20,3,MG,computers_accessories,Northeast,12.0
base,moving_average,2018-08-06,2018-08-27,4,MG,computers_accessories,North,9.0
base,moving_average,2018-08-06,2018-08-27,4,MG,computers_accessories,Northeast,12.0
base,moving_average,2018-08-06,2018-08-06,1,MG,furniture_decor,Central-West,5.0
base,moving_average,2018-08-06,2018-08-06,1,MG,furniture_decor,Northeast,6.0
base,moving_average,2018-08-06,2018-08-13,2,MG,furniture_decor,Central-West,6.0
base,moving_average,2018-08-06,2018-08-13,2,MG,furniture_decor,Northeast,6.0
base,moving_average,2018-08-06,2018-08-20,3,MG,furniture_decor,Central-West,6.0
base,moving_average,2018-08-06,2018-08-20,3,MG,furniture_decor,Northeast,6.0
base,moving_average,2018-08-06,2018-08-27,4,MG,furniture_decor,Central-West,6.0
base,moving_average,2018-08-06,2018-08-27,4,MG,furniture_decor,Northeast,6.0
base,moving_average,2018-08-06,2018-08-06,1,MG,garden_tools,Southeast,8.0
base,moving_average,2018-08-06,2018-08-06,1,MG,health_beauty,Northeast,14.0
base,moving_average,2018-08-06,2018-08-13,2,MG,health_beauty,Northeast,14.0
base,moving_average,2018-08-06,2018-08-20,3,MG,health_beauty,Northeast,13.0
base,moving_average,2018-08-06,2018-08-27,4,MG,health_beauty,Northeast,15.0
base,moving_average,2018-08-06,2018-08-20,3,MG,housewares,Central-West,3.0
base,moving_average,2018-08-06,2018-08-27,4,MG,housewares,Central-West,3.0
base,moving_average,2018-08-06,2018-08-06,1,MG,sports_leisure,Northeast,14.0
base,moving_average,2018-08-06,2018-08-13,2,MG,sports_leisure,Northeast,15.0
base,moving_average,2018-08-06,2018-08-20,3,MG,sports_leisure,Northeast,13.0
base,moving_average,2018-08-06,2018-08-27,4,MG,sports_leisure,Northeast,14.0
base,moving_average,2018-08-06,2018-08-06,1,MG,telephony,Northeast,5.0
base,moving_average,2018-08-06,2018-08-13,2,MG,telephony,Northeast,5.0
base,moving_average,2018-08-06,2018-08-20,3,MG,telephony,Northeast,5.0
base,moving_average,2018-08-06,2018-08-27,4,MG,telephony,Northeast,5.0
base,moving_average,2018-08-06,2018-08-06,1,PR,auto,South,8.0
base,moving_average,2018-08-06,2018-08-13,2,PR,auto,South,8.0
base,moving_average,2018-08-06,2018-08-20,3,PR,auto,South,8.0
base,moving_average,2018-08-06,2018-08-27,4,PR,auto,South,8.0
base,moving_average,2018-08-06,2018-08-06,1,PR,furniture_decor,South,18.0
base,moving_average,2018-08-06,2018-08-13,2,PR,furniture_decor,South,21.0
base,moving_average,2018-08-06,2018-08-20,3,PR,furniture_decor,South,21.0
base,moving_average,2018-08-06,2018-08-27,4,PR,furniture_decor,South,19.0
base,moving_average,2018-08-06,2018-08-06,1,PR,health_beauty,South,12.0
base,moving_average,2018-08-06,2018-08-13,2,PR,health_beauty,South,16.0
base,moving_average,2018-08-06,2018-08-20,3,PR,health_beauty,South,15.0
base,moving_average,2018-08-06,2018-08-27,4,PR,health_beauty,South,15.0
base,moving_average,2018-08-06,2018-08-06,1,PR,housewares,South,17.0
base,moving_average,2018-08-06,2018-08-13,2,PR,housewares,South,17.0
base,moving_average,2018-08-06,2018-08-20,3,PR,housewares,South,17.0
base,moving_average,2018-08-06,2018-08-27,4,PR,housewares,South,17.0
base,moving_average,2018-08-06,2018-08-13,2,PR,sports_leisure,South,2.0
base,moving_average,2018-08-06,2018-08-20,3,PR,sports_leisure,South,3.0
base,moving_average,2018-08-06,2018-08-27,4,PR,sports_leisure,South,2.0
base,moving_average,2018-08-06,2018-08-06,1,PR,watches_gifts,South,8.0
base,moving_average,2018-08-06,2018-08-13,2,PR,watches_gifts,South,8.0
base,moving_average,2018-08-06,2018-08-20,3,PR,watches_gifts,South,8.0
base,moving_average,2018-08-06,2018-08-27,4,PR,watches_gifts,South,8.0
base,moving_average,2018-08-06,2018-08-06,1,RJ,auto,Central-West,6.0
base,moving_average,2018-08-06,2018-08-13,2,RJ,auto,Central-West,6.0
base,moving_average,2018-08-06,2018-08-20,3,RJ,auto,Central-West,6.0
base,moving_average,2018-08-06,2018-08-27,4,RJ,auto,Central-West,6.0
base,moving_average,2018-08-06,2018-08-06,1,RJ,bed_bath_table,South,9.0
base,moving_average,2018-08-06,2018-08-06,1,RJ,bed_bath_table,Southeast,1.0
base,moving_average,2018-08-06,2018-08-13,2,RJ,bed_bath_table,South,10.0
base,moving_average,2018-08-06,2018-08-20,3,RJ,bed_bath_table,South,10.0
base,moving_average,2018-08-06,2018-08-27,4,RJ,bed_bath_table,South,10.0
base,moving_average,2018-08-06,2018-08-06,1,RJ,furniture_decor,Northeast,5.0
base,moving_average,2018-08-06,2018-08-13,2,RJ,furniture_decor,Northeast,5.0
base,moving_average,2018-08-06,2018-08-20,3,RJ,furniture_decor,Northeast,5.0
base,moving_average,2018-08-06,2018-08-27,4,RJ,furniture_decor,Northeast,5.0
base,moving_average,2018-08-06,2018-08-06,1,RJ,garden_tools,Northeast,4.0
base,moving_average,2018-08-06,2018-08-13,2,RJ,garden_tools,Northeast,4.0
base,moving_average,2018-08-06,2018-08-20,3,RJ,garden_tools,Northeast,4.0
base,moving_average,2018-08-06,2018-08-27,4,RJ,garden_tools,Northeast,4.0
base,moving_average,2018-08-06,2018-08-06,1,RJ,health_beauty,Central-West,15.0
base,moving_average,2018-08-06,2018-08-13,2,RJ,health_beauty,Central-West,3.0
base,moving_average,2018-08-06,2018-08-27,4,RJ,health_beauty,Central-West,7.0
base,moving_average,2018-08-06,2018-08-06,1,RJ,housewares,Northeast,8.0
base,moving_average,2018-08-06,2018-08-13,2,RJ,housewares,Northeast,8.0
base,moving_average,2018-08-06,2018-08-20,3,RJ,housewares,Northeast,8.0
base,moving_average,2018-08-06,2018-08-27,4,RJ,housewares,Northeast,8.0
base,moving_average,2018-08-06,2018-08-06,1,RJ,sports_leisure,Central-West,10.0
base,moving_average,2018-08-06,2018-08-06,1,RJ,sports_leisure,Southeast,4.0
base,moving_average,2018-08-06,2018-08-13,2,RJ,sports_leisure,Central-West,11.0
base,moving_average,2018-08-06,2018-08-13,2,RJ,sports_leisure,North,6.0
base,moving_average,2018-08-06,2018-08-20,3,RJ,sports_leisure,Central-West,11.0
base,moving_average,2018-08-06,2018-08-20,3,RJ,sports_leisure,North,7.0
base,moving_average,2018-08-06,2018-08-27,4,RJ,sports_leisure,Central-West,11.0
base,moving_average,2018-08-06,2018-08-27,4,RJ,sports_leisure,North,6.0
base,moving_average,2018-08-06,2018-08-06,1,RJ,telephony,North,3.0
base,moving_average,2018-08-06,2018-08-06,1,RJ,telephony,Northeast,3.0
base,moving_average,2018-08-06,2018-08-13,2,RJ,telephony,North,3.0
base,moving_average,2018-08-06,2018-08-13,2,RJ,telephony,Northeast,3.0
base,moving_average,2018-08-06,2018-08-20,3,RJ,telephony,North,2.0
base,moving_average,2018-08-06,2018-08-20,3,RJ,telephony,Northeast,4.0
base,moving_average,2018-08-06,2018-08-27,4,RJ,telephony,North,2.0
base,moving_average,2018-08-06,2018-08-27,4,RJ,telephony,Northeast,4.0
base,moving_average,2018-08-06,2018-08-06,1,RS,auto,North,3.0
base,moving_average,2018-08-06,2018-08-13,2,RS,auto,North,3.0
base,moving_average,2018-08-06,2018-08-20,3,RS,auto,North,3.0
base,moving_average,2018-08-06,2018-08-27,4,RS,auto,North,3.0
base,moving_average,2018-08-06,2018-08-06,1,RS,bed_bath_table,North,2.0
base,moving_average,2018-08-06,2018-08-06,1,RS,bed_bath_table,South,4.0
base,moving_average,2018-08-06,2018-08-13,2,RS,bed_bath_table,North,2.0
base,moving_average,2018-08-06,2018-08-13,2,RS,bed_bath_table,South,4.0
base,moving_average,2018-08-06,2018-08-20,3,RS,bed_bath_table,North,2.0
base,moving_average,2018-08-06,2018-08-20,3,RS,bed_bath_table,South,4.0
base,moving_average,2018-08-06,2018-08-27,4,RS,bed_bath_table,North,2.0
base,moving_average,2018-08-06,2018-08-27,4,RS,bed_bath_table,South,4.0
base,moving_average,2018-08-06,2018-08-06,1,RS,computers_accessories,South,9.0
base,moving_average,2018-08-06,2018-08-13,2,RS,computers_accessories,South,9.0
base,moving_average,2018-08-06,2018-08-20,3,RS,computers_accessories,South,8.0
base,moving_average,2018-08-06,2018-08-27,4,RS,computers_accessories,South,8.0
base,moving_average,2018-08-06,2018-08-06,1,RS,furniture_decor,North,4.0
base,moving_average,2018-08-06,2018-08-06,1,RS,furniture_decor,South,1.0
base,moving_average,2018-08-06,2018-08-13,2,RS,furniture_decor,North,5.0
base,moving_average,2018-08-06,2018-08-20,3,RS,furniture_decor,North,5.0
base,moving_average,2018-08-06,2018-08-27,4,RS,furniture_decor,North,4.0
base,moving_average,2018-08-06,2018-08-27,4,RS,furniture_decor,South,1.0
base,moving_average,2018-08-06,2018-08-06,1,RS,garden_tools,North,2.0
base,moving_average,2018-08-06,2018-08-13,2,RS,garden_tools,North,1.0
base,moving_average,2018-08-06,2018-08-13,2,RS,garden_tools,South,1.0
base,moving_average,2018-08-06,2018-08-20,3,RS,garden_tools,North,1.0
base,moving_average,2018-08-06,2018-08-27,4,RS,garden_tools,North,1.0
base,moving_average,2018-08-06,2018-08-06,1,RS,health_beauty,South,8.0
base,moving_average,2018-08-06,2018-08-13,2,RS,health_beauty,South,8.0
base,moving_average,2018-08-06,2018-08-20,3,RS,health_beauty,South,8.0
base,moving_average,2018-08-06,2018-08-27,4,RS,health_beauty,South,8.0
base,moving_average,2018-08-06,2018-08-06,1,RS,housewares,South,10.0
base,moving_average,2018-08-06,2018-08-13,2,RS,housewares,South,11.0
base,moving_average,2018-08-06,2018-08-20,3,RS,housewares,South,11.0
base,moving_average,2018-08-06,2018-08-27,4,RS,housewares,South,11.0
base,moving_average,2018-08-06,2018-08-06,1,RS,telephony,South,5.0
base,moving_average,2018-08-06,2018-08-13,2,RS,telephony,South,5.0
base,moving_average,2018-08-06,2018-08-20,3,RS,telephony,South,5.0
base,moving_average,2018-08-06,2018-08-27,4,RS,telephony,South,5.0
base,moving_average,2018-08-06,2018-08-13,2,RS,watches_gifts,South,2.0
base,moving_average,2018-08-06,2018-08-20,3,RS,watches_gifts,South,1.0
base,moving_average,2018-08-06,2018-08-27,4,RS,watches_gifts,South,2.0
base,moving_average,2018-08-06,2018-08-06,1,SC,bed_bath_table,South,6.0
base,moving_average,2018-08-06,2018-08-13,2,SC,bed_bath_table,South,5.0
base,moving_average,2018-08-06,2018-08-20,3,SC,bed_bath_table,South,4.0
base,moving_average,2018-08-06,2018-08-27,4,SC,bed_bath_table,South,4.0
base,moving_average,2018-08-06,2018-08-06,1,SC,computers_accessories,South,9.0
base,moving_average,2018-08-06,2018-08-13,2,SC,computers_accessories,South,9.0
base,moving_average,2018-08-06,2018-08-20,3,SC,computers_accessories,South,9.0
base,moving_average,2018-08-06,2018-08-27,4,SC,computers_accessories,South,9.0
base,moving_average,2018-08-06,2018-08-06,1,SC,furniture_decor,South,5.0
base,moving_average,2018-08-06,2018-08-06,1,SC,furniture_decor,Southeast,1.0
base,moving_average,2018-08-06,2018-08-13,2,SC,furniture_decor,South,6.0
base,moving_average,2018-08-06,2018-08-20,3,SC,furniture_decor,South,6.0
base,moving_average,2018-08-06,2018-08-27,4,SC,furniture_decor,South,6.0
base,moving_average,2018-08-06,2018-08-06,1,SC,garden_tools,Central-West,3.0
base,moving_average,2018-08-06,2018-08-06,1,SC,garden_tools,South,6.0
base,moving_average,2018-08-06,2018-08-13,2,SC,garden_tools,Central-West,3.0
base,moving_average,2018-08-06,2018-08-13,2,SC,garden_tools,South,5.0
base,moving_average,2018-08-06,2018-08-20,3,SC,garden_tools,Central-West,3.0
base,moving_average,2018-08-06,2018-08-20,3,SC,garden_tools,South,6.0
base,moving_average,2018-08-06,2018-08-27,4,SC,garden_tools,Central-West,3.0
base,moving_average,2018-08-06,2018-08-27,4,SC,garden_tools,South,5.0
base,moving_average,2018-08-06,2018-08-06,1,SC,sports_leisure,South,18.0
base,moving_average,2018-08-06,2018-08-13,2,SC,sports_leisure,South,18.0
base,moving_average,2018-08-06,2018-08-20,3,SC,sports_leisure,South,18.0
base,moving_average,2018-08-06,2018-08-27,4,SC,sports_leisure,South,18.0
base,moving_average,2018-08-06,2018-08-06,1,SC,watches_gifts,South,2.0
base,moving_average,2018-08-06,2018-08-13,2,SC,watches_gifts,South,9.0
base,moving_average,2018-08-06,2018-08-20,3,SC,watches_gifts,South,9.0
base,moving_average,2018-08-06,2018-08-27,4,SC,watches_gifts,South,9.0
base,moving_average,2018-08-06,2018-08-06,1,SP,auto,Central-West,1.0
base,moving_average,2018-08-06,2018-08-06,1,SP,auto,North,1.0
base,moving_average,2018-08-06,2018-08-06,1,SP,auto,Northeast,10.0
base,moving_average,2018-08-06,2018-08-06,1,SP,auto,South,8.0
base,moving_average,2018-08-06,2018-08-06,1,SP,auto,Southeast,61.0
base,moving_average,2018-08-06,2018-08-13,2,SP,auto,Central-West,2.0
base,moving_average,2018-08-06,2018-08-13,2,SP,auto,North,1.0
base,moving_average,2018-08-06,2018-08-13,2,SP,auto,Northeast,15.0
base,moving_average,2018-08-06,2018-08-13,2,SP,auto,South,8.0
base,moving_average,2018-08-06,2018-08-13,2,SP,auto,Southeast,70.0
base,moving_average,2018-08-06,2018-08-20,3,SP,auto,Central-West,1.0
base,moving_average,2018-08-06,2018-08-20,3,SP,auto,North,1.0
base,moving_average,2018-08-06,2018-08-20,3,SP,auto,Northeast,15.0
base,moving_average,2018-08-06,2018-08-20,3,SP,auto,South,7.0
base,moving_average,2018-08-06,2018-08-20,3,SP,auto,Southeast,71.0
base,moving_average,2018-08-06,2018-08-27,4,SP,auto,Central-West,1.0
base,moving_average,2018-08-06,2018-08-27,4,SP,auto,North,1.0
base,moving_average,2018-08-06,2018-08-27,4,SP,auto,Northeast,15.0
base,moving_average,2018-08-06,2018-08-27,4,SP,auto,South,8.0
base,moving_average,2018-08-06,2018-08-27,4,SP,auto,Southeast,70.0
base,moving_average,2018-08-06,2018-08-06,1,SP,bed_bath_table,Southeast,133.0
base,moving_average,2018-08-06,2018-08-13,2,SP,bed_bath_table,Central-West,7.0
base,moving_average,2018-08-06,2018-08-13,2,SP,bed_bath_table,Southeast,164.0
base,moving_average,2018-08-06,2018-08-20,3,SP,bed_bath_table,Central-West,6.0
base,moving_average,2018-08-06,2018-08-20,3,SP,bed_bath_table,Southeast,163.0
base,moving_average,2018-08-06,2018-08-27,4,SP,bed_bath_table,Central-West,6.0
base,moving_average,2018-08-06,2018-08-27,4,SP,bed_bath_table,Southeast,168.0
base,moving_average,2018-08-06,2018-08-06,1,SP,computers_accessories,Central-West,7.0
base,moving_average,2018-08-06,2018-08-06,1,SP,computers_accessories,Southeast,75.0
base,moving_average,2018-08-06,2018-08-13,2,SP,computers_accessories,Central-West,9.0
base,moving_average,2018-08-06,2018-08-13,2,SP,computers_accessories,North,4.0
base,moving_average,2018-08-06,2018-08-13,2,SP,computers_accessories,Southeast,95.0
base,moving_average,2018-08-06,2018-08-20,3,SP,computers_accessories,Central-West,8.0
base,moving_average,2018-08-06,2018-08-20,3,SP,computers_accessories,North,1.0
base,moving_average,2018-08-06,2018-08-20,3,SP,computers_accessories,Southeast,99.0
base,moving_average,2018-08-06,2018-08-27,4,SP,computers_accessories,Central-West,8.0
base,moving_average,2018-08-06,2018-08-27,4,SP,computers_accessories,Southeast,100.0
base,moving_average,2018-08-06,2018-08-06,1,SP,furniture_decor,Southeast,77.0
base,moving_average,2018-08-06,2018-08-13,2,SP,furniture_decor,Southeast,101.0
base,moving_average,2018-08-06,2018-08-20,3,SP,furniture_decor,Southeast,103.0
base,moving_average,2018-08-06,2018-08-27,4,SP,furniture_decor,Southeast,104.0
base,moving_average,2018-08-06,2018-08-06,1,SP,garden_tools,Northeast,1.0
base,moving_average,2018-08-06,2018-08-06,1,SP,garden_tools,Southeast,28.0
base,moving_average,2018-08-06,2018-08-13,2,SP,garden_tools,Northeast,2.0
base,moving_average,2018-08-06,2018-08-13,2,SP,garden_tools,Southeast,39.0
base,moving_average,2018-08-06,2018-08-20,3,SP,garden_tools,Northeast,2.0
base,moving_average,2018-08-06,2018-08-20,3,SP,garden_tools,Southeast,40.0
base,moving_average,2018-08-06,2018-08-27,4,SP,garden_tools,Northeast,1.0
base,moving_average,2018-08-06,2018-08-27,4,SP,garden_tools,South,1.0
base,moving_average,2018-08-06,2018-08-27,4,SP,garden_tools,Southeast,37.0
base,moving_average,2018-08-06,2018-08-06,1,SP,health_beauty,Southeast,132.0
base,moving_average,2018-08-06,2018-08-13,2,SP,health_beauty,Central-West,12.0
base,moving_average,2018-08-06,2018-08-13,2,SP,health_beauty,North,8.0
base,moving_average,2018-08-06,2018-08-13,2,SP,health_beauty,Northeast,15.0
base,moving_average,2018-08-06,2018-08-13,2,SP,health_beauty,Southeast,163.0
base,moving_average,2018-08-06,2018-08-20,3,SP,health_beauty,Central-West,14.0
base,moving_average,2018-08-06,2018-08-20,3,SP,health_beauty,North,9.0
base,moving_average,2018-08-06,2018-08-20,3,SP,health_beauty,Northeast,15.0
base,moving_average,2018-08-06,2018-08-20,3,SP,health_beauty,Southeast,160.0
base,moving_average,2018-08-06,2018-08-27,4,SP,health_beauty,Central-West,8.0
base,moving_average,2018-08-06,2018-08-27,4,SP,health_beauty,North,10.0
base,moving_average,2018-08-06,2018-08-27,4,SP,health_beauty,Northeast,14.0
base,moving_average,2018-08-06,2018-08-27,4,SP,health_beauty,Southeast,166.0
base,moving_average,2018-08-06,2018-08-06,1,SP,housewares,Central-West,8.0
base,moving_average,2018-08-06,2018-08-06,1,SP,housewares,Southeast,106.0
base,moving_average,2018-08-06,2018-08-13,2,SP,housewares,Central-West,19.0
base,moving_average,2018-08-06,2018-08-13,2,SP,housewares,North,3.0
base,moving_average,2018-08-06,2018-08-13,2,SP,housewares,Northeast,1.0
base,moving_average,2018-08-06,2018-08-13,2,SP,housewares,South,5.0
base,moving_average,2018-08-06,2018-08-13,2,SP,housewares,Southeast,126.0
base,moving_average,2018-08-06,2018-08-20,3,SP,housewares,Central-West,18.0
base,moving_average,2018-08-06,2018-08-20,3,SP,housewares,North,3.0
base,moving_average,2018-08-06,2018-08-20,3,SP,housewares,Northeast,1.0
base,moving_average,2018-08-06,2018-08-20,3,SP,housewares,South,5.0
base,moving_average,2018-08-06,2018-08-20,3,SP,housewares,Southeast,132.0
base,moving_average,2018-08-06,2018-08-27,4,SP,housewares,Central-West,17.0
base,moving_average,2018-08-06,2018-08-27,4,SP,housewares,North,4.0
base,moving_average,2018-08-06,2018-08-27,4,SP,housewares,Northeast,1.0
base,moving_average,2018-08-06,2018-08-27,4,SP,housewares,South,5.0
base,moving_average,2018-08-06,2018-08-27,4,SP,housewares,Southeast,132.0
base,moving_average,2018-08-06,2018-08-06,1,SP,sports_leisure,Southeast,75.0
base,moving_average,2018-08-06,2018-08-13,2,SP,sports_leisure,Southeast,95.0
base,moving_average,2018-08-06,2018-08-20,3,SP,sports_leisure,Southeast,100.0
base,moving_average,2018-08-06,2018-08-27,4,SP,sports_leisure,Southeast,99.0
base,moving_average,2018-08-06,2018-08-06,1,SP,telephony,Central-West,8.0
base,moving_average,2018-08-06,2018-08-06,1,SP,telephony,Northeast,3.0
base,moving_average,2018-08-06,2018-08-06,1,SP,telephony,Southeast,41.0
base,moving_average,2018-08-06,2018-08-13,2,SP,telephony,Central-West,9.0
base,moving_average,2018-08-06,2018-08-13,2,SP,telephony,Northeast,7.0
base,moving_average,2018-08-06,2018-08-13,2,SP,telephony,South,5.0
base,moving_average,2018-08-06,2018-08-13,2,SP,telephony,Southeast,55.0
base,moving_average,2018-08-06,2018-08-20,3,SP,telephony,Central-West,9.0
base,moving_average,2018-08-06,2018-08-20,3,SP,telephony,Northeast,8.0
base,moving_average,2018-08-06,2018-08-20,3,SP,telephony,South,5.0
base,moving_average,2018-08-06,2018-08-20,3,SP,telephony,Southeast,56.0
base,moving_average,2018-08-06,2018-08-27,4,SP,telephony,Central-West,9.0
base,moving_average,2018-08-06,2018-08-27,4,SP,telephony,Northeast,8.0
base,moving_average,2018-08-06,2018-08-27,4,SP,telephony,South,6.0
base,moving_average,2018-08-06,2018-08-27,4,SP,telephony,Southeast,59.0
base,moving_average,2018-08-06,2018-08-06,1,SP,watches_gifts,Central-West,10.0
base,moving_average,2018-08-06,2018-08-06,1,SP,watches_gifts,Northeast,27.0
base,moving_average,2018-08-06,2018-08-06,1,SP,watches_gifts,South,3.0
base,moving_average,2018-08-06,2018-08-06,1,SP,watches_gifts,Southeast,76.0
base,moving_average,2018-08-06,2018-08-13,2,SP,watches_gifts,Central-West,11.0
base,moving_average,2018-08-06,2018-08-13,2,SP,watches_gifts,North,5.0
base,moving_average,2018-08-06,2018-08-13,2,SP,watches_gifts,Northeast,25.0
base,moving_average,2018-08-06,2018-08-13,2,SP,watches_gifts,Southeast,99.0
base,moving_average,2018-08-06,2018-08-20,3,SP,watches_gifts,Central-West,11.0
base,moving_average,2018-08-06,2018-08-20,3,SP,watches_gifts,North,5.0
base,moving_average,2018-08-06,2018-08-20,3,SP,watches_gifts,Northeast,27.0
base,moving_average,2018-08-06,2018-08-20,3,SP,watches_gifts,Southeast,97.0
base,moving_average,2018-08-06,2018-08-27,4,SP,watches_gifts,Central-West,11.0
base,moving_average,2018-08-06,2018-08-27,4,SP,watches_gifts,North,4.0
base,moving_average,2018-08-06,2018-08-27,4,SP,watches_gifts,Northeast,27.0
base,moving_average,2018-08-06,2018-08-27,4,SP,watches_gifts,Southeast,101.0
base,moving_average,2018-08-13,2018-08-20,2,MG,auto,Northeast,2.0
base,moving_average,2018-08-13,2018-08-27,3,MG,auto,Northeast,6.0
base,moving_average,2018-08-13,2018-09-03,4,MG,auto,Northeast,6.0
base,moving_average,2018-08-13,2018-08-13,1,MG,bed_bath_table,Central-West,5.0
base,moving_average,2018-08-13,2018-08-13,1,MG,bed_bath_table,Northeast,9.0
base,moving_average,2018-08-13,2018-08-20,2,MG,bed_bath_table,Central-West,5.0
base,moving_average,2018-08-13,2018-08-20,2,MG,bed_bath_table,Northeast,9.0
base,moving_average,2018-08-13,2018-08-27,3,MG,bed_bath_table,Central-West,6.0
base,moving_average,2018-08-13,2018-08-27,3,MG,bed_bath_table,Northeast,8.0
base,moving_average,2018-08-13,2018-09-03,4,MG,bed_bath_table,Central-West,6.0
base,moving_average,2018-08-13,2018-09-03,4,MG,bed_bath_table,Northeast,8.0
base,moving_average,2018-08-13,2018-08-13,1,MG,computers_accessories,North,5.0
base,moving_average,2018-08-13,2018-08-13,1,MG,computers_accessories,Northeast,10.0
base,moving_average,2018-08-13,2018-08-20,2,MG,computers_accessories,Central-West,6.0
base,moving_average,2018-08-13,2018-08-20,2,MG,computers_accessories,North,7.0
base,moving_average,2018-08-13,2018-08-20,2,MG,computers_accessories,Northeast,10.0
base,moving_average,2018-08-13,2018-08-27,3,MG,computers_accessories,Central-West,10.0
base,moving_average,2018-08-13,2018-08-27,3,MG,computers_accessories,North,7.0
base,moving_average,2018-08-13,2018-08-27,3,MG,computers_accessories,Northeast,10.0
base,moving_average,2018-08-13,2018-09-03,4,MG,computers_accessories,Central-West,6.0
base,moving_average,2018-08-13,2018-09-03,4,MG,computers_accessories,North,6.0
base,moving_average,2018-08-13,2018-09-03,4,MG,computers_accessories,Northeast,9.0
base,moving_average,2018-08-13,2018-08-13,1,MG,furniture_decor,Central-West,6.0
base,moving_average,2018-08-13,2018-08-13,1,MG,furniture_decor,Northeast,6.0
base,moving_average,2018-08-13,2018-08-20,2,MG,furniture_decor,Central-West,6.0
base,moving_average,2018-08-13,2018-08-20,2,MG,furniture_decor,Northeast,5.0
base,moving_average,2018-08-13,2018-08-27,3,MG,furniture_decor,Central-West,6.0
base,moving_average,2018-08-13,2018-08-27,3,MG,furniture_decor,Northeast,5.0
base,moving_average,2018-08-13,2018-09-03,4,MG,furniture_decor,Central-West,6.0
base,moving_average,2018-08-13,2018-09-03,4,MG,furniture_decor,Northeast,5.0
base,moving_average,2018-08-13,2018-08-13,1,MG,garden_tools,Southeast,8.0
base,moving_average,2018-08-13,2018-08-13,1,MG,health_beauty,Northeast,14.0
base,moving_average,2018-08-13,2018-08-20,2,MG,health_beauty,Northeast,14.0
base,moving_average,2018-08-13,2018-08-27,3,MG,health_beauty,Northeast,14.0
base,moving_average,2018-08-13,2018-09-03,4,MG,health_beauty,Northeast,14.0
base,moving_average,2018-08-13,2018-08-20,2,MG,housewares,Central-West,17.0
base,moving_average,2018-08-13,2018-08-27,3,MG,housewares,Central-West,16.0
base,moving_average,2018-08-13,2018-09-03,4,MG,housewares,Central-West,13.0
base,moving_average,2018-08-13,2018-08-13,1,MG,sports_leisure,Northeast,14.0
base,moving_average,2018-08-13,2018-08-13,1,MG,sports_leisure,South,1.0
base,moving_average,2018-08-13,2018-08-20,2,MG,sports_leisure,Northeast,12.0
base,moving_average,2018-08-13,2018-08-27,3,MG,sports_leisure,Northeast,13.0
base,moving_average,2018-08-13,2018-09-03,4,MG,sports_leisure,Northeast,13.0
base,moving_average,2018-08-13,2018-08-13,1,MG,telephony,Northeast,5.0
base,moving_average,2018-08-13,2018-08-20,2,MG,telephony,Northeast,5.0
base,moving_average,2018-08-13,2018-08-27,3,MG,telephony,Northeast,5.0
base,moving_average,2018-08-13,2018-09-03,4,MG,telephony,Northeast,5.0
base,moving_average,2018-08-13,2018-08-13,1,PR,auto,South,8.0
base,moving_average,2018-08-13,2018-08-20,2,PR,auto,South,8.0
base,moving_average,2018-08-13,2018-08-27,3,PR,auto,South,8.0
base,moving_average,2018-08-13,2018-09-03,4,PR,auto,South,8.0
base,moving_average,2018-08-13,2018-08-13,1,PR,furniture_decor,South,21.0
base,moving_average,2018-08-13,2018-08-20,2,PR,furniture_decor,South,33.0
base,moving_average,2018-08-13,2018-08-27,3,PR,furniture_decor,South,33.0
base,moving_average,2018-08-13,2018-09-03,4,PR,furniture_decor,South,36.0
base,moving_average,2018-08-13,2018-08-13,1,PR,health_beauty,South,16.0
base,moving_average,2018-08-13,2018-08-20,2,PR,health_beauty,South,18.0
base,moving_average,2018-08-13,2018-08-27,3,PR,health_beauty,South,19.0
base,moving_average,2018-08-13,2018-09-03,4,PR,health_beauty,South,20.0
base,moving_average,2018-08-13,2018-08-13,1,PR,housewares,South,17.0
base,moving_average,2018-08-13,2018-08-20,2,PR,housewares,South,17.0
base,moving_average,2018-08-13,2018-08-27,3,PR,housewares,South,17.0
base,moving_average,2018-08-13,2018-09-03,4,PR,housewares,South,17.0
base,moving_average,2018-08-13,2018-08-13,1,PR,sports_leisure,South,2.0
base,moving_average,2018-08-13,2018-08-20,2,PR,sports_leisure,South,7.0
base,moving_average,2018-08-13,2018-08-27,3,PR,sports_leisure,South,8.0
base,moving_average,2018-08-13,2018-09-03,4,PR,sports_leisure,South,9.0
base,moving_average,2018-08-13,2018-08-13,1,PR,watches_gifts,South,8.0
base,moving_average,2018-08-13,2018-08-20,2,PR,watches_gifts,South,8.0
base,moving_average,2018-08-13,2018-08-27,3,PR,watches_gifts,South,8.0
base,moving_average,2018-08-13,2018-09-03,4,PR,watches_gifts,South,8.0
base,moving_average,2018-08-13,2018-08-13,1,RJ,auto,Central-West,6.0
base,moving_average,2018-08-13,2018-08-20,2,RJ,auto,Central-West,6.0
base,moving_average,2018-08-13,2018-08-27,3,RJ,auto,Central-West,6.0
base,moving_average,2018-08-13,2018-09-03,4,RJ,auto,Central-West,6.0
base,moving_average,2018-08-13,2018-08-13,1,RJ,bed_bath_table,South,10.0
base,moving_average,2018-08-13,2018-08-20,2,RJ,bed_bath_table,South,10.0
base,moving_average,2018-08-13,2018-08-27,3,RJ,bed_bath_table,South,10.0
base,moving_average,2018-08-13,2018-09-03,4,RJ,bed_bath_table,South,10.0
base,moving_average,2018-08-13,2018-08-13,1,RJ,furniture_decor,Northeast,5.0
base,moving_average,2018-08-13,2018-08-20,2,RJ,furniture_decor,Northeast,5.0
base,moving_average,2018-08-13,2018-08-27,3,RJ,furniture_decor,Northeast,5.0
base,moving_average,2018-08-13,2018-09-03,4,RJ,furniture_decor,Northeast,5.0
base,moving_average,2018-08-13,2018-08-13,1,RJ,garden_tools,Northeast,5.0
base,moving_average,2018-08-13,2018-08-13,1,RJ,garden_tools,Southeast,1.0
base,moving_average,2018-08-13,2018-08-20,2,RJ,garden_tools,Northeast,4.0
base,moving_average,2018-08-13,2018-08-27,3,RJ,garden_tools,Northeast,4.0
base,moving_average,2018-08-13,2018-09-03,4,RJ,garden_tools,Northeast,4.0
base,moving_average,2018-08-13,2018-08-13,1,RJ,health_beauty,Central-West,3.0
base,moving_average,2018-08-13,2018-08-20,2,RJ,health_beauty,Central-West,16.0
base,moving_average,2018-08-13,2018-08-20,2,RJ,health_beauty,Southeast,2.0
base,moving_average,2018-08-13,2018-08-27,3,RJ,health_beauty,Central-West,18.0
base,moving_average,2018-08-13,2018-08-27,3,RJ,health_beauty,Southeast,12.0
base,moving_average,2018-08-13,2018-09-03,4,RJ,health_beauty,Central-West,18.0
base,moving_average,2018-08-13,2018-09-03,4,RJ,health_beauty,Southeast,11.0
base,moving_average,2018-08-13,2018-08-13,1,RJ,housewares,Northeast,8.0
base,moving_average,2018-08-13,2018-08-20,2,RJ,housewares,Northeast,7.0
base,moving_average,2018-08-13,2018-08-27,3,RJ,housewares,Northeast,9.0
base,moving_average,2018-08-13,2018-09-03,4,RJ,housewares,Northeast,8.0
base,moving_average,2018-08-13,2018-08-13,1,RJ,sports_leisure,Central-West,10.0
base,moving_average,2018-08-13,2018-08-13,1,RJ,sports_leisure,North,5.0
base,moving_average,2018-08-13,2018-08-13,1,RJ,sports_leisure,Southeast,2.0
base,moving_average,2018-08-13,2018-08-20,2,RJ,sports_leisure,Central-West,11.0
base,moving_average,2018-08-13,2018-08-20,2,RJ,sports_leisure,North,6.0
base,moving_average,2018-08-13,2018-08-27,3,RJ,sports_leisure,Central-West,11.0
base,moving_average,2018-08-13,2018-08-27,3,RJ,sports_leisure,North,5.0
base,moving_average,2018-08-13,2018-09-03,4,RJ,sports_leisure,Central-West,10.0
base,moving_average,2018-08-13,2018-09-03,4,RJ,sports_leisure,North,5.0
base,moving_average,2018-08-13,2018-08-13,1,RJ,telephony,North,3.0
base,moving_average,2018-08-13,2018-08-13,1,RJ,telephony,Northeast,3.0
base,moving_average,2018-08-13,2018-08-20,2,RJ,telephony,North,2.0
base,moving_average,2018-08-13,2018-08-20,2,RJ,telephony,Northeast,4.0
base,moving_average,2018-08-13,2018-08-27,3,RJ,telephony,North,3.0
base,moving_average,2018-08-13,2018-08-27,3,RJ,telephony,Northeast,3.0
base,moving_average,2018-08-13,2018-09-03,4,RJ,telephony,North,3.0
base,moving_average,2018-08-13,2018-09-03,4,RJ,telephony,Northeast,3.0
base,moving_average,2018-08-13,2018-08-13,1,RS,auto,North,3.0
base,moving_average,2018-08-13,2018-08-20,2,RS,auto,North,3.0
base,moving_average,2018-08-13,2018-08-27,3,RS,auto,North,3.0
base,moving_average,2018-08-13,2018-09-03,4,RS,auto,North,3.0
base,moving_average,2018-08-13,2018-08-13,1,RS,bed_bath_table,North,2.0
base,moving_average,2018-08-13,2018-08-13,1,RS,bed_bath_table,South,4.0
base,moving_average,2018-08-13,2018-08-20,2,RS,bed_bath_table,North,2.0
base,moving_average,2018-08-13,2018-08-20,2,RS,bed_bath_table,South,4.0
base,moving_average,2018-08-13,2018-08-27,3,RS,bed_bath_table,North,1.0
base,moving_average,2018-08-13,2018-08-27,3,RS,bed_bath_table,South,5.0
base,moving_average,2018-08-13,2018-09-03,4,RS,bed_bath_table,North,2.0
base,moving_average,2018-08-13,2018-09-03,4,RS,bed_bath_table,South,4.0
base,moving_average,2018-08-13,2018-08-13,1,RS,computers_accessories,South,9.0
base,moving_average,2018-08-13,2018-08-20,2,RS,computers_accessories,South,10.0
base,moving_average,2018-08-13,2018-08-27,3,RS,computers_accessories,South,11.0
base,moving_average,2018-08-13,2018-09-03,4,RS,computers_accessories,South,11.0
base,moving_average,2018-08-13,2018-08-13,1,RS,furniture_decor,North,1.0
base,moving_average,2018-08-13,2018-08-13,1,RS,furniture_decor,South,4.0
base,moving_average,2018-08-13,2018-08-20,2,RS,furniture_decor,North,5.0
base,moving_average,2018-08-13,2018-08-27,3,RS,furniture_decor,North,4.0
base,moving_average,2018-08-13,2018-08-27,3,RS,furniture_decor,South,1.0
base,moving_average,2018-08-13,2018-09-03,4,RS,furniture_decor,North,4.0
base,moving_average,2018-08-13,2018-09-03,4,RS,furniture_decor,South,1.0
base,moving_average,2018-08-13,2018-08-13,1,RS,garden_tools,North,1.0
base,moving_average,2018-08-13,2018-08-13,1,RS,garden_tools,South,5.0
base,moving_average,2018-08-13,2018-08-20,2,RS,garden_tools,North,1.0
base,moving_average,2018-08-13,2018-08-27,3,RS,garden_tools,North,1.0
base,moving_average,2018-08-13,2018-09-03,4,RS,garden_tools,North,1.0
base,moving_average,2018-08-13,2018-08-13,1,RS,health_beauty,South,8.0
base,moving_average,2018-08-13,2018-08-20,2,RS,health_beauty,South,8.0
base,moving_average,2018-08-13,2018-08-27,3,RS,health_beauty,South,8.0
base,moving_average,2018-08-13,2018-09-03,4,RS,health_beauty,South,8.0
base,moving_average,2018-08-13,2018-08-13,1,RS,housewares,South,11.0
base,moving_average,2018-08-13,2018-08-20,2,RS,housewares,South,11.0
base,moving_average,2018-08-13,2018-08-27,3,RS,housewares,South,11.0
base,moving_average,2018-08-13,2018-09-03,4,RS,housewares,South,11.0
base,moving_average,2018-08-13,2018-08-13,1,RS,telephony,South,5.0
base,moving_average,2018-08-13,2018-08-20,2,RS,telephony,South,5.0
base,moving_average,2018-08-13,2018-08-27,3,RS,telephony,South,5.0
base,moving_average,2018-08-13,2018-09-03,4,RS,telephony,South,5.0
base,moving_average,2018-08-13,2018-08-13,1,RS,watches_gifts,South,1.0
base,moving_average,2018-08-13,2018-08-20,2,RS,watches_gifts,South,1.0
base,moving_average,2018-08-13,2018-08-27,3,RS,watches_gifts,South,1.0
base,moving_average,2018-08-13,2018-09-03,4,RS,watches_gifts,South,1.0
base,moving_average,2018-08-13,2018-08-13,1,SC,bed_bath_table,South,5.0
base,moving_average,2018-08-13,2018-08-20,2,SC,bed_bath_table,South,10.0
base,moving_average,2018-08-13,2018-08-27,3,SC,bed_bath_table,South,10.0
base,moving_average,2018-08-13,2018-09-03,4,SC,bed_bath_table,South,13.0
base,moving_average,2018-08-13,2018-08-13,1,SC,computers_accessories,South,9.0
base,moving_average,2018-08-13,2018-08-20,2,SC,computers_accessories,South,9.0
base,moving_average,2018-08-13,2018-08-27,3,SC,computers_accessories,South,9.0
base,moving_average,2018-08-13,2018-09-03,4,SC,computers_accessories,South,9.0
base,moving_average,2018-08-13,2018-08-13,1,SC,furniture_decor,South,6.0
base,moving_average,2018-08-13,2018-08-20,2,SC,furniture_decor,South,6.0
base,moving_average,2018-08-13,2018-08-27,3,SC,furniture_decor,South,6.0
base,moving_average,2018-08-13,2018-09-03,4,SC,furniture_decor,South,6.0
base,moving_average,2018-08-13,2018-08-13,1,SC,garden_tools,Central-West,4.0
base,moving_average,2018-08-13,2018-08-20,2,SC,garden_tools,Central-West,4.0
base,moving_average,2018-08-13,2018-08-20,2,SC,garden_tools,South,4.0
base,moving_average,2018-08-13,2018-08-27,3,SC,garden_tools,Central-West,4.0
base,moving_average,2018-08-13,2018-08-27,3,SC,garden_tools,South,4.0
base,moving_average,2018-08-13,2018-09-03,4,SC,garden_tools,Central-West,5.0
base,moving_average,2018-08-13,2018-09-03,4,SC,garden_tools,South,3.0
base,moving_average,2018-08-13,2018-08-27,3,SC,housewares,South,2.0
base,moving_average,2018-08-13,2018-08-13,1,SC,sports_leisure,South,18.0
base,moving_average,2018-08-13,2018-08-20,2,SC,sports_leisure,South,18.0
base,moving_average,2018-08-13,2018-08-27,3,SC,sports_leisure,South,18.0
base,moving_average,2018-08-13,2018-09-03,4,SC,sports_leisure,South,18.0
base,moving_average,2018-08-13,2018-08-13,1,SC,watches_gifts,South,9.0
base,moving_average,2018-08-13,2018-08-20,2,SC,watches_gifts,South,8.0
base,moving_average,2018-08-13,2018-08-27,3,SC,watches_gifts,South,9.0
base,moving_average,2018-08-13,2018-09-03,4,SC,watches_gifts,South,9.0
base,moving_average,2018-08-13,2018-08-13,1,SP,auto,Central-West,3.0
base,moving_average,2018-08-13,2018-08-13,1,SP,auto,North,1.0
base,moving_average,2018-08-13,2018-08-13,1,SP,auto,Northeast,6.0
base,moving_average,2018-08-13,2018-08-13,1,SP,auto,South,4.0
base,moving_average,2018-08-13,2018-08-13,1,SP,auto,Southeast,82.0
base,moving_average,2018-08-13,2018-08-20,2,SP,auto,Central-West,3.0
base,moving_average,2018-08-13,2018-08-20,2,SP,auto,North,1.0
base,moving_average,2018-08-13,2018-08-20,2,SP,auto,Northeast,16.0
base,moving_average,2018-08-13,2018-08-20,2,SP,auto,South,7.0
base,moving_average,2018-08-13,2018-08-20,2,SP,auto,Southeast,86.0
base,moving_average,2018-08-13,2018-08-27,3,SP,auto,Central-West,3.0
base,moving_average,2018-08-13,2018-08-27,3,SP,auto,North,1.0
base,moving_average,2018-08-13,2018-08-27,3,SP,auto,Northeast,13.0
base,moving_average,2018-08-13,2018-08-27,3,SP,auto,South,8.0
base,moving_average,2018-08-13,2018-08-27,3,SP,auto,Southeast,88.0
base,moving_average,2018-08-13,2018-09-03,4,SP,auto,Central-West,3.0
base,moving_average,2018-08-13,2018-09-03,4,SP,auto,North,1.0
base,moving_average,2018-08-13,2018-09-03,4,SP,auto,Northeast,13.0
base,moving_average,2018-08-13,2018-09-03,4,SP,auto,South,7.0
base,moving_average,2018-08-13,2018-09-03,4,SP,auto,Southeast,89.0
base,moving_average,2018-08-13,2018-08-13,1,SP,bed_bath_table,Central-West,6.0
base,moving_average,2018-08-13,2018-08-13,1,SP,bed_bath_table,South,5.0
base,moving_average,2018-08-13,2018-08-13,1,SP,bed_bath_table,Southeast,160.0
base,moving_average,2018-08-13,2018-08-20,2,SP,bed_bath_table,Central-West,5.0
base,moving_average,2018-08-13,2018-08-20,2,SP,bed_bath_table,Southeast,172.0
base,moving_average,2018-08-13,2018-08-27,3,SP,bed_bath_table,Central-West,4.0
base,moving_average,2018-08-13,2018-08-27,3,SP,bed_bath_table,Southeast,180.0
base,moving_average,2018-08-13,2018-09-03,4,SP,bed_bath_table,Central-West,5.0
base,moving_average,2018-08-13,2018-09-03,4,SP,bed_bath_table,Southeast,175.0
base,moving_average,2018-08-13,2018-08-13,1,SP,computers_accessories,Central-West,10.0
base,moving_average,2018-08-13,2018-08-13,1,SP,computers_accessories,North,2.0
base,moving_average,2018-08-13,2018-08-13,1,SP,computers_accessories,Southeast,96.0
base,moving_average,2018-08-13,2018-08-20,2,SP,computers_accessories,Central-West,4.0
base,moving_average,2018-08-13,2018-08-20,2,SP,computers_accessories,Southeast,104.0
base,moving_average,2018-08-13,2018-08-27,3,SP,computers_accessories,Central-West,1.0
base,moving_average,2018-08-13,2018-08-27,3,SP,computers_accessories,Southeast,107.0
base,moving_average,2018-08-13,2018-09-03,4,SP,computers_accessories,Central-West,5.0
base,moving_average,2018-08-13,2018-09-03,4,SP,computers_accessories,Southeast,103.0
base,moving_average,2018-08-13,2018-08-13,1,SP,furniture_decor,Southeast,101.0
base,moving_average,2018-08-13,2018-08-20,2,SP,furniture_decor,Southeast,105.0
base,moving_average,2018-08-13,2018-08-27,3,SP,furniture_decor,Southeast,107.0
base,moving_average,2018-08-13,2018-09-03,4,SP,furniture_decor,North,1.0
base,moving_average,2018-08-13,2018-09-03,4,SP,furniture_decor,Southeast,103.0
base,moving_average,2018-08-13,2018-08-13,1,SP,garden_tools,South,4.0
base,moving_average,2018-08-13,2018-08-13,1,SP,garden_tools,Southeast,30.0
base,moving_average,2018-08-13,2018-08-20,2,SP,garden_tools,Northeast,1.0
base,moving_average,2018-08-13,2018-08-20,2,SP,garden_tools,South,6.0
base,moving_average,2018-08-13,2018-08-20,2,SP,garden_tools,Southeast,41.0
base,moving_average,2018-08-13,2018-08-27,3,SP,garden_tools,South,6.0
base,moving_average,2018-08-13,2018-08-27,3,SP,garden_tools,Southeast,38.0
base,moving_average,2018-08-13,2018-09-03,4,SP,garden_tools,Northeast,1.0
base,moving_average,2018-08-13,2018-09-03,4,SP,garden_tools,South,8.0
base,moving_average,2018-08-13,2018-09-03,4,SP,garden_tools,Southeast,40.0
base,moving_average,2018-08-13,2018-08-13,1,SP,health_beauty,Central-West,3.0
base,moving_average,2018-08-13,2018-08-13,1,SP,health_beauty,North,7.0
base,moving_average,2018-08-13,2018-08-13,1,SP,health_beauty,Northeast,11.0
base,moving_average,2018-08-13,2018-08-13,1,SP,health_beauty,Southeast,177.0
base,moving_average,2018-08-13,2018-08-20,2,SP,health_beauty,North,10.0
base,moving_average,2018-08-13,2018-08-20,2,SP,health_beauty,Northeast,13.0
base,moving_average,2018-08-13,2018-08-20,2,SP,health_beauty,Southeast,175.0
base,moving_average,2018-08-13,2018-08-27,3,SP,health_beauty,North,10.0
base,moving_average,2018-08-13,2018-08-27,3,SP,health_beauty,Northeast,13.0
base,moving_average,2018-08-13,2018-08-27,3,SP,health_beauty,Southeast,175.0
base,moving_average,2018-08-13,2018-09-03,4,SP,health_beauty,North,9.0
base,moving_average,2018-08-13,2018-09-03,4,SP,health_beauty,Northeast,13.0
base,moving_average,2018-08-13,2018-09-03,4,SP,health_beauty,Southeast,176.0
base,moving_average,2018-08-13,2018-08-13,1,SP,housewares,Central-West,17.0
base,moving_average,2018-08-13,2018-08-13,1,SP,housewares,North,3.0
base,moving_average,2018-08-13,2018-08-13,1,SP,housewares,Northeast,1.0
base,moving_average,2018-08-13,2018-08-13,1,SP,housewares,Southeast,133.0
base,moving_average,2018-08-13,2018-08-20,2,SP,housewares,North,3.0
base,moving_average,2018-08-13,2018-08-20,2,SP,housewares,Northeast,3.0
base,moving_average,2018-08-13,2018-08-20,2,SP,housewares,South,6.0
base,moving_average,2018-08-13,2018-08-20,2,SP,housewares,Southeast,147.0
base,moving_average,2018-08-13,2018-08-27,3,SP,housewares,North,3.0
base,moving_average,2018-08-13,2018-08-27,3,SP,housewares,Northeast,1.0
base,moving_average,2018-08-13,2018-08-27,3,SP,housewares,South,5.0
base,moving_average,2018-08-13,2018-08-27,3,SP,housewares,Southeast,150.0
base,moving_average,2018-08-13,2018-09-03,4,SP,housewares,Central-West,1.0
base,moving_average,2018-08-13,2018-09-03,4,SP,housewares,North,2.0
base,moving_average,2018-08-13,2018-09-03,4,SP,housewares,Northeast,2.0
base,moving_average,2018-08-13,2018-09-03,4,SP,housewares,South,6.0
base,moving_average,2018-08-13,2018-09-03,4,SP,housewares,Southeast,148.0
base,moving_average,2018-08-13,2018-08-13,1,SP,sports_leisure,Southeast,95.0
base,moving_average,2018-08-13,2018-08-20,2,SP,sports_leisure,Southeast,102.0
base,moving_average,2018-08-13,2018-08-27,3,SP,sports_leisure,Southeast,103.0
base,moving_average,2018-08-13,2018-09-03,4,SP,sports_leisure,Southeast,99.0
base,moving_average,2018-08-13,2018-08-13,1,SP,telephony,Central-West,10.0
base,moving_average,2018-08-13,2018-08-13,1,SP,telephony,Northeast,10.0
base,moving_average,2018-08-13,2018-08-13,1,SP,telephony,South,14.0
base,moving_average,2018-08-13,2018-08-13,1,SP,telephony,Southeast,42.0
base,moving_average,2018-08-13,2018-08-20,2,SP,telephony,Central-West,10.0
base,moving_average,2018-08-13,2018-08-20,2,SP,telephony,Northeast,11.0
base,moving_average,2018-08-13,2018-08-20,2,SP,telephony,South,15.0
base,moving_average,2018-08-13,2018-08-20,2,SP,telephony,Southeast,59.0
base,moving_average,2018-08-13,2018-08-27,3,SP,telephony,Central-West,11.0
base,moving_average,2018-08-13,2018-08-27,3,SP,telephony,Northeast,12.0
base,moving_average,2018-08-13,2018-08-27,3,SP,telephony,South,18.0
base,moving_average,2018-08-13,2018-08-27,3,SP,telephony,Southeast,62.0
base,moving_average,2018-08-13,2018-09-03,4,SP,telephony,Central-West,11.0
base,moving_average,2018-08-13,2018-09-03,4,SP,telephony,Northeast,12.0
base,moving_average,2018-08-13,2018-09-03,4,SP,telephony,South,20.0
base,moving_average,2018-08-13,2018-09-03,4,SP,telephony,Southeast,58.0
base,moving_average,2018-08-13,2018-08-13,1,SP,watches_gifts,Central-West,10.0
base,moving_average,2018-08-13,2018-08-13,1,SP,watches_gifts,North,5.0
base,moving_average,2018-08-13,2018-08-13,1,SP,watches_gifts,Northeast,24.0
base,moving_average,2018-08-13,2018-08-13,1,SP,watches_gifts,Southeast,96.0
base,moving_average,2018-08-13,2018-08-20,2,SP,watches_gifts,Central-West,11.0
base,moving_average,2018-08-13,2018-08-20,2,SP,watches_gifts,North,5.0
base,moving_average,2018-08-13,2018-08-20,2,SP,watches_gifts,Northeast,25.0
base,moving_average,2018-08-13,2018-08-20,2,SP,watches_gifts,Southeast,93.0
base,moving_average,2018-08-13,2018-08-27,3,SP,watches_gifts,Central-West,11.0
base,moving_average,2018-08-13,2018-08-27,3,SP,watches_gifts,North,5.0
base,moving_average,2018-08-13,2018-08-27,3,SP,watches_gifts,Northeast,25.0
base,moving_average,2018-08-13,2018-08-27,3,SP,watches_gifts,Southeast,97.0
base,moving_average,2018-08-13,2018-09-03,4,SP,watches_gifts,Central-West,11.0
base,moving_average,2018-08-13,2018-09-03,4,SP,watches_gifts,North,5.0
base,moving_average,2018-08-13,2018-09-03,4,SP,watches_gifts,Northeast,24.0
base,moving_average,2018-08-13,2018-09-03,4,SP,watches_gifts,Southeast,93.0
base,moving_average,2018-08-20,2018-08-20,1,MG,auto,Northeast,2.0
base,moving_average,2018-08-20,2018-09-03,3,MG,auto,Northeast,6.0
base,moving_average,2018-08-20,2018-09-10,4,MG,auto,Northeast,2.0
base,moving_average,2018-08-20,2018-08-20,1,MG,bed_bath_table,Central-West,11.0
base,moving_average,2018-08-20,2018-08-20,1,MG,bed_bath_table,Northeast,2.0
base,moving_average,2018-08-20,2018-08-20,1,MG,bed_bath_table,Southeast,1.0
base,moving_average,2018-08-20,2018-08-27,2,MG,bed_bath_table,Central-West,4.0
base,moving_average,2018-08-20,2018-08-27,2,MG,bed_bath_table,Northeast,10.0
base,moving_average,2018-08-20,2018-09-03,3,MG,bed_bath_table,Central-West,5.0
base,moving_average,2018-08-20,2018-09-03,3,MG,bed_bath_table,Northeast,9.0
base,moving_average,2018-08-20,2018-09-10,4,MG,bed_bath_table,Central-West,4.0
base,moving_average,2018-08-20,2018-09-10,4,MG,bed_bath_table,Northeast,10.0
base,moving_average,2018-08-20,2018-08-20,1,MG,computers_accessories,Central-West,8.0
base,moving_average,2018-08-20,2018-08-20,1,MG,computers_accessories,North,6.0
base,moving_average,2018-08-20,2018-08-20,1,MG,computers_accessories,Northeast,11.0
base,moving_average,2018-08-20,2018-08-27,2,MG,computers_accessories,North,6.0
base,moving_average,2018-08-20,2018-08-27,2,MG,computers_accessories,Northeast,11.0
base,moving_average,2018-08-20,2018-09-03,3,MG,computers_accessories,Central-West,8.0
base,moving_average,2018-08-20,2018-09-03,3,MG,computers_accessories,North,5.0
base,moving_average,2018-08-20,2018-09-03,3,MG,computers_accessories,Northeast,11.0
base,moving_average,2018-08-20,2018-09-10,4,MG,computers_accessories,Central-West,7.0
base,moving_average,2018-08-20,2018-09-10,4,MG,computers_accessories,North,5.0
base,moving_average,2018-08-20,2018-09-10,4,MG,computers_accessories,Northeast,12.0
base,moving_average,2018-08-20,2018-08-20,1,MG,furniture_decor,Central-West,7.0
base,moving_average,2018-08-20,2018-08-20,1,MG,furniture_decor,Northeast,5.0
base,moving_average,2018-08-20,2018-08-27,2,MG,furniture_decor,Central-West,7.0
base,moving_average,2018-08-20,2018-08-27,2,MG,furniture_decor,Northeast,5.0
base,moving_average,2018-08-20,2018-09-03,3,MG,furniture_decor,Central-West,7.0
base,moving_average,2018-08-20,2018-09-03,3,MG,furniture_decor,Northeast,5.0
base,moving_average,2018-08-20,2018-09-10,4,MG,furniture_decor,Central-West,7.0
base,moving_average,2018-08-20,2018-09-10,4,MG,furniture_decor,Northeast,5.0
base,moving_average,2018-08-20,2018-08-20,1,MG,garden_tools,Southeast,8.0
base,moving_average,2018-08-20,2018-08-20,1,MG,health_beauty,Northeast,14.0
base,moving_average,2018-08-20,2018-08-27,2,MG,health_beauty,Northeast,14.0
base,moving_average,2018-08-20,2018-09-03,3,MG,health_beauty,Northeast,14.0
base,moving_average,2018-08-20,2018-09-10,4,MG,health_beauty,Northeast,14.0
base,moving_average,2018-08-20,2018-08-20,1,MG,housewares,Central-West,16.0
base,moving_average,2018-08-20,2018-08-20,1,MG,housewares,Southeast,1.0
base,moving_average,2018-08-20,2018-08-27,2,MG,housewares,Central-West,14.0
base,moving_average,2018-08-20,2018-08-27,2,MG,housewares,Southeast,9.0
base,moving_average,2018-08-20,2018-09-03,3,MG,housewares,Central-West,12.0
base,moving_average,2018-08-20,2018-09-03,3,MG,housewares,Southeast,7.0
base,moving_average,2018-08-20,2018-09-10,4,MG,housewares,Central-West,14.0
base,moving_average,2018-08-20,2018-09-10,4,MG,housewares,Southeast,10.0
base,moving_average,2018-08-20,2018-08-20,1,MG,sports_leisure,Central-West,5.0
base,moving_average,2018-08-20,2018-08-20,1,MG,sports_leisure,Northeast,7.0
base,moving_average,2018-08-20,2018-08-27,2,MG,sports_leisure,Northeast,12.0
base,moving_average,2018-08-20,2018-09-03,3,MG,sports_leisure,Northeast,11.0
base,moving_average,2018-08-20,2018-09-10,4,MG,sports_leisure,Northeast,11.0
base,moving_average,2018-08-20,2018-08-20,1,MG,telephony,Northeast,5.0
base,moving_average,2018-08-20,2018-08-27,2,MG,telephony,Northeast,5.0
base,moving_average,2018-08-20,2018-09-03,3,MG,telephony,Northeast,5.0
base,moving_average,2018-08-20,2018-09-10,4,MG,telephony,Northeast,5.0
base,moving_average,2018-08-20,2018-08-20,1,PR,auto,South,3.0
base,moving_average,2018-08-20,2018-08-27,2,PR,auto,South,13.0
base,moving_average,2018-08-20,2018-09-03,3,PR,auto,South,8.0
base,moving_average,2018-08-20,2018-09-10,4,PR,auto,South,8.0
base,moving_average,2018-08-20,2018-08-20,1,PR,furniture_decor,South,29.0
base,moving_average,2018-08-20,2018-08-27,2,PR,furniture_decor,South,28.0
base,moving_average,2018-08-20,2018-09-03,3,PR,furniture_decor,South,31.0
base,moving_average,2018-08-20,2018-09-10,4,PR,furniture_decor,South,26.0
base,moving_average,2018-08-20,2018-08-20,1,PR,health_beauty,South,18.0
base,moving_average,2018-08-20,2018-08-27,2,PR,health_beauty,South,21.0
base,moving_average,2018-08-20,2018-09-03,3,PR,health_beauty,South,21.0
base,moving_average,2018-08-20,2018-09-10,4,PR,health_beauty,South,21.0
base,moving_average,2018-08-20,2018-08-20,1,PR,housewares,South,17.0
base,moving_average,2018-08-20,2018-08-27,2,PR,housewares,South,17.0
base,moving_average,2018-08-20,2018-09-03,3,PR,housewares,South,17.0
base,moving_average,2018-08-20,2018-09-10,4,PR,housewares,South,17.0
base,moving_average,2018-08-20,2018-08-20,1,PR,sports_leisure,South,6.0
base,moving_average,2018-08-20,2018-08-20,1,PR,sports_leisure,Southeast,1.0
base,moving_average,2018-08-20,2018-08-27,2,PR,sports_leisure,South,6.0
base,moving_average,2018-08-20,2018-09-03,3,PR,sports_leisure,South,6.0
base,moving_average,2018-08-20,2018-09-10,4,PR,sports_leisure,South,5.0
base,moving_average,2018-08-20,2018-08-20,1,PR,watches_gifts,South,3.0
base,moving_average,2018-08-20,2018-08-27,2,PR,watches_gifts,South,13.0
base,moving_average,2018-08-20,2018-09-03,3,PR,watches_gifts,South,8.0
base,moving_average,2018-08-20,2018-09-10,4,PR,watches_gifts,South,8.0
base,moving_average,2018-08-20,2018-08-20,1,RJ,auto,Central-West,3.0
base,moving_average,2018-08-20,2018-08-27,2,RJ,auto,Central-West,9.0
base,moving_average,2018-08-20,2018-09-03,3,RJ,auto,Central-West,6.0
base,moving_average,2018-08-20,2018-09-10,4,RJ,auto,Central-West,6.0
base,moving_average,2018-08-20,2018-08-20,1,RJ,bed_bath_table,South,10.0
base,moving_average,2018-08-20,2018-08-27,2,RJ,bed_bath_table,South,10.0
base,moving_average,2018-08-20,2018-09-03,3,RJ,bed_bath_table,South,10.0
base,moving_average,2018-08-20,2018-09-10,4,RJ,bed_bath_table,South,10.0
base,moving_average,2018-08-20,2018-08-20,1,RJ,furniture_decor,Northeast,5.0
base,moving_average,2018-08-20,2018-08-27,2,RJ,furniture_decor,Northeast,5.0
base,moving_average,2018-08-20,2018-09-03,3,RJ,furniture_decor,Northeast,5.0
base,moving_average,2018-08-20,2018-09-10,4,RJ,furniture_decor,Northeast,5.0
base,moving_average,2018-08-20,2018-08-20,1,RJ,garden_tools,Northeast,5.0
base,moving_average,2018-08-20,2018-08-27,2,RJ,garden_tools,Northeast,4.0
base,moving_average,2018-08-20,2018-09-03,3,RJ,garden_tools,Northeast,4.0
base,moving_average,2018-08-20,2018-09-10,4,RJ,garden_tools,Northeast,5.0
base,moving_average,2018-08-20,2018-08-20,1,RJ,health_beauty,Central-West,19.0
base,moving_average,2018-08-20,2018-08-27,2,RJ,health_beauty,Central-West,21.0
base,moving_average,2018-08-20,2018-08-27,2,RJ,health_beauty,Southeast,8.0
base,moving_average,2018-08-20,2018-09-03,3,RJ,health_beauty,Central-West,22.0
base,moving_average,2018-08-20,2018-09-03,3,RJ,health_beauty,Southeast,6.0
base,moving_average,2018-08-20,2018-09-10,4,RJ,health_beauty,Central-West,22.0
base,moving_average,2018-08-20,2018-09-10,4,RJ,health_beauty,Southeast,1.0
base,moving_average,2018-08-20,2018-08-20,1,RJ,housewares,Northeast,8.0
base,moving_average,2018-08-20,2018-08-27,2,RJ,housewares,Northeast,8.0
base,moving_average,2018-08-20,2018-09-03,3,RJ,housewares,Northeast,8.0
base,moving_average,2018-08-20,2018-09-10,4,RJ,housewares,Northeast,8.0
base,moving_average,2018-08-20,2018-08-20,1,RJ,sports_leisure,Central-West,6.0
base,moving_average,2018-08-20,2018-08-20,1,RJ,sports_leisure,North,2.0
base,moving_average,2018-08-20,2018-08-20,1,RJ,sports_leisure,Southeast,9.0
base,moving_average,2018-08-20,2018-08-27,2,RJ,sports_leisure,Central-West,11.0
base,moving_average,2018-08-20,2018-08-27,2,RJ,sports_leisure,North,4.0
base,moving_average,2018-08-20,2018-09-03,3,RJ,sports_leisure,Central-West,10.0
base,moving_average,2018-08-20,2018-09-03,3,RJ,sports_leisure,North,4.0
base,moving_average,2018-08-20,2018-09-10,4,RJ,sports_leisure,Central-West,11.0
base,moving_average,2018-08-20,2018-09-10,4,RJ,sports_leisure,North,4.0
base,moving_average,2018-08-20,2018-08-20,1,RJ,telephony,North,2.0
base,moving_average,2018-08-20,2018-08-20,1,RJ,telephony,Northeast,8.0
base,moving_average,2018-08-20,2018-08-27,2,RJ,telephony,North,2.0
base,moving_average,2018-08-20,2018-08-27,2,RJ,telephony,Northeast,4.0
base,moving_average,2018-08-20,2018-09-03,3,RJ,telephony,North,2.0
base,moving_average,2018-08-20,2018-09-03,3,RJ,telephony,Northeast,4.0
base,moving_average,2018-08-20,2018-09-10,4,RJ,telephony,North,2.0
base,moving_average,2018-08-20,2018-09-10,4,RJ,telephony,Northeast,4.0
base,moving_average,2018-08-20,2018-08-20,1,RS,auto,North,3.0
base,moving_average,2018-08-20,2018-08-27,2,RS,auto,North,3.0
base,moving_average,2018-08-20,2018-09-03,3,RS,auto,North,3.0
base,moving_average,2018-08-20,2018-09-10,4,RS,auto,North,3.0
base,moving_average,2018-08-20,2018-08-20,1,RS,bed_bath_table,North,2.0
base,moving_average,2018-08-20,2018-08-20,1,RS,bed_bath_table,South,4.0
base,moving_average,2018-08-20,2018-08-27,2,RS,bed_bath_table,North,1.0
base,moving_average,2018-08-20,2018-08-27,2,RS,bed_bath_table,South,5.0
base,moving_average,2018-08-20,2018-09-03,3,RS,bed_bath_table,North,1.0
base,moving_average,2018-08-20,2018-09-03,3,RS,bed_bath_table,South,5.0
base,moving_average,2018-08-20,2018-09-10,4,RS,bed_bath_table,North,1.0
base,moving_average,2018-08-20,2018-09-10,4,RS,bed_bath_table,South,5.0
base,moving_average,2018-08-20,2018-08-20,1,RS,computers_accessories,South,9.0
base,moving_average,2018-08-20,2018-08-27,2,RS,computers_accessories,South,9.0
base,moving_average,2018-08-20,2018-09-03,3,RS,computers_accessories,South,10.0
base,moving_average,2018-08-20,2018-09-10,4,RS,computers_accessories,South,9.0
base,moving_average,2018-08-20,2018-08-20,1,RS,furniture_decor,North,5.0
base,moving_average,2018-08-20,2018-08-27,2,RS,furniture_decor,North,4.0
base,moving_average,2018-08-20,2018-08-27,2,RS,furniture_decor,South,1.0
base,moving_average,2018-08-20,2018-09-03,3,RS,furniture_decor,North,5.0
base,moving_average,2018-08-20,2018-09-10,4,RS,furniture_decor,North,5.0
base,moving_average,2018-08-20,2018-08-20,1,RS,garden_tools,North,1.0
base,moving_average,2018-08-20,2018-08-20,1,RS,garden_tools,South,5.0
base,moving_average,2018-08-20,2018-08-27,2,RS,garden_tools,North,1.0
base,moving_average,2018-08-20,2018-09-03,3,RS,garden_tools,North,1.0
base,moving_average,2018-08-20,2018-09-10,4,RS,garden_tools,North,1.0
base,moving_average,2018-08-20,2018-08-20,1,RS,health_beauty,South,8.0
base,moving_average,2018-08-20,2018-08-27,2,RS,health_beauty,South,8.0
base,moving_average,2018-08-20,2018-09-03,3,RS,health_beauty,South,8.0
base,moving_average,2018-08-20,2018-09-10,4,RS,health_beauty,South,8.0
base,moving_average,2018-08-20,2018-08-20,1,RS,housewares,South,11.0
base,moving_average,2018-08-20,2018-08-27,2,RS,housewares,South,11.0
base,moving_average,2018-08-20,2018-09-03,3,RS,housewares,South,11.0
base,moving_average,2018-08-20,2018-09-10,4,RS,housewares,South,11.0
base,moving_average,2018-08-20,2018-08-27,2,RS,telephony,South,10.0
base,moving_average,2018-08-20,2018-09-03,3,RS,telephony,South,5.0
base,moving_average,2018-08-20,2018-09-10,4,RS,telephony,South,5.0
base,moving_average,2018-08-20,2018-08-27,2,RS,watches_gifts,South,2.0
base,moving_average,2018-08-20,2018-08-20,1,SC,bed_bath_table,South,10.0
base,moving_average,2018-08-20,2018-08-27,2,SC,bed_bath_table,South,11.0
base,moving_average,2018-08-20,2018-09-03,3,SC,bed_bath_table,South,14.0
base,moving_average,2018-08-20,2018-09-10,4,SC,bed_bath_table,South,12.0
base,moving_average,2018-08-20,2018-08-20,1,SC,computers_accessories,South,9.0
base,moving_average,2018-08-20,2018-08-27,2,SC,computers_accessories,South,9.0
base,moving_average,2018-08-20,2018-09-03,3,SC,computers_accessories,South,9.0
base,moving_average,2018-08-20,2018-09-10,4,SC,computers_accessories,South,9.0
base,moving_average,2018-08-20,2018-08-20,1,SC,furniture_decor,South,6.0
base,moving_average,2018-08-20,2018-08-27,2,SC,furniture_decor,South,6.0
base,moving_average,2018-08-20,2018-09-03,3,SC,furniture_decor,South,6.0
base,moving_average,2018-08-20,2018-09-10,4,SC,furniture_decor,South,6.0
base,moving_average,2018-08-20,2018-08-20,1,SC,garden_tools,Central-West,4.0
base,moving_average,2018-08-20,2018-08-20,1,SC,garden_tools,South,4.0
base,moving_average,2018-08-20,2018-08-27,2,SC,garden_tools,Central-West,5.0
base,moving_average,2018-08-20,2018-08-27,2,SC,garden_tools,South,3.0
base,moving_average,2018-08-20,2018-09-03,3,SC,garden_tools,Central-West,5.0
base,moving_average,2018-08-20,2018-09-03,3,SC,garden_tools,South,3.0
base,moving_average,2018-08-20,2018-09-10,4,SC,garden_tools,Central-West,5.0
base,moving_average,2018-08-20,2018-09-10,4,SC,garden_tools,South,3.0
base,moving_average,2018-08-20,2018-08-27,2,SC,health_beauty,South,2.0
base,moving_average,2018-08-20,2018-09-03,3,SC,health_beauty,South,4.0
base,moving_average,2018-08-20,2018-09-10,4,SC,health_beauty,South,4.0
base,moving_average,2018-08-20,2018-08-27,2,SC,housewares,South,5.0
base,moving_average,2018-08-20,2018-09-03,3,SC,housewares,South,3.0
base,moving_average,2018-08-20,2018-09-10,4,SC,housewares,South,3.0
base,moving_average,2018-08-20,2018-08-20,1,SC,sports_leisure,South,18.0
base,moving_average,2018-08-20,2018-08-27,2,SC,sports_leisure,South,18.0
base,moving_average,2018-08-20,2018-09-03,3,SC,sports_leisure,South,18.0
base,moving_average,2018-08-20,2018-09-10,4,SC,sports_leisure,South,18.0
base,moving_average,2018-08-20,2018-08-20,1,SC,watches_gifts,South,13.0
base,moving_average,2018-08-20,2018-08-27,2,SC,watches_gifts,South,2.0
base,moving_average,2018-08-20,2018-09-03,3,SC,watches_gifts,South,9.0
base,moving_average,2018-08-20,2018-09-10,4,SC,watches_gifts,South,8.0
base,moving_average,2018-08-20,2018-08-20,1,SP,auto,Central-West,6.0
base,moving_average,2018-08-20,2018-08-20,1,SP,auto,Northeast,14.0
base,moving_average,2018-08-20,2018-08-20,1,SP,auto,South,13.0
base,moving_average,2018-08-20,2018-08-20,1,SP,auto,Southeast,87.0
base,moving_average,2018-08-20,2018-08-27,2,SP,auto,Northeast,16.0
base,moving_average,2018-08-20,2018-08-27,2,SP,auto,South,4.0
base,moving_average,2018-08-20,2018-08-27,2,SP,auto,Southeast,89.0
base,moving_average,2018-08-20,2018-09-03,3,SP,auto,Central-West,3.0
base,moving_average,2018-08-20,2018-09-03,3,SP,auto,Northeast,10.0
base,moving_average,2018-08-20,2018-09-03,3,SP,auto,South,9.0
base,moving_average,2018-08-20,2018-09-03,3,SP,auto,Southeast,91.0
base,moving_average,2018-08-20,2018-09-10,4,SP,auto,Central-West,3.0
base,moving_average,2018-08-20,2018-09-10,4,SP,auto,Northeast,12.0
base,moving_average,2018-08-20,2018-09-10,4,SP,auto,South,9.0
base,moving_average,2018-08-20,2018-09-10,4,SP,auto,Southeast,89.0
base,moving_average,2018-08-20,2018-08-20,1,SP,bed_bath_table,South,1.0
base,moving_average,2018-08-20,2018-08-20,1,SP,bed_bath_table,Southeast,176.0
base,moving_average,2018-08-20,2018-08-27,2,SP,bed_bath_table,Central-West,7.0
base,moving_average,2018-08-20,2018-08-27,2,SP,bed_bath_table,Southeast,186.0
base,moving_average,2018-08-20,2018-09-03,3,SP,bed_bath_table,Central-West,6.0
base,moving_average,2018-08-20,2018-09-03,3,SP,bed_bath_table,Southeast,183.0
base,moving_average,2018-08-20,2018-09-10,4,SP,bed_bath_table,Central-West,7.0
base,moving_average,2018-08-20,2018-09-10,4,SP,bed_bath_table,Southeast,184.0
base,moving_average,2018-08-20,2018-08-20,1,SP,computers_accessories,Central-West,1.0
base,moving_average,2018-08-20,2018-08-20,1,SP,computers_accessories,Southeast,105.0
base,moving_average,2018-08-20,2018-08-27,2,SP,computers_accessories,Central-West,10.0
base,moving_average,2018-08-20,2018-08-27,2,SP,computers_accessories,Southeast,109.0
base,moving_average,2018-08-20,2018-09-03,3,SP,computers_accessories,Central-West,2.0
base,moving_average,2018-08-20,2018-09-03,3,SP,computers_accessories,Southeast,106.0
base,moving_average,2018-08-20,2018-09-10,4,SP,computers_accessories,Central-West,2.0
base,moving_average,2018-08-20,2018-09-10,4,SP,computers_accessories,Southeast,106.0
base,moving_average,2018-08-20,2018-08-20,1,SP,furniture_decor,Southeast,107.0
base,moving_average,2018-08-20,2018-08-27,2,SP,furniture_decor,Southeast,109.0
base,moving_average,2018-08-20,2018-09-03,3,SP,furniture_decor,Southeast,105.0
base,moving_average,2018-08-20,2018-09-10,4,SP,furniture_decor,Southeast,107.0
base,moving_average,2018-08-20,2018-08-20,1,SP,garden_tools,Southeast,32.0
base,moving_average,2018-08-20,2018-08-27,2,SP,garden_tools,South,7.0
base,moving_average,2018-08-20,2018-08-27,2,SP,garden_tools,Southeast,37.0
base,moving_average,2018-08-20,2018-09-03,3,SP,garden_tools,South,7.0
base,moving_average,2018-08-20,2018-09-03,3,SP,garden_tools,Southeast,37.0
base,moving_average,2018-08-20,2018-09-10,4,SP,garden_tools,South,6.0
base,moving_average,2018-08-20,2018-09-10,4,SP,garden_tools,Southeast,37.0
base,moving_average,2018-08-20,2018-08-20,1,SP,health_beauty,North,9.0
base,moving_average,2018-08-20,2018-08-20,1,SP,health_beauty,Northeast,11.0
base,moving_average,2018-08-20,2018-08-20,1,SP,health_beauty,South,4.0
base,moving_average,2018-08-20,2018-08-20,1,SP,health_beauty,Southeast,174.0
base,moving_average,2018-08-20,2018-08-27,2,SP,health_beauty,North,9.0
base,moving_average,2018-08-20,2018-08-27,2,SP,health_beauty,Northeast,13.0
base,moving_average,2018-08-20,2018-08-27,2,SP,health_beauty,Southeast,176.0
base,moving_average,2018-08-20,2018-09-03,3,SP,health_beauty,North,8.0
base,moving_average,2018-08-20,2018-09-03,3,SP,health_beauty,Northeast,13.0
base,moving_average,2018-08-20,2018-09-03,3,SP,health_beauty,Southeast,177.0
base,moving_average,2018-08-20,2018-09-10,4,SP,health_beauty,North,8.0
base,moving_average,2018-08-20,2018-09-10,4,SP,health_beauty,Northeast,13.0
base,moving_average,2018-08-20,2018-09-10,4,SP,health_beauty,Southeast,177.0
base,moving_average,2018-08-20,2018-08-20,1,SP,housewares,North,2.0
base,moving_average,2018-08-20,2018-08-20,1,SP,housewares,Southeast,157.0
base,moving_average,2018-08-20,2018-08-27,2,SP,housewares,North,3.0
base,moving_average,2018-08-20,2018-08-27,2,SP,housewares,Northeast,1.0
base,moving_average,2018-08-20,2018-08-27,2,SP,housewares,Southeast,155.0
base,moving_average,2018-08-20,2018-09-03,3,SP,housewares,North,2.0
base,moving_average,2018-08-20,2018-09-03,3,SP,housewares,Southeast,157.0
base,moving_average,2018-08-20,2018-09-10,4,SP,housewares,North,3.0
base,moving_average,2018-08-20,2018-09-10,4,SP,housewares,Southeast,156.0
base,moving_average,2018-08-20,2018-08-20,1,SP,sports_leisure,Southeast,102.0
base,moving_average,2018-08-20,2018-08-27,2,SP,sports_leisure,Southeast,115.0
base,moving_average,2018-08-20,2018-09-03,3,SP,sports_leisure,Southeast,114.0
base,moving_average,2018-08-20,2018-09-10,4,SP,sports_leisure,Southeast,118.0
base,moving_average,2018-08-20,2018-08-20,1,SP,telephony,Central-West,8.0
base,moving_average,2018-08-20,2018-08-20,1,SP,telephony,Northeast,6.0
base,moving_average,2018-08-20,2018-08-20,1,SP,telephony,South,19.0
base,moving_average,2018-08-20,2018-08-20,1,SP,telephony,Southeast,58.0
base,moving_average,2018-08-20,2018-08-27,2,SP,telephony,Central-West,8.0
base,moving_average,2018-08-20,2018-08-27,2,SP,telephony,Northeast,9.0
base,moving_average,2018-08-20,2018-08-27,2,SP,telephony,South,11.0
base,moving_average,2018-08-20,2018-08-27,2,SP,telephony,Southeast,61.0
base,moving_average,2018-08-20,2018-09-03,3,SP,telephony,Central-West,8.0
base,moving_average,2018-08-20,2018-09-03,3,SP,telephony,Northeast,9.0
base,moving_average,2018-08-20,2018-09-03,3,SP,telephony,South,18.0
base,moving_average,2018-08-20,2018-09-03,3,SP,telephony,Southeast,57.0
base,moving_average,2018-08-20,2018-09-10,4,SP,telephony,Central-West,8.0
base,moving_average,2018-08-20,2018-09-10,4,SP,telephony,Northeast,7.0
base,moving_average,2018-08-20,2018-09-10,4,SP,telephony,South,14.0
base,moving_average,2018-08-20,2018-09-10,4,SP,telephony,Southeast,57.0
base,moving_average,2018-08-20,2018-08-20,1,SP,watches_gifts,Central-West,10.0
base,moving_average,2018-08-20,2018-08-20,1,SP,watches_gifts,North,4.0
base,moving_average,2018-08-20,2018-08-20,1,SP,watches_gifts,Northeast,24.0
base,moving_average,2018-08-20,2018-08-20,1,SP,watches_gifts,Southeast,91.0
base,moving_average,2018-08-20,2018-08-27,2,SP,watches_gifts,Central-West,10.0
base,moving_average,2018-08-20,2018-08-27,2,SP,watches_gifts,North,4.0
base,moving_average,2018-08-20,2018-08-27,2,SP,watches_gifts,Northeast,24.0
base,moving_average,2018-08-20,2018-08-27,2,SP,watches_gifts,Southeast,95.0
base,moving_average,2018-08-20,2018-09-03,3,SP,watches_gifts,Central-West,10.0
base,moving_average,2018-08-20,2018-09-03,3,SP,watches_gifts,North,4.0
base,moving_average,2018-08-20,2018-09-03,3,SP,watches_gifts,Northeast,22.0
base,moving_average,2018-08-20,2018-09-03,3,SP,watches_gifts,Southeast,90.0
base,moving_average,2018-08-20,2018-09-10,4,SP,watches_gifts,Central-West,10.0
base,moving_average,2018-08-20,2018-09-10,4,SP,watches_gifts,North,3.0
base,moving_average,2018-08-20,2018-09-10,4,SP,watches_gifts,Northeast,22.0
base,moving_average,2018-08-20,2018-09-10,4,SP,watches_gifts,Southeast,91.0
base,ridge,2018-05-28,2018-05-28,1,MG,auto,Northeast,6.0
base,ridge,2018-05-28,2018-05-28,1,MG,bed_bath_table,North,2.0
base,ridge,2018-05-28,2018-05-28,1,MG,bed_bath_table,Northeast,6.0
base,ridge,2018-05-28,2018-06-04,2,MG,bed_bath_table,Central-West,3.0
base,ridge,2018-05-28,2018-06-04,2,MG,bed_bath_table,Northeast,11.0
base,ridge,2018-05-28,2018-06-11,3,MG,bed_bath_table,Central-West,2.0
base,ridge,2018-05-28,2018-06-11,3,MG,bed_bath_table,Northeast,12.0
base,ridge,2018-05-28,2018-06-18,4,MG,bed_bath_table,Central-West,2.0
base,ridge,2018-05-28,2018-06-18,4,MG,bed_bath_table,Northeast,12.0
base,ridge,2018-05-28,2018-05-28,1,MG,computers_accessories,Central-West,5.0
base,ridge,2018-05-28,2018-05-28,1,MG,computers_accessories,North,3.0
base,ridge,2018-05-28,2018-05-28,1,MG,computers_accessories,Northeast,13.0
base,ridge,2018-05-28,2018-06-04,2,MG,computers_accessories,Northeast,13.0
base,ridge,2018-05-28,2018-06-11,3,MG,computers_accessories,Northeast,13.0
base,ridge,2018-05-28,2018-06-18,4,MG,computers_accessories,Northeast,13.0
base,ridge,2018-05-28,2018-05-28,1,MG,furniture_decor,Central-West,7.0
base,ridge,2018-05-28,2018-05-28,1,MG,furniture_decor,Northeast,7.0
base,ridge,2018-05-28,2018-06-04,2,MG,furniture_decor,Central-West,10.0
base,ridge,2018-05-28,2018-06-04,2,MG,furniture_decor,Northeast,5.0
base,ridge,2018-05-28,2018-06-11,3,MG,furniture_decor,Central-West,10.0
base,ridge,2018-05-28,2018-06-11,3,MG,furniture_decor,Northeast,5.0
base,ridge,2018-05-28,2018-06-18,4,MG,furniture_decor,Central-West,10.0
base,ridge,2018-05-28,2018-06-18,4,MG,furniture_decor,Northeast,6.0
base,ridge,2018-05-28,2018-05-28,1,MG,garden_tools,Southeast,14.0
base,ridge,2018-05-28,2018-05-28,1,MG,health_beauty,Northeast,10.0
base,ridge,2018-05-28,2018-06-04,2,MG,health_beauty,Northeast,14.0
base,ridge,2018-05-28,2018-06-11,3,MG,health_beauty,Northeast,14.0
base,ridge,2018-05-28,2018-06-18,4,MG,health_beauty,Northeast,14.0
base,ridge,2018-05-28,2018-05-28,1,MG,housewares,Central-West,5.0
base,ridge,2018-05-28,2018-06-04,2,MG,housewares,Central-West,6.0
base,ridge,2018-05-28,2018-06-11,3,MG,housewares,Central-West,6.0
base,ridge,2018-05-28,2018-06-18,4,MG,housewares,Central-West,3.0
base,ridge,2018-05-28,2018-05-28,1,MG,sports_leisure,Central-West,2.0
base,ridge,2018-05-28,2018-05-28,1,MG,sports_leisure,Northeast,9.0
base,ridge,2018-05-28,2018-06-04,2,MG,sports_leisure,Northeast,9.0
base,ridge,2018-05-28,2018-06-11,3,MG,sports_leisure,Northeast,9.0
base,ridge,2018-05-28,2018-06-18,4,MG,sports_leisure,Northeast,10.0
base,ridge,2018-05-28,2018-05-28,1,MG,telephony,North,1.0
base,ridge,2018-05-28,2018-06-04,2,MG,telephony,Northeast,5.0
base,ridge,2018-05-28,2018-06-11,3,MG,telephony,Northeast,5.0
base,ridge,2018-05-28,2018-06-18,4,MG,telephony,Northeast,5.0
base,ridge,2018-05-28,2018-05-28,1,MG,watches_gifts,Northeast,3.0
base,ridge,2018-05-28,2018-05-28,1,PR,auto,South,2.0
base,ridge,2018-05-28,2018-06-04,2,PR,auto,South,10.0
base,ridge,2018-05-28,2018-06-11,3,PR,auto,South,8.0
base,ridge,2018-05-28,2018-06-18,4,PR,auto,South,8.0
base,ridge,2018-05-28,2018-05-28,1,PR,bed_bath_table,South,3.0
base,ridge,2018-05-28,2018-05-28,1,PR,computers_accessories,South,15.0
base,ridge,2018-05-28,2018-06-04,2,PR,computers_accessories,South,18.0
base,ridge,2018-05-28,2018-06-11,3,PR,computers_accessories,South,8.0
base,ridge,2018-05-28,2018-05-28,1,PR,furniture_decor,South,21.0
base,ridge,2018-05-28,2018-06-04,2,PR,furniture_decor,South,19.0
base,ridge,2018-05-28,2018-06-11,3,PR,furniture_decor,South,21.0
base,ridge,2018-05-28,2018-06-18,4,PR,furniture_decor,South,20.0
base,ridge,2018-05-28,2018-06-04,2,PR,garden_tools,South,5.0
base,ridge,2018-05-28,2018-05-28,1,PR,health_beauty,South,6.0
base,ridge,2018-05-28,2018-06-04,2,PR,health_beauty,South,11.0
base,ridge,2018-05-28,2018-06-11,3,PR,health_beauty,South,13.0
base,ridge,2018-05-28,2018-06-18,4,PR,health_beauty,South,13.0
base,ridge,2018-05-28,2018-05-28,1,PR,housewares,South,6.0
base,ridge,2018-05-28,2018-06-04,2,PR,housewares,South,20.0
base,ridge,2018-05-28,2018-06-11,3,PR,housewares,South,17.0
base,ridge,2018-05-28,2018-06-18,4,PR,housewares,South,17.0
base,ridge,2018-05-28,2018-06-04,2,PR,sports_leisure,South,19.0
base,ridge,2018-05-28,2018-06-11,3,PR,sports_leisure,South,13.0
base,ridge,2018-05-28,2018-06-18,4,PR,sports_leisure,South,1.0
base,ridge,2018-05-28,2018-06-04,2,PR,telephony,South,2.0
base,ridge,2018-05-28,2018-05-28,1,PR,watches_gifts,South,4.0
base,ridge,2018-05-28,2018-06-04,2,PR,watches_gifts,South,8.0
base,ridge,2018-05-28,2018-06-11,3,PR,watches_gifts,South,8.0
base,ridge,2018-05-28,2018-06-18,4,PR,watches_gifts,South,8.0
base,ridge,2018-05-28,2018-05-28,1,RJ,auto,Central-West,3.0
base,ridge,2018-05-28,2018-06-04,2,RJ,auto,Central-West,4.0
base,ridge,2018-05-28,2018-06-04,2,RJ,auto,Northeast,2.0
base,ridge,2018-05-28,2018-06-11,3,RJ,auto,Central-West,4.0
base,ridge,2018-05-28,2018-06-11,3,RJ,auto,Northeast,2.0
base,ridge,2018-05-28,2018-06-18,4,RJ,auto,Central-West,4.0
base,ridge,2018-05-28,2018-06-18,4,RJ,auto,Northeast,2.0
base,ridge,2018-05-28,2018-05-28,1,RJ,bed_bath_table,South,3.0
base,ridge,2018-05-28,2018-06-04,2,RJ,bed_bath_table,South,10.0
base,ridge,2018-05-28,2018-06-11,3,RJ,bed_bath_table,South,10.0
base,ridge,2018-05-28,2018-06-18,4,RJ,bed_bath_table,South,10.0
base,ridge,2018-05-28,2018-05-28,1,RJ,computers_accessories,Central-West,3.0
base,ridge,2018-05-28,2018-05-28,1,RJ,furniture_decor,Northeast,3.0
base,ridge,2018-05-28,2018-06-04,2,RJ,furniture_decor,Northeast,5.0
base,ridge,2018-05-28,2018-06-11,3,RJ,furniture_decor,Northeast,5.0
base,ridge,2018-05-28,2018-06-18,4,RJ,furniture_decor,Northeast,5.0
base,ridge,2018-05-28,2018-05-28,1,RJ,garden_tools,Northeast,1.0
base,ridge,2018-05-28,2018-06-04,2,RJ,garden_tools,Northeast,4.0
base,ridge,2018-05-28,2018-06-11,3,RJ,garden_tools,Northeast,4.0
base,ridge,2018-05-28,2018-06-18,4,RJ,garden_tools,Northeast,4.0
base,ridge,2018-05-28,2018-05-28,1,RJ,health_beauty,Central-West,10.0
base,ridge,2018-05-28,2018-06-04,2,RJ,health_beauty,Central-West,11.0
base,ridge,2018-05-28,2018-06-11,3,RJ,health_beauty,Central-West,6.0
base,ridge,2018-05-28,2018-05-28,1,RJ,housewares,Northeast,4.0
base,ridge,2018-05-28,2018-06-04,2,RJ,housewares,Northeast,8.0
base,ridge,2018-05-28,2018-06-11,3,RJ,housewares,Northeast,8.0
base,ridge,2018-05-28,2018-06-18,4,RJ,housewares,Northeast,8.0
base,ridge,2018-05-28,2018-05-28,1,RJ,sports_leisure,Central-West,6.0
base,ridge,2018-05-28,2018-05-28,1,RJ,sports_leisure,North,3.0
base,ridge,2018-05-28,2018-06-04,2,RJ,sports_leisure,Central-West,8.0
base,ridge,2018-05-28,2018-06-04,2,RJ,sports_leisure,North,3.0
base,ridge,2018-05-28,2018-06-11,3,RJ,sports_leisure,Central-West,8.0
base,ridge,2018-05-28,2018-06-11,3,RJ,sports_leisure,North,3.0
base,ridge,2018-05-28,2018-06-18,4,RJ,sports_leisure,Central-West,8.0
base,ridge,2018-05-28,2018-06-18,4,RJ,sports_leisure,North,3.0
base,ridge,2018-05-28,2018-05-28,1,RJ,telephony,North,1.0
base,ridge,2018-05-28,2018-06-04,2,RJ,telephony,North,1.0
base,ridge,2018-05-28,2018-06-04,2,RJ,telephony,Northeast,3.0
base,ridge,2018-05-28,2018-06-11,3,RJ,telephony,North,1.0
base,ridge,2018-05-28,2018-06-11,3,RJ,telephony,Northeast,4.0
base,ridge,2018-05-28,2018-06-18,4,RJ,telephony,North,1.0
base,ridge,2018-05-28,2018-06-18,4,RJ,telephony,Northeast,3.0
base,ridge,2018-05-28,2018-05-28,1,RJ,watches_gifts,Central-West,8.0
base,ridge,2018-05-28,2018-06-04,2,RJ,watches_gifts,Central-West,5.0
base,ridge,2018-05-28,2018-05-28,1,RS,auto,North,1.0
base,ridge,2018-05-28,2018-05-28,1,RS,auto,South,1.0
base,ridge,2018-05-28,2018-06-04,2,RS,auto,North,1.0
base,ridge,2018-05-28,2018-06-04,2,RS,auto,South,2.0
base,ridge,2018-05-28,2018-06-11,3,RS,auto,North,1.0
base,ridge,2018-05-28,2018-06-11,3,RS,auto,South,2.0
base,ridge,2018-05-28,2018-06-18,4,RS,auto,North,1.0
base,ridge,2018-05-28,2018-06-18,4,RS,auto,South,2.0
base,ridge,2018-05-28,2018-05-28,1,RS,bed_bath_table,North,1.0
base,ridge,2018-05-28,2018-06-04,2,RS,bed_bath_table,North,3.0
base,ridge,2018-05-28,2018-06-04,2,RS,bed_bath_table,South,3.0
base,ridge,2018-05-28,2018-06-11,3,RS,bed_bath_table,North,3.0
base,ridge,2018-05-28,2018-06-11,3,RS,bed_bath_table,South,3.0
base,ridge,2018-05-28,2018-06-18,4,RS,bed_bath_table,North,3.0
base,ridge,2018-05-28,2018-06-18,4,RS,bed_bath_table,South,3.0
base,ridge,2018-05-28,2018-06-11,3,RS,computers_accessories,South,10.0
base,ridge,2018-05-28,2018-06-18,4,RS,computers_accessories,South,9.0
base,ridge,2018-05-28,2018-05-28,1,RS,furniture_decor,North,2.0
base,ridge,2018-05-28,2018-06-04,2,RS,furniture_decor,North,3.0
base,ridge,2018-05-28,2018-06-04,2,RS,furniture_decor,South,2.0
base,ridge,2018-05-28,2018-06-11,3,RS,furniture_decor,North,3.0
base,ridge,2018-05-28,2018-06-11,3,RS,furniture_decor,South,2.0
base,ridge,2018-05-28,2018-06-18,4,RS,furniture_decor,North,2.0
base,ridge,2018-05-28,2018-06-18,4,RS,furniture_decor,South,3.0
base,ridge,2018-05-28,2018-05-28,1,RS,garden_tools,North,1.0
base,ridge,2018-05-28,2018-06-04,2,RS,garden_tools,North,1.0
base,ridge,2018-05-28,2018-06-11,3,RS,garden_tools,North,1.0
base,ridge,2018-05-28,2018-06-18,4,RS,garden_tools,North,1.0
base,ridge,2018-05-28,2018-05-28,1,RS,health_beauty,South,4.0
base,ridge,2018-05-28,2018-06-04,2,RS,health_beauty,South,8.0
base,ridge,2018-05-28,2018-06-11,3,RS,health_beauty,South,8.0
base,ridge,2018-05-28,2018-06-18,4,RS,health_beauty,South,8.0
base,ridge,2018-05-28,2018-05-28,1,RS,housewares,South,4.0
base,ridge,2018-05-28,2018-06-11,3,RS,housewares,South,3.0
base,ridge,2018-05-28,2018-06-18,4,RS,housewares,South,3.0
base,ridge,2018-05-28,2018-05-28,1,RS,sports_leisure,South,3.0
base,ridge,2018-05-28,2018-06-04,2,RS,telephony,South,5.0
base,ridge,2018-05-28,2018-06-11,3,RS,telephony,South,5.0
base,ridge,2018-05-28,2018-06-18,4,RS,telephony,South,5.0
base,ridge,2018-05-28,2018-05-28,1,RS,watches_gifts,South,1.0
base,ridge,2018-05-28,2018-06-18,4,RS,watches_gifts,South,1.0
base,ridge,2018-05-28,2018-05-28,1,SC,auto,South,4.0
base,ridge,2018-05-28,2018-05-28,1,SC,bed_bath_table,South,13.0
base,ridge,2018-05-28,2018-06-04,2,SC,bed_bath_table,South,10.0
base,ridge,2018-05-28,2018-06-11,3,SC,bed_bath_table,South,12.0
base,ridge,2018-05-28,2018-06-18,4,SC,bed_bath_table,South,12.0
base,ridge,2018-05-28,2018-05-28,1,SC,computers_accessories,South,4.0
base,ridge,2018-05-28,2018-06-11,3,SC,computers_accessories,South,1.0
base,ridge,2018-05-28,2018-06-18,4,SC,computers_accessories,South,9.0
base,ridge,2018-05-28,2018-05-28,1,SC,furniture_decor,South,2.0
base,ridge,2018-05-28,2018-06-04,2,SC,furniture_decor,South,6.0
base,ridge,2018-05-28,2018-06-11,3,SC,furniture_decor,South,6.0
base,ridge,2018-05-28,2018-06-18,4,SC,furniture_decor,South,6.0
base,ridge,2018-05-28,2018-05-28,1,SC,garden_tools,Central-West,3.0
base,ridge,2018-05-28,2018-06-04,2,SC,garden_tools,Central-West,3.0
base,ridge,2018-05-28,2018-06-04,2,SC,garden_tools,South,5.0
base,ridge,2018-05-28,2018-06-11,3,SC,garden_tools,Central-West,4.0
base,ridge,2018-05-28,2018-06-11,3,SC,garden_tools,South,4.0
base,ridge,2018-05-28,2018-06-18,4,SC,garden_tools,Central-West,4.0
base,ridge,2018-05-28,2018-06-18,4,SC,garden_tools,South,4.0
base,ridge,2018-05-28,2018-05-28,1,SC,health_beauty,South,7.0
base,ridge,2018-05-28,2018-05-28,1,SC,housewares,South,8.0
base,ridge,2018-05-28,2018-05-28,1,SC,sports_leisure,South,15.0
base,ridge,2018-05-28,2018-06-11,3,SC,sports_leisure,South,6.0
base,ridge,2018-05-28,2018-06-18,4,SC,sports_leisure,South,18.0
base,ridge,2018-05-28,2018-05-28,1,SC,telephony,South,1.0
base,ridge,2018-05-28,2018-05-28,1,SC,watches_gifts,South,6.0
base,ridge,2018-05-28,2018-06-04,2,SC,watches_gifts,South,8.0
base,ridge,2018-05-28,2018-06-11,3,SC,watches_gifts,South,8.0
base,ridge,2018-05-28,2018-06-18,4,SC,watches_gifts,South,9.0
base,ridge,2018-05-28,2018-05-28,1,SP,auto,Central-West,1.0
base,ridge,2018-05-28,2018-05-28,1,SP,auto,Northeast,1.0
base,ridge,2018-05-28,2018-05-28,1,SP,auto,South,4.0
base,ridge,2018-05-28,2018-05-28,1,SP,auto,Southeast,53.0
base,ridge,2018-05-28,2018-06-04,2,SP,auto,Northeast,5.0
base,ridge,2018-05-28,2018-06-04,2,SP,auto,Southeast,57.0
base,ridge,2018-05-28,2018-06-11,3,SP,auto,Northeast,4.0
base,ridge,2018-05-28,2018-06-11,3,SP,auto,South,2.0
base,ridge,2018-05-28,2018-06-11,3,SP,auto,Southeast,60.0
base,ridge,2018-05-28,2018-06-18,4,SP,auto,Northeast,4.0
base,ridge,2018-05-28,2018-06-18,4,SP,auto,South,1.0
base,ridge,2018-05-28,2018-06-18,4,SP,auto,Southeast,61.0
base,ridge,2018-05-28,2018-05-28,1,SP,bed_bath_table,Central-West,9.0
base,ridge,2018-05-28,2018-05-28,1,SP,bed_bath_table,Northeast,4.0
base,ridge,2018-05-28,2018-05-28,1,SP,bed_bath_table,South,3.0
base,ridge,2018-05-28,2018-05-28,1,SP,bed_bath_table,Southeast,133.0
base,ridge,2018-05-28,2018-06-04,2,SP,bed_bath_table,Central-West,7.0
base,ridge,2018-05-28,2018-06-04,2,SP,bed_bath_table,Southeast,135.0
base,ridge,2018-05-28,2018-06-11,3,SP,bed_bath_table,Central-West,8.0
base,ridge,2018-05-28,2018-06-11,3,SP,bed_bath_table,Southeast,133.0
base,ridge,2018-05-28,2018-06-18,4,SP,bed_bath_table,Central-West,8.0
base,ridge,2018-05-28,2018-06-18,4,SP,bed_bath_table,Southeast,132.0
base,ridge,2018-05-28,2018-05-28,1,SP,computers_accessories,Southeast,84.0
base,ridge,2018-05-28,2018-06-04,2,SP,computers_accessories,Central-West,8.0
base,ridge,2018-05-28,2018-06-04,2,SP,computers_accessories,North,3.0
base,ridge,2018-05-28,2018-06-04,2,SP,computers_accessories,Southeast,88.0
base,ridge,2018-05-28,2018-06-11,3,SP,computers_accessories,Central-West,8.0
base,ridge,2018-05-28,2018-06-11,3,SP,computers_accessories,North,3.0
base,ridge,2018-05-28,2018-06-11,3,SP,computers_accessories,Southeast,91.0
base,ridge,2018-05-28,2018-06-18,4,SP,computers_accessories,Central-West,9.0
base,ridge,2018-05-28,2018-06-18,4,SP,computers_accessories,North,3.0
base,ridge,2018-05-28,2018-06-18,4,SP,computers_accessories,Southeast,88.0
base,ridge,2018-05-28,2018-05-28,1,SP,furniture_decor,Central-West,3.0
base,ridge,2018-05-28,2018-05-28,1,SP,furniture_decor,North,1.0
base,ridge,2018-05-28,2018-05-28,1,SP,furniture_decor,Southeast,94.0
base,ridge,2018-05-28,2018-06-04,2,SP,furniture_decor,Southeast,96.0
base,ridge,2018-05-28,2018-06-11,3,SP,furniture_decor,Southeast,99.0
base,ridge,2018-05-28,2018-06-18,4,SP,furniture_decor,Southeast,97.0
base,ridge,2018-05-28,2018-05-28,1,SP,garden_tools,Northeast,5.0
base,ridge,2018-05-28,2018-05-28,1,SP,garden_tools,South,12.0
base,ridge,2018-05-28,2018-05-28,1,SP,garden_tools,Southeast,37.0
base,ridge,2018-05-28,2018-06-04,2,SP,garden_tools,Northeast,2.0
base,ridge,2018-05-28,2018-06-04,2,SP,garden_tools,South,1.0
base,ridge,2018-05-28,2018-06-04,2,SP,garden_tools,Southeast,54.0
base,ridge,2018-05-28,2018-06-11,3,SP,garden_tools,Northeast,3.0
base,ridge,2018-05-28,2018-06-11,3,SP,garden_tools,South,7.0
base,ridge,2018-05-28,2018-06-11,3,SP,garden_tools,Southeast,58.0
base,ridge,2018-05-28,2018-06-18,4,SP,garden_tools,Northeast,3.0
base,ridge,2018-05-28,2018-06-18,4,SP,garden_tools,South,8.0
base,ridge,2018-05-28,2018-06-18,4,SP,garden_tools,Southeast,59.0
base,ridge,2018-05-28,2018-05-28,1,SP,health_beauty,North,3.0
base,ridge,2018-05-28,2018-05-28,1,SP,health_beauty,Northeast,7.0
base,ridge,2018-05-28,2018-05-28,1,SP,health_beauty,Southeast,117.0
base,ridge,2018-05-28,2018-06-04,2,SP,health_beauty,North,4.0
base,ridge,2018-05-28,2018-06-04,2,SP,health_beauty,Northeast,4.0
base,ridge,2018-05-28,2018-06-04,2,SP,health_beauty,Southeast,123.0
base,ridge,2018-05-28,2018-06-11,3,SP,health_beauty,Central-West,5.0
base,ridge,2018-05-28,2018-06-11,3,SP,health_beauty,North,3.0
base,ridge,2018-05-28,2018-06-11,3,SP,health_beauty,Northeast,4.0
base,ridge,2018-05-28,2018-06-11,3,SP,health_beauty,Southeast,123.0
base,ridge,2018-05-28,2018-06-18,4,SP,health_beauty,Central-West,12.0
base,ridge,2018-05-28,2018-06-18,4,SP,health_beauty,North,3.0
base,ridge,2018-05-28,2018-06-18,4,SP,health_beauty,Northeast,5.0
base,ridge,2018-05-28,2018-06-18,4,SP,health_beauty,Southeast,126.0
base,ridge,2018-05-28,2018-05-28,1,SP,housewares,North,1.0
base,ridge,2018-05-28,2018-05-28,1,SP,housewares,Northeast,5.0
base,ridge,2018-05-28,2018-05-28,1,SP,housewares,Southeast,93.0
base,ridge,2018-05-28,2018-06-04,2,SP,housewares,North,1.0
base,ridge,2018-05-28,2018-06-04,2,SP,housewares,Northeast,2.0
base,ridge,2018-05-28,2018-06-04,2,SP,housewares,Southeast,97.0
base,ridge,2018-05-28,2018-06-11,3,SP,housewares,North,1.0
base,ridge,2018-05-28,2018-06-11,3,SP,housewares,Northeast,3.0
base,ridge,2018-05-28,2018-06-11,3,SP,housewares,Southeast,99.0
base,ridge,2018-05-28,2018-06-18,4,SP,housewares,Central-West,3.0
base,ridge,2018-05-28,2018-06-18,4,SP,housewares,North,1.0
base,ridge,2018-05-28,2018-06-18,4,SP,housewares,Northeast,3.0
base,ridge,2018-05-28,2018-06-18,4,SP,housewares,Southeast,101.0
base,ridge,2018-05-28,2018-05-28,1,SP,sports_leisure,Southeast,83.0
base,ridge,2018-05-28,2018-06-04,2,SP,sports_leisure,Southeast,90.0
base,ridge,2018-05-28,2018-06-11,3,SP,sports_leisure,Southeast,91.0
base,ridge,2018-05-28,2018-06-18,4,SP,sports_leisure,Southeast,92.0
base,ridge,2018-05-28,2018-05-28,1,SP,telephony,Central-West,4.0
base,ridge,2018-05-28,2018-05-28,1,SP,telephony,Northeast,7.0
base,ridge,2018-05-28,2018-05-28,1,SP,telephony,South,9.0
base,ridge,2018-05-28,2018-05-28,1,SP,telephony,Southeast,43.0
base,ridge,2018-05-28,2018-06-04,2,SP,telephony,Central-West,4.0
base,ridge,2018-05-28,2018-06-04,2,SP,telephony,South,3.0
base,ridge,2018-05-28,2018-06-04,2,SP,telephony,Southeast,47.0
base,ridge,2018-05-28,2018-06-11,3,SP,telephony,Central-West,5.0
base,ridge,2018-05-28,2018-06-11,3,SP,telephony,South,5.0
base,ridge,2018-05-28,2018-06-11,3,SP,telephony,Southeast,48.0
base,ridge,2018-05-28,2018-06-18,4,SP,telephony,Central-West,4.0
base,ridge,2018-05-28,2018-06-18,4,SP,telephony,South,5.0
base,ridge,2018-05-28,2018-06-18,4,SP,telephony,Southeast,49.0
base,ridge,2018-05-28,2018-05-28,1,SP,watches_gifts,North,2.0
base,ridge,2018-05-28,2018-05-28,1,SP,watches_gifts,Northeast,14.0
base,ridge,2018-05-28,2018-05-28,1,SP,watches_gifts,South,3.0
base,ridge,2018-05-28,2018-05-28,1,SP,watches_gifts,Southeast,89.0
base,ridge,2018-05-28,2018-06-04,2,SP,watches_gifts,Central-West,3.0
base,ridge,2018-05-28,2018-06-04,2,SP,watches_gifts,North,2.0
base,ridge,2018-05-28,2018-06-04,2,SP,watches_gifts,Northeast,18.0
base,ridge,2018-05-28,2018-06-04,2,SP,watches_gifts,Southeast,94.0
base,ridge,2018-05-28,2018-06-11,3,SP,watches_gifts,Central-West,8.0
base,ridge,2018-05-28,2018-06-11,3,SP,watches_gifts,North,2.0
base,ridge,2018-05-28,2018-06-11,3,SP,watches_gifts,Northeast,19.0
base,ridge,2018-05-28,2018-06-11,3,SP,watches_gifts,Southeast,99.0
base,ridge,2018-05-28,2018-06-18,4,SP,watches_gifts,Central-West,9.0
base,ridge,2018-05-28,2018-06-18,4,SP,watches_gifts,North,2.0
base,ridge,2018-05-28,2018-06-18,4,SP,watches_gifts,Northeast,19.0
base,ridge,2018-05-28,2018-06-18,4,SP,watches_gifts,Southeast,106.0
base,ridge,2018-06-04,2018-06-04,1,MG,auto,Northeast,6.0
base,ridge,2018-06-04,2018-06-04,1,MG,bed_bath_table,Central-West,4.0
base,ridge,2018-06-04,2018-06-04,1,MG,bed_bath_table,Northeast,10.0
base,ridge,2018-06-04,2018-06-11,2,MG,bed_bath_table,Central-West,3.0
base,ridge,2018-06-04,2018-06-11,2,MG,bed_bath_table,Northeast,11.0
base,ridge,2018-06-04,2018-06-18,3,MG,bed_bath_table,Central-West,2.0
base,ridge,2018-06-04,2018-06-18,3,MG,bed_bath_table,Northeast,12.0
base,ridge,2018-06-04,2018-06-25,4,MG,bed_bath_table,Central-West,2.0
base,ridge,2018-06-04,2018-06-25,4,MG,bed_bath_table,Northeast,12.0
base,ridge,2018-06-04,2018-06-04,1,MG,computers_accessories,Northeast,11.0
base,ridge,2018-06-04,2018-06-11,2,MG,computers_accessories,Northeast,12.0
base,ridge,2018-06-04,2018-06-18,3,MG,computers_accessories,Northeast,12.0
base,ridge,2018-06-04,2018-06-25,4,MG,computers_accessories,Northeast,12.0
base,ridge,2018-06-04,2018-06-04,1,MG,furniture_decor,Central-West,9.0
base,ridge,2018-06-04,2018-06-04,1,MG,furniture_decor,Northeast,8.0
base,ridge,2018-06-04,2018-06-11,2,MG,furniture_decor,Central-West,9.0
base,ridge,2018-06-04,2018-06-11,2,MG,furniture_decor,Northeast,3.0
base,ridge,2018-06-04,2018-06-18,3,MG,furniture_decor,Central-West,9.0
base,ridge,2018-06-04,2018-06-18,3,MG,furniture_decor,Northeast,6.0
base,ridge,2018-06-04,2018-06-25,4,MG,furniture_decor,Central-West,9.0
base,ridge,2018-06-04,2018-06-25,4,MG,furniture_decor,Northeast,6.0
base,ridge,2018-06-04,2018-06-04,1,MG,garden_tools,Southeast,14.0
base,ridge,2018-06-04,2018-06-04,1,MG,health_beauty,Northeast,14.0
base,ridge,2018-06-04,2018-06-11,2,MG,health_beauty,Northeast,14.0
base,ridge,2018-06-04,2018-06-18,3,MG,health_beauty,Northeast,14.0
base,ridge,2018-06-04,2018-06-25,4,MG,health_beauty,Northeast,14.0
base,ridge,2018-06-04,2018-06-04,1,MG,housewares,Central-West,6.0
base,ridge,2018-06-04,2018-06-04,1,MG,housewares,Southeast,14.0
base,ridge,2018-06-04,2018-06-04,1,MG,sports_leisure,Central-West,1.0
base,ridge,2018-06-04,2018-06-04,1,MG,sports_leisure,Northeast,9.0
base,ridge,2018-06-04,2018-06-11,2,MG,sports_leisure,Northeast,9.0
base,ridge,2018-06-04,2018-06-18,3,MG,sports_leisure,Northeast,10.0
base,ridge,2018-06-04,2018-06-25,4,MG,sports_leisure,Northeast,9.0
base,ridge,2018-06-04,2018-06-04,1,MG,telephony,Northeast,5.0
base,ridge,2018-06-04,2018-06-11,2,MG,telephony,Northeast,5.0
base,ridge,2018-06-04,2018-06-18,3,MG,telephony,Northeast,5.0
base,ridge,2018-06-04,2018-06-25,4,MG,telephony,Northeast,5.0
base,ridge,2018-06-04,2018-06-04,1,MG,watches_gifts,Northeast,3.0
base,ridge,2018-06-04,2018-06-04,1,PR,auto,South,6.0
base,ridge,2018-06-04,2018-06-11,2,PR,auto,South,6.0
base,ridge,2018-06-04,2018-06-18,3,PR,auto,South,8.0
base,ridge,2018-06-04,2018-06-25,4,PR,auto,South,8.0
base,ridge,2018-06-04,2018-06-11,2,PR,bed_bath_table,South,3.0
base,ridge,2018-06-04,2018-06-04,1,PR,computers_accessories,South,13.0
base,ridge,2018-06-04,2018-06-11,2,PR,computers_accessories,South,12.0
base,ridge,2018-06-04,2018-06-18,3,PR,computers_accessories,South,16.0
base,ridge,2018-06-04,2018-06-04,1,PR,furniture_decor,South,16.0
base,ridge,2018-06-04,2018-06-11,2,PR,furniture_decor,South,18.0
base,ridge,2018-06-04,2018-06-18,3,PR,furniture_decor,South,19.0
base,ridge,2018-06-04,2018-06-25,4,PR,furniture_decor,South,19.0
base,ridge,2018-06-04,2018-06-11,2,PR,garden_tools,South,2.0
base,ridge,2018-06-04,2018-06-18,3,PR,garden_tools,South,3.0
base,ridge,2018-06-04,2018-06-04,1,PR,health_beauty,South,3.0
base,ridge,2018-06-04,2018-06-11,2,PR,health_beauty,South,13.0
base,ridge,2018-06-04,2018-06-18,3,PR,health_beauty,South,14.0
base,ridge,2018-06-04,2018-06-25,4,PR,health_beauty,South,14.0
base,ridge,2018-06-04,2018-06-04,1,PR,housewares,South,10.0
base,ridge,2018-06-04,2018-06-04,1,PR,housewares,Southeast,7.0
base,ridge,2018-06-04,2018-06-11,2,PR,housewares,South,17.0
base,ridge,2018-06-04,2018-06-18,3,PR,housewares,South,17.0
base,ridge,2018-06-04,2018-06-25,4,PR,housewares,South,17.0
base,ridge,2018-06-04,2018-06-04,1,PR,sports_leisure,South,22.0
base,ridge,2018-06-04,2018-06-11,2,PR,sports_leisure,South,7.0
base,ridge,2018-06-04,2018-06-18,3,PR,sports_leisure,South,3.0
base,ridge,2018-06-04,2018-06-25,4,PR,sports_leisure,South,2.0
base,ridge,2018-06-04,2018-06-04,1,PR,telephony,South,2.0
base,ridge,2018-06-04,2018-06-11,2,PR,watches_gifts,South,13.0
base,ridge,2018-06-04,2018-06-18,3,PR,watches_gifts,South,8.0
base,ridge,2018-06-04,2018-06-25,4,PR,watches_gifts,South,8.0
base,ridge,2018-06-04,2018-06-04,1,RJ,auto,Central-West,4.0
base,ridge,2018-06-04,2018-06-11,2,RJ,auto,Central-West,3.0
base,ridge,2018-06-04,2018-06-11,2,RJ,auto,Northeast,5.0
base,ridge,2018-06-04,2018-06-18,3,RJ,auto,Central-West,3.0
base,ridge,2018-06-04,2018-06-18,3,RJ,auto,Northeast,3.0
base,ridge,2018-06-04,2018-06-25,4,RJ,auto,Central-West,3.0
base,ridge,2018-06-04,2018-06-25,4,RJ,auto,Northeast,3.0
base,ridge,2018-06-04,2018-06-04,1,RJ,bed_bath_table,South,9.0
base,ridge,2018-06-04,2018-06-11,2,RJ,bed_bath_table,South,11.0
base,ridge,2018-06-04,2018-06-18,3,RJ,bed_bath_table,South,10.0
base,ridge,2018-06-04,2018-06-25,4,RJ,bed_bath_table,South,10.0
base,ridge,2018-06-04,2018-06-11,2,RJ,computers_accessories,Central-West,3.0
base,ridge,2018-06-04,2018-06-04,1,RJ,furniture_decor,Northeast,2.0
base,ridge,2018-06-04,2018-06-11,2,RJ,furniture_decor,Northeast,8.0
base,ridge,2018-06-04,2018-06-18,3,RJ,furniture_decor,Northeast,5.0
base,ridge,2018-06-04,2018-06-25,4,RJ,furniture_decor,Northeast,5.0
base,ridge,2018-06-04,2018-06-04,1,RJ,garden_tools,Northeast,4.0
base,ridge,2018-06-04,2018-06-11,2,RJ,garden_tools,Northeast,4.0
base,ridge,2018-06-04,2018-06-18,3,RJ,garden_tools,Northeast,4.0
base,ridge,2018-06-04,2018-06-25,4,RJ,garden_tools,Northeast,4.0
base,ridge,2018-06-04,2018-06-04,1,RJ,health_beauty,Central-West,10.0
base,ridge,2018-06-04,2018-06-11,2,RJ,health_beauty,Central-West,11.0
base,ridge,2018-06-04,2018-06-18,3,RJ,health_beauty,Central-West,6.0
base,ridge,2018-06-04,2018-06-04,1,RJ,housewares,Northeast,8.0
base,ridge,2018-06-04,2018-06-11,2,RJ,housewares,Northeast,8.0
base,ridge,2018-06-04,2018-06-18,3,RJ,housewares,Northeast,8.0
base,ridge,2018-06-04,2018-06-25,4,RJ,housewares,Northeast,8.0
base,ridge,2018-06-04,2018-06-04,1,RJ,sports_leisure,Central-West,7.0
base,ridge,2018-06-04,2018-06-04,1,RJ,sports_leisure,North,4.0
base,ridge,2018-06-04,2018-06-11,2,RJ,sports_leisure,Central-West,8.0
base,ridge,2018-06-04,2018-06-11,2,RJ,sports_leisure,North,3.0
base,ridge,2018-06-04,2018-06-18,3,RJ,sports_leisure,Central-West,8.0
base,ridge,2018-06-04,2018-06-18,3,RJ,sports_leisure,North,3.0
base,ridge,2018-06-04,2018-06-25,4,RJ,sports_leisure,Central-West,8.0
base,ridge,2018-06-04,2018-06-25,4,RJ,sports_leisure,North,3.0
base,ridge,2018-06-04,2018-06-04,1,RJ,telephony,North,2.0
base,ridge,2018-06-04,2018-06-04,1,RJ,telephony,Northeast,2.0
base,ridge,2018-06-04,2018-06-11,2,RJ,telephony,North,2.0
base,ridge,2018-06-04,2018-06-11,2,RJ,telephony,Northeast,4.0
base,ridge,2018-06-04,2018-06-18,3,RJ,telephony,North,2.0
base,ridge,2018-06-04,2018-06-18,3,RJ,telephony,Northeast,4.0
base,ridge,2018-06-04,2018-06-25,4,RJ,telephony,North,2.0
base,ridge,2018-06-04,2018-06-25,4,RJ,telephony,Northeast,3.0
base,ridge,2018-06-04,2018-06-04,1,RJ,watches_gifts,Central-West,4.0
base,ridge,2018-06-04,2018-06-11,2,RJ,watches_gifts,Central-West,9.0
base,ridge,2018-06-04,2018-06-04,1,RS,auto,North,1.0
base,ridge,2018-06-04,2018-06-11,2,RS,auto,North,1.0
base,ridge,2018-06-04,2018-06-11,2,RS,auto,South,4.0
base,ridge,2018-06-04,2018-06-18,3,RS,auto,North,1.0
base,ridge,2018-06-04,2018-06-18,3,RS,auto,South,2.0
base,ridge,2018-06-04,2018-06-25,4,RS,auto,North,1.0
base,ridge,2018-06-04,2018-06-25,4,RS,auto,South,2.0
base,ridge,2018-06-04,2018-06-04,1,RS,bed_bath_table,North,2.0
base,ridge,2018-06-04,2018-06-11,2,RS,bed_bath_table,North,3.0
base,ridge,2018-06-04,2018-06-11,2,RS,bed_bath_table,South,7.0
base,ridge,2018-06-04,2018-06-18,3,RS,bed_bath_table,North,3.0
base,ridge,2018-06-04,2018-06-18,3,RS,bed_bath_table,South,3.0
base,ridge,2018-06-04,2018-06-25,4,RS,bed_bath_table,North,3.0
base,ridge,2018-06-04,2018-06-25,4,RS,bed_bath_table,South,3.0
base,ridge,2018-06-04,2018-06-11,2,RS,computers_accessories,South,3.0
base,ridge,2018-06-04,2018-06-25,4,RS,computers_accessories,South,7.0
base,ridge,2018-06-04,2018-06-04,1,RS,furniture_decor,North,2.0
base,ridge,2018-06-04,2018-06-04,1,RS,furniture_decor,South,3.0
base,ridge,2018-06-04,2018-06-11,2,RS,furniture_decor,North,2.0
base,ridge,2018-06-04,2018-06-11,2,RS,furniture_decor,South,3.0
base,ridge,2018-06-04,2018-06-18,3,RS,furniture_decor,North,2.0
base,ridge,2018-06-04,2018-06-18,3,RS,furniture_decor,South,3.0
base,ridge,2018-06-04,2018-06-25,4,RS,furniture_decor,North,2.0
base,ridge,2018-06-04,2018-06-25,4,RS,furniture_decor,South,3.0
base,ridge,2018-06-04,2018-06-04,1,RS,garden_tools,North,1.0
base,ridge,2018-06-04,2018-06-11,2,RS,garden_tools,North,1.0
base,ridge,2018-06-04,2018-06-18,3,RS,garden_tools,North,1.0
base,ridge,2018-06-04,2018-06-25,4,RS,garden_tools,North,1.0
base,ridge,2018-06-04,2018-06-04,1,RS,health_beauty,South,8.0
base,ridge,2018-06-04,2018-06-11,2,RS,health_beauty,South,8.0
base,ridge,2018-06-04,2018-06-18,3,RS,health_beauty,South,8.0
base,ridge,2018-06-04,2018-06-25,4,RS,health_beauty,South,8.0
base,ridge,2018-06-04,2018-06-11,2,RS,housewares,South,2.0
base,ridge,2018-06-04,2018-06-18,3,RS,housewares,South,3.0
base,ridge,2018-06-04,2018-06-25,4,RS,housewares,South,4.0
base,ridge,2018-06-04,2018-06-11,2,RS,sports_leisure,South,3.0
base,ridge,2018-06-04,2018-06-11,2,RS,telephony,South,10.0
base,ridge,2018-06-04,2018-06-18,3,RS,telephony,South,5.0
base,ridge,2018-06-04,2018-06-25,4,RS,telephony,South,5.0
base,ridge,2018-06-04,2018-06-11,2,RS,watches_gifts,South,1.0
base,ridge,2018-06-04,2018-06-04,1,SC,auto,South,4.0
base,ridge,2018-06-04,2018-06-04,1,SC,bed_bath_table,South,13.0
base,ridge,2018-06-04,2018-06-11,2,SC,bed_bath_table,South,3.0
base,ridge,2018-06-04,2018-06-18,3,SC,bed_bath_table,South,11.0
base,ridge,2018-06-04,2018-06-25,4,SC,bed_bath_table,South,11.0
base,ridge,2018-06-04,2018-06-25,4,SC,computers_accessories,South,9.0
base,ridge,2018-06-04,2018-06-04,1,SC,furniture_decor,South,6.0
base,ridge,2018-06-04,2018-06-11,2,SC,furniture_decor,South,6.0
base,ridge,2018-06-04,2018-06-18,3,SC,furniture_decor,South,6.0
base,ridge,2018-06-04,2018-06-25,4,SC,furniture_decor,South,6.0
base,ridge,2018-06-04,2018-06-04,1,SC,garden_tools,Central-West,2.0
base,ridge,2018-06-04,2018-06-04,1,SC,garden_tools,South,7.0
base,ridge,2018-06-04,2018-06-11,2,SC,garden_tools,Central-West,2.0
base,ridge,2018-06-04,2018-06-11,2,SC,garden_tools,South,6.0
base,ridge,2018-06-04,2018-06-18,3,SC,garden_tools,Central-West,3.0
base,ridge,2018-06-04,2018-06-18,3,SC,garden_tools,South,5.0
base,ridge,2018-06-04,2018-06-25,4,SC,garden_tools,Central-West,2.0
base,ridge,2018-06-04,2018-06-25,4,SC,garden_tools,South,6.0
base,ridge,2018-06-04,2018-06-04,1,SC,health_beauty,South,7.0
base,ridge,2018-06-04,2018-06-04,1,SC,housewares,South,8.0
base,ridge,2018-06-04,2018-06-11,2,SC,sports_leisure,South,11.0
base,ridge,2018-06-04,2018-06-18,3,SC,sports_leisure,South,18.0
base,ridge,2018-06-04,2018-06-25,4,SC,sports_leisure,South,18.0
base,ridge,2018-06-04,2018-06-04,1,SC,telephony,South,1.0
base,ridge,2018-06-04,2018-06-04,1,SC,watches_gifts,South,13.0
base,ridge,2018-06-04,2018-06-11,2,SC,watches_gifts,South,1.0
base,ridge,2018-06-04,2018-06-18,3,SC,watches_gifts,South,9.0
base,ridge,2018-06-04,2018-06-25,4,SC,watches_gifts,South,8.0
base,ridge,2018-06-04,2018-06-04,1,SP,auto,Northeast,2.0
base,ridge,2018-06-04,2018-06-04,1,SP,auto,Southeast,47.0
base,ridge,2018-06-04,2018-06-11,2,SP,auto,Northeast,2.0
base,ridge,2018-06-04,2018-06-11,2,SP,auto,Southeast,54.0
base,ridge,2018-06-04,2018-06-18,3,SP,auto,Northeast,4.0
base,ridge,2018-06-04,2018-06-18,3,SP,auto,Southeast,58.0
base,ridge,2018-06-04,2018-06-25,4,SP,auto,Northeast,3.0
base,ridge,2018-06-04,2018-06-25,4,SP,auto,Southeast,60.0
base,ridge,2018-06-04,2018-06-04,1,SP,bed_bath_table,Central-West,5.0
base,ridge,2018-06-04,2018-06-04,1,SP,bed_bath_table,Southeast,128.0
base,ridge,2018-06-04,2018-06-11,2,SP,bed_bath_table,Central-West,7.0
base,ridge,2018-06-04,2018-06-11,2,SP,bed_bath_table,Southeast,127.0
base,ridge,2018-06-04,2018-06-18,3,SP,bed_bath_table,Central-West,8.0
base,ridge,2018-06-04,2018-06-18,3,SP,bed_bath_table,Southeast,129.0
base,ridge,2018-06-04,2018-06-25,4,SP,bed_bath_table,Central-West,8.0
base,ridge,2018-06-04,2018-06-25,4,SP,bed_bath_table,Southeast,130.0
base,ridge,2018-06-04,2018-06-04,1,SP,computers_accessories,Central-West,6.0
base,ridge,2018-06-04,2018-06-04,1,SP,computers_accessories,North,2.0
base,ridge,2018-06-04,2018-06-04,1,SP,computers_accessories,Southeast,72.0
base,ridge,2018-06-04,2018-06-11,2,SP,computers_accessories,Central-West,4.0
base,ridge,2018-06-04,2018-06-11,2,SP,computers_accessories,North,2.0
base,ridge,2018-06-04,2018-06-11,2,SP,computers_accessories,Southeast,80.0
base,ridge,2018-06-04,2018-06-18,3,SP,computers_accessories,Central-West,8.0
base,ridge,2018-06-04,2018-06-18,3,SP,computers_accessories,North,2.0
base,ridge,2018-06-04,2018-06-18,3,SP,computers_accessories,Southeast,82.0
base,ridge,2018-06-04,2018-06-25,4,SP,computers_accessories,Central-West,8.0
base,ridge,2018-06-04,2018-06-25,4,SP,computers_accessories,North,2.0
base,ridge,2018-06-04,2018-06-25,4,SP,computers_accessories,Southeast,84.0
base,ridge,2018-06-04,2018-06-04,1,SP,furniture_decor,Southeast,84.0
base,ridge,2018-06-04,2018-06-11,2,SP,furniture_decor,Southeast,91.0
base,ridge,2018-06-04,2018-06-18,3,SP,furniture_decor,Southeast,93.0
base,ridge,2018-06-04,2018-06-25,4,SP,furniture_decor,Southeast,95.0
base,ridge,2018-06-04,2018-06-04,1,SP,garden_tools,Northeast,4.0
base,ridge,2018-06-04,2018-06-04,1,SP,garden_tools,Southeast,31.0
base,ridge,2018-06-04,2018-06-11,2,SP,garden_tools,Northeast,4.0
base,ridge,2018-06-04,2018-06-11,2,SP,garden_tools,Southeast,52.0
base,ridge,2018-06-04,2018-06-18,3,SP,garden_tools,Northeast,3.0
base,ridge,2018-06-04,2018-06-18,3,SP,garden_tools,South,1.0
base,ridge,2018-06-04,2018-06-18,3,SP,garden_tools,Southeast,56.0
base,ridge,2018-06-04,2018-06-25,4,SP,garden_tools,Northeast,2.0
base,ridge,2018-06-04,2018-06-25,4,SP,garden_tools,South,3.0
base,ridge,2018-06-04,2018-06-25,4,SP,garden_tools,Southeast,59.0
base,ridge,2018-06-04,2018-06-04,1,SP,health_beauty,North,3.0
base,ridge,2018-06-04,2018-06-04,1,SP,health_beauty,Northeast,5.0
base,ridge,2018-06-04,2018-06-04,1,SP,health_beauty,Southeast,111.0
base,ridge,2018-06-04,2018-06-11,2,SP,health_beauty,North,3.0
base,ridge,2018-06-04,2018-06-11,2,SP,health_beauty,Northeast,6.0
base,ridge,2018-06-04,2018-06-11,2,SP,health_beauty,Southeast,117.0
base,ridge,2018-06-04,2018-06-18,3,SP,health_beauty,Central-West,6.0
base,ridge,2018-06-04,2018-06-18,3,SP,health_beauty,North,3.0
base,ridge,2018-06-04,2018-06-18,3,SP,health_beauty,Northeast,6.0
base,ridge,2018-06-04,2018-06-18,3,SP,health_beauty,Southeast,124.0
base,ridge,2018-06-04,2018-06-25,4,SP,health_beauty,Central-West,12.0
base,ridge,2018-06-04,2018-06-25,4,SP,health_beauty,North,3.0
base,ridge,2018-06-04,2018-06-25,4,SP,health_beauty,Northeast,5.0
base,ridge,2018-06-04,2018-06-25,4,SP,health_beauty,Southeast,128.0
base,ridge,2018-06-04,2018-06-04,1,SP,housewares,North,1.0
base,ridge,2018-06-04,2018-06-04,1,SP,housewares,Northeast,2.0
base,ridge,2018-06-04,2018-06-04,1,SP,housewares,Southeast,87.0
base,ridge,2018-06-04,2018-06-11,2,SP,housewares,Central-West,6.0
base,ridge,2018-06-04,2018-06-11,2,SP,housewares,North,1.0
base,ridge,2018-06-04,2018-06-11,2,SP,housewares,Northeast,2.0
base,ridge,2018-06-04,2018-06-11,2,SP,housewares,Southeast,106.0
base,ridge,2018-06-04,2018-06-18,3,SP,housewares,Central-West,7.0
base,ridge,2018-06-04,2018-06-18,3,SP,housewares,North,1.0
base,ridge,2018-06-04,2018-06-18,3,SP,housewares,Northeast,3.0
base,ridge,2018-06-04,2018-06-18,3,SP,housewares,Southeast,108.0
base,ridge,2018-06-04,2018-06-25,4,SP,housewares,Central-West,7.0
base,ridge,2018-06-04,2018-06-25,4,SP,housewares,North,1.0
base,ridge,2018-06-04,2018-06-25,4,SP,housewares,Northeast,3.0
base,ridge,2018-06-04,2018-06-25,4,SP,housewares,Southeast,107.0
base,ridge,2018-06-04,2018-06-04,1,SP,sports_leisure,Southeast,79.0
base,ridge,2018-06-04,2018-06-11,2,SP,sports_leisure,Southeast,85.0
base,ridge,2018-06-04,2018-06-18,3,SP,sports_leisure,Southeast,90.0
base,ridge,2018-06-04,2018-06-25,4,SP,sports_leisure,Southeast,91.0
base,ridge,2018-06-04,2018-06-04,1,SP,telephony,Central-West,4.0
base,ridge,2018-06-04,2018-06-04,1,SP,telephony,Northeast,3.0
base,ridge,2018-06-04,2018-06-04,1,SP,telephony,South,7.0
base,ridge,2018-06-04,2018-06-04,1,SP,telephony,Southeast,38.0
base,ridge,2018-06-04,2018-06-11,2,SP,telephony,Central-West,4.0
base,ridge,2018-06-04,2018-06-11,2,SP,telephony,Southeast,43.0
base,ridge,2018-06-04,2018-06-18,3,SP,telephony,Central-West,3.0
base,ridge,2018-06-04,2018-06-18,3,SP,telephony,South,4.0
base,ridge,2018-06-04,2018-06-18,3,SP,telephony,Southeast,46.0
base,ridge,2018-06-04,2018-06-25,4,SP,telephony,Central-West,3.0
base,ridge,2018-06-04,2018-06-25,4,SP,telephony,South,4.0
base,ridge,2018-06-04,2018-06-25,4,SP,telephony,Southeast,47.0
base,ridge,2018-06-04,2018-06-04,1,SP,watches_gifts,Central-West,5.0
base,ridge,2018-06-04,2018-06-04,1,SP,watches_gifts,North,2.0
base,ridge,2018-06-04,2018-06-04,1,SP,watches_gifts,Northeast,14.0
base,ridge,2018-06-04,2018-06-04,1,SP,watches_gifts,Southeast,93.0
base,ridge,2018-06-04,2018-06-11,2,SP,watches_gifts,North,2.0
base,ridge,2018-06-04,2018-06-11,2,SP,watches_gifts,Northeast,19.0
base,ridge,2018-06-04,2018-06-11,2,SP,watches_gifts,Southeast,102.0
base,ridge,2018-06-04,2018-06-18,3,SP,watches_gifts,Central-West,9.0
base,ridge,2018-06-04,2018-06-18,3,SP,watches_gifts,North,2.0
base,ridge,2018-06-04,2018-06-18,3,SP,watches_gifts,Northeast,19.0
base,ridge,2018-06-04,2018-06-18,3,SP,watches_gifts,Southeast,110.0
base,ridge,2018-06-04,2018-06-25,4,SP,watches_gifts,Central-West,8.0
base,ridge,2018-06-04,2018-06-25,4,SP,watches_gifts,North,1.0
base,ridge,2018-06-04,2018-06-25,4,SP,watches_gifts,Northeast,20.0
base,ridge,2018-06-04,2018-06-25,4,SP,watches_gifts,Southeast,112.0
base,ridge,2018-06-11,2018-06-11,1,MG,auto,Southeast,6.0
base,ridge,2018-06-11,2018-06-11,1,MG,bed_bath_table,Central-West,11.0
base,ridge,2018-06-11,2018-06-11,1,MG,bed_bath_table,Southeast,4.0
base,ridge,2018-06-11,2018-06-18,2,MG,bed_bath_table,Central-West,2.0
base,ridge,2018-06-11,2018-06-18,2,MG,bed_bath_table,Northeast,12.0
base,ridge,2018-06-11,2018-06-25,3,MG,bed_bath_table,Central-West,2.0
base,ridge,2018-06-11,2018-06-25,3,MG,bed_bath_table,Northeast,12.0
base,ridge,2018-06-11,2018-07-02,4,MG,bed_bath_table,Central-West,2.0
base,ridge,2018-06-11,2018-07-02,4,MG,bed_bath_table,Northeast,12.0
base,ridge,2018-06-11,2018-06-11,1,MG,computers_accessories,North,1.0
base,ridge,2018-06-11,2018-06-11,1,MG,computers_accessories,Northeast,16.0
base,ridge,2018-06-11,2018-06-18,2,MG,computers_accessories,Northeast,15.0
base,ridge,2018-06-11,2018-06-25,3,MG,computers_accessories,Northeast,15.0
base,ridge,2018-06-11,2018-07-02,4,MG,computers_accessories,Northeast,13.0
base,ridge,2018-06-11,2018-06-11,1,MG,furniture_decor,Central-West,8.0
base,ridge,2018-06-11,2018-06-11,1,MG,furniture_decor,Northeast,8.0
base,ridge,2018-06-11,2018-06-18,2,MG,furniture_decor,Central-West,8.0
base,ridge,2018-06-11,2018-06-18,2,MG,furniture_decor,Northeast,4.0
base,ridge,2018-06-11,2018-06-25,3,MG,furniture_decor,Central-West,9.0
base,ridge,2018-06-11,2018-06-25,3,MG,furniture_decor,Northeast,1.0
base,ridge,2018-06-11,2018-07-02,4,MG,furniture_decor,Central-West,9.0
base,ridge,2018-06-11,2018-07-02,4,MG,furniture_decor,Northeast,5.0
base,ridge,2018-06-11,2018-06-11,1,MG,garden_tools,Southeast,14.0
base,ridge,2018-06-11,2018-06-11,1,MG,health_beauty,Central-West,1.0
base,ridge,2018-06-11,2018-06-11,1,MG,health_beauty,Southeast,13.0
base,ridge,2018-06-11,2018-06-18,2,MG,health_beauty,Northeast,14.0
base,ridge,2018-06-11,2018-06-25,3,MG,health_beauty,Northeast,14.0
base,ridge,2018-06-11,2018-07-02,4,MG,health_beauty,Northeast,14.0
base,ridge,2018-06-11,2018-06-11,1,MG,sports_leisure,Northeast,8.0
base,ridge,2018-06-11,2018-06-18,2,MG,sports_leisure,Northeast,11.0
base,ridge,2018-06-11,2018-06-25,3,MG,sports_leisure,Northeast,10.0
base,ridge,2018-06-11,2018-07-02,4,MG,sports_leisure,Northeast,9.0
base,ridge,2018-06-11,2018-06-11,1,MG,telephony,Northeast,5.0
base,ridge,2018-06-11,2018-06-18,2,MG,telephony,Northeast,5.0
base,ridge,2018-06-11,2018-06-25,3,MG,telephony,Northeast,5.0
base,ridge,2018-06-11,2018-07-02,4,MG,telephony,Northeast,5.0
base,ridge,2018-06-11,2018-06-11,1,MG,watches_gifts,Northeast,3.0
base,ridge,2018-06-11,2018-06-11,1,PR,auto,South,4.0
base,ridge,2018-06-11,2018-06-18,2,PR,auto,South,8.0
base,ridge,2018-06-11,2018-06-25,3,PR,auto,South,8.0
base,ridge,2018-06-11,2018-07-02,4,PR,auto,South,8.0
base,ridge,2018-06-11,2018-06-11,1,PR,bed_bath_table,South,3.0
base,ridge,2018-06-11,2018-06-11,1,PR,computers_accessories,South,17.0
base,ridge,2018-06-11,2018-06-11,1,PR,computers_accessories,Southeast,13.0
base,ridge,2018-06-11,2018-06-18,2,PR,computers_accessories,South,7.0
base,ridge,2018-06-11,2018-06-11,1,PR,furniture_decor,South,21.0
base,ridge,2018-06-11,2018-06-18,2,PR,furniture_decor,South,22.0
base,ridge,2018-06-11,2018-06-25,3,PR,furniture_decor,South,21.0
base,ridge,2018-06-11,2018-07-02,4,PR,furniture_decor,South,18.0
base,ridge,2018-06-11,2018-06-18,2,PR,garden_tools,South,5.0
base,ridge,2018-06-11,2018-06-11,1,PR,health_beauty,South,7.0
base,ridge,2018-06-11,2018-06-18,2,PR,health_beauty,South,17.0
base,ridge,2018-06-11,2018-06-25,3,PR,health_beauty,South,16.0
base,ridge,2018-06-11,2018-07-02,4,PR,health_beauty,South,14.0
base,ridge,2018-06-11,2018-06-11,1,PR,housewares,South,17.0
base,ridge,2018-06-11,2018-06-18,2,PR,housewares,South,17.0
base,ridge,2018-06-11,2018-06-25,3,PR,housewares,South,17.0
base,ridge,2018-06-11,2018-07-02,4,PR,housewares,South,17.0
base,ridge,2018-06-11,2018-06-11,1,PR,sports_leisure,South,3.0
base,ridge,2018-06-11,2018-06-18,2,PR,sports_leisure,South,19.0
base,ridge,2018-06-11,2018-06-25,3,PR,sports_leisure,South,1.0
base,ridge,2018-06-11,2018-07-02,4,PR,sports_leisure,South,2.0
base,ridge,2018-06-11,2018-06-11,1,PR,telephony,South,2.0
base,ridge,2018-06-11,2018-06-11,1,PR,watches_gifts,South,4.0
base,ridge,2018-06-11,2018-06-18,2,PR,watches_gifts,South,9.0
base,ridge,2018-06-11,2018-06-25,3,PR,watches_gifts,South,8.0
base,ridge,2018-06-11,2018-07-02,4,PR,watches_gifts,South,8.0
base,ridge,2018-06-11,2018-06-11,1,RJ,auto,Central-West,6.0
base,ridge,2018-06-11,2018-06-18,2,RJ,auto,Central-West,6.0
base,ridge,2018-06-11,2018-06-25,3,RJ,auto,Central-West,5.0
base,ridge,2018-06-11,2018-06-25,3,RJ,auto,Northeast,1.0
base,ridge,2018-06-11,2018-07-02,4,RJ,auto,Central-West,4.0
base,ridge,2018-06-11,2018-07-02,4,RJ,auto,Northeast,2.0
base,ridge,2018-06-11,2018-06-11,1,RJ,bed_bath_table,South,10.0
base,ridge,2018-06-11,2018-06-18,2,RJ,bed_bath_table,South,10.0
base,ridge,2018-06-11,2018-06-25,3,RJ,bed_bath_table,South,10.0
base,ridge,2018-06-11,2018-07-02,4,RJ,bed_bath_table,South,10.0
base,ridge,2018-06-11,2018-06-11,1,RJ,computers_accessories,Central-West,3.0
base,ridge,2018-06-11,2018-06-18,2,RJ,furniture_decor,Northeast,6.0
base,ridge,2018-06-11,2018-06-25,3,RJ,furniture_decor,Northeast,9.0
base,ridge,2018-06-11,2018-07-02,4,RJ,furniture_decor,Northeast,5.0
base,ridge,2018-06-11,2018-06-11,1,RJ,garden_tools,Northeast,5.0
base,ridge,2018-06-11,2018-06-18,2,RJ,garden_tools,Northeast,5.0
base,ridge,2018-06-11,2018-06-25,3,RJ,garden_tools,Northeast,5.0
base,ridge,2018-06-11,2018-07-02,4,RJ,garden_tools,Northeast,5.0
base,ridge,2018-06-11,2018-06-11,1,RJ,health_beauty,Southeast,27.0
base,ridge,2018-06-11,2018-06-11,1,RJ,housewares,Central-West,8.0
base,ridge,2018-06-11,2018-06-18,2,RJ,housewares,Northeast,8.0
base,ridge,2018-06-11,2018-06-25,3,RJ,housewares,Northeast,8.0
base,ridge,2018-06-11,2018-07-02,4,RJ,housewares,Northeast,8.0
base,ridge,2018-06-11,2018-06-11,1,RJ,sports_leisure,Central-West,6.0
base,ridge,2018-06-11,2018-06-11,1,RJ,sports_leisure,North,5.0
base,ridge,2018-06-11,2018-06-18,2,RJ,sports_leisure,Central-West,9.0
base,ridge,2018-06-11,2018-06-18,2,RJ,sports_leisure,North,4.0
base,ridge,2018-06-11,2018-06-25,3,RJ,sports_leisure,Central-West,8.0
base,ridge,2018-06-11,2018-06-25,3,RJ,sports_leisure,North,3.0
base,ridge,2018-06-11,2018-07-02,4,RJ,sports_leisure,Central-West,8.0
base,ridge,2018-06-11,2018-07-02,4,RJ,sports_leisure,North,3.0
base,ridge,2018-06-11,2018-06-11,1,RJ,telephony,North,2.0
base,ridge,2018-06-11,2018-06-11,1,RJ,telephony,Northeast,4.0
base,ridge,2018-06-11,2018-06-18,2,RJ,telephony,North,2.0
base,ridge,2018-06-11,2018-06-18,2,RJ,telephony,Northeast,4.0
base,ridge,2018-06-11,2018-06-25,3,RJ,telephony,North,2.0
base,ridge,2018-06-11,2018-06-25,3,RJ,telephony,Northeast,4.0
base,ridge,2018-06-11,2018-07-02,4,RJ,telephony,North,2.0
base,ridge,2018-06-11,2018-07-02,4,RJ,telephony,Northeast,4.0
base,ridge,2018-06-11,2018-06-11,1,RJ,watches_gifts,Central-West,4.0
base,ridge,2018-06-11,2018-06-18,2,RJ,watches_gifts,Central-West,9.0
base,ridge,2018-06-11,2018-06-11,1,RS,auto,South,3.0
base,ridge,2018-06-11,2018-06-18,2,RS,auto,North,1.0
base,ridge,2018-06-11,2018-06-18,2,RS,auto,South,2.0
base,ridge,2018-06-11,2018-06-25,3,RS,auto,North,1.0
base,ridge,2018-06-11,2018-06-25,3,RS,auto,South,2.0
base,ridge,2018-06-11,2018-07-02,4,RS,auto,North,1.0
base,ridge,2018-06-11,2018-07-02,4,RS,auto,South,2.0
base,ridge,2018-06-11,2018-06-11,1,RS,bed_bath_table,North,1.0
base,ridge,2018-06-11,2018-06-11,1,RS,bed_bath_table,South,5.0
base,ridge,2018-06-11,2018-06-18,2,RS,bed_bath_table,North,3.0
base,ridge,2018-06-11,2018-06-18,2,RS,bed_bath_table,South,3.0
base,ridge,2018-06-11,2018-06-25,3,RS,bed_bath_table,North,4.0
base,ridge,2018-06-11,2018-06-25,3,RS,bed_bath_table,South,2.0
base,ridge,2018-06-11,2018-07-02,4,RS,bed_bath_table,North,4.0
base,ridge,2018-06-11,2018-07-02,4,RS,bed_bath_table,South,2.0
base,ridge,2018-06-11,2018-06-18,2,RS,computers_accessories,South,1.0
base,ridge,2018-06-11,2018-06-25,3,RS,computers_accessories,South,8.0
base,ridge,2018-06-11,2018-07-02,4,RS,computers_accessories,South,8.0
base,ridge,2018-06-11,2018-06-11,1,RS,furniture_decor,North,5.0
base,ridge,2018-06-11,2018-06-18,2,RS,furniture_decor,North,4.0
base,ridge,2018-06-11,2018-06-18,2,RS,furniture_decor,South,1.0
base,ridge,2018-06-11,2018-06-25,3,RS,furniture_decor,North,4.0
base,ridge,2018-06-11,2018-06-25,3,RS,furniture_decor,South,1.0
base,ridge,2018-06-11,2018-07-02,4,RS,furniture_decor,North,3.0
base,ridge,2018-06-11,2018-07-02,4,RS,furniture_decor,South,2.0
base,ridge,2018-06-11,2018-06-11,1,RS,garden_tools,North,1.0
base,ridge,2018-06-11,2018-06-18,2,RS,garden_tools,North,1.0
base,ridge,2018-06-11,2018-06-25,3,RS,garden_tools,North,1.0
base,ridge,2018-06-11,2018-07-02,4,RS,garden_tools,North,1.0
base,ridge,2018-06-11,2018-06-11,1,RS,health_beauty,South,8.0
base,ridge,2018-06-11,2018-06-18,2,RS,health_beauty,South,8.0
base,ridge,2018-06-11,2018-06-25,3,RS,health_beauty,South,8.0
base,ridge,2018-06-11,2018-07-02,4,RS,health_beauty,South,8.0
base,ridge,2018-06-11,2018-06-18,2,RS,housewares,South,10.0
base,ridge,2018-06-11,2018-06-25,3,RS,housewares,South,9.0
base,ridge,2018-06-11,2018-07-02,4,RS,housewares,South,7.0
base,ridge,2018-06-11,2018-06-11,1,RS,sports_leisure,South,3.0
base,ridge,2018-06-11,2018-06-11,1,RS,telephony,South,1.0
base,ridge,2018-06-11,2018-06-18,2,RS,telephony,South,9.0
base,ridge,2018-06-11,2018-06-25,3,RS,telephony,South,5.0
base,ridge,2018-06-11,2018-07-02,4,RS,telephony,South,5.0
base,ridge,2018-06-11,2018-06-18,2,RS,watches_gifts,South,1.0
base,ridge,2018-06-11,2018-06-11,1,SC,auto,South,4.0
base,ridge,2018-06-11,2018-06-11,1,SC,bed_bath_table,South,8.0
base,ridge,2018-06-11,2018-06-18,2,SC,bed_bath_table,South,15.0
base,ridge,2018-06-11,2018-06-25,3,SC,bed_bath_table,South,15.0
base,ridge,2018-06-11,2018-07-02,4,SC,bed_bath_table,South,14.0
base,ridge,2018-06-11,2018-06-18,2,SC,computers_accessories,South,9.0
base,ridge,2018-06-11,2018-06-25,3,SC,computers_accessories,South,9.0
base,ridge,2018-06-11,2018-07-02,4,SC,computers_accessories,South,9.0
base,ridge,2018-06-11,2018-06-11,1,SC,furniture_decor,South,6.0
base,ridge,2018-06-11,2018-06-18,2,SC,furniture_decor,South,6.0
base,ridge,2018-06-11,2018-06-25,3,SC,furniture_decor,South,6.0
base,ridge,2018-06-11,2018-07-02,4,SC,furniture_decor,South,6.0
base,ridge,2018-06-11,2018-06-11,1,SC,garden_tools,Central-West,3.0
base,ridge,2018-06-11,2018-06-11,1,SC,garden_tools,South,5.0
base,ridge,2018-06-11,2018-06-18,2,SC,garden_tools,Central-West,4.0
base,ridge,2018-06-11,2018-06-18,2,SC,garden_tools,South,4.0
base,ridge,2018-06-11,2018-06-25,3,SC,garden_tools,Central-West,3.0
base,ridge,2018-06-11,2018-06-25,3,SC,garden_tools,South,5.0
base,ridge,2018-06-11,2018-07-02,4,SC,garden_tools,Central-West,3.0
base,ridge,2018-06-11,2018-07-02,4,SC,garden_tools,South,5.0
base,ridge,2018-06-11,2018-06-11,1,SC,health_beauty,South,7.0
base,ridge,2018-06-11,2018-06-11,1,SC,sports_leisure,South,11.0
base,ridge,2018-06-11,2018-06-25,3,SC,sports_leisure,South,18.0
base,ridge,2018-06-11,2018-07-02,4,SC,sports_leisure,South,18.0
base,ridge,2018-06-11,2018-06-11,1,SC,telephony,South,1.0
base,ridge,2018-06-11,2018-06-11,1,SC,watches_gifts,South,13.0
base,ridge,2018-06-11,2018-06-18,2,SC,watches_gifts,South,8.0
base,ridge,2018-06-11,2018-06-25,3,SC,watches_gifts,South,9.0
base,ridge,2018-06-11,2018-07-02,4,SC,watches_gifts,South,8.0
base,ridge,2018-06-11,2018-06-11,1,SP,auto,Southeast,43.0
base,ridge,2018-06-11,2018-06-18,2,SP,auto,Northeast,7.0
base,ridge,2018-06-11,2018-06-18,2,SP,auto,South,4.0
base,ridge,2018-06-11,2018-06-18,2,SP,auto,Southeast,64.0
base,ridge,2018-06-11,2018-06-25,3,SP,auto,Northeast,5.0
base,ridge,2018-06-11,2018-06-25,3,SP,auto,South,3.0
base,ridge,2018-06-11,2018-06-25,3,SP,auto,Southeast,65.0
base,ridge,2018-06-11,2018-07-02,4,SP,auto,Northeast,4.0
base,ridge,2018-06-11,2018-07-02,4,SP,auto,South,2.0
base,ridge,2018-06-11,2018-07-02,4,SP,auto,Southeast,62.0
base,ridge,2018-06-11,2018-06-11,1,SP,bed_bath_table,Southeast,105.0
base,ridge,2018-06-11,2018-06-18,2,SP,bed_bath_table,Central-West,9.0
base,ridge,2018-06-11,2018-06-18,2,SP,bed_bath_table,Southeast,152.0
base,ridge,2018-06-11,2018-06-25,3,SP,bed_bath_table,Central-West,9.0
base,ridge,2018-06-11,2018-06-25,3,SP,bed_bath_table,Southeast,148.0
base,ridge,2018-06-11,2018-07-02,4,SP,bed_bath_table,Central-West,9.0
base,ridge,2018-06-11,2018-07-02,4,SP,bed_bath_table,Southeast,143.0
base,ridge,2018-06-11,2018-06-11,1,SP,computers_accessories,Central-West,3.0
base,ridge,2018-06-11,2018-06-11,1,SP,computers_accessories,North,2.0
base,ridge,2018-06-11,2018-06-11,1,SP,computers_accessories,Southeast,78.0
base,ridge,2018-06-11,2018-06-18,2,SP,computers_accessories,Central-West,8.0
base,ridge,2018-06-11,2018-06-18,2,SP,computers_accessories,North,3.0
base,ridge,2018-06-11,2018-06-18,2,SP,computers_accessories,Southeast,92.0
base,ridge,2018-06-11,2018-06-25,3,SP,computers_accessories,Central-West,8.0
base,ridge,2018-06-11,2018-06-25,3,SP,computers_accessories,North,3.0
base,ridge,2018-06-11,2018-06-25,3,SP,computers_accessories,Southeast,91.0
base,ridge,2018-06-11,2018-07-02,4,SP,computers_accessories,Central-West,8.0
base,ridge,2018-06-11,2018-07-02,4,SP,computers_accessories,North,3.0
base,ridge,2018-06-11,2018-07-02,4,SP,computers_accessories,Southeast,87.0
base,ridge,2018-06-11,2018-06-11,1,SP,furniture_decor,Southeast,75.0
base,ridge,2018-06-11,2018-06-18,2,SP,furniture_decor,Southeast,88.0
base,ridge,2018-06-11,2018-06-25,3,SP,furniture_decor,Southeast,94.0
base,ridge,2018-06-11,2018-07-02,4,SP,furniture_decor,Southeast,95.0
base,ridge,2018-06-11,2018-06-11,1,SP,garden_tools,South,6.0
base,ridge,2018-06-11,2018-06-11,1,SP,garden_tools,Southeast,39.0
base,ridge,2018-06-11,2018-06-18,2,SP,garden_tools,South,2.0
base,ridge,2018-06-11,2018-06-18,2,SP,garden_tools,Southeast,59.0
base,ridge,2018-06-11,2018-06-25,3,SP,garden_tools,South,6.0
base,ridge,2018-06-11,2018-06-25,3,SP,garden_tools,Southeast,61.0
base,ridge,2018-06-11,2018-07-02,4,SP,garden_tools,South,5.0
base,ridge,2018-06-11,2018-07-02,4,SP,garden_tools,Southeast,59.0
base,ridge,2018-06-11,2018-06-11,1,SP,health_beauty,Southeast,79.0
base,ridge,2018-06-11,2018-06-18,2,SP,health_beauty,Central-West,15.0
base,ridge,2018-06-11,2018-06-18,2,SP,health_beauty,North,6.0
base,ridge,2018-06-11,2018-06-18,2,SP,health_beauty,Northeast,11.0
base,ridge,2018-06-11,2018-06-18,2,SP,health_beauty,Southeast,148.0
base,ridge,2018-06-11,2018-06-25,3,SP,health_beauty,Central-West,15.0
base,ridge,2018-06-11,2018-06-25,3,SP,health_beauty,North,5.0
base,ridge,2018-06-11,2018-06-25,3,SP,health_beauty,Northeast,9.0
base,ridge,2018-06-11,2018-06-25,3,SP,health_beauty,Southeast,145.0
base,ridge,2018-06-11,2018-07-02,4,SP,health_beauty,Central-West,13.0
base,ridge,2018-06-11,2018-07-02,4,SP,health_beauty,North,5.0
base,ridge,2018-06-11,2018-07-02,4,SP,health_beauty,Northeast,7.0
base,ridge,2018-06-11,2018-07-02,4,SP,health_beauty,Southeast,135.0
base,ridge,2018-06-11,2018-06-11,1,SP,housewares,Southeast,115.0
base,ridge,2018-06-11,2018-06-18,2,SP,housewares,Central-West,10.0
base,ridge,2018-06-11,2018-06-18,2,SP,housewares,North,1.0
base,ridge,2018-06-11,2018-06-18,2,SP,housewares,Northeast,3.0
base,ridge,2018-06-11,2018-06-18,2,SP,housewares,Southeast,123.0
base,ridge,2018-06-11,2018-06-25,3,SP,housewares,Central-West,9.0
base,ridge,2018-06-11,2018-06-25,3,SP,housewares,North,1.0
base,ridge,2018-06-11,2018-06-25,3,SP,housewares,Northeast,3.0
base,ridge,2018-06-11,2018-06-25,3,SP,housewares,Southeast,119.0
base,ridge,2018-06-11,2018-07-02,4,SP,housewares,Central-West,8.0
base,ridge,2018-06-11,2018-07-02,4,SP,housewares,North,1.0
base,ridge,2018-06-11,2018-07-02,4,SP,housewares,Northeast,3.0
base,ridge,2018-06-11,2018-07-02,4,SP,housewares,Southeast,116.0
base,ridge,2018-06-11,2018-06-11,1,SP,sports_leisure,Central-West,3.0
base,ridge,2018-06-11,2018-06-11,1,SP,sports_leisure,Northeast,3.0
base,ridge,2018-06-11,2018-06-11,1,SP,sports_leisure,Southeast,78.0
base,ridge,2018-06-11,2018-06-18,2,SP,sports_leisure,Southeast,89.0
base,ridge,2018-06-11,2018-06-25,3,SP,sports_leisure,Southeast,91.0
base,ridge,2018-06-11,2018-07-02,4,SP,sports_leisure,Southeast,89.0
base,ridge,2018-06-11,2018-06-11,1,SP,telephony,Central-West,4.0
base,ridge,2018-06-11,2018-06-11,1,SP,telephony,Northeast,1.0
base,ridge,2018-06-11,2018-06-11,1,SP,telephony,South,6.0
base,ridge,2018-06-11,2018-06-11,1,SP,telephony,Southeast,41.0
base,ridge,2018-06-11,2018-06-18,2,SP,telephony,Central-West,3.0
base,ridge,2018-06-11,2018-06-18,2,SP,telephony,Northeast,1.0
base,ridge,2018-06-11,2018-06-18,2,SP,telephony,Southeast,46.0
base,ridge,2018-06-11,2018-06-25,3,SP,telephony,Central-West,3.0
base,ridge,2018-06-11,2018-06-25,3,SP,telephony,South,4.0
base,ridge,2018-06-11,2018-06-25,3,SP,telephony,Southeast,48.0
base,ridge,2018-06-11,2018-07-02,4,SP,telephony,Central-West,3.0
base,ridge,2018-06-11,2018-07-02,4,SP,telephony,South,4.0
base,ridge,2018-06-11,2018-07-02,4,SP,telephony,Southeast,48.0
base,ridge,2018-06-11,2018-06-11,1,SP,watches_gifts,Central-West,5.0
base,ridge,2018-06-11,2018-06-11,1,SP,watches_gifts,North,2.0
base,ridge,2018-06-11,2018-06-11,1,SP,watches_gifts,Northeast,17.0
base,ridge,2018-06-11,2018-06-11,1,SP,watches_gifts,Southeast,103.0
base,ridge,2018-06-11,2018-06-18,2,SP,watches_gifts,North,2.0
base,ridge,2018-06-11,2018-06-18,2,SP,watches_gifts,Northeast,21.0
base,ridge,2018-06-11,2018-06-18,2,SP,watches_gifts,Southeast,115.0
base,ridge,2018-06-11,2018-06-25,3,SP,watches_gifts,Central-West,8.0
base,ridge,2018-06-11,2018-06-25,3,SP,watches_gifts,North,2.0
base,ridge,2018-06-11,2018-06-25,3,SP,watches_gifts,Northeast,21.0
base,ridge,2018-06-11,2018-06-25,3,SP,watches_gifts,Southeast,115.0
base,ridge,2018-06-11,2018-07-02,4,SP,watches_gifts,Central-West,8.0
base,ridge,2018-06-11,2018-07-02,4,SP,watches_gifts,North,1.0
base,ridge,2018-06-11,2018-07-02,4,SP,watches_gifts,Northeast,19.0
base,ridge,2018-06-11,2018-07-02,4,SP,watches_gifts,Southeast,108.0
base,ridge,2018-06-18,2018-06-18,1,MG,auto,Northeast,4.0
base,ridge,2018-06-18,2018-06-18,1,MG,bed_bath_table,Central-West,2.0
base,ridge,2018-06-18,2018-06-18,1,MG,bed_bath_table,Northeast,12.0
base,ridge,2018-06-18,2018-06-25,2,MG,bed_bath_table,Central-West,1.0
base,ridge,2018-06-18,2018-06-25,2,MG,bed_bath_table,Northeast,13.0
base,ridge,2018-06-18,2018-07-02,3,MG,bed_bath_table,Central-West,1.0
base,ridge,2018-06-18,2018-07-02,3,MG,bed_bath_table,Northeast,13.0
base,ridge,2018-06-18,2018-07-09,4,MG,bed_bath_table,Central-West,2.0
base,ridge,2018-06-18,2018-07-09,4,MG,bed_bath_table,Northeast,12.0
base,ridge,2018-06-18,2018-06-18,1,MG,computers_accessories,Northeast,13.0
base,ridge,2018-06-18,2018-06-25,2,MG,computers_accessories,Northeast,13.0
base,ridge,2018-06-18,2018-07-02,3,MG,computers_accessories,Northeast,13.0
base,ridge,2018-06-18,2018-07-09,4,MG,computers_accessories,Northeast,13.0
base,ridge,2018-06-18,2018-06-18,1,MG,furniture_decor,Central-West,10.0
base,ridge,2018-06-18,2018-06-18,1,MG,furniture_decor,Northeast,10.0
base,ridge,2018-06-18,2018-06-25,2,MG,furniture_decor,Central-West,10.0
base,ridge,2018-06-18,2018-07-02,3,MG,furniture_decor,Central-West,10.0
base,ridge,2018-06-18,2018-07-02,3,MG,furniture_decor,Northeast,5.0
base,ridge,2018-06-18,2018-07-09,4,MG,furniture_decor,Central-West,9.0
base,ridge,2018-06-18,2018-07-09,4,MG,furniture_decor,Northeast,4.0
base,ridge,2018-06-18,2018-06-18,1,MG,garden_tools,Southeast,14.0
base,ridge,2018-06-18,2018-06-18,1,MG,health_beauty,Central-West,1.0
base,ridge,2018-06-18,2018-06-18,1,MG,health_beauty,Northeast,13.0
base,ridge,2018-06-18,2018-06-25,2,MG,health_beauty,Northeast,14.0
base,ridge,2018-06-18,2018-07-02,3,MG,health_beauty,Northeast,14.0
base,ridge,2018-06-18,2018-07-09,4,MG,health_beauty,Northeast,14.0
base,ridge,2018-06-18,2018-06-18,1,MG,sports_leisure,Northeast,11.0
base,ridge,2018-06-18,2018-06-25,2,MG,sports_leisure,Northeast,11.0
base,ridge,2018-06-18,2018-07-02,3,MG,sports_leisure,Northeast,10.0
base,ridge,2018-06-18,2018-07-09,4,MG,sports_leisure,Northeast,9.0
base,ridge,2018-06-18,2018-06-18,1,MG,telephony,Central-West,1.0
base,ridge,2018-06-18,2018-06-18,1,MG,telephony,Northeast,4.0
base,ridge,2018-06-18,2018-06-25,2,MG,telephony,Northeast,5.0
base,ridge,2018-06-18,2018-07-02,3,MG,telephony,Northeast,5.0
base,ridge,2018-06-18,2018-07-09,4,MG,telephony,Northeast,5.0
base,ridge,2018-06-18,2018-06-18,1,MG,watches_gifts,Northeast,3.0
base,ridge,2018-06-18,2018-06-18,1,PR,auto,South,8.0
base,ridge,2018-06-18,2018-06-25,2,PR,auto,South,8.0
base,ridge,2018-06-18,2018-07-02,3,PR,auto,South,8.0
base,ridge,2018-06-18,2018-07-09,4,PR,auto,South,8.0
base,ridge,2018-06-18,2018-06-18,1,PR,computers_accessories,South,7.0
base,ridge,2018-06-18,2018-06-25,2,PR,computers_accessories,South,17.0
base,ridge,2018-06-18,2018-06-18,1,PR,furniture_decor,South,21.0
base,ridge,2018-06-18,2018-06-25,2,PR,furniture_decor,South,20.0
base,ridge,2018-06-18,2018-07-02,3,PR,furniture_decor,South,18.0
base,ridge,2018-06-18,2018-07-09,4,PR,furniture_decor,South,16.0
base,ridge,2018-06-18,2018-06-18,1,PR,garden_tools,South,2.0
base,ridge,2018-06-18,2018-06-25,2,PR,garden_tools,South,3.0
base,ridge,2018-06-18,2018-06-18,1,PR,health_beauty,North,1.0
base,ridge,2018-06-18,2018-06-18,1,PR,health_beauty,South,16.0
base,ridge,2018-06-18,2018-06-25,2,PR,health_beauty,South,15.0
base,ridge,2018-06-18,2018-07-02,3,PR,health_beauty,South,13.0
base,ridge,2018-06-18,2018-07-09,4,PR,health_beauty,South,12.0
base,ridge,2018-06-18,2018-06-18,1,PR,housewares,South,15.0
base,ridge,2018-06-18,2018-06-25,2,PR,housewares,South,19.0
base,ridge,2018-06-18,2018-07-02,3,PR,housewares,South,17.0
base,ridge,2018-06-18,2018-07-09,4,PR,housewares,South,17.0
base,ridge,2018-06-18,2018-06-18,1,PR,sports_leisure,South,17.0
base,ridge,2018-06-18,2018-06-18,1,PR,sports_leisure,Southeast,1.0
base,ridge,2018-06-18,2018-06-25,2,PR,sports_leisure,South,2.0
base,ridge,2018-06-18,2018-07-02,3,PR,sports_leisure,South,2.0
base,ridge,2018-06-18,2018-06-18,1,PR,telephony,South,2.0
base,ridge,2018-06-18,2018-06-18,1,PR,watches_gifts,South,7.0
base,ridge,2018-06-18,2018-06-25,2,PR,watches_gifts,South,9.0
base,ridge,2018-06-18,2018-07-02,3,PR,watches_gifts,South,8.0
base,ridge,2018-06-18,2018-07-09,4,PR,watches_gifts,South,8.0
base,ridge,2018-06-18,2018-06-18,1,RJ,auto,Central-West,4.0
base,ridge,2018-06-18,2018-06-18,1,RJ,auto,Northeast,2.0
base,ridge,2018-06-18,2018-06-25,2,RJ,auto,Central-West,4.0
base,ridge,2018-06-18,2018-06-25,2,RJ,auto,Northeast,2.0
base,ridge,2018-06-18,2018-07-02,3,RJ,auto,Central-West,3.0
base,ridge,2018-06-18,2018-07-02,3,RJ,auto,Northeast,3.0
base,ridge,2018-06-18,2018-07-09,4,RJ,auto,Central-West,3.0
base,ridge,2018-06-18,2018-07-09,4,RJ,auto,Northeast,3.0
base,ridge,2018-06-18,2018-06-18,1,RJ,bed_bath_table,Central-West,6.0
base,ridge,2018-06-18,2018-06-18,1,RJ,bed_bath_table,South,2.0
base,ridge,2018-06-18,2018-06-18,1,RJ,bed_bath_table,Southeast,2.0
base,ridge,2018-06-18,2018-06-25,2,RJ,bed_bath_table,South,10.0
base,ridge,2018-06-18,2018-07-02,3,RJ,bed_bath_table,South,10.0
base,ridge,2018-06-18,2018-07-09,4,RJ,bed_bath_table,South,10.0
base,ridge,2018-06-18,2018-06-25,2,RJ,computers_accessories,Central-West,3.0
base,ridge,2018-06-18,2018-06-25,2,RJ,furniture_decor,Northeast,10.0
base,ridge,2018-06-18,2018-07-02,3,RJ,furniture_decor,Northeast,5.0
base,ridge,2018-06-18,2018-07-09,4,RJ,furniture_decor,Northeast,5.0
base,ridge,2018-06-18,2018-06-18,1,RJ,garden_tools,Northeast,5.0
base,ridge,2018-06-18,2018-06-25,2,RJ,garden_tools,Northeast,4.0
base,ridge,2018-06-18,2018-07-02,3,RJ,garden_tools,Northeast,4.0
base,ridge,2018-06-18,2018-07-09,4,RJ,garden_tools,Northeast,3.0
base,ridge,2018-06-18,2018-06-18,1,RJ,housewares,Northeast,8.0
base,ridge,2018-06-18,2018-06-25,2,RJ,housewares,Northeast,8.0
base,ridge,2018-06-18,2018-07-02,3,RJ,housewares,Northeast,8.0
base,ridge,2018-06-18,2018-07-09,4,RJ,housewares,Northeast,8.0
base,ridge,2018-06-18,2018-06-18,1,RJ,sports_leisure,Central-West,7.0
base,ridge,2018-06-18,2018-06-18,1,RJ,sports_leisure,North,4.0
base,ridge,2018-06-18,2018-06-18,1,RJ,sports_leisure,Northeast,1.0
base,ridge,2018-06-18,2018-06-18,1,RJ,sports_leisure,Southeast,6.0
base,ridge,2018-06-18,2018-06-25,2,RJ,sports_leisure,Central-West,7.0
base,ridge,2018-06-18,2018-06-25,2,RJ,sports_leisure,North,3.0
base,ridge,2018-06-18,2018-07-02,3,RJ,sports_leisure,Central-West,7.0
base,ridge,2018-06-18,2018-07-02,3,RJ,sports_leisure,North,3.0
base,ridge,2018-06-18,2018-07-09,4,RJ,sports_leisure,Central-West,8.0
base,ridge,2018-06-18,2018-07-09,4,RJ,sports_leisure,North,3.0
base,ridge,2018-06-18,2018-06-18,1,RJ,telephony,North,1.0
base,ridge,2018-06-18,2018-06-18,1,RJ,telephony,Northeast,6.0
base,ridge,2018-06-18,2018-06-18,1,RJ,telephony,South,1.0
base,ridge,2018-06-18,2018-06-25,2,RJ,telephony,North,1.0
base,ridge,2018-06-18,2018-06-25,2,RJ,telephony,Northeast,5.0
base,ridge,2018-06-18,2018-07-02,3,RJ,telephony,North,1.0
base,ridge,2018-06-18,2018-07-02,3,RJ,telephony,Northeast,4.0
base,ridge,2018-06-18,2018-07-09,4,RJ,telephony,North,1.0
base,ridge,2018-06-18,2018-07-09,4,RJ,telephony,Northeast,3.0
base,ridge,2018-06-18,2018-06-18,1,RJ,watches_gifts,Central-West,10.0
base,ridge,2018-06-18,2018-06-25,2,RJ,watches_gifts,Central-West,3.0
base,ridge,2018-06-18,2018-06-18,1,RS,auto,North,1.0
base,ridge,2018-06-18,2018-06-25,2,RS,auto,North,1.0
base,ridge,2018-06-18,2018-06-25,2,RS,auto,South,4.0
base,ridge,2018-06-18,2018-07-02,3,RS,auto,North,1.0
base,ridge,2018-06-18,2018-07-02,3,RS,auto,South,2.0
base,ridge,2018-06-18,2018-07-09,4,RS,auto,North,1.0
base,ridge,2018-06-18,2018-07-09,4,RS,auto,South,2.0
base,ridge,2018-06-18,2018-06-18,1,RS,bed_bath_table,North,2.0
base,ridge,2018-06-18,2018-06-18,1,RS,bed_bath_table,South,4.0
base,ridge,2018-06-18,2018-06-25,2,RS,bed_bath_table,North,3.0
base,ridge,2018-06-18,2018-06-25,2,RS,bed_bath_table,South,3.0
base,ridge,2018-06-18,2018-07-02,3,RS,bed_bath_table,North,3.0
base,ridge,2018-06-18,2018-07-02,3,RS,bed_bath_table,South,3.0
base,ridge,2018-06-18,2018-07-09,4,RS,bed_bath_table,North,4.0
base,ridge,2018-06-18,2018-07-09,4,RS,bed_bath_table,South,2.0
base,ridge,2018-06-18,2018-06-18,1,RS,computers_accessories,South,1.0
base,ridge,2018-06-18,2018-07-02,3,RS,computers_accessories,South,7.0
base,ridge,2018-06-18,2018-07-09,4,RS,computers_accessories,South,7.0
base,ridge,2018-06-18,2018-06-18,1,RS,furniture_decor,North,3.0
base,ridge,2018-06-18,2018-06-18,1,RS,furniture_decor,South,2.0
base,ridge,2018-06-18,2018-06-25,2,RS,furniture_decor,North,3.0
base,ridge,2018-06-18,2018-06-25,2,RS,furniture_decor,South,2.0
base,ridge,2018-06-18,2018-07-02,3,RS,furniture_decor,North,3.0
base,ridge,2018-06-18,2018-07-02,3,RS,furniture_decor,South,2.0
base,ridge,2018-06-18,2018-07-09,4,RS,furniture_decor,North,3.0
base,ridge,2018-06-18,2018-07-09,4,RS,furniture_decor,South,2.0
base,ridge,2018-06-18,2018-06-18,1,RS,garden_tools,North,1.0
base,ridge,2018-06-18,2018-06-25,2,RS,garden_tools,North,1.0
base,ridge,2018-06-18,2018-07-02,3,RS,garden_tools,North,1.0
base,ridge,2018-06-18,2018-07-09,4,RS,garden_tools,North,1.0
base,ridge,2018-06-18,2018-06-18,1,RS,health_beauty,South,8.0
base,ridge,2018-06-18,2018-06-25,2,RS,health_beauty,South,8.0
base,ridge,2018-06-18,2018-07-02,3,RS,health_beauty,South,8.0
base,ridge,2018-06-18,2018-07-09,4,RS,health_beauty,South,8.0
base,ridge,2018-06-18,2018-06-18,1,RS,housewares,South,10.0
base,ridge,2018-06-18,2018-06-25,2,RS,housewares,South,6.0
base,ridge,2018-06-18,2018-07-02,3,RS,housewares,South,6.0
base,ridge,2018-06-18,2018-07-09,4,RS,housewares,South,5.0
base,ridge,2018-06-18,2018-06-18,1,RS,sports_leisure,South,3.0
base,ridge,2018-06-18,2018-06-18,1,RS,telephony,South,5.0
base,ridge,2018-06-18,2018-06-25,2,RS,telephony,South,5.0
base,ridge,2018-06-18,2018-07-02,3,RS,telephony,South,5.0
base,ridge,2018-06-18,2018-07-09,4,RS,telephony,South,5.0
base,ridge,2018-06-18,2018-06-18,1,RS,watches_gifts,South,1.0
base,ridge,2018-06-18,2018-06-18,1,SC,auto,South,4.0
base,ridge,2018-06-18,2018-06-18,1,SC,bed_bath_table,South,15.0
base,ridge,2018-06-18,2018-06-25,2,SC,bed_bath_table,South,10.0
base,ridge,2018-06-18,2018-07-02,3,SC,bed_bath_table,South,10.0
base,ridge,2018-06-18,2018-07-09,4,SC,bed_bath_table,South,11.0
base,ridge,2018-06-18,2018-06-18,1,SC,computers_accessories,South,9.0
base,ridge,2018-06-18,2018-07-02,3,SC,computers_accessories,South,9.0
base,ridge,2018-06-18,2018-07-09,4,SC,computers_accessories,South,9.0
base,ridge,2018-06-18,2018-06-18,1,SC,furniture_decor,South,6.0
base,ridge,2018-06-18,2018-06-25,2,SC,furniture_decor,South,6.0
base,ridge,2018-06-18,2018-07-02,3,SC,furniture_decor,South,6.0
base,ridge,2018-06-18,2018-07-09,4,SC,furniture_decor,South,6.0
base,ridge,2018-06-18,2018-06-18,1,SC,garden_tools,Central-West,3.0
base,ridge,2018-06-18,2018-06-18,1,SC,garden_tools,South,7.0
base,ridge,2018-06-18,2018-06-25,2,SC,garden_tools,Central-West,3.0
base,ridge,2018-06-18,2018-06-25,2,SC,garden_tools,South,5.0
base,ridge,2018-06-18,2018-07-02,3,SC,garden_tools,Central-West,2.0
base,ridge,2018-06-18,2018-07-02,3,SC,garden_tools,South,6.0
base,ridge,2018-06-18,2018-07-09,4,SC,garden_tools,Central-West,2.0
base,ridge,2018-06-18,2018-07-09,4,SC,garden_tools,South,6.0
base,ridge,2018-06-18,2018-06-25,2,SC,sports_leisure,South,18.0
base,ridge,2018-06-18,2018-07-02,3,SC,sports_leisure,South,18.0
base,ridge,2018-06-18,2018-07-09,4,SC,sports_leisure,South,18.0
base,ridge,2018-06-18,2018-06-18,1,SC,telephony,South,1.0
base,ridge,2018-06-18,2018-06-18,1,SC,watches_gifts,South,11.0
base,ridge,2018-06-18,2018-06-25,2,SC,watches_gifts,South,9.0
base,ridge,2018-06-18,2018-07-02,3,SC,watches_gifts,South,8.0
base,ridge,2018-06-18,2018-07-09,4,SC,watches_gifts,South,6.0
base,ridge,2018-06-18,2018-06-18,1,SP,auto,Northeast,1.0
base,ridge,2018-06-18,2018-06-18,1,SP,auto,South,2.0
base,ridge,2018-06-18,2018-06-18,1,SP,auto,Southeast,58.0
base,ridge,2018-06-18,2018-06-25,2,SP,auto,Northeast,4.0
base,ridge,2018-06-18,2018-06-25,2,SP,auto,South,1.0
base,ridge,2018-06-18,2018-06-25,2,SP,auto,Southeast,61.0
base,ridge,2018-06-18,2018-07-02,3,SP,auto,Northeast,2.0
base,ridge,2018-06-18,2018-07-02,3,SP,auto,South,2.0
base,ridge,2018-06-18,2018-07-02,3,SP,auto,Southeast,60.0
base,ridge,2018-06-18,2018-07-09,4,SP,auto,Northeast,2.0
base,ridge,2018-06-18,2018-07-09,4,SP,auto,South,1.0
base,ridge,2018-06-18,2018-07-09,4,SP,auto,Southeast,57.0
base,ridge,2018-06-18,2018-06-18,1,SP,bed_bath_table,Southeast,161.0
base,ridge,2018-06-18,2018-06-25,2,SP,bed_bath_table,Central-West,8.0
base,ridge,2018-06-18,2018-06-25,2,SP,bed_bath_table,Southeast,155.0
base,ridge,2018-06-18,2018-07-02,3,SP,bed_bath_table,Central-West,8.0
base,ridge,2018-06-18,2018-07-02,3,SP,bed_bath_table,Southeast,148.0
base,ridge,2018-06-18,2018-07-09,4,SP,bed_bath_table,Central-West,8.0
base,ridge,2018-06-18,2018-07-09,4,SP,bed_bath_table,Southeast,145.0
base,ridge,2018-06-18,2018-06-18,1,SP,computers_accessories,Central-West,8.0
base,ridge,2018-06-18,2018-06-18,1,SP,computers_accessories,North,3.0
base,ridge,2018-06-18,2018-06-18,1,SP,computers_accessories,Southeast,79.0
base,ridge,2018-06-18,2018-06-25,2,SP,computers_accessories,Central-West,5.0
base,ridge,2018-06-18,2018-06-25,2,SP,computers_accessories,North,3.0
base,ridge,2018-06-18,2018-06-25,2,SP,computers_accessories,Southeast,83.0
base,ridge,2018-06-18,2018-07-02,3,SP,computers_accessories,Central-West,8.0
base,ridge,2018-06-18,2018-07-02,3,SP,computers_accessories,North,2.0
base,ridge,2018-06-18,2018-07-02,3,SP,computers_accessories,Southeast,82.0
base,ridge,2018-06-18,2018-07-09,4,SP,computers_accessories,Central-West,7.0
base,ridge,2018-06-18,2018-07-09,4,SP,computers_accessories,North,2.0
base,ridge,2018-06-18,2018-07-09,4,SP,computers_accessories,Southeast,81.0
base,ridge,2018-06-18,2018-06-18,1,SP,furniture_decor,Southeast,90.0
base,ridge,2018-06-18,2018-06-25,2,SP,furniture_decor,Southeast,96.0
base,ridge,2018-06-18,2018-07-02,3,SP,furniture_decor,Southeast,96.0
base,ridge,2018-06-18,2018-07-09,4,SP,furniture_decor,Southeast,89.0
base,ridge,2018-06-18,2018-06-18,1,SP,garden_tools,North,1.0
base,ridge,2018-06-18,2018-06-18,1,SP,garden_tools,Southeast,38.0
base,ridge,2018-06-18,2018-06-25,2,SP,garden_tools,South,2.0
base,ridge,2018-06-18,2018-06-25,2,SP,garden_tools,Southeast,56.0
base,ridge,2018-06-18,2018-07-02,3,SP,garden_tools,South,3.0
base,ridge,2018-06-18,2018-07-02,3,SP,garden_tools,Southeast,55.0
base,ridge,2018-06-18,2018-07-09,4,SP,garden_tools,South,3.0
base,ridge,2018-06-18,2018-07-09,4,SP,garden_tools,Southeast,54.0
base,ridge,2018-06-18,2018-06-18,1,SP,health_beauty,Central-West,8.0
base,ridge,2018-06-18,2018-06-18,1,SP,health_beauty,North,1.0
base,ridge,2018-06-18,2018-06-18,1,SP,health_beauty,Southeast,171.0
base,ridge,2018-06-18,2018-06-25,2,SP,health_beauty,Central-West,15.0
base,ridge,2018-06-18,2018-06-25,2,SP,health_beauty,North,5.0
base,ridge,2018-06-18,2018-06-25,2,SP,health_beauty,Northeast,9.0
base,ridge,2018-06-18,2018-06-25,2,SP,health_beauty,Southeast,160.0
base,ridge,2018-06-18,2018-07-02,3,SP,health_beauty,Central-West,13.0
base,ridge,2018-06-18,2018-07-02,3,SP,health_beauty,North,4.0
base,ridge,2018-06-18,2018-07-02,3,SP,health_beauty,Northeast,7.0
base,ridge,2018-06-18,2018-07-02,3,SP,health_beauty,Southeast,145.0
base,ridge,2018-06-18,2018-07-09,4,SP,health_beauty,Central-West,13.0
base,ridge,2018-06-18,2018-07-09,4,SP,health_beauty,North,5.0
base,ridge,2018-06-18,2018-07-09,4,SP,health_beauty,Northeast,7.0
base,ridge,2018-06-18,2018-07-09,4,SP,health_beauty,Southeast,135.0
base,ridge,2018-06-18,2018-06-18,1,SP,housewares,Central-West,10.0
base,ridge,2018-06-18,2018-06-18,1,SP,housewares,North,3.0
base,ridge,2018-06-18,2018-06-18,1,SP,housewares,Northeast,2.0
base,ridge,2018-06-18,2018-06-18,1,SP,housewares,Southeast,115.0
base,ridge,2018-06-18,2018-06-25,2,SP,housewares,Central-West,9.0
base,ridge,2018-06-18,2018-06-25,2,SP,housewares,North,2.0
base,ridge,2018-06-18,2018-06-25,2,SP,housewares,Northeast,3.0
base,ridge,2018-06-18,2018-06-25,2,SP,housewares,Southeast,114.0
base,ridge,2018-06-18,2018-07-02,3,SP,housewares,Central-West,8.0
base,ridge,2018-06-18,2018-07-02,3,SP,housewares,North,2.0
base,ridge,2018-06-18,2018-07-02,3,SP,housewares,Northeast,3.0
base,ridge,2018-06-18,2018-07-02,3,SP,housewares,Southeast,113.0
base,ridge,2018-06-18,2018-07-09,4,SP,housewares,Central-West,7.0
base,ridge,2018-06-18,2018-07-09,4,SP,housewares,North,1.0
base,ridge,2018-06-18,2018-07-09,4,SP,housewares,Northeast,3.0
base,ridge,2018-06-18,2018-07-09,4,SP,housewares,Southeast,112.0
base,ridge,2018-06-18,2018-06-18,1,SP,sports_leisure,Southeast,90.0
base,ridge,2018-06-18,2018-06-25,2,SP,sports_leisure,Southeast,96.0
base,ridge,2018-06-18,2018-07-02,3,SP,sports_leisure,Southeast,92.0
base,ridge,2018-06-18,2018-07-09,4,SP,sports_leisure,Southeast,85.0
base,ridge,2018-06-18,2018-06-18,1,SP,telephony,Central-West,3.0
base,ridge,2018-06-18,2018-06-18,1,SP,telephony,Southeast,50.0
base,ridge,2018-06-18,2018-06-25,2,SP,telephony,Central-West,3.0
base,ridge,2018-06-18,2018-06-25,2,SP,telephony,South,4.0
base,ridge,2018-06-18,2018-06-25,2,SP,telephony,Southeast,51.0
base,ridge,2018-06-18,2018-07-02,3,SP,telephony,Central-West,2.0
base,ridge,2018-06-18,2018-07-02,3,SP,telephony,South,3.0
base,ridge,2018-06-18,2018-07-02,3,SP,telephony,Southeast,49.0
base,ridge,2018-06-18,2018-07-09,4,SP,telephony,Central-West,2.0
base,ridge,2018-06-18,2018-07-09,4,SP,telephony,South,3.0
base,ridge,2018-06-18,2018-07-09,4,SP,telephony,Southeast,47.0
base,ridge,2018-06-18,2018-06-18,1,SP,watches_gifts,North,3.0
base,ridge,2018-06-18,2018-06-18,1,SP,watches_gifts,Northeast,19.0
base,ridge,2018-06-18,2018-06-18,1,SP,watches_gifts,Southeast,119.0
base,ridge,2018-06-18,2018-06-25,2,SP,watches_gifts,Central-West,6.0
base,ridge,2018-06-18,2018-06-25,2,SP,watches_gifts,North,3.0
base,ridge,2018-06-18,2018-06-25,2,SP,watches_gifts,Northeast,21.0
base,ridge,2018-06-18,2018-06-25,2,SP,watches_gifts,Southeast,117.0
base,ridge,2018-06-18,2018-07-02,3,SP,watches_gifts,Central-West,8.0
base,ridge,2018-06-18,2018-07-02,3,SP,watches_gifts,North,2.0
base,ridge,2018-06-18,2018-07-02,3,SP,watches_gifts,Northeast,19.0
base,ridge,2018-06-18,2018-07-02,3,SP,watches_gifts,Southeast,109.0
base,ridge,2018-06-18,2018-07-09,4,SP,watches_gifts,Central-West,8.0
base,ridge,2018-06-18,2018-07-09,4,SP,watches_gifts,North,2.0
base,ridge,2018-06-18,2018-07-09,4,SP,watches_gifts,Northeast,17.0
base,ridge,2018-06-18,2018-07-09,4,SP,watches_gifts,Southeast,99.0
base,ridge,2018-06-25,2018-06-25,1,MG,auto,Northeast,4.0
base,ridge,2018-06-25,2018-06-25,1,MG,bed_bath_table,Central-West,9.0
base,ridge,2018-06-25,2018-06-25,1,MG,bed_bath_table,Northeast,9.0
base,ridge,2018-06-25,2018-07-02,2,MG,bed_bath_table,Central-West,6.0
base,ridge,2018-06-25,2018-07-02,2,MG,bed_bath_table,Northeast,10.0
base,ridge,2018-06-25,2018-07-09,3,MG,bed_bath_table,Central-West,3.0
base,ridge,2018-06-25,2018-07-09,3,MG,bed_bath_table,Northeast,11.0
base,ridge,2018-06-25,2018-07-16,4,MG,bed_bath_table,Central-West,3.0
base,ridge,2018-06-25,2018-07-16,4,MG,bed_bath_table,Northeast,11.0
base,ridge,2018-06-25,2018-06-25,1,MG,computers_accessories,Northeast,12.0
base,ridge,2018-06-25,2018-07-02,2,MG,computers_accessories,Northeast,12.0
base,ridge,2018-06-25,2018-07-09,3,MG,computers_accessories,Northeast,12.0
base,ridge,2018-06-25,2018-07-16,4,MG,computers_accessories,Northeast,12.0
base,ridge,2018-06-25,2018-06-25,1,MG,furniture_decor,Central-West,9.0
base,ridge,2018-06-25,2018-06-25,1,MG,furniture_decor,Northeast,10.0
base,ridge,2018-06-25,2018-07-02,2,MG,furniture_decor,Central-West,9.0
base,ridge,2018-06-25,2018-07-09,3,MG,furniture_decor,Central-West,8.0
base,ridge,2018-06-25,2018-07-09,3,MG,furniture_decor,Northeast,4.0
base,ridge,2018-06-25,2018-07-16,4,MG,furniture_decor,Central-West,8.0
base,ridge,2018-06-25,2018-07-16,4,MG,furniture_decor,Northeast,3.0
base,ridge,2018-06-25,2018-06-25,1,MG,garden_tools,Southeast,14.0
base,ridge,2018-06-25,2018-06-25,1,MG,health_beauty,Northeast,14.0
base,ridge,2018-06-25,2018-07-02,2,MG,health_beauty,Northeast,14.0
base,ridge,2018-06-25,2018-07-09,3,MG,health_beauty,Northeast,14.0
base,ridge,2018-06-25,2018-07-16,4,MG,health_beauty,Northeast,14.0
base,ridge,2018-06-25,2018-06-25,1,MG,sports_leisure,Northeast,11.0
base,ridge,2018-06-25,2018-07-02,2,MG,sports_leisure,Northeast,10.0
base,ridge,2018-06-25,2018-07-09,3,MG,sports_leisure,Northeast,9.0
base,ridge,2018-06-25,2018-07-16,4,MG,sports_leisure,Northeast,9.0
base,ridge,2018-06-25,2018-06-25,1,MG,telephony,Northeast,5.0
base,ridge,2018-06-25,2018-07-02,2,MG,telephony,Northeast,5.0
base,ridge,2018-06-25,2018-07-09,3,MG,telephony,Northeast,5.0
base,ridge,2018-06-25,2018-07-16,4,MG,telephony,Northeast,5.0
base,ridge,2018-06-25,2018-06-25,1,MG,watches_gifts,Northeast,3.0
base,ridge,2018-06-25,2018-06-25,1,PR,auto,South,8.0
base,ridge,2018-06-25,2018-07-02,2,PR,auto,South,8.0
base,ridge,2018-06-25,2018-07-09,3,PR,auto,South,8.0
base,ridge,2018-06-25,2018-07-16,4,PR,auto,South,8.0
base,ridge,2018-06-25,2018-06-25,1,PR,computers_accessories,South,15.0
base,ridge,2018-06-25,2018-06-25,1,PR,furniture_decor,South,18.0
base,ridge,2018-06-25,2018-07-02,2,PR,furniture_decor,South,16.0
base,ridge,2018-06-25,2018-07-09,3,PR,furniture_decor,South,14.0
base,ridge,2018-06-25,2018-07-16,4,PR,furniture_decor,South,13.0
base,ridge,2018-06-25,2018-06-25,1,PR,garden_tools,South,3.0
base,ridge,2018-06-25,2018-07-09,3,PR,garden_tools,South,2.0
base,ridge,2018-06-25,2018-06-25,1,PR,health_beauty,South,15.0
base,ridge,2018-06-25,2018-07-02,2,PR,health_beauty,South,14.0
base,ridge,2018-06-25,2018-07-09,3,PR,health_beauty,South,13.0
base,ridge,2018-06-25,2018-07-16,4,PR,health_beauty,South,12.0
base,ridge,2018-06-25,2018-06-25,1,PR,housewares,South,21.0
base,ridge,2018-06-25,2018-07-02,2,PR,housewares,South,5.0
base,ridge,2018-06-25,2018-07-09,3,PR,housewares,South,17.0
base,ridge,2018-06-25,2018-07-16,4,PR,housewares,South,17.0
base,ridge,2018-06-25,2018-07-02,2,PR,sports_leisure,South,8.0
base,ridge,2018-06-25,2018-06-25,1,PR,telephony,South,2.0
base,ridge,2018-06-25,2018-07-02,2,PR,watches_gifts,South,11.0
base,ridge,2018-06-25,2018-07-09,3,PR,watches_gifts,South,8.0
base,ridge,2018-06-25,2018-07-16,4,PR,watches_gifts,South,8.0
base,ridge,2018-06-25,2018-06-25,1,RJ,auto,Central-West,5.0
base,ridge,2018-06-25,2018-06-25,1,RJ,auto,Northeast,1.0
base,ridge,2018-06-25,2018-07-02,2,RJ,auto,Central-West,4.0
base,ridge,2018-06-25,2018-07-02,2,RJ,auto,Northeast,2.0
base,ridge,2018-06-25,2018-07-09,3,RJ,auto,Central-West,4.0
base,ridge,2018-06-25,2018-07-09,3,RJ,auto,Northeast,2.0
base,ridge,2018-06-25,2018-07-16,4,RJ,auto,Central-West,3.0
base,ridge,2018-06-25,2018-07-16,4,RJ,auto,Northeast,3.0
base,ridge,2018-06-25,2018-06-25,1,RJ,bed_bath_table,South,10.0
base,ridge,2018-06-25,2018-07-02,2,RJ,bed_bath_table,South,10.0
base,ridge,2018-06-25,2018-07-09,3,RJ,bed_bath_table,South,10.0
base,ridge,2018-06-25,2018-07-16,4,RJ,bed_bath_table,South,10.0
base,ridge,2018-06-25,2018-06-25,1,RJ,computers_accessories,South,3.0
base,ridge,2018-06-25,2018-07-02,2,RJ,furniture_decor,Northeast,10.0
base,ridge,2018-06-25,2018-07-09,3,RJ,furniture_decor,Northeast,5.0
base,ridge,2018-06-25,2018-07-16,4,RJ,furniture_decor,Northeast,5.0
base,ridge,2018-06-25,2018-06-25,1,RJ,garden_tools,Northeast,4.0
base,ridge,2018-06-25,2018-07-02,2,RJ,garden_tools,Northeast,3.0
base,ridge,2018-06-25,2018-07-09,3,RJ,garden_tools,Northeast,3.0
base,ridge,2018-06-25,2018-07-16,4,RJ,garden_tools,Northeast,3.0
base,ridge,2018-06-25,2018-06-25,1,RJ,housewares,Northeast,6.0
base,ridge,2018-06-25,2018-07-02,2,RJ,housewares,Northeast,10.0
base,ridge,2018-06-25,2018-07-09,3,RJ,housewares,Northeast,8.0
base,ridge,2018-06-25,2018-07-16,4,RJ,housewares,Northeast,8.0
base,ridge,2018-06-25,2018-06-25,1,RJ,sports_leisure,Central-West,11.0
base,ridge,2018-06-25,2018-06-25,1,RJ,sports_leisure,North,3.0
base,ridge,2018-06-25,2018-07-02,2,RJ,sports_leisure,Central-West,10.0
base,ridge,2018-06-25,2018-07-02,2,RJ,sports_leisure,North,2.0
base,ridge,2018-06-25,2018-07-09,3,RJ,sports_leisure,Central-West,9.0
base,ridge,2018-06-25,2018-07-09,3,RJ,sports_leisure,North,3.0
base,ridge,2018-06-25,2018-07-16,4,RJ,sports_leisure,Central-West,8.0
base,ridge,2018-06-25,2018-07-16,4,RJ,sports_leisure,North,3.0
base,ridge,2018-06-25,2018-06-25,1,RJ,telephony,North,1.0
base,ridge,2018-06-25,2018-06-25,1,RJ,telephony,Northeast,4.0
base,ridge,2018-06-25,2018-07-02,2,RJ,telephony,North,1.0
base,ridge,2018-06-25,2018-07-02,2,RJ,telephony,Northeast,3.0
base,ridge,2018-06-25,2018-07-09,3,RJ,telephony,North,1.0
base,ridge,2018-06-25,2018-07-09,3,RJ,telephony,Northeast,2.0
base,ridge,2018-06-25,2018-07-16,4,RJ,telephony,North,1.0
base,ridge,2018-06-25,2018-07-16,4,RJ,telephony,Northeast,2.0
base,ridge,2018-06-25,2018-06-25,1,RJ,watches_gifts,Central-West,8.0
base,ridge,2018-06-25,2018-07-02,2,RJ,watches_gifts,Central-West,5.0
base,ridge,2018-06-25,2018-06-25,1,RS,auto,North,1.0
base,ridge,2018-06-25,2018-06-25,1,RS,auto,South,1.0
base,ridge,2018-06-25,2018-07-02,2,RS,auto,North,1.0
base,ridge,2018-06-25,2018-07-02,2,RS,auto,South,3.0
base,ridge,2018-06-25,2018-07-09,3,RS,auto,North,1.0
base,ridge,2018-06-25,2018-07-09,3,RS,auto,South,2.0
base,ridge,2018-06-25,2018-07-16,4,RS,auto,North,1.0
base,ridge,2018-06-25,2018-07-16,4,RS,auto,South,2.0
base,ridge,2018-06-25,2018-06-25,1,RS,bed_bath_table,North,3.0
base,ridge,2018-06-25,2018-06-25,1,RS,bed_bath_table,South,3.0
base,ridge,2018-06-25,2018-07-02,2,RS,bed_bath_table,North,3.0
base,ridge,2018-06-25,2018-07-02,2,RS,bed_bath_table,South,3.0
base,ridge,2018-06-25,2018-07-09,3,RS,bed_bath_table,North,4.0
base,ridge,2018-06-25,2018-07-09,3,RS,bed_bath_table,South,2.0
base,ridge,2018-06-25,2018-07-16,4,RS,bed_bath_table,North,4.0
base,ridge,2018-06-25,2018-07-16,4,RS,bed_bath_table,South,2.0
base,ridge,2018-06-25,2018-07-02,2,RS,computers_accessories,South,9.0
base,ridge,2018-06-25,2018-07-09,3,RS,computers_accessories,South,7.0
base,ridge,2018-06-25,2018-07-16,4,RS,computers_accessories,South,6.0
base,ridge,2018-06-25,2018-06-25,1,RS,furniture_decor,North,2.0
base,ridge,2018-06-25,2018-06-25,1,RS,furniture_decor,South,3.0
base,ridge,2018-06-25,2018-07-02,2,RS,furniture_decor,North,2.0
base,ridge,2018-06-25,2018-07-02,2,RS,furniture_decor,South,3.0
base,ridge,2018-06-25,2018-07-09,3,RS,furniture_decor,North,2.0
base,ridge,2018-06-25,2018-07-09,3,RS,furniture_decor,South,3.0
base,ridge,2018-06-25,2018-07-16,4,RS,furniture_decor,North,2.0
base,ridge,2018-06-25,2018-07-16,4,RS,furniture_decor,South,3.0
base,ridge,2018-06-25,2018-06-25,1,RS,garden_tools,North,1.0
base,ridge,2018-06-25,2018-07-02,2,RS,garden_tools,North,1.0
base,ridge,2018-06-25,2018-07-09,3,RS,garden_tools,North,1.0
base,ridge,2018-06-25,2018-07-16,4,RS,garden_tools,North,1.0
base,ridge,2018-06-25,2018-06-25,1,RS,health_beauty,South,8.0
base,ridge,2018-06-25,2018-07-02,2,RS,health_beauty,South,8.0
base,ridge,2018-06-25,2018-07-09,3,RS,health_beauty,South,8.0
base,ridge,2018-06-25,2018-07-16,4,RS,health_beauty,South,8.0
base,ridge,2018-06-25,2018-07-02,2,RS,housewares,South,16.0
base,ridge,2018-06-25,2018-07-09,3,RS,housewares,South,4.0
base,ridge,2018-06-25,2018-07-16,4,RS,housewares,South,4.0
base,ridge,2018-06-25,2018-07-02,2,RS,sports_leisure,South,3.0
base,ridge,2018-06-25,2018-06-25,1,RS,telephony,South,1.0
base,ridge,2018-06-25,2018-07-02,2,RS,telephony,South,9.0
base,ridge,2018-06-25,2018-07-09,3,RS,telephony,South,5.0
base,ridge,2018-06-25,2018-07-16,4,RS,telephony,South,5.0
base,ridge,2018-06-25,2018-07-02,2,RS,watches_gifts,South,1.0
base,ridge,2018-06-25,2018-06-25,1,SC,auto,South,4.0
base,ridge,2018-06-25,2018-06-25,1,SC,bed_bath_table,South,13.0
base,ridge,2018-06-25,2018-07-02,2,SC,bed_bath_table,South,13.0
base,ridge,2018-06-25,2018-07-09,3,SC,bed_bath_table,South,13.0
base,ridge,2018-06-25,2018-07-16,4,SC,bed_bath_table,South,12.0
base,ridge,2018-06-25,2018-07-02,2,SC,computers_accessories,South,9.0
base,ridge,2018-06-25,2018-07-09,3,SC,computers_accessories,South,9.0
base,ridge,2018-06-25,2018-07-16,4,SC,computers_accessories,South,9.0
base,ridge,2018-06-25,2018-06-25,1,SC,furniture_decor,South,6.0
base,ridge,2018-06-25,2018-07-02,2,SC,furniture_decor,South,6.0
base,ridge,2018-06-25,2018-07-09,3,SC,furniture_decor,South,6.0
base,ridge,2018-06-25,2018-07-16,4,SC,furniture_decor,South,6.0
base,ridge,2018-06-25,2018-06-25,1,SC,garden_tools,Central-West,2.0
base,ridge,2018-06-25,2018-06-25,1,SC,garden_tools,South,4.0
base,ridge,2018-06-25,2018-07-02,2,SC,garden_tools,Central-West,2.0
base,ridge,2018-06-25,2018-07-02,2,SC,garden_tools,South,8.0
base,ridge,2018-06-25,2018-07-09,3,SC,garden_tools,Central-West,2.0
base,ridge,2018-06-25,2018-07-09,3,SC,garden_tools,South,6.0
base,ridge,2018-06-25,2018-07-16,4,SC,garden_tools,Central-West,2.0
base,ridge,2018-06-25,2018-07-16,4,SC,garden_tools,South,6.0
base,ridge,2018-06-25,2018-06-25,1,SC,sports_leisure,South,18.0
base,ridge,2018-06-25,2018-07-02,2,SC,sports_leisure,South,7.0
base,ridge,2018-06-25,2018-07-09,3,SC,sports_leisure,South,17.0
base,ridge,2018-06-25,2018-07-16,4,SC,sports_leisure,South,17.0
base,ridge,2018-06-25,2018-06-25,1,SC,telephony,South,1.0
base,ridge,2018-06-25,2018-06-25,1,SC,watches_gifts,South,15.0
base,ridge,2018-06-25,2018-07-02,2,SC,watches_gifts,South,1.0
base,ridge,2018-06-25,2018-07-09,3,SC,watches_gifts,South,4.0
base,ridge,2018-06-25,2018-07-16,4,SC,watches_gifts,South,4.0
base,ridge,2018-06-25,2018-06-25,1,SP,auto,Northeast,3.0
base,ridge,2018-06-25,2018-06-25,1,SP,auto,Southeast,61.0
base,ridge,2018-06-25,2018-07-02,2,SP,auto,Northeast,5.0
base,ridge,2018-06-25,2018-07-02,2,SP,auto,Southeast,60.0
base,ridge,2018-06-25,2018-07-09,3,SP,auto,Northeast,4.0
base,ridge,2018-06-25,2018-07-09,3,SP,auto,South,1.0
base,ridge,2018-06-25,2018-07-09,3,SP,auto,Southeast,57.0
base,ridge,2018-06-25,2018-07-16,4,SP,auto,Northeast,2.0
base,ridge,2018-06-25,2018-07-16,4,SP,auto,South,1.0
base,ridge,2018-06-25,2018-07-16,4,SP,auto,Southeast,55.0
base,ridge,2018-06-25,2018-06-25,1,SP,bed_bath_table,South,2.0
base,ridge,2018-06-25,2018-06-25,1,SP,bed_bath_table,Southeast,161.0
base,ridge,2018-06-25,2018-07-02,2,SP,bed_bath_table,Central-West,3.0
base,ridge,2018-06-25,2018-07-02,2,SP,bed_bath_table,Southeast,152.0
base,ridge,2018-06-25,2018-07-09,3,SP,bed_bath_table,Central-West,7.0
base,ridge,2018-06-25,2018-07-09,3,SP,bed_bath_table,Southeast,148.0
base,ridge,2018-06-25,2018-07-16,4,SP,bed_bath_table,Central-West,7.0
base,ridge,2018-06-25,2018-07-16,4,SP,bed_bath_table,Southeast,146.0
base,ridge,2018-06-25,2018-06-25,1,SP,computers_accessories,Central-West,9.0
base,ridge,2018-06-25,2018-06-25,1,SP,computers_accessories,North,2.0
base,ridge,2018-06-25,2018-06-25,1,SP,computers_accessories,South,2.0
base,ridge,2018-06-25,2018-06-25,1,SP,computers_accessories,Southeast,85.0
base,ridge,2018-06-25,2018-07-02,2,SP,computers_accessories,Central-West,8.0
base,ridge,2018-06-25,2018-07-02,2,SP,computers_accessories,North,2.0
base,ridge,2018-06-25,2018-07-02,2,SP,computers_accessories,Southeast,82.0
base,ridge,2018-06-25,2018-07-09,3,SP,computers_accessories,Central-West,7.0
base,ridge,2018-06-25,2018-07-09,3,SP,computers_accessories,North,2.0
base,ridge,2018-06-25,2018-07-09,3,SP,computers_accessories,Southeast,80.0
base,ridge,2018-06-25,2018-07-16,4,SP,computers_accessories,Central-West,7.0
base,ridge,2018-06-25,2018-07-16,4,SP,computers_accessories,North,2.0
base,ridge,2018-06-25,2018-07-16,4,SP,computers_accessories,Southeast,77.0
base,ridge,2018-06-25,2018-06-25,1,SP,furniture_decor,Southeast,82.0
base,ridge,2018-06-25,2018-07-02,2,SP,furniture_decor,Southeast,87.0
base,ridge,2018-06-25,2018-07-09,3,SP,furniture_decor,Southeast,83.0
base,ridge,2018-06-25,2018-07-16,4,SP,furniture_decor,Southeast,80.0
base,ridge,2018-06-25,2018-06-25,1,SP,garden_tools,Southeast,33.0
base,ridge,2018-06-25,2018-07-02,2,SP,garden_tools,Southeast,50.0
base,ridge,2018-06-25,2018-07-09,3,SP,garden_tools,Southeast,50.0
base,ridge,2018-06-25,2018-07-16,4,SP,garden_tools,South,2.0
base,ridge,2018-06-25,2018-07-16,4,SP,garden_tools,Southeast,49.0
base,ridge,2018-06-25,2018-06-25,1,SP,health_beauty,Central-West,13.0
base,ridge,2018-06-25,2018-06-25,1,SP,health_beauty,North,3.0
base,ridge,2018-06-25,2018-06-25,1,SP,health_beauty,Northeast,1.0
base,ridge,2018-06-25,2018-06-25,1,SP,health_beauty,South,2.0
base,ridge,2018-06-25,2018-06-25,1,SP,health_beauty,Southeast,170.0
base,ridge,2018-06-25,2018-07-02,2,SP,health_beauty,Central-West,12.0
base,ridge,2018-06-25,2018-07-02,2,SP,health_beauty,North,5.0
base,ridge,2018-06-25,2018-07-02,2,SP,health_beauty,Northeast,7.0
base,ridge,2018-06-25,2018-07-02,2,SP,health_beauty,Southeast,152.0
base,ridge,2018-06-25,2018-07-09,3,SP,health_beauty,Central-West,12.0
base,ridge,2018-06-25,2018-07-09,3,SP,health_beauty,North,5.0
base,ridge,2018-06-25,2018-07-09,3,SP,health_beauty,Northeast,6.0
base,ridge,2018-06-25,2018-07-09,3,SP,health_beauty,Southeast,139.0
base,ridge,2018-06-25,2018-07-16,4,SP,health_beauty,Central-West,13.0
base,ridge,2018-06-25,2018-07-16,4,SP,health_beauty,North,5.0
base,ridge,2018-06-25,2018-07-16,4,SP,health_beauty,Northeast,7.0
base,ridge,2018-06-25,2018-07-16,4,SP,health_beauty,Southeast,137.0
base,ridge,2018-06-25,2018-06-25,1,SP,housewares,Central-West,10.0
base,ridge,2018-06-25,2018-06-25,1,SP,housewares,North,2.0
base,ridge,2018-06-25,2018-06-25,1,SP,housewares,Northeast,4.0
base,ridge,2018-06-25,2018-06-25,1,SP,housewares,Southeast,105.0
base,ridge,2018-06-25,2018-07-02,2,SP,housewares,Central-West,8.0
base,ridge,2018-06-25,2018-07-02,2,SP,housewares,North,2.0
base,ridge,2018-06-25,2018-07-02,2,SP,housewares,Southeast,107.0
base,ridge,2018-06-25,2018-07-09,3,SP,housewares,Central-West,7.0
base,ridge,2018-06-25,2018-07-09,3,SP,housewares,North,1.0
base,ridge,2018-06-25,2018-07-09,3,SP,housewares,Northeast,2.0
base,ridge,2018-06-25,2018-07-09,3,SP,housewares,Southeast,108.0
base,ridge,2018-06-25,2018-07-16,4,SP,housewares,Central-West,8.0
base,ridge,2018-06-25,2018-07-16,4,SP,housewares,North,1.0
base,ridge,2018-06-25,2018-07-16,4,SP,housewares,Northeast,1.0
base,ridge,2018-06-25,2018-07-16,4,SP,housewares,Southeast,109.0
base,ridge,2018-06-25,2018-06-25,1,SP,sports_leisure,Southeast,89.0
base,ridge,2018-06-25,2018-07-02,2,SP,sports_leisure,Southeast,87.0
base,ridge,2018-06-25,2018-07-09,3,SP,sports_leisure,Southeast,82.0
base,ridge,2018-06-25,2018-07-16,4,SP,sports_leisure,Southeast,79.0
base,ridge,2018-06-25,2018-06-25,1,SP,telephony,Central-West,12.0
base,ridge,2018-06-25,2018-06-25,1,SP,telephony,South,6.0
base,ridge,2018-06-25,2018-06-25,1,SP,telephony,Southeast,42.0
base,ridge,2018-06-25,2018-07-02,2,SP,telephony,Central-West,9.0
base,ridge,2018-06-25,2018-07-02,2,SP,telephony,Southeast,44.0
base,ridge,2018-06-25,2018-07-09,3,SP,telephony,Central-West,6.0
base,ridge,2018-06-25,2018-07-09,3,SP,telephony,South,3.0
base,ridge,2018-06-25,2018-07-09,3,SP,telephony,Southeast,43.0
base,ridge,2018-06-25,2018-07-16,4,SP,telephony,Central-West,5.0
base,ridge,2018-06-25,2018-07-16,4,SP,telephony,South,3.0
base,ridge,2018-06-25,2018-07-16,4,SP,telephony,Southeast,44.0
base,ridge,2018-06-25,2018-06-25,1,SP,watches_gifts,North,2.0
base,ridge,2018-06-25,2018-06-25,1,SP,watches_gifts,Northeast,17.0
base,ridge,2018-06-25,2018-06-25,1,SP,watches_gifts,Southeast,103.0
base,ridge,2018-06-25,2018-07-02,2,SP,watches_gifts,Central-West,2.0
base,ridge,2018-06-25,2018-07-02,2,SP,watches_gifts,North,2.0
base,ridge,2018-06-25,2018-07-02,2,SP,watches_gifts,Northeast,19.0
base,ridge,2018-06-25,2018-07-02,2,SP,watches_gifts,Southeast,99.0
base,ridge,2018-06-25,2018-07-09,3,SP,watches_gifts,Central-West,7.0
base,ridge,2018-06-25,2018-07-09,3,SP,watches_gifts,North,1.0
base,ridge,2018-06-25,2018-07-09,3,SP,watches_gifts,Northeast,17.0
base,ridge,2018-06-25,2018-07-09,3,SP,watches_gifts,Southeast,92.0
base,ridge,2018-06-25,2018-07-16,4,SP,watches_gifts,Central-West,7.0
base,ridge,2018-06-25,2018-07-16,4,SP,watches_gifts,North,1.0
base,ridge,2018-06-25,2018-07-16,4,SP,watches_gifts,Northeast,16.0
base,ridge,2018-06-25,2018-07-16,4,SP,watches_gifts,Southeast,91.0
base,ridge,2018-07-02,2018-07-02,1,MG,auto,Northeast,4.0
base,ridge,2018-07-02,2018-07-02,1,MG,bed_bath_table,Northeast,14.0
base,ridge,2018-07-02,2018-07-09,2,MG,bed_bath_table,Northeast,14.0
base,ridge,2018-07-02,2018-07-16,3,MG,bed_bath_table,Northeast,14.0
base,ridge,2018-07-02,2018-07-23,4,MG,bed_bath_table,Northeast,14.0
base,ridge,2018-07-02,2018-07-02,1,MG,computers_accessories,Northeast,11.0
base,ridge,2018-07-02,2018-07-09,2,MG,computers_accessories,Northeast,12.0
base,ridge,2018-07-02,2018-07-16,3,MG,computers_accessories,Northeast,12.0
base,ridge,2018-07-02,2018-07-23,4,MG,computers_accessories,Northeast,12.0
base,ridge,2018-07-02,2018-07-02,1,MG,furniture_decor,Central-West,6.0
base,ridge,2018-07-02,2018-07-02,1,MG,furniture_decor,Northeast,9.0
base,ridge,2018-07-02,2018-07-02,1,MG,furniture_decor,Southeast,3.0
base,ridge,2018-07-02,2018-07-09,2,MG,furniture_decor,Central-West,7.0
base,ridge,2018-07-02,2018-07-09,2,MG,furniture_decor,Northeast,7.0
base,ridge,2018-07-02,2018-07-16,3,MG,furniture_decor,Central-West,7.0
base,ridge,2018-07-02,2018-07-16,3,MG,furniture_decor,Northeast,5.0
base,ridge,2018-07-02,2018-07-23,4,MG,furniture_decor,Central-West,7.0
base,ridge,2018-07-02,2018-07-23,4,MG,furniture_decor,Northeast,5.0
base,ridge,2018-07-02,2018-07-02,1,MG,garden_tools,Southeast,14.0
base,ridge,2018-07-02,2018-07-02,1,MG,health_beauty,Northeast,14.0
base,ridge,2018-07-02,2018-07-09,2,MG,health_beauty,Northeast,14.0
base,ridge,2018-07-02,2018-07-16,3,MG,health_beauty,Northeast,14.0
base,ridge,2018-07-02,2018-07-23,4,MG,health_beauty,Northeast,14.0
base,ridge,2018-07-02,2018-07-02,1,MG,sports_leisure,Northeast,8.0
base,ridge,2018-07-02,2018-07-09,2,MG,sports_leisure,Northeast,8.0
base,ridge,2018-07-02,2018-07-16,3,MG,sports_leisure,Northeast,9.0
base,ridge,2018-07-02,2018-07-23,4,MG,sports_leisure,Northeast,10.0
base,ridge,2018-07-02,2018-07-02,1,MG,telephony,Northeast,6.0
base,ridge,2018-07-02,2018-07-09,2,MG,telephony,Northeast,3.0
base,ridge,2018-07-02,2018-07-16,3,MG,telephony,Northeast,2.0
base,ridge,2018-07-02,2018-07-23,4,MG,telephony,Northeast,7.0
base,ridge,2018-07-02,2018-07-02,1,MG,watches_gifts,Northeast,3.0
base,ridge,2018-07-02,2018-07-02,1,PR,auto,South,7.0
base,ridge,2018-07-02,2018-07-09,2,PR,auto,South,7.0
base,ridge,2018-07-02,2018-07-16,3,PR,auto,South,10.0
base,ridge,2018-07-02,2018-07-23,4,PR,auto,South,8.0
base,ridge,2018-07-02,2018-07-02,1,PR,furniture_decor,South,23.0
base,ridge,2018-07-02,2018-07-02,1,PR,furniture_decor,Southeast,1.0
base,ridge,2018-07-02,2018-07-09,2,PR,furniture_decor,South,15.0
base,ridge,2018-07-02,2018-07-16,3,PR,furniture_decor,South,14.0
base,ridge,2018-07-02,2018-07-23,4,PR,furniture_decor,South,14.0
base,ridge,2018-07-02,2018-07-02,1,PR,garden_tools,South,5.0
base,ridge,2018-07-02,2018-07-02,1,PR,health_beauty,South,14.0
base,ridge,2018-07-02,2018-07-09,2,PR,health_beauty,South,13.0
base,ridge,2018-07-02,2018-07-16,3,PR,health_beauty,South,13.0
base,ridge,2018-07-02,2018-07-23,4,PR,health_beauty,South,14.0
base,ridge,2018-07-02,2018-07-02,1,PR,housewares,South,6.0
base,ridge,2018-07-02,2018-07-09,2,PR,housewares,South,18.0
base,ridge,2018-07-02,2018-07-16,3,PR,housewares,South,17.0
base,ridge,2018-07-02,2018-07-23,4,PR,housewares,South,17.0
base,ridge,2018-07-02,2018-07-02,1,PR,sports_leisure,South,6.0
base,ridge,2018-07-02,2018-07-09,2,PR,sports_leisure,South,2.0
base,ridge,2018-07-02,2018-07-02,1,PR,telephony,South,2.0
base,ridge,2018-07-02,2018-07-02,1,PR,watches_gifts,South,2.0
base,ridge,2018-07-02,2018-07-09,2,PR,watches_gifts,South,9.0
base,ridge,2018-07-02,2018-07-16,3,PR,watches_gifts,South,8.0
base,ridge,2018-07-02,2018-07-23,4,PR,watches_gifts,South,8.0
base,ridge,2018-07-02,2018-07-02,1,RJ,auto,Central-West,5.0
base,ridge,2018-07-02,2018-07-02,1,RJ,auto,Northeast,1.0
base,ridge,2018-07-02,2018-07-09,2,RJ,auto,Central-West,4.0
base,ridge,2018-07-02,2018-07-09,2,RJ,auto,Northeast,2.0
base,ridge,2018-07-02,2018-07-16,3,RJ,auto,Central-West,4.0
base,ridge,2018-07-02,2018-07-16,3,RJ,auto,Northeast,2.0
base,ridge,2018-07-02,2018-07-23,4,RJ,auto,Central-West,4.0
base,ridge,2018-07-02,2018-07-23,4,RJ,auto,Northeast,2.0
base,ridge,2018-07-02,2018-07-09,2,RJ,bed_bath_table,South,20.0
base,ridge,2018-07-02,2018-07-16,3,RJ,bed_bath_table,South,10.0
base,ridge,2018-07-02,2018-07-23,4,RJ,bed_bath_table,South,10.0
base,ridge,2018-07-02,2018-07-02,1,RJ,computers_accessories,South,1.0
base,ridge,2018-07-02,2018-07-09,2,RJ,computers_accessories,Central-West,2.0
base,ridge,2018-07-02,2018-07-02,1,RJ,furniture_decor,Northeast,5.0
base,ridge,2018-07-02,2018-07-09,2,RJ,furniture_decor,Northeast,5.0
base,ridge,2018-07-02,2018-07-16,3,RJ,furniture_decor,Northeast,5.0
base,ridge,2018-07-02,2018-07-23,4,RJ,furniture_decor,Northeast,5.0
base,ridge,2018-07-02,2018-07-02,1,RJ,garden_tools,Southeast,2.0
base,ridge,2018-07-02,2018-07-09,2,RJ,garden_tools,Northeast,4.0
base,ridge,2018-07-02,2018-07-16,3,RJ,garden_tools,Northeast,4.0
base,ridge,2018-07-02,2018-07-23,4,RJ,garden_tools,Northeast,4.0
base,ridge,2018-07-02,2018-07-02,1,RJ,housewares,Northeast,6.0
base,ridge,2018-07-02,2018-07-09,2,RJ,housewares,Northeast,10.0
base,ridge,2018-07-02,2018-07-16,3,RJ,housewares,Northeast,8.0
base,ridge,2018-07-02,2018-07-23,4,RJ,housewares,Northeast,8.0
base,ridge,2018-07-02,2018-07-02,1,RJ,sports_leisure,Central-West,8.0
base,ridge,2018-07-02,2018-07-02,1,RJ,sports_leisure,North,2.0
base,ridge,2018-07-02,2018-07-09,2,RJ,sports_leisure,Central-West,8.0
base,ridge,2018-07-02,2018-07-09,2,RJ,sports_leisure,North,2.0
base,ridge,2018-07-02,2018-07-16,3,RJ,sports_leisure,Central-West,8.0
base,ridge,2018-07-02,2018-07-16,3,RJ,sports_leisure,North,3.0
base,ridge,2018-07-02,2018-07-23,4,RJ,sports_leisure,Central-West,9.0
base,ridge,2018-07-02,2018-07-23,4,RJ,sports_leisure,North,3.0
base,ridge,2018-07-02,2018-07-02,1,RJ,telephony,North,1.0
base,ridge,2018-07-02,2018-07-09,2,RJ,telephony,North,1.0
base,ridge,2018-07-02,2018-07-09,2,RJ,telephony,Northeast,3.0
base,ridge,2018-07-02,2018-07-16,3,RJ,telephony,North,1.0
base,ridge,2018-07-02,2018-07-16,3,RJ,telephony,Northeast,4.0
base,ridge,2018-07-02,2018-07-23,4,RJ,telephony,North,1.0
base,ridge,2018-07-02,2018-07-02,1,RJ,watches_gifts,Central-West,5.0
base,ridge,2018-07-02,2018-07-09,2,RJ,watches_gifts,Central-West,8.0
base,ridge,2018-07-02,2018-07-02,1,RS,auto,North,1.0
base,ridge,2018-07-02,2018-07-09,2,RS,auto,North,1.0
base,ridge,2018-07-02,2018-07-09,2,RS,auto,South,4.0
base,ridge,2018-07-02,2018-07-16,3,RS,auto,North,1.0
base,ridge,2018-07-02,2018-07-16,3,RS,auto,South,1.0
base,ridge,2018-07-02,2018-07-23,4,RS,auto,North,1.0
base,ridge,2018-07-02,2018-07-23,4,RS,auto,South,3.0
base,ridge,2018-07-02,2018-07-02,1,RS,bed_bath_table,North,3.0
base,ridge,2018-07-02,2018-07-02,1,RS,bed_bath_table,South,2.0
base,ridge,2018-07-02,2018-07-09,2,RS,bed_bath_table,North,3.0
base,ridge,2018-07-02,2018-07-09,2,RS,bed_bath_table,South,4.0
base,ridge,2018-07-02,2018-07-16,3,RS,bed_bath_table,North,4.0
base,ridge,2018-07-02,2018-07-16,3,RS,bed_bath_table,South,2.0
base,ridge,2018-07-02,2018-07-23,4,RS,bed_bath_table,North,4.0
base,ridge,2018-07-02,2018-07-23,4,RS,bed_bath_table,South,2.0
base,ridge,2018-07-02,2018-07-02,1,RS,computers_accessories,South,9.0
base,ridge,2018-07-02,2018-07-09,2,RS,computers_accessories,South,8.0
base,ridge,2018-07-02,2018-07-16,3,RS,computers_accessories,South,7.0
base,ridge,2018-07-02,2018-07-23,4,RS,computers_accessories,South,7.0
base,ridge,2018-07-02,2018-07-02,1,RS,furniture_decor,North,3.0
base,ridge,2018-07-02,2018-07-02,1,RS,furniture_decor,South,2.0
base,ridge,2018-07-02,2018-07-09,2,RS,furniture_decor,North,3.0
base,ridge,2018-07-02,2018-07-09,2,RS,furniture_decor,South,2.0
base,ridge,2018-07-02,2018-07-16,3,RS,furniture_decor,North,3.0
base,ridge,2018-07-02,2018-07-16,3,RS,furniture_decor,South,2.0
base,ridge,2018-07-02,2018-07-23,4,RS,furniture_decor,North,3.0
base,ridge,2018-07-02,2018-07-23,4,RS,furniture_decor,South,2.0
base,ridge,2018-07-02,2018-07-02,1,RS,garden_tools,North,1.0
base,ridge,2018-07-02,2018-07-09,2,RS,garden_tools,North,1.0
base,ridge,2018-07-02,2018-07-16,3,RS,garden_tools,North,1.0
base,ridge,2018-07-02,2018-07-23,4,RS,garden_tools,North,1.0
base,ridge,2018-07-02,2018-07-02,1,RS,health_beauty,South,8.0
base,ridge,2018-07-02,2018-07-09,2,RS,health_beauty,South,8.0
base,ridge,2018-07-02,2018-07-16,3,RS,health_beauty,South,8.0
base,ridge,2018-07-02,2018-07-23,4,RS,health_beauty,South,8.0
base,ridge,2018-07-02,2018-07-02,1,RS,housewares,South,16.0
base,ridge,2018-07-02,2018-07-09,2,RS,housewares,South,4.0
base,ridge,2018-07-02,2018-07-16,3,RS,housewares,South,4.0
base,ridge,2018-07-02,2018-07-23,4,RS,housewares,South,4.0
base,ridge,2018-07-02,2018-07-09,2,RS,sports_leisure,South,3.0
base,ridge,2018-07-02,2018-07-02,1,RS,telephony,South,2.0
base,ridge,2018-07-02,2018-07-09,2,RS,telephony,South,8.0
base,ridge,2018-07-02,2018-07-16,3,RS,telephony,South,5.0
base,ridge,2018-07-02,2018-07-23,4,RS,telephony,South,5.0
base,ridge,2018-07-02,2018-07-09,2,RS,watches_gifts,South,1.0
base,ridge,2018-07-02,2018-07-02,1,SC,auto,South,4.0
base,ridge,2018-07-02,2018-07-02,1,SC,bed_bath_table,South,22.0
base,ridge,2018-07-02,2018-07-16,3,SC,bed_bath_table,South,12.0
base,ridge,2018-07-02,2018-07-23,4,SC,bed_bath_table,South,13.0
base,ridge,2018-07-02,2018-07-02,1,SC,computers_accessories,South,9.0
base,ridge,2018-07-02,2018-07-09,2,SC,computers_accessories,South,9.0
base,ridge,2018-07-02,2018-07-16,3,SC,computers_accessories,South,9.0
base,ridge,2018-07-02,2018-07-23,4,SC,computers_accessories,South,9.0
base,ridge,2018-07-02,2018-07-02,1,SC,furniture_decor,Southeast,6.0
base,ridge,2018-07-02,2018-07-09,2,SC,furniture_decor,South,6.0
base,ridge,2018-07-02,2018-07-16,3,SC,furniture_decor,South,6.0
base,ridge,2018-07-02,2018-07-23,4,SC,furniture_decor,South,6.0
base,ridge,2018-07-02,2018-07-02,1,SC,garden_tools,Central-West,3.0
base,ridge,2018-07-02,2018-07-09,2,SC,garden_tools,Central-West,2.0
base,ridge,2018-07-02,2018-07-09,2,SC,garden_tools,South,6.0
base,ridge,2018-07-02,2018-07-16,3,SC,garden_tools,Central-West,2.0
base,ridge,2018-07-02,2018-07-16,3,SC,garden_tools,South,6.0
base,ridge,2018-07-02,2018-07-23,4,SC,garden_tools,Central-West,2.0
base,ridge,2018-07-02,2018-07-23,4,SC,garden_tools,South,6.0
base,ridge,2018-07-02,2018-07-02,1,SC,sports_leisure,South,12.0
base,ridge,2018-07-02,2018-07-09,2,SC,sports_leisure,South,12.0
base,ridge,2018-07-02,2018-07-16,3,SC,sports_leisure,South,17.0
base,ridge,2018-07-02,2018-07-23,4,SC,sports_leisure,South,17.0
base,ridge,2018-07-02,2018-07-02,1,SC,telephony,South,1.0
base,ridge,2018-07-02,2018-07-02,1,SC,watches_gifts,South,12.0
base,ridge,2018-07-02,2018-07-09,2,SC,watches_gifts,South,2.0
base,ridge,2018-07-02,2018-07-16,3,SC,watches_gifts,South,4.0
base,ridge,2018-07-02,2018-07-23,4,SC,watches_gifts,South,5.0
base,ridge,2018-07-02,2018-07-02,1,SP,auto,Northeast,1.0
base,ridge,2018-07-02,2018-07-02,1,SP,auto,Southeast,58.0
base,ridge,2018-07-02,2018-07-09,2,SP,auto,Northeast,3.0
base,ridge,2018-07-02,2018-07-09,2,SP,auto,Southeast,56.0
base,ridge,2018-07-02,2018-07-16,3,SP,auto,Northeast,3.0
base,ridge,2018-07-02,2018-07-16,3,SP,auto,Southeast,54.0
base,ridge,2018-07-02,2018-07-23,4,SP,auto,Northeast,4.0
base,ridge,2018-07-02,2018-07-23,4,SP,auto,Southeast,55.0
base,ridge,2018-07-02,2018-07-02,1,SP,bed_bath_table,Central-West,8.0
base,ridge,2018-07-02,2018-07-02,1,SP,bed_bath_table,Northeast,4.0
base,ridge,2018-07-02,2018-07-02,1,SP,bed_bath_table,Southeast,135.0
base,ridge,2018-07-02,2018-07-09,2,SP,bed_bath_table,Central-West,9.0
base,ridge,2018-07-02,2018-07-09,2,SP,bed_bath_table,Northeast,2.0
base,ridge,2018-07-02,2018-07-09,2,SP,bed_bath_table,Southeast,137.0
base,ridge,2018-07-02,2018-07-16,3,SP,bed_bath_table,Central-West,9.0
base,ridge,2018-07-02,2018-07-16,3,SP,bed_bath_table,Northeast,1.0
base,ridge,2018-07-02,2018-07-16,3,SP,bed_bath_table,Southeast,139.0
base,ridge,2018-07-02,2018-07-23,4,SP,bed_bath_table,Central-West,10.0
base,ridge,2018-07-02,2018-07-23,4,SP,bed_bath_table,Southeast,144.0
base,ridge,2018-07-02,2018-07-02,1,SP,computers_accessories,Central-West,6.0
base,ridge,2018-07-02,2018-07-02,1,SP,computers_accessories,North,2.0
base,ridge,2018-07-02,2018-07-02,1,SP,computers_accessories,Southeast,84.0
base,ridge,2018-07-02,2018-07-09,2,SP,computers_accessories,Central-West,4.0
base,ridge,2018-07-02,2018-07-09,2,SP,computers_accessories,North,2.0
base,ridge,2018-07-02,2018-07-09,2,SP,computers_accessories,Southeast,81.0
base,ridge,2018-07-02,2018-07-16,3,SP,computers_accessories,Central-West,6.0
base,ridge,2018-07-02,2018-07-16,3,SP,computers_accessories,North,2.0
base,ridge,2018-07-02,2018-07-16,3,SP,computers_accessories,Southeast,78.0
base,ridge,2018-07-02,2018-07-23,4,SP,computers_accessories,Central-West,6.0
base,ridge,2018-07-02,2018-07-23,4,SP,computers_accessories,North,2.0
base,ridge,2018-07-02,2018-07-23,4,SP,computers_accessories,Southeast,79.0
base,ridge,2018-07-02,2018-07-02,1,SP,furniture_decor,Southeast,85.0
base,ridge,2018-07-02,2018-07-09,2,SP,furniture_decor,Southeast,88.0
base,ridge,2018-07-02,2018-07-16,3,SP,furniture_decor,Southeast,83.0
base,ridge,2018-07-02,2018-07-23,4,SP,furniture_decor,Southeast,79.0
base,ridge,2018-07-02,2018-07-02,1,SP,garden_tools,Southeast,31.0
base,ridge,2018-07-02,2018-07-09,2,SP,garden_tools,South,4.0
base,ridge,2018-07-02,2018-07-09,2,SP,garden_tools,Southeast,55.0
base,ridge,2018-07-02,2018-07-16,3,SP,garden_tools,South,3.0
base,ridge,2018-07-02,2018-07-16,3,SP,garden_tools,Southeast,52.0
base,ridge,2018-07-02,2018-07-23,4,SP,garden_tools,South,2.0
base,ridge,2018-07-02,2018-07-23,4,SP,garden_tools,Southeast,50.0
base,ridge,2018-07-02,2018-07-02,1,SP,health_beauty,Central-West,11.0
base,ridge,2018-07-02,2018-07-02,1,SP,health_beauty,North,7.0
base,ridge,2018-07-02,2018-07-02,1,SP,health_beauty,Northeast,8.0
base,ridge,2018-07-02,2018-07-02,1,SP,health_beauty,South,2.0
base,ridge,2018-07-02,2018-07-02,1,SP,health_beauty,Southeast,138.0
base,ridge,2018-07-02,2018-07-09,2,SP,health_beauty,Central-West,11.0
base,ridge,2018-07-02,2018-07-09,2,SP,health_beauty,North,6.0
base,ridge,2018-07-02,2018-07-09,2,SP,health_beauty,Northeast,7.0
base,ridge,2018-07-02,2018-07-09,2,SP,health_beauty,Southeast,129.0
base,ridge,2018-07-02,2018-07-16,3,SP,health_beauty,Central-West,12.0
base,ridge,2018-07-02,2018-07-16,3,SP,health_beauty,North,6.0
base,ridge,2018-07-02,2018-07-16,3,SP,health_beauty,Northeast,7.0
base,ridge,2018-07-02,2018-07-16,3,SP,health_beauty,Southeast,129.0
base,ridge,2018-07-02,2018-07-23,4,SP,health_beauty,Central-West,13.0
base,ridge,2018-07-02,2018-07-23,4,SP,health_beauty,North,7.0
base,ridge,2018-07-02,2018-07-23,4,SP,health_beauty,Northeast,8.0
base,ridge,2018-07-02,2018-07-23,4,SP,health_beauty,Southeast,136.0
base,ridge,2018-07-02,2018-07-02,1,SP,housewares,Central-West,9.0
base,ridge,2018-07-02,2018-07-02,1,SP,housewares,North,3.0
base,ridge,2018-07-02,2018-07-02,1,SP,housewares,Northeast,11.0
base,ridge,2018-07-02,2018-07-02,1,SP,housewares,Southeast,105.0
base,ridge,2018-07-02,2018-07-09,2,SP,housewares,Central-West,8.0
base,ridge,2018-07-02,2018-07-09,2,SP,housewares,North,2.0
base,ridge,2018-07-02,2018-07-09,2,SP,housewares,Northeast,4.0
base,ridge,2018-07-02,2018-07-09,2,SP,housewares,Southeast,106.0
base,ridge,2018-07-02,2018-07-16,3,SP,housewares,Central-West,8.0
base,ridge,2018-07-02,2018-07-16,3,SP,housewares,North,2.0
base,ridge,2018-07-02,2018-07-16,3,SP,housewares,Northeast,4.0
base,ridge,2018-07-02,2018-07-16,3,SP,housewares,Southeast,107.0
base,ridge,2018-07-02,2018-07-23,4,SP,housewares,Central-West,8.0
base,ridge,2018-07-02,2018-07-23,4,SP,housewares,North,2.0
base,ridge,2018-07-02,2018-07-23,4,SP,housewares,Northeast,3.0
base,ridge,2018-07-02,2018-07-23,4,SP,housewares,Southeast,108.0
base,ridge,2018-07-02,2018-07-02,1,SP,sports_leisure,Southeast,88.0
base,ridge,2018-07-02,2018-07-09,2,SP,sports_leisure,Southeast,82.0
base,ridge,2018-07-02,2018-07-16,3,SP,sports_leisure,Southeast,79.0
base,ridge,2018-07-02,2018-07-23,4,SP,sports_leisure,Southeast,80.0
base,ridge,2018-07-02,2018-07-02,1,SP,telephony,Central-West,6.0
base,ridge,2018-07-02,2018-07-02,1,SP,telephony,South,4.0
base,ridge,2018-07-02,2018-07-02,1,SP,telephony,Southeast,38.0
base,ridge,2018-07-02,2018-07-09,2,SP,telephony,Central-West,5.0
base,ridge,2018-07-02,2018-07-09,2,SP,telephony,Southeast,40.0
base,ridge,2018-07-02,2018-07-16,3,SP,telephony,Central-West,4.0
base,ridge,2018-07-02,2018-07-16,3,SP,telephony,South,3.0
base,ridge,2018-07-02,2018-07-16,3,SP,telephony,Southeast,42.0
base,ridge,2018-07-02,2018-07-23,4,SP,telephony,Central-West,5.0
base,ridge,2018-07-02,2018-07-23,4,SP,telephony,South,3.0
base,ridge,2018-07-02,2018-07-23,4,SP,telephony,Southeast,44.0
base,ridge,2018-07-02,2018-07-02,1,SP,watches_gifts,Central-West,5.0
base,ridge,2018-07-02,2018-07-02,1,SP,watches_gifts,North,3.0
base,ridge,2018-07-02,2018-07-02,1,SP,watches_gifts,Northeast,10.0
base,ridge,2018-07-02,2018-07-02,1,SP,watches_gifts,Southeast,89.0
base,ridge,2018-07-02,2018-07-09,2,SP,watches_gifts,North,2.0
base,ridge,2018-07-02,2018-07-09,2,SP,watches_gifts,Northeast,13.0
base,ridge,2018-07-02,2018-07-09,2,SP,watches_gifts,Southeast,84.0
base,ridge,2018-07-02,2018-07-16,3,SP,watches_gifts,Central-West,8.0
base,ridge,2018-07-02,2018-07-16,3,SP,watches_gifts,North,2.0
base,ridge,2018-07-02,2018-07-16,3,SP,watches_gifts,Northeast,14.0
base,ridge,2018-07-02,2018-07-16,3,SP,watches_gifts,Southeast,84.0
base,ridge,2018-07-02,2018-07-23,4,SP,watches_gifts,Central-West,8.0
base,ridge,2018-07-02,2018-07-23,4,SP,watches_gifts,North,2.0
base,ridge,2018-07-02,2018-07-23,4,SP,watches_gifts,Northeast,15.0
base,ridge,2018-07-02,2018-07-23,4,SP,watches_gifts,Southeast,86.0
base,ridge,2018-07-09,2018-07-09,1,MG,auto,Northeast,4.0
base,ridge,2018-07-09,2018-07-09,1,MG,bed_bath_table,Central-West,2.0
base,ridge,2018-07-09,2018-07-09,1,MG,bed_bath_table,Northeast,12.0
base,ridge,2018-07-09,2018-07-16,2,MG,bed_bath_table,Central-West,2.0
base,ridge,2018-07-09,2018-07-16,2,MG,bed_bath_table,Northeast,12.0
base,ridge,2018-07-09,2018-07-23,3,MG,bed_bath_table,Central-West,1.0
base,ridge,2018-07-09,2018-07-23,3,MG,bed_bath_table,Northeast,13.0
base,ridge,2018-07-09,2018-07-30,4,MG,bed_bath_table,Northeast,14.0
base,ridge,2018-07-09,2018-07-09,1,MG,computers_accessories,Northeast,12.0
base,ridge,2018-07-09,2018-07-16,2,MG,computers_accessories,Northeast,12.0
base,ridge,2018-07-09,2018-07-23,3,MG,computers_accessories,Northeast,12.0
base,ridge,2018-07-09,2018-07-30,4,MG,computers_accessories,Northeast,12.0
base,ridge,2018-07-09,2018-07-09,1,MG,furniture_decor,Central-West,7.0
base,ridge,2018-07-09,2018-07-09,1,MG,furniture_decor,Northeast,8.0
base,ridge,2018-07-09,2018-07-16,2,MG,furniture_decor,Central-West,7.0
base,ridge,2018-07-09,2018-07-23,3,MG,furniture_decor,Central-West,7.0
base,ridge,2018-07-09,2018-07-23,3,MG,furniture_decor,Northeast,1.0
base,ridge,2018-07-09,2018-07-30,4,MG,furniture_decor,Central-West,7.0
base,ridge,2018-07-09,2018-07-30,4,MG,furniture_decor,Northeast,4.0
base,ridge,2018-07-09,2018-07-09,1,MG,garden_tools,Southeast,14.0
base,ridge,2018-07-09,2018-07-09,1,MG,health_beauty,Northeast,14.0
base,ridge,2018-07-09,2018-07-16,2,MG,health_beauty,Northeast,14.0
base,ridge,2018-07-09,2018-07-23,3,MG,health_beauty,Northeast,14.0
base,ridge,2018-07-09,2018-07-30,4,MG,health_beauty,Northeast,14.0
base,ridge,2018-07-09,2018-07-09,1,MG,sports_leisure,Northeast,6.0
base,ridge,2018-07-09,2018-07-16,2,MG,sports_leisure,Northeast,10.0
base,ridge,2018-07-09,2018-07-23,3,MG,sports_leisure,Northeast,11.0
base,ridge,2018-07-09,2018-07-30,4,MG,sports_leisure,Northeast,11.0
base,ridge,2018-07-09,2018-07-09,1,MG,telephony,Northeast,2.0
base,ridge,2018-07-09,2018-07-16,2,MG,telephony,Northeast,5.0
base,ridge,2018-07-09,2018-07-23,3,MG,telephony,Northeast,5.0
base,ridge,2018-07-09,2018-07-30,4,MG,telephony,Northeast,5.0
base,ridge,2018-07-09,2018-07-09,1,MG,watches_gifts,Northeast,3.0
base,ridge,2018-07-09,2018-07-09,1,PR,auto,South,8.0
base,ridge,2018-07-09,2018-07-16,2,PR,auto,South,6.0
base,ridge,2018-07-09,2018-07-23,3,PR,auto,South,10.0
base,ridge,2018-07-09,2018-07-30,4,PR,auto,South,8.0
base,ridge,2018-07-09,2018-07-09,1,PR,furniture_decor,South,21.0
base,ridge,2018-07-09,2018-07-16,2,PR,furniture_decor,South,11.0
base,ridge,2018-07-09,2018-07-23,3,PR,furniture_decor,South,12.0
base,ridge,2018-07-09,2018-07-30,4,PR,furniture_decor,South,13.0
base,ridge,2018-07-09,2018-07-09,1,PR,garden_tools,South,5.0
base,ridge,2018-07-09,2018-07-09,1,PR,health_beauty,South,18.0
base,ridge,2018-07-09,2018-07-16,2,PR,health_beauty,South,4.0
base,ridge,2018-07-09,2018-07-23,3,PR,health_beauty,South,12.0
base,ridge,2018-07-09,2018-07-30,4,PR,health_beauty,South,14.0
base,ridge,2018-07-09,2018-07-09,1,PR,housewares,South,11.0
base,ridge,2018-07-09,2018-07-16,2,PR,housewares,South,21.0
base,ridge,2018-07-09,2018-07-23,3,PR,housewares,South,17.0
base,ridge,2018-07-09,2018-07-30,4,PR,housewares,South,17.0
base,ridge,2018-07-09,2018-07-09,1,PR,sports_leisure,South,2.0
base,ridge,2018-07-09,2018-07-09,1,PR,telephony,South,2.0
base,ridge,2018-07-09,2018-07-09,1,PR,watches_gifts,South,8.0
base,ridge,2018-07-09,2018-07-16,2,PR,watches_gifts,South,8.0
base,ridge,2018-07-09,2018-07-23,3,PR,watches_gifts,South,8.0
base,ridge,2018-07-09,2018-07-30,4,PR,watches_gifts,South,8.0
base,ridge,2018-07-09,2018-07-09,1,RJ,auto,Central-West,3.0
base,ridge,2018-07-09,2018-07-09,1,RJ,auto,Northeast,1.0
base,ridge,2018-07-09,2018-07-16,2,RJ,auto,Central-West,3.0
base,ridge,2018-07-09,2018-07-16,2,RJ,auto,Northeast,5.0
base,ridge,2018-07-09,2018-07-23,3,RJ,auto,Central-West,3.0
base,ridge,2018-07-09,2018-07-23,3,RJ,auto,Northeast,5.0
base,ridge,2018-07-09,2018-07-30,4,RJ,auto,Central-West,3.0
base,ridge,2018-07-09,2018-07-30,4,RJ,auto,Northeast,3.0
base,ridge,2018-07-09,2018-07-16,2,RJ,bed_bath_table,South,20.0
base,ridge,2018-07-09,2018-07-23,3,RJ,bed_bath_table,South,10.0
base,ridge,2018-07-09,2018-07-30,4,RJ,bed_bath_table,South,10.0
base,ridge,2018-07-09,2018-07-16,2,RJ,computers_accessories,Central-West,3.0
base,ridge,2018-07-09,2018-07-16,2,RJ,furniture_decor,Northeast,8.0
base,ridge,2018-07-09,2018-07-23,3,RJ,furniture_decor,Northeast,7.0
base,ridge,2018-07-09,2018-07-30,4,RJ,furniture_decor,Northeast,5.0
base,ridge,2018-07-09,2018-07-09,1,RJ,garden_tools,Northeast,4.0
base,ridge,2018-07-09,2018-07-16,2,RJ,garden_tools,Northeast,4.0
base,ridge,2018-07-09,2018-07-23,3,RJ,garden_tools,Northeast,3.0
base,ridge,2018-07-09,2018-07-30,4,RJ,garden_tools,Northeast,3.0
base,ridge,2018-07-09,2018-07-09,1,RJ,housewares,Northeast,6.0
base,ridge,2018-07-09,2018-07-16,2,RJ,housewares,Northeast,10.0
base,ridge,2018-07-09,2018-07-23,3,RJ,housewares,Northeast,8.0
base,ridge,2018-07-09,2018-07-30,4,RJ,housewares,Northeast,8.0
base,ridge,2018-07-09,2018-07-09,1,RJ,sports_leisure,Central-West,9.0
base,ridge,2018-07-09,2018-07-09,1,RJ,sports_leisure,North,3.0
base,ridge,2018-07-09,2018-07-16,2,RJ,sports_leisure,Central-West,8.0
base,ridge,2018-07-09,2018-07-16,2,RJ,sports_leisure,North,3.0
base,ridge,2018-07-09,2018-07-23,3,RJ,sports_leisure,Central-West,8.0
base,ridge,2018-07-09,2018-07-23,3,RJ,sports_leisure,North,3.0
base,ridge,2018-07-09,2018-07-30,4,RJ,sports_leisure,Central-West,8.0
base,ridge,2018-07-09,2018-07-30,4,RJ,sports_leisure,North,3.0
base,ridge,2018-07-09,2018-07-09,1,RJ,telephony,North,1.0
base,ridge,2018-07-09,2018-07-09,1,RJ,telephony,Northeast,6.0
base,ridge,2018-07-09,2018-07-16,2,RJ,telephony,North,1.0
base,ridge,2018-07-09,2018-07-16,2,RJ,telephony,Northeast,2.0
base,ridge,2018-07-09,2018-07-23,3,RJ,telephony,North,1.0
base,ridge,2018-07-09,2018-07-23,3,RJ,telephony,Northeast,2.0
base,ridge,2018-07-09,2018-07-30,4,RJ,telephony,North,1.0
base,ridge,2018-07-09,2018-07-30,4,RJ,telephony,Northeast,1.0
base,ridge,2018-07-09,2018-07-09,1,RJ,watches_gifts,Central-West,6.0
base,ridge,2018-07-09,2018-07-16,2,RJ,watches_gifts,Central-West,7.0
base,ridge,2018-07-09,2018-07-09,1,RS,auto,North,1.0
base,ridge,2018-07-09,2018-07-16,2,RS,auto,North,1.0
base,ridge,2018-07-09,2018-07-16,2,RS,auto,South,4.0
base,ridge,2018-07-09,2018-07-23,3,RS,auto,North,1.0
base,ridge,2018-07-09,2018-07-23,3,RS,auto,South,1.0
base,ridge,2018-07-09,2018-07-30,4,RS,auto,North,1.0
base,ridge,2018-07-09,2018-07-30,4,RS,auto,South,3.0
base,ridge,2018-07-09,2018-07-09,1,RS,bed_bath_table,North,4.0
base,ridge,2018-07-09,2018-07-16,2,RS,bed_bath_table,North,4.0
base,ridge,2018-07-09,2018-07-16,2,RS,bed_bath_table,South,1.0
base,ridge,2018-07-09,2018-07-23,3,RS,bed_bath_table,North,4.0
base,ridge,2018-07-09,2018-07-23,3,RS,bed_bath_table,South,5.0
base,ridge,2018-07-09,2018-07-30,4,RS,bed_bath_table,North,4.0
base,ridge,2018-07-09,2018-07-30,4,RS,bed_bath_table,South,2.0
base,ridge,2018-07-09,2018-07-09,1,RS,computers_accessories,South,5.0
base,ridge,2018-07-09,2018-07-16,2,RS,computers_accessories,South,10.0
base,ridge,2018-07-09,2018-07-23,3,RS,computers_accessories,South,6.0
base,ridge,2018-07-09,2018-07-30,4,RS,computers_accessories,South,7.0
base,ridge,2018-07-09,2018-07-09,1,RS,furniture_decor,North,3.0
base,ridge,2018-07-09,2018-07-16,2,RS,furniture_decor,North,2.0
base,ridge,2018-07-09,2018-07-23,3,RS,furniture_decor,North,2.0
base,ridge,2018-07-09,2018-07-23,3,RS,furniture_decor,South,3.0
base,ridge,2018-07-09,2018-07-30,4,RS,furniture_decor,North,2.0
base,ridge,2018-07-09,2018-07-30,4,RS,furniture_decor,South,3.0
base,ridge,2018-07-09,2018-07-09,1,RS,garden_tools,North,1.0
base,ridge,2018-07-09,2018-07-16,2,RS,garden_tools,North,1.0
base,ridge,2018-07-09,2018-07-23,3,RS,garden_tools,North,1.0
base,ridge,2018-07-09,2018-07-30,4,RS,garden_tools,North,1.0
base,ridge,2018-07-09,2018-07-16,2,RS,health_beauty,South,15.0
base,ridge,2018-07-09,2018-07-23,3,RS,health_beauty,South,8.0
base,ridge,2018-07-09,2018-07-30,4,RS,health_beauty,South,8.0
base,ridge,2018-07-09,2018-07-09,1,RS,housewares,South,10.0
base,ridge,2018-07-09,2018-07-23,3,RS,housewares,South,4.0
base,ridge,2018-07-09,2018-07-30,4,RS,housewares,South,3.0
base,ridge,2018-07-09,2018-07-09,1,RS,sports_leisure,South,3.0
base,ridge,2018-07-09,2018-07-09,1,RS,telephony,South,2.0
base,ridge,2018-07-09,2018-07-16,2,RS,telephony,South,8.0
base,ridge,2018-07-09,2018-07-23,3,RS,telephony,South,5.0
base,ridge,2018-07-09,2018-07-30,4,RS,telephony,South,5.0
base,ridge,2018-07-09,2018-07-09,1,RS,watches_gifts,South,1.0
base,ridge,2018-07-09,2018-07-09,1,SC,auto,South,3.0
base,ridge,2018-07-09,2018-07-16,2,SC,auto,South,1.0
base,ridge,2018-07-09,2018-07-09,1,SC,bed_bath_table,South,21.0
base,ridge,2018-07-09,2018-07-23,3,SC,bed_bath_table,South,8.0
base,ridge,2018-07-09,2018-07-30,4,SC,bed_bath_table,South,12.0
base,ridge,2018-07-09,2018-07-09,1,SC,computers_accessories,South,9.0
base,ridge,2018-07-09,2018-07-16,2,SC,computers_accessories,South,4.0
base,ridge,2018-07-09,2018-07-23,3,SC,computers_accessories,South,9.0
base,ridge,2018-07-09,2018-07-30,4,SC,computers_accessories,South,9.0
base,ridge,2018-07-09,2018-07-16,2,SC,furniture_decor,South,10.0
base,ridge,2018-07-09,2018-07-23,3,SC,furniture_decor,South,6.0
base,ridge,2018-07-09,2018-07-30,4,SC,furniture_decor,South,6.0
base,ridge,2018-07-09,2018-07-09,1,SC,garden_tools,Central-West,2.0
base,ridge,2018-07-09,2018-07-09,1,SC,garden_tools,South,3.0
base,ridge,2018-07-09,2018-07-16,2,SC,garden_tools,Central-West,2.0
base,ridge,2018-07-09,2018-07-16,2,SC,garden_tools,South,8.0
base,ridge,2018-07-09,2018-07-23,3,SC,garden_tools,Central-West,2.0
base,ridge,2018-07-09,2018-07-23,3,SC,garden_tools,South,7.0
base,ridge,2018-07-09,2018-07-30,4,SC,garden_tools,Central-West,2.0
base,ridge,2018-07-09,2018-07-30,4,SC,garden_tools,South,6.0
base,ridge,2018-07-09,2018-07-09,1,SC,sports_leisure,South,12.0
base,ridge,2018-07-09,2018-07-16,2,SC,sports_leisure,South,18.0
base,ridge,2018-07-09,2018-07-23,3,SC,sports_leisure,South,18.0
base,ridge,2018-07-09,2018-07-30,4,SC,sports_leisure,South,18.0
base,ridge,2018-07-09,2018-07-09,1,SC,telephony,South,1.0
base,ridge,2018-07-09,2018-07-09,1,SC,watches_gifts,South,3.0
base,ridge,2018-07-09,2018-07-16,2,SC,watches_gifts,South,4.0
base,ridge,2018-07-09,2018-07-23,3,SC,watches_gifts,South,5.0
base,ridge,2018-07-09,2018-07-30,4,SC,watches_gifts,South,6.0
base,ridge,2018-07-09,2018-07-09,1,SP,auto,Southeast,53.0
base,ridge,2018-07-09,2018-07-16,2,SP,auto,Southeast,52.0
base,ridge,2018-07-09,2018-07-23,3,SP,auto,Southeast,54.0
base,ridge,2018-07-09,2018-07-30,4,SP,auto,Northeast,2.0
base,ridge,2018-07-09,2018-07-30,4,SP,auto,Southeast,56.0
base,ridge,2018-07-09,2018-07-09,1,SP,bed_bath_table,Central-West,8.0
base,ridge,2018-07-09,2018-07-09,1,SP,bed_bath_table,Southeast,124.0
base,ridge,2018-07-09,2018-07-16,2,SP,bed_bath_table,Central-West,8.0
base,ridge,2018-07-09,2018-07-16,2,SP,bed_bath_table,Southeast,131.0
base,ridge,2018-07-09,2018-07-23,3,SP,bed_bath_table,Central-West,9.0
base,ridge,2018-07-09,2018-07-23,3,SP,bed_bath_table,Southeast,139.0
base,ridge,2018-07-09,2018-07-30,4,SP,bed_bath_table,Central-West,10.0
base,ridge,2018-07-09,2018-07-30,4,SP,bed_bath_table,Southeast,142.0
base,ridge,2018-07-09,2018-07-09,1,SP,computers_accessories,Central-West,5.0
base,ridge,2018-07-09,2018-07-09,1,SP,computers_accessories,North,2.0
base,ridge,2018-07-09,2018-07-09,1,SP,computers_accessories,Southeast,74.0
base,ridge,2018-07-09,2018-07-16,2,SP,computers_accessories,Central-West,2.0
base,ridge,2018-07-09,2018-07-16,2,SP,computers_accessories,North,2.0
base,ridge,2018-07-09,2018-07-16,2,SP,computers_accessories,Southeast,73.0
base,ridge,2018-07-09,2018-07-23,3,SP,computers_accessories,Central-West,6.0
base,ridge,2018-07-09,2018-07-23,3,SP,computers_accessories,North,2.0
base,ridge,2018-07-09,2018-07-23,3,SP,computers_accessories,Southeast,76.0
base,ridge,2018-07-09,2018-07-30,4,SP,computers_accessories,Central-West,6.0
base,ridge,2018-07-09,2018-07-30,4,SP,computers_accessories,North,2.0
base,ridge,2018-07-09,2018-07-30,4,SP,computers_accessories,Southeast,78.0
base,ridge,2018-07-09,2018-07-09,1,SP,furniture_decor,Southeast,77.0
base,ridge,2018-07-09,2018-07-16,2,SP,furniture_decor,Southeast,75.0
base,ridge,2018-07-09,2018-07-23,3,SP,furniture_decor,Southeast,74.0
base,ridge,2018-07-09,2018-07-30,4,SP,furniture_decor,Southeast,76.0
base,ridge,2018-07-09,2018-07-09,1,SP,garden_tools,Northeast,1.0
base,ridge,2018-07-09,2018-07-09,1,SP,garden_tools,Southeast,30.0
base,ridge,2018-07-09,2018-07-16,2,SP,garden_tools,Southeast,45.0
base,ridge,2018-07-09,2018-07-23,3,SP,garden_tools,Southeast,46.0
base,ridge,2018-07-09,2018-07-30,4,SP,garden_tools,South,1.0
base,ridge,2018-07-09,2018-07-30,4,SP,garden_tools,Southeast,49.0
base,ridge,2018-07-09,2018-07-09,1,SP,health_beauty,Central-West,10.0
base,ridge,2018-07-09,2018-07-09,1,SP,health_beauty,North,6.0
base,ridge,2018-07-09,2018-07-09,1,SP,health_beauty,Northeast,8.0
base,ridge,2018-07-09,2018-07-09,1,SP,health_beauty,Southeast,136.0
base,ridge,2018-07-09,2018-07-16,2,SP,health_beauty,Central-West,11.0
base,ridge,2018-07-09,2018-07-16,2,SP,health_beauty,North,6.0
base,ridge,2018-07-09,2018-07-16,2,SP,health_beauty,Northeast,8.0
base,ridge,2018-07-09,2018-07-16,2,SP,health_beauty,Southeast,133.0
base,ridge,2018-07-09,2018-07-23,3,SP,health_beauty,Central-West,12.0
base,ridge,2018-07-09,2018-07-23,3,SP,health_beauty,North,6.0
base,ridge,2018-07-09,2018-07-23,3,SP,health_beauty,Northeast,8.0
base,ridge,2018-07-09,2018-07-23,3,SP,health_beauty,Southeast,139.0
base,ridge,2018-07-09,2018-07-30,4,SP,health_beauty,Central-West,13.0
base,ridge,2018-07-09,2018-07-30,4,SP,health_beauty,North,7.0
base,ridge,2018-07-09,2018-07-30,4,SP,health_beauty,Northeast,9.0
base,ridge,2018-07-09,2018-07-30,4,SP,health_beauty,Southeast,143.0
base,ridge,2018-07-09,2018-07-09,1,SP,housewares,Central-West,6.0
base,ridge,2018-07-09,2018-07-09,1,SP,housewares,North,2.0
base,ridge,2018-07-09,2018-07-09,1,SP,housewares,Northeast,5.0
base,ridge,2018-07-09,2018-07-09,1,SP,housewares,Southeast,99.0
base,ridge,2018-07-09,2018-07-16,2,SP,housewares,Central-West,7.0
base,ridge,2018-07-09,2018-07-16,2,SP,housewares,North,1.0
base,ridge,2018-07-09,2018-07-16,2,SP,housewares,Southeast,102.0
base,ridge,2018-07-09,2018-07-23,3,SP,housewares,Central-West,8.0
base,ridge,2018-07-09,2018-07-23,3,SP,housewares,North,2.0
base,ridge,2018-07-09,2018-07-23,3,SP,housewares,Northeast,2.0
base,ridge,2018-07-09,2018-07-23,3,SP,housewares,Southeast,104.0
base,ridge,2018-07-09,2018-07-30,4,SP,housewares,Central-West,8.0
base,ridge,2018-07-09,2018-07-30,4,SP,housewares,North,2.0
base,ridge,2018-07-09,2018-07-30,4,SP,housewares,Northeast,3.0
base,ridge,2018-07-09,2018-07-30,4,SP,housewares,Southeast,102.0
base,ridge,2018-07-09,2018-07-09,1,SP,sports_leisure,Northeast,4.0
base,ridge,2018-07-09,2018-07-09,1,SP,sports_leisure,South,2.0
base,ridge,2018-07-09,2018-07-09,1,SP,sports_leisure,Southeast,83.0
base,ridge,2018-07-09,2018-07-16,2,SP,sports_leisure,Southeast,80.0
base,ridge,2018-07-09,2018-07-23,3,SP,sports_leisure,Southeast,80.0
base,ridge,2018-07-09,2018-07-30,4,SP,sports_leisure,Southeast,83.0
base,ridge,2018-07-09,2018-07-09,1,SP,telephony,Central-West,4.0
base,ridge,2018-07-09,2018-07-09,1,SP,telephony,South,4.0
base,ridge,2018-07-09,2018-07-09,1,SP,telephony,Southeast,33.0
base,ridge,2018-07-09,2018-07-16,2,SP,telephony,Central-West,3.0
base,ridge,2018-07-09,2018-07-16,2,SP,telephony,Southeast,38.0
base,ridge,2018-07-09,2018-07-23,3,SP,telephony,Central-West,4.0
base,ridge,2018-07-09,2018-07-23,3,SP,telephony,South,2.0
base,ridge,2018-07-09,2018-07-23,3,SP,telephony,Southeast,41.0
base,ridge,2018-07-09,2018-07-30,4,SP,telephony,Central-West,5.0
base,ridge,2018-07-09,2018-07-30,4,SP,telephony,South,2.0
base,ridge,2018-07-09,2018-07-30,4,SP,telephony,Southeast,43.0
base,ridge,2018-07-09,2018-07-09,1,SP,watches_gifts,Central-West,1.0
base,ridge,2018-07-09,2018-07-09,1,SP,watches_gifts,North,2.0
base,ridge,2018-07-09,2018-07-09,1,SP,watches_gifts,Northeast,11.0
base,ridge,2018-07-09,2018-07-09,1,SP,watches_gifts,Southeast,72.0
base,ridge,2018-07-09,2018-07-16,2,SP,watches_gifts,North,2.0
base,ridge,2018-07-09,2018-07-16,2,SP,watches_gifts,Northeast,14.0
base,ridge,2018-07-09,2018-07-16,2,SP,watches_gifts,Southeast,76.0
base,ridge,2018-07-09,2018-07-23,3,SP,watches_gifts,Central-West,7.0
base,ridge,2018-07-09,2018-07-23,3,SP,watches_gifts,North,1.0
base,ridge,2018-07-09,2018-07-23,3,SP,watches_gifts,Northeast,15.0
base,ridge,2018-07-09,2018-07-23,3,SP,watches_gifts,Southeast,80.0
base,ridge,2018-07-09,2018-07-30,4,SP,watches_gifts,Central-West,8.0
base,ridge,2018-07-09,2018-07-30,4,SP,watches_gifts,North,2.0
base,ridge,2018-07-09,2018-07-30,4,SP,watches_gifts,Northeast,15.0
base,ridge,2018-07-09,2018-07-30,4,SP,watches_gifts,Southeast,83.0
base,ridge,2018-07-16,2018-07-16,1,MG,auto,Northeast,4.0
base,ridge,2018-07-16,2018-07-16,1,MG,bed_bath_table,Central-West,1.0
base,ridge,2018-07-16,2018-07-16,1,MG,bed_bath_table,Northeast,13.0
base,ridge,2018-07-16,2018-07-23,2,MG,bed_bath_table,Central-West,1.0
base,ridge,2018-07-16,2018-07-23,2,MG,bed_bath_table,Northeast,13.0
base,ridge,2018-07-16,2018-07-30,3,MG,bed_bath_table,Northeast,14.0
base,ridge,2018-07-16,2018-08-06,4,MG,bed_bath_table,Northeast,14.0
base,ridge,2018-07-16,2018-07-16,1,MG,computers_accessories,Northeast,12.0
base,ridge,2018-07-16,2018-07-23,2,MG,computers_accessories,Northeast,12.0
base,ridge,2018-07-16,2018-07-30,3,MG,computers_accessories,Northeast,12.0
base,ridge,2018-07-16,2018-08-06,4,MG,computers_accessories,Northeast,11.0
base,ridge,2018-07-16,2018-07-16,1,MG,furniture_decor,Central-West,5.0
base,ridge,2018-07-16,2018-07-16,1,MG,furniture_decor,Northeast,8.0
base,ridge,2018-07-16,2018-07-23,2,MG,furniture_decor,Central-West,6.0
base,ridge,2018-07-16,2018-07-23,2,MG,furniture_decor,Northeast,2.0
base,ridge,2018-07-16,2018-07-30,3,MG,furniture_decor,Central-West,6.0
base,ridge,2018-07-16,2018-08-06,4,MG,furniture_decor,Central-West,6.0
base,ridge,2018-07-16,2018-08-06,4,MG,furniture_decor,Northeast,4.0
base,ridge,2018-07-16,2018-07-16,1,MG,garden_tools,Southeast,14.0
base,ridge,2018-07-16,2018-07-16,1,MG,health_beauty,Northeast,14.0
base,ridge,2018-07-16,2018-07-23,2,MG,health_beauty,Northeast,14.0
base,ridge,2018-07-16,2018-07-30,3,MG,health_beauty,Northeast,14.0
base,ridge,2018-07-16,2018-08-06,4,MG,health_beauty,Northeast,14.0
base,ridge,2018-07-16,2018-07-16,1,MG,sports_leisure,Northeast,10.0
base,ridge,2018-07-16,2018-07-23,2,MG,sports_leisure,Northeast,11.0
base,ridge,2018-07-16,2018-07-30,3,MG,sports_leisure,Northeast,11.0
base,ridge,2018-07-16,2018-08-06,4,MG,sports_leisure,Northeast,11.0
base,ridge,2018-07-16,2018-07-16,1,MG,telephony,Northeast,5.0
base,ridge,2018-07-16,2018-07-23,2,MG,telephony,Northeast,5.0
base,ridge,2018-07-16,2018-07-30,3,MG,telephony,Northeast,5.0
base,ridge,2018-07-16,2018-08-06,4,MG,telephony,Northeast,5.0
base,ridge,2018-07-16,2018-07-16,1,MG,watches_gifts,Northeast,3.0
base,ridge,2018-07-16,2018-07-16,1,PR,auto,South,8.0
base,ridge,2018-07-16,2018-07-23,2,PR,auto,South,8.0
base,ridge,2018-07-16,2018-07-30,3,PR,auto,South,8.0
base,ridge,2018-07-16,2018-08-06,4,PR,auto,South,8.0
base,ridge,2018-07-16,2018-07-16,1,PR,furniture_decor,South,17.0
base,ridge,2018-07-16,2018-07-23,2,PR,furniture_decor,South,15.0
base,ridge,2018-07-16,2018-07-30,3,PR,furniture_decor,South,11.0
base,ridge,2018-07-16,2018-08-06,4,PR,furniture_decor,South,12.0
base,ridge,2018-07-16,2018-07-16,1,PR,garden_tools,South,3.0
base,ridge,2018-07-16,2018-07-30,3,PR,garden_tools,South,1.0
base,ridge,2018-07-16,2018-08-06,4,PR,garden_tools,South,1.0
base,ridge,2018-07-16,2018-07-16,1,PR,health_beauty,South,11.0
base,ridge,2018-07-16,2018-07-23,2,PR,health_beauty,South,11.0
base,ridge,2018-07-16,2018-07-30,3,PR,health_beauty,South,13.0
base,ridge,2018-07-16,2018-08-06,4,PR,health_beauty,South,13.0
base,ridge,2018-07-16,2018-07-16,1,PR,housewares,South,17.0
base,ridge,2018-07-16,2018-07-23,2,PR,housewares,South,8.0
base,ridge,2018-07-16,2018-07-30,3,PR,housewares,South,17.0
base,ridge,2018-07-16,2018-08-06,4,PR,housewares,South,17.0
base,ridge,2018-07-16,2018-07-23,2,PR,sports_leisure,South,2.0
base,ridge,2018-07-16,2018-07-16,1,PR,telephony,South,2.0
base,ridge,2018-07-16,2018-07-16,1,PR,watches_gifts,South,8.0
base,ridge,2018-07-16,2018-07-23,2,PR,watches_gifts,South,8.0
base,ridge,2018-07-16,2018-07-30,3,PR,watches_gifts,South,8.0
base,ridge,2018-07-16,2018-08-06,4,PR,watches_gifts,South,8.0
base,ridge,2018-07-16,2018-07-16,1,RJ,auto,Central-West,4.0
base,ridge,2018-07-16,2018-07-16,1,RJ,auto,Northeast,2.0
base,ridge,2018-07-16,2018-07-23,2,RJ,auto,Central-West,4.0
base,ridge,2018-07-16,2018-07-23,2,RJ,auto,Northeast,2.0
base,ridge,2018-07-16,2018-07-30,3,RJ,auto,Central-West,3.0
base,ridge,2018-07-16,2018-07-30,3,RJ,auto,Northeast,3.0
base,ridge,2018-07-16,2018-08-06,4,RJ,auto,Central-West,3.0
base,ridge,2018-07-16,2018-08-06,4,RJ,auto,Northeast,3.0
base,ridge,2018-07-16,2018-07-23,2,RJ,bed_bath_table,South,14.0
base,ridge,2018-07-16,2018-07-30,3,RJ,bed_bath_table,South,19.0
base,ridge,2018-07-16,2018-08-06,4,RJ,bed_bath_table,South,10.0
base,ridge,2018-07-16,2018-07-16,1,RJ,computers_accessories,South,3.0
base,ridge,2018-07-16,2018-07-23,2,RJ,furniture_decor,Northeast,6.0
base,ridge,2018-07-16,2018-07-30,3,RJ,furniture_decor,Northeast,9.0
base,ridge,2018-07-16,2018-08-06,4,RJ,furniture_decor,Northeast,5.0
base,ridge,2018-07-16,2018-07-16,1,RJ,garden_tools,Northeast,4.0
base,ridge,2018-07-16,2018-07-23,2,RJ,garden_tools,Northeast,3.0
base,ridge,2018-07-16,2018-07-30,3,RJ,garden_tools,Northeast,3.0
base,ridge,2018-07-16,2018-08-06,4,RJ,garden_tools,Northeast,3.0
base,ridge,2018-07-16,2018-07-16,1,RJ,housewares,Northeast,8.0
base,ridge,2018-07-16,2018-07-23,2,RJ,housewares,Northeast,8.0
base,ridge,2018-07-16,2018-07-30,3,RJ,housewares,Northeast,8.0
base,ridge,2018-07-16,2018-08-06,4,RJ,housewares,Northeast,8.0
base,ridge,2018-07-16,2018-07-16,1,RJ,sports_leisure,Central-West,7.0
base,ridge,2018-07-16,2018-07-16,1,RJ,sports_leisure,North,3.0
base,ridge,2018-07-16,2018-07-23,2,RJ,sports_leisure,Central-West,7.0
base,ridge,2018-07-16,2018-07-23,2,RJ,sports_leisure,North,3.0
base,ridge,2018-07-16,2018-07-30,3,RJ,sports_leisure,Central-West,8.0
base,ridge,2018-07-16,2018-07-30,3,RJ,sports_leisure,North,3.0
base,ridge,2018-07-16,2018-08-06,4,RJ,sports_leisure,Central-West,8.0
base,ridge,2018-07-16,2018-08-06,4,RJ,sports_leisure,North,3.0
base,ridge,2018-07-16,2018-07-16,1,RJ,telephony,North,1.0
base,ridge,2018-07-16,2018-07-16,1,RJ,telephony,Northeast,3.0
base,ridge,2018-07-16,2018-07-23,2,RJ,telephony,North,1.0
base,ridge,2018-07-16,2018-07-23,2,RJ,telephony,Northeast,2.0
base,ridge,2018-07-16,2018-07-30,3,RJ,telephony,North,1.0
base,ridge,2018-07-16,2018-07-30,3,RJ,telephony,Northeast,1.0
base,ridge,2018-07-16,2018-08-06,4,RJ,telephony,North,1.0
base,ridge,2018-07-16,2018-08-06,4,RJ,telephony,Northeast,1.0
base,ridge,2018-07-16,2018-07-16,1,RJ,watches_gifts,Central-West,1.0
base,ridge,2018-07-16,2018-07-16,1,RJ,watches_gifts,North,1.0
base,ridge,2018-07-16,2018-07-16,1,RJ,watches_gifts,Northeast,8.0
base,ridge,2018-07-16,2018-07-16,1,RJ,watches_gifts,Southeast,3.0
base,ridge,2018-07-16,2018-07-16,1,RS,auto,North,1.0
base,ridge,2018-07-16,2018-07-23,2,RS,auto,North,1.0
base,ridge,2018-07-16,2018-07-23,2,RS,auto,South,4.0
base,ridge,2018-07-16,2018-07-30,3,RS,auto,North,1.0
base,ridge,2018-07-16,2018-07-30,3,RS,auto,South,2.0
base,ridge,2018-07-16,2018-08-06,4,RS,auto,North,1.0
base,ridge,2018-07-16,2018-08-06,4,RS,auto,South,2.0
base,ridge,2018-07-16,2018-07-16,1,RS,bed_bath_table,North,3.0
base,ridge,2018-07-16,2018-07-23,2,RS,bed_bath_table,North,3.0
base,ridge,2018-07-16,2018-07-23,2,RS,bed_bath_table,South,6.0
base,ridge,2018-07-16,2018-07-30,3,RS,bed_bath_table,North,4.0
base,ridge,2018-07-16,2018-07-30,3,RS,bed_bath_table,South,2.0
base,ridge,2018-07-16,2018-08-06,4,RS,bed_bath_table,North,4.0
base,ridge,2018-07-16,2018-08-06,4,RS,bed_bath_table,South,2.0
base,ridge,2018-07-16,2018-07-16,1,RS,computers_accessories,South,8.0
base,ridge,2018-07-16,2018-07-23,2,RS,computers_accessories,South,7.0
base,ridge,2018-07-16,2018-07-30,3,RS,computers_accessories,South,8.0
base,ridge,2018-07-16,2018-08-06,4,RS,computers_accessories,South,8.0
base,ridge,2018-07-16,2018-07-16,1,RS,furniture_decor,North,2.0
base,ridge,2018-07-16,2018-07-23,2,RS,furniture_decor,North,2.0
base,ridge,2018-07-16,2018-07-30,3,RS,furniture_decor,North,2.0
base,ridge,2018-07-16,2018-07-30,3,RS,furniture_decor,South,3.0
base,ridge,2018-07-16,2018-08-06,4,RS,furniture_decor,North,2.0
base,ridge,2018-07-16,2018-08-06,4,RS,furniture_decor,South,3.0
base,ridge,2018-07-16,2018-07-16,1,RS,garden_tools,North,1.0
base,ridge,2018-07-16,2018-07-23,2,RS,garden_tools,North,1.0
base,ridge,2018-07-16,2018-07-30,3,RS,garden_tools,North,1.0
base,ridge,2018-07-16,2018-08-06,4,RS,garden_tools,North,1.0
base,ridge,2018-07-16,2018-07-16,1,RS,health_beauty,South,7.0
base,ridge,2018-07-16,2018-07-23,2,RS,health_beauty,South,8.0
base,ridge,2018-07-16,2018-07-30,3,RS,health_beauty,South,8.0
base,ridge,2018-07-16,2018-08-06,4,RS,health_beauty,South,8.0
base,ridge,2018-07-16,2018-07-23,2,RS,housewares,South,10.0
base,ridge,2018-07-16,2018-07-30,3,RS,housewares,South,1.0
base,ridge,2018-07-16,2018-08-06,4,RS,housewares,South,2.0
base,ridge,2018-07-16,2018-07-23,2,RS,sports_leisure,South,3.0
base,ridge,2018-07-16,2018-07-16,1,RS,telephony,South,1.0
base,ridge,2018-07-16,2018-07-23,2,RS,telephony,South,9.0
base,ridge,2018-07-16,2018-07-30,3,RS,telephony,South,5.0
base,ridge,2018-07-16,2018-08-06,4,RS,telephony,South,5.0
base,ridge,2018-07-16,2018-07-16,1,SC,auto,South,4.0
base,ridge,2018-07-16,2018-07-16,1,SC,bed_bath_table,South,19.0
base,ridge,2018-07-16,2018-07-23,2,SC,bed_bath_table,South,2.0
base,ridge,2018-07-16,2018-07-30,3,SC,bed_bath_table,South,2.0
base,ridge,2018-07-16,2018-08-06,4,SC,bed_bath_table,South,12.0
base,ridge,2018-07-16,2018-07-16,1,SC,computers_accessories,South,4.0
base,ridge,2018-07-16,2018-07-23,2,SC,computers_accessories,South,9.0
base,ridge,2018-07-16,2018-07-30,3,SC,computers_accessories,South,9.0
base,ridge,2018-07-16,2018-08-06,4,SC,computers_accessories,South,9.0
base,ridge,2018-07-16,2018-07-23,2,SC,furniture_decor,South,4.0
base,ridge,2018-07-16,2018-07-30,3,SC,furniture_decor,South,6.0
base,ridge,2018-07-16,2018-08-06,4,SC,furniture_decor,South,6.0
base,ridge,2018-07-16,2018-07-16,1,SC,garden_tools,Central-West,2.0
base,ridge,2018-07-16,2018-07-16,1,SC,garden_tools,South,3.0
base,ridge,2018-07-16,2018-07-23,2,SC,garden_tools,Central-West,2.0
base,ridge,2018-07-16,2018-07-23,2,SC,garden_tools,South,6.0
base,ridge,2018-07-16,2018-07-30,3,SC,garden_tools,Central-West,2.0
base,ridge,2018-07-16,2018-07-30,3,SC,garden_tools,South,5.0
base,ridge,2018-07-16,2018-08-06,4,SC,garden_tools,Central-West,2.0
base,ridge,2018-07-16,2018-08-06,4,SC,garden_tools,South,6.0
base,ridge,2018-07-16,2018-07-16,1,SC,sports_leisure,South,14.0
base,ridge,2018-07-16,2018-07-23,2,SC,sports_leisure,South,10.0
base,ridge,2018-07-16,2018-07-30,3,SC,sports_leisure,South,16.0
base,ridge,2018-07-16,2018-08-06,4,SC,sports_leisure,South,17.0
base,ridge,2018-07-16,2018-07-16,1,SC,telephony,South,1.0
base,ridge,2018-07-16,2018-07-16,1,SC,watches_gifts,South,1.0
base,ridge,2018-07-16,2018-07-23,2,SC,watches_gifts,South,7.0
base,ridge,2018-07-16,2018-07-30,3,SC,watches_gifts,South,7.0
base,ridge,2018-07-16,2018-08-06,4,SC,watches_gifts,South,6.0
base,ridge,2018-07-16,2018-07-16,1,SP,auto,Northeast,9.0
base,ridge,2018-07-16,2018-07-16,1,SP,auto,South,1.0
base,ridge,2018-07-16,2018-07-16,1,SP,auto,Southeast,39.0
base,ridge,2018-07-16,2018-07-23,2,SP,auto,Northeast,10.0
base,ridge,2018-07-16,2018-07-23,2,SP,auto,South,1.0
base,ridge,2018-07-16,2018-07-23,2,SP,auto,Southeast,46.0
base,ridge,2018-07-16,2018-07-30,3,SP,auto,Northeast,7.0
base,ridge,2018-07-16,2018-07-30,3,SP,auto,South,2.0
base,ridge,2018-07-16,2018-07-30,3,SP,auto,Southeast,51.0
base,ridge,2018-07-16,2018-08-06,4,SP,auto,Northeast,6.0
base,ridge,2018-07-16,2018-08-06,4,SP,auto,South,1.0
base,ridge,2018-07-16,2018-08-06,4,SP,auto,Southeast,55.0
base,ridge,2018-07-16,2018-07-16,1,SP,bed_bath_table,Central-West,9.0
base,ridge,2018-07-16,2018-07-16,1,SP,bed_bath_table,Southeast,100.0
base,ridge,2018-07-16,2018-07-23,2,SP,bed_bath_table,Central-West,9.0
base,ridge,2018-07-16,2018-07-23,2,SP,bed_bath_table,Southeast,120.0
base,ridge,2018-07-16,2018-07-30,3,SP,bed_bath_table,Central-West,9.0
base,ridge,2018-07-16,2018-07-30,3,SP,bed_bath_table,Southeast,128.0
base,ridge,2018-07-16,2018-08-06,4,SP,bed_bath_table,Central-West,10.0
base,ridge,2018-07-16,2018-08-06,4,SP,bed_bath_table,Northeast,1.0
base,ridge,2018-07-16,2018-08-06,4,SP,bed_bath_table,Southeast,128.0
base,ridge,2018-07-16,2018-07-16,1,SP,computers_accessories,Central-West,4.0
base,ridge,2018-07-16,2018-07-16,1,SP,computers_accessories,North,2.0
base,ridge,2018-07-16,2018-07-16,1,SP,computers_accessories,South,1.0
base,ridge,2018-07-16,2018-07-16,1,SP,computers_accessories,Southeast,61.0
base,ridge,2018-07-16,2018-07-23,2,SP,computers_accessories,Central-West,4.0
base,ridge,2018-07-16,2018-07-23,2,SP,computers_accessories,North,2.0
base,ridge,2018-07-16,2018-07-23,2,SP,computers_accessories,Southeast,69.0
base,ridge,2018-07-16,2018-07-30,3,SP,computers_accessories,Central-West,5.0
base,ridge,2018-07-16,2018-07-30,3,SP,computers_accessories,North,2.0
base,ridge,2018-07-16,2018-07-30,3,SP,computers_accessories,Southeast,73.0
base,ridge,2018-07-16,2018-08-06,4,SP,computers_accessories,Central-West,5.0
base,ridge,2018-07-16,2018-08-06,4,SP,computers_accessories,North,2.0
base,ridge,2018-07-16,2018-08-06,4,SP,computers_accessories,Southeast,77.0
base,ridge,2018-07-16,2018-07-16,1,SP,furniture_decor,Southeast,56.0
base,ridge,2018-07-16,2018-07-23,2,SP,furniture_decor,Southeast,61.0
base,ridge,2018-07-16,2018-07-30,3,SP,furniture_decor,Southeast,69.0
base,ridge,2018-07-16,2018-08-06,4,SP,furniture_decor,Southeast,73.0
base,ridge,2018-07-16,2018-07-16,1,SP,garden_tools,Southeast,21.0
base,ridge,2018-07-16,2018-07-23,2,SP,garden_tools,Southeast,40.0
base,ridge,2018-07-16,2018-07-30,3,SP,garden_tools,Southeast,44.0
base,ridge,2018-07-16,2018-08-06,4,SP,garden_tools,Southeast,47.0
base,ridge,2018-07-16,2018-07-16,1,SP,health_beauty,Central-West,15.0
base,ridge,2018-07-16,2018-07-16,1,SP,health_beauty,North,7.0
base,ridge,2018-07-16,2018-07-16,1,SP,health_beauty,Northeast,12.0
base,ridge,2018-07-16,2018-07-16,1,SP,health_beauty,Southeast,113.0
base,ridge,2018-07-16,2018-07-23,2,SP,health_beauty,Central-West,15.0
base,ridge,2018-07-16,2018-07-23,2,SP,health_beauty,North,7.0
base,ridge,2018-07-16,2018-07-23,2,SP,health_beauty,Northeast,11.0
base,ridge,2018-07-16,2018-07-23,2,SP,health_beauty,Southeast,127.0
base,ridge,2018-07-16,2018-07-30,3,SP,health_beauty,Central-West,14.0
base,ridge,2018-07-16,2018-07-30,3,SP,health_beauty,North,7.0
base,ridge,2018-07-16,2018-07-30,3,SP,health_beauty,Northeast,9.0
base,ridge,2018-07-16,2018-07-30,3,SP,health_beauty,Southeast,135.0
base,ridge,2018-07-16,2018-08-06,4,SP,health_beauty,Central-West,13.0
base,ridge,2018-07-16,2018-08-06,4,SP,health_beauty,North,7.0
base,ridge,2018-07-16,2018-08-06,4,SP,health_beauty,Northeast,8.0
base,ridge,2018-07-16,2018-08-06,4,SP,health_beauty,Southeast,138.0
base,ridge,2018-07-16,2018-07-16,1,SP,housewares,Central-West,11.0
base,ridge,2018-07-16,2018-07-16,1,SP,housewares,North,1.0
base,ridge,2018-07-16,2018-07-16,1,SP,housewares,Southeast,81.0
base,ridge,2018-07-16,2018-07-23,2,SP,housewares,Central-West,10.0
base,ridge,2018-07-16,2018-07-23,2,SP,housewares,North,1.0
base,ridge,2018-07-16,2018-07-23,2,SP,housewares,Southeast,90.0
base,ridge,2018-07-16,2018-07-30,3,SP,housewares,Central-West,10.0
base,ridge,2018-07-16,2018-07-30,3,SP,housewares,North,1.0
base,ridge,2018-07-16,2018-07-30,3,SP,housewares,Northeast,2.0
base,ridge,2018-07-16,2018-07-30,3,SP,housewares,Southeast,92.0
base,ridge,2018-07-16,2018-08-06,4,SP,housewares,Central-West,9.0
base,ridge,2018-07-16,2018-08-06,4,SP,housewares,North,2.0
base,ridge,2018-07-16,2018-08-06,4,SP,housewares,Northeast,3.0
base,ridge,2018-07-16,2018-08-06,4,SP,housewares,Southeast,93.0
base,ridge,2018-07-16,2018-07-16,1,SP,sports_leisure,Northeast,1.0
base,ridge,2018-07-16,2018-07-16,1,SP,sports_leisure,Southeast,64.0
base,ridge,2018-07-16,2018-07-23,2,SP,sports_leisure,Southeast,70.0
base,ridge,2018-07-16,2018-07-30,3,SP,sports_leisure,Southeast,77.0
base,ridge,2018-07-16,2018-08-06,4,SP,sports_leisure,Southeast,81.0
base,ridge,2018-07-16,2018-07-16,1,SP,telephony,Central-West,3.0
base,ridge,2018-07-16,2018-07-16,1,SP,telephony,South,6.0
base,ridge,2018-07-16,2018-07-16,1,SP,telephony,Southeast,31.0
base,ridge,2018-07-16,2018-07-23,2,SP,telephony,Central-West,4.0
base,ridge,2018-07-16,2018-07-23,2,SP,telephony,Southeast,37.0
base,ridge,2018-07-16,2018-07-30,3,SP,telephony,Central-West,5.0
base,ridge,2018-07-16,2018-07-30,3,SP,telephony,South,3.0
base,ridge,2018-07-16,2018-07-30,3,SP,telephony,Southeast,40.0
base,ridge,2018-07-16,2018-08-06,4,SP,telephony,Central-West,6.0
base,ridge,2018-07-16,2018-08-06,4,SP,telephony,South,3.0
base,ridge,2018-07-16,2018-08-06,4,SP,telephony,Southeast,40.0
base,ridge,2018-07-16,2018-07-16,1,SP,watches_gifts,Southeast,72.0
base,ridge,2018-07-16,2018-07-23,2,SP,watches_gifts,Central-West,8.0
base,ridge,2018-07-16,2018-07-23,2,SP,watches_gifts,North,2.0
base,ridge,2018-07-16,2018-07-23,2,SP,watches_gifts,Northeast,22.0
base,ridge,2018-07-16,2018-07-23,2,SP,watches_gifts,Southeast,79.0
base,ridge,2018-07-16,2018-07-30,3,SP,watches_gifts,Central-West,8.0
base,ridge,2018-07-16,2018-07-30,3,SP,watches_gifts,North,2.0
base,ridge,2018-07-16,2018-07-30,3,SP,watches_gifts,Northeast,20.0
base,ridge,2018-07-16,2018-07-30,3,SP,watches_gifts,Southeast,82.0
base,ridge,2018-07-16,2018-08-06,4,SP,watches_gifts,Central-West,8.0
base,ridge,2018-07-16,2018-08-06,4,SP,watches_gifts,North,2.0
base,ridge,2018-07-16,2018-08-06,4,SP,watches_gifts,Northeast,17.0
base,ridge,2018-07-16,2018-08-06,4,SP,watches_gifts,Southeast,80.0
base,ridge,2018-07-23,2018-07-23,1,MG,bed_bath_table,Southeast,14.0
base,ridge,2018-07-23,2018-07-30,2,MG,bed_bath_table,Northeast,14.0
base,ridge,2018-07-23,2018-08-06,3,MG,bed_bath_table,Northeast,14.0
base,ridge,2018-07-23,2018-08-13,4,MG,bed_bath_table,Northeast,14.0
base,ridge,2018-07-23,2018-07-23,1,MG,computers_accessories,Central-West,2.0
base,ridge,2018-07-23,2018-07-23,1,MG,computers_accessories,Southeast,13.0
base,ridge,2018-07-23,2018-07-30,2,MG,computers_accessories,Northeast,12.0
base,ridge,2018-07-23,2018-08-06,3,MG,computers_accessories,Northeast,12.0
base,ridge,2018-07-23,2018-08-13,4,MG,computers_accessories,Northeast,12.0
base,ridge,2018-07-23,2018-07-23,1,MG,furniture_decor,Central-West,6.0
base,ridge,2018-07-23,2018-07-23,1,MG,furniture_decor,Southeast,11.0
base,ridge,2018-07-23,2018-07-30,2,MG,furniture_decor,Central-West,6.0
base,ridge,2018-07-23,2018-07-30,2,MG,furniture_decor,Northeast,6.0
base,ridge,2018-07-23,2018-08-06,3,MG,furniture_decor,Central-West,6.0
base,ridge,2018-07-23,2018-08-06,3,MG,furniture_decor,Northeast,6.0
base,ridge,2018-07-23,2018-08-13,4,MG,furniture_decor,Central-West,6.0
base,ridge,2018-07-23,2018-08-13,4,MG,furniture_decor,Northeast,6.0
base,ridge,2018-07-23,2018-07-23,1,MG,garden_tools,Southeast,14.0
base,ridge,2018-07-23,2018-07-23,1,MG,health_beauty,Southeast,14.0
base,ridge,2018-07-23,2018-07-30,2,MG,health_beauty,Northeast,14.0
base,ridge,2018-07-23,2018-08-06,3,MG,health_beauty,Northeast,14.0
base,ridge,2018-07-23,2018-08-13,4,MG,health_beauty,Northeast,14.0
base,ridge,2018-07-23,2018-07-23,1,MG,sports_leisure,Central-West,7.0
base,ridge,2018-07-23,2018-07-23,1,MG,sports_leisure,South,4.0
base,ridge,2018-07-23,2018-07-30,2,MG,sports_leisure,Northeast,15.0
base,ridge,2018-07-23,2018-08-06,3,MG,sports_leisure,Northeast,14.0
base,ridge,2018-07-23,2018-08-13,4,MG,sports_leisure,Northeast,13.0
base,ridge,2018-07-23,2018-07-23,1,MG,telephony,Southeast,6.0
base,ridge,2018-07-23,2018-07-30,2,MG,telephony,Northeast,5.0
base,ridge,2018-07-23,2018-08-06,3,MG,telephony,Northeast,5.0
base,ridge,2018-07-23,2018-08-13,4,MG,telephony,Northeast,5.0
base,ridge,2018-07-23,2018-07-23,1,PR,auto,South,8.0
base,ridge,2018-07-23,2018-07-30,2,PR,auto,South,8.0
base,ridge,2018-07-23,2018-08-06,3,PR,auto,South,8.0
base,ridge,2018-07-23,2018-08-13,4,PR,auto,South,8.0
base,ridge,2018-07-23,2018-07-23,1,PR,furniture_decor,South,12.0
base,ridge,2018-07-23,2018-07-30,2,PR,furniture_decor,South,15.0
base,ridge,2018-07-23,2018-08-06,3,PR,furniture_decor,South,15.0
base,ridge,2018-07-23,2018-08-13,4,PR,furniture_decor,South,13.0
base,ridge,2018-07-23,2018-07-23,1,PR,garden_tools,South,2.0
base,ridge,2018-07-23,2018-07-30,2,PR,garden_tools,South,2.0
base,ridge,2018-07-23,2018-08-06,3,PR,garden_tools,South,1.0
base,ridge,2018-07-23,2018-07-23,1,PR,health_beauty,South,7.0
base,ridge,2018-07-23,2018-07-30,2,PR,health_beauty,South,16.0
base,ridge,2018-07-23,2018-08-06,3,PR,health_beauty,South,16.0
base,ridge,2018-07-23,2018-08-13,4,PR,health_beauty,South,15.0
base,ridge,2018-07-23,2018-07-23,1,PR,housewares,South,3.0
base,ridge,2018-07-23,2018-07-30,2,PR,housewares,South,17.0
base,ridge,2018-07-23,2018-08-06,3,PR,housewares,South,17.0
base,ridge,2018-07-23,2018-08-13,4,PR,housewares,South,17.0
base,ridge,2018-07-23,2018-07-23,1,PR,sports_leisure,South,2.0
base,ridge,2018-07-23,2018-07-23,1,PR,telephony,South,2.0
base,ridge,2018-07-23,2018-07-23,1,PR,watches_gifts,South,8.0
base,ridge,2018-07-23,2018-07-30,2,PR,watches_gifts,South,8.0
base,ridge,2018-07-23,2018-08-06,3,PR,watches_gifts,South,8.0
base,ridge,2018-07-23,2018-08-13,4,PR,watches_gifts,South,8.0
base,ridge,2018-07-23,2018-07-23,1,RJ,auto,Southeast,6.0
base,ridge,2018-07-23,2018-07-30,2,RJ,auto,Central-West,6.0
base,ridge,2018-07-23,2018-08-06,3,RJ,auto,Central-West,5.0
base,ridge,2018-07-23,2018-08-06,3,RJ,auto,Northeast,1.0
base,ridge,2018-07-23,2018-08-13,4,RJ,auto,Central-West,5.0
base,ridge,2018-07-23,2018-08-13,4,RJ,auto,Northeast,1.0
base,ridge,2018-07-23,2018-07-23,1,RJ,bed_bath_table,Southeast,10.0
base,ridge,2018-07-23,2018-07-30,2,RJ,bed_bath_table,South,10.0
base,ridge,2018-07-23,2018-08-06,3,RJ,bed_bath_table,South,10.0
base,ridge,2018-07-23,2018-08-13,4,RJ,bed_bath_table,South,10.0
base,ridge,2018-07-23,2018-07-23,1,RJ,computers_accessories,Southeast,3.0
base,ridge,2018-07-23,2018-07-23,1,RJ,furniture_decor,Southeast,5.0
base,ridge,2018-07-23,2018-07-30,2,RJ,furniture_decor,Northeast,5.0
base,ridge,2018-07-23,2018-08-06,3,RJ,furniture_decor,Northeast,5.0
base,ridge,2018-07-23,2018-08-13,4,RJ,furniture_decor,Northeast,5.0
base,ridge,2018-07-23,2018-07-23,1,RJ,garden_tools,Northeast,2.0
base,ridge,2018-07-23,2018-07-30,2,RJ,garden_tools,Northeast,4.0
base,ridge,2018-07-23,2018-08-06,3,RJ,garden_tools,Northeast,4.0
base,ridge,2018-07-23,2018-08-13,4,RJ,garden_tools,Northeast,4.0
base,ridge,2018-07-23,2018-07-23,1,RJ,housewares,Central-West,8.0
base,ridge,2018-07-23,2018-07-30,2,RJ,housewares,Northeast,8.0
base,ridge,2018-07-23,2018-08-06,3,RJ,housewares,Northeast,8.0
base,ridge,2018-07-23,2018-08-13,4,RJ,housewares,Northeast,8.0
base,ridge,2018-07-23,2018-07-23,1,RJ,sports_leisure,Central-West,1.0
base,ridge,2018-07-23,2018-07-23,1,RJ,sports_leisure,Southeast,11.0
base,ridge,2018-07-23,2018-07-30,2,RJ,sports_leisure,Central-West,8.0
base,ridge,2018-07-23,2018-07-30,2,RJ,sports_leisure,North,4.0
base,ridge,2018-07-23,2018-08-06,3,RJ,sports_leisure,Central-West,9.0
base,ridge,2018-07-23,2018-08-06,3,RJ,sports_leisure,North,4.0
base,ridge,2018-07-23,2018-08-13,4,RJ,sports_leisure,Central-West,9.0
base,ridge,2018-07-23,2018-08-13,4,RJ,sports_leisure,North,3.0
base,ridge,2018-07-23,2018-07-23,1,RJ,telephony,North,2.0
base,ridge,2018-07-23,2018-07-23,1,RJ,telephony,Southeast,2.0
base,ridge,2018-07-23,2018-07-30,2,RJ,telephony,North,1.0
base,ridge,2018-07-23,2018-07-30,2,RJ,telephony,Northeast,1.0
base,ridge,2018-07-23,2018-08-06,3,RJ,telephony,North,1.0
base,ridge,2018-07-23,2018-08-06,3,RJ,telephony,Northeast,1.0
base,ridge,2018-07-23,2018-08-13,4,RJ,telephony,North,1.0
base,ridge,2018-07-23,2018-08-13,4,RJ,telephony,Northeast,1.0
base,ridge,2018-07-23,2018-07-23,1,RS,auto,South,3.0
base,ridge,2018-07-23,2018-07-30,2,RS,auto,North,2.0
base,ridge,2018-07-23,2018-07-30,2,RS,auto,South,1.0
base,ridge,2018-07-23,2018-08-06,3,RS,auto,North,2.0
base,ridge,2018-07-23,2018-08-06,3,RS,auto,South,1.0
base,ridge,2018-07-23,2018-08-13,4,RS,auto,North,2.0
base,ridge,2018-07-23,2018-08-13,4,RS,auto,South,1.0
base,ridge,2018-07-23,2018-07-23,1,RS,bed_bath_table,North,1.0
base,ridge,2018-07-23,2018-07-23,1,RS,bed_bath_table,South,5.0
base,ridge,2018-07-23,2018-07-30,2,RS,bed_bath_table,North,4.0
base,ridge,2018-07-23,2018-07-30,2,RS,bed_bath_table,South,2.0
base,ridge,2018-07-23,2018-08-06,3,RS,bed_bath_table,North,5.0
base,ridge,2018-07-23,2018-08-06,3,RS,bed_bath_table,South,1.0
base,ridge,2018-07-23,2018-08-13,4,RS,bed_bath_table,North,5.0
base,ridge,2018-07-23,2018-08-13,4,RS,bed_bath_table,South,1.0
base,ridge,2018-07-23,2018-07-23,1,RS,computers_accessories,South,7.0
base,ridge,2018-07-23,2018-07-30,2,RS,computers_accessories,South,10.0
base,ridge,2018-07-23,2018-08-06,3,RS,computers_accessories,South,10.0
base,ridge,2018-07-23,2018-08-13,4,RS,computers_accessories,South,10.0
base,ridge,2018-07-23,2018-07-23,1,RS,furniture_decor,South,2.0
base,ridge,2018-07-23,2018-07-30,2,RS,furniture_decor,North,3.0
base,ridge,2018-07-23,2018-07-30,2,RS,furniture_decor,South,2.0
base,ridge,2018-07-23,2018-08-06,3,RS,furniture_decor,North,3.0
base,ridge,2018-07-23,2018-08-06,3,RS,furniture_decor,South,2.0
base,ridge,2018-07-23,2018-08-13,4,RS,furniture_decor,North,3.0
base,ridge,2018-07-23,2018-08-13,4,RS,furniture_decor,South,2.0
base,ridge,2018-07-23,2018-07-23,1,RS,garden_tools,North,1.0
base,ridge,2018-07-23,2018-07-30,2,RS,garden_tools,North,1.0
base,ridge,2018-07-23,2018-08-06,3,RS,garden_tools,North,1.0
base,ridge,2018-07-23,2018-08-13,4,RS,garden_tools,North,1.0
base,ridge,2018-07-23,2018-07-23,1,RS,health_beauty,South,8.0
base,ridge,2018-07-23,2018-07-30,2,RS,health_beauty,South,8.0
base,ridge,2018-07-23,2018-08-06,3,RS,health_beauty,South,8.0
base,ridge,2018-07-23,2018-08-13,4,RS,health_beauty,South,8.0
base,ridge,2018-07-23,2018-07-23,1,RS,housewares,South,1.0
base,ridge,2018-07-23,2018-07-30,2,RS,housewares,South,9.0
base,ridge,2018-07-23,2018-08-06,3,RS,housewares,South,7.0
base,ridge,2018-07-23,2018-08-13,4,RS,housewares,South,6.0
base,ridge,2018-07-23,2018-07-23,1,RS,sports_leisure,South,3.0
base,ridge,2018-07-23,2018-07-23,1,RS,telephony,South,5.0
base,ridge,2018-07-23,2018-07-30,2,RS,telephony,South,5.0
base,ridge,2018-07-23,2018-08-06,3,RS,telephony,South,5.0
base,ridge,2018-07-23,2018-08-13,4,RS,telephony,South,5.0
base,ridge,2018-07-23,2018-07-30,2,RS,watches_gifts,South,1.0
base,ridge,2018-07-23,2018-07-23,1,SC,bed_bath_table,South,19.0
base,ridge,2018-07-23,2018-07-30,2,SC,bed_bath_table,South,13.0
base,ridge,2018-07-23,2018-08-06,3,SC,bed_bath_table,South,15.0
base,ridge,2018-07-23,2018-08-13,4,SC,bed_bath_table,South,13.0
base,ridge,2018-07-23,2018-07-23,1,SC,computers_accessories,South,9.0
base,ridge,2018-07-23,2018-07-30,2,SC,computers_accessories,South,9.0
base,ridge,2018-07-23,2018-08-06,3,SC,computers_accessories,South,9.0
base,ridge,2018-07-23,2018-08-13,4,SC,computers_accessories,South,9.0
base,ridge,2018-07-23,2018-07-30,2,SC,furniture_decor,South,6.0
base,ridge,2018-07-23,2018-08-06,3,SC,furniture_decor,South,6.0
base,ridge,2018-07-23,2018-08-13,4,SC,furniture_decor,South,6.0
base,ridge,2018-07-23,2018-07-23,1,SC,garden_tools,Central-West,3.0
base,ridge,2018-07-23,2018-07-23,1,SC,garden_tools,South,4.0
base,ridge,2018-07-23,2018-07-30,2,SC,garden_tools,Central-West,2.0
base,ridge,2018-07-23,2018-07-30,2,SC,garden_tools,South,5.0
base,ridge,2018-07-23,2018-08-06,3,SC,garden_tools,Central-West,2.0
base,ridge,2018-07-23,2018-08-06,3,SC,garden_tools,South,6.0
base,ridge,2018-07-23,2018-08-13,4,SC,garden_tools,Central-West,2.0
base,ridge,2018-07-23,2018-08-13,4,SC,garden_tools,South,6.0
base,ridge,2018-07-23,2018-07-23,1,SC,sports_leisure,South,8.0
base,ridge,2018-07-23,2018-07-30,2,SC,sports_leisure,South,18.0
base,ridge,2018-07-23,2018-08-06,3,SC,sports_leisure,South,18.0
base,ridge,2018-07-23,2018-08-13,4,SC,sports_leisure,South,18.0
base,ridge,2018-07-23,2018-07-23,1,SC,telephony,South,1.0
base,ridge,2018-07-23,2018-07-23,1,SC,watches_gifts,South,7.0
base,ridge,2018-07-23,2018-07-30,2,SC,watches_gifts,South,9.0
base,ridge,2018-07-23,2018-08-06,3,SC,watches_gifts,South,9.0
base,ridge,2018-07-23,2018-08-13,4,SC,watches_gifts,South,9.0
base,ridge,2018-07-23,2018-07-23,1,SP,auto,Southeast,37.0
base,ridge,2018-07-23,2018-07-30,2,SP,auto,Northeast,11.0
base,ridge,2018-07-23,2018-07-30,2,SP,auto,South,6.0
base,ridge,2018-07-23,2018-07-30,2,SP,auto,Southeast,59.0
base,ridge,2018-07-23,2018-08-06,3,SP,auto,Northeast,9.0
base,ridge,2018-07-23,2018-08-06,3,SP,auto,South,5.0
base,ridge,2018-07-23,2018-08-06,3,SP,auto,Southeast,60.0
base,ridge,2018-07-23,2018-08-13,4,SP,auto,Northeast,10.0
base,ridge,2018-07-23,2018-08-13,4,SP,auto,South,4.0
base,ridge,2018-07-23,2018-08-13,4,SP,auto,Southeast,57.0
base,ridge,2018-07-23,2018-07-23,1,SP,bed_bath_table,Southeast,91.0
base,ridge,2018-07-23,2018-07-30,2,SP,bed_bath_table,Central-West,11.0
base,ridge,2018-07-23,2018-07-30,2,SP,bed_bath_table,Southeast,151.0
base,ridge,2018-07-23,2018-08-06,3,SP,bed_bath_table,Central-West,12.0
base,ridge,2018-07-23,2018-08-06,3,SP,bed_bath_table,Northeast,1.0
base,ridge,2018-07-23,2018-08-06,3,SP,bed_bath_table,Southeast,144.0
base,ridge,2018-07-23,2018-08-13,4,SP,bed_bath_table,Central-West,12.0
base,ridge,2018-07-23,2018-08-13,4,SP,bed_bath_table,Northeast,2.0
base,ridge,2018-07-23,2018-08-13,4,SP,bed_bath_table,Southeast,128.0
base,ridge,2018-07-23,2018-07-23,1,SP,computers_accessories,Southeast,60.0
base,ridge,2018-07-23,2018-07-30,2,SP,computers_accessories,Central-West,8.0
base,ridge,2018-07-23,2018-07-30,2,SP,computers_accessories,North,4.0
base,ridge,2018-07-23,2018-07-30,2,SP,computers_accessories,Southeast,77.0
base,ridge,2018-07-23,2018-08-06,3,SP,computers_accessories,Central-West,8.0
base,ridge,2018-07-23,2018-08-06,3,SP,computers_accessories,North,3.0
base,ridge,2018-07-23,2018-08-06,3,SP,computers_accessories,Southeast,79.0
base,ridge,2018-07-23,2018-08-13,4,SP,computers_accessories,Central-West,7.0
base,ridge,2018-07-23,2018-08-13,4,SP,computers_accessories,North,3.0
base,ridge,2018-07-23,2018-08-13,4,SP,computers_accessories,Southeast,76.0
base,ridge,2018-07-23,2018-07-23,1,SP,furniture_decor,Southeast,48.0
base,ridge,2018-07-23,2018-07-30,2,SP,furniture_decor,Southeast,81.0
base,ridge,2018-07-23,2018-08-06,3,SP,furniture_decor,Southeast,81.0
base,ridge,2018-07-23,2018-08-13,4,SP,furniture_decor,Southeast,79.0
base,ridge,2018-07-23,2018-07-23,1,SP,garden_tools,Northeast,3.0
base,ridge,2018-07-23,2018-07-23,1,SP,garden_tools,Southeast,26.0
base,ridge,2018-07-23,2018-07-30,2,SP,garden_tools,Northeast,1.0
base,ridge,2018-07-23,2018-07-30,2,SP,garden_tools,Southeast,45.0
base,ridge,2018-07-23,2018-08-06,3,SP,garden_tools,Northeast,1.0
base,ridge,2018-07-23,2018-08-06,3,SP,garden_tools,Southeast,47.0
base,ridge,2018-07-23,2018-08-13,4,SP,garden_tools,Northeast,1.0
base,ridge,2018-07-23,2018-08-13,4,SP,garden_tools,South,2.0
base,ridge,2018-07-23,2018-08-13,4,SP,garden_tools,Southeast,48.0
base,ridge,2018-07-23,2018-07-23,1,SP,health_beauty,Southeast,123.0
base,ridge,2018-07-23,2018-07-30,2,SP,health_beauty,Central-West,15.0
base,ridge,2018-07-23,2018-07-30,2,SP,health_beauty,North,7.0
base,ridge,2018-07-23,2018-07-30,2,SP,health_beauty,Northeast,13.0
base,ridge,2018-07-23,2018-07-30,2,SP,health_beauty,Southeast,157.0
base,ridge,2018-07-23,2018-08-06,3,SP,health_beauty,Central-West,14.0
base,ridge,2018-07-23,2018-08-06,3,SP,health_beauty,North,8.0
base,ridge,2018-07-23,2018-08-06,3,SP,health_beauty,Northeast,11.0
base,ridge,2018-07-23,2018-08-06,3,SP,health_beauty,Southeast,153.0
base,ridge,2018-07-23,2018-08-13,4,SP,health_beauty,Central-West,14.0
base,ridge,2018-07-23,2018-08-13,4,SP,health_beauty,North,9.0
base,ridge,2018-07-23,2018-08-13,4,SP,health_beauty,Northeast,12.0
base,ridge,2018-07-23,2018-08-13,4,SP,health_beauty,Southeast,142.0
base,ridge,2018-07-23,2018-07-23,1,SP,housewares,South,6.0
base,ridge,2018-07-23,2018-07-23,1,SP,housewares,Southeast,97.0
base,ridge,2018-07-23,2018-07-30,2,SP,housewares,Central-West,11.0
base,ridge,2018-07-23,2018-07-30,2,SP,housewares,North,3.0
base,ridge,2018-07-23,2018-07-30,2,SP,housewares,Northeast,2.0
base,ridge,2018-07-23,2018-07-30,2,SP,housewares,Southeast,96.0
base,ridge,2018-07-23,2018-08-06,3,SP,housewares,Central-West,11.0
base,ridge,2018-07-23,2018-08-06,3,SP,housewares,North,3.0
base,ridge,2018-07-23,2018-08-06,3,SP,housewares,Northeast,3.0
base,ridge,2018-07-23,2018-08-06,3,SP,housewares,Southeast,96.0
base,ridge,2018-07-23,2018-08-13,4,SP,housewares,Central-West,11.0
base,ridge,2018-07-23,2018-08-13,4,SP,housewares,North,3.0
base,ridge,2018-07-23,2018-08-13,4,SP,housewares,Northeast,4.0
base,ridge,2018-07-23,2018-08-13,4,SP,housewares,Southeast,91.0
base,ridge,2018-07-23,2018-07-23,1,SP,sports_leisure,Southeast,63.0
base,ridge,2018-07-23,2018-07-30,2,SP,sports_leisure,Southeast,78.0
base,ridge,2018-07-23,2018-08-06,3,SP,sports_leisure,Southeast,81.0
base,ridge,2018-07-23,2018-08-13,4,SP,sports_leisure,Southeast,79.0
base,ridge,2018-07-23,2018-07-23,1,SP,telephony,Southeast,31.0
base,ridge,2018-07-23,2018-07-30,2,SP,telephony,Central-West,9.0
base,ridge,2018-07-23,2018-07-30,2,SP,telephony,South,5.0
base,ridge,2018-07-23,2018-07-30,2,SP,telephony,Southeast,46.0
base,ridge,2018-07-23,2018-08-06,3,SP,telephony,Central-West,9.0
base,ridge,2018-07-23,2018-08-06,3,SP,telephony,South,5.0
base,ridge,2018-07-23,2018-08-06,3,SP,telephony,Southeast,44.0
base,ridge,2018-07-23,2018-08-13,4,SP,telephony,Central-West,7.0
base,ridge,2018-07-23,2018-08-13,4,SP,telephony,South,5.0
base,ridge,2018-07-23,2018-08-13,4,SP,telephony,Southeast,42.0
base,ridge,2018-07-23,2018-07-23,1,SP,watches_gifts,Central-West,9.0
base,ridge,2018-07-23,2018-07-23,1,SP,watches_gifts,Northeast,2.0
base,ridge,2018-07-23,2018-07-23,1,SP,watches_gifts,South,4.0
base,ridge,2018-07-23,2018-07-23,1,SP,watches_gifts,Southeast,96.0
base,ridge,2018-07-23,2018-07-30,2,SP,watches_gifts,Central-West,9.0
base,ridge,2018-07-23,2018-07-30,2,SP,watches_gifts,North,4.0
base,ridge,2018-07-23,2018-07-30,2,SP,watches_gifts,Northeast,19.0
base,ridge,2018-07-23,2018-07-30,2,SP,watches_gifts,Southeast,93.0
base,ridge,2018-07-23,2018-08-06,3,SP,watches_gifts,Central-West,9.0
base,ridge,2018-07-23,2018-08-06,3,SP,watches_gifts,North,3.0
base,ridge,2018-07-23,2018-08-06,3,SP,watches_gifts,Northeast,18.0
base,ridge,2018-07-23,2018-08-06,3,SP,watches_gifts,Southeast,88.0
base,ridge,2018-07-23,2018-08-13,4,SP,watches_gifts,Central-West,9.0
base,ridge,2018-07-23,2018-08-13,4,SP,watches_gifts,North,4.0
base,ridge,2018-07-23,2018-08-13,4,SP,watches_gifts,Northeast,18.0
base,ridge,2018-07-23,2018-08-13,4,SP,watches_gifts,Southeast,84.0
base,ridge,2018-07-30,2018-07-30,1,MG,bed_bath_table,Northeast,13.0
base,ridge,2018-07-30,2018-08-06,2,MG,bed_bath_table,Northeast,14.0
base,ridge,2018-07-30,2018-08-13,3,MG,bed_bath_table,Northeast,15.0
base,ridge,2018-07-30,2018-08-20,4,MG,bed_bath_table,Northeast,14.0
base,ridge,2018-07-30,2018-07-30,1,MG,computers_accessories,North,1.0
base,ridge,2018-07-30,2018-07-30,1,MG,computers_accessories,Northeast,11.0
base,ridge,2018-07-30,2018-08-06,2,MG,computers_accessories,Northeast,12.0
base,ridge,2018-07-30,2018-08-13,3,MG,computers_accessories,Northeast,12.0
base,ridge,2018-07-30,2018-08-20,4,MG,computers_accessories,Northeast,12.0
base,ridge,2018-07-30,2018-07-30,1,MG,furniture_decor,Central-West,6.0
base,ridge,2018-07-30,2018-07-30,1,MG,furniture_decor,Northeast,6.0
base,ridge,2018-07-30,2018-08-06,2,MG,furniture_decor,Central-West,6.0
base,ridge,2018-07-30,2018-08-06,2,MG,furniture_decor,Northeast,7.0
base,ridge,2018-07-30,2018-08-13,3,MG,furniture_decor,Central-West,6.0
base,ridge,2018-07-30,2018-08-13,3,MG,furniture_decor,Northeast,7.0
base,ridge,2018-07-30,2018-08-20,4,MG,furniture_decor,Central-West,7.0
base,ridge,2018-07-30,2018-08-20,4,MG,furniture_decor,Northeast,7.0
base,ridge,2018-07-30,2018-07-30,1,MG,garden_tools,Southeast,3.0
base,ridge,2018-07-30,2018-07-30,1,MG,health_beauty,Northeast,4.0
base,ridge,2018-07-30,2018-08-06,2,MG,health_beauty,Northeast,24.0
base,ridge,2018-07-30,2018-08-13,3,MG,health_beauty,Northeast,14.0
base,ridge,2018-07-30,2018-08-20,4,MG,health_beauty,Northeast,14.0
base,ridge,2018-07-30,2018-07-30,1,MG,sports_leisure,Central-West,3.0
base,ridge,2018-07-30,2018-07-30,1,MG,sports_leisure,Northeast,12.0
base,ridge,2018-07-30,2018-08-06,2,MG,sports_leisure,Northeast,12.0
base,ridge,2018-07-30,2018-08-13,3,MG,sports_leisure,Northeast,13.0
base,ridge,2018-07-30,2018-08-20,4,MG,sports_leisure,Northeast,14.0
base,ridge,2018-07-30,2018-07-30,1,MG,telephony,Northeast,5.0
base,ridge,2018-07-30,2018-08-06,2,MG,telephony,Northeast,5.0
base,ridge,2018-07-30,2018-08-13,3,MG,telephony,Northeast,5.0
base,ridge,2018-07-30,2018-08-20,4,MG,telephony,Northeast,5.0
base,ridge,2018-07-30,2018-07-30,1,PR,auto,South,8.0
base,ridge,2018-07-30,2018-08-06,2,PR,auto,South,8.0
base,ridge,2018-07-30,2018-08-13,3,PR,auto,South,8.0
base,ridge,2018-07-30,2018-08-20,4,PR,auto,South,8.0
base,ridge,2018-07-30,2018-07-30,1,PR,furniture_decor,South,15.0
base,ridge,2018-07-30,2018-08-06,2,PR,furniture_decor,South,20.0
base,ridge,2018-07-30,2018-08-13,3,PR,furniture_decor,South,17.0
base,ridge,2018-07-30,2018-08-20,4,PR,furniture_decor,South,16.0
base,ridge,2018-07-30,2018-07-30,1,PR,health_beauty,South,16.0
base,ridge,2018-07-30,2018-08-06,2,PR,health_beauty,South,14.0
base,ridge,2018-07-30,2018-08-13,3,PR,health_beauty,South,15.0
base,ridge,2018-07-30,2018-08-20,4,PR,health_beauty,South,15.0
base,ridge,2018-07-30,2018-07-30,1,PR,housewares,South,17.0
base,ridge,2018-07-30,2018-08-06,2,PR,housewares,South,17.0
base,ridge,2018-07-30,2018-08-13,3,PR,housewares,South,17.0
base,ridge,2018-07-30,2018-08-20,4,PR,housewares,South,17.0
base,ridge,2018-07-30,2018-08-06,2,PR,sports_leisure,South,3.0
base,ridge,2018-07-30,2018-08-13,3,PR,sports_leisure,South,2.0
base,ridge,2018-07-30,2018-08-20,4,PR,sports_leisure,South,2.0
base,ridge,2018-07-30,2018-07-30,1,PR,watches_gifts,South,8.0
base,ridge,2018-07-30,2018-08-06,2,PR,watches_gifts,South,8.0
base,ridge,2018-07-30,2018-08-13,3,PR,watches_gifts,South,8.0
base,ridge,2018-07-30,2018-08-20,4,PR,watches_gifts,South,8.0
base,ridge,2018-07-30,2018-07-30,1,RJ,auto,Central-West,6.0
base,ridge,2018-07-30,2018-08-06,2,RJ,auto,Central-West,6.0
base,ridge,2018-07-30,2018-08-13,3,RJ,auto,Central-West,5.0
base,ridge,2018-07-30,2018-08-13,3,RJ,auto,Northeast,1.0
base,ridge,2018-07-30,2018-08-20,4,RJ,auto,Central-West,5.0
base,ridge,2018-07-30,2018-08-20,4,RJ,auto,Northeast,1.0
base,ridge,2018-07-30,2018-07-30,1,RJ,bed_bath_table,South,10.0
base,ridge,2018-07-30,2018-08-06,2,RJ,bed_bath_table,South,10.0
base,ridge,2018-07-30,2018-08-13,3,RJ,bed_bath_table,South,10.0
base,ridge,2018-07-30,2018-08-20,4,RJ,bed_bath_table,South,10.0
base,ridge,2018-07-30,2018-07-30,1,RJ,furniture_decor,Northeast,5.0
base,ridge,2018-07-30,2018-08-06,2,RJ,furniture_decor,Northeast,5.0
base,ridge,2018-07-30,2018-08-13,3,RJ,furniture_decor,Northeast,5.0
base,ridge,2018-07-30,2018-08-20,4,RJ,furniture_decor,Northeast,5.0
base,ridge,2018-07-30,2018-07-30,1,RJ,garden_tools,Northeast,4.0
base,ridge,2018-07-30,2018-08-06,2,RJ,garden_tools,Northeast,4.0
base,ridge,2018-07-30,2018-08-13,3,RJ,garden_tools,Northeast,4.0
base,ridge,2018-07-30,2018-08-20,4,RJ,garden_tools,Northeast,4.0
base,ridge,2018-07-30,2018-07-30,1,RJ,housewares,Northeast,8.0
base,ridge,2018-07-30,2018-08-06,2,RJ,housewares,Northeast,8.0
base,ridge,2018-07-30,2018-08-13,3,RJ,housewares,Northeast,8.0
base,ridge,2018-07-30,2018-08-20,4,RJ,housewares,Northeast,8.0
base,ridge,2018-07-30,2018-07-30,1,RJ,sports_leisure,Central-West,8.0
base,ridge,2018-07-30,2018-07-30,1,RJ,sports_leisure,North,3.0
base,ridge,2018-07-30,2018-07-30,1,RJ,sports_leisure,Southeast,1.0
base,ridge,2018-07-30,2018-08-06,2,RJ,sports_leisure,Central-West,11.0
base,ridge,2018-07-30,2018-08-06,2,RJ,sports_leisure,North,5.0
base,ridge,2018-07-30,2018-08-13,3,RJ,sports_leisure,Central-West,11.0
base,ridge,2018-07-30,2018-08-13,3,RJ,sports_leisure,North,5.0
base,ridge,2018-07-30,2018-08-20,4,RJ,sports_leisure,Central-West,10.0
base,ridge,2018-07-30,2018-08-20,4,RJ,sports_leisure,North,5.0
base,ridge,2018-07-30,2018-07-30,1,RJ,telephony,North,1.0
base,ridge,2018-07-30,2018-07-30,1,RJ,telephony,Northeast,1.0
base,ridge,2018-07-30,2018-08-06,2,RJ,telephony,North,1.0
base,ridge,2018-07-30,2018-08-06,2,RJ,telephony,Northeast,5.0
base,ridge,2018-07-30,2018-08-13,3,RJ,telephony,North,1.0
base,ridge,2018-07-30,2018-08-13,3,RJ,telephony,Northeast,5.0
base,ridge,2018-07-30,2018-08-20,4,RJ,telephony,North,1.0
base,ridge,2018-07-30,2018-08-20,4,RJ,telephony,Northeast,4.0
base,ridge,2018-07-30,2018-07-30,1,RS,auto,North,3.0
base,ridge,2018-07-30,2018-08-06,2,RS,auto,North,2.0
base,ridge,2018-07-30,2018-08-06,2,RS,auto,South,1.0
base,ridge,2018-07-30,2018-08-13,3,RS,auto,North,2.0
base,ridge,2018-07-30,2018-08-13,3,RS,auto,South,1.0
base,ridge,2018-07-30,2018-08-20,4,RS,auto,North,2.0
base,ridge,2018-07-30,2018-08-20,4,RS,auto,South,1.0
base,ridge,2018-07-30,2018-07-30,1,RS,bed_bath_table,North,4.0
base,ridge,2018-07-30,2018-08-06,2,RS,bed_bath_table,North,5.0
base,ridge,2018-07-30,2018-08-06,2,RS,bed_bath_table,South,3.0
base,ridge,2018-07-30,2018-08-13,3,RS,bed_bath_table,North,6.0
base,ridge,2018-07-30,2018-08-20,4,RS,bed_bath_table,North,6.0
base,ridge,2018-07-30,2018-07-30,1,RS,computers_accessories,South,10.0
base,ridge,2018-07-30,2018-08-06,2,RS,computers_accessories,South,10.0
base,ridge,2018-07-30,2018-08-13,3,RS,computers_accessories,South,10.0
base,ridge,2018-07-30,2018-08-20,4,RS,computers_accessories,South,10.0
base,ridge,2018-07-30,2018-07-30,1,RS,furniture_decor,North,5.0
base,ridge,2018-07-30,2018-08-06,2,RS,furniture_decor,North,5.0
base,ridge,2018-07-30,2018-08-13,3,RS,furniture_decor,North,5.0
base,ridge,2018-07-30,2018-08-20,4,RS,furniture_decor,North,5.0
base,ridge,2018-07-30,2018-07-30,1,RS,garden_tools,North,1.0
base,ridge,2018-07-30,2018-08-06,2,RS,garden_tools,North,1.0
base,ridge,2018-07-30,2018-08-13,3,RS,garden_tools,North,1.0
base,ridge,2018-07-30,2018-08-20,4,RS,garden_tools,North,1.0
base,ridge,2018-07-30,2018-07-30,1,RS,health_beauty,South,7.0
base,ridge,2018-07-30,2018-08-06,2,RS,health_beauty,South,9.0
base,ridge,2018-07-30,2018-08-13,3,RS,health_beauty,South,8.0
base,ridge,2018-07-30,2018-08-20,4,RS,health_beauty,South,8.0
base,ridge,2018-07-30,2018-07-30,1,RS,housewares,South,9.0
base,ridge,2018-07-30,2018-08-06,2,RS,housewares,South,8.0
base,ridge,2018-07-30,2018-08-13,3,RS,housewares,South,7.0
base,ridge,2018-07-30,2018-08-20,4,RS,housewares,South,7.0
base,ridge,2018-07-30,2018-07-30,1,RS,telephony,South,5.0
base,ridge,2018-07-30,2018-08-06,2,RS,telephony,South,5.0
base,ridge,2018-07-30,2018-08-13,3,RS,telephony,South,5.0
base,ridge,2018-07-30,2018-08-20,4,RS,telephony,South,5.0
base,ridge,2018-07-30,2018-08-06,2,RS,watches_gifts,South,1.0
base,ridge,2018-07-30,2018-07-30,1,SC,bed_bath_table,South,13.0
base,ridge,2018-07-30,2018-08-06,2,SC,bed_bath_table,South,11.0
base,ridge,2018-07-30,2018-08-13,3,SC,bed_bath_table,South,14.0
base,ridge,2018-07-30,2018-08-20,4,SC,bed_bath_table,South,14.0
base,ridge,2018-07-30,2018-07-30,1,SC,computers_accessories,South,8.0
base,ridge,2018-07-30,2018-07-30,1,SC,computers_accessories,Southeast,1.0
base,ridge,2018-07-30,2018-08-06,2,SC,computers_accessories,South,9.0
base,ridge,2018-07-30,2018-08-13,3,SC,computers_accessories,South,9.0
base,ridge,2018-07-30,2018-08-20,4,SC,computers_accessories,South,9.0
base,ridge,2018-07-30,2018-07-30,1,SC,furniture_decor,South,6.0
base,ridge,2018-07-30,2018-08-06,2,SC,furniture_decor,South,6.0
base,ridge,2018-07-30,2018-08-13,3,SC,furniture_decor,South,6.0
base,ridge,2018-07-30,2018-08-20,4,SC,furniture_decor,South,6.0
base,ridge,2018-07-30,2018-07-30,1,SC,garden_tools,Central-West,2.0
base,ridge,2018-07-30,2018-07-30,1,SC,garden_tools,South,5.0
base,ridge,2018-07-30,2018-08-06,2,SC,garden_tools,Central-West,2.0
base,ridge,2018-07-30,2018-08-06,2,SC,garden_tools,South,6.0
base,ridge,2018-07-30,2018-08-13,3,SC,garden_tools,Central-West,2.0
base,ridge,2018-07-30,2018-08-13,3,SC,garden_tools,South,6.0
base,ridge,2018-07-30,2018-08-20,4,SC,garden_tools,Central-West,2.0
base,ridge,2018-07-30,2018-08-20,4,SC,garden_tools,South,6.0
base,ridge,2018-07-30,2018-07-30,1,SC,sports_leisure,South,18.0
base,ridge,2018-07-30,2018-08-06,2,SC,sports_leisure,South,18.0
base,ridge,2018-07-30,2018-08-13,3,SC,sports_leisure,South,18.0
base,ridge,2018-07-30,2018-08-20,4,SC,sports_leisure,South,18.0
base,ridge,2018-07-30,2018-07-30,1,SC,watches_gifts,South,7.0
base,ridge,2018-07-30,2018-08-06,2,SC,watches_gifts,South,6.0
base,ridge,2018-07-30,2018-08-13,3,SC,watches_gifts,South,8.0
base,ridge,2018-07-30,2018-08-20,4,SC,watches_gifts,South,9.0
base,ridge,2018-07-30,2018-07-30,1,SP,auto,Central-West,1.0
base,ridge,2018-07-30,2018-07-30,1,SP,auto,Northeast,3.0
base,ridge,2018-07-30,2018-07-30,1,SP,auto,South,6.0
base,ridge,2018-07-30,2018-07-30,1,SP,auto,Southeast,66.0
base,ridge,2018-07-30,2018-08-06,2,SP,auto,Northeast,11.0
base,ridge,2018-07-30,2018-08-06,2,SP,auto,South,4.0
base,ridge,2018-07-30,2018-08-06,2,SP,auto,Southeast,64.0
base,ridge,2018-07-30,2018-08-13,3,SP,auto,Northeast,10.0
base,ridge,2018-07-30,2018-08-13,3,SP,auto,South,4.0
base,ridge,2018-07-30,2018-08-13,3,SP,auto,Southeast,60.0
base,ridge,2018-07-30,2018-08-20,4,SP,auto,Northeast,11.0
base,ridge,2018-07-30,2018-08-20,4,SP,auto,South,5.0
base,ridge,2018-07-30,2018-08-20,4,SP,auto,Southeast,59.0
base,ridge,2018-07-30,2018-07-30,1,SP,bed_bath_table,Central-West,11.0
base,ridge,2018-07-30,2018-07-30,1,SP,bed_bath_table,Southeast,142.0
base,ridge,2018-07-30,2018-08-06,2,SP,bed_bath_table,Central-West,12.0
base,ridge,2018-07-30,2018-08-06,2,SP,bed_bath_table,Southeast,137.0
base,ridge,2018-07-30,2018-08-13,3,SP,bed_bath_table,Central-West,12.0
base,ridge,2018-07-30,2018-08-13,3,SP,bed_bath_table,Northeast,1.0
base,ridge,2018-07-30,2018-08-13,3,SP,bed_bath_table,Southeast,125.0
base,ridge,2018-07-30,2018-08-20,4,SP,bed_bath_table,Central-West,13.0
base,ridge,2018-07-30,2018-08-20,4,SP,bed_bath_table,Northeast,2.0
base,ridge,2018-07-30,2018-08-20,4,SP,bed_bath_table,Southeast,121.0
base,ridge,2018-07-30,2018-07-30,1,SP,computers_accessories,Central-West,8.0
base,ridge,2018-07-30,2018-07-30,1,SP,computers_accessories,North,5.0
base,ridge,2018-07-30,2018-07-30,1,SP,computers_accessories,Southeast,76.0
base,ridge,2018-07-30,2018-08-06,2,SP,computers_accessories,Central-West,8.0
base,ridge,2018-07-30,2018-08-06,2,SP,computers_accessories,North,5.0
base,ridge,2018-07-30,2018-08-06,2,SP,computers_accessories,Southeast,83.0
base,ridge,2018-07-30,2018-08-13,3,SP,computers_accessories,Central-West,7.0
base,ridge,2018-07-30,2018-08-13,3,SP,computers_accessories,North,4.0
base,ridge,2018-07-30,2018-08-13,3,SP,computers_accessories,Southeast,79.0
base,ridge,2018-07-30,2018-08-20,4,SP,computers_accessories,Central-West,8.0
base,ridge,2018-07-30,2018-08-20,4,SP,computers_accessories,North,5.0
base,ridge,2018-07-30,2018-08-20,4,SP,computers_accessories,Southeast,76.0
base,ridge,2018-07-30,2018-07-30,1,SP,furniture_decor,Southeast,81.0
base,ridge,2018-07-30,2018-08-06,2,SP,furniture_decor,Southeast,87.0
base,ridge,2018-07-30,2018-08-13,3,SP,furniture_decor,Southeast,83.0
base,ridge,2018-07-30,2018-08-20,4,SP,furniture_decor,Southeast,80.0
base,ridge,2018-07-30,2018-07-30,1,SP,garden_tools,Southeast,42.0
base,ridge,2018-07-30,2018-08-06,2,SP,garden_tools,Northeast,2.0
base,ridge,2018-07-30,2018-08-06,2,SP,garden_tools,South,2.0
base,ridge,2018-07-30,2018-08-06,2,SP,garden_tools,Southeast,51.0
base,ridge,2018-07-30,2018-08-13,3,SP,garden_tools,Northeast,2.0
base,ridge,2018-07-30,2018-08-13,3,SP,garden_tools,South,2.0
base,ridge,2018-07-30,2018-08-13,3,SP,garden_tools,Southeast,51.0
base,ridge,2018-07-30,2018-08-20,4,SP,garden_tools,Northeast,2.0
base,ridge,2018-07-30,2018-08-20,4,SP,garden_tools,South,2.0
base,ridge,2018-07-30,2018-08-20,4,SP,garden_tools,Southeast,48.0
base,ridge,2018-07-30,2018-07-30,1,SP,health_beauty,Central-West,12.0
base,ridge,2018-07-30,2018-07-30,1,SP,health_beauty,North,8.0
base,ridge,2018-07-30,2018-07-30,1,SP,health_beauty,Northeast,21.0
base,ridge,2018-07-30,2018-07-30,1,SP,health_beauty,Southeast,145.0
base,ridge,2018-07-30,2018-08-06,2,SP,health_beauty,Central-West,12.0
base,ridge,2018-07-30,2018-08-06,2,SP,health_beauty,North,9.0
base,ridge,2018-07-30,2018-08-06,2,SP,health_beauty,Southeast,145.0
base,ridge,2018-07-30,2018-08-13,3,SP,health_beauty,Central-West,13.0
base,ridge,2018-07-30,2018-08-13,3,SP,health_beauty,North,9.0
base,ridge,2018-07-30,2018-08-13,3,SP,health_beauty,Northeast,11.0
base,ridge,2018-07-30,2018-08-13,3,SP,health_beauty,Southeast,137.0
base,ridge,2018-07-30,2018-08-20,4,SP,health_beauty,Central-West,15.0
base,ridge,2018-07-30,2018-08-20,4,SP,health_beauty,North,9.0
base,ridge,2018-07-30,2018-08-20,4,SP,health_beauty,Northeast,12.0
base,ridge,2018-07-30,2018-08-20,4,SP,health_beauty,Southeast,135.0
base,ridge,2018-07-30,2018-07-30,1,SP,housewares,Central-West,9.0
base,ridge,2018-07-30,2018-07-30,1,SP,housewares,North,2.0
base,ridge,2018-07-30,2018-07-30,1,SP,housewares,Northeast,2.0
base,ridge,2018-07-30,2018-07-30,1,SP,housewares,Southeast,99.0
base,ridge,2018-07-30,2018-08-06,2,SP,housewares,Central-West,15.0
base,ridge,2018-07-30,2018-08-06,2,SP,housewares,North,3.0
base,ridge,2018-07-30,2018-08-06,2,SP,housewares,Northeast,4.0
base,ridge,2018-07-30,2018-08-06,2,SP,housewares,Southeast,107.0
base,ridge,2018-07-30,2018-08-13,3,SP,housewares,Central-West,14.0
base,ridge,2018-07-30,2018-08-13,3,SP,housewares,North,3.0
base,ridge,2018-07-30,2018-08-13,3,SP,housewares,Northeast,5.0
base,ridge,2018-07-30,2018-08-13,3,SP,housewares,Southeast,99.0
base,ridge,2018-07-30,2018-08-20,4,SP,housewares,Central-West,14.0
base,ridge,2018-07-30,2018-08-20,4,SP,housewares,North,3.0
base,ridge,2018-07-30,2018-08-20,4,SP,housewares,Northeast,4.0
base,ridge,2018-07-30,2018-08-20,4,SP,housewares,Southeast,94.0
base,ridge,2018-07-30,2018-07-30,1,SP,sports_leisure,Southeast,78.0
base,ridge,2018-07-30,2018-08-06,2,SP,sports_leisure,Southeast,89.0
base,ridge,2018-07-30,2018-08-13,3,SP,sports_leisure,Southeast,85.0
base,ridge,2018-07-30,2018-08-20,4,SP,sports_leisure,Southeast,81.0
base,ridge,2018-07-30,2018-07-30,1,SP,telephony,Central-West,8.0
base,ridge,2018-07-30,2018-07-30,1,SP,telephony,Northeast,8.0
base,ridge,2018-07-30,2018-07-30,1,SP,telephony,Southeast,44.0
base,ridge,2018-07-30,2018-08-06,2,SP,telephony,Central-West,8.0
base,ridge,2018-07-30,2018-08-06,2,SP,telephony,Northeast,1.0
base,ridge,2018-07-30,2018-08-06,2,SP,telephony,South,4.0
base,ridge,2018-07-30,2018-08-06,2,SP,telephony,Southeast,43.0
base,ridge,2018-07-30,2018-08-13,3,SP,telephony,Central-West,7.0
base,ridge,2018-07-30,2018-08-13,3,SP,telephony,South,5.0
base,ridge,2018-07-30,2018-08-13,3,SP,telephony,Southeast,41.0
base,ridge,2018-07-30,2018-08-20,4,SP,telephony,Central-West,7.0
base,ridge,2018-07-30,2018-08-20,4,SP,telephony,South,5.0
base,ridge,2018-07-30,2018-08-20,4,SP,telephony,Southeast,42.0
base,ridge,2018-07-30,2018-07-30,1,SP,watches_gifts,Central-West,11.0
base,ridge,2018-07-30,2018-07-30,1,SP,watches_gifts,North,5.0
base,ridge,2018-07-30,2018-07-30,1,SP,watches_gifts,Northeast,22.0
base,ridge,2018-07-30,2018-07-30,1,SP,watches_gifts,Southeast,84.0
base,ridge,2018-07-30,2018-08-06,2,SP,watches_gifts,Central-West,10.0
base,ridge,2018-07-30,2018-08-06,2,SP,watches_gifts,North,5.0
base,ridge,2018-07-30,2018-08-06,2,SP,watches_gifts,Northeast,19.0
base,ridge,2018-07-30,2018-08-06,2,SP,watches_gifts,Southeast,82.0
base,ridge,2018-07-30,2018-08-13,3,SP,watches_gifts,Central-West,10.0
base,ridge,2018-07-30,2018-08-13,3,SP,watches_gifts,North,5.0
base,ridge,2018-07-30,2018-08-13,3,SP,watches_gifts,Northeast,19.0
base,ridge,2018-07-30,2018-08-13,3,SP,watches_gifts,Southeast,80.0
base,ridge,2018-07-30,2018-08-20,4,SP,watches_gifts,Central-West,10.0
base,ridge,2018-07-30,2018-08-20,4,SP,watches_gifts,North,5.0
base,ridge,2018-07-30,2018-08-20,4,SP,watches_gifts,Northeast,20.0
base,ridge,2018-07-30,2018-08-20,4,SP,watches_gifts,Southeast,82.0
base,ridge,2018-08-06,2018-08-06,1,MG,bed_bath_table,Central-West,10.0
base,ridge,2018-08-06,2018-08-06,1,MG,bed_bath_table,Southeast,4.0
base,ridge,2018-08-06,2018-08-13,2,MG,bed_bath_table,Northeast,14.0
base,ridge,2018-08-06,2018-08-20,3,MG,bed_bath_table,Northeast,14.0
base,ridge,2018-08-06,2018-08-27,4,MG,bed_bath_table,Northeast,14.0
base,ridge,2018-08-06,2018-08-06,1,MG,computers_accessories,Northeast,12.0
base,ridge,2018-08-06,2018-08-13,2,MG,computers_accessories,Northeast,13.0
base,ridge,2018-08-06,2018-08-20,3,MG,computers_accessories,Northeast,13.0
base,ridge,2018-08-06,2018-08-27,4,MG,computers_accessories,Northeast,13.0
base,ridge,2018-08-06,2018-08-06,1,MG,furniture_decor,Central-West,7.0
base,ridge,2018-08-06,2018-08-06,1,MG,furniture_decor,Northeast,6.0
base,ridge,2018-08-06,2018-08-13,2,MG,furniture_decor,Central-West,7.0
base,ridge,2018-08-06,2018-08-13,2,MG,furniture_decor,Northeast,7.0
base,ridge,2018-08-06,2018-08-20,3,MG,furniture_decor,Central-West,7.0
base,ridge,2018-08-06,2018-08-20,3,MG,furniture_decor,Northeast,7.0
base,ridge,2018-08-06,2018-08-27,4,MG,furniture_decor,Central-West,7.0
base,ridge,2018-08-06,2018-08-27,4,MG,furniture_decor,Northeast,8.0
base,ridge,2018-08-06,2018-08-06,1,MG,garden_tools,Southeast,3.0
base,ridge,2018-08-06,2018-08-06,1,MG,health_beauty,Central-West,6.0
base,ridge,2018-08-06,2018-08-06,1,MG,health_beauty,Northeast,8.0
base,ridge,2018-08-06,2018-08-13,2,MG,health_beauty,Northeast,14.0
base,ridge,2018-08-06,2018-08-20,3,MG,health_beauty,Northeast,14.0
base,ridge,2018-08-06,2018-08-27,4,MG,health_beauty,Northeast,14.0
base,ridge,2018-08-06,2018-08-06,1,MG,sports_leisure,Northeast,12.0
base,ridge,2018-08-06,2018-08-13,2,MG,sports_leisure,Northeast,14.0
base,ridge,2018-08-06,2018-08-20,3,MG,sports_leisure,Northeast,16.0
base,ridge,2018-08-06,2018-08-27,4,MG,sports_leisure,Northeast,16.0
base,ridge,2018-08-06,2018-08-06,1,MG,telephony,Northeast,5.0
base,ridge,2018-08-06,2018-08-13,2,MG,telephony,Northeast,5.0
base,ridge,2018-08-06,2018-08-20,3,MG,telephony,Northeast,5.0
base,ridge,2018-08-06,2018-08-27,4,MG,telephony,Northeast,5.0
base,ridge,2018-08-06,2018-08-06,1,PR,auto,South,8.0
base,ridge,2018-08-06,2018-08-13,2,PR,auto,South,8.0
base,ridge,2018-08-06,2018-08-20,3,PR,auto,South,8.0
base,ridge,2018-08-06,2018-08-27,4,PR,auto,South,8.0
base,ridge,2018-08-06,2018-08-06,1,PR,furniture_decor,South,20.0
base,ridge,2018-08-06,2018-08-13,2,PR,furniture_decor,South,15.0
base,ridge,2018-08-06,2018-08-20,3,PR,furniture_decor,South,15.0
base,ridge,2018-08-06,2018-08-27,4,PR,furniture_decor,South,17.0
base,ridge,2018-08-06,2018-08-06,1,PR,health_beauty,South,14.0
base,ridge,2018-08-06,2018-08-13,2,PR,health_beauty,South,16.0
base,ridge,2018-08-06,2018-08-20,3,PR,health_beauty,South,16.0
base,ridge,2018-08-06,2018-08-27,4,PR,health_beauty,South,16.0
base,ridge,2018-08-06,2018-08-06,1,PR,housewares,South,17.0
base,ridge,2018-08-06,2018-08-13,2,PR,housewares,South,17.0
base,ridge,2018-08-06,2018-08-20,3,PR,housewares,South,17.0
base,ridge,2018-08-06,2018-08-27,4,PR,housewares,South,17.0
base,ridge,2018-08-06,2018-08-06,1,PR,sports_leisure,South,2.0
base,ridge,2018-08-06,2018-08-06,1,PR,sports_leisure,Southeast,1.0
base,ridge,2018-08-06,2018-08-13,2,PR,sports_leisure,South,1.0
base,ridge,2018-08-06,2018-08-20,3,PR,sports_leisure,South,2.0
base,ridge,2018-08-06,2018-08-27,4,PR,sports_leisure,South,2.0
base,ridge,2018-08-06,2018-08-06,1,PR,watches_gifts,South,8.0
base,ridge,2018-08-06,2018-08-13,2,PR,watches_gifts,South,8.0
base,ridge,2018-08-06,2018-08-20,3,PR,watches_gifts,South,8.0
base,ridge,2018-08-06,2018-08-27,4,PR,watches_gifts,South,8.0
base,ridge,2018-08-06,2018-08-06,1,RJ,auto,Central-West,6.0
base,ridge,2018-08-06,2018-08-13,2,RJ,auto,Central-West,5.0
base,ridge,2018-08-06,2018-08-13,2,RJ,auto,Northeast,1.0
base,ridge,2018-08-06,2018-08-20,3,RJ,auto,Central-West,5.0
base,ridge,2018-08-06,2018-08-20,3,RJ,auto,Northeast,1.0
base,ridge,2018-08-06,2018-08-27,4,RJ,auto,Central-West,6.0
base,ridge,2018-08-06,2018-08-06,1,RJ,bed_bath_table,South,2.0
base,ridge,2018-08-06,2018-08-06,1,RJ,bed_bath_table,Southeast,8.0
base,ridge,2018-08-06,2018-08-13,2,RJ,bed_bath_table,South,10.0
base,ridge,2018-08-06,2018-08-20,3,RJ,bed_bath_table,South,10.0
base,ridge,2018-08-06,2018-08-27,4,RJ,bed_bath_table,South,10.0
base,ridge,2018-08-06,2018-08-06,1,RJ,furniture_decor,Northeast,5.0
base,ridge,2018-08-06,2018-08-13,2,RJ,furniture_decor,Northeast,5.0
base,ridge,2018-08-06,2018-08-20,3,RJ,furniture_decor,Northeast,5.0
base,ridge,2018-08-06,2018-08-27,4,RJ,furniture_decor,Northeast,5.0
base,ridge,2018-08-06,2018-08-06,1,RJ,garden_tools,Northeast,5.0
base,ridge,2018-08-06,2018-08-13,2,RJ,garden_tools,Northeast,4.0
base,ridge,2018-08-06,2018-08-20,3,RJ,garden_tools,Northeast,4.0
base,ridge,2018-08-06,2018-08-27,4,RJ,garden_tools,Northeast,4.0
base,ridge,2018-08-06,2018-08-06,1,RJ,housewares,Northeast,8.0
base,ridge,2018-08-06,2018-08-13,2,RJ,housewares,Northeast,8.0
base,ridge,2018-08-06,2018-08-20,3,RJ,housewares,Northeast,8.0
base,ridge,2018-08-06,2018-08-27,4,RJ,housewares,Northeast,8.0
base,ridge,2018-08-06,2018-08-06,1,RJ,sports_leisure,Central-West,12.0
base,ridge,2018-08-06,2018-08-06,1,RJ,sports_leisure,Southeast,4.0
base,ridge,2018-08-06,2018-08-13,2,RJ,sports_leisure,Central-West,11.0
base,ridge,2018-08-06,2018-08-13,2,RJ,sports_leisure,North,5.0
base,ridge,2018-08-06,2018-08-20,3,RJ,sports_leisure,Central-West,11.0
base,ridge,2018-08-06,2018-08-20,3,RJ,sports_leisure,North,5.0
base,ridge,2018-08-06,2018-08-27,4,RJ,sports_leisure,Central-West,11.0
base,ridge,2018-08-06,2018-08-27,4,RJ,sports_leisure,North,6.0
base,ridge,2018-08-06,2018-08-06,1,RJ,telephony,North,1.0
base,ridge,2018-08-06,2018-08-06,1,RJ,telephony,Northeast,5.0
base,ridge,2018-08-06,2018-08-13,2,RJ,telephony,North,1.0
base,ridge,2018-08-06,2018-08-13,2,RJ,telephony,Northeast,5.0
base,ridge,2018-08-06,2018-08-20,3,RJ,telephony,North,2.0
base,ridge,2018-08-06,2018-08-20,3,RJ,telephony,Northeast,4.0
base,ridge,2018-08-06,2018-08-27,4,RJ,telephony,North,2.0
base,ridge,2018-08-06,2018-08-27,4,RJ,telephony,Northeast,4.0
base,ridge,2018-08-06,2018-08-06,1,RS,auto,North,2.0
base,ridge,2018-08-06,2018-08-06,1,RS,auto,South,1.0
base,ridge,2018-08-06,2018-08-13,2,RS,auto,North,2.0
base,ridge,2018-08-06,2018-08-13,2,RS,auto,South,1.0
base,ridge,2018-08-06,2018-08-20,3,RS,auto,North,3.0
base,ridge,2018-08-06,2018-08-27,4,RS,auto,North,3.0
base,ridge,2018-08-06,2018-08-06,1,RS,bed_bath_table,North,4.0
base,ridge,2018-08-06,2018-08-06,1,RS,bed_bath_table,South,2.0
base,ridge,2018-08-06,2018-08-13,2,RS,bed_bath_table,North,5.0
base,ridge,2018-08-06,2018-08-20,3,RS,bed_bath_table,North,6.0
base,ridge,2018-08-06,2018-08-27,4,RS,bed_bath_table,North,7.0
base,ridge,2018-08-06,2018-08-06,1,RS,computers_accessories,South,10.0
base,ridge,2018-08-06,2018-08-13,2,RS,computers_accessories,South,9.0
base,ridge,2018-08-06,2018-08-20,3,RS,computers_accessories,South,10.0
base,ridge,2018-08-06,2018-08-27,4,RS,computers_accessories,South,11.0
base,ridge,2018-08-06,2018-08-06,1,RS,furniture_decor,North,3.0
base,ridge,2018-08-06,2018-08-06,1,RS,furniture_decor,South,2.0
base,ridge,2018-08-06,2018-08-13,2,RS,furniture_decor,North,3.0
base,ridge,2018-08-06,2018-08-13,2,RS,furniture_decor,South,2.0
base,ridge,2018-08-06,2018-08-20,3,RS,furniture_decor,North,4.0
base,ridge,2018-08-06,2018-08-20,3,RS,furniture_decor,South,1.0
base,ridge,2018-08-06,2018-08-27,4,RS,furniture_decor,North,5.0
base,ridge,2018-08-06,2018-08-06,1,RS,garden_tools,North,1.0
base,ridge,2018-08-06,2018-08-13,2,RS,garden_tools,North,1.0
base,ridge,2018-08-06,2018-08-20,3,RS,garden_tools,North,1.0
base,ridge,2018-08-06,2018-08-27,4,RS,garden_tools,North,1.0
base,ridge,2018-08-06,2018-08-06,1,RS,health_beauty,South,8.0
base,ridge,2018-08-06,2018-08-13,2,RS,health_beauty,South,8.0
base,ridge,2018-08-06,2018-08-20,3,RS,health_beauty,South,8.0
base,ridge,2018-08-06,2018-08-27,4,RS,health_beauty,South,8.0
base,ridge,2018-08-06,2018-08-06,1,RS,housewares,South,8.0
base,ridge,2018-08-06,2018-08-13,2,RS,housewares,South,11.0
base,ridge,2018-08-06,2018-08-20,3,RS,housewares,South,10.0
base,ridge,2018-08-06,2018-08-27,4,RS,housewares,South,10.0
base,ridge,2018-08-06,2018-08-06,1,RS,telephony,South,5.0
base,ridge,2018-08-06,2018-08-13,2,RS,telephony,South,5.0
base,ridge,2018-08-06,2018-08-20,3,RS,telephony,South,5.0
base,ridge,2018-08-06,2018-08-27,4,RS,telephony,South,5.0
base,ridge,2018-08-06,2018-08-13,2,RS,watches_gifts,South,1.0
base,ridge,2018-08-06,2018-08-20,3,RS,watches_gifts,South,2.0
base,ridge,2018-08-06,2018-08-27,4,RS,watches_gifts,South,2.0
base,ridge,2018-08-06,2018-08-06,1,SC,bed_bath_table,South,17.0
base,ridge,2018-08-06,2018-08-13,2,SC,bed_bath_table,South,12.0
base,ridge,2018-08-06,2018-08-20,3,SC,bed_bath_table,South,13.0
base,ridge,2018-08-06,2018-08-27,4,SC,bed_bath_table,South,14.0
base,ridge,2018-08-06,2018-08-06,1,SC,computers_accessories,South,7.0
base,ridge,2018-08-06,2018-08-06,1,SC,computers_accessories,Southeast,2.0
base,ridge,2018-08-06,2018-08-13,2,SC,computers_accessories,South,9.0
base,ridge,2018-08-06,2018-08-20,3,SC,computers_accessories,South,9.0
base,ridge,2018-08-06,2018-08-27,4,SC,computers_accessories,South,9.0
base,ridge,2018-08-06,2018-08-06,1,SC,furniture_decor,South,2.0
base,ridge,2018-08-06,2018-08-06,1,SC,furniture_decor,Southeast,4.0
base,ridge,2018-08-06,2018-08-13,2,SC,furniture_decor,South,6.0
base,ridge,2018-08-06,2018-08-20,3,SC,furniture_decor,South,6.0
base,ridge,2018-08-06,2018-08-27,4,SC,furniture_decor,South,6.0
base,ridge,2018-08-06,2018-08-06,1,SC,garden_tools,Central-West,2.0
base,ridge,2018-08-06,2018-08-06,1,SC,garden_tools,South,7.0
base,ridge,2018-08-06,2018-08-13,2,SC,garden_tools,Central-West,3.0
base,ridge,2018-08-06,2018-08-13,2,SC,garden_tools,South,6.0
base,ridge,2018-08-06,2018-08-20,3,SC,garden_tools,Central-West,3.0
base,ridge,2018-08-06,2018-08-20,3,SC,garden_tools,South,5.0
base,ridge,2018-08-06,2018-08-27,4,SC,garden_tools,Central-West,3.0
base,ridge,2018-08-06,2018-08-27,4,SC,garden_tools,South,5.0
base,ridge,2018-08-06,2018-08-06,1,SC,sports_leisure,South,18.0
base,ridge,2018-08-06,2018-08-13,2,SC,sports_leisure,South,18.0
base,ridge,2018-08-06,2018-08-20,3,SC,sports_leisure,South,18.0
base,ridge,2018-08-06,2018-08-27,4,SC,sports_leisure,South,18.0
base,ridge,2018-08-06,2018-08-13,2,SC,watches_gifts,South,9.0
base,ridge,2018-08-06,2018-08-20,3,SC,watches_gifts,South,9.0
base,ridge,2018-08-06,2018-08-27,4,SC,watches_gifts,South,9.0
base,ridge,2018-08-06,2018-08-06,1,SP,auto,Northeast,3.0
base,ridge,2018-08-06,2018-08-06,1,SP,auto,South,5.0
base,ridge,2018-08-06,2018-08-06,1,SP,auto,Southeast,71.0
base,ridge,2018-08-06,2018-08-13,2,SP,auto,Northeast,12.0
base,ridge,2018-08-06,2018-08-13,2,SP,auto,South,5.0
base,ridge,2018-08-06,2018-08-13,2,SP,auto,Southeast,65.0
base,ridge,2018-08-06,2018-08-20,3,SP,auto,Northeast,12.0
base,ridge,2018-08-06,2018-08-20,3,SP,auto,South,6.0
base,ridge,2018-08-06,2018-08-20,3,SP,auto,Southeast,62.0
base,ridge,2018-08-06,2018-08-27,4,SP,auto,Northeast,14.0
base,ridge,2018-08-06,2018-08-27,4,SP,auto,South,7.0
base,ridge,2018-08-06,2018-08-27,4,SP,auto,Southeast,63.0
base,ridge,2018-08-06,2018-08-06,1,SP,bed_bath_table,Southeast,140.0
base,ridge,2018-08-06,2018-08-13,2,SP,bed_bath_table,Central-West,12.0
base,ridge,2018-08-06,2018-08-13,2,SP,bed_bath_table,Northeast,2.0
base,ridge,2018-08-06,2018-08-13,2,SP,bed_bath_table,Southeast,144.0
base,ridge,2018-08-06,2018-08-20,3,SP,bed_bath_table,Central-West,13.0
base,ridge,2018-08-06,2018-08-20,3,SP,bed_bath_table,Northeast,2.0
base,ridge,2018-08-06,2018-08-20,3,SP,bed_bath_table,Southeast,133.0
base,ridge,2018-08-06,2018-08-27,4,SP,bed_bath_table,Central-West,14.0
base,ridge,2018-08-06,2018-08-27,4,SP,bed_bath_table,Northeast,2.0
base,ridge,2018-08-06,2018-08-27,4,SP,bed_bath_table,Southeast,130.0
base,ridge,2018-08-06,2018-08-06,1,SP,computers_accessories,Central-West,9.0
base,ridge,2018-08-06,2018-08-06,1,SP,computers_accessories,Southeast,87.0
base,ridge,2018-08-06,2018-08-13,2,SP,computers_accessories,Central-West,8.0
base,ridge,2018-08-06,2018-08-13,2,SP,computers_accessories,North,7.0
base,ridge,2018-08-06,2018-08-13,2,SP,computers_accessories,Southeast,93.0
base,ridge,2018-08-06,2018-08-20,3,SP,computers_accessories,Central-West,8.0
base,ridge,2018-08-06,2018-08-20,3,SP,computers_accessories,North,6.0
base,ridge,2018-08-06,2018-08-20,3,SP,computers_accessories,Southeast,85.0
base,ridge,2018-08-06,2018-08-27,4,SP,computers_accessories,Central-West,9.0
base,ridge,2018-08-06,2018-08-27,4,SP,computers_accessories,North,7.0
base,ridge,2018-08-06,2018-08-27,4,SP,computers_accessories,Southeast,83.0
base,ridge,2018-08-06,2018-08-06,1,SP,furniture_decor,Southeast,87.0
base,ridge,2018-08-06,2018-08-13,2,SP,furniture_decor,Southeast,96.0
base,ridge,2018-08-06,2018-08-20,3,SP,furniture_decor,Southeast,88.0
base,ridge,2018-08-06,2018-08-27,4,SP,furniture_decor,Southeast,86.0
base,ridge,2018-08-06,2018-08-06,1,SP,garden_tools,Southeast,41.0
base,ridge,2018-08-06,2018-08-13,2,SP,garden_tools,Northeast,1.0
base,ridge,2018-08-06,2018-08-13,2,SP,garden_tools,South,2.0
base,ridge,2018-08-06,2018-08-13,2,SP,garden_tools,Southeast,46.0
base,ridge,2018-08-06,2018-08-20,3,SP,garden_tools,Northeast,2.0
base,ridge,2018-08-06,2018-08-20,3,SP,garden_tools,South,2.0
base,ridge,2018-08-06,2018-08-20,3,SP,garden_tools,Southeast,46.0
base,ridge,2018-08-06,2018-08-27,4,SP,garden_tools,Northeast,2.0
base,ridge,2018-08-06,2018-08-27,4,SP,garden_tools,South,3.0
base,ridge,2018-08-06,2018-08-27,4,SP,garden_tools,Southeast,48.0
base,ridge,2018-08-06,2018-08-06,1,SP,health_beauty,Southeast,160.0
base,ridge,2018-08-06,2018-08-13,2,SP,health_beauty,Central-West,16.0
base,ridge,2018-08-06,2018-08-13,2,SP,health_beauty,North,11.0
base,ridge,2018-08-06,2018-08-13,2,SP,health_beauty,Northeast,13.0
base,ridge,2018-08-06,2018-08-13,2,SP,health_beauty,Southeast,152.0
base,ridge,2018-08-06,2018-08-20,3,SP,health_beauty,Central-West,16.0
base,ridge,2018-08-06,2018-08-20,3,SP,health_beauty,North,11.0
base,ridge,2018-08-06,2018-08-20,3,SP,health_beauty,Northeast,14.0
base,ridge,2018-08-06,2018-08-20,3,SP,health_beauty,Southeast,145.0
base,ridge,2018-08-06,2018-08-27,4,SP,health_beauty,Central-West,17.0
base,ridge,2018-08-06,2018-08-27,4,SP,health_beauty,North,11.0
base,ridge,2018-08-06,2018-08-27,4,SP,health_beauty,Northeast,14.0
base,ridge,2018-08-06,2018-08-27,4,SP,health_beauty,Southeast,139.0
base,ridge,2018-08-06,2018-08-06,1,SP,housewares,Central-West,17.0
base,ridge,2018-08-06,2018-08-06,1,SP,housewares,Southeast,112.0
base,ridge,2018-08-06,2018-08-13,2,SP,housewares,Central-West,16.0
base,ridge,2018-08-06,2018-08-13,2,SP,housewares,North,5.0
base,ridge,2018-08-06,2018-08-13,2,SP,housewares,Northeast,5.0
base,ridge,2018-08-06,2018-08-13,2,SP,housewares,Southeast,114.0
base,ridge,2018-08-06,2018-08-20,3,SP,housewares,Central-West,15.0
base,ridge,2018-08-06,2018-08-20,3,SP,housewares,North,5.0
base,ridge,2018-08-06,2018-08-20,3,SP,housewares,Northeast,5.0
base,ridge,2018-08-06,2018-08-20,3,SP,housewares,Southeast,103.0
base,ridge,2018-08-06,2018-08-27,4,SP,housewares,Central-West,16.0
base,ridge,2018-08-06,2018-08-27,4,SP,housewares,North,5.0
base,ridge,2018-08-06,2018-08-27,4,SP,housewares,Northeast,4.0
base,ridge,2018-08-06,2018-08-27,4,SP,housewares,Southeast,101.0
base,ridge,2018-08-06,2018-08-06,1,SP,sports_leisure,Southeast,89.0
base,ridge,2018-08-06,2018-08-13,2,SP,sports_leisure,Southeast,94.0
base,ridge,2018-08-06,2018-08-20,3,SP,sports_leisure,Southeast,88.0
base,ridge,2018-08-06,2018-08-27,4,SP,sports_leisure,Southeast,85.0
base,ridge,2018-08-06,2018-08-06,1,SP,telephony,Central-West,10.0
base,ridge,2018-08-06,2018-08-06,1,SP,telephony,Southeast,46.0
base,ridge,2018-08-06,2018-08-13,2,SP,telephony,Central-West,8.0
base,ridge,2018-08-06,2018-08-13,2,SP,telephony,Northeast,2.0
base,ridge,2018-08-06,2018-08-13,2,SP,telephony,South,7.0
base,ridge,2018-08-06,2018-08-13,2,SP,telephony,Southeast,54.0
base,ridge,2018-08-06,2018-08-20,3,SP,telephony,Central-West,8.0
base,ridge,2018-08-06,2018-08-20,3,SP,telephony,Northeast,2.0
base,ridge,2018-08-06,2018-08-20,3,SP,telephony,South,7.0
base,ridge,2018-08-06,2018-08-20,3,SP,telephony,Southeast,50.0
base,ridge,2018-08-06,2018-08-27,4,SP,telephony,Central-West,8.0
base,ridge,2018-08-06,2018-08-27,4,SP,telephony,Northeast,3.0
base,ridge,2018-08-06,2018-08-27,4,SP,telephony,South,7.0
base,ridge,2018-08-06,2018-08-27,4,SP,telephony,Southeast,50.0
base,ridge,2018-08-06,2018-08-06,1,SP,watches_gifts,Central-West,11.0
base,ridge,2018-08-06,2018-08-06,1,SP,watches_gifts,Northeast,10.0
base,ridge,2018-08-06,2018-08-06,1,SP,watches_gifts,South,5.0
base,ridge,2018-08-06,2018-08-06,1,SP,watches_gifts,Southeast,81.0
base,ridge,2018-08-06,2018-08-13,2,SP,watches_gifts,Central-West,11.0
base,ridge,2018-08-06,2018-08-13,2,SP,watches_gifts,North,5.0
base,ridge,2018-08-06,2018-08-13,2,SP,watches_gifts,Northeast,23.0
base,ridge,2018-08-06,2018-08-13,2,SP,watches_gifts,Southeast,93.0
base,ridge,2018-08-06,2018-08-20,3,SP,watches_gifts,Central-West,11.0
base,ridge,2018-08-06,2018-08-20,3,SP,watches_gifts,North,5.0
base,ridge,2018-08-06,2018-08-20,3,SP,watches_gifts,Northeast,23.0
base,ridge,2018-08-06,2018-08-20,3,SP,watches_gifts,Southeast,90.0
base,ridge,2018-08-06,2018-08-27,4,SP,watches_gifts,Central-West,11.0
base,ridge,2018-08-06,2018-08-27,4,SP,watches_gifts,North,6.0
base,ridge,2018-08-06,2018-08-27,4,SP,watches_gifts,Northeast,24.0
base,ridge,2018-08-06,2018-08-27,4,SP,watches_gifts,Southeast,90.0
base,ridge,2018-08-13,2018-08-13,1,MG,bed_bath_table,Central-West,1.0
base,ridge,2018-08-13,2018-08-13,1,MG,bed_bath_table,Northeast,13.0
base,ridge,2018-08-13,2018-08-20,2,MG,bed_bath_table,Northeast,14.0
base,ridge,2018-08-13,2018-08-27,3,MG,bed_bath_table,Northeast,14.0
base,ridge,2018-08-13,2018-09-03,4,MG,bed_bath_table,Northeast,14.0
base,ridge,2018-08-13,2018-08-13,1,MG,computers_accessories,North,2.0
base,ridge,2018-08-13,2018-08-13,1,MG,computers_accessories,Northeast,10.0
base,ridge,2018-08-13,2018-08-20,2,MG,computers_accessories,Northeast,11.0
base,ridge,2018-08-13,2018-08-27,3,MG,computers_accessories,Northeast,12.0
base,ridge,2018-08-13,2018-09-03,4,MG,computers_accessories,Northeast,13.0
base,ridge,2018-08-13,2018-08-13,1,MG,furniture_decor,Central-West,6.0
base,ridge,2018-08-13,2018-08-13,1,MG,furniture_decor,Northeast,8.0
base,ridge,2018-08-13,2018-08-20,2,MG,furniture_decor,Central-West,7.0
base,ridge,2018-08-13,2018-08-20,2,MG,furniture_decor,Northeast,6.0
base,ridge,2018-08-13,2018-08-27,3,MG,furniture_decor,Central-West,7.0
base,ridge,2018-08-13,2018-08-27,3,MG,furniture_decor,Northeast,7.0
base,ridge,2018-08-13,2018-09-03,4,MG,furniture_decor,Central-West,8.0
base,ridge,2018-08-13,2018-09-03,4,MG,furniture_decor,Northeast,8.0
base,ridge,2018-08-13,2018-08-13,1,MG,garden_tools,Southeast,3.0
base,ridge,2018-08-13,2018-08-13,1,MG,health_beauty,Northeast,14.0
base,ridge,2018-08-13,2018-08-20,2,MG,health_beauty,Northeast,14.0
base,ridge,2018-08-13,2018-08-27,3,MG,health_beauty,Northeast,14.0
base,ridge,2018-08-13,2018-09-03,4,MG,health_beauty,Northeast,14.0
base,ridge,2018-08-13,2018-08-13,1,MG,sports_leisure,Northeast,13.0
base,ridge,2018-08-13,2018-08-13,1,MG,sports_leisure,South,2.0
base,ridge,2018-08-13,2018-08-20,2,MG,sports_leisure,Northeast,15.0
base,ridge,2018-08-13,2018-08-27,3,MG,sports_leisure,Northeast,16.0
base,ridge,2018-08-13,2018-09-03,4,MG,sports_leisure,Northeast,17.0
base,ridge,2018-08-13,2018-08-13,1,MG,telephony,Northeast,5.0
base,ridge,2018-08-13,2018-08-20,2,MG,telephony,Northeast,5.0
base,ridge,2018-08-13,2018-08-27,3,MG,telephony,Northeast,5.0
base,ridge,2018-08-13,2018-09-03,4,MG,telephony,Northeast,5.0
base,ridge,2018-08-13,2018-08-13,1,PR,auto,South,8.0
base,ridge,2018-08-13,2018-08-20,2,PR,auto,South,8.0
base,ridge,2018-08-13,2018-08-27,3,PR,auto,South,8.0
base,ridge,2018-08-13,2018-09-03,4,PR,auto,South,8.0
base,ridge,2018-08-13,2018-08-13,1,PR,furniture_decor,South,15.0
base,ridge,2018-08-13,2018-08-20,2,PR,furniture_decor,South,30.0
base,ridge,2018-08-13,2018-08-27,3,PR,furniture_decor,South,27.0
base,ridge,2018-08-13,2018-09-03,4,PR,furniture_decor,South,26.0
base,ridge,2018-08-13,2018-08-13,1,PR,health_beauty,South,16.0
base,ridge,2018-08-13,2018-08-20,2,PR,health_beauty,South,19.0
base,ridge,2018-08-13,2018-08-27,3,PR,health_beauty,South,18.0
base,ridge,2018-08-13,2018-09-03,4,PR,health_beauty,South,19.0
base,ridge,2018-08-13,2018-08-13,1,PR,housewares,South,17.0
base,ridge,2018-08-13,2018-08-20,2,PR,housewares,South,17.0
base,ridge,2018-08-13,2018-08-27,3,PR,housewares,South,17.0
base,ridge,2018-08-13,2018-09-03,4,PR,housewares,South,17.0
base,ridge,2018-08-13,2018-08-13,1,PR,sports_leisure,South,1.0
base,ridge,2018-08-13,2018-08-20,2,PR,sports_leisure,South,6.0
base,ridge,2018-08-13,2018-08-27,3,PR,sports_leisure,South,5.0
base,ridge,2018-08-13,2018-09-03,4,PR,sports_leisure,South,6.0
base,ridge,2018-08-13,2018-08-13,1,PR,watches_gifts,South,8.0
base,ridge,2018-08-13,2018-08-20,2,PR,watches_gifts,South,8.0
base,ridge,2018-08-13,2018-08-27,3,PR,watches_gifts,South,8.0
base,ridge,2018-08-13,2018-09-03,4,PR,watches_gifts,South,8.0
base,ridge,2018-08-13,2018-08-13,1,RJ,auto,Central-West,6.0
base,ridge,2018-08-13,2018-08-20,2,RJ,auto,Central-West,6.0
base,ridge,2018-08-13,2018-08-27,3,RJ,auto,Central-West,6.0
base,ridge,2018-08-13,2018-09-03,4,RJ,auto,Central-West,6.0
base,ridge,2018-08-13,2018-08-13,1,RJ,bed_bath_table,South,10.0
base,ridge,2018-08-13,2018-08-20,2,RJ,bed_bath_table,South,10.0
base,ridge,2018-08-13,2018-08-27,3,RJ,bed_bath_table,South,10.0
base,ridge,2018-08-13,2018-09-03,4,RJ,bed_bath_table,South,10.0
base,ridge,2018-08-13,2018-08-13,1,RJ,furniture_decor,Northeast,2.0
base,ridge,2018-08-13,2018-08-13,1,RJ,furniture_decor,South,3.0
base,ridge,2018-08-13,2018-08-20,2,RJ,furniture_decor,Northeast,5.0
base,ridge,2018-08-13,2018-08-27,3,RJ,furniture_decor,Northeast,5.0
base,ridge,2018-08-13,2018-09-03,4,RJ,furniture_decor,Northeast,5.0
base,ridge,2018-08-13,2018-08-13,1,RJ,garden_tools,Northeast,5.0
base,ridge,2018-08-13,2018-08-20,2,RJ,garden_tools,Northeast,5.0
base,ridge,2018-08-13,2018-08-27,3,RJ,garden_tools,Northeast,5.0
base,ridge,2018-08-13,2018-09-03,4,RJ,garden_tools,Northeast,4.0
base,ridge,2018-08-13,2018-08-20,2,RJ,health_beauty,Central-West,4.0
base,ridge,2018-08-13,2018-08-13,1,RJ,housewares,Northeast,8.0
base,ridge,2018-08-13,2018-08-20,2,RJ,housewares,Northeast,8.0
base,ridge,2018-08-13,2018-08-27,3,RJ,housewares,Northeast,8.0
base,ridge,2018-08-13,2018-09-03,4,RJ,housewares,Northeast,8.0
base,ridge,2018-08-13,2018-08-13,1,RJ,sports_leisure,Central-West,10.0
base,ridge,2018-08-13,2018-08-13,1,RJ,sports_leisure,North,4.0
base,ridge,2018-08-13,2018-08-20,2,RJ,sports_leisure,Central-West,10.0
base,ridge,2018-08-13,2018-08-20,2,RJ,sports_leisure,North,5.0
base,ridge,2018-08-13,2018-08-27,3,RJ,sports_leisure,Central-West,11.0
base,ridge,2018-08-13,2018-08-27,3,RJ,sports_leisure,North,6.0
base,ridge,2018-08-13,2018-09-03,4,RJ,sports_leisure,Central-West,11.0
base,ridge,2018-08-13,2018-09-03,4,RJ,sports_leisure,North,7.0
base,ridge,2018-08-13,2018-08-13,1,RJ,telephony,North,2.0
base,ridge,2018-08-13,2018-08-13,1,RJ,telephony,Northeast,4.0
base,ridge,2018-08-13,2018-08-20,2,RJ,telephony,North,3.0
base,ridge,2018-08-13,2018-08-20,2,RJ,telephony,Northeast,3.0
base,ridge,2018-08-13,2018-08-27,3,RJ,telephony,North,3.0
base,ridge,2018-08-13,2018-08-27,3,RJ,telephony,Northeast,3.0
base,ridge,2018-08-13,2018-09-03,4,RJ,telephony,North,3.0
base,ridge,2018-08-13,2018-09-03,4,RJ,telephony,Northeast,3.0
base,ridge,2018-08-13,2018-08-13,1,RS,auto,North,3.0
base,ridge,2018-08-13,2018-08-20,2,RS,auto,North,3.0
base,ridge,2018-08-13,2018-08-27,3,RS,auto,North,3.0
base,ridge,2018-08-13,2018-09-03,4,RS,auto,North,3.0
base,ridge,2018-08-13,2018-08-13,1,RS,bed_bath_table,North,4.0
base,ridge,2018-08-13,2018-08-13,1,RS,bed_bath_table,South,2.0
base,ridge,2018-08-13,2018-08-20,2,RS,bed_bath_table,North,5.0
base,ridge,2018-08-13,2018-08-27,3,RS,bed_bath_table,North,6.0
base,ridge,2018-08-13,2018-09-03,4,RS,bed_bath_table,North,7.0
base,ridge,2018-08-13,2018-08-13,1,RS,computers_accessories,South,9.0
base,ridge,2018-08-13,2018-08-20,2,RS,computers_accessories,South,12.0
base,ridge,2018-08-13,2018-08-27,3,RS,computers_accessories,South,13.0
base,ridge,2018-08-13,2018-09-03,4,RS,computers_accessories,South,12.0
base,ridge,2018-08-13,2018-08-13,1,RS,furniture_decor,South,5.0
base,ridge,2018-08-13,2018-08-20,2,RS,furniture_decor,North,5.0
base,ridge,2018-08-13,2018-08-27,3,RS,furniture_decor,North,5.0
base,ridge,2018-08-13,2018-09-03,4,RS,furniture_decor,North,5.0
base,ridge,2018-08-13,2018-08-13,1,RS,garden_tools,North,1.0
base,ridge,2018-08-13,2018-08-20,2,RS,garden_tools,North,1.0
base,ridge,2018-08-13,2018-08-27,3,RS,garden_tools,North,1.0
base,ridge,2018-08-13,2018-09-03,4,RS,garden_tools,North,1.0
base,ridge,2018-08-13,2018-08-13,1,RS,health_beauty,South,8.0
base,ridge,2018-08-13,2018-08-20,2,RS,health_beauty,South,8.0
base,ridge,2018-08-13,2018-08-27,3,RS,health_beauty,South,8.0
base,ridge,2018-08-13,2018-09-03,4,RS,health_beauty,South,8.0
base,ridge,2018-08-13,2018-08-13,1,RS,housewares,South,11.0
base,ridge,2018-08-13,2018-08-20,2,RS,housewares,South,11.0
base,ridge,2018-08-13,2018-08-27,3,RS,housewares,South,11.0
base,ridge,2018-08-13,2018-09-03,4,RS,housewares,South,11.0
base,ridge,2018-08-13,2018-08-13,1,RS,telephony,South,5.0
base,ridge,2018-08-13,2018-08-20,2,RS,telephony,South,5.0
base,ridge,2018-08-13,2018-08-27,3,RS,telephony,South,5.0
base,ridge,2018-08-13,2018-09-03,4,RS,telephony,South,5.0
base,ridge,2018-08-13,2018-08-13,1,RS,watches_gifts,South,1.0
base,ridge,2018-08-13,2018-08-20,2,RS,watches_gifts,South,2.0
base,ridge,2018-08-13,2018-08-27,3,RS,watches_gifts,South,3.0
base,ridge,2018-08-13,2018-09-03,4,RS,watches_gifts,South,3.0
base,ridge,2018-08-13,2018-08-13,1,SC,bed_bath_table,South,12.0
base,ridge,2018-08-13,2018-08-20,2,SC,bed_bath_table,South,19.0
base,ridge,2018-08-13,2018-08-27,3,SC,bed_bath_table,South,18.0
base,ridge,2018-08-13,2018-09-03,4,SC,bed_bath_table,South,17.0
base,ridge,2018-08-13,2018-08-13,1,SC,computers_accessories,South,9.0
base,ridge,2018-08-13,2018-08-20,2,SC,computers_accessories,South,9.0
base,ridge,2018-08-13,2018-08-27,3,SC,computers_accessories,South,9.0
base,ridge,2018-08-13,2018-09-03,4,SC,computers_accessories,South,9.0
base,ridge,2018-08-13,2018-08-13,1,SC,furniture_decor,South,6.0
base,ridge,2018-08-13,2018-08-20,2,SC,furniture_decor,South,6.0
base,ridge,2018-08-13,2018-08-27,3,SC,furniture_decor,South,6.0
base,ridge,2018-08-13,2018-09-03,4,SC,furniture_decor,South,6.0
base,ridge,2018-08-13,2018-08-13,1,SC,garden_tools,Central-West,5.0
base,ridge,2018-08-13,2018-08-13,1,SC,garden_tools,South,3.0
base,ridge,2018-08-13,2018-08-20,2,SC,garden_tools,Central-West,5.0
base,ridge,2018-08-13,2018-08-20,2,SC,garden_tools,South,3.0
base,ridge,2018-08-13,2018-08-27,3,SC,garden_tools,Central-West,4.0
base,ridge,2018-08-13,2018-08-27,3,SC,garden_tools,South,4.0
base,ridge,2018-08-13,2018-09-03,4,SC,garden_tools,Central-West,4.0
base,ridge,2018-08-13,2018-09-03,4,SC,garden_tools,South,4.0
base,ridge,2018-08-13,2018-08-13,1,SC,sports_leisure,South,18.0
base,ridge,2018-08-13,2018-08-20,2,SC,sports_leisure,South,18.0
base,ridge,2018-08-13,2018-08-27,3,SC,sports_leisure,South,18.0
base,ridge,2018-08-13,2018-09-03,4,SC,sports_leisure,South,18.0
base,ridge,2018-08-13,2018-08-13,1,SC,watches_gifts,South,9.0
base,ridge,2018-08-13,2018-08-20,2,SC,watches_gifts,South,9.0
base,ridge,2018-08-13,2018-08-27,3,SC,watches_gifts,South,9.0
base,ridge,2018-08-13,2018-09-03,4,SC,watches_gifts,South,9.0
base,ridge,2018-08-13,2018-08-13,1,SP,auto,Central-West,2.0
base,ridge,2018-08-13,2018-08-13,1,SP,auto,North,1.0
base,ridge,2018-08-13,2018-08-13,1,SP,auto,Northeast,13.0
base,ridge,2018-08-13,2018-08-13,1,SP,auto,Southeast,66.0
base,ridge,2018-08-13,2018-08-20,2,SP,auto,Central-West,2.0
base,ridge,2018-08-13,2018-08-20,2,SP,auto,North,1.0
base,ridge,2018-08-13,2018-08-20,2,SP,auto,Northeast,19.0
base,ridge,2018-08-13,2018-08-20,2,SP,auto,South,7.0
base,ridge,2018-08-13,2018-08-20,2,SP,auto,Southeast,73.0
base,ridge,2018-08-13,2018-08-27,3,SP,auto,Central-West,2.0
base,ridge,2018-08-13,2018-08-27,3,SP,auto,North,1.0
base,ridge,2018-08-13,2018-08-27,3,SP,auto,Northeast,18.0
base,ridge,2018-08-13,2018-08-27,3,SP,auto,South,8.0
base,ridge,2018-08-13,2018-08-27,3,SP,auto,Southeast,70.0
base,ridge,2018-08-13,2018-09-03,4,SP,auto,Central-West,2.0
base,ridge,2018-08-13,2018-09-03,4,SP,auto,North,2.0
base,ridge,2018-08-13,2018-09-03,4,SP,auto,Northeast,17.0
base,ridge,2018-08-13,2018-09-03,4,SP,auto,South,8.0
base,ridge,2018-08-13,2018-09-03,4,SP,auto,Southeast,73.0
base,ridge,2018-08-13,2018-08-13,1,SP,bed_bath_table,Central-West,11.0
base,ridge,2018-08-13,2018-08-13,1,SP,bed_bath_table,South,4.0
base,ridge,2018-08-13,2018-08-13,1,SP,bed_bath_table,Southeast,143.0
base,ridge,2018-08-13,2018-08-20,2,SP,bed_bath_table,Central-West,13.0
base,ridge,2018-08-13,2018-08-20,2,SP,bed_bath_table,Southeast,136.0
base,ridge,2018-08-13,2018-08-27,3,SP,bed_bath_table,Central-West,14.0
base,ridge,2018-08-13,2018-08-27,3,SP,bed_bath_table,Northeast,1.0
base,ridge,2018-08-13,2018-08-27,3,SP,bed_bath_table,Southeast,131.0
base,ridge,2018-08-13,2018-09-03,4,SP,bed_bath_table,Central-West,15.0
base,ridge,2018-08-13,2018-09-03,4,SP,bed_bath_table,Northeast,2.0
base,ridge,2018-08-13,2018-09-03,4,SP,bed_bath_table,Southeast,141.0
base,ridge,2018-08-13,2018-08-13,1,SP,computers_accessories,Central-West,11.0
base,ridge,2018-08-13,2018-08-13,1,SP,computers_accessories,North,2.0
base,ridge,2018-08-13,2018-08-13,1,SP,computers_accessories,South,4.0
base,ridge,2018-08-13,2018-08-13,1,SP,computers_accessories,Southeast,91.0
base,ridge,2018-08-13,2018-08-20,2,SP,computers_accessories,Central-West,10.0
base,ridge,2018-08-13,2018-08-20,2,SP,computers_accessories,North,5.0
base,ridge,2018-08-13,2018-08-20,2,SP,computers_accessories,Southeast,84.0
base,ridge,2018-08-13,2018-08-27,3,SP,computers_accessories,Central-West,10.0
base,ridge,2018-08-13,2018-08-27,3,SP,computers_accessories,North,6.0
base,ridge,2018-08-13,2018-08-27,3,SP,computers_accessories,Southeast,82.0
base,ridge,2018-08-13,2018-09-03,4,SP,computers_accessories,Central-West,11.0
base,ridge,2018-08-13,2018-09-03,4,SP,computers_accessories,North,8.0
base,ridge,2018-08-13,2018-09-03,4,SP,computers_accessories,Southeast,88.0
base,ridge,2018-08-13,2018-08-13,1,SP,furniture_decor,North,5.0
base,ridge,2018-08-13,2018-08-13,1,SP,furniture_decor,Southeast,91.0
base,ridge,2018-08-13,2018-08-20,2,SP,furniture_decor,Southeast,85.0
base,ridge,2018-08-13,2018-08-27,3,SP,furniture_decor,North,1.0
base,ridge,2018-08-13,2018-08-27,3,SP,furniture_decor,Southeast,84.0
base,ridge,2018-08-13,2018-09-03,4,SP,furniture_decor,North,1.0
base,ridge,2018-08-13,2018-09-03,4,SP,furniture_decor,Southeast,93.0
base,ridge,2018-08-13,2018-08-13,1,SP,garden_tools,South,9.0
base,ridge,2018-08-13,2018-08-13,1,SP,garden_tools,Southeast,41.0
base,ridge,2018-08-13,2018-08-20,2,SP,garden_tools,South,8.0
base,ridge,2018-08-13,2018-08-20,2,SP,garden_tools,Southeast,45.0
base,ridge,2018-08-13,2018-08-27,3,SP,garden_tools,Northeast,1.0
base,ridge,2018-08-13,2018-08-27,3,SP,garden_tools,South,6.0
base,ridge,2018-08-13,2018-08-27,3,SP,garden_tools,Southeast,47.0
base,ridge,2018-08-13,2018-09-03,4,SP,garden_tools,Northeast,3.0
base,ridge,2018-08-13,2018-09-03,4,SP,garden_tools,South,6.0
base,ridge,2018-08-13,2018-09-03,4,SP,garden_tools,Southeast,49.0
base,ridge,2018-08-13,2018-08-13,1,SP,health_beauty,Central-West,10.0
base,ridge,2018-08-13,2018-08-13,1,SP,health_beauty,North,6.0
base,ridge,2018-08-13,2018-08-13,1,SP,health_beauty,Northeast,5.0
base,ridge,2018-08-13,2018-08-13,1,SP,health_beauty,Southeast,171.0
base,ridge,2018-08-13,2018-08-20,2,SP,health_beauty,Central-West,15.0
base,ridge,2018-08-13,2018-08-20,2,SP,health_beauty,North,10.0
base,ridge,2018-08-13,2018-08-20,2,SP,health_beauty,Northeast,14.0
base,ridge,2018-08-13,2018-08-20,2,SP,health_beauty,Southeast,159.0
base,ridge,2018-08-13,2018-08-27,3,SP,health_beauty,Central-West,19.0
base,ridge,2018-08-13,2018-08-27,3,SP,health_beauty,North,11.0
base,ridge,2018-08-13,2018-08-27,3,SP,health_beauty,Northeast,15.0
base,ridge,2018-08-13,2018-08-27,3,SP,health_beauty,Southeast,147.0
base,ridge,2018-08-13,2018-09-03,4,SP,health_beauty,Central-West,19.0
base,ridge,2018-08-13,2018-09-03,4,SP,health_beauty,North,11.0
base,ridge,2018-08-13,2018-09-03,4,SP,health_beauty,Northeast,15.0
base,ridge,2018-08-13,2018-09-03,4,SP,health_beauty,Southeast,150.0
base,ridge,2018-08-13,2018-08-13,1,SP,housewares,Central-West,10.0
base,ridge,2018-08-13,2018-08-13,1,SP,housewares,North,3.0
base,ridge,2018-08-13,2018-08-13,1,SP,housewares,Northeast,4.0
base,ridge,2018-08-13,2018-08-13,1,SP,housewares,Southeast,123.0
base,ridge,2018-08-13,2018-08-20,2,SP,housewares,Central-West,11.0
base,ridge,2018-08-13,2018-08-20,2,SP,housewares,North,4.0
base,ridge,2018-08-13,2018-08-20,2,SP,housewares,Northeast,4.0
base,ridge,2018-08-13,2018-08-20,2,SP,housewares,Southeast,112.0
base,ridge,2018-08-13,2018-08-27,3,SP,housewares,Central-West,15.0
base,ridge,2018-08-13,2018-08-27,3,SP,housewares,North,4.0
base,ridge,2018-08-13,2018-08-27,3,SP,housewares,Northeast,4.0
base,ridge,2018-08-13,2018-08-27,3,SP,housewares,Southeast,106.0
base,ridge,2018-08-13,2018-09-03,4,SP,housewares,Central-West,17.0
base,ridge,2018-08-13,2018-09-03,4,SP,housewares,North,5.0
base,ridge,2018-08-13,2018-09-03,4,SP,housewares,Northeast,5.0
base,ridge,2018-08-13,2018-09-03,4,SP,housewares,South,3.0
base,ridge,2018-08-13,2018-09-03,4,SP,housewares,Southeast,112.0
base,ridge,2018-08-13,2018-08-13,1,SP,sports_leisure,South,5.0
base,ridge,2018-08-13,2018-08-13,1,SP,sports_leisure,Southeast,89.0
base,ridge,2018-08-13,2018-08-20,2,SP,sports_leisure,Southeast,84.0
base,ridge,2018-08-13,2018-08-27,3,SP,sports_leisure,Southeast,83.0
base,ridge,2018-08-13,2018-09-03,4,SP,sports_leisure,Central-West,1.0
base,ridge,2018-08-13,2018-09-03,4,SP,sports_leisure,Southeast,89.0
base,ridge,2018-08-13,2018-08-13,1,SP,telephony,Central-West,9.0
base,ridge,2018-08-13,2018-08-13,1,SP,telephony,Northeast,8.0
base,ridge,2018-08-13,2018-08-13,1,SP,telephony,South,22.0
base,ridge,2018-08-13,2018-08-13,1,SP,telephony,Southeast,32.0
base,ridge,2018-08-13,2018-08-20,2,SP,telephony,Central-West,9.0
base,ridge,2018-08-13,2018-08-20,2,SP,telephony,Northeast,6.0
base,ridge,2018-08-13,2018-08-20,2,SP,telephony,South,18.0
base,ridge,2018-08-13,2018-08-20,2,SP,telephony,Southeast,48.0
base,ridge,2018-08-13,2018-08-27,3,SP,telephony,Central-West,9.0
base,ridge,2018-08-13,2018-08-27,3,SP,telephony,Northeast,6.0
base,ridge,2018-08-13,2018-08-27,3,SP,telephony,South,15.0
base,ridge,2018-08-13,2018-08-27,3,SP,telephony,Southeast,49.0
base,ridge,2018-08-13,2018-09-03,4,SP,telephony,Central-West,9.0
base,ridge,2018-08-13,2018-09-03,4,SP,telephony,Northeast,7.0
base,ridge,2018-08-13,2018-09-03,4,SP,telephony,South,14.0
base,ridge,2018-08-13,2018-09-03,4,SP,telephony,Southeast,55.0
base,ridge,2018-08-13,2018-08-13,1,SP,watches_gifts,Central-West,11.0
base,ridge,2018-08-13,2018-08-13,1,SP,watches_gifts,North,6.0
base,ridge,2018-08-13,2018-08-13,1,SP,watches_gifts,Northeast,22.0
base,ridge,2018-08-13,2018-08-13,1,SP,watches_gifts,South,1.0
base,ridge,2018-08-13,2018-08-13,1,SP,watches_gifts,Southeast,86.0
base,ridge,2018-08-13,2018-08-20,2,SP,watches_gifts,Central-West,11.0
base,ridge,2018-08-13,2018-08-20,2,SP,watches_gifts,North,6.0
base,ridge,2018-08-13,2018-08-20,2,SP,watches_gifts,Northeast,22.0
base,ridge,2018-08-13,2018-08-20,2,SP,watches_gifts,Southeast,86.0
base,ridge,2018-08-13,2018-08-27,3,SP,watches_gifts,Central-West,11.0
base,ridge,2018-08-13,2018-08-27,3,SP,watches_gifts,North,6.0
base,ridge,2018-08-13,2018-08-27,3,SP,watches_gifts,Northeast,24.0
base,ridge,2018-08-13,2018-08-27,3,SP,watches_gifts,Southeast,88.0
base,ridge,2018-08-13,2018-09-03,4,SP,watches_gifts,Central-West,12.0
base,ridge,2018-08-13,2018-09-03,4,SP,watches_gifts,North,7.0
base,ridge,2018-08-13,2018-09-03,4,SP,watches_gifts,Northeast,24.0
base,ridge,2018-08-13,2018-09-03,4,SP,watches_gifts,Southeast,94.0
base,ridge,2018-08-20,2018-08-20,1,MG,bed_bath_table,Central-West,13.0
base,ridge,2018-08-20,2018-08-20,1,MG,bed_bath_table,Northeast,1.0
base,ridge,2018-08-20,2018-08-27,2,MG,bed_bath_table,Northeast,14.0
base,ridge,2018-08-20,2018-09-03,3,MG,bed_bath_table,North,1.0
base,ridge,2018-08-20,2018-09-03,3,MG,bed_bath_table,Northeast,13.0
base,ridge,2018-08-20,2018-09-10,4,MG,bed_bath_table,North,1.0
base,ridge,2018-08-20,2018-09-10,4,MG,bed_bath_table,Northeast,13.0
base,ridge,2018-08-20,2018-08-20,1,MG,computers_accessories,Northeast,11.0
base,ridge,2018-08-20,2018-08-27,2,MG,computers_accessories,Northeast,14.0
base,ridge,2018-08-20,2018-09-03,3,MG,computers_accessories,Northeast,14.0
base,ridge,2018-08-20,2018-09-10,4,MG,computers_accessories,North,8.0
base,ridge,2018-08-20,2018-09-10,4,MG,computers_accessories,Northeast,14.0
base,ridge,2018-08-20,2018-08-20,1,MG,furniture_decor,Central-West,8.0
base,ridge,2018-08-20,2018-08-20,1,MG,furniture_decor,Northeast,7.0
base,ridge,2018-08-20,2018-08-20,1,MG,furniture_decor,Southeast,1.0
base,ridge,2018-08-20,2018-08-27,2,MG,furniture_decor,Central-West,8.0
base,ridge,2018-08-20,2018-08-27,2,MG,furniture_decor,Northeast,7.0
base,ridge,2018-08-20,2018-09-03,3,MG,furniture_decor,Central-West,9.0
base,ridge,2018-08-20,2018-09-03,3,MG,furniture_decor,Northeast,8.0
base,ridge,2018-08-20,2018-09-10,4,MG,furniture_decor,Central-West,9.0
base,ridge,2018-08-20,2018-09-10,4,MG,furniture_decor,Northeast,8.0
base,ridge,2018-08-20,2018-08-20,1,MG,garden_tools,Southeast,3.0
base,ridge,2018-08-20,2018-08-20,1,MG,health_beauty,Northeast,14.0
base,ridge,2018-08-20,2018-08-27,2,MG,health_beauty,Northeast,14.0
base,ridge,2018-08-20,2018-09-03,3,MG,health_beauty,Northeast,8.0
base,ridge,2018-08-20,2018-09-10,4,MG,health_beauty,Northeast,20.0
base,ridge,2018-08-20,2018-09-10,4,MG,housewares,Central-West,5.0
base,ridge,2018-08-20,2018-08-20,1,MG,sports_leisure,Central-West,1.0
base,ridge,2018-08-20,2018-08-20,1,MG,sports_leisure,Northeast,13.0
base,ridge,2018-08-20,2018-08-27,2,MG,sports_leisure,Northeast,14.0
base,ridge,2018-08-20,2018-09-03,3,MG,sports_leisure,Central-West,1.0
base,ridge,2018-08-20,2018-09-03,3,MG,sports_leisure,Northeast,16.0
base,ridge,2018-08-20,2018-09-10,4,MG,sports_leisure,Central-West,1.0
base,ridge,2018-08-20,2018-09-10,4,MG,sports_leisure,Northeast,16.0
base,ridge,2018-08-20,2018-08-20,1,MG,telephony,Northeast,5.0
base,ridge,2018-08-20,2018-08-27,2,MG,telephony,Northeast,5.0
base,ridge,2018-08-20,2018-09-03,3,MG,telephony,Northeast,5.0
base,ridge,2018-08-20,2018-09-10,4,MG,telephony,Northeast,5.0
base,ridge,2018-08-20,2018-08-20,1,PR,auto,South,8.0
base,ridge,2018-08-20,2018-08-27,2,PR,auto,South,8.0
base,ridge,2018-08-20,2018-09-03,3,PR,auto,South,8.0
base,ridge,2018-08-20,2018-09-10,4,PR,auto,South,8.0
base,ridge,2018-08-20,2018-08-20,1,PR,furniture_decor,South,24.0
base,ridge,2018-08-20,2018-08-27,2,PR,furniture_decor,South,20.0
base,ridge,2018-08-20,2018-09-03,3,PR,furniture_decor,South,23.0
base,ridge,2018-08-20,2018-09-10,4,PR,furniture_decor,South,27.0
base,ridge,2018-08-20,2018-08-20,1,PR,health_beauty,South,19.0
base,ridge,2018-08-20,2018-08-27,2,PR,health_beauty,South,21.0
base,ridge,2018-08-20,2018-09-03,3,PR,health_beauty,South,21.0
base,ridge,2018-08-20,2018-09-10,4,PR,health_beauty,South,21.0
base,ridge,2018-08-20,2018-08-20,1,PR,housewares,South,16.0
base,ridge,2018-08-20,2018-08-20,1,PR,housewares,Southeast,1.0
base,ridge,2018-08-20,2018-08-27,2,PR,housewares,South,17.0
base,ridge,2018-08-20,2018-09-03,3,PR,housewares,South,17.0
base,ridge,2018-08-20,2018-09-10,4,PR,housewares,South,17.0
base,ridge,2018-08-20,2018-08-20,1,PR,sports_leisure,Southeast,7.0
base,ridge,2018-08-20,2018-08-27,2,PR,sports_leisure,South,3.0
base,ridge,2018-08-20,2018-09-03,3,PR,sports_leisure,South,5.0
base,ridge,2018-08-20,2018-09-10,4,PR,sports_leisure,South,7.0
base,ridge,2018-08-20,2018-08-20,1,PR,watches_gifts,South,3.0
base,ridge,2018-08-20,2018-08-27,2,PR,watches_gifts,South,13.0
base,ridge,2018-08-20,2018-09-03,3,PR,watches_gifts,South,8.0
base,ridge,2018-08-20,2018-09-10,4,PR,watches_gifts,South,8.0
base,ridge,2018-08-20,2018-08-20,1,RJ,auto,Central-West,6.0
base,ridge,2018-08-20,2018-08-27,2,RJ,auto,Central-West,6.0
base,ridge,2018-08-20,2018-09-03,3,RJ,auto,Central-West,6.0
base,ridge,2018-08-20,2018-09-10,4,RJ,auto,Central-West,6.0
base,ridge,2018-08-20,2018-08-20,1,RJ,bed_bath_table,Central-West,1.0
base,ridge,2018-08-20,2018-08-20,1,RJ,bed_bath_table,Southeast,9.0
base,ridge,2018-08-20,2018-08-27,2,RJ,bed_bath_table,South,10.0
base,ridge,2018-08-20,2018-09-03,3,RJ,bed_bath_table,South,10.0
base,ridge,2018-08-20,2018-09-10,4,RJ,bed_bath_table,South,10.0
base,ridge,2018-08-20,2018-08-20,1,RJ,furniture_decor,Northeast,5.0
base,ridge,2018-08-20,2018-08-27,2,RJ,furniture_decor,Northeast,5.0
base,ridge,2018-08-20,2018-09-03,3,RJ,furniture_decor,Northeast,5.0
base,ridge,2018-08-20,2018-09-10,4,RJ,furniture_decor,Northeast,5.0
base,ridge,2018-08-20,2018-08-20,1,RJ,garden_tools,Northeast,6.0
base,ridge,2018-08-20,2018-08-27,2,RJ,garden_tools,Northeast,5.0
base,ridge,2018-08-20,2018-09-03,3,RJ,garden_tools,Northeast,4.0
base,ridge,2018-08-20,2018-09-10,4,RJ,garden_tools,Northeast,4.0
base,ridge,2018-08-20,2018-08-20,1,RJ,health_beauty,Central-West,4.0
base,ridge,2018-08-20,2018-08-20,1,RJ,housewares,Northeast,8.0
base,ridge,2018-08-20,2018-08-27,2,RJ,housewares,Northeast,8.0
base,ridge,2018-08-20,2018-09-03,3,RJ,housewares,Northeast,8.0
base,ridge,2018-08-20,2018-09-10,4,RJ,housewares,Northeast,8.0
base,ridge,2018-08-20,2018-08-20,1,RJ,sports_leisure,Central-West,5.0
base,ridge,2018-08-20,2018-08-27,2,RJ,sports_leisure,Central-West,11.0
base,ridge,2018-08-20,2018-08-27,2,RJ,sports_leisure,North,5.0
base,ridge,2018-08-20,2018-09-03,3,RJ,sports_leisure,Central-West,11.0
base,ridge,2018-08-20,2018-09-03,3,RJ,sports_leisure,North,7.0
base,ridge,2018-08-20,2018-09-10,4,RJ,sports_leisure,Central-West,11.0
base,ridge,2018-08-20,2018-09-10,4,RJ,sports_leisure,North,7.0
base,ridge,2018-08-20,2018-08-20,1,RJ,telephony,North,2.0
base,ridge,2018-08-20,2018-08-20,1,RJ,telephony,Northeast,7.0
base,ridge,2018-08-20,2018-08-27,2,RJ,telephony,North,2.0
base,ridge,2018-08-20,2018-08-27,2,RJ,telephony,Northeast,5.0
base,ridge,2018-08-20,2018-09-03,3,RJ,telephony,North,2.0
base,ridge,2018-08-20,2018-09-03,3,RJ,telephony,Northeast,4.0
base,ridge,2018-08-20,2018-09-10,4,RJ,telephony,North,3.0
base,ridge,2018-08-20,2018-09-10,4,RJ,telephony,Northeast,3.0
base,ridge,2018-08-20,2018-08-20,1,RS,auto,North,3.0
base,ridge,2018-08-20,2018-08-27,2,RS,auto,North,3.0
base,ridge,2018-08-20,2018-09-03,3,RS,auto,North,3.0
base,ridge,2018-08-20,2018-09-10,4,RS,auto,North,3.0
base,ridge,2018-08-20,2018-08-20,1,RS,bed_bath_table,North,4.0
base,ridge,2018-08-20,2018-08-20,1,RS,bed_bath_table,South,2.0
base,ridge,2018-08-20,2018-08-27,2,RS,bed_bath_table,North,6.0
base,ridge,2018-08-20,2018-09-03,3,RS,bed_bath_table,North,6.0
base,ridge,2018-08-20,2018-09-10,4,RS,bed_bath_table,North,6.0
base,ridge,2018-08-20,2018-08-20,1,RS,computers_accessories,South,17.0
base,ridge,2018-08-20,2018-08-27,2,RS,computers_accessories,South,2.0
base,ridge,2018-08-20,2018-09-03,3,RS,computers_accessories,South,11.0
base,ridge,2018-08-20,2018-09-10,4,RS,computers_accessories,South,12.0
base,ridge,2018-08-20,2018-08-20,1,RS,furniture_decor,North,5.0
base,ridge,2018-08-20,2018-08-27,2,RS,furniture_decor,North,5.0
base,ridge,2018-08-20,2018-09-03,3,RS,furniture_decor,North,5.0
base,ridge,2018-08-20,2018-09-10,4,RS,furniture_decor,North,5.0
base,ridge,2018-08-20,2018-08-20,1,RS,garden_tools,North,1.0
base,ridge,2018-08-20,2018-08-27,2,RS,garden_tools,North,1.0
base,ridge,2018-08-20,2018-09-03,3,RS,garden_tools,North,1.0
base,ridge,2018-08-20,2018-09-10,4,RS,garden_tools,North,1.0
base,ridge,2018-08-20,2018-08-20,1,RS,health_beauty,South,8.0
base,ridge,2018-08-20,2018-08-27,2,RS,health_beauty,South,8.0
base,ridge,2018-08-20,2018-09-03,3,RS,health_beauty,South,8.0
base,ridge,2018-08-20,2018-09-10,4,RS,health_beauty,South,8.0
base,ridge,2018-08-20,2018-08-20,1,RS,housewares,South,11.0
base,ridge,2018-08-20,2018-08-27,2,RS,housewares,South,11.0
base,ridge,2018-08-20,2018-09-03,3,RS,housewares,South,11.0
base,ridge,2018-08-20,2018-09-10,4,RS,housewares,South,11.0
base,ridge,2018-08-20,2018-08-20,1,RS,telephony,South,5.0
base,ridge,2018-08-20,2018-08-27,2,RS,telephony,South,5.0
base,ridge,2018-08-20,2018-09-03,3,RS,telephony,South,5.0
base,ridge,2018-08-20,2018-09-10,4,RS,telephony,South,5.0
base,ridge,2018-08-20,2018-08-27,2,RS,watches_gifts,South,3.0
base,ridge,2018-08-20,2018-09-03,3,RS,watches_gifts,South,3.0
base,ridge,2018-08-20,2018-09-10,4,RS,watches_gifts,South,3.0
base,ridge,2018-08-20,2018-08-20,1,SC,bed_bath_table,South,19.0
base,ridge,2018-08-20,2018-08-27,2,SC,bed_bath_table,South,17.0
base,ridge,2018-08-20,2018-09-03,3,SC,bed_bath_table,South,17.0
base,ridge,2018-08-20,2018-09-10,4,SC,bed_bath_table,South,18.0
base,ridge,2018-08-20,2018-08-20,1,SC,computers_accessories,South,1.0
base,ridge,2018-08-20,2018-08-27,2,SC,computers_accessories,South,17.0
base,ridge,2018-08-20,2018-09-03,3,SC,computers_accessories,South,9.0
base,ridge,2018-08-20,2018-09-10,4,SC,computers_accessories,South,9.0
base,ridge,2018-08-20,2018-08-20,1,SC,furniture_decor,South,2.0
base,ridge,2018-08-20,2018-08-20,1,SC,furniture_decor,Southeast,4.0
base,ridge,2018-08-20,2018-08-27,2,SC,furniture_decor,South,6.0
base,ridge,2018-08-20,2018-09-03,3,SC,furniture_decor,South,6.0
base,ridge,2018-08-20,2018-09-10,4,SC,furniture_decor,South,6.0
base,ridge,2018-08-20,2018-08-20,1,SC,garden_tools,Central-West,5.0
base,ridge,2018-08-20,2018-08-20,1,SC,garden_tools,South,3.0
base,ridge,2018-08-20,2018-08-27,2,SC,garden_tools,Central-West,5.0
base,ridge,2018-08-20,2018-08-27,2,SC,garden_tools,South,3.0
base,ridge,2018-08-20,2018-09-03,3,SC,garden_tools,Central-West,5.0
base,ridge,2018-08-20,2018-09-03,3,SC,garden_tools,South,3.0
base,ridge,2018-08-20,2018-09-10,4,SC,garden_tools,Central-West,5.0
base,ridge,2018-08-20,2018-09-10,4,SC,garden_tools,South,3.0
base,ridge,2018-08-20,2018-08-27,2,SC,health_beauty,South,2.0
base,ridge,2018-08-20,2018-09-03,3,SC,health_beauty,South,1.0
base,ridge,2018-08-20,2018-09-10,4,SC,health_beauty,South,1.0
base,ridge,2018-08-20,2018-08-20,1,SC,sports_leisure,South,21.0
base,ridge,2018-08-20,2018-08-27,2,SC,sports_leisure,South,18.0
base,ridge,2018-08-20,2018-09-03,3,SC,sports_leisure,South,18.0
base,ridge,2018-08-20,2018-09-10,4,SC,sports_leisure,South,18.0
base,ridge,2018-08-20,2018-08-20,1,SC,watches_gifts,South,14.0
base,ridge,2018-08-20,2018-08-27,2,SC,watches_gifts,South,2.0
base,ridge,2018-08-20,2018-09-03,3,SC,watches_gifts,South,9.0
base,ridge,2018-08-20,2018-09-10,4,SC,watches_gifts,South,9.0
base,ridge,2018-08-20,2018-08-20,1,SP,auto,Central-West,2.0
base,ridge,2018-08-20,2018-08-20,1,SP,auto,North,1.0
base,ridge,2018-08-20,2018-08-20,1,SP,auto,Northeast,13.0
base,ridge,2018-08-20,2018-08-20,1,SP,auto,South,9.0
base,ridge,2018-08-20,2018-08-20,1,SP,auto,Southeast,77.0
base,ridge,2018-08-20,2018-08-27,2,SP,auto,Central-West,2.0
base,ridge,2018-08-20,2018-08-27,2,SP,auto,North,1.0
base,ridge,2018-08-20,2018-08-27,2,SP,auto,Northeast,15.0
base,ridge,2018-08-20,2018-08-27,2,SP,auto,South,10.0
base,ridge,2018-08-20,2018-08-27,2,SP,auto,Southeast,72.0
base,ridge,2018-08-20,2018-09-03,3,SP,auto,Central-West,3.0
base,ridge,2018-08-20,2018-09-03,3,SP,auto,North,1.0
base,ridge,2018-08-20,2018-09-03,3,SP,auto,Northeast,15.0
base,ridge,2018-08-20,2018-09-03,3,SP,auto,South,10.0
base,ridge,2018-08-20,2018-09-03,3,SP,auto,Southeast,75.0
base,ridge,2018-08-20,2018-09-10,4,SP,auto,Central-West,3.0
base,ridge,2018-08-20,2018-09-10,4,SP,auto,North,2.0
base,ridge,2018-08-20,2018-09-10,4,SP,auto,Northeast,17.0
base,ridge,2018-08-20,2018-09-10,4,SP,auto,South,10.0
base,ridge,2018-08-20,2018-09-10,4,SP,auto,Southeast,80.0
base,ridge,2018-08-20,2018-08-20,1,SP,bed_bath_table,Southeast,149.0
base,ridge,2018-08-20,2018-08-27,2,SP,bed_bath_table,Central-West,15.0
base,ridge,2018-08-20,2018-08-27,2,SP,bed_bath_table,Northeast,1.0
base,ridge,2018-08-20,2018-08-27,2,SP,bed_bath_table,Southeast,147.0
base,ridge,2018-08-20,2018-09-03,3,SP,bed_bath_table,Central-West,15.0
base,ridge,2018-08-20,2018-09-03,3,SP,bed_bath_table,Northeast,3.0
base,ridge,2018-08-20,2018-09-03,3,SP,bed_bath_table,Southeast,151.0
base,ridge,2018-08-20,2018-09-10,4,SP,bed_bath_table,Central-West,16.0
base,ridge,2018-08-20,2018-09-10,4,SP,bed_bath_table,Northeast,3.0
base,ridge,2018-08-20,2018-09-10,4,SP,bed_bath_table,Southeast,154.0
base,ridge,2018-08-20,2018-08-20,1,SP,computers_accessories,Central-West,9.0
base,ridge,2018-08-20,2018-08-20,1,SP,computers_accessories,North,4.0
base,ridge,2018-08-20,2018-08-20,1,SP,computers_accessories,Northeast,2.0
base,ridge,2018-08-20,2018-08-20,1,SP,computers_accessories,Southeast,90.0
base,ridge,2018-08-20,2018-08-27,2,SP,computers_accessories,Central-West,9.0
base,ridge,2018-08-20,2018-08-27,2,SP,computers_accessories,North,6.0
base,ridge,2018-08-20,2018-08-27,2,SP,computers_accessories,Southeast,87.0
base,ridge,2018-08-20,2018-09-03,3,SP,computers_accessories,Central-West,10.0
base,ridge,2018-08-20,2018-09-03,3,SP,computers_accessories,North,7.0
base,ridge,2018-08-20,2018-09-03,3,SP,computers_accessories,Southeast,91.0
base,ridge,2018-08-20,2018-09-10,4,SP,computers_accessories,Central-West,12.0
base,ridge,2018-08-20,2018-09-10,4,SP,computers_accessories,Southeast,96.0
base,ridge,2018-08-20,2018-08-20,1,SP,furniture_decor,Southeast,88.0
base,ridge,2018-08-20,2018-08-27,2,SP,furniture_decor,North,1.0
base,ridge,2018-08-20,2018-08-27,2,SP,furniture_decor,Southeast,90.0
base,ridge,2018-08-20,2018-09-03,3,SP,furniture_decor,North,1.0
base,ridge,2018-08-20,2018-09-03,3,SP,furniture_decor,Southeast,96.0
base,ridge,2018-08-20,2018-09-10,4,SP,furniture_decor,North,2.0
base,ridge,2018-08-20,2018-09-10,4,SP,furniture_decor,Southeast,100.0
base,ridge,2018-08-20,2018-08-20,1,SP,garden_tools,South,6.0
base,ridge,2018-08-20,2018-08-20,1,SP,garden_tools,Southeast,37.0
base,ridge,2018-08-20,2018-08-27,2,SP,garden_tools,Northeast,1.0
base,ridge,2018-08-20,2018-08-27,2,SP,garden_tools,South,6.0
base,ridge,2018-08-20,2018-08-27,2,SP,garden_tools,Southeast,43.0
base,ridge,2018-08-20,2018-09-03,3,SP,garden_tools,Northeast,3.0
base,ridge,2018-08-20,2018-09-03,3,SP,garden_tools,South,6.0
base,ridge,2018-08-20,2018-09-03,3,SP,garden_tools,Southeast,47.0
base,ridge,2018-08-20,2018-09-10,4,SP,garden_tools,Northeast,3.0
base,ridge,2018-08-20,2018-09-10,4,SP,garden_tools,South,7.0
base,ridge,2018-08-20,2018-09-10,4,SP,garden_tools,Southeast,50.0
base,ridge,2018-08-20,2018-08-20,1,SP,health_beauty,Central-West,18.0
base,ridge,2018-08-20,2018-08-20,1,SP,health_beauty,North,8.0
base,ridge,2018-08-20,2018-08-20,1,SP,health_beauty,Northeast,13.0
base,ridge,2018-08-20,2018-08-20,1,SP,health_beauty,Southeast,159.0
base,ridge,2018-08-20,2018-08-27,2,SP,health_beauty,Central-West,21.0
base,ridge,2018-08-20,2018-08-27,2,SP,health_beauty,North,9.0
base,ridge,2018-08-20,2018-08-27,2,SP,health_beauty,Northeast,15.0
base,ridge,2018-08-20,2018-08-27,2,SP,health_beauty,Southeast,148.0
base,ridge,2018-08-20,2018-09-03,3,SP,health_beauty,Central-West,21.0
base,ridge,2018-08-20,2018-09-03,3,SP,health_beauty,North,10.0
base,ridge,2018-08-20,2018-09-03,3,SP,health_beauty,Northeast,22.0
base,ridge,2018-08-20,2018-09-03,3,SP,health_beauty,Southeast,150.0
base,ridge,2018-08-20,2018-09-10,4,SP,health_beauty,Central-West,21.0
base,ridge,2018-08-20,2018-09-10,4,SP,health_beauty,North,12.0
base,ridge,2018-08-20,2018-09-10,4,SP,health_beauty,Northeast,10.0
base,ridge,2018-08-20,2018-09-10,4,SP,health_beauty,Southeast,155.0
base,ridge,2018-08-20,2018-08-20,1,SP,housewares,Central-West,2.0
base,ridge,2018-08-20,2018-08-20,1,SP,housewares,North,3.0
base,ridge,2018-08-20,2018-08-20,1,SP,housewares,Northeast,1.0
base,ridge,2018-08-20,2018-08-20,1,SP,housewares,Southeast,125.0
base,ridge,2018-08-20,2018-08-27,2,SP,housewares,Central-West,16.0
base,ridge,2018-08-20,2018-08-27,2,SP,housewares,North,4.0
base,ridge,2018-08-20,2018-08-27,2,SP,housewares,Northeast,2.0
base,ridge,2018-08-20,2018-08-27,2,SP,housewares,Southeast,126.0
base,ridge,2018-08-20,2018-09-03,3,SP,housewares,Central-West,18.0
base,ridge,2018-08-20,2018-09-03,3,SP,housewares,North,5.0
base,ridge,2018-08-20,2018-09-03,3,SP,housewares,Northeast,4.0
base,ridge,2018-08-20,2018-09-03,3,SP,housewares,South,2.0
base,ridge,2018-08-20,2018-09-03,3,SP,housewares,Southeast,126.0
base,ridge,2018-08-20,2018-09-10,4,SP,housewares,Central-West,13.0
base,ridge,2018-08-20,2018-09-10,4,SP,housewares,North,6.0
base,ridge,2018-08-20,2018-09-10,4,SP,housewares,Northeast,5.0
base,ridge,2018-08-20,2018-09-10,4,SP,housewares,South,4.0
base,ridge,2018-08-20,2018-09-10,4,SP,housewares,Southeast,131.0
base,ridge,2018-08-20,2018-08-20,1,SP,sports_leisure,Central-West,4.0
base,ridge,2018-08-20,2018-08-20,1,SP,sports_leisure,Southeast,80.0
base,ridge,2018-08-20,2018-08-27,2,SP,sports_leisure,Southeast,100.0
base,ridge,2018-08-20,2018-09-03,3,SP,sports_leisure,Southeast,100.0
base,ridge,2018-08-20,2018-09-10,4,SP,sports_leisure,Central-West,1.0
base,ridge,2018-08-20,2018-09-10,4,SP,sports_leisure,Southeast,102.0
base,ridge,2018-08-20,2018-08-20,1,SP,telephony,Central-West,6.0
base,ridge,2018-08-20,2018-08-20,1,SP,telephony,South,12.0
base,ridge,2018-08-20,2018-08-20,1,SP,telephony,Southeast,48.0
base,ridge,2018-08-20,2018-08-27,2,SP,telephony,Central-West,7.0
base,ridge,2018-08-20,2018-08-27,2,SP,telephony,Northeast,2.0
base,ridge,2018-08-20,2018-08-27,2,SP,telephony,South,11.0
base,ridge,2018-08-20,2018-08-27,2,SP,telephony,Southeast,49.0
base,ridge,2018-08-20,2018-09-03,3,SP,telephony,Central-West,7.0
base,ridge,2018-08-20,2018-09-03,3,SP,telephony,Northeast,5.0
base,ridge,2018-08-20,2018-09-03,3,SP,telephony,South,12.0
base,ridge,2018-08-20,2018-09-03,3,SP,telephony,Southeast,55.0
base,ridge,2018-08-20,2018-09-10,4,SP,telephony,Central-West,8.0
base,ridge,2018-08-20,2018-09-10,4,SP,telephony,Northeast,8.0
base,ridge,2018-08-20,2018-09-10,4,SP,telephony,South,14.0
base,ridge,2018-08-20,2018-09-10,4,SP,telephony,Southeast,59.0
base,ridge,2018-08-20,2018-08-20,1,SP,watches_gifts,Central-West,10.0
base,ridge,2018-08-20,2018-08-20,1,SP,watches_gifts,North,4.0
base,ridge,2018-08-20,2018-08-20,1,SP,watches_gifts,Northeast,21.0
base,ridge,2018-08-20,2018-08-20,1,SP,watches_gifts,Southeast,88.0
base,ridge,2018-08-20,2018-08-27,2,SP,watches_gifts,Central-West,11.0
base,ridge,2018-08-20,2018-08-27,2,SP,watches_gifts,North,5.0
base,ridge,2018-08-20,2018-08-27,2,SP,watches_gifts,Northeast,22.0
base,ridge,2018-08-20,2018-08-27,2,SP,watches_gifts,Southeast,90.0
base,ridge,2018-08-20,2018-09-03,3,SP,watches_gifts,Central-West,11.0
base,ridge,2018-08-20,2018-09-03,3,SP,watches_gifts,North,6.0
base,ridge,2018-08-20,2018-09-03,3,SP,watches_gifts,Northeast,24.0
base,ridge,2018-08-20,2018-09-03,3,SP,watches_gifts,Southeast,94.0
base,ridge,2018-08-20,2018-09-10,4,SP,watches_gifts,Central-West,12.0
base,ridge,2018-08-20,2018-09-10,4,SP,watches_gifts,North,7.0
base,ridge,2018-08-20,2018-09-10,4,SP,watches_gifts,Northeast,25.0
base,ridge,2018-08-20,2018-09-10,4,SP,watches_gifts,Southeast,95.0
