scenario,policy,origin_week,target_week,horizon,hub,category,ending_inventory
base,last_week,2018-05-28,2018-05-28,1,MG,auto,0.0
base,last_week,2018-05-28,2018-06-04,2,MG,auto,0.0
base,last_week,2018-05-28,2018-06-11,3,MG,auto,0.0
base,last_week,2018-05-28,2018-06-18,4,MG,auto,0.0
base,last_week,2018-05-28,2018-05-28,1,MG,bed_bath_table,0.0
base,last_week,2018-05-28,2018-06-04,2,MG,bed_bath_table,0.0
base,last_week,2018-05-28,2018-06-11,3,MG,bed_bath_table,0.0
base,last_week,2018-05-28,2018-06-18,4,MG,bed_bath_table,0.0
base,last_week,2018-05-28,2018-05-28,1,MG,computers_accessories,26.0
base,last_week,2018-05-28,2018-06-04,2,MG,computers_accessories,13.0
base,last_week,2018-05-28,2018-06-11,3,MG,computers_accessories,0.0
base,last_week,2018-05-28,2018-06-18,4,MG,computers_accessories,0.0
base,last_week,2018-05-28,2018-05-28,1,MG,furniture_decor,0.0
base,last_week,2018-05-28,2018-06-04,2,MG,furniture_decor,0.0
base,last_week,2018-05-28,2018-06-11,3,MG,furniture_decor,0.0
base,last_week,2018-05-28,2018-06-18,4,MG,furniture_decor,0.0
base,last_week,2018-05-28,2018-05-28,1,MG,garden_tools,0.0
base,last_week,2018-05-28,2018-06-04,2,MG,garden_tools,0.0
base,last_week,2018-05-28,2018-06-11,3,MG,garden_tools,0.0
base,last_week,2018-05-28,2018-06-18,4,MG,garden_tools,0.0
base,last_week,2018-05-28,2018-05-28,1,MG,health_beauty,0.0
base,last_week,2018-05-28,2018-06-04,2,MG,health_beauty,0.0
base,last_week,2018-05-28,2018-06-11,3,MG,health_beauty,0.0
base,last_week,2018-05-28,2018-06-18,4,MG,health_beauty,0.0
base,last_week,2018-05-28,2018-05-28,1,MG,housewares,6.0
base,last_week,2018-05-28,2018-06-04,2,MG,housewares,4.0
base,last_week,2018-05-28,2018-06-11,3,MG,housewares,2.0
base,last_week,2018-05-28,2018-06-18,4,MG,housewares,0.0
base,last_week,2018-05-28,2018-05-28,1,MG,sports_leisure,6.0
base,last_week,2018-05-28,2018-06-04,2,MG,sports_leisure,0.0
base,last_week,2018-05-28,2018-06-11,3,MG,sports_leisure,0.0
base,last_week,2018-05-28,2018-06-18,4,MG,sports_leisure,0.0
base,last_week,2018-05-28,2018-05-28,1,MG,telephony,0.0
base,last_week,2018-05-28,2018-06-04,2,MG,telephony,0.0
base,last_week,2018-05-28,2018-06-11,3,MG,telephony,0.0
base,last_week,2018-05-28,2018-06-18,4,MG,telephony,0.0
base,last_week,2018-05-28,2018-05-28,1,MG,watches_gifts,0.0
base,last_week,2018-05-28,2018-06-04,2,MG,watches_gifts,0.0
base,last_week,2018-05-28,2018-06-11,3,MG,watches_gifts,0.0
base,last_week,2018-05-28,2018-06-18,4,MG,watches_gifts,0.0
base,last_week,2018-05-28,2018-05-28,1,PR,auto,1.0
base,last_week,2018-05-28,2018-06-04,2,PR,auto,0.0
base,last_week,2018-05-28,2018-06-11,3,PR,auto,0.0
base,last_week,2018-05-28,2018-06-18,4,PR,auto,0.0
base,last_week,2018-05-28,2018-05-28,1,PR,bed_bath_table,2.0
base,last_week,2018-05-28,2018-06-04,2,PR,bed_bath_table,0.0
base,last_week,2018-05-28,2018-06-11,3,PR,bed_bath_table,0.0
base,last_week,2018-05-28,2018-06-18,4,PR,bed_bath_table,0.0
base,last_week,2018-05-28,2018-05-28,1,PR,computers_accessories,29.0
base,last_week,2018-05-28,2018-06-04,2,PR,computers_accessories,13.0
base,last_week,2018-05-28,2018-06-11,3,PR,computers_accessories,7.0
base,last_week,2018-05-28,2018-06-18,4,PR,computers_accessories,0.0
base,last_week,2018-05-28,2018-05-28,1,PR,furniture_decor,16.0
base,last_week,2018-05-28,2018-06-04,2,PR,furniture_decor,3.0
base,last_week,2018-05-28,2018-06-11,3,PR,furniture_decor,0.0
base,last_week,2018-05-28,2018-06-18,4,PR,furniture_decor,0.0
base,last_week,2018-05-28,2018-05-28,1,PR,garden_tools,5.0
base,last_week,2018-05-28,2018-06-04,2,PR,garden_tools,0.0
base,last_week,2018-05-28,2018-06-11,3,PR,garden_tools,0.0
base,last_week,2018-05-28,2018-06-18,4,PR,garden_tools,0.0
base,last_week,2018-05-28,2018-05-28,1,PR,health_beauty,12.0
base,last_week,2018-05-28,2018-06-04,2,PR,health_beauty,0.0
base,last_week,2018-05-28,2018-06-11,3,PR,health_beauty,0.0
base,last_week,2018-05-28,2018-06-18,4,PR,health_beauty,0.0
base,last_week,2018-05-28,2018-05-28,1,PR,housewares,6.0
base,last_week,2018-05-28,2018-06-04,2,PR,housewares,0.0
base,last_week,2018-05-28,2018-06-11,3,PR,housewares,0.0
base,last_week,2018-05-28,2018-06-18,4,PR,housewares,0.0
base,last_week,2018-05-28,2018-05-28,1,PR,sports_leisure,25.0
base,last_week,2018-05-28,2018-06-04,2,PR,sports_leisure,15.0
base,last_week,2018-05-28,2018-06-11,3,PR,sports_leisure,10.0
base,last_week,2018-05-28,2018-06-18,4,PR,sports_leisure,0.0
base,last_week,2018-05-28,2018-05-28,1,PR,telephony,2.0
base,last_week,2018-05-28,2018-06-04,2,PR,telephony,2.0
base,last_week,2018-05-28,2018-06-11,3,PR,telephony,0.0
base,last_week,2018-05-28,2018-06-18,4,PR,telephony,0.0
base,last_week,2018-05-28,2018-05-28,1,PR,watches_gifts,1.0
base,last_week,2018-05-28,2018-06-04,2,PR,watches_gifts,0.0
base,last_week,2018-05-28,2018-06-11,3,PR,watches_gifts,0.0
base,last_week,2018-05-28,2018-06-18,4,PR,watches_gifts,0.0
base,last_week,2018-05-28,2018-05-28,1,RJ,auto,0.0
base,last_week,2018-05-28,2018-06-04,2,RJ,auto,0.0
base,last_week,2018-05-28,2018-06-11,3,RJ,auto,0.0
base,last_week,2018-05-28,2018-06-18,4,RJ,auto,0.0
base,last_week,2018-05-28,2018-05-28,1,RJ,bed_bath_table,0.0
base,last_week,2018-05-28,2018-06-04,2,RJ,bed_bath_table,0.0
base,last_week,2018-05-28,2018-06-11,3,RJ,bed_bath_table,0.0
base,last_week,2018-05-28,2018-06-18,4,RJ,bed_bath_table,0.0
base,last_week,2018-05-28,2018-05-28,1,RJ,computers_accessories,0.0
base,last_week,2018-05-28,2018-06-04,2,RJ,computers_accessories,0.0
base,last_week,2018-05-28,2018-06-11,3,RJ,computers_accessories,0.0
base,last_week,2018-05-28,2018-06-18,4,RJ,computers_accessories,0.0
base,last_week,2018-05-28,2018-05-28,1,RJ,furniture_decor,0.0
base,last_week,2018-05-28,2018-06-04,2,RJ,furniture_decor,0.0
base,last_week,2018-05-28,2018-06-11,3,RJ,furniture_decor,0.0
base,last_week,2018-05-28,2018-06-18,4,RJ,furniture_decor,0.0
base,last_week,2018-05-28,2018-05-28,1,RJ,garden_tools,0.0
base,last_week,2018-05-28,2018-06-04,2,RJ,garden_tools,0.0
base,last_week,2018-05-28,2018-06-11,3,RJ,garden_tools,0.0
base,last_week,2018-05-28,2018-06-18,4,RJ,garden_tools,0.0
base,last_week,2018-05-28,2018-05-28,1,RJ,health_beauty,20.0
base,last_week,2018-05-28,2018-06-04,2,RJ,health_beauty,7.0
base,last_week,2018-05-28,2018-06-11,3,RJ,health_beauty,0.0
base,last_week,2018-05-28,2018-06-18,4,RJ,health_beauty,0.0
base,last_week,2018-05-28,2018-05-28,1,RJ,housewares,0.0
base,last_week,2018-05-28,2018-06-04,2,RJ,housewares,0.0
base,last_week,2018-05-28,2018-06-11,3,RJ,housewares,0.0
base,last_week,2018-05-28,2018-06-18,4,RJ,housewares,0.0
base,last_week,2018-05-28,2018-05-28,1,RJ,sports_leisure,7.0
base,last_week,2018-05-28,2018-06-04,2,RJ,sports_leisure,0.0
base,last_week,2018-05-28,2018-06-11,3,RJ,sports_leisure,0.0
base,last_week,2018-05-28,2018-06-18,4,RJ,sports_leisure,0.0
base,last_week,2018-05-28,2018-05-28,1,RJ,telephony,0.0
base,last_week,2018-05-28,2018-06-04,2,RJ,telephony,0.0
base,last_week,2018-05-28,2018-06-11,3,RJ,telephony,0.0
base,last_week,2018-05-28,2018-06-18,4,RJ,telephony,0.0
base,last_week,2018-05-28,2018-05-28,1,RJ,watches_gifts,7.0
base,last_week,2018-05-28,2018-06-04,2,RJ,watches_gifts,0.0
base,last_week,2018-05-28,2018-06-11,3,RJ,watches_gifts,0.0
base,last_week,2018-05-28,2018-06-18,4,RJ,watches_gifts,0.0
base,last_week,2018-05-28,2018-05-28,1,RS,auto,0.0
base,last_week,2018-05-28,2018-06-04,2,RS,auto,0.0
base,last_week,2018-05-28,2018-06-11,3,RS,auto,0.0
base,last_week,2018-05-28,2018-06-18,4,RS,auto,0.0
base,last_week,2018-05-28,2018-05-28,1,RS,bed_bath_table,0.0
base,last_week,2018-05-28,2018-06-04,2,RS,bed_bath_table,0.0
base,last_week,2018-05-28,2018-06-11,3,RS,bed_bath_table,0.0
base,last_week,2018-05-28,2018-06-18,4,RS,bed_bath_table,0.0
base,last_week,2018-05-28,2018-05-28,1,RS,computers_accessories,10.0
base,last_week,2018-05-28,2018-06-04,2,RS,computers_accessories,10.0
base,last_week,2018-05-28,2018-06-11,3,RS,computers_accessories,0.0
base,last_week,2018-05-28,2018-06-18,4,RS,computers_accessories,0.0
base,last_week,2018-05-28,2018-05-28,1,RS,furniture_decor,0.0
base,last_week,2018-05-28,2018-06-04,2,RS,furniture_decor,0.0
base,last_week,2018-05-28,2018-06-11,3,RS,furniture_decor,0.0
base,last_week,2018-05-28,2018-06-18,4,RS,furniture_decor,0.0
base,last_week,2018-05-28,2018-05-28,1,RS,garden_tools,0.0
base,last_week,2018-05-28,2018-06-04,2,RS,garden_tools,0.0
base,last_week,2018-05-28,2018-06-11,3,RS,garden_tools,0.0
base,last_week,2018-05-28,2018-06-18,4,RS,garden_tools,0.0
base,last_week,2018-05-28,2018-05-28,1,RS,health_beauty,3.0
base,last_week,2018-05-28,2018-06-04,2,RS,health_beauty,3.0
base,last_week,2018-05-28,2018-06-11,3,RS,health_beauty,0.0
base,last_week,2018-05-28,2018-06-18,4,RS,health_beauty,0.0
base,last_week,2018-05-28,2018-05-28,1,RS,housewares,0.0
base,last_week,2018-05-28,2018-06-04,2,RS,housewares,0.0
base,last_week,2018-05-28,2018-06-11,3,RS,housewares,0.0
base,last_week,2018-05-28,2018-06-18,4,RS,housewares,0.0
base,last_week,2018-05-28,2018-05-28,1,RS,sports_leisure,2.0
base,last_week,2018-05-28,2018-06-04,2,RS,sports_leisure,0.0
base,last_week,2018-05-28,2018-06-11,3,RS,sports_leisure,0.0
base,last_week,2018-05-28,2018-06-18,4,RS,sports_leisure,0.0
base,last_week,2018-05-28,2018-05-28,1,RS,telephony,0.0
base,last_week,2018-05-28,2018-06-04,2,RS,telephony,0.0
base,last_week,2018-05-28,2018-06-11,3,RS,telephony,0.0
base,last_week,2018-05-28,2018-06-18,4,RS,telephony,0.0
base,last_week,2018-05-28,2018-05-28,1,RS,watches_gifts,0.0
base,last_week,2018-05-28,2018-06-04,2,RS,watches_gifts,0.0
base,last_week,2018-05-28,2018-06-11,3,RS,watches_gifts,0.0
base,last_week,2018-05-28,2018-06-18,4,RS,watches_gifts,0.0
base,last_week,2018-05-28,2018-05-28,1,SC,auto,0.0
base,last_week,2018-05-28,2018-06-04,2,SC,auto,0.0
base,last_week,2018-05-28,2018-06-11,3,SC,auto,0.0
base,last_week,2018-05-28,2018-06-18,4,SC,auto,0.0
base,last_week,2018-05-28,2018-05-28,1,SC,bed_bath_table,0.0
base,last_week,2018-05-28,2018-06-04,2,SC,bed_bath_table,0.0
base,last_week,2018-05-28,2018-06-11,3,SC,bed_bath_table,0.0
base,last_week,2018-05-28,2018-06-18,4,SC,bed_bath_table,0.0
base,last_week,2018-05-28,2018-05-28,1,SC,computers_accessories,0.0
base,last_week,2018-05-28,2018-06-04,2,SC,computers_accessories,0.0
base,last_week,2018-05-28,2018-06-11,3,SC,computers_accessories,0.0
base,last_week,2018-05-28,2018-06-18,4,SC,computers_accessories,0.0
base,last_week,2018-05-28,2018-05-28,1,SC,furniture_decor,0.0
base,last_week,2018-05-28,2018-06-04,2,SC,furniture_decor,0.0
base,last_week,2018-05-28,2018-06-11,3,SC,furniture_decor,0.0
base,last_week,2018-05-28,2018-06-18,4,SC,furniture_decor,0.0
base,last_week,2018-05-28,2018-05-28,1,SC,garden_tools,0.0
base,last_week,2018-05-28,2018-06-04,2,SC,garden_tools,0.0
base,last_week,2018-05-28,2018-06-11,3,SC,garden_tools,0.0
base,last_week,2018-05-28,2018-06-18,4,SC,garden_tools,0.0
base,last_week,2018-05-28,2018-05-28,1,SC,health_beauty,0.0
base,last_week,2018-05-28,2018-06-04,2,SC,health_beauty,0.0
base,last_week,2018-05-28,2018-06-11,3,SC,health_beauty,0.0
base,last_week,2018-05-28,2018-06-18,4,SC,health_beauty,0.0
base,last_week,2018-05-28,2018-05-28,1,SC,housewares,0.0
base,last_week,2018-05-28,2018-06-04,2,SC,housewares,0.0
base,last_week,2018-05-28,2018-06-11,3,SC,housewares,0.0
base,last_week,2018-05-28,2018-06-18,4,SC,housewares,0.0
base,last_week,2018-05-28,2018-05-28,1,SC,sports_leisure,5.0
base,last_week,2018-05-28,2018-06-04,2,SC,sports_leisure,5.0
base,last_week,2018-05-28,2018-06-11,3,SC,sports_leisure,0.0
base,last_week,2018-05-28,2018-06-18,4,SC,sports_leisure,0.0
base,last_week,2018-05-28,2018-05-28,1,SC,telephony,0.0
base,last_week,2018-05-28,2018-06-04,2,SC,telephony,0.0
base,last_week,2018-05-28,2018-06-11,3,SC,telephony,0.0
base,last_week,2018-05-28,2018-06-18,4,SC,telephony,0.0
base,last_week,2018-05-28,2018-05-28,1,SC,watches_gifts,0.0
base,last_week,2018-05-28,2018-06-04,2,SC,watches_gifts,0.0
base,last_week,2018-05-28,2018-06-11,3,SC,watches_gifts,0.0
base,last_week,2018-05-28,2018-06-18,4,SC,watches_gifts,0.0
base,last_week,2018-05-28,2018-05-28,1,SP,auto,41.0
base,last_week,2018-05-28,2018-06-04,2,SP,auto,0.0
base,last_week,2018-05-28,2018-06-11,3,SP,auto,0.0
base,last_week,2018-05-28,2018-06-18,4,SP,auto,0.0
base,last_week,2018-05-28,2018-05-28,1,SP,bed_bath_table,97.0
base,last_week,2018-05-28,2018-06-04,2,SP,bed_bath_table,0.0
base,last_week,2018-05-28,2018-06-11,3,SP,bed_bath_table,0.0
base,last_week,2018-05-28,2018-06-18,4,SP,bed_bath_table,0.0
base,last_week,2018-05-28,2018-05-28,1,SP,computers_accessories,18.0
base,last_week,2018-05-28,2018-06-04,2,SP,computers_accessories,0.0
base,last_week,2018-05-28,2018-06-11,3,SP,computers_accessories,0.0
base,last_week,2018-05-28,2018-06-18,4,SP,computers_accessories,0.0
base,last_week,2018-05-28,2018-05-28,1,SP,furniture_decor,63.0
base,last_week,2018-05-28,2018-06-04,2,SP,furniture_decor,0.0
base,last_week,2018-05-28,2018-06-11,3,SP,furniture_decor,0.0
base,last_week,2018-05-28,2018-06-18,4,SP,furniture_decor,0.0
base,last_week,2018-05-28,2018-05-28,1,SP,garden_tools,29.0
base,last_week,2018-05-28,2018-06-04,2,SP,garden_tools,0.0
base,last_week,2018-05-28,2018-06-11,3,SP,garden_tools,0.0
base,last_week,2018-05-28,2018-06-18,4,SP,garden_tools,0.0
base,last_week,2018-05-28,2018-05-28,1,SP,health_beauty,59.0
base,last_week,2018-05-28,2018-06-04,2,SP,health_beauty,0.0
base,last_week,2018-05-28,2018-06-11,3,SP,health_beauty,0.0
base,last_week,2018-05-28,2018-06-18,4,SP,health_beauty,0.0
base,last_week,2018-05-28,2018-05-28,1,SP,housewares,42.0
base,last_week,2018-05-28,2018-06-04,2,SP,housewares,0.0
base,last_week,2018-05-28,2018-06-11,3,SP,housewares,0.0
base,last_week,2018-05-28,2018-06-18,4,SP,housewares,0.0
base,last_week,2018-05-28,2018-05-28,1,SP,sports_leisure,76.0
base,last_week,2018-05-28,2018-06-04,2,SP,sports_leisure,21.0
base,last_week,2018-05-28,2018-06-11,3,SP,sports_leisure,0.0
base,last_week,2018-05-28,2018-06-18,4,SP,sports_leisure,0.0
base,last_week,2018-05-28,2018-05-28,1,SP,telephony,46.0
base,last_week,2018-05-28,2018-06-04,2,SP,telephony,3.0
base,last_week,2018-05-28,2018-06-11,3,SP,telephony,0.0
base,last_week,2018-05-28,2018-06-18,4,SP,telephony,0.0
base,last_week,2018-05-28,2018-05-28,1,SP,watches_gifts,38.0
base,last_week,2018-05-28,2018-06-04,2,SP,watches_gifts,0.0
base,last_week,2018-05-28,2018-06-11,3,SP,watches_gifts,0.0
base,last_week,2018-05-28,2018-06-18,4,SP,watches_gifts,0.0
base,last_week,2018-06-04,2018-06-04,1,MG,auto,0.0
base,last_week,2018-06-04,2018-06-11,2,MG,auto,0.0
base,last_week,2018-06-04,2018-06-18,3,MG,auto,0.0
base,last_week,2018-06-04,2018-06-25,4,MG,auto,0.0
base,last_week,2018-06-04,2018-06-04,1,MG,bed_bath_table,0.0
base,last_week,2018-06-04,2018-06-11,2,MG,bed_bath_table,0.0
base,last_week,2018-06-04,2018-06-18,3,MG,bed_bath_table,0.0
base,last_week,2018-06-04,2018-06-25,4,MG,bed_bath_table,0.0
base,last_week,2018-06-04,2018-06-04,1,MG,computers_accessories,22.0
base,last_week,2018-06-04,2018-06-11,2,MG,computers_accessories,11.0
base,last_week,2018-06-04,2018-06-18,3,MG,computers_accessories,2.0
base,last_week,2018-06-04,2018-06-25,4,MG,computers_accessories,0.0
base,last_week,2018-06-04,2018-06-04,1,MG,furniture_decor,0.0
base,last_week,2018-06-04,2018-06-11,2,MG,furniture_decor,0.0
base,last_week,2018-06-04,2018-06-18,3,MG,furniture_decor,0.0
base,last_week,2018-06-04,2018-06-25,4,MG,furniture_decor,0.0
base,last_week,2018-06-04,2018-06-04,1,MG,garden_tools,0.0
base,last_week,2018-06-04,2018-06-11,2,MG,garden_tools,0.0
base,last_week,2018-06-04,2018-06-18,3,MG,garden_tools,0.0
base,last_week,2018-06-04,2018-06-25,4,MG,garden_tools,0.0
base,last_week,2018-06-04,2018-06-04,1,MG,health_beauty,0.0
base,last_week,2018-06-04,2018-06-11,2,MG,health_beauty,0.0
base,last_week,2018-06-04,2018-06-18,3,MG,health_beauty,0.0
base,last_week,2018-06-04,2018-06-25,4,MG,health_beauty,0.0
base,last_week,2018-06-04,2018-06-04,1,MG,housewares,0.0
base,last_week,2018-06-04,2018-06-11,2,MG,housewares,0.0
base,last_week,2018-06-04,2018-06-18,3,MG,housewares,0.0
base,last_week,2018-06-04,2018-06-25,4,MG,housewares,0.0
base,last_week,2018-06-04,2018-06-04,1,MG,sports_leisure,0.0
base,last_week,2018-06-04,2018-06-11,2,MG,sports_leisure,0.0
base,last_week,2018-06-04,2018-06-18,3,MG,sports_leisure,0.0
base,last_week,2018-06-04,2018-06-25,4,MG,sports_leisure,0.0
base,last_week,2018-06-04,2018-06-04,1,MG,telephony,0.0
base,last_week,2018-06-04,2018-06-11,2,MG,telephony,0.0
base,last_week,2018-06-04,2018-06-18,3,MG,telephony,0.0
base,last_week,2018-06-04,2018-06-25,4,MG,telephony,0.0
base,last_week,2018-06-04,2018-06-04,1,MG,watches_gifts,0.0
base,last_week,2018-06-04,2018-06-11,2,MG,watches_gifts,0.0
base,last_week,2018-06-04,2018-06-18,3,MG,watches_gifts,0.0
base,last_week,2018-06-04,2018-06-25,4,MG,watches_gifts,0.0
base,last_week,2018-06-04,2018-06-04,1,PR,auto,2.0
base,last_week,2018-06-04,2018-06-11,2,PR,auto,0.0
base,last_week,2018-06-04,2018-06-18,3,PR,auto,0.0
base,last_week,2018-06-04,2018-06-25,4,PR,auto,0.0
base,last_week,2018-06-04,2018-06-04,1,PR,bed_bath_table,0.0
base,last_week,2018-06-04,2018-06-11,2,PR,bed_bath_table,0.0
base,last_week,2018-06-04,2018-06-18,3,PR,bed_bath_table,0.0
base,last_week,2018-06-04,2018-06-25,4,PR,bed_bath_table,0.0
base,last_week,2018-06-04,2018-06-04,1,PR,computers_accessories,18.0
base,last_week,2018-06-04,2018-06-11,2,PR,computers_accessories,18.0
base,last_week,2018-06-04,2018-06-18,3,PR,computers_accessories,9.0
base,last_week,2018-06-04,2018-06-25,4,PR,computers_accessories,0.0
base,last_week,2018-06-04,2018-06-04,1,PR,furniture_decor,0.0
base,last_week,2018-06-04,2018-06-11,2,PR,furniture_decor,0.0
base,last_week,2018-06-04,2018-06-18,3,PR,furniture_decor,0.0
base,last_week,2018-06-04,2018-06-25,4,PR,furniture_decor,0.0
base,last_week,2018-06-04,2018-06-04,1,PR,garden_tools,5.0
base,last_week,2018-06-04,2018-06-11,2,PR,garden_tools,0.0
base,last_week,2018-06-04,2018-06-18,3,PR,garden_tools,0.0
base,last_week,2018-06-04,2018-06-25,4,PR,garden_tools,0.0
base,last_week,2018-06-04,2018-06-04,1,PR,health_beauty,0.0
base,last_week,2018-06-04,2018-06-11,2,PR,health_beauty,0.0
base,last_week,2018-06-04,2018-06-18,3,PR,health_beauty,0.0
base,last_week,2018-06-04,2018-06-25,4,PR,health_beauty,0.0
base,last_week,2018-06-04,2018-06-04,1,PR,housewares,0.0
base,last_week,2018-06-04,2018-06-11,2,PR,housewares,0.0
base,last_week,2018-06-04,2018-06-18,3,PR,housewares,0.0
base,last_week,2018-06-04,2018-06-25,4,PR,housewares,0.0
base,last_week,2018-06-04,2018-06-04,1,PR,sports_leisure,5.0
base,last_week,2018-06-04,2018-06-11,2,PR,sports_leisure,0.0
base,last_week,2018-06-04,2018-06-18,3,PR,sports_leisure,0.0
base,last_week,2018-06-04,2018-06-25,4,PR,sports_leisure,0.0
base,last_week,2018-06-04,2018-06-04,1,PR,telephony,0.0
base,last_week,2018-06-04,2018-06-11,2,PR,telephony,0.0
base,last_week,2018-06-04,2018-06-18,3,PR,telephony,0.0
base,last_week,2018-06-04,2018-06-25,4,PR,telephony,0.0
base,last_week,2018-06-04,2018-06-04,1,PR,watches_gifts,0.0
base,last_week,2018-06-04,2018-06-11,2,PR,watches_gifts,0.0
base,last_week,2018-06-04,2018-06-18,3,PR,watches_gifts,0.0
base,last_week,2018-06-04,2018-06-25,4,PR,watches_gifts,0.0
base,last_week,2018-06-04,2018-06-04,1,RJ,auto,0.0
base,last_week,2018-06-04,2018-06-11,2,RJ,auto,0.0
base,last_week,2018-06-04,2018-06-18,3,RJ,auto,0.0
base,last_week,2018-06-04,2018-06-25,4,RJ,auto,0.0
base,last_week,2018-06-04,2018-06-04,1,RJ,bed_bath_table,0.0
base,last_week,2018-06-04,2018-06-11,2,RJ,bed_bath_table,1.0
base,last_week,2018-06-04,2018-06-18,3,RJ,bed_bath_table,0.0
base,last_week,2018-06-04,2018-06-25,4,RJ,bed_bath_table,0.0
base,last_week,2018-06-04,2018-06-04,1,RJ,computers_accessories,3.0
base,last_week,2018-06-04,2018-06-11,2,RJ,computers_accessories,0.0
base,last_week,2018-06-04,2018-06-18,3,RJ,computers_accessories,0.0
base,last_week,2018-06-04,2018-06-25,4,RJ,computers_accessories,0.0
base,last_week,2018-06-04,2018-06-04,1,RJ,furniture_decor,0.0
base,last_week,2018-06-04,2018-06-11,2,RJ,furniture_decor,0.0
base,last_week,2018-06-04,2018-06-18,3,RJ,furniture_decor,0.0
base,last_week,2018-06-04,2018-06-25,4,RJ,furniture_decor,0.0
base,last_week,2018-06-04,2018-06-04,1,RJ,garden_tools,0.0
base,last_week,2018-06-04,2018-06-11,2,RJ,garden_tools,4.0
base,last_week,2018-06-04,2018-06-18,3,RJ,garden_tools,0.0
base,last_week,2018-06-04,2018-06-25,4,RJ,garden_tools,0.0
base,last_week,2018-06-04,2018-06-04,1,RJ,health_beauty,12.0
base,last_week,2018-06-04,2018-06-11,2,RJ,health_beauty,3.0
base,last_week,2018-06-04,2018-06-18,3,RJ,health_beauty,0.0
base,last_week,2018-06-04,2018-06-25,4,RJ,health_beauty,0.0
base,last_week,2018-06-04,2018-06-04,1,RJ,housewares,0.0
base,last_week,2018-06-04,2018-06-11,2,RJ,housewares,0.0
base,last_week,2018-06-04,2018-06-18,3,RJ,housewares,0.0
base,last_week,2018-06-04,2018-06-25,4,RJ,housewares,0.0
base,last_week,2018-06-04,2018-06-04,1,RJ,sports_leisure,0.0
base,last_week,2018-06-04,2018-06-11,2,RJ,sports_leisure,0.0
base,last_week,2018-06-04,2018-06-18,3,RJ,sports_leisure,0.0
base,last_week,2018-06-04,2018-06-25,4,RJ,sports_leisure,0.0
base,last_week,2018-06-04,2018-06-04,1,RJ,telephony,0.0
base,last_week,2018-06-04,2018-06-11,2,RJ,telephony,0.0
base,last_week,2018-06-04,2018-06-18,3,RJ,telephony,0.0
base,last_week,2018-06-04,2018-06-25,4,RJ,telephony,0.0
base,last_week,2018-06-04,2018-06-04,1,RJ,watches_gifts,0.0
base,last_week,2018-06-04,2018-06-11,2,RJ,watches_gifts,0.0
base,last_week,2018-06-04,2018-06-18,3,RJ,watches_gifts,0.0
base,last_week,2018-06-04,2018-06-25,4,RJ,watches_gifts,0.0
base,last_week,2018-06-04,2018-06-04,1,RS,auto,0.0
base,last_week,2018-06-04,2018-06-11,2,RS,auto,0.0
base,last_week,2018-06-04,2018-06-18,3,RS,auto,0.0
base,last_week,2018-06-04,2018-06-25,4,RS,auto,0.0
base,last_week,2018-06-04,2018-06-04,1,RS,bed_bath_table,4.0
base,last_week,2018-06-04,2018-06-11,2,RS,bed_bath_table,0.0
base,last_week,2018-06-04,2018-06-18,3,RS,bed_bath_table,0.0
base,last_week,2018-06-04,2018-06-25,4,RS,bed_bath_table,0.0
base,last_week,2018-06-04,2018-06-04,1,RS,computers_accessories,9.0
base,last_week,2018-06-04,2018-06-11,2,RS,computers_accessories,0.0
base,last_week,2018-06-04,2018-06-18,3,RS,computers_accessories,0.0
base,last_week,2018-06-04,2018-06-25,4,RS,computers_accessories,0.0
base,last_week,2018-06-04,2018-06-04,1,RS,furniture_decor,0.0
base,last_week,2018-06-04,2018-06-11,2,RS,furniture_decor,0.0
base,last_week,2018-06-04,2018-06-18,3,RS,furniture_decor,0.0
base,last_week,2018-06-04,2018-06-25,4,RS,furniture_decor,0.0
base,last_week,2018-06-04,2018-06-04,1,RS,garden_tools,1.0
base,last_week,2018-06-04,2018-06-11,2,RS,garden_tools,0.0
base,last_week,2018-06-04,2018-06-18,3,RS,garden_tools,0.0
base,last_week,2018-06-04,2018-06-25,4,RS,garden_tools,0.0
base,last_week,2018-06-04,2018-06-04,1,RS,health_beauty,0.0
base,last_week,2018-06-04,2018-06-11,2,RS,health_beauty,0.0
base,last_week,2018-06-04,2018-06-18,3,RS,health_beauty,0.0
base,last_week,2018-06-04,2018-06-25,4,RS,health_beauty,0.0
base,last_week,2018-06-04,2018-06-04,1,RS,housewares,0.0
base,last_week,2018-06-04,2018-06-11,2,RS,housewares,0.0
base,last_week,2018-06-04,2018-06-18,3,RS,housewares,0.0
base,last_week,2018-06-04,2018-06-25,4,RS,housewares,0.0
base,last_week,2018-06-04,2018-06-04,1,RS,sports_leisure,0.0
base,last_week,2018-06-04,2018-06-11,2,RS,sports_leisure,0.0
base,last_week,2018-06-04,2018-06-18,3,RS,sports_leisure,0.0
base,last_week,2018-06-04,2018-06-25,4,RS,sports_leisure,0.0
base,last_week,2018-06-04,2018-06-04,1,RS,telephony,5.0
base,last_week,2018-06-04,2018-06-11,2,RS,telephony,0.0
base,last_week,2018-06-04,2018-06-18,3,RS,telephony,0.0
base,last_week,2018-06-04,2018-06-25,4,RS,telephony,0.0
base,last_week,2018-06-04,2018-06-04,1,RS,watches_gifts,0.0
base,last_week,2018-06-04,2018-06-11,2,RS,watches_gifts,0.0
base,last_week,2018-06-04,2018-06-18,3,RS,watches_gifts,0.0
base,last_week,2018-06-04,2018-06-25,4,RS,watches_gifts,0.0
base,last_week,2018-06-04,2018-06-04,1,SC,auto,0.0
base,last_week,2018-06-04,2018-06-11,2,SC,auto,0.0
base,last_week,2018-06-04,2018-06-18,3,SC,auto,0.0
base,last_week,2018-06-04,2018-06-25,4,SC,auto,0.0
base,last_week,2018-06-04,2018-06-04,1,SC,bed_bath_table,0.0
base,last_week,2018-06-04,2018-06-11,2,SC,bed_bath_table,0.0
base,last_week,2018-06-04,2018-06-18,3,SC,bed_bath_table,0.0
base,last_week,2018-06-04,2018-06-25,4,SC,bed_bath_table,0.0
base,last_week,2018-06-04,2018-06-04,1,SC,computers_accessories,0.0
base,last_week,2018-06-04,2018-06-11,2,SC,computers_accessories,0.0
base,last_week,2018-06-04,2018-06-18,3,SC,computers_accessories,0.0
base,last_week,2018-06-04,2018-06-25,4,SC,computers_accessories,0.0
base,last_week,2018-06-04,2018-06-04,1,SC,furniture_decor,0.0
base,last_week,2018-06-04,2018-06-11,2,SC,furniture_decor,0.0
base,last_week,2018-06-04,2018-06-18,3,SC,furniture_decor,0.0
base,last_week,2018-06-04,2018-06-25,4,SC,furniture_decor,0.0
base,last_week,2018-06-04,2018-06-04,1,SC,garden_tools,2.0
base,last_week,2018-06-04,2018-06-11,2,SC,garden_tools,0.0
base,last_week,2018-06-04,2018-06-18,3,SC,garden_tools,0.0
base,last_week,2018-06-04,2018-06-25,4,SC,garden_tools,0.0
base,last_week,2018-06-04,2018-06-04,1,SC,health_beauty,0.0
base,last_week,2018-06-04,2018-06-11,2,SC,health_beauty,0.0
base,last_week,2018-06-04,2018-06-18,3,SC,health_beauty,0.0
base,last_week,2018-06-04,2018-06-25,4,SC,health_beauty,0.0
base,last_week,2018-06-04,2018-06-04,1,SC,housewares,0.0
base,last_week,2018-06-04,2018-06-11,2,SC,housewares,0.0
base,last_week,2018-06-04,2018-06-18,3,SC,housewares,0.0
base,last_week,2018-06-04,2018-06-25,4,SC,housewares,0.0
base,last_week,2018-06-04,2018-06-04,1,SC,sports_leisure,0.0
base,last_week,2018-06-04,2018-06-11,2,SC,sports_leisure,0.0
base,last_week,2018-06-04,2018-06-18,3,SC,sports_leisure,0.0
base,last_week,2018-06-04,2018-06-25,4,SC,sports_leisure,0.0
base,last_week,2018-06-04,2018-06-04,1,SC,telephony,0.0
base,last_week,2018-06-04,2018-06-11,2,SC,telephony,0.0
base,last_week,2018-06-04,2018-06-18,3,SC,telephony,0.0
base,last_week,2018-06-04,2018-06-25,4,SC,telephony,0.0
base,last_week,2018-06-04,2018-06-04,1,SC,watches_gifts,0.0
base,last_week,2018-06-04,2018-06-11,2,SC,watches_gifts,0.0
base,last_week,2018-06-04,2018-06-18,3,SC,watches_gifts,0.0
base,last_week,2018-06-04,2018-06-25,4,SC,watches_gifts,0.0
base,last_week,2018-06-04,2018-06-04,1,SP,auto,11.0
base,last_week,2018-06-04,2018-06-11,2,SP,auto,0.0
base,last_week,2018-06-04,2018-06-18,3,SP,auto,0.0
base,last_week,2018-06-04,2018-06-25,4,SP,auto,0.0
base,last_week,2018-06-04,2018-06-04,1,SP,bed_bath_table,22.0
base,last_week,2018-06-04,2018-06-11,2,SP,bed_bath_table,0.0
base,last_week,2018-06-04,2018-06-18,3,SP,bed_bath_table,0.0
base,last_week,2018-06-04,2018-06-25,4,SP,bed_bath_table,0.0
base,last_week,2018-06-04,2018-06-04,1,SP,computers_accessories,54.0
base,last_week,2018-06-04,2018-06-11,2,SP,computers_accessories,0.0
base,last_week,2018-06-04,2018-06-18,3,SP,computers_accessories,0.0
base,last_week,2018-06-04,2018-06-25,4,SP,computers_accessories,0.0
base,last_week,2018-06-04,2018-06-04,1,SP,furniture_decor,27.0
base,last_week,2018-06-04,2018-06-11,2,SP,furniture_decor,0.0
base,last_week,2018-06-04,2018-06-18,3,SP,furniture_decor,0.0
base,last_week,2018-06-04,2018-06-25,4,SP,furniture_decor,0.0
base,last_week,2018-06-04,2018-06-04,1,SP,garden_tools,47.0
base,last_week,2018-06-04,2018-06-11,2,SP,garden_tools,7.0
base,last_week,2018-06-04,2018-06-18,3,SP,garden_tools,0.0
base,last_week,2018-06-04,2018-06-25,4,SP,garden_tools,0.0
base,last_week,2018-06-04,2018-06-04,1,SP,health_beauty,0.0
base,last_week,2018-06-04,2018-06-11,2,SP,health_beauty,0.0
base,last_week,2018-06-04,2018-06-18,3,SP,health_beauty,0.0
base,last_week,2018-06-04,2018-06-25,4,SP,health_beauty,0.0
base,last_week,2018-06-04,2018-06-04,1,SP,housewares,0.0
base,last_week,2018-06-04,2018-06-11,2,SP,housewares,0.0
base,last_week,2018-06-04,2018-06-18,3,SP,housewares,0.0
base,last_week,2018-06-04,2018-06-25,4,SP,housewares,0.0
base,last_week,2018-06-04,2018-06-04,1,SP,sports_leisure,4.0
base,last_week,2018-06-04,2018-06-11,2,SP,sports_leisure,0.0
base,last_week,2018-06-04,2018-06-18,3,SP,sports_leisure,0.0
base,last_week,2018-06-04,2018-06-25,4,SP,sports_leisure,0.0
base,last_week,2018-06-04,2018-06-04,1,SP,telephony,15.0
base,last_week,2018-06-04,2018-06-11,2,SP,telephony,0.0
base,last_week,2018-06-04,2018-06-18,3,SP,telephony,0.0
base,last_week,2018-06-04,2018-06-25,4,SP,telephony,0.0
base,last_week,2018-06-04,2018-06-04,1,SP,watches_gifts,0.0
base,last_week,2018-06-04,2018-06-11,2,SP,watches_gifts,0.0
base,last_week,2018-06-04,2018-06-18,3,SP,watches_gifts,0.0
base,last_week,2018-06-04,2018-06-25,4,SP,watches_gifts,0.0
base,last_week,2018-06-11,2018-06-11,1,MG,auto,0.0
base,last_week,2018-06-11,2018-06-18,2,MG,auto,0.0
base,last_week,2018-06-11,2018-06-25,3,MG,auto,0.0
base,last_week,2018-06-11,2018-07-02,4,MG,auto,0.0
base,last_week,2018-06-11,2018-06-11,1,MG,bed_bath_table,0.0
base,last_week,2018-06-11,2018-06-18,2,MG,bed_bath_table,0.0
base,last_week,2018-06-11,2018-06-25,3,MG,bed_bath_table,0.0
base,last_week,2018-06-11,2018-07-02,4,MG,bed_bath_table,0.0
base,last_week,2018-06-11,2018-06-11,1,MG,computers_accessories,0.0
base,last_week,2018-06-11,2018-06-18,2,MG,computers_accessories,0.0
base,last_week,2018-06-11,2018-06-25,3,MG,computers_accessories,0.0
base,last_week,2018-06-11,2018-07-02,4,MG,computers_accessories,0.0
base,last_week,2018-06-11,2018-06-11,1,MG,furniture_decor,21.0
base,last_week,2018-06-11,2018-06-18,2,MG,furniture_decor,14.0
base,last_week,2018-06-11,2018-06-25,3,MG,furniture_decor,7.0
base,last_week,2018-06-11,2018-07-02,4,MG,furniture_decor,0.0
base,last_week,2018-06-11,2018-06-11,1,MG,garden_tools,0.0
base,last_week,2018-06-11,2018-06-18,2,MG,garden_tools,0.0
base,last_week,2018-06-11,2018-06-25,3,MG,garden_tools,0.0
base,last_week,2018-06-11,2018-07-02,4,MG,garden_tools,0.0
base,last_week,2018-06-11,2018-06-11,1,MG,health_beauty,0.0
base,last_week,2018-06-11,2018-06-18,2,MG,health_beauty,0.0
base,last_week,2018-06-11,2018-06-25,3,MG,health_beauty,0.0
base,last_week,2018-06-11,2018-07-02,4,MG,health_beauty,0.0
base,last_week,2018-06-11,2018-06-11,1,MG,housewares,0.0
base,last_week,2018-06-11,2018-06-18,2,MG,housewares,0.0
base,last_week,2018-06-11,2018-06-25,3,MG,housewares,0.0
base,last_week,2018-06-11,2018-07-02,4,MG,housewares,0.0
base,last_week,2018-06-11,2018-06-11,1,MG,sports_leisure,0.0
base,last_week,2018-06-11,2018-06-18,2,MG,sports_leisure,0.0
base,last_week,2018-06-11,2018-06-25,3,MG,sports_leisure,0.0
base,last_week,2018-06-11,2018-07-02,4,MG,sports_leisure,0.0
base,last_week,2018-06-11,2018-06-11,1,MG,telephony,0.0
base,last_week,2018-06-11,2018-06-18,2,MG,telephony,0.0
base,last_week,2018-06-11,2018-06-25,3,MG,telephony,0.0
base,last_week,2018-06-11,2018-07-02,4,MG,telephony,0.0
base,last_week,2018-06-11,2018-06-11,1,MG,watches_gifts,0.0
base,last_week,2018-06-11,2018-06-18,2,MG,watches_gifts,0.0
base,last_week,2018-06-11,2018-06-25,3,MG,watches_gifts,0.0
base,last_week,2018-06-11,2018-07-02,4,MG,watches_gifts,0.0
base,last_week,2018-06-11,2018-06-11,1,PR,auto,0.0
base,last_week,2018-06-11,2018-06-18,2,PR,auto,0.0
base,last_week,2018-06-11,2018-06-25,3,PR,auto,0.0
base,last_week,2018-06-11,2018-07-02,4,PR,auto,0.0
base,last_week,2018-06-11,2018-06-11,1,PR,bed_bath_table,0.0
base,last_week,2018-06-11,2018-06-18,2,PR,bed_bath_table,0.0
base,last_week,2018-06-11,2018-06-25,3,PR,bed_bath_table,0.0
base,last_week,2018-06-11,2018-07-02,4,PR,bed_bath_table,0.0
base,last_week,2018-06-11,2018-06-11,1,PR,computers_accessories,0.0
base,last_week,2018-06-11,2018-06-18,2,PR,computers_accessories,0.0
base,last_week,2018-06-11,2018-06-25,3,PR,computers_accessories,0.0
base,last_week,2018-06-11,2018-07-02,4,PR,computers_accessories,0.0
base,last_week,2018-06-11,2018-06-11,1,PR,furniture_decor,0.0
base,last_week,2018-06-11,2018-06-18,2,PR,furniture_decor,0.0
base,last_week,2018-06-11,2018-06-25,3,PR,furniture_decor,0.0
base,last_week,2018-06-11,2018-07-02,4,PR,furniture_decor,0.0
base,last_week,2018-06-11,2018-06-11,1,PR,garden_tools,0.0
base,last_week,2018-06-11,2018-06-18,2,PR,garden_tools,0.0
base,last_week,2018-06-11,2018-06-25,3,PR,garden_tools,0.0
base,last_week,2018-06-11,2018-07-02,4,PR,garden_tools,0.0
base,last_week,2018-06-11,2018-06-11,1,PR,health_beauty,0.0
base,last_week,2018-06-11,2018-06-18,2,PR,health_beauty,0.0
base,last_week,2018-06-11,2018-06-25,3,PR,health_beauty,0.0
base,last_week,2018-06-11,2018-07-02,4,PR,health_beauty,0.0
base,last_week,2018-06-11,2018-06-11,1,PR,housewares,0.0
base,last_week,2018-06-11,2018-06-18,2,PR,housewares,0.0
base,last_week,2018-06-11,2018-06-25,3,PR,housewares,0.0
base,last_week,2018-06-11,2018-07-02,4,PR,housewares,0.0
base,last_week,2018-06-11,2018-06-11,1,PR,sports_leisure,23.0
base,last_week,2018-06-11,2018-06-18,2,PR,sports_leisure,10.0
base,last_week,2018-06-11,2018-06-25,3,PR,sports_leisure,2.0
base,last_week,2018-06-11,2018-07-02,4,PR,sports_leisure,0.0
base,last_week,2018-06-11,2018-06-11,1,PR,telephony,2.0
base,last_week,2018-06-11,2018-06-18,2,PR,telephony,0.0
base,last_week,2018-06-11,2018-06-25,3,PR,telephony,0.0
base,last_week,2018-06-11,2018-07-02,4,PR,telephony,0.0
base,last_week,2018-06-11,2018-06-11,1,PR,watches_gifts,1.0
base,last_week,2018-06-11,2018-06-18,2,PR,watches_gifts,0.0
base,last_week,2018-06-11,2018-06-25,3,PR,watches_gifts,0.0
base,last_week,2018-06-11,2018-07-02,4,PR,watches_gifts,0.0
base,last_week,2018-06-11,2018-06-11,1,RJ,auto,0.0
base,last_week,2018-06-11,2018-06-18,2,RJ,auto,0.0
base,last_week,2018-06-11,2018-06-25,3,RJ,auto,0.0
base,last_week,2018-06-11,2018-07-02,4,RJ,auto,0.0
base,last_week,2018-06-11,2018-06-11,1,RJ,bed_bath_table,0.0
base,last_week,2018-06-11,2018-06-18,2,RJ,bed_bath_table,0.0
base,last_week,2018-06-11,2018-06-25,3,RJ,bed_bath_table,0.0
base,last_week,2018-06-11,2018-07-02,4,RJ,bed_bath_table,0.0
base,last_week,2018-06-11,2018-06-11,1,RJ,computers_accessories,0.0
base,last_week,2018-06-11,2018-06-18,2,RJ,computers_accessories,0.0
base,last_week,2018-06-11,2018-06-25,3,RJ,computers_accessories,0.0
base,last_week,2018-06-11,2018-07-02,4,RJ,computers_accessories,0.0
base,last_week,2018-06-11,2018-06-11,1,RJ,furniture_decor,3.0
base,last_week,2018-06-11,2018-06-18,2,RJ,furniture_decor,2.0
base,last_week,2018-06-11,2018-06-25,3,RJ,furniture_decor,1.0
base,last_week,2018-06-11,2018-07-02,4,RJ,furniture_decor,0.0
base,last_week,2018-06-11,2018-06-11,1,RJ,garden_tools,0.0
base,last_week,2018-06-11,2018-06-18,2,RJ,garden_tools,0.0
base,last_week,2018-06-11,2018-06-25,3,RJ,garden_tools,0.0
base,last_week,2018-06-11,2018-07-02,4,RJ,garden_tools,0.0
base,last_week,2018-06-11,2018-06-11,1,RJ,health_beauty,0.0
base,last_week,2018-06-11,2018-06-18,2,RJ,health_beauty,0.0
base,last_week,2018-06-11,2018-06-25,3,RJ,health_beauty,0.0
base,last_week,2018-06-11,2018-07-02,4,RJ,health_beauty,0.0
base,last_week,2018-06-11,2018-06-11,1,RJ,housewares,0.0
base,last_week,2018-06-11,2018-06-18,2,RJ,housewares,0.0
base,last_week,2018-06-11,2018-06-25,3,RJ,housewares,0.0
base,last_week,2018-06-11,2018-07-02,4,RJ,housewares,0.0
base,last_week,2018-06-11,2018-06-11,1,RJ,sports_leisure,0.0
base,last_week,2018-06-11,2018-06-18,2,RJ,sports_leisure,0.0
base,last_week,2018-06-11,2018-06-25,3,RJ,sports_leisure,0.0
base,last_week,2018-06-11,2018-07-02,4,RJ,sports_leisure,0.0
base,last_week,2018-06-11,2018-06-11,1,RJ,telephony,0.0
base,last_week,2018-06-11,2018-06-18,2,RJ,telephony,0.0
base,last_week,2018-06-11,2018-06-25,3,RJ,telephony,0.0
base,last_week,2018-06-11,2018-07-02,4,RJ,telephony,0.0
base,last_week,2018-06-11,2018-06-11,1,RJ,watches_gifts,1.0
base,last_week,2018-06-11,2018-06-18,2,RJ,watches_gifts,0.0
base,last_week,2018-06-11,2018-06-25,3,RJ,watches_gifts,0.0
base,last_week,2018-06-11,2018-07-02,4,RJ,watches_gifts,0.0
base,last_week,2018-06-11,2018-06-11,1,RS,auto,0.0
base,last_week,2018-06-11,2018-06-18,2,RS,auto,0.0
base,last_week,2018-06-11,2018-06-25,3,RS,auto,0.0
base,last_week,2018-06-11,2018-07-02,4,RS,auto,0.0
base,last_week,2018-06-11,2018-06-11,1,RS,bed_bath_table,0.0
base,last_week,2018-06-11,2018-06-18,2,RS,bed_bath_table,0.0
base,last_week,2018-06-11,2018-06-25,3,RS,bed_bath_table,0.0
base,last_week,2018-06-11,2018-07-02,4,RS,bed_bath_table,0.0
base,last_week,2018-06-11,2018-06-11,1,RS,computers_accessories,0.0
base,last_week,2018-06-11,2018-06-18,2,RS,computers_accessories,0.0
base,last_week,2018-06-11,2018-06-25,3,RS,computers_accessories,0.0
base,last_week,2018-06-11,2018-07-02,4,RS,computers_accessories,0.0
base,last_week,2018-06-11,2018-06-11,1,RS,furniture_decor,0.0
base,last_week,2018-06-11,2018-06-18,2,RS,furniture_decor,0.0
base,last_week,2018-06-11,2018-06-25,3,RS,furniture_decor,0.0
base,last_week,2018-06-11,2018-07-02,4,RS,furniture_decor,0.0
base,last_week,2018-06-11,2018-06-11,1,RS,garden_tools,0.0
base,last_week,2018-06-11,2018-06-18,2,RS,garden_tools,0.0
base,last_week,2018-06-11,2018-06-25,3,RS,garden_tools,0.0
base,last_week,2018-06-11,2018-07-02,4,RS,garden_tools,0.0
base,last_week,2018-06-11,2018-06-11,1,RS,health_beauty,0.0
base,last_week,2018-06-11,2018-06-18,2,RS,health_beauty,0.0
base,last_week,2018-06-11,2018-06-25,3,RS,health_beauty,0.0
base,last_week,2018-06-11,2018-07-02,4,RS,health_beauty,0.0
base,last_week,2018-06-11,2018-06-11,1,RS,housewares,0.0
base,last_week,2018-06-11,2018-06-18,2,RS,housewares,0.0
base,last_week,2018-06-11,2018-06-25,3,RS,housewares,0.0
base,last_week,2018-06-11,2018-07-02,4,RS,housewares,0.0
base,last_week,2018-06-11,2018-06-11,1,RS,sports_leisure,0.0
base,last_week,2018-06-11,2018-06-18,2,RS,sports_leisure,0.0
base,last_week,2018-06-11,2018-06-25,3,RS,sports_leisure,0.0
base,last_week,2018-06-11,2018-07-02,4,RS,sports_leisure,0.0
base,last_week,2018-06-11,2018-06-11,1,RS,telephony,2.0
base,last_week,2018-06-11,2018-06-18,2,RS,telephony,0.0
base,last_week,2018-06-11,2018-06-25,3,RS,telephony,0.0
base,last_week,2018-06-11,2018-07-02,4,RS,telephony,0.0
base,last_week,2018-06-11,2018-06-11,1,RS,watches_gifts,0.0
base,last_week,2018-06-11,2018-06-18,2,RS,watches_gifts,0.0
base,last_week,2018-06-11,2018-06-25,3,RS,watches_gifts,0.0
base,last_week,2018-06-11,2018-07-02,4,RS,watches_gifts,0.0
base,last_week,2018-06-11,2018-06-11,1,SC,auto,0.0
base,last_week,2018-06-11,2018-06-18,2,SC,auto,0.0
base,last_week,2018-06-11,2018-06-25,3,SC,auto,0.0
base,last_week,2018-06-11,2018-07-02,4,SC,auto,0.0
base,last_week,2018-06-11,2018-06-11,1,SC,bed_bath_table,0.0
base,last_week,2018-06-11,2018-06-18,2,SC,bed_bath_table,0.0
base,last_week,2018-06-11,2018-06-25,3,SC,bed_bath_table,0.0
base,last_week,2018-06-11,2018-07-02,4,SC,bed_bath_table,0.0
base,last_week,2018-06-11,2018-06-11,1,SC,computers_accessories,0.0
base,last_week,2018-06-11,2018-06-18,2,SC,computers_accessories,0.0
base,last_week,2018-06-11,2018-06-25,3,SC,computers_accessories,0.0
base,last_week,2018-06-11,2018-07-02,4,SC,computers_accessories,0.0
base,last_week,2018-06-11,2018-06-11,1,SC,furniture_decor,0.0
base,last_week,2018-06-11,2018-06-18,2,SC,furniture_decor,0.0
base,last_week,2018-06-11,2018-06-25,3,SC,furniture_decor,0.0
base,last_week,2018-06-11,2018-07-02,4,SC,furniture_decor,0.0
base,last_week,2018-06-11,2018-06-11,1,SC,garden_tools,0.0
base,last_week,2018-06-11,2018-06-18,2,SC,garden_tools,0.0
base,last_week,2018-06-11,2018-06-25,3,SC,garden_tools,0.0
base,last_week,2018-06-11,2018-07-02,4,SC,garden_tools,0.0
base,last_week,2018-06-11,2018-06-11,1,SC,health_beauty,0.0
base,last_week,2018-06-11,2018-06-18,2,SC,health_beauty,0.0
base,last_week,2018-06-11,2018-06-25,3,SC,health_beauty,0.0
base,last_week,2018-06-11,2018-07-02,4,SC,health_beauty,0.0
base,last_week,2018-06-11,2018-06-11,1,SC,housewares,0.0
base,last_week,2018-06-11,2018-06-18,2,SC,housewares,0.0
base,last_week,2018-06-11,2018-06-25,3,SC,housewares,0.0
base,last_week,2018-06-11,2018-07-02,4,SC,housewares,0.0
base,last_week,2018-06-11,2018-06-11,1,SC,sports_leisure,5.0
base,last_week,2018-06-11,2018-06-18,2,SC,sports_leisure,5.0
base,last_week,2018-06-11,2018-06-25,3,SC,sports_leisure,0.0
base,last_week,2018-06-11,2018-07-02,4,SC,sports_leisure,0.0
base,last_week,2018-06-11,2018-06-11,1,SC,telephony,0.0
base,last_week,2018-06-11,2018-06-18,2,SC,telephony,0.0
base,last_week,2018-06-11,2018-06-25,3,SC,telephony,0.0
base,last_week,2018-06-11,2018-07-02,4,SC,telephony,0.0
base,last_week,2018-06-11,2018-06-11,1,SC,watches_gifts,0.0
base,last_week,2018-06-11,2018-06-18,2,SC,watches_gifts,0.0
base,last_week,2018-06-11,2018-06-25,3,SC,watches_gifts,0.0
base,last_week,2018-06-11,2018-07-02,4,SC,watches_gifts,0.0
base,last_week,2018-06-11,2018-06-11,1,SP,auto,0.0
base,last_week,2018-06-11,2018-06-18,2,SP,auto,0.0
base,last_week,2018-06-11,2018-06-25,3,SP,auto,0.0
base,last_week,2018-06-11,2018-07-02,4,SP,auto,0.0
base,last_week,2018-06-11,2018-06-11,1,SP,bed_bath_table,0.0
base,last_week,2018-06-11,2018-06-18,2,SP,bed_bath_table,0.0
base,last_week,2018-06-11,2018-06-25,3,SP,bed_bath_table,0.0
base,last_week,2018-06-11,2018-07-02,4,SP,bed_bath_table,0.0
base,last_week,2018-06-11,2018-06-11,1,SP,computers_accessories,0.0
base,last_week,2018-06-11,2018-06-18,2,SP,computers_accessories,0.0
base,last_week,2018-06-11,2018-06-25,3,SP,computers_accessories,0.0
base,last_week,2018-06-11,2018-07-02,4,SP,computers_accessories,0.0
base,last_week,2018-06-11,2018-06-11,1,SP,furniture_decor,46.0
base,last_week,2018-06-11,2018-06-18,2,SP,furniture_decor,0.0
base,last_week,2018-06-11,2018-06-25,3,SP,furniture_decor,0.0
base,last_week,2018-06-11,2018-07-02,4,SP,furniture_decor,0.0
base,last_week,2018-06-11,2018-06-11,1,SP,garden_tools,0.0
base,last_week,2018-06-11,2018-06-18,2,SP,garden_tools,0.0
base,last_week,2018-06-11,2018-06-25,3,SP,garden_tools,0.0
base,last_week,2018-06-11,2018-07-02,4,SP,garden_tools,0.0
base,last_week,2018-06-11,2018-06-11,1,SP,health_beauty,0.0
base,last_week,2018-06-11,2018-06-18,2,SP,health_beauty,0.0
base,last_week,2018-06-11,2018-06-25,3,SP,health_beauty,0.0
base,last_week,2018-06-11,2018-07-02,4,SP,health_beauty,0.0
base,last_week,2018-06-11,2018-06-11,1,SP,housewares,0.0
base,last_week,2018-06-11,2018-06-18,2,SP,housewares,0.0
base,last_week,2018-06-11,2018-06-25,3,SP,housewares,0.0
base,last_week,2018-06-11,2018-07-02,4,SP,housewares,0.0
base,last_week,2018-06-11,2018-06-11,1,SP,sports_leisure,8.0
base,last_week,2018-06-11,2018-06-18,2,SP,sports_leisure,0.0
base,last_week,2018-06-11,2018-06-25,3,SP,sports_leisure,0.0
base,last_week,2018-06-11,2018-07-02,4,SP,sports_leisure,0.0
base,last_week,2018-06-11,2018-06-11,1,SP,telephony,6.0
base,last_week,2018-06-11,2018-06-18,2,SP,telephony,0.0
base,last_week,2018-06-11,2018-06-25,3,SP,telephony,0.0
base,last_week,2018-06-11,2018-07-02,4,SP,telephony,0.0
base,last_week,2018-06-11,2018-06-11,1,SP,watches_gifts,4.0
base,last_week,2018-06-11,2018-06-18,2,SP,watches_gifts,0.0
base,last_week,2018-06-11,2018-06-25,3,SP,watches_gifts,0.0
base,last_week,2018-06-11,2018-07-02,4,SP,watches_gifts,0.0
base,last_week,2018-06-18,2018-06-18,1,MG,auto,0.0
base,last_week,2018-06-18,2018-06-25,2,MG,auto,0.0
base,last_week,2018-06-18,2018-07-02,3,MG,auto,0.0
base,last_week,2018-06-18,2018-07-09,4,MG,auto,0.0
base,last_week,2018-06-18,2018-06-18,1,MG,bed_bath_table,0.0
base,last_week,2018-06-18,2018-06-25,2,MG,bed_bath_table,0.0
base,last_week,2018-06-18,2018-07-02,3,MG,bed_bath_table,0.0
base,last_week,2018-06-18,2018-07-09,4,MG,bed_bath_table,0.0
base,last_week,2018-06-18,2018-06-18,1,MG,computers_accessories,6.0
base,last_week,2018-06-18,2018-06-25,2,MG,computers_accessories,0.0
base,last_week,2018-06-18,2018-07-02,3,MG,computers_accessories,0.0
base,last_week,2018-06-18,2018-07-09,4,MG,computers_accessories,0.0
base,last_week,2018-06-18,2018-06-18,1,MG,furniture_decor,0.0
base,last_week,2018-06-18,2018-06-25,2,MG,furniture_decor,0.0
base,last_week,2018-06-18,2018-07-02,3,MG,furniture_decor,0.0
base,last_week,2018-06-18,2018-07-09,4,MG,furniture_decor,0.0
base,last_week,2018-06-18,2018-06-18,1,MG,garden_tools,0.0
base,last_week,2018-06-18,2018-06-25,2,MG,garden_tools,0.0
base,last_week,2018-06-18,2018-07-02,3,MG,garden_tools,0.0
base,last_week,2018-06-18,2018-07-09,4,MG,garden_tools,0.0
base,last_week,2018-06-18,2018-06-18,1,MG,health_beauty,0.0
base,last_week,2018-06-18,2018-06-25,2,MG,health_beauty,0.0
base,last_week,2018-06-18,2018-07-02,3,MG,health_beauty,0.0
base,last_week,2018-06-18,2018-07-09,4,MG,health_beauty,0.0
base,last_week,2018-06-18,2018-06-18,1,MG,housewares,0.0
base,last_week,2018-06-18,2018-06-25,2,MG,housewares,0.0
base,last_week,2018-06-18,2018-07-02,3,MG,housewares,0.0
base,last_week,2018-06-18,2018-07-09,4,MG,housewares,0.0
base,last_week,2018-06-18,2018-06-18,1,MG,sports_leisure,0.0
base,last_week,2018-06-18,2018-06-25,2,MG,sports_leisure,0.0
base,last_week,2018-06-18,2018-07-02,3,MG,sports_leisure,0.0
base,last_week,2018-06-18,2018-07-09,4,MG,sports_leisure,0.0
base,last_week,2018-06-18,2018-06-18,1,MG,telephony,0.0
base,last_week,2018-06-18,2018-06-25,2,MG,telephony,0.0
base,last_week,2018-06-18,2018-07-02,3,MG,telephony,0.0
base,last_week,2018-06-18,2018-07-09,4,MG,telephony,0.0
base,last_week,2018-06-18,2018-06-18,1,MG,watches_gifts,0.0
base,last_week,2018-06-18,2018-06-25,2,MG,watches_gifts,0.0
base,last_week,2018-06-18,2018-07-02,3,MG,watches_gifts,0.0
base,last_week,2018-06-18,2018-07-09,4,MG,watches_gifts,0.0
base,last_week,2018-06-18,2018-06-18,1,PR,auto,5.0
base,last_week,2018-06-18,2018-06-25,2,PR,auto,0.0
base,last_week,2018-06-18,2018-07-02,3,PR,auto,0.0
base,last_week,2018-06-18,2018-07-09,4,PR,auto,0.0
base,last_week,2018-06-18,2018-06-18,1,PR,bed_bath_table,0.0
base,last_week,2018-06-18,2018-06-25,2,PR,bed_bath_table,0.0
base,last_week,2018-06-18,2018-07-02,3,PR,bed_bath_table,0.0
base,last_week,2018-06-18,2018-07-09,4,PR,bed_bath_table,0.0
base,last_week,2018-06-18,2018-06-18,1,PR,computers_accessories,0.0
base,last_week,2018-06-18,2018-06-25,2,PR,computers_accessories,0.0
base,last_week,2018-06-18,2018-07-02,3,PR,computers_accessories,0.0
base,last_week,2018-06-18,2018-07-09,4,PR,computers_accessories,0.0
base,last_week,2018-06-18,2018-06-18,1,PR,furniture_decor,0.0
base,last_week,2018-06-18,2018-06-25,2,PR,furniture_decor,0.0
base,last_week,2018-06-18,2018-07-02,3,PR,furniture_decor,0.0
base,last_week,2018-06-18,2018-07-09,4,PR,furniture_decor,0.0
base,last_week,2018-06-18,2018-06-18,1,PR,garden_tools,0.0
base,last_week,2018-06-18,2018-06-25,2,PR,garden_tools,0.0
base,last_week,2018-06-18,2018-07-02,3,PR,garden_tools,0.0
base,last_week,2018-06-18,2018-07-09,4,PR,garden_tools,0.0
base,last_week,2018-06-18,2018-06-18,1,PR,health_beauty,0.0
base,last_week,2018-06-18,2018-06-25,2,PR,health_beauty,0.0
base,last_week,2018-06-18,2018-07-02,3,PR,health_beauty,0.0
base,last_week,2018-06-18,2018-07-09,4,PR,health_beauty,0.0
base,last_week,2018-06-18,2018-06-18,1,PR,housewares,0.0
base,last_week,2018-06-18,2018-06-25,2,PR,housewares,0.0
base,last_week,2018-06-18,2018-07-02,3,PR,housewares,0.0
base,last_week,2018-06-18,2018-07-09,4,PR,housewares,0.0
base,last_week,2018-06-18,2018-06-18,1,PR,sports_leisure,0.0
base,last_week,2018-06-18,2018-06-25,2,PR,sports_leisure,0.0
base,last_week,2018-06-18,2018-07-02,3,PR,sports_leisure,0.0
base,last_week,2018-06-18,2018-07-09,4,PR,sports_leisure,0.0
base,last_week,2018-06-18,2018-06-18,1,PR,telephony,0.0
base,last_week,2018-06-18,2018-06-25,2,PR,telephony,0.0
base,last_week,2018-06-18,2018-07-02,3,PR,telephony,0.0
base,last_week,2018-06-18,2018-07-09,4,PR,telephony,0.0
base,last_week,2018-06-18,2018-06-18,1,PR,watches_gifts,0.0
base,last_week,2018-06-18,2018-06-25,2,PR,watches_gifts,0.0
base,last_week,2018-06-18,2018-07-02,3,PR,watches_gifts,0.0
base,last_week,2018-06-18,2018-07-09,4,PR,watches_gifts,0.0
base,last_week,2018-06-18,2018-06-18,1,RJ,auto,0.0
base,last_week,2018-06-18,2018-06-25,2,RJ,auto,0.0
base,last_week,2018-06-18,2018-07-02,3,RJ,auto,0.0
base,last_week,2018-06-18,2018-07-09,4,RJ,auto,0.0
base,last_week,2018-06-18,2018-06-18,1,RJ,bed_bath_table,10.0
base,last_week,2018-06-18,2018-06-25,2,RJ,bed_bath_table,2.0
base,last_week,2018-06-18,2018-07-02,3,RJ,bed_bath_table,0.0
base,last_week,2018-06-18,2018-07-09,4,RJ,bed_bath_table,0.0
base,last_week,2018-06-18,2018-06-18,1,RJ,computers_accessories,0.0
base,last_week,2018-06-18,2018-06-25,2,RJ,computers_accessories,0.0
base,last_week,2018-06-18,2018-07-02,3,RJ,computers_accessories,0.0
base,last_week,2018-06-18,2018-07-09,4,RJ,computers_accessories,0.0
base,last_week,2018-06-18,2018-06-18,1,RJ,furniture_decor,0.0
base,last_week,2018-06-18,2018-06-25,2,RJ,furniture_decor,0.0
base,last_week,2018-06-18,2018-07-02,3,RJ,furniture_decor,0.0
base,last_week,2018-06-18,2018-07-09,4,RJ,furniture_decor,0.0
base,last_week,2018-06-18,2018-06-18,1,RJ,garden_tools,3.0
base,last_week,2018-06-18,2018-06-25,2,RJ,garden_tools,0.0
base,last_week,2018-06-18,2018-07-02,3,RJ,garden_tools,0.0
base,last_week,2018-06-18,2018-07-09,4,RJ,garden_tools,0.0
base,last_week,2018-06-18,2018-06-18,1,RJ,health_beauty,0.0
base,last_week,2018-06-18,2018-06-25,2,RJ,health_beauty,0.0
base,last_week,2018-06-18,2018-07-02,3,RJ,health_beauty,0.0
base,last_week,2018-06-18,2018-07-09,4,RJ,health_beauty,0.0
base,last_week,2018-06-18,2018-06-18,1,RJ,housewares,0.0
base,last_week,2018-06-18,2018-06-25,2,RJ,housewares,0.0
base,last_week,2018-06-18,2018-07-02,3,RJ,housewares,0.0
base,last_week,2018-06-18,2018-07-09,4,RJ,housewares,0.0
base,last_week,2018-06-18,2018-06-18,1,RJ,sports_leisure,0.0
base,last_week,2018-06-18,2018-06-25,2,RJ,sports_leisure,0.0
base,last_week,2018-06-18,2018-07-02,3,RJ,sports_leisure,0.0
base,last_week,2018-06-18,2018-07-09,4,RJ,sports_leisure,0.0
base,last_week,2018-06-18,2018-06-18,1,RJ,telephony,0.0
base,last_week,2018-06-18,2018-06-25,2,RJ,telephony,0.0
base,last_week,2018-06-18,2018-07-02,3,RJ,telephony,0.0
base,last_week,2018-06-18,2018-07-09,4,RJ,telephony,0.0
base,last_week,2018-06-18,2018-06-18,1,RJ,watches_gifts,0.0
base,last_week,2018-06-18,2018-06-25,2,RJ,watches_gifts,0.0
base,last_week,2018-06-18,2018-07-02,3,RJ,watches_gifts,0.0
base,last_week,2018-06-18,2018-07-09,4,RJ,watches_gifts,0.0
base,last_week,2018-06-18,2018-06-18,1,RS,auto,0.0
base,last_week,2018-06-18,2018-06-25,2,RS,auto,0.0
base,last_week,2018-06-18,2018-07-02,3,RS,auto,0.0
base,last_week,2018-06-18,2018-07-09,4,RS,auto,0.0
base,last_week,2018-06-18,2018-06-18,1,RS,bed_bath_table,3.0
base,last_week,2018-06-18,2018-06-25,2,RS,bed_bath_table,0.0
base,last_week,2018-06-18,2018-07-02,3,RS,bed_bath_table,1.0
base,last_week,2018-06-18,2018-07-09,4,RS,bed_bath_table,0.0
base,last_week,2018-06-18,2018-06-18,1,RS,computers_accessories,0.0
base,last_week,2018-06-18,2018-06-25,2,RS,computers_accessories,0.0
base,last_week,2018-06-18,2018-07-02,3,RS,computers_accessories,0.0
base,last_week,2018-06-18,2018-07-09,4,RS,computers_accessories,0.0
base,last_week,2018-06-18,2018-06-18,1,RS,furniture_decor,0.0
base,last_week,2018-06-18,2018-06-25,2,RS,furniture_decor,0.0
base,last_week,2018-06-18,2018-07-02,3,RS,furniture_decor,0.0
base,last_week,2018-06-18,2018-07-09,4,RS,furniture_decor,0.0
base,last_week,2018-06-18,2018-06-18,1,RS,garden_tools,0.0
base,last_week,2018-06-18,2018-06-25,2,RS,garden_tools,0.0
base,last_week,2018-06-18,2018-07-02,3,RS,garden_tools,0.0
base,last_week,2018-06-18,2018-07-09,4,RS,garden_tools,0.0
base,last_week,2018-06-18,2018-06-18,1,RS,health_beauty,0.0
base,last_week,2018-06-18,2018-06-25,2,RS,health_beauty,0.0
base,last_week,2018-06-18,2018-07-02,3,RS,health_beauty,0.0
base,last_week,2018-06-18,2018-07-09,4,RS,health_beauty,0.0
base,last_week,2018-06-18,2018-06-18,1,RS,housewares,4.0
base,last_week,2018-06-18,2018-06-25,2,RS,housewares,0.0
base,last_week,2018-06-18,2018-07-02,3,RS,housewares,0.0
base,last_week,2018-06-18,2018-07-09,4,RS,housewares,0.0
base,last_week,2018-06-18,2018-06-18,1,RS,sports_leisure,0.0
base,last_week,2018-06-18,2018-06-25,2,RS,sports_leisure,0.0
base,last_week,2018-06-18,2018-07-02,3,RS,sports_leisure,0.0
base,last_week,2018-06-18,2018-07-09,4,RS,sports_leisure,0.0
base,last_week,2018-06-18,2018-06-18,1,RS,telephony,0.0
base,last_week,2018-06-18,2018-06-25,2,RS,telephony,0.0
base,last_week,2018-06-18,2018-07-02,3,RS,telephony,0.0
base,last_week,2018-06-18,2018-07-09,4,RS,telephony,0.0
base,last_week,2018-06-18,2018-06-18,1,RS,watches_gifts,0.0
base,last_week,2018-06-18,2018-06-25,2,RS,watches_gifts,0.0
base,last_week,2018-06-18,2018-07-02,3,RS,watches_gifts,0.0
base,last_week,2018-06-18,2018-07-09,4,RS,watches_gifts,0.0
base,last_week,2018-06-18,2018-06-18,1,SC,auto,0.0
base,last_week,2018-06-18,2018-06-25,2,SC,auto,0.0
base,last_week,2018-06-18,2018-07-02,3,SC,auto,0.0
base,last_week,2018-06-18,2018-07-09,4,SC,auto,0.0
base,last_week,2018-06-18,2018-06-18,1,SC,bed_bath_table,0.0
base,last_week,2018-06-18,2018-06-25,2,SC,bed_bath_table,0.0
base,last_week,2018-06-18,2018-07-02,3,SC,bed_bath_table,0.0
base,last_week,2018-06-18,2018-07-09,4,SC,bed_bath_table,0.0
base,last_week,2018-06-18,2018-06-18,1,SC,computers_accessories,0.0
base,last_week,2018-06-18,2018-06-25,2,SC,computers_accessories,0.0
base,last_week,2018-06-18,2018-07-02,3,SC,computers_accessories,0.0
base,last_week,2018-06-18,2018-07-09,4,SC,computers_accessories,0.0
base,last_week,2018-06-18,2018-06-18,1,SC,furniture_decor,0.0
base,last_week,2018-06-18,2018-06-25,2,SC,furniture_decor,0.0
base,last_week,2018-06-18,2018-07-02,3,SC,furniture_decor,0.0
base,last_week,2018-06-18,2018-07-09,4,SC,furniture_decor,0.0
base,last_week,2018-06-18,2018-06-18,1,SC,garden_tools,0.0
base,last_week,2018-06-18,2018-06-25,2,SC,garden_tools,0.0
base,last_week,2018-06-18,2018-07-02,3,SC,garden_tools,0.0
base,last_week,2018-06-18,2018-07-09,4,SC,garden_tools,0.0
base,last_week,2018-06-18,2018-06-18,1,SC,health_beauty,0.0
base,last_week,2018-06-18,2018-06-25,2,SC,health_beauty,0.0
base,last_week,2018-06-18,2018-07-02,3,SC,health_beauty,0.0
base,last_week,2018-06-18,2018-07-09,4,SC,health_beauty,0.0
base,last_week,2018-06-18,2018-06-18,1,SC,housewares,0.0
base,last_week,2018-06-18,2018-06-25,2,SC,housewares,0.0
base,last_week,2018-06-18,2018-07-02,3,SC,housewares,0.0
base,last_week,2018-06-18,2018-07-09,4,SC,housewares,0.0
base,last_week,2018-06-18,2018-06-18,1,SC,sports_leisure,0.0
base,last_week,2018-06-18,2018-06-25,2,SC,sports_leisure,0.0
base,last_week,2018-06-18,2018-07-02,3,SC,sports_leisure,0.0
base,last_week,2018-06-18,2018-07-09,4,SC,sports_leisure,0.0
base,last_week,2018-06-18,2018-06-18,1,SC,telephony,0.0
base,last_week,2018-06-18,2018-06-25,2,SC,telephony,0.0
base,last_week,2018-06-18,2018-07-02,3,SC,telephony,0.0
base,last_week,2018-06-18,2018-07-09,4,SC,telephony,0.0
base,last_week,2018-06-18,2018-06-18,1,SC,watches_gifts,0.0
base,last_week,2018-06-18,2018-06-25,2,SC,watches_gifts,0.0
base,last_week,2018-06-18,2018-07-02,3,SC,watches_gifts,0.0
base,last_week,2018-06-18,2018-07-09,4,SC,watches_gifts,0.0
base,last_week,2018-06-18,2018-06-18,1,SP,auto,18.0
base,last_week,2018-06-18,2018-06-25,2,SP,auto,0.0
base,last_week,2018-06-18,2018-07-02,3,SP,auto,0.0
base,last_week,2018-06-18,2018-07-09,4,SP,auto,0.0
base,last_week,2018-06-18,2018-06-18,1,SP,bed_bath_table,5.0
base,last_week,2018-06-18,2018-06-25,2,SP,bed_bath_table,0.0
base,last_week,2018-06-18,2018-07-02,3,SP,bed_bath_table,0.0
base,last_week,2018-06-18,2018-07-09,4,SP,bed_bath_table,0.0
base,last_week,2018-06-18,2018-06-18,1,SP,computers_accessories,25.0
base,last_week,2018-06-18,2018-06-25,2,SP,computers_accessories,0.0
base,last_week,2018-06-18,2018-07-02,3,SP,computers_accessories,0.0
base,last_week,2018-06-18,2018-07-09,4,SP,computers_accessories,0.0
base,last_week,2018-06-18,2018-06-18,1,SP,furniture_decor,0.0
base,last_week,2018-06-18,2018-06-25,2,SP,furniture_decor,0.0
base,last_week,2018-06-18,2018-07-02,3,SP,furniture_decor,0.0
base,last_week,2018-06-18,2018-07-09,4,SP,furniture_decor,0.0
base,last_week,2018-06-18,2018-06-18,1,SP,garden_tools,23.0
base,last_week,2018-06-18,2018-06-25,2,SP,garden_tools,0.0
base,last_week,2018-06-18,2018-07-02,3,SP,garden_tools,0.0
base,last_week,2018-06-18,2018-07-09,4,SP,garden_tools,0.0
base,last_week,2018-06-18,2018-06-18,1,SP,health_beauty,0.0
base,last_week,2018-06-18,2018-06-25,2,SP,health_beauty,0.0
base,last_week,2018-06-18,2018-07-02,3,SP,health_beauty,0.0
base,last_week,2018-06-18,2018-07-09,4,SP,health_beauty,0.0
base,last_week,2018-06-18,2018-06-18,1,SP,housewares,51.0
base,last_week,2018-06-18,2018-06-25,2,SP,housewares,0.0
base,last_week,2018-06-18,2018-07-02,3,SP,housewares,0.0
base,last_week,2018-06-18,2018-07-09,4,SP,housewares,0.0
base,last_week,2018-06-18,2018-06-18,1,SP,sports_leisure,0.0
base,last_week,2018-06-18,2018-06-25,2,SP,sports_leisure,0.0
base,last_week,2018-06-18,2018-07-02,3,SP,sports_leisure,0.0
base,last_week,2018-06-18,2018-07-09,4,SP,sports_leisure,0.0
base,last_week,2018-06-18,2018-06-18,1,SP,telephony,0.0
base,last_week,2018-06-18,2018-06-25,2,SP,telephony,0.0
base,last_week,2018-06-18,2018-07-02,3,SP,telephony,0.0
base,last_week,2018-06-18,2018-07-09,4,SP,telephony,0.0
base,last_week,2018-06-18,2018-06-18,1,SP,watches_gifts,0.0
base,last_week,2018-06-18,2018-06-25,2,SP,watches_gifts,0.0
base,last_week,2018-06-18,2018-07-02,3,SP,watches_gifts,0.0
base,last_week,2018-06-18,2018-07-09,4,SP,watches_gifts,0.0
base,last_week,2018-06-25,2018-06-25,1,MG,auto,0.0
base,last_week,2018-06-25,2018-07-02,2,MG,auto,0.0
base,last_week,2018-06-25,2018-07-09,3,MG,auto,0.0
base,last_week,2018-06-25,2018-07-16,4,MG,auto,0.0
base,last_week,2018-06-25,2018-06-25,1,MG,bed_bath_table,7.0
base,last_week,2018-06-25,2018-07-02,2,MG,bed_bath_table,0.0
base,last_week,2018-06-25,2018-07-09,3,MG,bed_bath_table,0.0
base,last_week,2018-06-25,2018-07-16,4,MG,bed_bath_table,0.0
base,last_week,2018-06-25,2018-06-25,1,MG,computers_accessories,0.0
base,last_week,2018-06-25,2018-07-02,2,MG,computers_accessories,0.0
base,last_week,2018-06-25,2018-07-09,3,MG,computers_accessories,0.0
base,last_week,2018-06-25,2018-07-16,4,MG,computers_accessories,0.0
base,last_week,2018-06-25,2018-06-25,1,MG,furniture_decor,10.0
base,last_week,2018-06-25,2018-07-02,2,MG,furniture_decor,1.0
base,last_week,2018-06-25,2018-07-09,3,MG,furniture_decor,0.0
base,last_week,2018-06-25,2018-07-16,4,MG,furniture_decor,0.0
base,last_week,2018-06-25,2018-06-25,1,MG,garden_tools,0.0
base,last_week,2018-06-25,2018-07-02,2,MG,garden_tools,0.0
base,last_week,2018-06-25,2018-07-09,3,MG,garden_tools,0.0
base,last_week,2018-06-25,2018-07-16,4,MG,garden_tools,0.0
base,last_week,2018-06-25,2018-06-25,1,MG,health_beauty,1.0
base,last_week,2018-06-25,2018-07-02,2,MG,health_beauty,0.0
base,last_week,2018-06-25,2018-07-09,3,MG,health_beauty,0.0
base,last_week,2018-06-25,2018-07-16,4,MG,health_beauty,0.0
base,last_week,2018-06-25,2018-06-25,1,MG,housewares,0.0
base,last_week,2018-06-25,2018-07-02,2,MG,housewares,0.0
base,last_week,2018-06-25,2018-07-09,3,MG,housewares,0.0
base,last_week,2018-06-25,2018-07-16,4,MG,housewares,0.0
base,last_week,2018-06-25,2018-06-25,1,MG,sports_leisure,0.0
base,last_week,2018-06-25,2018-07-02,2,MG,sports_leisure,0.0
base,last_week,2018-06-25,2018-07-09,3,MG,sports_leisure,0.0
base,last_week,2018-06-25,2018-07-16,4,MG,sports_leisure,0.0
base,last_week,2018-06-25,2018-06-25,1,MG,telephony,0.0
base,last_week,2018-06-25,2018-07-02,2,MG,telephony,0.0
base,last_week,2018-06-25,2018-07-09,3,MG,telephony,0.0
base,last_week,2018-06-25,2018-07-16,4,MG,telephony,0.0
base,last_week,2018-06-25,2018-06-25,1,MG,watches_gifts,0.0
base,last_week,2018-06-25,2018-07-02,2,MG,watches_gifts,0.0
base,last_week,2018-06-25,2018-07-09,3,MG,watches_gifts,0.0
base,last_week,2018-06-25,2018-07-16,4,MG,watches_gifts,0.0
base,last_week,2018-06-25,2018-06-25,1,PR,auto,0.0
base,last_week,2018-06-25,2018-07-02,2,PR,auto,0.0
base,last_week,2018-06-25,2018-07-09,3,PR,auto,0.0
base,last_week,2018-06-25,2018-07-16,4,PR,auto,0.0
base,last_week,2018-06-25,2018-06-25,1,PR,bed_bath_table,0.0
base,last_week,2018-06-25,2018-07-02,2,PR,bed_bath_table,0.0
base,last_week,2018-06-25,2018-07-09,3,PR,bed_bath_table,0.0
base,last_week,2018-06-25,2018-07-16,4,PR,bed_bath_table,0.0
base,last_week,2018-06-25,2018-06-25,1,PR,computers_accessories,0.0
base,last_week,2018-06-25,2018-07-02,2,PR,computers_accessories,0.0
base,last_week,2018-06-25,2018-07-09,3,PR,computers_accessories,0.0
base,last_week,2018-06-25,2018-07-16,4,PR,computers_accessories,0.0
base,last_week,2018-06-25,2018-06-25,1,PR,furniture_decor,5.0
base,last_week,2018-06-25,2018-07-02,2,PR,furniture_decor,0.0
base,last_week,2018-06-25,2018-07-09,3,PR,furniture_decor,0.0
base,last_week,2018-06-25,2018-07-16,4,PR,furniture_decor,0.0
base,last_week,2018-06-25,2018-06-25,1,PR,garden_tools,3.0
base,last_week,2018-06-25,2018-07-02,2,PR,garden_tools,0.0
base,last_week,2018-06-25,2018-07-09,3,PR,garden_tools,0.0
base,last_week,2018-06-25,2018-07-16,4,PR,garden_tools,0.0
base,last_week,2018-06-25,2018-06-25,1,PR,health_beauty,0.0
base,last_week,2018-06-25,2018-07-02,2,PR,health_beauty,0.0
base,last_week,2018-06-25,2018-07-09,3,PR,health_beauty,0.0
base,last_week,2018-06-25,2018-07-16,4,PR,health_beauty,0.0
base,last_week,2018-06-25,2018-06-25,1,PR,housewares,4.0
base,last_week,2018-06-25,2018-07-02,2,PR,housewares,0.0
base,last_week,2018-06-25,2018-07-09,3,PR,housewares,0.0
base,last_week,2018-06-25,2018-07-16,4,PR,housewares,0.0
base,last_week,2018-06-25,2018-06-25,1,PR,sports_leisure,3.0
base,last_week,2018-06-25,2018-07-02,2,PR,sports_leisure,0.0
base,last_week,2018-06-25,2018-07-09,3,PR,sports_leisure,0.0
base,last_week,2018-06-25,2018-07-16,4,PR,sports_leisure,0.0
base,last_week,2018-06-25,2018-06-25,1,PR,telephony,0.0
base,last_week,2018-06-25,2018-07-02,2,PR,telephony,0.0
base,last_week,2018-06-25,2018-07-09,3,PR,telephony,0.0
base,last_week,2018-06-25,2018-07-16,4,PR,telephony,0.0
base,last_week,2018-06-25,2018-06-25,1,PR,watches_gifts,1.0
base,last_week,2018-06-25,2018-07-02,2,PR,watches_gifts,0.0
base,last_week,2018-06-25,2018-07-09,3,PR,watches_gifts,0.0
base,last_week,2018-06-25,2018-07-16,4,PR,watches_gifts,0.0
base,last_week,2018-06-25,2018-06-25,1,RJ,auto,0.0
base,last_week,2018-06-25,2018-07-02,2,RJ,auto,0.0
base,last_week,2018-06-25,2018-07-09,3,RJ,auto,0.0
base,last_week,2018-06-25,2018-07-16,4,RJ,auto,0.0
base,last_week,2018-06-25,2018-06-25,1,RJ,bed_bath_table,0.0
base,last_week,2018-06-25,2018-07-02,2,RJ,bed_bath_table,0.0
base,last_week,2018-06-25,2018-07-09,3,RJ,bed_bath_table,0.0
base,last_week,2018-06-25,2018-07-16,4,RJ,bed_bath_table,0.0
base,last_week,2018-06-25,2018-06-25,1,RJ,computers_accessories,0.0
base,last_week,2018-06-25,2018-07-02,2,RJ,computers_accessories,0.0
base,last_week,2018-06-25,2018-07-09,3,RJ,computers_accessories,0.0
base,last_week,2018-06-25,2018-07-16,4,RJ,computers_accessories,0.0
base,last_week,2018-06-25,2018-06-25,1,RJ,furniture_decor,5.0
base,last_week,2018-06-25,2018-07-02,2,RJ,furniture_decor,0.0
base,last_week,2018-06-25,2018-07-09,3,RJ,furniture_decor,0.0
base,last_week,2018-06-25,2018-07-16,4,RJ,furniture_decor,0.0
base,last_week,2018-06-25,2018-06-25,1,RJ,garden_tools,5.0
base,last_week,2018-06-25,2018-07-02,2,RJ,garden_tools,1.0
base,last_week,2018-06-25,2018-07-09,3,RJ,garden_tools,0.0
base,last_week,2018-06-25,2018-07-16,4,RJ,garden_tools,0.0
base,last_week,2018-06-25,2018-06-25,1,RJ,health_beauty,0.0
base,last_week,2018-06-25,2018-07-02,2,RJ,health_beauty,0.0
base,last_week,2018-06-25,2018-07-09,3,RJ,health_beauty,0.0
base,last_week,2018-06-25,2018-07-16,4,RJ,health_beauty,0.0
base,last_week,2018-06-25,2018-06-25,1,RJ,housewares,0.0
base,last_week,2018-06-25,2018-07-02,2,RJ,housewares,0.0
base,last_week,2018-06-25,2018-07-09,3,RJ,housewares,0.0
base,last_week,2018-06-25,2018-07-16,4,RJ,housewares,0.0
base,last_week,2018-06-25,2018-06-25,1,RJ,sports_leisure,0.0
base,last_week,2018-06-25,2018-07-02,2,RJ,sports_leisure,0.0
base,last_week,2018-06-25,2018-07-09,3,RJ,sports_leisure,0.0
base,last_week,2018-06-25,2018-07-16,4,RJ,sports_leisure,0.0
base,last_week,2018-06-25,2018-06-25,1,RJ,telephony,0.0
base,last_week,2018-06-25,2018-07-02,2,RJ,telephony,0.0
base,last_week,2018-06-25,2018-07-09,3,RJ,telephony,0.0
base,last_week,2018-06-25,2018-07-16,4,RJ,telephony,0.0
base,last_week,2018-06-25,2018-06-25,1,RJ,watches_gifts,0.0
base,last_week,2018-06-25,2018-07-02,2,RJ,watches_gifts,0.0
base,last_week,2018-06-25,2018-07-09,3,RJ,watches_gifts,0.0
base,last_week,2018-06-25,2018-07-16,4,RJ,watches_gifts,0.0
base,last_week,2018-06-25,2018-06-25,1,RS,auto,0.0
base,last_week,2018-06-25,2018-07-02,2,RS,auto,0.0
base,last_week,2018-06-25,2018-07-09,3,RS,auto,0.0
base,last_week,2018-06-25,2018-07-16,4,RS,auto,0.0
base,last_week,2018-06-25,2018-06-25,1,RS,bed_bath_table,0.0
base,last_week,2018-06-25,2018-07-02,2,RS,bed_bath_table,0.0
base,last_week,2018-06-25,2018-07-09,3,RS,bed_bath_table,0.0
base,last_week,2018-06-25,2018-07-16,4,RS,bed_bath_table,0.0
base,last_week,2018-06-25,2018-06-25,1,RS,computers_accessories,0.0
base,last_week,2018-06-25,2018-07-02,2,RS,computers_accessories,0.0
base,last_week,2018-06-25,2018-07-09,3,RS,computers_accessories,0.0
base,last_week,2018-06-25,2018-07-16,4,RS,computers_accessories,0.0
base,last_week,2018-06-25,2018-06-25,1,RS,furniture_decor,3.0
base,last_week,2018-06-25,2018-07-02,2,RS,furniture_decor,0.0
base,last_week,2018-06-25,2018-07-09,3,RS,furniture_decor,0.0
base,last_week,2018-06-25,2018-07-16,4,RS,furniture_decor,0.0
base,last_week,2018-06-25,2018-06-25,1,RS,garden_tools,4.0
base,last_week,2018-06-25,2018-07-02,2,RS,garden_tools,2.0
base,last_week,2018-06-25,2018-07-09,3,RS,garden_tools,0.0
base,last_week,2018-06-25,2018-07-16,4,RS,garden_tools,0.0
base,last_week,2018-06-25,2018-06-25,1,RS,health_beauty,0.0
base,last_week,2018-06-25,2018-07-02,2,RS,health_beauty,0.0
base,last_week,2018-06-25,2018-07-09,3,RS,health_beauty,0.0
base,last_week,2018-06-25,2018-07-16,4,RS,health_beauty,0.0
base,last_week,2018-06-25,2018-06-25,1,RS,housewares,14.0
base,last_week,2018-06-25,2018-07-02,2,RS,housewares,0.0
base,last_week,2018-06-25,2018-07-09,3,RS,housewares,0.0
base,last_week,2018-06-25,2018-07-16,4,RS,housewares,0.0
base,last_week,2018-06-25,2018-06-25,1,RS,sports_leisure,0.0
base,last_week,2018-06-25,2018-07-02,2,RS,sports_leisure,0.0
base,last_week,2018-06-25,2018-07-09,3,RS,sports_leisure,0.0
base,last_week,2018-06-25,2018-07-16,4,RS,sports_leisure,0.0
base,last_week,2018-06-25,2018-06-25,1,RS,telephony,0.0
base,last_week,2018-06-25,2018-07-02,2,RS,telephony,0.0
base,last_week,2018-06-25,2018-07-09,3,RS,telephony,0.0
base,last_week,2018-06-25,2018-07-16,4,RS,telephony,0.0
base,last_week,2018-06-25,2018-06-25,1,RS,watches_gifts,3.0
base,last_week,2018-06-25,2018-07-02,2,RS,watches_gifts,0.0
base,last_week,2018-06-25,2018-07-09,3,RS,watches_gifts,0.0
base,last_week,2018-06-25,2018-07-16,4,RS,watches_gifts,0.0
base,last_week,2018-06-25,2018-06-25,1,SC,auto,0.0
base,last_week,2018-06-25,2018-07-02,2,SC,auto,0.0
base,last_week,2018-06-25,2018-07-09,3,SC,auto,0.0
base,last_week,2018-06-25,2018-07-16,4,SC,auto,0.0
base,last_week,2018-06-25,2018-06-25,1,SC,bed_bath_table,0.0
base,last_week,2018-06-25,2018-07-02,2,SC,bed_bath_table,0.0
base,last_week,2018-06-25,2018-07-09,3,SC,bed_bath_table,0.0
base,last_week,2018-06-25,2018-07-16,4,SC,bed_bath_table,0.0
base,last_week,2018-06-25,2018-06-25,1,SC,computers_accessories,0.0
base,last_week,2018-06-25,2018-07-02,2,SC,computers_accessories,0.0
base,last_week,2018-06-25,2018-07-09,3,SC,computers_accessories,0.0
base,last_week,2018-06-25,2018-07-16,4,SC,computers_accessories,0.0
base,last_week,2018-06-25,2018-06-25,1,SC,furniture_decor,0.0
base,last_week,2018-06-25,2018-07-02,2,SC,furniture_decor,0.0
base,last_week,2018-06-25,2018-07-09,3,SC,furniture_decor,0.0
base,last_week,2018-06-25,2018-07-16,4,SC,furniture_decor,0.0
base,last_week,2018-06-25,2018-06-25,1,SC,garden_tools,5.0
base,last_week,2018-06-25,2018-07-02,2,SC,garden_tools,0.0
base,last_week,2018-06-25,2018-07-09,3,SC,garden_tools,0.0
base,last_week,2018-06-25,2018-07-16,4,SC,garden_tools,0.0
base,last_week,2018-06-25,2018-06-25,1,SC,health_beauty,0.0
base,last_week,2018-06-25,2018-07-02,2,SC,health_beauty,0.0
base,last_week,2018-06-25,2018-07-09,3,SC,health_beauty,0.0
base,last_week,2018-06-25,2018-07-16,4,SC,health_beauty,0.0
base,last_week,2018-06-25,2018-06-25,1,SC,housewares,0.0
base,last_week,2018-06-25,2018-07-02,2,SC,housewares,0.0
base,last_week,2018-06-25,2018-07-09,3,SC,housewares,0.0
base,last_week,2018-06-25,2018-07-16,4,SC,housewares,0.0
base,last_week,2018-06-25,2018-06-25,1,SC,sports_leisure,1.0
base,last_week,2018-06-25,2018-07-02,2,SC,sports_leisure,0.0
base,last_week,2018-06-25,2018-07-09,3,SC,sports_leisure,0.0
base,last_week,2018-06-25,2018-07-16,4,SC,sports_leisure,0.0
base,last_week,2018-06-25,2018-06-25,1,SC,telephony,0.0
base,last_week,2018-06-25,2018-07-02,2,SC,telephony,0.0
base,last_week,2018-06-25,2018-07-09,3,SC,telephony,0.0
base,last_week,2018-06-25,2018-07-16,4,SC,telephony,0.0
base,last_week,2018-06-25,2018-06-25,1,SC,watches_gifts,0.0
base,last_week,2018-06-25,2018-07-02,2,SC,watches_gifts,0.0
base,last_week,2018-06-25,2018-07-09,3,SC,watches_gifts,0.0
base,last_week,2018-06-25,2018-07-16,4,SC,watches_gifts,0.0
base,last_week,2018-06-25,2018-06-25,1,SP,auto,0.0
base,last_week,2018-06-25,2018-07-02,2,SP,auto,0.0
base,last_week,2018-06-25,2018-07-09,3,SP,auto,0.0
base,last_week,2018-06-25,2018-07-16,4,SP,auto,0.0
base,last_week,2018-06-25,2018-06-25,1,SP,bed_bath_table,0.0
base,last_week,2018-06-25,2018-07-02,2,SP,bed_bath_table,0.0
base,last_week,2018-06-25,2018-07-09,3,SP,bed_bath_table,0.0
base,last_week,2018-06-25,2018-07-16,4,SP,bed_bath_table,0.0
base,last_week,2018-06-25,2018-06-25,1,SP,computers_accessories,0.0
base,last_week,2018-06-25,2018-07-02,2,SP,computers_accessories,0.0
base,last_week,2018-06-25,2018-07-09,3,SP,computers_accessories,0.0
base,last_week,2018-06-25,2018-07-16,4,SP,computers_accessories,0.0
base,last_week,2018-06-25,2018-06-25,1,SP,furniture_decor,16.0
base,last_week,2018-06-25,2018-07-02,2,SP,furniture_decor,0.0
base,last_week,2018-06-25,2018-07-09,3,SP,furniture_decor,0.0
base,last_week,2018-06-25,2018-07-16,4,SP,furniture_decor,0.0
base,last_week,2018-06-25,2018-06-25,1,SP,garden_tools,27.0
base,last_week,2018-06-25,2018-07-02,2,SP,garden_tools,0.0
base,last_week,2018-06-25,2018-07-09,3,SP,garden_tools,0.0
base,last_week,2018-06-25,2018-07-16,4,SP,garden_tools,0.0
base,last_week,2018-06-25,2018-06-25,1,SP,health_beauty,0.0
base,last_week,2018-06-25,2018-07-02,2,SP,health_beauty,0.0
base,last_week,2018-06-25,2018-07-09,3,SP,health_beauty,0.0
base,last_week,2018-06-25,2018-07-16,4,SP,health_beauty,0.0
base,last_week,2018-06-25,2018-06-25,1,SP,housewares,44.0
base,last_week,2018-06-25,2018-07-02,2,SP,housewares,0.0
base,last_week,2018-06-25,2018-07-09,3,SP,housewares,0.0
base,last_week,2018-06-25,2018-07-16,4,SP,housewares,0.0
base,last_week,2018-06-25,2018-06-25,1,SP,sports_leisure,2.0
base,last_week,2018-06-25,2018-07-02,2,SP,sports_leisure,0.0
base,last_week,2018-06-25,2018-07-09,3,SP,sports_leisure,0.0
base,last_week,2018-06-25,2018-07-16,4,SP,sports_leisure,0.0
base,last_week,2018-06-25,2018-06-25,1,SP,telephony,4.0
base,last_week,2018-06-25,2018-07-02,2,SP,telephony,0.0
base,last_week,2018-06-25,2018-07-09,3,SP,telephony,0.0
base,last_week,2018-06-25,2018-07-16,4,SP,telephony,0.0
base,last_week,2018-06-25,2018-06-25,1,SP,watches_gifts,18.0
base,last_week,2018-06-25,2018-07-02,2,SP,watches_gifts,0.0
base,last_week,2018-06-25,2018-07-09,3,SP,watches_gifts,0.0
base,last_week,2018-06-25,2018-07-16,4,SP,watches_gifts,0.0
base,last_week,2018-07-02,2018-07-02,1,MG,auto,0.0
base,last_week,2018-07-02,2018-07-09,2,MG,auto,0.0
base,last_week,2018-07-02,2018-07-16,3,MG,auto,0.0
base,last_week,2018-07-02,2018-07-23,4,MG,auto,0.0
base,last_week,2018-07-02,2018-07-02,1,MG,bed_bath_table,0.0
base,last_week,2018-07-02,2018-07-09,2,MG,bed_bath_table,0.0
base,last_week,2018-07-02,2018-07-16,3,MG,bed_bath_table,0.0
base,last_week,2018-07-02,2018-07-23,4,MG,bed_bath_table,0.0
base,last_week,2018-07-02,2018-07-02,1,MG,computers_accessories,6.0
base,last_week,2018-07-02,2018-07-09,2,MG,computers_accessories,0.0
base,last_week,2018-07-02,2018-07-16,3,MG,computers_accessories,0.0
base,last_week,2018-07-02,2018-07-23,4,MG,computers_accessories,0.0
base,last_week,2018-07-02,2018-07-02,1,MG,furniture_decor,0.0
base,last_week,2018-07-02,2018-07-09,2,MG,furniture_decor,0.0
base,last_week,2018-07-02,2018-07-16,3,MG,furniture_decor,0.0
base,last_week,2018-07-02,2018-07-23,4,MG,furniture_decor,0.0
base,last_week,2018-07-02,2018-07-02,1,MG,garden_tools,0.0
base,last_week,2018-07-02,2018-07-09,2,MG,garden_tools,0.0
base,last_week,2018-07-02,2018-07-16,3,MG,garden_tools,0.0
base,last_week,2018-07-02,2018-07-23,4,MG,garden_tools,0.0
base,last_week,2018-07-02,2018-07-02,1,MG,health_beauty,11.0
base,last_week,2018-07-02,2018-07-09,2,MG,health_beauty,0.0
base,last_week,2018-07-02,2018-07-16,3,MG,health_beauty,0.0
base,last_week,2018-07-02,2018-07-23,4,MG,health_beauty,0.0
base,last_week,2018-07-02,2018-07-02,1,MG,housewares,0.0
base,last_week,2018-07-02,2018-07-09,2,MG,housewares,0.0
base,last_week,2018-07-02,2018-07-16,3,MG,housewares,0.0
base,last_week,2018-07-02,2018-07-23,4,MG,housewares,0.0
base,last_week,2018-07-02,2018-07-02,1,MG,sports_leisure,14.0
base,last_week,2018-07-02,2018-07-09,2,MG,sports_leisure,7.0
base,last_week,2018-07-02,2018-07-16,3,MG,sports_leisure,0.0
base,last_week,2018-07-02,2018-07-23,4,MG,sports_leisure,0.0
base,last_week,2018-07-02,2018-07-02,1,MG,telephony,4.0
base,last_week,2018-07-02,2018-07-09,2,MG,telephony,3.0
base,last_week,2018-07-02,2018-07-16,3,MG,telephony,0.0
base,last_week,2018-07-02,2018-07-23,4,MG,telephony,0.0
base,last_week,2018-07-02,2018-07-02,1,MG,watches_gifts,0.0
base,last_week,2018-07-02,2018-07-09,2,MG,watches_gifts,0.0
base,last_week,2018-07-02,2018-07-16,3,MG,watches_gifts,0.0
base,last_week,2018-07-02,2018-07-23,4,MG,watches_gifts,0.0
base,last_week,2018-07-02,2018-07-02,1,PR,auto,0.0
base,last_week,2018-07-02,2018-07-09,2,PR,auto,0.0
base,last_week,2018-07-02,2018-07-16,3,PR,auto,0.0
base,last_week,2018-07-02,2018-07-23,4,PR,auto,0.0
base,last_week,2018-07-02,2018-07-02,1,PR,bed_bath_table,0.0
base,last_week,2018-07-02,2018-07-09,2,PR,bed_bath_table,0.0
base,last_week,2018-07-02,2018-07-16,3,PR,bed_bath_table,0.0
base,last_week,2018-07-02,2018-07-23,4,PR,bed_bath_table,0.0
base,last_week,2018-07-02,2018-07-02,1,PR,computers_accessories,0.0
base,last_week,2018-07-02,2018-07-09,2,PR,computers_accessories,0.0
base,last_week,2018-07-02,2018-07-16,3,PR,computers_accessories,0.0
base,last_week,2018-07-02,2018-07-23,4,PR,computers_accessories,0.0
base,last_week,2018-07-02,2018-07-02,1,PR,furniture_decor,0.0
base,last_week,2018-07-02,2018-07-09,2,PR,furniture_decor,0.0
base,last_week,2018-07-02,2018-07-16,3,PR,furniture_decor,0.0
base,last_week,2018-07-02,2018-07-23,4,PR,furniture_decor,0.0
base,last_week,2018-07-02,2018-07-02,1,PR,garden_tools,0.0
base,last_week,2018-07-02,2018-07-09,2,PR,garden_tools,0.0
base,last_week,2018-07-02,2018-07-16,3,PR,garden_tools,0.0
base,last_week,2018-07-02,2018-07-23,4,PR,garden_tools,0.0
base,last_week,2018-07-02,2018-07-02,1,PR,health_beauty,0.0
base,last_week,2018-07-02,2018-07-09,2,PR,health_beauty,0.0
base,last_week,2018-07-02,2018-07-16,3,PR,health_beauty,0.0
base,last_week,2018-07-02,2018-07-23,4,PR,health_beauty,0.0
base,last_week,2018-07-02,2018-07-02,1,PR,housewares,0.0
base,last_week,2018-07-02,2018-07-09,2,PR,housewares,0.0
base,last_week,2018-07-02,2018-07-16,3,PR,housewares,0.0
base,last_week,2018-07-02,2018-07-23,4,PR,housewares,0.0
base,last_week,2018-07-02,2018-07-02,1,PR,sports_leisure,0.0
base,last_week,2018-07-02,2018-07-09,2,PR,sports_leisure,0.0
base,last_week,2018-07-02,2018-07-16,3,PR,sports_leisure,0.0
base,last_week,2018-07-02,2018-07-23,4,PR,sports_leisure,0.0
base,last_week,2018-07-02,2018-07-02,1,PR,telephony,0.0
base,last_week,2018-07-02,2018-07-09,2,PR,telephony,0.0
base,last_week,2018-07-02,2018-07-16,3,PR,telephony,0.0
base,last_week,2018-07-02,2018-07-23,4,PR,telephony,0.0
base,last_week,2018-07-02,2018-07-02,1,PR,watches_gifts,2.0
base,last_week,2018-07-02,2018-07-09,2,PR,watches_gifts,0.0
base,last_week,2018-07-02,2018-07-16,3,PR,watches_gifts,0.0
base,last_week,2018-07-02,2018-07-23,4,PR,watches_gifts,0.0
base,last_week,2018-07-02,2018-07-02,1,RJ,auto,1.0
base,last_week,2018-07-02,2018-07-09,2,RJ,auto,0.0
base,last_week,2018-07-02,2018-07-16,3,RJ,auto,0.0
base,last_week,2018-07-02,2018-07-23,4,RJ,auto,0.0
base,last_week,2018-07-02,2018-07-02,1,RJ,bed_bath_table,8.0
base,last_week,2018-07-02,2018-07-09,2,RJ,bed_bath_table,0.0
base,last_week,2018-07-02,2018-07-16,3,RJ,bed_bath_table,0.0
base,last_week,2018-07-02,2018-07-23,4,RJ,bed_bath_table,0.0
base,last_week,2018-07-02,2018-07-02,1,RJ,computers_accessories,0.0
base,last_week,2018-07-02,2018-07-09,2,RJ,computers_accessories,0.0
base,last_week,2018-07-02,2018-07-16,3,RJ,computers_accessories,0.0
base,last_week,2018-07-02,2018-07-23,4,RJ,computers_accessories,0.0
base,last_week,2018-07-02,2018-07-02,1,RJ,furniture_decor,0.0
base,last_week,2018-07-02,2018-07-09,2,RJ,furniture_decor,0.0
base,last_week,2018-07-02,2018-07-16,3,RJ,furniture_decor,0.0
base,last_week,2018-07-02,2018-07-23,4,RJ,furniture_decor,0.0
base,last_week,2018-07-02,2018-07-02,1,RJ,garden_tools,0.0
base,last_week,2018-07-02,2018-07-09,2,RJ,garden_tools,0.0
base,last_week,2018-07-02,2018-07-16,3,RJ,garden_tools,0.0
base,last_week,2018-07-02,2018-07-23,4,RJ,garden_tools,0.0
base,last_week,2018-07-02,2018-07-02,1,RJ,health_beauty,22.0
base,last_week,2018-07-02,2018-07-09,2,RJ,health_beauty,11.0
base,last_week,2018-07-02,2018-07-16,3,RJ,health_beauty,0.0
base,last_week,2018-07-02,2018-07-23,4,RJ,health_beauty,0.0
base,last_week,2018-07-02,2018-07-02,1,RJ,housewares,0.0
base,last_week,2018-07-02,2018-07-09,2,RJ,housewares,0.0
base,last_week,2018-07-02,2018-07-16,3,RJ,housewares,0.0
base,last_week,2018-07-02,2018-07-23,4,RJ,housewares,0.0
base,last_week,2018-07-02,2018-07-02,1,RJ,sports_leisure,10.0
base,last_week,2018-07-02,2018-07-09,2,RJ,sports_leisure,0.0
base,last_week,2018-07-02,2018-07-16,3,RJ,sports_leisure,0.0
base,last_week,2018-07-02,2018-07-23,4,RJ,sports_leisure,0.0
base,last_week,2018-07-02,2018-07-02,1,RJ,telephony,10.0
base,last_week,2018-07-02,2018-07-09,2,RJ,telephony,4.0
base,last_week,2018-07-02,2018-07-16,3,RJ,telephony,2.0
base,last_week,2018-07-02,2018-07-23,4,RJ,telephony,0.0
base,last_week,2018-07-02,2018-07-02,1,RJ,watches_gifts,0.0
base,last_week,2018-07-02,2018-07-09,2,RJ,watches_gifts,0.0
base,last_week,2018-07-02,2018-07-16,3,RJ,watches_gifts,0.0
base,last_week,2018-07-02,2018-07-23,4,RJ,watches_gifts,0.0
base,last_week,2018-07-02,2018-07-02,1,RS,auto,0.0
base,last_week,2018-07-02,2018-07-09,2,RS,auto,0.0
base,last_week,2018-07-02,2018-07-16,3,RS,auto,0.0
base,last_week,2018-07-02,2018-07-23,4,RS,auto,0.0
base,last_week,2018-07-02,2018-07-02,1,RS,bed_bath_table,0.0
base,last_week,2018-07-02,2018-07-09,2,RS,bed_bath_table,0.0
base,last_week,2018-07-02,2018-07-16,3,RS,bed_bath_table,0.0
base,last_week,2018-07-02,2018-07-23,4,RS,bed_bath_table,0.0
base,last_week,2018-07-02,2018-07-02,1,RS,computers_accessories,1.0
base,last_week,2018-07-02,2018-07-09,2,RS,computers_accessories,0.0
base,last_week,2018-07-02,2018-07-16,3,RS,computers_accessories,0.0
base,last_week,2018-07-02,2018-07-23,4,RS,computers_accessories,0.0
base,last_week,2018-07-02,2018-07-02,1,RS,furniture_decor,0.0
base,last_week,2018-07-02,2018-07-09,2,RS,furniture_decor,0.0
base,last_week,2018-07-02,2018-07-16,3,RS,furniture_decor,0.0
base,last_week,2018-07-02,2018-07-23,4,RS,furniture_decor,0.0
base,last_week,2018-07-02,2018-07-02,1,RS,garden_tools,0.0
base,last_week,2018-07-02,2018-07-09,2,RS,garden_tools,0.0
base,last_week,2018-07-02,2018-07-16,3,RS,garden_tools,0.0
base,last_week,2018-07-02,2018-07-23,4,RS,garden_tools,0.0
base,last_week,2018-07-02,2018-07-02,1,RS,health_beauty,0.0
base,last_week,2018-07-02,2018-07-09,2,RS,health_beauty,0.0
base,last_week,2018-07-02,2018-07-16,3,RS,health_beauty,0.0
base,last_week,2018-07-02,2018-07-23,4,RS,health_beauty,0.0
base,last_week,2018-07-02,2018-07-02,1,RS,housewares,0.0
base,last_week,2018-07-02,2018-07-09,2,RS,housewares,0.0
base,last_week,2018-07-02,2018-07-16,3,RS,housewares,0.0
base,last_week,2018-07-02,2018-07-23,4,RS,housewares,0.0
base,last_week,2018-07-02,2018-07-02,1,RS,sports_leisure,0.0
base,last_week,2018-07-02,2018-07-09,2,RS,sports_leisure,0.0
base,last_week,2018-07-02,2018-07-16,3,RS,sports_leisure,0.0
base,last_week,2018-07-02,2018-07-23,4,RS,sports_leisure,0.0
base,last_week,2018-07-02,2018-07-02,1,RS,telephony,0.0
base,last_week,2018-07-02,2018-07-09,2,RS,telephony,0.0
base,last_week,2018-07-02,2018-07-16,3,RS,telephony,0.0
base,last_week,2018-07-02,2018-07-23,4,RS,telephony,0.0
base,last_week,2018-07-02,2018-07-02,1,RS,watches_gifts,3.0
base,last_week,2018-07-02,2018-07-09,2,RS,watches_gifts,0.0
base,last_week,2018-07-02,2018-07-16,3,RS,watches_gifts,0.0
base,last_week,2018-07-02,2018-07-23,4,RS,watches_gifts,0.0
base,last_week,2018-07-02,2018-07-02,1,SC,auto,0.0
base,last_week,2018-07-02,2018-07-09,2,SC,auto,0.0
base,last_week,2018-07-02,2018-07-16,3,SC,auto,0.0
base,last_week,2018-07-02,2018-07-23,4,SC,auto,0.0
base,last_week,2018-07-02,2018-07-02,1,SC,bed_bath_table,0.0
base,last_week,2018-07-02,2018-07-09,2,SC,bed_bath_table,0.0
base,last_week,2018-07-02,2018-07-16,3,SC,bed_bath_table,0.0
base,last_week,2018-07-02,2018-07-23,4,SC,bed_bath_table,0.0
base,last_week,2018-07-02,2018-07-02,1,SC,computers_accessories,0.0
base,last_week,2018-07-02,2018-07-09,2,SC,computers_accessories,0.0
base,last_week,2018-07-02,2018-07-16,3,SC,computers_accessories,0.0
base,last_week,2018-07-02,2018-07-23,4,SC,computers_accessories,0.0
base,last_week,2018-07-02,2018-07-02,1,SC,furniture_decor,0.0
base,last_week,2018-07-02,2018-07-09,2,SC,furniture_decor,0.0
base,last_week,2018-07-02,2018-07-16,3,SC,furniture_decor,0.0
base,last_week,2018-07-02,2018-07-23,4,SC,furniture_decor,0.0
base,last_week,2018-07-02,2018-07-02,1,SC,garden_tools,0.0
base,last_week,2018-07-02,2018-07-09,2,SC,garden_tools,0.0
base,last_week,2018-07-02,2018-07-16,3,SC,garden_tools,0.0
base,last_week,2018-07-02,2018-07-23,4,SC,garden_tools,0.0
base,last_week,2018-07-02,2018-07-02,1,SC,health_beauty,0.0
base,last_week,2018-07-02,2018-07-09,2,SC,health_beauty,0.0
base,last_week,2018-07-02,2018-07-16,3,SC,health_beauty,0.0
base,last_week,2018-07-02,2018-07-23,4,SC,health_beauty,0.0
base,last_week,2018-07-02,2018-07-02,1,SC,housewares,0.0
base,last_week,2018-07-02,2018-07-09,2,SC,housewares,0.0
base,last_week,2018-07-02,2018-07-16,3,SC,housewares,0.0
base,last_week,2018-07-02,2018-07-23,4,SC,housewares,0.0
base,last_week,2018-07-02,2018-07-02,1,SC,sports_leisure,3.0
base,last_week,2018-07-02,2018-07-09,2,SC,sports_leisure,0.0
base,last_week,2018-07-02,2018-07-16,3,SC,sports_leisure,0.0
base,last_week,2018-07-02,2018-07-23,4,SC,sports_leisure,0.0
base,last_week,2018-07-02,2018-07-02,1,SC,telephony,0.0
base,last_week,2018-07-02,2018-07-09,2,SC,telephony,0.0
base,last_week,2018-07-02,2018-07-16,3,SC,telephony,0.0
base,last_week,2018-07-02,2018-07-23,4,SC,telephony,0.0
base,last_week,2018-07-02,2018-07-02,1,SC,watches_gifts,0.0
base,last_week,2018-07-02,2018-07-09,2,SC,watches_gifts,0.0
base,last_week,2018-07-02,2018-07-16,3,SC,watches_gifts,0.0
base,last_week,2018-07-02,2018-07-23,4,SC,watches_gifts,0.0
base,last_week,2018-07-02,2018-07-02,1,SP,auto,12.0
base,last_week,2018-07-02,2018-07-09,2,SP,auto,0.0
base,last_week,2018-07-02,2018-07-16,3,SP,auto,0.0
base,last_week,2018-07-02,2018-07-23,4,SP,auto,0.0
base,last_week,2018-07-02,2018-07-02,1,SP,bed_bath_table,94.0
base,last_week,2018-07-02,2018-07-09,2,SP,bed_bath_table,0.0
base,last_week,2018-07-02,2018-07-16,3,SP,bed_bath_table,0.0
base,last_week,2018-07-02,2018-07-23,4,SP,bed_bath_table,0.0
base,last_week,2018-07-02,2018-07-02,1,SP,computers_accessories,0.0
base,last_week,2018-07-02,2018-07-09,2,SP,computers_accessories,0.0
base,last_week,2018-07-02,2018-07-16,3,SP,computers_accessories,0.0
base,last_week,2018-07-02,2018-07-23,4,SP,computers_accessories,0.0
base,last_week,2018-07-02,2018-07-02,1,SP,furniture_decor,0.0
base,last_week,2018-07-02,2018-07-09,2,SP,furniture_decor,0.0
base,last_week,2018-07-02,2018-07-16,3,SP,furniture_decor,0.0
base,last_week,2018-07-02,2018-07-23,4,SP,furniture_decor,0.0
base,last_week,2018-07-02,2018-07-02,1,SP,garden_tools,0.0
base,last_week,2018-07-02,2018-07-09,2,SP,garden_tools,0.0
base,last_week,2018-07-02,2018-07-16,3,SP,garden_tools,0.0
base,last_week,2018-07-02,2018-07-23,4,SP,garden_tools,0.0
base,last_week,2018-07-02,2018-07-02,1,SP,health_beauty,77.0
base,last_week,2018-07-02,2018-07-09,2,SP,health_beauty,0.0
base,last_week,2018-07-02,2018-07-16,3,SP,health_beauty,0.0
base,last_week,2018-07-02,2018-07-23,4,SP,health_beauty,0.0
base,last_week,2018-07-02,2018-07-02,1,SP,housewares,0.0
base,last_week,2018-07-02,2018-07-09,2,SP,housewares,0.0
base,last_week,2018-07-02,2018-07-16,3,SP,housewares,0.0
base,last_week,2018-07-02,2018-07-23,4,SP,housewares,0.0
base,last_week,2018-07-02,2018-07-02,1,SP,sports_leisure,7.0
base,last_week,2018-07-02,2018-07-09,2,SP,sports_leisure,0.0
base,last_week,2018-07-02,2018-07-16,3,SP,sports_leisure,0.0
base,last_week,2018-07-02,2018-07-23,4,SP,sports_leisure,0.0
base,last_week,2018-07-02,2018-07-02,1,SP,telephony,43.0
base,last_week,2018-07-02,2018-07-09,2,SP,telephony,0.0
base,last_week,2018-07-02,2018-07-16,3,SP,telephony,0.0
base,last_week,2018-07-02,2018-07-23,4,SP,telephony,0.0
base,last_week,2018-07-02,2018-07-02,1,SP,watches_gifts,45.0
base,last_week,2018-07-02,2018-07-09,2,SP,watches_gifts,0.0
base,last_week,2018-07-02,2018-07-16,3,SP,watches_gifts,0.0
base,last_week,2018-07-02,2018-07-23,4,SP,watches_gifts,0.0
base,last_week,2018-07-09,2018-07-09,1,MG,auto,0.0
base,last_week,2018-07-09,2018-07-16,2,MG,auto,0.0
base,last_week,2018-07-09,2018-07-23,3,MG,auto,0.0
base,last_week,2018-07-09,2018-07-30,4,MG,auto,0.0
base,last_week,2018-07-09,2018-07-09,1,MG,bed_bath_table,0.0
base,last_week,2018-07-09,2018-07-16,2,MG,bed_bath_table,0.0
base,last_week,2018-07-09,2018-07-23,3,MG,bed_bath_table,0.0
base,last_week,2018-07-09,2018-07-30,4,MG,bed_bath_table,0.0
base,last_week,2018-07-09,2018-07-09,1,MG,computers_accessories,1.0
base,last_week,2018-07-09,2018-07-16,2,MG,computers_accessories,0.0
base,last_week,2018-07-09,2018-07-23,3,MG,computers_accessories,0.0
base,last_week,2018-07-09,2018-07-30,4,MG,computers_accessories,0.0
base,last_week,2018-07-09,2018-07-09,1,MG,furniture_decor,2.0
base,last_week,2018-07-09,2018-07-16,2,MG,furniture_decor,0.0
base,last_week,2018-07-09,2018-07-23,3,MG,furniture_decor,0.0
base,last_week,2018-07-09,2018-07-30,4,MG,furniture_decor,0.0
base,last_week,2018-07-09,2018-07-09,1,MG,garden_tools,0.0
base,last_week,2018-07-09,2018-07-16,2,MG,garden_tools,0.0
base,last_week,2018-07-09,2018-07-23,3,MG,garden_tools,0.0
base,last_week,2018-07-09,2018-07-30,4,MG,garden_tools,0.0
base,last_week,2018-07-09,2018-07-09,1,MG,health_beauty,0.0
base,last_week,2018-07-09,2018-07-16,2,MG,health_beauty,0.0
base,last_week,2018-07-09,2018-07-23,3,MG,health_beauty,0.0
base,last_week,2018-07-09,2018-07-30,4,MG,health_beauty,0.0
base,last_week,2018-07-09,2018-07-09,1,MG,housewares,0.0
base,last_week,2018-07-09,2018-07-16,2,MG,housewares,0.0
base,last_week,2018-07-09,2018-07-23,3,MG,housewares,0.0
base,last_week,2018-07-09,2018-07-30,4,MG,housewares,0.0
base,last_week,2018-07-09,2018-07-09,1,MG,sports_leisure,0.0
base,last_week,2018-07-09,2018-07-16,2,MG,sports_leisure,0.0
base,last_week,2018-07-09,2018-07-23,3,MG,sports_leisure,0.0
base,last_week,2018-07-09,2018-07-30,4,MG,sports_leisure,0.0
base,last_week,2018-07-09,2018-07-09,1,MG,telephony,0.0
base,last_week,2018-07-09,2018-07-16,2,MG,telephony,0.0
base,last_week,2018-07-09,2018-07-23,3,MG,telephony,0.0
base,last_week,2018-07-09,2018-07-30,4,MG,telephony,0.0
base,last_week,2018-07-09,2018-07-09,1,MG,watches_gifts,0.0
base,last_week,2018-07-09,2018-07-16,2,MG,watches_gifts,0.0
base,last_week,2018-07-09,2018-07-23,3,MG,watches_gifts,0.0
base,last_week,2018-07-09,2018-07-30,4,MG,watches_gifts,0.0
base,last_week,2018-07-09,2018-07-09,1,PR,auto,0.0
base,last_week,2018-07-09,2018-07-16,2,PR,auto,0.0
base,last_week,2018-07-09,2018-07-23,3,PR,auto,0.0
base,last_week,2018-07-09,2018-07-30,4,PR,auto,0.0
base,last_week,2018-07-09,2018-07-09,1,PR,bed_bath_table,0.0
base,last_week,2018-07-09,2018-07-16,2,PR,bed_bath_table,0.0
base,last_week,2018-07-09,2018-07-23,3,PR,bed_bath_table,0.0
base,last_week,2018-07-09,2018-07-30,4,PR,bed_bath_table,0.0
base,last_week,2018-07-09,2018-07-09,1,PR,computers_accessories,0.0
base,last_week,2018-07-09,2018-07-16,2,PR,computers_accessories,0.0
base,last_week,2018-07-09,2018-07-23,3,PR,computers_accessories,0.0
base,last_week,2018-07-09,2018-07-30,4,PR,computers_accessories,0.0
base,last_week,2018-07-09,2018-07-09,1,PR,furniture_decor,22.0
base,last_week,2018-07-09,2018-07-16,2,PR,furniture_decor,0.0
base,last_week,2018-07-09,2018-07-23,3,PR,furniture_decor,0.0
base,last_week,2018-07-09,2018-07-30,4,PR,furniture_decor,0.0
base,last_week,2018-07-09,2018-07-09,1,PR,garden_tools,0.0
base,last_week,2018-07-09,2018-07-16,2,PR,garden_tools,0.0
base,last_week,2018-07-09,2018-07-23,3,PR,garden_tools,0.0
base,last_week,2018-07-09,2018-07-30,4,PR,garden_tools,0.0
base,last_week,2018-07-09,2018-07-09,1,PR,health_beauty,18.0
base,last_week,2018-07-09,2018-07-16,2,PR,health_beauty,8.0
base,last_week,2018-07-09,2018-07-23,3,PR,health_beauty,0.0
base,last_week,2018-07-09,2018-07-30,4,PR,health_beauty,0.0
base,last_week,2018-07-09,2018-07-09,1,PR,housewares,0.0
base,last_week,2018-07-09,2018-07-16,2,PR,housewares,0.0
base,last_week,2018-07-09,2018-07-23,3,PR,housewares,0.0
base,last_week,2018-07-09,2018-07-30,4,PR,housewares,0.0
base,last_week,2018-07-09,2018-07-09,1,PR,sports_leisure,0.0
base,last_week,2018-07-09,2018-07-16,2,PR,sports_leisure,0.0
base,last_week,2018-07-09,2018-07-23,3,PR,sports_leisure,0.0
base,last_week,2018-07-09,2018-07-30,4,PR,sports_leisure,0.0
base,last_week,2018-07-09,2018-07-09,1,PR,telephony,0.0
base,last_week,2018-07-09,2018-07-16,2,PR,telephony,0.0
base,last_week,2018-07-09,2018-07-23,3,PR,telephony,0.0
base,last_week,2018-07-09,2018-07-30,4,PR,telephony,0.0
base,last_week,2018-07-09,2018-07-09,1,PR,watches_gifts,0.0
base,last_week,2018-07-09,2018-07-16,2,PR,watches_gifts,0.0
base,last_week,2018-07-09,2018-07-23,3,PR,watches_gifts,0.0
base,last_week,2018-07-09,2018-07-30,4,PR,watches_gifts,0.0
base,last_week,2018-07-09,2018-07-09,1,RJ,auto,3.0
base,last_week,2018-07-09,2018-07-16,2,RJ,auto,0.0
base,last_week,2018-07-09,2018-07-23,3,RJ,auto,0.0
base,last_week,2018-07-09,2018-07-30,4,RJ,auto,0.0
base,last_week,2018-07-09,2018-07-09,1,RJ,bed_bath_table,10.0
base,last_week,2018-07-09,2018-07-16,2,RJ,bed_bath_table,5.0
base,last_week,2018-07-09,2018-07-23,3,RJ,bed_bath_table,0.0
base,last_week,2018-07-09,2018-07-30,4,RJ,bed_bath_table,0.0
base,last_week,2018-07-09,2018-07-09,1,RJ,computers_accessories,0.0
base,last_week,2018-07-09,2018-07-16,2,RJ,computers_accessories,0.0
base,last_week,2018-07-09,2018-07-23,3,RJ,computers_accessories,0.0
base,last_week,2018-07-09,2018-07-30,4,RJ,computers_accessories,0.0
base,last_week,2018-07-09,2018-07-09,1,RJ,furniture_decor,4.0
base,last_week,2018-07-09,2018-07-16,2,RJ,furniture_decor,0.0
base,last_week,2018-07-09,2018-07-23,3,RJ,furniture_decor,0.0
base,last_week,2018-07-09,2018-07-30,4,RJ,furniture_decor,0.0
base,last_week,2018-07-09,2018-07-09,1,RJ,garden_tools,2.0
base,last_week,2018-07-09,2018-07-16,2,RJ,garden_tools,0.0
base,last_week,2018-07-09,2018-07-23,3,RJ,garden_tools,0.0
base,last_week,2018-07-09,2018-07-30,4,RJ,garden_tools,0.0
base,last_week,2018-07-09,2018-07-09,1,RJ,health_beauty,18.0
base,last_week,2018-07-09,2018-07-16,2,RJ,health_beauty,9.0
base,last_week,2018-07-09,2018-07-23,3,RJ,health_beauty,0.0
base,last_week,2018-07-09,2018-07-30,4,RJ,health_beauty,0.0
base,last_week,2018-07-09,2018-07-09,1,RJ,housewares,4.0
base,last_week,2018-07-09,2018-07-16,2,RJ,housewares,0.0
base,last_week,2018-07-09,2018-07-23,3,RJ,housewares,0.0
base,last_week,2018-07-09,2018-07-30,4,RJ,housewares,0.0
base,last_week,2018-07-09,2018-07-09,1,RJ,sports_leisure,0.0
base,last_week,2018-07-09,2018-07-16,2,RJ,sports_leisure,0.0
base,last_week,2018-07-09,2018-07-23,3,RJ,sports_leisure,0.0
base,last_week,2018-07-09,2018-07-30,4,RJ,sports_leisure,0.0
base,last_week,2018-07-09,2018-07-09,1,RJ,telephony,3.0
base,last_week,2018-07-09,2018-07-16,2,RJ,telephony,0.0
base,last_week,2018-07-09,2018-07-23,3,RJ,telephony,0.0
base,last_week,2018-07-09,2018-07-30,4,RJ,telephony,0.0
base,last_week,2018-07-09,2018-07-09,1,RJ,watches_gifts,0.0
base,last_week,2018-07-09,2018-07-16,2,RJ,watches_gifts,0.0
base,last_week,2018-07-09,2018-07-23,3,RJ,watches_gifts,0.0
base,last_week,2018-07-09,2018-07-30,4,RJ,watches_gifts,0.0
base,last_week,2018-07-09,2018-07-09,1,RS,auto,0.0
base,last_week,2018-07-09,2018-07-16,2,RS,auto,0.0
base,last_week,2018-07-09,2018-07-23,3,RS,auto,0.0
base,last_week,2018-07-09,2018-07-30,4,RS,auto,0.0
base,last_week,2018-07-09,2018-07-09,1,RS,bed_bath_table,2.0
base,last_week,2018-07-09,2018-07-16,2,RS,bed_bath_table,0.0
base,last_week,2018-07-09,2018-07-23,3,RS,bed_bath_table,0.0
base,last_week,2018-07-09,2018-07-30,4,RS,bed_bath_table,0.0
base,last_week,2018-07-09,2018-07-09,1,RS,computers_accessories,19.0
base,last_week,2018-07-09,2018-07-16,2,RS,computers_accessories,5.0
base,last_week,2018-07-09,2018-07-23,3,RS,computers_accessories,0.0
base,last_week,2018-07-09,2018-07-30,4,RS,computers_accessories,0.0
base,last_week,2018-07-09,2018-07-09,1,RS,furniture_decor,2.0
base,last_week,2018-07-09,2018-07-16,2,RS,furniture_decor,0.0
base,last_week,2018-07-09,2018-07-23,3,RS,furniture_decor,0.0
base,last_week,2018-07-09,2018-07-30,4,RS,furniture_decor,0.0
base,last_week,2018-07-09,2018-07-09,1,RS,garden_tools,1.0
base,last_week,2018-07-09,2018-07-16,2,RS,garden_tools,0.0
base,last_week,2018-07-09,2018-07-23,3,RS,garden_tools,0.0
base,last_week,2018-07-09,2018-07-30,4,RS,garden_tools,0.0
base,last_week,2018-07-09,2018-07-09,1,RS,health_beauty,8.0
base,last_week,2018-07-09,2018-07-16,2,RS,health_beauty,0.0
base,last_week,2018-07-09,2018-07-23,3,RS,health_beauty,0.0
base,last_week,2018-07-09,2018-07-30,4,RS,health_beauty,0.0
base,last_week,2018-07-09,2018-07-09,1,RS,housewares,2.0
base,last_week,2018-07-09,2018-07-16,2,RS,housewares,0.0
base,last_week,2018-07-09,2018-07-23,3,RS,housewares,0.0
base,last_week,2018-07-09,2018-07-30,4,RS,housewares,0.0
base,last_week,2018-07-09,2018-07-09,1,RS,sports_leisure,0.0
base,last_week,2018-07-09,2018-07-16,2,RS,sports_leisure,0.0
base,last_week,2018-07-09,2018-07-23,3,RS,sports_leisure,0.0
base,last_week,2018-07-09,2018-07-30,4,RS,sports_leisure,0.0
base,last_week,2018-07-09,2018-07-09,1,RS,telephony,5.0
base,last_week,2018-07-09,2018-07-16,2,RS,telephony,0.0
base,last_week,2018-07-09,2018-07-23,3,RS,telephony,0.0
base,last_week,2018-07-09,2018-07-30,4,RS,telephony,0.0
base,last_week,2018-07-09,2018-07-09,1,RS,watches_gifts,3.0
base,last_week,2018-07-09,2018-07-16,2,RS,watches_gifts,0.0
base,last_week,2018-07-09,2018-07-23,3,RS,watches_gifts,0.0
base,last_week,2018-07-09,2018-07-30,4,RS,watches_gifts,0.0
base,last_week,2018-07-09,2018-07-09,1,SC,auto,0.0
base,last_week,2018-07-09,2018-07-16,2,SC,auto,0.0
base,last_week,2018-07-09,2018-07-23,3,SC,auto,0.0
base,last_week,2018-07-09,2018-07-30,4,SC,auto,0.0
base,last_week,2018-07-09,2018-07-09,1,SC,bed_bath_table,0.0
base,last_week,2018-07-09,2018-07-16,2,SC,bed_bath_table,0.0
base,last_week,2018-07-09,2018-07-23,3,SC,bed_bath_table,0.0
base,last_week,2018-07-09,2018-07-30,4,SC,bed_bath_table,0.0
base,last_week,2018-07-09,2018-07-09,1,SC,computers_accessories,0.0
base,last_week,2018-07-09,2018-07-16,2,SC,computers_accessories,0.0
base,last_week,2018-07-09,2018-07-23,3,SC,computers_accessories,0.0
base,last_week,2018-07-09,2018-07-30,4,SC,computers_accessories,0.0
base,last_week,2018-07-09,2018-07-09,1,SC,furniture_decor,0.0
base,last_week,2018-07-09,2018-07-16,2,SC,furniture_decor,0.0
base,last_week,2018-07-09,2018-07-23,3,SC,furniture_decor,0.0
base,last_week,2018-07-09,2018-07-30,4,SC,furniture_decor,0.0
base,last_week,2018-07-09,2018-07-09,1,SC,garden_tools,0.0
base,last_week,2018-07-09,2018-07-16,2,SC,garden_tools,0.0
base,last_week,2018-07-09,2018-07-23,3,SC,garden_tools,0.0
base,last_week,2018-07-09,2018-07-30,4,SC,garden_tools,0.0
base,last_week,2018-07-09,2018-07-09,1,SC,health_beauty,0.0
base,last_week,2018-07-09,2018-07-16,2,SC,health_beauty,0.0
base,last_week,2018-07-09,2018-07-23,3,SC,health_beauty,0.0
base,last_week,2018-07-09,2018-07-30,4,SC,health_beauty,0.0
base,last_week,2018-07-09,2018-07-09,1,SC,housewares,0.0
base,last_week,2018-07-09,2018-07-16,2,SC,housewares,0.0
base,last_week,2018-07-09,2018-07-23,3,SC,housewares,0.0
base,last_week,2018-07-09,2018-07-30,4,SC,housewares,0.0
base,last_week,2018-07-09,2018-07-09,1,SC,sports_leisure,0.0
base,last_week,2018-07-09,2018-07-16,2,SC,sports_leisure,0.0
base,last_week,2018-07-09,2018-07-23,3,SC,sports_leisure,0.0
base,last_week,2018-07-09,2018-07-30,4,SC,sports_leisure,0.0
base,last_week,2018-07-09,2018-07-09,1,SC,telephony,0.0
base,last_week,2018-07-09,2018-07-16,2,SC,telephony,0.0
base,last_week,2018-07-09,2018-07-23,3,SC,telephony,0.0
base,last_week,2018-07-09,2018-07-30,4,SC,telephony,0.0
base,last_week,2018-07-09,2018-07-09,1,SC,watches_gifts,2.0
base,last_week,2018-07-09,2018-07-16,2,SC,watches_gifts,0.0
base,last_week,2018-07-09,2018-07-23,3,SC,watches_gifts,0.0
base,last_week,2018-07-09,2018-07-30,4,SC,watches_gifts,0.0
base,last_week,2018-07-09,2018-07-09,1,SP,auto,35.0
base,last_week,2018-07-09,2018-07-16,2,SP,auto,0.0
base,last_week,2018-07-09,2018-07-23,3,SP,auto,0.0
base,last_week,2018-07-09,2018-07-30,4,SP,auto,0.0
base,last_week,2018-07-09,2018-07-09,1,SP,bed_bath_table,75.0
base,last_week,2018-07-09,2018-07-16,2,SP,bed_bath_table,0.0
base,last_week,2018-07-09,2018-07-23,3,SP,bed_bath_table,0.0
base,last_week,2018-07-09,2018-07-30,4,SP,bed_bath_table,0.0
base,last_week,2018-07-09,2018-07-09,1,SP,computers_accessories,53.0
base,last_week,2018-07-09,2018-07-16,2,SP,computers_accessories,0.0
base,last_week,2018-07-09,2018-07-23,3,SP,computers_accessories,0.0
base,last_week,2018-07-09,2018-07-30,4,SP,computers_accessories,0.0
base,last_week,2018-07-09,2018-07-09,1,SP,furniture_decor,23.0
base,last_week,2018-07-09,2018-07-16,2,SP,furniture_decor,0.0
base,last_week,2018-07-09,2018-07-23,3,SP,furniture_decor,0.0
base,last_week,2018-07-09,2018-07-30,4,SP,furniture_decor,0.0
base,last_week,2018-07-09,2018-07-09,1,SP,garden_tools,32.0
base,last_week,2018-07-09,2018-07-16,2,SP,garden_tools,0.0
base,last_week,2018-07-09,2018-07-23,3,SP,garden_tools,0.0
base,last_week,2018-07-09,2018-07-30,4,SP,garden_tools,0.0
base,last_week,2018-07-09,2018-07-09,1,SP,health_beauty,17.0
base,last_week,2018-07-09,2018-07-16,2,SP,health_beauty,0.0
base,last_week,2018-07-09,2018-07-23,3,SP,health_beauty,0.0
base,last_week,2018-07-09,2018-07-30,4,SP,health_beauty,0.0
base,last_week,2018-07-09,2018-07-09,1,SP,housewares,60.0
base,last_week,2018-07-09,2018-07-16,2,SP,housewares,0.0
base,last_week,2018-07-09,2018-07-23,3,SP,housewares,0.0
base,last_week,2018-07-09,2018-07-30,4,SP,housewares,0.0
base,last_week,2018-07-09,2018-07-09,1,SP,sports_leisure,7.0
base,last_week,2018-07-09,2018-07-16,2,SP,sports_leisure,0.0
base,last_week,2018-07-09,2018-07-23,3,SP,sports_leisure,0.0
base,last_week,2018-07-09,2018-07-30,4,SP,sports_leisure,0.0
base,last_week,2018-07-09,2018-07-09,1,SP,telephony,24.0
base,last_week,2018-07-09,2018-07-16,2,SP,telephony,0.0
base,last_week,2018-07-09,2018-07-23,3,SP,telephony,0.0
base,last_week,2018-07-09,2018-07-30,4,SP,telephony,0.0
base,last_week,2018-07-09,2018-07-09,1,SP,watches_gifts,61.0
base,last_week,2018-07-09,2018-07-16,2,SP,watches_gifts,0.0
base,last_week,2018-07-09,2018-07-23,3,SP,watches_gifts,0.0
base,last_week,2018-07-09,2018-07-30,4,SP,watches_gifts,0.0
base,last_week,2018-07-16,2018-07-16,1,MG,auto,0.0
base,last_week,2018-07-16,2018-07-23,2,MG,auto,0.0
base,last_week,2018-07-16,2018-07-30,3,MG,auto,0.0
base,last_week,2018-07-16,2018-08-06,4,MG,auto,0.0
base,last_week,2018-07-16,2018-07-16,1,MG,bed_bath_table,0.0
base,last_week,2018-07-16,2018-07-23,2,MG,bed_bath_table,0.0
base,last_week,2018-07-16,2018-07-30,3,MG,bed_bath_table,0.0
base,last_week,2018-07-16,2018-08-06,4,MG,bed_bath_table,0.0
base,last_week,2018-07-16,2018-07-16,1,MG,computers_accessories,1.0
base,last_week,2018-07-16,2018-07-23,2,MG,computers_accessories,0.0
base,last_week,2018-07-16,2018-07-30,3,MG,computers_accessories,0.0
base,last_week,2018-07-16,2018-08-06,4,MG,computers_accessories,0.0
base,last_week,2018-07-16,2018-07-16,1,MG,furniture_decor,4.0
base,last_week,2018-07-16,2018-07-23,2,MG,furniture_decor,0.0
base,last_week,2018-07-16,2018-07-30,3,MG,furniture_decor,0.0
base,last_week,2018-07-16,2018-08-06,4,MG,furniture_decor,0.0
base,last_week,2018-07-16,2018-07-16,1,MG,garden_tools,0.0
base,last_week,2018-07-16,2018-07-23,2,MG,garden_tools,0.0
base,last_week,2018-07-16,2018-07-30,3,MG,garden_tools,0.0
base,last_week,2018-07-16,2018-08-06,4,MG,garden_tools,0.0
base,last_week,2018-07-16,2018-07-16,1,MG,health_beauty,0.0
base,last_week,2018-07-16,2018-07-23,2,MG,health_beauty,0.0
base,last_week,2018-07-16,2018-07-30,3,MG,health_beauty,0.0
base,last_week,2018-07-16,2018-08-06,4,MG,health_beauty,0.0
base,last_week,2018-07-16,2018-07-16,1,MG,housewares,0.0
base,last_week,2018-07-16,2018-07-23,2,MG,housewares,0.0
base,last_week,2018-07-16,2018-07-30,3,MG,housewares,0.0
base,last_week,2018-07-16,2018-08-06,4,MG,housewares,0.0
base,last_week,2018-07-16,2018-07-16,1,MG,sports_leisure,1.0
base,last_week,2018-07-16,2018-07-23,2,MG,sports_leisure,0.0
base,last_week,2018-07-16,2018-07-30,3,MG,sports_leisure,0.0
base,last_week,2018-07-16,2018-08-06,4,MG,sports_leisure,0.0
base,last_week,2018-07-16,2018-07-16,1,MG,telephony,0.0
base,last_week,2018-07-16,2018-07-23,2,MG,telephony,0.0
base,last_week,2018-07-16,2018-07-30,3,MG,telephony,0.0
base,last_week,2018-07-16,2018-08-06,4,MG,telephony,0.0
base,last_week,2018-07-16,2018-07-16,1,MG,watches_gifts,0.0
base,last_week,2018-07-16,2018-07-23,2,MG,watches_gifts,0.0
base,last_week,2018-07-16,2018-07-30,3,MG,watches_gifts,0.0
base,last_week,2018-07-16,2018-08-06,4,MG,watches_gifts,0.0
base,last_week,2018-07-16,2018-07-16,1,PR,auto,7.0
base,last_week,2018-07-16,2018-07-23,2,PR,auto,0.0
base,last_week,2018-07-16,2018-07-30,3,PR,auto,0.0
base,last_week,2018-07-16,2018-08-06,4,PR,auto,0.0
base,last_week,2018-07-16,2018-07-16,1,PR,bed_bath_table,0.0
base,last_week,2018-07-16,2018-07-23,2,PR,bed_bath_table,0.0
base,last_week,2018-07-16,2018-07-30,3,PR,bed_bath_table,0.0
base,last_week,2018-07-16,2018-08-06,4,PR,bed_bath_table,0.0
base,last_week,2018-07-16,2018-07-16,1,PR,computers_accessories,0.0
base,last_week,2018-07-16,2018-07-23,2,PR,computers_accessories,0.0
base,last_week,2018-07-16,2018-07-30,3,PR,computers_accessories,0.0
base,last_week,2018-07-16,2018-08-06,4,PR,computers_accessories,0.0
base,last_week,2018-07-16,2018-07-16,1,PR,furniture_decor,27.0
base,last_week,2018-07-16,2018-07-23,2,PR,furniture_decor,12.0
base,last_week,2018-07-16,2018-07-30,3,PR,furniture_decor,0.0
base,last_week,2018-07-16,2018-08-06,4,PR,furniture_decor,0.0
base,last_week,2018-07-16,2018-07-16,1,PR,garden_tools,0.0
base,last_week,2018-07-16,2018-07-23,2,PR,garden_tools,0.0
base,last_week,2018-07-16,2018-07-30,3,PR,garden_tools,0.0
base,last_week,2018-07-16,2018-08-06,4,PR,garden_tools,0.0
base,last_week,2018-07-16,2018-07-16,1,PR,health_beauty,11.0
base,last_week,2018-07-16,2018-07-23,2,PR,health_beauty,0.0
base,last_week,2018-07-16,2018-07-30,3,PR,health_beauty,0.0
base,last_week,2018-07-16,2018-08-06,4,PR,health_beauty,0.0
base,last_week,2018-07-16,2018-07-16,1,PR,housewares,9.0
base,last_week,2018-07-16,2018-07-23,2,PR,housewares,4.0
base,last_week,2018-07-16,2018-07-30,3,PR,housewares,0.0
base,last_week,2018-07-16,2018-08-06,4,PR,housewares,0.0
base,last_week,2018-07-16,2018-07-16,1,PR,sports_leisure,8.0
base,last_week,2018-07-16,2018-07-23,2,PR,sports_leisure,8.0
base,last_week,2018-07-16,2018-07-30,3,PR,sports_leisure,0.0
base,last_week,2018-07-16,2018-08-06,4,PR,sports_leisure,0.0
base,last_week,2018-07-16,2018-07-16,1,PR,telephony,0.0
base,last_week,2018-07-16,2018-07-23,2,PR,telephony,0.0
base,last_week,2018-07-16,2018-07-30,3,PR,telephony,0.0
base,last_week,2018-07-16,2018-08-06,4,PR,telephony,0.0
base,last_week,2018-07-16,2018-07-16,1,PR,watches_gifts,0.0
base,last_week,2018-07-16,2018-07-23,2,PR,watches_gifts,0.0
base,last_week,2018-07-16,2018-07-30,3,PR,watches_gifts,0.0
base,last_week,2018-07-16,2018-08-06,4,PR,watches_gifts,0.0
base,last_week,2018-07-16,2018-07-16,1,RJ,auto,0.0
base,last_week,2018-07-16,2018-07-23,2,RJ,auto,0.0
base,last_week,2018-07-16,2018-07-30,3,RJ,auto,0.0
base,last_week,2018-07-16,2018-08-06,4,RJ,auto,0.0
base,last_week,2018-07-16,2018-07-16,1,RJ,bed_bath_table,13.0
base,last_week,2018-07-16,2018-07-23,2,RJ,bed_bath_table,5.0
base,last_week,2018-07-16,2018-07-30,3,RJ,bed_bath_table,0.0
base,last_week,2018-07-16,2018-08-06,4,RJ,bed_bath_table,0.0
base,last_week,2018-07-16,2018-07-16,1,RJ,computers_accessories,0.0
base,last_week,2018-07-16,2018-07-23,2,RJ,computers_accessories,0.0
base,last_week,2018-07-16,2018-07-30,3,RJ,computers_accessories,0.0
base,last_week,2018-07-16,2018-08-06,4,RJ,computers_accessories,0.0
base,last_week,2018-07-16,2018-07-16,1,RJ,furniture_decor,5.0
base,last_week,2018-07-16,2018-07-23,2,RJ,furniture_decor,4.0
base,last_week,2018-07-16,2018-07-30,3,RJ,furniture_decor,0.0
base,last_week,2018-07-16,2018-08-06,4,RJ,furniture_decor,0.0
base,last_week,2018-07-16,2018-07-16,1,RJ,garden_tools,2.0
base,last_week,2018-07-16,2018-07-23,2,RJ,garden_tools,1.0
base,last_week,2018-07-16,2018-07-30,3,RJ,garden_tools,0.0
base,last_week,2018-07-16,2018-08-06,4,RJ,garden_tools,0.0
base,last_week,2018-07-16,2018-07-16,1,RJ,health_beauty,26.0
base,last_week,2018-07-16,2018-07-23,2,RJ,health_beauty,8.0
base,last_week,2018-07-16,2018-07-30,3,RJ,health_beauty,0.0
base,last_week,2018-07-16,2018-08-06,4,RJ,health_beauty,0.0
base,last_week,2018-07-16,2018-07-16,1,RJ,housewares,0.0
base,last_week,2018-07-16,2018-07-23,2,RJ,housewares,0.0
base,last_week,2018-07-16,2018-07-30,3,RJ,housewares,0.0
base,last_week,2018-07-16,2018-08-06,4,RJ,housewares,0.0
base,last_week,2018-07-16,2018-07-16,1,RJ,sports_leisure,8.0
base,last_week,2018-07-16,2018-07-23,2,RJ,sports_leisure,0.0
base,last_week,2018-07-16,2018-07-30,3,RJ,sports_leisure,0.0
base,last_week,2018-07-16,2018-08-06,4,RJ,sports_leisure,0.0
base,last_week,2018-07-16,2018-07-16,1,RJ,telephony,4.0
base,last_week,2018-07-16,2018-07-23,2,RJ,telephony,0.0
base,last_week,2018-07-16,2018-07-30,3,RJ,telephony,0.0
base,last_week,2018-07-16,2018-08-06,4,RJ,telephony,0.0
base,last_week,2018-07-16,2018-07-16,1,RJ,watches_gifts,0.0
base,last_week,2018-07-16,2018-07-23,2,RJ,watches_gifts,0.0
base,last_week,2018-07-16,2018-07-30,3,RJ,watches_gifts,0.0
base,last_week,2018-07-16,2018-08-06,4,RJ,watches_gifts,0.0
base,last_week,2018-07-16,2018-07-16,1,RS,auto,0.0
base,last_week,2018-07-16,2018-07-23,2,RS,auto,0.0
base,last_week,2018-07-16,2018-07-30,3,RS,auto,0.0
base,last_week,2018-07-16,2018-08-06,4,RS,auto,0.0
base,last_week,2018-07-16,2018-07-16,1,RS,bed_bath_table,5.0
base,last_week,2018-07-16,2018-07-23,2,RS,bed_bath_table,0.0
base,last_week,2018-07-16,2018-07-30,3,RS,bed_bath_table,2.0
base,last_week,2018-07-16,2018-08-06,4,RS,bed_bath_table,0.0
base,last_week,2018-07-16,2018-07-16,1,RS,computers_accessories,0.0
base,last_week,2018-07-16,2018-07-23,2,RS,computers_accessories,0.0
base,last_week,2018-07-16,2018-07-30,3,RS,computers_accessories,0.0
base,last_week,2018-07-16,2018-08-06,4,RS,computers_accessories,0.0
base,last_week,2018-07-16,2018-07-16,1,RS,furniture_decor,0.0
base,last_week,2018-07-16,2018-07-23,2,RS,furniture_decor,0.0
base,last_week,2018-07-16,2018-07-30,3,RS,furniture_decor,0.0
base,last_week,2018-07-16,2018-08-06,4,RS,furniture_decor,0.0
base,last_week,2018-07-16,2018-07-16,1,RS,garden_tools,0.0
base,last_week,2018-07-16,2018-07-23,2,RS,garden_tools,0.0
base,last_week,2018-07-16,2018-07-30,3,RS,garden_tools,0.0
base,last_week,2018-07-16,2018-08-06,4,RS,garden_tools,0.0
base,last_week,2018-07-16,2018-07-16,1,RS,health_beauty,0.0
base,last_week,2018-07-16,2018-07-23,2,RS,health_beauty,0.0
base,last_week,2018-07-16,2018-07-30,3,RS,health_beauty,0.0
base,last_week,2018-07-16,2018-08-06,4,RS,health_beauty,0.0
base,last_week,2018-07-16,2018-07-16,1,RS,housewares,10.0
base,last_week,2018-07-16,2018-07-23,2,RS,housewares,0.0
base,last_week,2018-07-16,2018-07-30,3,RS,housewares,0.0
base,last_week,2018-07-16,2018-08-06,4,RS,housewares,0.0
base,last_week,2018-07-16,2018-07-16,1,RS,sports_leisure,0.0
base,last_week,2018-07-16,2018-07-23,2,RS,sports_leisure,0.0
base,last_week,2018-07-16,2018-07-30,3,RS,sports_leisure,0.0
base,last_week,2018-07-16,2018-08-06,4,RS,sports_leisure,0.0
base,last_week,2018-07-16,2018-07-16,1,RS,telephony,5.0
base,last_week,2018-07-16,2018-07-23,2,RS,telephony,0.0
base,last_week,2018-07-16,2018-07-30,3,RS,telephony,0.0
base,last_week,2018-07-16,2018-08-06,4,RS,telephony,0.0
base,last_week,2018-07-16,2018-07-16,1,RS,watches_gifts,0.0
base,last_week,2018-07-16,2018-07-23,2,RS,watches_gifts,0.0
base,last_week,2018-07-16,2018-07-30,3,RS,watches_gifts,0.0
base,last_week,2018-07-16,2018-08-06,4,RS,watches_gifts,0.0
base,last_week,2018-07-16,2018-07-16,1,SC,auto,0.0
base,last_week,2018-07-16,2018-07-23,2,SC,auto,0.0
base,last_week,2018-07-16,2018-07-30,3,SC,auto,0.0
base,last_week,2018-07-16,2018-08-06,4,SC,auto,0.0
base,last_week,2018-07-16,2018-07-16,1,SC,bed_bath_table,1.0
base,last_week,2018-07-16,2018-07-23,2,SC,bed_bath_table,1.0
base,last_week,2018-07-16,2018-07-30,3,SC,bed_bath_table,1.0
base,last_week,2018-07-16,2018-08-06,4,SC,bed_bath_table,0.0
base,last_week,2018-07-16,2018-07-16,1,SC,computers_accessories,0.0
base,last_week,2018-07-16,2018-07-23,2,SC,computers_accessories,0.0
base,last_week,2018-07-16,2018-07-30,3,SC,computers_accessories,0.0
base,last_week,2018-07-16,2018-08-06,4,SC,computers_accessories,0.0
base,last_week,2018-07-16,2018-07-16,1,SC,furniture_decor,0.0
base,last_week,2018-07-16,2018-07-23,2,SC,furniture_decor,0.0
base,last_week,2018-07-16,2018-07-30,3,SC,furniture_decor,0.0
base,last_week,2018-07-16,2018-08-06,4,SC,furniture_decor,0.0
base,last_week,2018-07-16,2018-07-16,1,SC,garden_tools,5.0
base,last_week,2018-07-16,2018-07-23,2,SC,garden_tools,0.0
base,last_week,2018-07-16,2018-07-30,3,SC,garden_tools,0.0
base,last_week,2018-07-16,2018-08-06,4,SC,garden_tools,0.0
base,last_week,2018-07-16,2018-07-16,1,SC,health_beauty,0.0
base,last_week,2018-07-16,2018-07-23,2,SC,health_beauty,0.0
base,last_week,2018-07-16,2018-07-30,3,SC,health_beauty,0.0
base,last_week,2018-07-16,2018-08-06,4,SC,health_beauty,0.0
base,last_week,2018-07-16,2018-07-16,1,SC,housewares,0.0
base,last_week,2018-07-16,2018-07-23,2,SC,housewares,0.0
base,last_week,2018-07-16,2018-07-30,3,SC,housewares,0.0
base,last_week,2018-07-16,2018-08-06,4,SC,housewares,0.0
base,last_week,2018-07-16,2018-07-16,1,SC,sports_leisure,16.0
base,last_week,2018-07-16,2018-07-23,2,SC,sports_leisure,5.0
base,last_week,2018-07-16,2018-07-30,3,SC,sports_leisure,2.0
base,last_week,2018-07-16,2018-08-06,4,SC,sports_leisure,0.0
base,last_week,2018-07-16,2018-07-16,1,SC,telephony,0.0
base,last_week,2018-07-16,2018-07-23,2,SC,telephony,0.0
base,last_week,2018-07-16,2018-07-30,3,SC,telephony,0.0
base,last_week,2018-07-16,2018-08-06,4,SC,telephony,0.0
base,last_week,2018-07-16,2018-07-16,1,SC,watches_gifts,0.0
base,last_week,2018-07-16,2018-07-23,2,SC,watches_gifts,0.0
base,last_week,2018-07-16,2018-07-30,3,SC,watches_gifts,0.0
base,last_week,2018-07-16,2018-08-06,4,SC,watches_gifts,0.0
base,last_week,2018-07-16,2018-07-16,1,SP,auto,17.0
base,last_week,2018-07-16,2018-07-23,2,SP,auto,0.0
base,last_week,2018-07-16,2018-07-30,3,SP,auto,0.0
base,last_week,2018-07-16,2018-08-06,4,SP,auto,0.0
base,last_week,2018-07-16,2018-07-16,1,SP,bed_bath_table,115.0
base,last_week,2018-07-16,2018-07-23,2,SP,bed_bath_table,35.0
base,last_week,2018-07-16,2018-07-30,3,SP,bed_bath_table,0.0
base,last_week,2018-07-16,2018-08-06,4,SP,bed_bath_table,0.0
base,last_week,2018-07-16,2018-07-16,1,SP,computers_accessories,60.0
base,last_week,2018-07-16,2018-07-23,2,SP,computers_accessories,2.0
base,last_week,2018-07-16,2018-07-30,3,SP,computers_accessories,0.0
base,last_week,2018-07-16,2018-08-06,4,SP,computers_accessories,0.0
base,last_week,2018-07-16,2018-07-16,1,SP,furniture_decor,85.0
base,last_week,2018-07-16,2018-07-23,2,SP,furniture_decor,41.0
base,last_week,2018-07-16,2018-07-30,3,SP,furniture_decor,0.0
base,last_week,2018-07-16,2018-08-06,4,SP,furniture_decor,0.0
base,last_week,2018-07-16,2018-07-16,1,SP,garden_tools,38.0
base,last_week,2018-07-16,2018-07-23,2,SP,garden_tools,11.0
base,last_week,2018-07-16,2018-07-30,3,SP,garden_tools,0.0
base,last_week,2018-07-16,2018-08-06,4,SP,garden_tools,0.0
base,last_week,2018-07-16,2018-07-16,1,SP,health_beauty,90.0
base,last_week,2018-07-16,2018-07-23,2,SP,health_beauty,0.0
base,last_week,2018-07-16,2018-07-30,3,SP,health_beauty,0.0
base,last_week,2018-07-16,2018-08-06,4,SP,health_beauty,0.0
base,last_week,2018-07-16,2018-07-16,1,SP,housewares,92.0
base,last_week,2018-07-16,2018-07-23,2,SP,housewares,16.0
base,last_week,2018-07-16,2018-07-30,3,SP,housewares,0.0
base,last_week,2018-07-16,2018-08-06,4,SP,housewares,0.0
base,last_week,2018-07-16,2018-07-16,1,SP,sports_leisure,97.0
base,last_week,2018-07-16,2018-07-23,2,SP,sports_leisure,42.0
base,last_week,2018-07-16,2018-07-30,3,SP,sports_leisure,0.0
base,last_week,2018-07-16,2018-08-06,4,SP,sports_leisure,0.0
base,last_week,2018-07-16,2018-07-16,1,SP,telephony,12.0
base,last_week,2018-07-16,2018-07-23,2,SP,telephony,0.0
base,last_week,2018-07-16,2018-07-30,3,SP,telephony,0.0
base,last_week,2018-07-16,2018-08-06,4,SP,telephony,0.0
base,last_week,2018-07-16,2018-07-16,1,SP,watches_gifts,0.0
base,last_week,2018-07-16,2018-07-23,2,SP,watches_gifts,0.0
base,last_week,2018-07-16,2018-07-30,3,SP,watches_gifts,0.0
base,last_week,2018-07-16,2018-08-06,4,SP,watches_gifts,0.0
base,last_week,2018-07-23,2018-07-23,1,MG,auto,0.0
base,last_week,2018-07-23,2018-07-30,2,MG,auto,0.0
base,last_week,2018-07-23,2018-08-06,3,MG,auto,0.0
base,last_week,2018-07-23,2018-08-13,4,MG,auto,0.0
base,last_week,2018-07-23,2018-07-23,1,MG,bed_bath_table,0.0
base,last_week,2018-07-23,2018-07-30,2,MG,bed_bath_table,0.0
base,last_week,2018-07-23,2018-08-06,3,MG,bed_bath_table,0.0
base,last_week,2018-07-23,2018-08-13,4,MG,bed_bath_table,0.0
base,last_week,2018-07-23,2018-07-23,1,MG,computers_accessories,0.0
base,last_week,2018-07-23,2018-07-30,2,MG,computers_accessories,0.0
base,last_week,2018-07-23,2018-08-06,3,MG,computers_accessories,0.0
base,last_week,2018-07-23,2018-08-13,4,MG,computers_accessories,0.0
base,last_week,2018-07-23,2018-07-23,1,MG,furniture_decor,0.0
base,last_week,2018-07-23,2018-07-30,2,MG,furniture_decor,0.0
base,last_week,2018-07-23,2018-08-06,3,MG,furniture_decor,0.0
base,last_week,2018-07-23,2018-08-13,4,MG,furniture_decor,0.0
base,last_week,2018-07-23,2018-07-23,1,MG,garden_tools,0.0
base,last_week,2018-07-23,2018-07-30,2,MG,garden_tools,0.0
base,last_week,2018-07-23,2018-08-06,3,MG,garden_tools,0.0
base,last_week,2018-07-23,2018-08-13,4,MG,garden_tools,0.0
base,last_week,2018-07-23,2018-07-23,1,MG,health_beauty,0.0
base,last_week,2018-07-23,2018-07-30,2,MG,health_beauty,0.0
base,last_week,2018-07-23,2018-08-06,3,MG,health_beauty,0.0
base,last_week,2018-07-23,2018-08-13,4,MG,health_beauty,0.0
base,last_week,2018-07-23,2018-07-23,1,MG,housewares,0.0
base,last_week,2018-07-23,2018-07-30,2,MG,housewares,0.0
base,last_week,2018-07-23,2018-08-06,3,MG,housewares,0.0
base,last_week,2018-07-23,2018-08-13,4,MG,housewares,0.0
base,last_week,2018-07-23,2018-07-23,1,MG,sports_leisure,0.0
base,last_week,2018-07-23,2018-07-30,2,MG,sports_leisure,0.0
base,last_week,2018-07-23,2018-08-06,3,MG,sports_leisure,0.0
base,last_week,2018-07-23,2018-08-13,4,MG,sports_leisure,0.0
base,last_week,2018-07-23,2018-07-23,1,MG,telephony,0.0
base,last_week,2018-07-23,2018-07-30,2,MG,telephony,0.0
base,last_week,2018-07-23,2018-08-06,3,MG,telephony,0.0
base,last_week,2018-07-23,2018-08-13,4,MG,telephony,0.0
base,last_week,2018-07-23,2018-07-23,1,MG,watches_gifts,0.0
base,last_week,2018-07-23,2018-07-30,2,MG,watches_gifts,0.0
base,last_week,2018-07-23,2018-08-06,3,MG,watches_gifts,0.0
base,last_week,2018-07-23,2018-08-13,4,MG,watches_gifts,0.0
base,last_week,2018-07-23,2018-07-23,1,PR,auto,0.0
base,last_week,2018-07-23,2018-07-30,2,PR,auto,0.0
base,last_week,2018-07-23,2018-08-06,3,PR,auto,0.0
base,last_week,2018-07-23,2018-08-13,4,PR,auto,0.0
base,last_week,2018-07-23,2018-07-23,1,PR,bed_bath_table,0.0
base,last_week,2018-07-23,2018-07-30,2,PR,bed_bath_table,0.0
base,last_week,2018-07-23,2018-08-06,3,PR,bed_bath_table,0.0
base,last_week,2018-07-23,2018-08-13,4,PR,bed_bath_table,0.0
base,last_week,2018-07-23,2018-07-23,1,PR,computers_accessories,0.0
base,last_week,2018-07-23,2018-07-30,2,PR,computers_accessories,0.0
base,last_week,2018-07-23,2018-08-06,3,PR,computers_accessories,0.0
base,last_week,2018-07-23,2018-08-13,4,PR,computers_accessories,0.0
base,last_week,2018-07-23,2018-07-23,1,PR,furniture_decor,0.0
base,last_week,2018-07-23,2018-07-30,2,PR,furniture_decor,0.0
base,last_week,2018-07-23,2018-08-06,3,PR,furniture_decor,0.0
base,last_week,2018-07-23,2018-08-13,4,PR,furniture_decor,0.0
base,last_week,2018-07-23,2018-07-23,1,PR,garden_tools,0.0
base,last_week,2018-07-23,2018-07-30,2,PR,garden_tools,0.0
base,last_week,2018-07-23,2018-08-06,3,PR,garden_tools,0.0
base,last_week,2018-07-23,2018-08-13,4,PR,garden_tools,0.0
base,last_week,2018-07-23,2018-07-23,1,PR,health_beauty,0.0
base,last_week,2018-07-23,2018-07-30,2,PR,health_beauty,0.0
base,last_week,2018-07-23,2018-08-06,3,PR,health_beauty,0.0
base,last_week,2018-07-23,2018-08-13,4,PR,health_beauty,0.0
base,last_week,2018-07-23,2018-07-23,1,PR,housewares,0.0
base,last_week,2018-07-23,2018-07-30,2,PR,housewares,0.0
base,last_week,2018-07-23,2018-08-06,3,PR,housewares,0.0
base,last_week,2018-07-23,2018-08-13,4,PR,housewares,0.0
base,last_week,2018-07-23,2018-07-23,1,PR,sports_leisure,0.0
base,last_week,2018-07-23,2018-07-30,2,PR,sports_leisure,0.0
base,last_week,2018-07-23,2018-08-06,3,PR,sports_leisure,0.0
base,last_week,2018-07-23,2018-08-13,4,PR,sports_leisure,0.0
base,last_week,2018-07-23,2018-07-23,1,PR,telephony,0.0
base,last_week,2018-07-23,2018-07-30,2,PR,telephony,0.0
base,last_week,2018-07-23,2018-08-06,3,PR,telephony,0.0
base,last_week,2018-07-23,2018-08-13,4,PR,telephony,0.0
base,last_week,2018-07-23,2018-07-23,1,PR,watches_gifts,0.0
base,last_week,2018-07-23,2018-07-30,2,PR,watches_gifts,0.0
base,last_week,2018-07-23,2018-08-06,3,PR,watches_gifts,0.0
base,last_week,2018-07-23,2018-08-13,4,PR,watches_gifts,0.0
base,last_week,2018-07-23,2018-07-23,1,RJ,auto,0.0
base,last_week,2018-07-23,2018-07-30,2,RJ,auto,0.0
base,last_week,2018-07-23,2018-08-06,3,RJ,auto,0.0
base,last_week,2018-07-23,2018-08-13,4,RJ,auto,0.0
base,last_week,2018-07-23,2018-07-23,1,RJ,bed_bath_table,0.0
base,last_week,2018-07-23,2018-07-30,2,RJ,bed_bath_table,0.0
base,last_week,2018-07-23,2018-08-06,3,RJ,bed_bath_table,0.0
base,last_week,2018-07-23,2018-08-13,4,RJ,bed_bath_table,0.0
base,last_week,2018-07-23,2018-07-23,1,RJ,computers_accessories,0.0
base,last_week,2018-07-23,2018-07-30,2,RJ,computers_accessories,0.0
base,last_week,2018-07-23,2018-08-06,3,RJ,computers_accessories,0.0
base,last_week,2018-07-23,2018-08-13,4,RJ,computers_accessories,0.0
base,last_week,2018-07-23,2018-07-23,1,RJ,furniture_decor,0.0
base,last_week,2018-07-23,2018-07-30,2,RJ,furniture_decor,0.0
base,last_week,2018-07-23,2018-08-06,3,RJ,furniture_decor,0.0
base,last_week,2018-07-23,2018-08-13,4,RJ,furniture_decor,0.0
base,last_week,2018-07-23,2018-07-23,1,RJ,garden_tools,0.0
base,last_week,2018-07-23,2018-07-30,2,RJ,garden_tools,0.0
base,last_week,2018-07-23,2018-08-06,3,RJ,garden_tools,0.0
base,last_week,2018-07-23,2018-08-13,4,RJ,garden_tools,0.0
base,last_week,2018-07-23,2018-07-23,1,RJ,health_beauty,0.0
base,last_week,2018-07-23,2018-07-30,2,RJ,health_beauty,0.0
base,last_week,2018-07-23,2018-08-06,3,RJ,health_beauty,0.0
base,last_week,2018-07-23,2018-08-13,4,RJ,health_beauty,0.0
base,last_week,2018-07-23,2018-07-23,1,RJ,housewares,0.0
base,last_week,2018-07-23,2018-07-30,2,RJ,housewares,0.0
base,last_week,2018-07-23,2018-08-06,3,RJ,housewares,0.0
base,last_week,2018-07-23,2018-08-13,4,RJ,housewares,0.0
base,last_week,2018-07-23,2018-07-23,1,RJ,sports_leisure,0.0
base,last_week,2018-07-23,2018-07-30,2,RJ,sports_leisure,0.0
base,last_week,2018-07-23,2018-08-06,3,RJ,sports_leisure,0.0
base,last_week,2018-07-23,2018-08-13,4,RJ,sports_leisure,0.0
base,last_week,2018-07-23,2018-07-23,1,RJ,telephony,0.0
base,last_week,2018-07-23,2018-07-30,2,RJ,telephony,0.0
base,last_week,2018-07-23,2018-08-06,3,RJ,telephony,0.0
base,last_week,2018-07-23,2018-08-13,4,RJ,telephony,0.0
base,last_week,2018-07-23,2018-07-23,1,RJ,watches_gifts,0.0
base,last_week,2018-07-23,2018-07-30,2,RJ,watches_gifts,0.0
base,last_week,2018-07-23,2018-08-06,3,RJ,watches_gifts,0.0
base,last_week,2018-07-23,2018-08-13,4,RJ,watches_gifts,0.0
base,last_week,2018-07-23,2018-07-23,1,RS,auto,0.0
base,last_week,2018-07-23,2018-07-30,2,RS,auto,0.0
base,last_week,2018-07-23,2018-08-06,3,RS,auto,0.0
base,last_week,2018-07-23,2018-08-13,4,RS,auto,0.0
base,last_week,2018-07-23,2018-07-23,1,RS,bed_bath_table,0.0
base,last_week,2018-07-23,2018-07-30,2,RS,bed_bath_table,0.0
base,last_week,2018-07-23,2018-08-06,3,RS,bed_bath_table,0.0
base,last_week,2018-07-23,2018-08-13,4,RS,bed_bath_table,0.0
base,last_week,2018-07-23,2018-07-23,1,RS,computers_accessories,0.0
base,last_week,2018-07-23,2018-07-30,2,RS,computers_accessories,0.0
base,last_week,2018-07-23,2018-08-06,3,RS,computers_accessories,0.0
base,last_week,2018-07-23,2018-08-13,4,RS,computers_accessories,0.0
base,last_week,2018-07-23,2018-07-23,1,RS,furniture_decor,0.0
base,last_week,2018-07-23,2018-07-30,2,RS,furniture_decor,0.0
base,last_week,2018-07-23,2018-08-06,3,RS,furniture_decor,0.0
base,last_week,2018-07-23,2018-08-13,4,RS,furniture_decor,0.0
base,last_week,2018-07-23,2018-07-23,1,RS,garden_tools,0.0
base,last_week,2018-07-23,2018-07-30,2,RS,garden_tools,0.0
base,last_week,2018-07-23,2018-08-06,3,RS,garden_tools,0.0
base,last_week,2018-07-23,2018-08-13,4,RS,garden_tools,0.0
base,last_week,2018-07-23,2018-07-23,1,RS,health_beauty,0.0
base,last_week,2018-07-23,2018-07-30,2,RS,health_beauty,0.0
base,last_week,2018-07-23,2018-08-06,3,RS,health_beauty,0.0
base,last_week,2018-07-23,2018-08-13,4,RS,health_beauty,0.0
base,last_week,2018-07-23,2018-07-23,1,RS,housewares,0.0
base,last_week,2018-07-23,2018-07-30,2,RS,housewares,0.0
base,last_week,2018-07-23,2018-08-06,3,RS,housewares,0.0
base,last_week,2018-07-23,2018-08-13,4,RS,housewares,0.0
base,last_week,2018-07-23,2018-07-23,1,RS,sports_leisure,0.0
base,last_week,2018-07-23,2018-07-30,2,RS,sports_leisure,0.0
base,last_week,2018-07-23,2018-08-06,3,RS,sports_leisure,0.0
base,last_week,2018-07-23,2018-08-13,4,RS,sports_leisure,0.0
base,last_week,2018-07-23,2018-07-23,1,RS,telephony,0.0
base,last_week,2018-07-23,2018-07-30,2,RS,telephony,0.0
base,last_week,2018-07-23,2018-08-06,3,RS,telephony,0.0
base,last_week,2018-07-23,2018-08-13,4,RS,telephony,0.0
base,last_week,2018-07-23,2018-07-23,1,RS,watches_gifts,0.0
base,last_week,2018-07-23,2018-07-30,2,RS,watches_gifts,0.0
base,last_week,2018-07-23,2018-08-06,3,RS,watches_gifts,0.0
base,last_week,2018-07-23,2018-08-13,4,RS,watches_gifts,0.0
base,last_week,2018-07-23,2018-07-23,1,SC,auto,0.0
base,last_week,2018-07-23,2018-07-30,2,SC,auto,0.0
base,last_week,2018-07-23,2018-08-06,3,SC,auto,0.0
base,last_week,2018-07-23,2018-08-13,4,SC,auto,0.0
base,last_week,2018-07-23,2018-07-23,1,SC,bed_bath_table,0.0
base,last_week,2018-07-23,2018-07-30,2,SC,bed_bath_table,0.0
base,last_week,2018-07-23,2018-08-06,3,SC,bed_bath_table,0.0
base,last_week,2018-07-23,2018-08-13,4,SC,bed_bath_table,0.0
base,last_week,2018-07-23,2018-07-23,1,SC,computers_accessories,0.0
base,last_week,2018-07-23,2018-07-30,2,SC,computers_accessories,0.0
base,last_week,2018-07-23,2018-08-06,3,SC,computers_accessories,0.0
base,last_week,2018-07-23,2018-08-13,4,SC,computers_accessories,0.0
base,last_week,2018-07-23,2018-07-23,1,SC,furniture_decor,0.0
base,last_week,2018-07-23,2018-07-30,2,SC,furniture_decor,0.0
base,last_week,2018-07-23,2018-08-06,3,SC,furniture_decor,0.0
base,last_week,2018-07-23,2018-08-13,4,SC,furniture_decor,0.0
base,last_week,2018-07-23,2018-07-23,1,SC,garden_tools,0.0
base,last_week,2018-07-23,2018-07-30,2,SC,garden_tools,0.0
base,last_week,2018-07-23,2018-08-06,3,SC,garden_tools,0.0
base,last_week,2018-07-23,2018-08-13,4,SC,garden_tools,0.0
base,last_week,2018-07-23,2018-07-23,1,SC,health_beauty,0.0
base,last_week,2018-07-23,2018-07-30,2,SC,health_beauty,0.0
base,last_week,2018-07-23,2018-08-06,3,SC,health_beauty,0.0
base,last_week,2018-07-23,2018-08-13,4,SC,health_beauty,0.0
base,last_week,2018-07-23,2018-07-23,1,SC,housewares,0.0
base,last_week,2018-07-23,2018-07-30,2,SC,housewares,0.0
base,last_week,2018-07-23,2018-08-06,3,SC,housewares,0.0
base,last_week,2018-07-23,2018-08-13,4,SC,housewares,0.0
base,last_week,2018-07-23,2018-07-23,1,SC,sports_leisure,0.0
base,last_week,2018-07-23,2018-07-30,2,SC,sports_leisure,0.0
base,last_week,2018-07-23,2018-08-06,3,SC,sports_leisure,0.0
base,last_week,2018-07-23,2018-08-13,4,SC,sports_leisure,0.0
base,last_week,2018-07-23,2018-07-23,1,SC,telephony,0.0
base,last_week,2018-07-23,2018-07-30,2,SC,telephony,0.0
base,last_week,2018-07-23,2018-08-06,3,SC,telephony,0.0
base,last_week,2018-07-23,2018-08-13,4,SC,telephony,0.0
base,last_week,2018-07-23,2018-07-23,1,SC,watches_gifts,0.0
base,last_week,2018-07-23,2018-07-30,2,SC,watches_gifts,0.0
base,last_week,2018-07-23,2018-08-06,3,SC,watches_gifts,0.0
base,last_week,2018-07-23,2018-08-13,4,SC,watches_gifts,0.0
base,last_week,2018-07-23,2018-07-23,1,SP,auto,0.0
base,last_week,2018-07-23,2018-07-30,2,SP,auto,0.0
base,last_week,2018-07-23,2018-08-06,3,SP,auto,0.0
base,last_week,2018-07-23,2018-08-13,4,SP,auto,0.0
base,last_week,2018-07-23,2018-07-23,1,SP,bed_bath_table,0.0
base,last_week,2018-07-23,2018-07-30,2,SP,bed_bath_table,0.0
base,last_week,2018-07-23,2018-08-06,3,SP,bed_bath_table,0.0
base,last_week,2018-07-23,2018-08-13,4,SP,bed_bath_table,0.0
base,last_week,2018-07-23,2018-07-23,1,SP,computers_accessories,0.0
base,last_week,2018-07-23,2018-07-30,2,SP,computers_accessories,0.0
base,last_week,2018-07-23,2018-08-06,3,SP,computers_accessories,0.0
base,last_week,2018-07-23,2018-08-13,4,SP,computers_accessories,0.0
base,last_week,2018-07-23,2018-07-23,1,SP,furniture_decor,0.0
base,last_week,2018-07-23,2018-07-30,2,SP,furniture_decor,0.0
base,last_week,2018-07-23,2018-08-06,3,SP,furniture_decor,0.0
base,last_week,2018-07-23,2018-08-13,4,SP,furniture_decor,0.0
base,last_week,2018-07-23,2018-07-23,1,SP,garden_tools,0.0
base,last_week,2018-07-23,2018-07-30,2,SP,garden_tools,0.0
base,last_week,2018-07-23,2018-08-06,3,SP,garden_tools,0.0
base,last_week,2018-07-23,2018-08-13,4,SP,garden_tools,0.0
base,last_week,2018-07-23,2018-07-23,1,SP,health_beauty,0.0
base,last_week,2018-07-23,2018-07-30,2,SP,health_beauty,0.0
base,last_week,2018-07-23,2018-08-06,3,SP,health_beauty,0.0
base,last_week,2018-07-23,2018-08-13,4,SP,health_beauty,0.0
base,last_week,2018-07-23,2018-07-23,1,SP,housewares,0.0
base,last_week,2018-07-23,2018-07-30,2,SP,housewares,0.0
base,last_week,2018-07-23,2018-08-06,3,SP,housewares,0.0
base,last_week,2018-07-23,2018-08-13,4,SP,housewares,0.0
base,last_week,2018-07-23,2018-07-23,1,SP,sports_leisure,0.0
base,last_week,2018-07-23,2018-07-30,2,SP,sports_leisure,0.0
base,last_week,2018-07-23,2018-08-06,3,SP,sports_leisure,0.0
base,last_week,2018-07-23,2018-08-13,4,SP,sports_leisure,0.0
base,last_week,2018-07-23,2018-07-23,1,SP,telephony,0.0
base,last_week,2018-07-23,2018-07-30,2,SP,telephony,0.0
base,last_week,2018-07-23,2018-08-06,3,SP,telephony,0.0
base,last_week,2018-07-23,2018-08-13,4,SP,telephony,0.0
base,last_week,2018-07-23,2018-07-23,1,SP,watches_gifts,0.0
base,last_week,2018-07-23,2018-07-30,2,SP,watches_gifts,0.0
base,last_week,2018-07-23,2018-08-06,3,SP,watches_gifts,0.0
base,last_week,2018-07-23,2018-08-13,4,SP,watches_gifts,0.0
base,last_week,2018-07-30,2018-07-30,1,MG,auto,0.0
base,last_week,2018-07-30,2018-08-06,2,MG,auto,0.0
base,last_week,2018-07-30,2018-08-13,3,MG,auto,0.0
base,last_week,2018-07-30,2018-08-20,4,MG,auto,0.0
base,last_week,2018-07-30,2018-07-30,1,MG,bed_bath_table,0.0
base,last_week,2018-07-30,2018-08-06,2,MG,bed_bath_table,0.0
base,last_week,2018-07-30,2018-08-13,3,MG,bed_bath_table,0.0
base,last_week,2018-07-30,2018-08-20,4,MG,bed_bath_table,0.0
base,last_week,2018-07-30,2018-07-30,1,MG,computers_accessories,0.0
base,last_week,2018-07-30,2018-08-06,2,MG,computers_accessories,0.0
base,last_week,2018-07-30,2018-08-13,3,MG,computers_accessories,0.0
base,last_week,2018-07-30,2018-08-20,4,MG,computers_accessories,0.0
base,last_week,2018-07-30,2018-07-30,1,MG,furniture_decor,0.0
base,last_week,2018-07-30,2018-08-06,2,MG,furniture_decor,0.0
base,last_week,2018-07-30,2018-08-13,3,MG,furniture_decor,0.0
base,last_week,2018-07-30,2018-08-20,4,MG,furniture_decor,0.0
base,last_week,2018-07-30,2018-07-30,1,MG,garden_tools,0.0
base,last_week,2018-07-30,2018-08-06,2,MG,garden_tools,0.0
base,last_week,2018-07-30,2018-08-13,3,MG,garden_tools,0.0
base,last_week,2018-07-30,2018-08-20,4,MG,garden_tools,0.0
base,last_week,2018-07-30,2018-07-30,1,MG,health_beauty,0.0
base,last_week,2018-07-30,2018-08-06,2,MG,health_beauty,0.0
base,last_week,2018-07-30,2018-08-13,3,MG,health_beauty,0.0
base,last_week,2018-07-30,2018-08-20,4,MG,health_beauty,0.0
base,last_week,2018-07-30,2018-07-30,1,MG,housewares,0.0
base,last_week,2018-07-30,2018-08-06,2,MG,housewares,0.0
base,last_week,2018-07-30,2018-08-13,3,MG,housewares,0.0
base,last_week,2018-07-30,2018-08-20,4,MG,housewares,0.0
base,last_week,2018-07-30,2018-07-30,1,MG,sports_leisure,0.0
base,last_week,2018-07-30,2018-08-06,2,MG,sports_leisure,0.0
base,last_week,2018-07-30,2018-08-13,3,MG,sports_leisure,0.0
base,last_week,2018-07-30,2018-08-20,4,MG,sports_leisure,0.0
base,last_week,2018-07-30,2018-07-30,1,MG,telephony,0.0
base,last_week,2018-07-30,2018-08-06,2,MG,telephony,0.0
base,last_week,2018-07-30,2018-08-13,3,MG,telephony,0.0
base,last_week,2018-07-30,2018-08-20,4,MG,telephony,0.0
base,last_week,2018-07-30,2018-07-30,1,MG,watches_gifts,0.0
base,last_week,2018-07-30,2018-08-06,2,MG,watches_gifts,0.0
base,last_week,2018-07-30,2018-08-13,3,MG,watches_gifts,0.0
base,last_week,2018-07-30,2018-08-20,4,MG,watches_gifts,0.0
base,last_week,2018-07-30,2018-07-30,1,PR,auto,0.0
base,last_week,2018-07-30,2018-08-06,2,PR,auto,0.0
base,last_week,2018-07-30,2018-08-13,3,PR,auto,0.0
base,last_week,2018-07-30,2018-08-20,4,PR,auto,0.0
base,last_week,2018-07-30,2018-07-30,1,PR,bed_bath_table,0.0
base,last_week,2018-07-30,2018-08-06,2,PR,bed_bath_table,0.0
base,last_week,2018-07-30,2018-08-13,3,PR,bed_bath_table,0.0
base,last_week,2018-07-30,2018-08-20,4,PR,bed_bath_table,0.0
base,last_week,2018-07-30,2018-07-30,1,PR,computers_accessories,0.0
base,last_week,2018-07-30,2018-08-06,2,PR,computers_accessories,0.0
base,last_week,2018-07-30,2018-08-13,3,PR,computers_accessories,0.0
base,last_week,2018-07-30,2018-08-20,4,PR,computers_accessories,0.0
base,last_week,2018-07-30,2018-07-30,1,PR,furniture_decor,0.0
base,last_week,2018-07-30,2018-08-06,2,PR,furniture_decor,0.0
base,last_week,2018-07-30,2018-08-13,3,PR,furniture_decor,0.0
base,last_week,2018-07-30,2018-08-20,4,PR,furniture_decor,0.0
base,last_week,2018-07-30,2018-07-30,1,PR,garden_tools,0.0
base,last_week,2018-07-30,2018-08-06,2,PR,garden_tools,0.0
base,last_week,2018-07-30,2018-08-13,3,PR,garden_tools,0.0
base,last_week,2018-07-30,2018-08-20,4,PR,garden_tools,0.0
base,last_week,2018-07-30,2018-07-30,1,PR,health_beauty,0.0
base,last_week,2018-07-30,2018-08-06,2,PR,health_beauty,0.0
base,last_week,2018-07-30,2018-08-13,3,PR,health_beauty,0.0
base,last_week,2018-07-30,2018-08-20,4,PR,health_beauty,0.0
base,last_week,2018-07-30,2018-07-30,1,PR,housewares,0.0
base,last_week,2018-07-30,2018-08-06,2,PR,housewares,0.0
base,last_week,2018-07-30,2018-08-13,3,PR,housewares,0.0
base,last_week,2018-07-30,2018-08-20,4,PR,housewares,0.0
base,last_week,2018-07-30,2018-07-30,1,PR,sports_leisure,0.0
base,last_week,2018-07-30,2018-08-06,2,PR,sports_leisure,0.0
base,last_week,2018-07-30,2018-08-13,3,PR,sports_leisure,0.0
base,last_week,2018-07-30,2018-08-20,4,PR,sports_leisure,0.0
base,last_week,2018-07-30,2018-07-30,1,PR,telephony,0.0
base,last_week,2018-07-30,2018-08-06,2,PR,telephony,0.0
base,last_week,2018-07-30,2018-08-13,3,PR,telephony,0.0
base,last_week,2018-07-30,2018-08-20,4,PR,telephony,0.0
base,last_week,2018-07-30,2018-07-30,1,PR,watches_gifts,0.0
base,last_week,2018-07-30,2018-08-06,2,PR,watches_gifts,0.0
base,last_week,2018-07-30,2018-08-13,3,PR,watches_gifts,0.0
base,last_week,2018-07-30,2018-08-20,4,PR,watches_gifts,0.0
base,last_week,2018-07-30,2018-07-30,1,RJ,auto,0.0
base,last_week,2018-07-30,2018-08-06,2,RJ,auto,0.0
base,last_week,2018-07-30,2018-08-13,3,RJ,auto,0.0
base,last_week,2018-07-30,2018-08-20,4,RJ,auto,0.0
base,last_week,2018-07-30,2018-07-30,1,RJ,bed_bath_table,0.0
base,last_week,2018-07-30,2018-08-06,2,RJ,bed_bath_table,0.0
base,last_week,2018-07-30,2018-08-13,3,RJ,bed_bath_table,0.0
base,last_week,2018-07-30,2018-08-20,4,RJ,bed_bath_table,0.0
base,last_week,2018-07-30,2018-07-30,1,RJ,computers_accessories,0.0
base,last_week,2018-07-30,2018-08-06,2,RJ,computers_accessories,0.0
base,last_week,2018-07-30,2018-08-13,3,RJ,computers_accessories,0.0
base,last_week,2018-07-30,2018-08-20,4,RJ,computers_accessories,0.0
base,last_week,2018-07-30,2018-07-30,1,RJ,furniture_decor,0.0
base,last_week,2018-07-30,2018-08-06,2,RJ,furniture_decor,0.0
base,last_week,2018-07-30,2018-08-13,3,RJ,furniture_decor,0.0
base,last_week,2018-07-30,2018-08-20,4,RJ,furniture_decor,0.0
base,last_week,2018-07-30,2018-07-30,1,RJ,garden_tools,0.0
base,last_week,2018-07-30,2018-08-06,2,RJ,garden_tools,0.0
base,last_week,2018-07-30,2018-08-13,3,RJ,garden_tools,0.0
base,last_week,2018-07-30,2018-08-20,4,RJ,garden_tools,0.0
base,last_week,2018-07-30,2018-07-30,1,RJ,health_beauty,9.0
base,last_week,2018-07-30,2018-08-06,2,RJ,health_beauty,0.0
base,last_week,2018-07-30,2018-08-13,3,RJ,health_beauty,0.0
base,last_week,2018-07-30,2018-08-20,4,RJ,health_beauty,0.0
base,last_week,2018-07-30,2018-07-30,1,RJ,housewares,0.0
base,last_week,2018-07-30,2018-08-06,2,RJ,housewares,0.0
base,last_week,2018-07-30,2018-08-13,3,RJ,housewares,0.0
base,last_week,2018-07-30,2018-08-20,4,RJ,housewares,0.0
base,last_week,2018-07-30,2018-07-30,1,RJ,sports_leisure,0.0
base,last_week,2018-07-30,2018-08-06,2,RJ,sports_leisure,0.0
base,last_week,2018-07-30,2018-08-13,3,RJ,sports_leisure,0.0
base,last_week,2018-07-30,2018-08-20,4,RJ,sports_leisure,0.0
base,last_week,2018-07-30,2018-07-30,1,RJ,telephony,0.0
base,last_week,2018-07-30,2018-08-06,2,RJ,telephony,0.0
base,last_week,2018-07-30,2018-08-13,3,RJ,telephony,0.0
base,last_week,2018-07-30,2018-08-20,4,RJ,telephony,0.0
base,last_week,2018-07-30,2018-07-30,1,RJ,watches_gifts,0.0
base,last_week,2018-07-30,2018-08-06,2,RJ,watches_gifts,0.0
base,last_week,2018-07-30,2018-08-13,3,RJ,watches_gifts,0.0
base,last_week,2018-07-30,2018-08-20,4,RJ,watches_gifts,0.0
base,last_week,2018-07-30,2018-07-30,1,RS,auto,0.0
base,last_week,2018-07-30,2018-08-06,2,RS,auto,0.0
base,last_week,2018-07-30,2018-08-13,3,RS,auto,0.0
base,last_week,2018-07-30,2018-08-20,4,RS,auto,0.0
base,last_week,2018-07-30,2018-07-30,1,RS,bed_bath_table,3.0
base,last_week,2018-07-30,2018-08-06,2,RS,bed_bath_table,0.0
base,last_week,2018-07-30,2018-08-13,3,RS,bed_bath_table,0.0
base,last_week,2018-07-30,2018-08-20,4,RS,bed_bath_table,0.0
base,last_week,2018-07-30,2018-07-30,1,RS,computers_accessories,0.0
base,last_week,2018-07-30,2018-08-06,2,RS,computers_accessories,0.0
base,last_week,2018-07-30,2018-08-13,3,RS,computers_accessories,0.0
base,last_week,2018-07-30,2018-08-20,4,RS,computers_accessories,0.0
base,last_week,2018-07-30,2018-07-30,1,RS,furniture_decor,0.0
base,last_week,2018-07-30,2018-08-06,2,RS,furniture_decor,0.0
base,last_week,2018-07-30,2018-08-13,3,RS,furniture_decor,0.0
base,last_week,2018-07-30,2018-08-20,4,RS,furniture_decor,0.0
base,last_week,2018-07-30,2018-07-30,1,RS,garden_tools,0.0
base,last_week,2018-07-30,2018-08-06,2,RS,garden_tools,0.0
base,last_week,2018-07-30,2018-08-13,3,RS,garden_tools,0.0
base,last_week,2018-07-30,2018-08-20,4,RS,garden_tools,0.0
base,last_week,2018-07-30,2018-07-30,1,RS,health_beauty,4.0
base,last_week,2018-07-30,2018-08-06,2,RS,health_beauty,0.0
base,last_week,2018-07-30,2018-08-13,3,RS,health_beauty,0.0
base,last_week,2018-07-30,2018-08-20,4,RS,health_beauty,0.0
base,last_week,2018-07-30,2018-07-30,1,RS,housewares,0.0
base,last_week,2018-07-30,2018-08-06,2,RS,housewares,0.0
base,last_week,2018-07-30,2018-08-13,3,RS,housewares,0.0
base,last_week,2018-07-30,2018-08-20,4,RS,housewares,0.0
base,last_week,2018-07-30,2018-07-30,1,RS,sports_leisure,0.0
base,last_week,2018-07-30,2018-08-06,2,RS,sports_leisure,0.0
base,last_week,2018-07-30,2018-08-13,3,RS,sports_leisure,0.0
base,last_week,2018-07-30,2018-08-20,4,RS,sports_leisure,0.0
base,last_week,2018-07-30,2018-07-30,1,RS,telephony,0.0
base,last_week,2018-07-30,2018-08-06,2,RS,telephony,0.0
base,last_week,2018-07-30,2018-08-13,3,RS,telephony,0.0
base,last_week,2018-07-30,2018-08-20,4,RS,telephony,0.0
base,last_week,2018-07-30,2018-07-30,1,RS,watches_gifts,6.0
base,last_week,2018-07-30,2018-08-06,2,RS,watches_gifts,0.0
base,last_week,2018-07-30,2018-08-13,3,RS,watches_gifts,0.0
base,last_week,2018-07-30,2018-08-20,4,RS,watches_gifts,0.0
base,last_week,2018-07-30,2018-07-30,1,SC,auto,0.0
base,last_week,2018-07-30,2018-08-06,2,SC,auto,0.0
base,last_week,2018-07-30,2018-08-13,3,SC,auto,0.0
base,last_week,2018-07-30,2018-08-20,4,SC,auto,0.0
base,last_week,2018-07-30,2018-07-30,1,SC,bed_bath_table,0.0
base,last_week,2018-07-30,2018-08-06,2,SC,bed_bath_table,0.0
base,last_week,2018-07-30,2018-08-13,3,SC,bed_bath_table,0.0
base,last_week,2018-07-30,2018-08-20,4,SC,bed_bath_table,0.0
base,last_week,2018-07-30,2018-07-30,1,SC,computers_accessories,0.0
base,last_week,2018-07-30,2018-08-06,2,SC,computers_accessories,0.0
base,last_week,2018-07-30,2018-08-13,3,SC,computers_accessories,0.0
base,last_week,2018-07-30,2018-08-20,4,SC,computers_accessories,0.0
base,last_week,2018-07-30,2018-07-30,1,SC,furniture_decor,0.0
base,last_week,2018-07-30,2018-08-06,2,SC,furniture_decor,0.0
base,last_week,2018-07-30,2018-08-13,3,SC,furniture_decor,0.0
base,last_week,2018-07-30,2018-08-20,4,SC,furniture_decor,0.0
base,last_week,2018-07-30,2018-07-30,1,SC,garden_tools,0.0
base,last_week,2018-07-30,2018-08-06,2,SC,garden_tools,0.0
base,last_week,2018-07-30,2018-08-13,3,SC,garden_tools,0.0
base,last_week,2018-07-30,2018-08-20,4,SC,garden_tools,0.0
base,last_week,2018-07-30,2018-07-30,1,SC,health_beauty,0.0
base,last_week,2018-07-30,2018-08-06,2,SC,health_beauty,0.0
base,last_week,2018-07-30,2018-08-13,3,SC,health_beauty,0.0
base,last_week,2018-07-30,2018-08-20,4,SC,health_beauty,0.0
base,last_week,2018-07-30,2018-07-30,1,SC,housewares,0.0
base,last_week,2018-07-30,2018-08-06,2,SC,housewares,0.0
base,last_week,2018-07-30,2018-08-13,3,SC,housewares,0.0
base,last_week,2018-07-30,2018-08-20,4,SC,housewares,0.0
base,last_week,2018-07-30,2018-07-30,1,SC,sports_leisure,0.0
base,last_week,2018-07-30,2018-08-06,2,SC,sports_leisure,0.0
base,last_week,2018-07-30,2018-08-13,3,SC,sports_leisure,0.0
base,last_week,2018-07-30,2018-08-20,4,SC,sports_leisure,0.0
base,last_week,2018-07-30,2018-07-30,1,SC,telephony,0.0
base,last_week,2018-07-30,2018-08-06,2,SC,telephony,0.0
base,last_week,2018-07-30,2018-08-13,3,SC,telephony,0.0
base,last_week,2018-07-30,2018-08-20,4,SC,telephony,0.0
base,last_week,2018-07-30,2018-07-30,1,SC,watches_gifts,8.0
base,last_week,2018-07-30,2018-08-06,2,SC,watches_gifts,0.0
base,last_week,2018-07-30,2018-08-13,3,SC,watches_gifts,0.0
base,last_week,2018-07-30,2018-08-20,4,SC,watches_gifts,0.0
base,last_week,2018-07-30,2018-07-30,1,SP,auto,0.0
base,last_week,2018-07-30,2018-08-06,2,SP,auto,0.0
base,last_week,2018-07-30,2018-08-13,3,SP,auto,0.0
base,last_week,2018-07-30,2018-08-20,4,SP,auto,0.0
base,last_week,2018-07-30,2018-07-30,1,SP,bed_bath_table,27.0
base,last_week,2018-07-30,2018-08-06,2,SP,bed_bath_table,0.0
base,last_week,2018-07-30,2018-08-13,3,SP,bed_bath_table,0.0
base,last_week,2018-07-30,2018-08-20,4,SP,bed_bath_table,0.0
base,last_week,2018-07-30,2018-07-30,1,SP,computers_accessories,0.0
base,last_week,2018-07-30,2018-08-06,2,SP,computers_accessories,0.0
base,last_week,2018-07-30,2018-08-13,3,SP,computers_accessories,0.0
base,last_week,2018-07-30,2018-08-20,4,SP,computers_accessories,0.0
base,last_week,2018-07-30,2018-07-30,1,SP,furniture_decor,0.0
base,last_week,2018-07-30,2018-08-06,2,SP,furniture_decor,0.0
base,last_week,2018-07-30,2018-08-13,3,SP,furniture_decor,0.0
base,last_week,2018-07-30,2018-08-20,4,SP,furniture_decor,0.0
base,last_week,2018-07-30,2018-07-30,1,SP,garden_tools,0.0
base,last_week,2018-07-30,2018-08-06,2,SP,garden_tools,0.0
base,last_week,2018-07-30,2018-08-13,3,SP,garden_tools,0.0
base,last_week,2018-07-30,2018-08-20,4,SP,garden_tools,0.0
base,last_week,2018-07-30,2018-07-30,1,SP,health_beauty,36.0
base,last_week,2018-07-30,2018-08-06,2,SP,health_beauty,0.0
base,last_week,2018-07-30,2018-08-13,3,SP,health_beauty,0.0
base,last_week,2018-07-30,2018-08-20,4,SP,health_beauty,0.0
base,last_week,2018-07-30,2018-07-30,1,SP,housewares,0.0
base,last_week,2018-07-30,2018-08-06,2,SP,housewares,0.0
base,last_week,2018-07-30,2018-08-13,3,SP,housewares,0.0
base,last_week,2018-07-30,2018-08-20,4,SP,housewares,0.0
base,last_week,2018-07-30,2018-07-30,1,SP,sports_leisure,0.0
base,last_week,2018-07-30,2018-08-06,2,SP,sports_leisure,0.0
base,last_week,2018-07-30,2018-08-13,3,SP,sports_leisure,0.0
base,last_week,2018-07-30,2018-08-20,4,SP,sports_leisure,0.0
base,last_week,2018-07-30,2018-07-30,1,SP,telephony,0.0
base,last_week,2018-07-30,2018-08-06,2,SP,telephony,0.0
base,last_week,2018-07-30,2018-08-13,3,SP,telephony,0.0
base,last_week,2018-07-30,2018-08-20,4,SP,telephony,0.0
base,last_week,2018-07-30,2018-07-30,1,SP,watches_gifts,39.0
base,last_week,2018-07-30,2018-08-06,2,SP,watches_gifts,0.0
base,last_week,2018-07-30,2018-08-13,3,SP,watches_gifts,0.0
base,last_week,2018-07-30,2018-08-20,4,SP,watches_gifts,0.0
base,last_week,2018-08-06,2018-08-06,1,MG,auto,0.0
base,last_week,2018-08-06,2018-08-13,2,MG,auto,0.0
base,last_week,2018-08-06,2018-08-20,3,MG,auto,0.0
base,last_week,2018-08-06,2018-08-27,4,MG,auto,0.0
base,last_week,2018-08-06,2018-08-06,1,MG,bed_bath_table,0.0
base,last_week,2018-08-06,2018-08-13,2,MG,bed_bath_table,0.0
base,last_week,2018-08-06,2018-08-20,3,MG,bed_bath_table,0.0
base,last_week,2018-08-06,2018-08-27,4,MG,bed_bath_table,0.0
base,last_week,2018-08-06,2018-08-06,1,MG,computers_accessories,0.0
base,last_week,2018-08-06,2018-08-13,2,MG,computers_accessories,0.0
base,last_week,2018-08-06,2018-08-20,3,MG,computers_accessories,0.0
base,last_week,2018-08-06,2018-08-27,4,MG,computers_accessories,0.0
base,last_week,2018-08-06,2018-08-06,1,MG,furniture_decor,0.0
base,last_week,2018-08-06,2018-08-13,2,MG,furniture_decor,0.0
base,last_week,2018-08-06,2018-08-20,3,MG,furniture_decor,0.0
base,last_week,2018-08-06,2018-08-27,4,MG,furniture_decor,0.0
base,last_week,2018-08-06,2018-08-06,1,MG,garden_tools,0.0
base,last_week,2018-08-06,2018-08-13,2,MG,garden_tools,0.0
base,last_week,2018-08-06,2018-08-20,3,MG,garden_tools,0.0
base,last_week,2018-08-06,2018-08-27,4,MG,garden_tools,0.0
base,last_week,2018-08-06,2018-08-06,1,MG,health_beauty,0.0
base,last_week,2018-08-06,2018-08-13,2,MG,health_beauty,0.0
base,last_week,2018-08-06,2018-08-20,3,MG,health_beauty,0.0
base,last_week,2018-08-06,2018-08-27,4,MG,health_beauty,0.0
base,last_week,2018-08-06,2018-08-06,1,MG,housewares,0.0
base,last_week,2018-08-06,2018-08-13,2,MG,housewares,0.0
base,last_week,2018-08-06,2018-08-20,3,MG,housewares,0.0
base,last_week,2018-08-06,2018-08-27,4,MG,housewares,0.0
base,last_week,2018-08-06,2018-08-06,1,MG,sports_leisure,0.0
base,last_week,2018-08-06,2018-08-13,2,MG,sports_leisure,0.0
base,last_week,2018-08-06,2018-08-20,3,MG,sports_leisure,0.0
base,last_week,2018-08-06,2018-08-27,4,MG,sports_leisure,0.0
base,last_week,2018-08-06,2018-08-06,1,MG,telephony,0.0
base,last_week,2018-08-06,2018-08-13,2,MG,telephony,0.0
base,last_week,2018-08-06,2018-08-20,3,MG,telephony,0.0
base,last_week,2018-08-06,2018-08-27,4,MG,telephony,0.0
base,last_week,2018-08-06,2018-08-06,1,MG,watches_gifts,0.0
base,last_week,2018-08-06,2018-08-13,2,MG,watches_gifts,0.0
base,last_week,2018-08-06,2018-08-20,3,MG,watches_gifts,0.0
base,last_week,2018-08-06,2018-08-27,4,MG,watches_gifts,0.0
base,last_week,2018-08-06,2018-08-06,1,PR,auto,0.0
base,last_week,2018-08-06,2018-08-13,2,PR,auto,0.0
base,last_week,2018-08-06,2018-08-20,3,PR,auto,0.0
base,last_week,2018-08-06,2018-08-27,4,PR,auto,0.0
base,last_week,2018-08-06,2018-08-06,1,PR,bed_bath_table,0.0
base,last_week,2018-08-06,2018-08-13,2,PR,bed_bath_table,0.0
base,last_week,2018-08-06,2018-08-20,3,PR,bed_bath_table,0.0
base,last_week,2018-08-06,2018-08-27,4,PR,bed_bath_table,0.0
base,last_week,2018-08-06,2018-08-06,1,PR,computers_accessories,0.0
base,last_week,2018-08-06,2018-08-13,2,PR,computers_accessories,0.0
base,last_week,2018-08-06,2018-08-20,3,PR,computers_accessories,0.0
base,last_week,2018-08-06,2018-08-27,4,PR,computers_accessories,0.0
base,last_week,2018-08-06,2018-08-06,1,PR,furniture_decor,0.0
base,last_week,2018-08-06,2018-08-13,2,PR,furniture_decor,0.0
base,last_week,2018-08-06,2018-08-20,3,PR,furniture_decor,0.0
base,last_week,2018-08-06,2018-08-27,4,PR,furniture_decor,0.0
base,last_week,2018-08-06,2018-08-06,1,PR,garden_tools,0.0
base,last_week,2018-08-06,2018-08-13,2,PR,garden_tools,0.0
base,last_week,2018-08-06,2018-08-20,3,PR,garden_tools,0.0
base,last_week,2018-08-06,2018-08-27,4,PR,garden_tools,0.0
base,last_week,2018-08-06,2018-08-06,1,PR,health_beauty,0.0
base,last_week,2018-08-06,2018-08-13,2,PR,health_beauty,0.0
base,last_week,2018-08-06,2018-08-20,3,PR,health_beauty,0.0
base,last_week,2018-08-06,2018-08-27,4,PR,health_beauty,0.0
base,last_week,2018-08-06,2018-08-06,1,PR,housewares,0.0
base,last_week,2018-08-06,2018-08-13,2,PR,housewares,0.0
base,last_week,2018-08-06,2018-08-20,3,PR,housewares,0.0
base,last_week,2018-08-06,2018-08-27,4,PR,housewares,0.0
base,last_week,2018-08-06,2018-08-06,1,PR,sports_leisure,0.0
base,last_week,2018-08-06,2018-08-13,2,PR,sports_leisure,0.0
base,last_week,2018-08-06,2018-08-20,3,PR,sports_leisure,0.0
base,last_week,2018-08-06,2018-08-27,4,PR,sports_leisure,0.0
base,last_week,2018-08-06,2018-08-06,1,PR,telephony,0.0
base,last_week,2018-08-06,2018-08-13,2,PR,telephony,0.0
base,last_week,2018-08-06,2018-08-20,3,PR,telephony,0.0
base,last_week,2018-08-06,2018-08-27,4,PR,telephony,0.0
base,last_week,2018-08-06,2018-08-06,1,PR,watches_gifts,0.0
base,last_week,2018-08-06,2018-08-13,2,PR,watches_gifts,0.0
base,last_week,2018-08-06,2018-08-20,3,PR,watches_gifts,0.0
base,last_week,2018-08-06,2018-08-27,4,PR,watches_gifts,0.0
base,last_week,2018-08-06,2018-08-06,1,RJ,auto,0.0
base,last_week,2018-08-06,2018-08-13,2,RJ,auto,0.0
base,last_week,2018-08-06,2018-08-20,3,RJ,auto,0.0
base,last_week,2018-08-06,2018-08-27,4,RJ,auto,0.0
base,last_week,2018-08-06,2018-08-06,1,RJ,bed_bath_table,0.0
base,last_week,2018-08-06,2018-08-13,2,RJ,bed_bath_table,0.0
base,last_week,2018-08-06,2018-08-20,3,RJ,bed_bath_table,0.0
base,last_week,2018-08-06,2018-08-27,4,RJ,bed_bath_table,0.0
base,last_week,2018-08-06,2018-08-06,1,RJ,computers_accessories,0.0
base,last_week,2018-08-06,2018-08-13,2,RJ,computers_accessories,0.0
base,last_week,2018-08-06,2018-08-20,3,RJ,computers_accessories,0.0
base,last_week,2018-08-06,2018-08-27,4,RJ,computers_accessories,0.0
base,last_week,2018-08-06,2018-08-06,1,RJ,furniture_decor,0.0
base,last_week,2018-08-06,2018-08-13,2,RJ,furniture_decor,0.0
base,last_week,2018-08-06,2018-08-20,3,RJ,furniture_decor,0.0
base,last_week,2018-08-06,2018-08-27,4,RJ,furniture_decor,0.0
base,last_week,2018-08-06,2018-08-06,1,RJ,garden_tools,2.0
base,last_week,2018-08-06,2018-08-13,2,RJ,garden_tools,1.0
base,last_week,2018-08-06,2018-08-20,3,RJ,garden_tools,0.0
base,last_week,2018-08-06,2018-08-27,4,RJ,garden_tools,0.0
base,last_week,2018-08-06,2018-08-06,1,RJ,health_beauty,0.0
base,last_week,2018-08-06,2018-08-13,2,RJ,health_beauty,0.0
base,last_week,2018-08-06,2018-08-20,3,RJ,health_beauty,0.0
base,last_week,2018-08-06,2018-08-27,4,RJ,health_beauty,0.0
base,last_week,2018-08-06,2018-08-06,1,RJ,housewares,0.0
base,last_week,2018-08-06,2018-08-13,2,RJ,housewares,0.0
base,last_week,2018-08-06,2018-08-20,3,RJ,housewares,0.0
base,last_week,2018-08-06,2018-08-27,4,RJ,housewares,0.0
base,last_week,2018-08-06,2018-08-06,1,RJ,sports_leisure,0.0
base,last_week,2018-08-06,2018-08-13,2,RJ,sports_leisure,0.0
base,last_week,2018-08-06,2018-08-20,3,RJ,sports_leisure,0.0
base,last_week,2018-08-06,2018-08-27,4,RJ,sports_leisure,0.0
base,last_week,2018-08-06,2018-08-06,1,RJ,telephony,0.0
base,last_week,2018-08-06,2018-08-13,2,RJ,telephony,0.0
base,last_week,2018-08-06,2018-08-20,3,RJ,telephony,0.0
base,last_week,2018-08-06,2018-08-27,4,RJ,telephony,0.0
base,last_week,2018-08-06,2018-08-06,1,RJ,watches_gifts,0.0
base,last_week,2018-08-06,2018-08-13,2,RJ,watches_gifts,0.0
base,last_week,2018-08-06,2018-08-20,3,RJ,watches_gifts,0.0
base,last_week,2018-08-06,2018-08-27,4,RJ,watches_gifts,0.0
base,last_week,2018-08-06,2018-08-06,1,RS,auto,1.0
base,last_week,2018-08-06,2018-08-13,2,RS,auto,0.0
base,last_week,2018-08-06,2018-08-20,3,RS,auto,0.0
base,last_week,2018-08-06,2018-08-27,4,RS,auto,0.0
base,last_week,2018-08-06,2018-08-06,1,RS,bed_bath_table,0.0
base,last_week,2018-08-06,2018-08-13,2,RS,bed_bath_table,0.0
base,last_week,2018-08-06,2018-08-20,3,RS,bed_bath_table,0.0
base,last_week,2018-08-06,2018-08-27,4,RS,bed_bath_table,0.0
base,last_week,2018-08-06,2018-08-06,1,RS,computers_accessories,0.0
base,last_week,2018-08-06,2018-08-13,2,RS,computers_accessories,0.0
base,last_week,2018-08-06,2018-08-20,3,RS,computers_accessories,0.0
base,last_week,2018-08-06,2018-08-27,4,RS,computers_accessories,0.0
base,last_week,2018-08-06,2018-08-06,1,RS,furniture_decor,0.0
base,last_week,2018-08-06,2018-08-13,2,RS,furniture_decor,0.0
base,last_week,2018-08-06,2018-08-20,3,RS,furniture_decor,0.0
base,last_week,2018-08-06,2018-08-27,4,RS,furniture_decor,0.0
base,last_week,2018-08-06,2018-08-06,1,RS,garden_tools,2.0
base,last_week,2018-08-06,2018-08-13,2,RS,garden_tools,1.0
base,last_week,2018-08-06,2018-08-20,3,RS,garden_tools,0.0
base,last_week,2018-08-06,2018-08-27,4,RS,garden_tools,0.0
base,last_week,2018-08-06,2018-08-06,1,RS,health_beauty,0.0
base,last_week,2018-08-06,2018-08-13,2,RS,health_beauty,0.0
base,last_week,2018-08-06,2018-08-20,3,RS,health_beauty,0.0
base,last_week,2018-08-06,2018-08-27,4,RS,health_beauty,0.0
base,last_week,2018-08-06,2018-08-06,1,RS,housewares,0.0
base,last_week,2018-08-06,2018-08-13,2,RS,housewares,0.0
base,last_week,2018-08-06,2018-08-20,3,RS,housewares,0.0
base,last_week,2018-08-06,2018-08-27,4,RS,housewares,0.0
base,last_week,2018-08-06,2018-08-06,1,RS,sports_leisure,0.0
base,last_week,2018-08-06,2018-08-13,2,RS,sports_leisure,0.0
base,last_week,2018-08-06,2018-08-20,3,RS,sports_leisure,0.0
base,last_week,2018-08-06,2018-08-27,4,RS,sports_leisure,0.0
base,last_week,2018-08-06,2018-08-06,1,RS,telephony,0.0
base,last_week,2018-08-06,2018-08-13,2,RS,telephony,0.0
base,last_week,2018-08-06,2018-08-20,3,RS,telephony,0.0
base,last_week,2018-08-06,2018-08-27,4,RS,telephony,0.0
base,last_week,2018-08-06,2018-08-06,1,RS,watches_gifts,0.0
base,last_week,2018-08-06,2018-08-13,2,RS,watches_gifts,0.0
base,last_week,2018-08-06,2018-08-20,3,RS,watches_gifts,0.0
base,last_week,2018-08-06,2018-08-27,4,RS,watches_gifts,0.0
base,last_week,2018-08-06,2018-08-06,1,SC,auto,0.0
base,last_week,2018-08-06,2018-08-13,2,SC,auto,0.0
base,last_week,2018-08-06,2018-08-20,3,SC,auto,0.0
base,last_week,2018-08-06,2018-08-27,4,SC,auto,0.0
base,last_week,2018-08-06,2018-08-06,1,SC,bed_bath_table,0.0
base,last_week,2018-08-06,2018-08-13,2,SC,bed_bath_table,0.0
base,last_week,2018-08-06,2018-08-20,3,SC,bed_bath_table,0.0
base,last_week,2018-08-06,2018-08-27,4,SC,bed_bath_table,0.0
base,last_week,2018-08-06,2018-08-06,1,SC,computers_accessories,0.0
base,last_week,2018-08-06,2018-08-13,2,SC,computers_accessories,0.0
base,last_week,2018-08-06,2018-08-20,3,SC,computers_accessories,0.0
base,last_week,2018-08-06,2018-08-27,4,SC,computers_accessories,0.0
base,last_week,2018-08-06,2018-08-06,1,SC,furniture_decor,0.0
base,last_week,2018-08-06,2018-08-13,2,SC,furniture_decor,0.0
base,last_week,2018-08-06,2018-08-20,3,SC,furniture_decor,0.0
base,last_week,2018-08-06,2018-08-27,4,SC,furniture_decor,0.0
base,last_week,2018-08-06,2018-08-06,1,SC,garden_tools,2.0
base,last_week,2018-08-06,2018-08-13,2,SC,garden_tools,1.0
base,last_week,2018-08-06,2018-08-20,3,SC,garden_tools,0.0
base,last_week,2018-08-06,2018-08-27,4,SC,garden_tools,0.0
base,last_week,2018-08-06,2018-08-06,1,SC,health_beauty,0.0
base,last_week,2018-08-06,2018-08-13,2,SC,health_beauty,0.0
base,last_week,2018-08-06,2018-08-20,3,SC,health_beauty,0.0
base,last_week,2018-08-06,2018-08-27,4,SC,health_beauty,0.0
base,last_week,2018-08-06,2018-08-06,1,SC,housewares,0.0
base,last_week,2018-08-06,2018-08-13,2,SC,housewares,0.0
base,last_week,2018-08-06,2018-08-20,3,SC,housewares,0.0
base,last_week,2018-08-06,2018-08-27,4,SC,housewares,0.0
base,last_week,2018-08-06,2018-08-06,1,SC,sports_leisure,0.0
base,last_week,2018-08-06,2018-08-13,2,SC,sports_leisure,0.0
base,last_week,2018-08-06,2018-08-20,3,SC,sports_leisure,0.0
base,last_week,2018-08-06,2018-08-27,4,SC,sports_leisure,0.0
base,last_week,2018-08-06,2018-08-06,1,SC,telephony,0.0
base,last_week,2018-08-06,2018-08-13,2,SC,telephony,0.0
base,last_week,2018-08-06,2018-08-20,3,SC,telephony,0.0
base,last_week,2018-08-06,2018-08-27,4,SC,telephony,0.0
base,last_week,2018-08-06,2018-08-06,1,SC,watches_gifts,0.0
base,last_week,2018-08-06,2018-08-13,2,SC,watches_gifts,0.0
base,last_week,2018-08-06,2018-08-20,3,SC,watches_gifts,0.0
base,last_week,2018-08-06,2018-08-27,4,SC,watches_gifts,0.0
base,last_week,2018-08-06,2018-08-06,1,SP,auto,12.0
base,last_week,2018-08-06,2018-08-13,2,SP,auto,0.0
base,last_week,2018-08-06,2018-08-20,3,SP,auto,0.0
base,last_week,2018-08-06,2018-08-27,4,SP,auto,0.0
base,last_week,2018-08-06,2018-08-06,1,SP,bed_bath_table,0.0
base,last_week,2018-08-06,2018-08-13,2,SP,bed_bath_table,0.0
base,last_week,2018-08-06,2018-08-20,3,SP,bed_bath_table,0.0
base,last_week,2018-08-06,2018-08-27,4,SP,bed_bath_table,0.0
base,last_week,2018-08-06,2018-08-06,1,SP,computers_accessories,0.0
base,last_week,2018-08-06,2018-08-13,2,SP,computers_accessories,0.0
base,last_week,2018-08-06,2018-08-20,3,SP,computers_accessories,0.0
base,last_week,2018-08-06,2018-08-27,4,SP,computers_accessories,0.0
base,last_week,2018-08-06,2018-08-06,1,SP,furniture_decor,0.0
base,last_week,2018-08-06,2018-08-13,2,SP,furniture_decor,0.0
base,last_week,2018-08-06,2018-08-20,3,SP,furniture_decor,0.0
base,last_week,2018-08-06,2018-08-27,4,SP,furniture_decor,0.0
base,last_week,2018-08-06,2018-08-06,1,SP,garden_tools,41.0
base,last_week,2018-08-06,2018-08-13,2,SP,garden_tools,6.0
base,last_week,2018-08-06,2018-08-20,3,SP,garden_tools,0.0
base,last_week,2018-08-06,2018-08-27,4,SP,garden_tools,0.0
base,last_week,2018-08-06,2018-08-06,1,SP,health_beauty,0.0
base,last_week,2018-08-06,2018-08-13,2,SP,health_beauty,0.0
base,last_week,2018-08-06,2018-08-20,3,SP,health_beauty,0.0
base,last_week,2018-08-06,2018-08-27,4,SP,health_beauty,0.0
base,last_week,2018-08-06,2018-08-06,1,SP,housewares,0.0
base,last_week,2018-08-06,2018-08-13,2,SP,housewares,0.0
base,last_week,2018-08-06,2018-08-20,3,SP,housewares,0.0
base,last_week,2018-08-06,2018-08-27,4,SP,housewares,0.0
base,last_week,2018-08-06,2018-08-06,1,SP,sports_leisure,0.0
base,last_week,2018-08-06,2018-08-13,2,SP,sports_leisure,0.0
base,last_week,2018-08-06,2018-08-20,3,SP,sports_leisure,0.0
base,last_week,2018-08-06,2018-08-27,4,SP,sports_leisure,0.0
base,last_week,2018-08-06,2018-08-06,1,SP,telephony,0.0
base,last_week,2018-08-06,2018-08-13,2,SP,telephony,0.0
base,last_week,2018-08-06,2018-08-20,3,SP,telephony,0.0
base,last_week,2018-08-06,2018-08-27,4,SP,telephony,0.0
base,last_week,2018-08-06,2018-08-06,1,SP,watches_gifts,0.0
base,last_week,2018-08-06,2018-08-13,2,SP,watches_gifts,0.0
base,last_week,2018-08-06,2018-08-20,3,SP,watches_gifts,0.0
base,last_week,2018-08-06,2018-08-27,4,SP,watches_gifts,0.0
base,last_week,2018-08-13,2018-08-13,1,MG,auto,0.0
base,last_week,2018-08-13,2018-08-20,2,MG,auto,0.0
base,last_week,2018-08-13,2018-08-27,3,MG,auto,0.0
base,last_week,2018-08-13,2018-09-03,4,MG,auto,0.0
base,last_week,2018-08-13,2018-08-13,1,MG,bed_bath_table,0.0
base,last_week,2018-08-13,2018-08-20,2,MG,bed_bath_table,0.0
base,last_week,2018-08-13,2018-08-27,3,MG,bed_bath_table,0.0
base,last_week,2018-08-13,2018-09-03,4,MG,bed_bath_table,0.0
base,last_week,2018-08-13,2018-08-13,1,MG,computers_accessories,30.0
base,last_week,2018-08-13,2018-08-20,2,MG,computers_accessories,8.0
base,last_week,2018-08-13,2018-08-27,3,MG,computers_accessories,0.0
base,last_week,2018-08-13,2018-09-03,4,MG,computers_accessories,0.0
base,last_week,2018-08-13,2018-08-13,1,MG,furniture_decor,10.0
base,last_week,2018-08-13,2018-08-20,2,MG,furniture_decor,2.0
base,last_week,2018-08-13,2018-08-27,3,MG,furniture_decor,0.0
base,last_week,2018-08-13,2018-09-03,4,MG,furniture_decor,0.0
base,last_week,2018-08-13,2018-08-13,1,MG,garden_tools,0.0
base,last_week,2018-08-13,2018-08-20,2,MG,garden_tools,0.0
base,last_week,2018-08-13,2018-08-27,3,MG,garden_tools,0.0
base,last_week,2018-08-13,2018-09-03,4,MG,garden_tools,0.0
base,last_week,2018-08-13,2018-08-13,1,MG,health_beauty,0.0
base,last_week,2018-08-13,2018-08-20,2,MG,health_beauty,0.0
base,last_week,2018-08-13,2018-08-27,3,MG,health_beauty,0.0
base,last_week,2018-08-13,2018-09-03,4,MG,health_beauty,0.0
base,last_week,2018-08-13,2018-08-13,1,MG,housewares,18.0
base,last_week,2018-08-13,2018-08-20,2,MG,housewares,12.0
base,last_week,2018-08-13,2018-08-27,3,MG,housewares,6.0
base,last_week,2018-08-13,2018-09-03,4,MG,housewares,0.0
base,last_week,2018-08-13,2018-08-13,1,MG,sports_leisure,8.0
base,last_week,2018-08-13,2018-08-20,2,MG,sports_leisure,0.0
base,last_week,2018-08-13,2018-08-27,3,MG,sports_leisure,0.0
base,last_week,2018-08-13,2018-09-03,4,MG,sports_leisure,0.0
base,last_week,2018-08-13,2018-08-13,1,MG,telephony,0.0
base,last_week,2018-08-13,2018-08-20,2,MG,telephony,0.0
base,last_week,2018-08-13,2018-08-27,3,MG,telephony,0.0
base,last_week,2018-08-13,2018-09-03,4,MG,telephony,0.0
base,last_week,2018-08-13,2018-08-13,1,MG,watches_gifts,0.0
base,last_week,2018-08-13,2018-08-20,2,MG,watches_gifts,0.0
base,last_week,2018-08-13,2018-08-27,3,MG,watches_gifts,0.0
base,last_week,2018-08-13,2018-09-03,4,MG,watches_gifts,0.0
base,last_week,2018-08-13,2018-08-13,1,PR,auto,0.0
base,last_week,2018-08-13,2018-08-20,2,PR,auto,0.0
base,last_week,2018-08-13,2018-08-27,3,PR,auto,0.0
base,last_week,2018-08-13,2018-09-03,4,PR,auto,0.0
base,last_week,2018-08-13,2018-08-13,1,PR,bed_bath_table,0.0
base,last_week,2018-08-13,2018-08-20,2,PR,bed_bath_table,0.0
base,last_week,2018-08-13,2018-08-27,3,PR,bed_bath_table,0.0
base,last_week,2018-08-13,2018-09-03,4,PR,bed_bath_table,0.0
base,last_week,2018-08-13,2018-08-13,1,PR,computers_accessories,0.0
base,last_week,2018-08-13,2018-08-20,2,PR,computers_accessories,0.0
base,last_week,2018-08-13,2018-08-27,3,PR,computers_accessories,0.0
base,last_week,2018-08-13,2018-09-03,4,PR,computers_accessories,0.0
base,last_week,2018-08-13,2018-08-13,1,PR,furniture_decor,0.0
base,last_week,2018-08-13,2018-08-20,2,PR,furniture_decor,0.0
base,last_week,2018-08-13,2018-08-27,3,PR,furniture_decor,0.0
base,last_week,2018-08-13,2018-09-03,4,PR,furniture_decor,0.0
base,last_week,2018-08-13,2018-08-13,1,PR,garden_tools,0.0
base,last_week,2018-08-13,2018-08-20,2,PR,garden_tools,0.0
base,last_week,2018-08-13,2018-08-27,3,PR,garden_tools,0.0
base,last_week,2018-08-13,2018-09-03,4,PR,garden_tools,0.0
base,last_week,2018-08-13,2018-08-13,1,PR,health_beauty,0.0
base,last_week,2018-08-13,2018-08-20,2,PR,health_beauty,0.0
base,last_week,2018-08-13,2018-08-27,3,PR,health_beauty,0.0
base,last_week,2018-08-13,2018-09-03,4,PR,health_beauty,0.0
base,last_week,2018-08-13,2018-08-13,1,PR,housewares,0.0
base,last_week,2018-08-13,2018-08-20,2,PR,housewares,0.0
base,last_week,2018-08-13,2018-08-27,3,PR,housewares,0.0
base,last_week,2018-08-13,2018-09-03,4,PR,housewares,0.0
base,last_week,2018-08-13,2018-08-13,1,PR,sports_leisure,0.0
base,last_week,2018-08-13,2018-08-20,2,PR,sports_leisure,0.0
base,last_week,2018-08-13,2018-08-27,3,PR,sports_leisure,0.0
base,last_week,2018-08-13,2018-09-03,4,PR,sports_leisure,0.0
base,last_week,2018-08-13,2018-08-13,1,PR,telephony,0.0
base,last_week,2018-08-13,2018-08-20,2,PR,telephony,0.0
base,last_week,2018-08-13,2018-08-27,3,PR,telephony,0.0
base,last_week,2018-08-13,2018-09-03,4,PR,telephony,0.0
base,last_week,2018-08-13,2018-08-13,1,PR,watches_gifts,0.0
base,last_week,2018-08-13,2018-08-20,2,PR,watches_gifts,0.0
base,last_week,2018-08-13,2018-08-27,3,PR,watches_gifts,0.0
base,last_week,2018-08-13,2018-09-03,4,PR,watches_gifts,0.0
base,last_week,2018-08-13,2018-08-13,1,RJ,auto,0.0
base,last_week,2018-08-13,2018-08-20,2,RJ,auto,0.0
base,last_week,2018-08-13,2018-08-27,3,RJ,auto,0.0
base,last_week,2018-08-13,2018-09-03,4,RJ,auto,0.0
base,last_week,2018-08-13,2018-08-13,1,RJ,bed_bath_table,0.0
base,last_week,2018-08-13,2018-08-20,2,RJ,bed_bath_table,0.0
base,last_week,2018-08-13,2018-08-27,3,RJ,bed_bath_table,0.0
base,last_week,2018-08-13,2018-09-03,4,RJ,bed_bath_table,0.0
base,last_week,2018-08-13,2018-08-13,1,RJ,computers_accessories,0.0
base,last_week,2018-08-13,2018-08-20,2,RJ,computers_accessories,0.0
base,last_week,2018-08-13,2018-08-27,3,RJ,computers_accessories,0.0
base,last_week,2018-08-13,2018-09-03,4,RJ,computers_accessories,0.0
base,last_week,2018-08-13,2018-08-13,1,RJ,furniture_decor,1.0
base,last_week,2018-08-13,2018-08-20,2,RJ,furniture_decor,0.0
base,last_week,2018-08-13,2018-08-27,3,RJ,furniture_decor,0.0
base,last_week,2018-08-13,2018-09-03,4,RJ,furniture_decor,0.0
base,last_week,2018-08-13,2018-08-13,1,RJ,garden_tools,0.0
base,last_week,2018-08-13,2018-08-20,2,RJ,garden_tools,0.0
base,last_week,2018-08-13,2018-08-27,3,RJ,garden_tools,0.0
base,last_week,2018-08-13,2018-09-03,4,RJ,garden_tools,0.0
base,last_week,2018-08-13,2018-08-13,1,RJ,health_beauty,0.0
base,last_week,2018-08-13,2018-08-20,2,RJ,health_beauty,0.0
base,last_week,2018-08-13,2018-08-27,3,RJ,health_beauty,0.0
base,last_week,2018-08-13,2018-09-03,4,RJ,health_beauty,0.0
base,last_week,2018-08-13,2018-08-13,1,RJ,housewares,4.0
base,last_week,2018-08-13,2018-08-20,2,RJ,housewares,2.0
base,last_week,2018-08-13,2018-08-27,3,RJ,housewares,0.0
base,last_week,2018-08-13,2018-09-03,4,RJ,housewares,0.0
base,last_week,2018-08-13,2018-08-13,1,RJ,sports_leisure,15.0
base,last_week,2018-08-13,2018-08-20,2,RJ,sports_leisure,2.0
base,last_week,2018-08-13,2018-08-27,3,RJ,sports_leisure,0.0
base,last_week,2018-08-13,2018-09-03,4,RJ,sports_leisure,0.0
base,last_week,2018-08-13,2018-08-13,1,RJ,telephony,0.0
base,last_week,2018-08-13,2018-08-20,2,RJ,telephony,0.0
base,last_week,2018-08-13,2018-08-27,3,RJ,telephony,0.0
base,last_week,2018-08-13,2018-09-03,4,RJ,telephony,0.0
base,last_week,2018-08-13,2018-08-13,1,RJ,watches_gifts,0.0
base,last_week,2018-08-13,2018-08-20,2,RJ,watches_gifts,0.0
base,last_week,2018-08-13,2018-08-27,3,RJ,watches_gifts,0.0
base,last_week,2018-08-13,2018-09-03,4,RJ,watches_gifts,0.0
base,last_week,2018-08-13,2018-08-13,1,RS,auto,0.0
base,last_week,2018-08-13,2018-08-20,2,RS,auto,0.0
base,last_week,2018-08-13,2018-08-27,3,RS,auto,0.0
base,last_week,2018-08-13,2018-09-03,4,RS,auto,0.0
base,last_week,2018-08-13,2018-08-13,1,RS,bed_bath_table,0.0
base,last_week,2018-08-13,2018-08-20,2,RS,bed_bath_table,0.0
base,last_week,2018-08-13,2018-08-27,3,RS,bed_bath_table,0.0
base,last_week,2018-08-13,2018-09-03,4,RS,bed_bath_table,0.0
base,last_week,2018-08-13,2018-08-13,1,RS,computers_accessories,0.0
base,last_week,2018-08-13,2018-08-20,2,RS,computers_accessories,0.0
base,last_week,2018-08-13,2018-08-27,3,RS,computers_accessories,0.0
base,last_week,2018-08-13,2018-09-03,4,RS,computers_accessories,0.0
base,last_week,2018-08-13,2018-08-13,1,RS,furniture_decor,0.0
base,last_week,2018-08-13,2018-08-20,2,RS,furniture_decor,0.0
base,last_week,2018-08-13,2018-08-27,3,RS,furniture_decor,0.0
base,last_week,2018-08-13,2018-09-03,4,RS,furniture_decor,0.0
base,last_week,2018-08-13,2018-08-13,1,RS,garden_tools,0.0
base,last_week,2018-08-13,2018-08-20,2,RS,garden_tools,0.0
base,last_week,2018-08-13,2018-08-27,3,RS,garden_tools,0.0
base,last_week,2018-08-13,2018-09-03,4,RS,garden_tools,0.0
base,last_week,2018-08-13,2018-08-13,1,RS,health_beauty,0.0
base,last_week,2018-08-13,2018-08-20,2,RS,health_beauty,0.0
base,last_week,2018-08-13,2018-08-27,3,RS,health_beauty,0.0
base,last_week,2018-08-13,2018-09-03,4,RS,health_beauty,0.0
base,last_week,2018-08-13,2018-08-13,1,RS,housewares,5.0
base,last_week,2018-08-13,2018-08-20,2,RS,housewares,0.0
base,last_week,2018-08-13,2018-08-27,3,RS,housewares,0.0
base,last_week,2018-08-13,2018-09-03,4,RS,housewares,0.0
base,last_week,2018-08-13,2018-08-13,1,RS,sports_leisure,0.0
base,last_week,2018-08-13,2018-08-20,2,RS,sports_leisure,0.0
base,last_week,2018-08-13,2018-08-27,3,RS,sports_leisure,0.0
base,last_week,2018-08-13,2018-09-03,4,RS,sports_leisure,0.0
base,last_week,2018-08-13,2018-08-13,1,RS,telephony,0.0
base,last_week,2018-08-13,2018-08-20,2,RS,telephony,0.0
base,last_week,2018-08-13,2018-08-27,3,RS,telephony,0.0
base,last_week,2018-08-13,2018-09-03,4,RS,telephony,0.0
base,last_week,2018-08-13,2018-08-13,1,RS,watches_gifts,1.0
base,last_week,2018-08-13,2018-08-20,2,RS,watches_gifts,0.0
base,last_week,2018-08-13,2018-08-27,3,RS,watches_gifts,0.0
base,last_week,2018-08-13,2018-09-03,4,RS,watches_gifts,0.0
base,last_week,2018-08-13,2018-08-13,1,SC,auto,0.0
base,last_week,2018-08-13,2018-08-20,2,SC,auto,0.0
base,last_week,2018-08-13,2018-08-27,3,SC,auto,0.0
base,last_week,2018-08-13,2018-09-03,4,SC,auto,0.0
base,last_week,2018-08-13,2018-08-13,1,SC,bed_bath_table,0.0
base,last_week,2018-08-13,2018-08-20,2,SC,bed_bath_table,0.0
base,last_week,2018-08-13,2018-08-27,3,SC,bed_bath_table,0.0
base,last_week,2018-08-13,2018-09-03,4,SC,bed_bath_table,0.0
base,last_week,2018-08-13,2018-08-13,1,SC,computers_accessories,0.0
base,last_week,2018-08-13,2018-08-20,2,SC,computers_accessories,0.0
base,last_week,2018-08-13,2018-08-27,3,SC,computers_accessories,0.0
base,last_week,2018-08-13,2018-09-03,4,SC,computers_accessories,0.0
base,last_week,2018-08-13,2018-08-13,1,SC,furniture_decor,0.0
base,last_week,2018-08-13,2018-08-20,2,SC,furniture_decor,0.0
base,last_week,2018-08-13,2018-08-27,3,SC,furniture_decor,0.0
base,last_week,2018-08-13,2018-09-03,4,SC,furniture_decor,0.0
base,last_week,2018-08-13,2018-08-13,1,SC,garden_tools,0.0
base,last_week,2018-08-13,2018-08-20,2,SC,garden_tools,0.0
base,last_week,2018-08-13,2018-08-27,3,SC,garden_tools,0.0
base,last_week,2018-08-13,2018-09-03,4,SC,garden_tools,0.0
base,last_week,2018-08-13,2018-08-13,1,SC,health_beauty,0.0
base,last_week,2018-08-13,2018-08-20,2,SC,health_beauty,0.0
base,last_week,2018-08-13,2018-08-27,3,SC,health_beauty,0.0
base,last_week,2018-08-13,2018-09-03,4,SC,health_beauty,0.0
base,last_week,2018-08-13,2018-08-13,1,SC,housewares,0.0
base,last_week,2018-08-13,2018-08-20,2,SC,housewares,0.0
base,last_week,2018-08-13,2018-08-27,3,SC,housewares,0.0
base,last_week,2018-08-13,2018-09-03,4,SC,housewares,0.0
base,last_week,2018-08-13,2018-08-13,1,SC,sports_leisure,0.0
base,last_week,2018-08-13,2018-08-20,2,SC,sports_leisure,0.0
base,last_week,2018-08-13,2018-08-27,3,SC,sports_leisure,0.0
base,last_week,2018-08-13,2018-09-03,4,SC,sports_leisure,0.0
base,last_week,2018-08-13,2018-08-13,1,SC,telephony,0.0
base,last_week,2018-08-13,2018-08-20,2,SC,telephony,0.0
base,last_week,2018-08-13,2018-08-27,3,SC,telephony,0.0
base,last_week,2018-08-13,2018-09-03,4,SC,telephony,0.0
base,last_week,2018-08-13,2018-08-13,1,SC,watches_gifts,0.0
base,last_week,2018-08-13,2018-08-20,2,SC,watches_gifts,0.0
base,last_week,2018-08-13,2018-08-27,3,SC,watches_gifts,0.0
base,last_week,2018-08-13,2018-09-03,4,SC,watches_gifts,0.0
base,last_week,2018-08-13,2018-08-13,1,SP,auto,0.0
base,last_week,2018-08-13,2018-08-20,2,SP,auto,0.0
base,last_week,2018-08-13,2018-08-27,3,SP,auto,0.0
base,last_week,2018-08-13,2018-09-03,4,SP,auto,0.0
base,last_week,2018-08-13,2018-08-13,1,SP,bed_bath_table,5.0
base,last_week,2018-08-13,2018-08-20,2,SP,bed_bath_table,0.0
base,last_week,2018-08-13,2018-08-27,3,SP,bed_bath_table,0.0
base,last_week,2018-08-13,2018-09-03,4,SP,bed_bath_table,0.0
base,last_week,2018-08-13,2018-08-13,1,SP,computers_accessories,1.0
base,last_week,2018-08-13,2018-08-20,2,SP,computers_accessories,7.0
base,last_week,2018-08-13,2018-08-27,3,SP,computers_accessories,0.0
base,last_week,2018-08-13,2018-09-03,4,SP,computers_accessories,0.0
base,last_week,2018-08-13,2018-08-13,1,SP,furniture_decor,0.0
base,last_week,2018-08-13,2018-08-20,2,SP,furniture_decor,0.0
base,last_week,2018-08-13,2018-08-27,3,SP,furniture_decor,0.0
base,last_week,2018-08-13,2018-09-03,4,SP,furniture_decor,0.0
base,last_week,2018-08-13,2018-08-13,1,SP,garden_tools,0.0
base,last_week,2018-08-13,2018-08-20,2,SP,garden_tools,0.0
base,last_week,2018-08-13,2018-08-27,3,SP,garden_tools,0.0
base,last_week,2018-08-13,2018-09-03,4,SP,garden_tools,0.0
base,last_week,2018-08-13,2018-08-13,1,SP,health_beauty,0.0
base,last_week,2018-08-13,2018-08-20,2,SP,health_beauty,0.0
base,last_week,2018-08-13,2018-08-27,3,SP,health_beauty,0.0
base,last_week,2018-08-13,2018-09-03,4,SP,health_beauty,0.0
base,last_week,2018-08-13,2018-08-13,1,SP,housewares,22.0
base,last_week,2018-08-13,2018-08-20,2,SP,housewares,0.0
base,last_week,2018-08-13,2018-08-27,3,SP,housewares,1.0
base,last_week,2018-08-13,2018-09-03,4,SP,housewares,0.0
base,last_week,2018-08-13,2018-08-13,1,SP,sports_leisure,26.0
base,last_week,2018-08-13,2018-08-20,2,SP,sports_leisure,0.0
base,last_week,2018-08-13,2018-08-27,3,SP,sports_leisure,0.0
base,last_week,2018-08-13,2018-09-03,4,SP,sports_leisure,0.0
base,last_week,2018-08-13,2018-08-13,1,SP,telephony,0.0
base,last_week,2018-08-13,2018-08-20,2,SP,telephony,0.0
base,last_week,2018-08-13,2018-08-27,3,SP,telephony,0.0
base,last_week,2018-08-13,2018-09-03,4,SP,telephony,0.0
base,last_week,2018-08-13,2018-08-13,1,SP,watches_gifts,34.0
base,last_week,2018-08-13,2018-08-20,2,SP,watches_gifts,0.0
base,last_week,2018-08-13,2018-08-27,3,SP,watches_gifts,0.0
base,last_week,2018-08-13,2018-09-03,4,SP,watches_gifts,0.0
base,last_week,2018-08-20,2018-08-20,1,MG,auto,1.0
base,last_week,2018-08-20,2018-08-27,2,MG,auto,0.0
base,last_week,2018-08-20,2018-09-03,3,MG,auto,0.0
base,last_week,2018-08-20,2018-09-10,4,MG,auto,0.0
base,last_week,2018-08-20,2018-08-20,1,MG,bed_bath_table,0.0
base,last_week,2018-08-20,2018-08-27,2,MG,bed_bath_table,0.0
base,last_week,2018-08-20,2018-09-03,3,MG,bed_bath_table,0.0
base,last_week,2018-08-20,2018-09-10,4,MG,bed_bath_table,0.0
base,last_week,2018-08-20,2018-08-20,1,MG,computers_accessories,23.0
base,last_week,2018-08-20,2018-08-27,2,MG,computers_accessories,6.0
base,last_week,2018-08-20,2018-09-03,3,MG,computers_accessories,0.0
base,last_week,2018-08-20,2018-09-10,4,MG,computers_accessories,0.0
base,last_week,2018-08-20,2018-08-20,1,MG,furniture_decor,0.0
base,last_week,2018-08-20,2018-08-27,2,MG,furniture_decor,0.0
base,last_week,2018-08-20,2018-09-03,3,MG,furniture_decor,0.0
base,last_week,2018-08-20,2018-09-10,4,MG,furniture_decor,0.0
base,last_week,2018-08-20,2018-08-20,1,MG,garden_tools,0.0
base,last_week,2018-08-20,2018-08-27,2,MG,garden_tools,0.0
base,last_week,2018-08-20,2018-09-03,3,MG,garden_tools,0.0
base,last_week,2018-08-20,2018-09-10,4,MG,garden_tools,0.0
base,last_week,2018-08-20,2018-08-20,1,MG,health_beauty,0.0
base,last_week,2018-08-20,2018-08-27,2,MG,health_beauty,0.0
base,last_week,2018-08-20,2018-09-03,3,MG,health_beauty,0.0
base,last_week,2018-08-20,2018-09-10,4,MG,health_beauty,0.0
base,last_week,2018-08-20,2018-08-20,1,MG,housewares,0.0
base,last_week,2018-08-20,2018-08-27,2,MG,housewares,0.0
base,last_week,2018-08-20,2018-09-03,3,MG,housewares,0.0
base,last_week,2018-08-20,2018-09-10,4,MG,housewares,0.0
base,last_week,2018-08-20,2018-08-20,1,MG,sports_leisure,0.0
base,last_week,2018-08-20,2018-08-27,2,MG,sports_leisure,0.0
base,last_week,2018-08-20,2018-09-03,3,MG,sports_leisure,0.0
base,last_week,2018-08-20,2018-09-10,4,MG,sports_leisure,0.0
base,last_week,2018-08-20,2018-08-20,1,MG,telephony,0.0
base,last_week,2018-08-20,2018-08-27,2,MG,telephony,0.0
base,last_week,2018-08-20,2018-09-03,3,MG,telephony,0.0
base,last_week,2018-08-20,2018-09-10,4,MG,telephony,0.0
base,last_week,2018-08-20,2018-08-20,1,MG,watches_gifts,0.0
base,last_week,2018-08-20,2018-08-27,2,MG,watches_gifts,0.0
base,last_week,2018-08-20,2018-09-03,3,MG,watches_gifts,0.0
base,last_week,2018-08-20,2018-09-10,4,MG,watches_gifts,0.0
base,last_week,2018-08-20,2018-08-20,1,PR,auto,8.0
base,last_week,2018-08-20,2018-08-27,2,PR,auto,0.0
base,last_week,2018-08-20,2018-09-03,3,PR,auto,0.0
base,last_week,2018-08-20,2018-09-10,4,PR,auto,0.0
base,last_week,2018-08-20,2018-08-20,1,PR,bed_bath_table,0.0
base,last_week,2018-08-20,2018-08-27,2,PR,bed_bath_table,0.0
base,last_week,2018-08-20,2018-09-03,3,PR,bed_bath_table,0.0
base,last_week,2018-08-20,2018-09-10,4,PR,bed_bath_table,0.0
base,last_week,2018-08-20,2018-08-20,1,PR,computers_accessories,0.0
base,last_week,2018-08-20,2018-08-27,2,PR,computers_accessories,0.0
base,last_week,2018-08-20,2018-09-03,3,PR,computers_accessories,0.0
base,last_week,2018-08-20,2018-09-10,4,PR,computers_accessories,0.0
base,last_week,2018-08-20,2018-08-20,1,PR,furniture_decor,30.0
base,last_week,2018-08-20,2018-08-27,2,PR,furniture_decor,7.0
base,last_week,2018-08-20,2018-09-03,3,PR,furniture_decor,0.0
base,last_week,2018-08-20,2018-09-10,4,PR,furniture_decor,0.0
base,last_week,2018-08-20,2018-08-20,1,PR,garden_tools,0.0
base,last_week,2018-08-20,2018-08-27,2,PR,garden_tools,0.0
base,last_week,2018-08-20,2018-09-03,3,PR,garden_tools,0.0
base,last_week,2018-08-20,2018-09-10,4,PR,garden_tools,0.0
base,last_week,2018-08-20,2018-08-20,1,PR,health_beauty,0.0
base,last_week,2018-08-20,2018-08-27,2,PR,health_beauty,0.0
base,last_week,2018-08-20,2018-09-03,3,PR,health_beauty,0.0
base,last_week,2018-08-20,2018-09-10,4,PR,health_beauty,0.0
base,last_week,2018-08-20,2018-08-20,1,PR,housewares,0.0
base,last_week,2018-08-20,2018-08-27,2,PR,housewares,0.0
base,last_week,2018-08-20,2018-09-03,3,PR,housewares,0.0
base,last_week,2018-08-20,2018-09-10,4,PR,housewares,0.0
base,last_week,2018-08-20,2018-08-20,1,PR,sports_leisure,0.0
base,last_week,2018-08-20,2018-08-27,2,PR,sports_leisure,0.0
base,last_week,2018-08-20,2018-09-03,3,PR,sports_leisure,0.0
base,last_week,2018-08-20,2018-09-10,4,PR,sports_leisure,0.0
base,last_week,2018-08-20,2018-08-20,1,PR,telephony,0.0
base,last_week,2018-08-20,2018-08-27,2,PR,telephony,0.0
base,last_week,2018-08-20,2018-09-03,3,PR,telephony,0.0
base,last_week,2018-08-20,2018-09-10,4,PR,telephony,0.0
base,last_week,2018-08-20,2018-08-20,1,PR,watches_gifts,8.0
base,last_week,2018-08-20,2018-08-27,2,PR,watches_gifts,0.0
base,last_week,2018-08-20,2018-09-03,3,PR,watches_gifts,0.0
base,last_week,2018-08-20,2018-09-10,4,PR,watches_gifts,0.0
base,last_week,2018-08-20,2018-08-20,1,RJ,auto,3.0
base,last_week,2018-08-20,2018-08-27,2,RJ,auto,0.0
base,last_week,2018-08-20,2018-09-03,3,RJ,auto,0.0
base,last_week,2018-08-20,2018-09-10,4,RJ,auto,0.0
base,last_week,2018-08-20,2018-08-20,1,RJ,bed_bath_table,0.0
base,last_week,2018-08-20,2018-08-27,2,RJ,bed_bath_table,0.0
base,last_week,2018-08-20,2018-09-03,3,RJ,bed_bath_table,0.0
base,last_week,2018-08-20,2018-09-10,4,RJ,bed_bath_table,0.0
base,last_week,2018-08-20,2018-08-20,1,RJ,computers_accessories,0.0
base,last_week,2018-08-20,2018-08-27,2,RJ,computers_accessories,0.0
base,last_week,2018-08-20,2018-09-03,3,RJ,computers_accessories,0.0
base,last_week,2018-08-20,2018-09-10,4,RJ,computers_accessories,0.0
base,last_week,2018-08-20,2018-08-20,1,RJ,furniture_decor,0.0
base,last_week,2018-08-20,2018-08-27,2,RJ,furniture_decor,0.0
base,last_week,2018-08-20,2018-09-03,3,RJ,furniture_decor,0.0
base,last_week,2018-08-20,2018-09-10,4,RJ,furniture_decor,0.0
base,last_week,2018-08-20,2018-08-20,1,RJ,garden_tools,1.0
base,last_week,2018-08-20,2018-08-27,2,RJ,garden_tools,0.0
base,last_week,2018-08-20,2018-09-03,3,RJ,garden_tools,0.0
base,last_week,2018-08-20,2018-09-10,4,RJ,garden_tools,0.0
base,last_week,2018-08-20,2018-08-20,1,RJ,health_beauty,57.0
base,last_week,2018-08-20,2018-08-27,2,RJ,health_beauty,36.0
base,last_week,2018-08-20,2018-09-03,3,RJ,health_beauty,15.0
base,last_week,2018-08-20,2018-09-10,4,RJ,health_beauty,0.0
base,last_week,2018-08-20,2018-08-20,1,RJ,housewares,0.0
base,last_week,2018-08-20,2018-08-27,2,RJ,housewares,0.0
base,last_week,2018-08-20,2018-09-03,3,RJ,housewares,0.0
base,last_week,2018-08-20,2018-09-10,4,RJ,housewares,0.0
base,last_week,2018-08-20,2018-08-20,1,RJ,sports_leisure,0.0
base,last_week,2018-08-20,2018-08-27,2,RJ,sports_leisure,0.0
base,last_week,2018-08-20,2018-09-03,3,RJ,sports_leisure,0.0
base,last_week,2018-08-20,2018-09-10,4,RJ,sports_leisure,0.0
base,last_week,2018-08-20,2018-08-20,1,RJ,telephony,3.0
base,last_week,2018-08-20,2018-08-27,2,RJ,telephony,2.0
base,last_week,2018-08-20,2018-09-03,3,RJ,telephony,1.0
base,last_week,2018-08-20,2018-09-10,4,RJ,telephony,0.0
base,last_week,2018-08-20,2018-08-20,1,RJ,watches_gifts,0.0
base,last_week,2018-08-20,2018-08-27,2,RJ,watches_gifts,0.0
base,last_week,2018-08-20,2018-09-03,3,RJ,watches_gifts,0.0
base,last_week,2018-08-20,2018-09-10,4,RJ,watches_gifts,0.0
base,last_week,2018-08-20,2018-08-20,1,RS,auto,0.0
base,last_week,2018-08-20,2018-08-27,2,RS,auto,0.0
base,last_week,2018-08-20,2018-09-03,3,RS,auto,0.0
base,last_week,2018-08-20,2018-09-10,4,RS,auto,0.0
base,last_week,2018-08-20,2018-08-20,1,RS,bed_bath_table,0.0
base,last_week,2018-08-20,2018-08-27,2,RS,bed_bath_table,0.0
base,last_week,2018-08-20,2018-09-03,3,RS,bed_bath_table,0.0
base,last_week,2018-08-20,2018-09-10,4,RS,bed_bath_table,0.0
base,last_week,2018-08-20,2018-08-20,1,RS,computers_accessories,2.0
base,last_week,2018-08-20,2018-08-27,2,RS,computers_accessories,0.0
base,last_week,2018-08-20,2018-09-03,3,RS,computers_accessories,0.0
base,last_week,2018-08-20,2018-09-10,4,RS,computers_accessories,0.0
base,last_week,2018-08-20,2018-08-20,1,RS,furniture_decor,0.0
base,last_week,2018-08-20,2018-08-27,2,RS,furniture_decor,0.0
base,last_week,2018-08-20,2018-09-03,3,RS,furniture_decor,0.0
base,last_week,2018-08-20,2018-09-10,4,RS,furniture_decor,0.0
base,last_week,2018-08-20,2018-08-20,1,RS,garden_tools,3.0
base,last_week,2018-08-20,2018-08-27,2,RS,garden_tools,0.0
base,last_week,2018-08-20,2018-09-03,3,RS,garden_tools,0.0
base,last_week,2018-08-20,2018-09-10,4,RS,garden_tools,0.0
base,last_week,2018-08-20,2018-08-20,1,RS,health_beauty,0.0
base,last_week,2018-08-20,2018-08-27,2,RS,health_beauty,0.0
base,last_week,2018-08-20,2018-09-03,3,RS,health_beauty,0.0
base,last_week,2018-08-20,2018-09-10,4,RS,health_beauty,0.0
base,last_week,2018-08-20,2018-08-20,1,RS,housewares,0.0
base,last_week,2018-08-20,2018-08-27,2,RS,housewares,0.0
base,last_week,2018-08-20,2018-09-03,3,RS,housewares,0.0
base,last_week,2018-08-20,2018-09-10,4,RS,housewares,0.0
base,last_week,2018-08-20,2018-08-20,1,RS,sports_leisure,0.0
base,last_week,2018-08-20,2018-08-27,2,RS,sports_leisure,0.0
base,last_week,2018-08-20,2018-09-03,3,RS,sports_leisure,0.0
base,last_week,2018-08-20,2018-09-10,4,RS,sports_leisure,0.0
base,last_week,2018-08-20,2018-08-20,1,RS,telephony,5.0
base,last_week,2018-08-20,2018-08-27,2,RS,telephony,10.0
base,last_week,2018-08-20,2018-09-03,3,RS,telephony,0.0
base,last_week,2018-08-20,2018-09-10,4,RS,telephony,0.0
base,last_week,2018-08-20,2018-08-20,1,RS,watches_gifts,3.0
base,last_week,2018-08-20,2018-08-27,2,RS,watches_gifts,0.0
base,last_week,2018-08-20,2018-09-03,3,RS,watches_gifts,0.0
base,last_week,2018-08-20,2018-09-10,4,RS,watches_gifts,0.0
base,last_week,2018-08-20,2018-08-20,1,SC,auto,0.0
base,last_week,2018-08-20,2018-08-27,2,SC,auto,0.0
base,last_week,2018-08-20,2018-09-03,3,SC,auto,0.0
base,last_week,2018-08-20,2018-09-10,4,SC,auto,0.0
base,last_week,2018-08-20,2018-08-20,1,SC,bed_bath_table,1.0
base,last_week,2018-08-20,2018-08-27,2,SC,bed_bath_table,0.0
base,last_week,2018-08-20,2018-09-03,3,SC,bed_bath_table,0.0
base,last_week,2018-08-20,2018-09-10,4,SC,bed_bath_table,0.0
base,last_week,2018-08-20,2018-08-20,1,SC,computers_accessories,9.0
base,last_week,2018-08-20,2018-08-27,2,SC,computers_accessories,0.0
base,last_week,2018-08-20,2018-09-03,3,SC,computers_accessories,0.0
base,last_week,2018-08-20,2018-09-10,4,SC,computers_accessories,0.0
base,last_week,2018-08-20,2018-08-20,1,SC,furniture_decor,0.0
base,last_week,2018-08-20,2018-08-27,2,SC,furniture_decor,0.0
base,last_week,2018-08-20,2018-09-03,3,SC,furniture_decor,0.0
base,last_week,2018-08-20,2018-09-10,4,SC,furniture_decor,0.0
base,last_week,2018-08-20,2018-08-20,1,SC,garden_tools,0.0
base,last_week,2018-08-20,2018-08-27,2,SC,garden_tools,0.0
base,last_week,2018-08-20,2018-09-03,3,SC,garden_tools,0.0
base,last_week,2018-08-20,2018-09-10,4,SC,garden_tools,0.0
base,last_week,2018-08-20,2018-08-20,1,SC,health_beauty,0.0
base,last_week,2018-08-20,2018-08-27,2,SC,health_beauty,0.0
base,last_week,2018-08-20,2018-09-03,3,SC,health_beauty,0.0
base,last_week,2018-08-20,2018-09-10,4,SC,health_beauty,0.0
base,last_week,2018-08-20,2018-08-20,1,SC,housewares,0.0
base,last_week,2018-08-20,2018-08-27,2,SC,housewares,0.0
base,last_week,2018-08-20,2018-09-03,3,SC,housewares,0.0
base,last_week,2018-08-20,2018-09-10,4,SC,housewares,0.0
base,last_week,2018-08-20,2018-08-20,1,SC,sports_leisure,0.0
base,last_week,2018-08-20,2018-08-27,2,SC,sports_leisure,0.0
base,last_week,2018-08-20,2018-09-03,3,SC,sports_leisure,0.0
base,last_week,2018-08-20,2018-09-10,4,SC,sports_leisure,0.0
base,last_week,2018-08-20,2018-08-20,1,SC,telephony,0.0
base,last_week,2018-08-20,2018-08-27,2,SC,telephony,0.0
base,last_week,2018-08-20,2018-09-03,3,SC,telephony,0.0
base,last_week,2018-08-20,2018-09-10,4,SC,telephony,0.0
base,last_week,2018-08-20,2018-08-20,1,SC,watches_gifts,0.0
base,last_week,2018-08-20,2018-08-27,2,SC,watches_gifts,0.0
base,last_week,2018-08-20,2018-09-03,3,SC,watches_gifts,0.0
base,last_week,2018-08-20,2018-09-10,4,SC,watches_gifts,0.0
base,last_week,2018-08-20,2018-08-20,1,SP,auto,12.0
base,last_week,2018-08-20,2018-08-27,2,SP,auto,0.0
base,last_week,2018-08-20,2018-09-03,3,SP,auto,0.0
base,last_week,2018-08-20,2018-09-10,4,SP,auto,0.0
base,last_week,2018-08-20,2018-08-20,1,SP,bed_bath_table,0.0
base,last_week,2018-08-20,2018-08-27,2,SP,bed_bath_table,0.0
base,last_week,2018-08-20,2018-09-03,3,SP,bed_bath_table,0.0
base,last_week,2018-08-20,2018-09-10,4,SP,bed_bath_table,0.0
base,last_week,2018-08-20,2018-08-20,1,SP,computers_accessories,9.0
base,last_week,2018-08-20,2018-08-27,2,SP,computers_accessories,6.0
base,last_week,2018-08-20,2018-09-03,3,SP,computers_accessories,0.0
base,last_week,2018-08-20,2018-09-10,4,SP,computers_accessories,0.0
base,last_week,2018-08-20,2018-08-20,1,SP,furniture_decor,40.0
base,last_week,2018-08-20,2018-08-27,2,SP,furniture_decor,0.0
base,last_week,2018-08-20,2018-09-03,3,SP,furniture_decor,0.0
base,last_week,2018-08-20,2018-09-10,4,SP,furniture_decor,0.0
base,last_week,2018-08-20,2018-08-20,1,SP,garden_tools,23.0
base,last_week,2018-08-20,2018-08-27,2,SP,garden_tools,0.0
base,last_week,2018-08-20,2018-09-03,3,SP,garden_tools,0.0
base,last_week,2018-08-20,2018-09-10,4,SP,garden_tools,0.0
base,last_week,2018-08-20,2018-08-20,1,SP,health_beauty,0.0
base,last_week,2018-08-20,2018-08-27,2,SP,health_beauty,0.0
base,last_week,2018-08-20,2018-09-03,3,SP,health_beauty,0.0
base,last_week,2018-08-20,2018-09-10,4,SP,health_beauty,0.0
base,last_week,2018-08-20,2018-08-20,1,SP,housewares,1.0
base,last_week,2018-08-20,2018-08-27,2,SP,housewares,0.0
base,last_week,2018-08-20,2018-09-03,3,SP,housewares,0.0
base,last_week,2018-08-20,2018-09-10,4,SP,housewares,0.0
base,last_week,2018-08-20,2018-08-20,1,SP,sports_leisure,0.0
base,last_week,2018-08-20,2018-08-27,2,SP,sports_leisure,0.0
base,last_week,2018-08-20,2018-09-03,3,SP,sports_leisure,0.0
base,last_week,2018-08-20,2018-09-10,4,SP,sports_leisure,0.0
base,last_week,2018-08-20,2018-08-20,1,SP,telephony,92.0
base,last_week,2018-08-20,2018-08-27,2,SP,telephony,18.0
base,last_week,2018-08-20,2018-09-03,3,SP,telephony,0.0
base,last_week,2018-08-20,2018-09-10,4,SP,telephony,0.0
base,last_week,2018-08-20,2018-08-20,1,SP,watches_gifts,31.0
base,last_week,2018-08-20,2018-08-27,2,SP,watches_gifts,0.0
base,last_week,2018-08-20,2018-09-03,3,SP,watches_gifts,0.0
base,last_week,2018-08-20,2018-09-10,4,SP,watches_gifts,0.0
base,moving_average,2018-05-28,2018-05-28,1,MG,auto,0.0
base,moving_average,2018-05-28,2018-06-04,2,MG,auto,0.0
base,moving_average,2018-05-28,2018-06-11,3,MG,auto,0.0
base,moving_average,2018-05-28,2018-06-18,4,MG,auto,0.0
base,moving_average,2018-05-28,2018-05-28,1,MG,bed_bath_table,0.0
base,moving_average,2018-05-28,2018-06-04,2,MG,bed_bath_table,0.0
base,moving_average,2018-05-28,2018-06-11,3,MG,bed_bath_table,0.0
base,moving_average,2018-05-28,2018-06-18,4,MG,bed_bath_table,0.0
base,moving_average,2018-05-28,2018-05-28,1,MG,computers_accessories,14.0
base,moving_average,2018-05-28,2018-06-04,2,MG,computers_accessories,0.0
base,moving_average,2018-05-28,2018-06-11,3,MG,computers_accessories,0.0
base,moving_average,2018-05-28,2018-06-18,4,MG,computers_accessories,0.0
base,moving_average,2018-05-28,2018-05-28,1,MG,furniture_decor,0.0
base,moving_average,2018-05-28,2018-06-04,2,MG,furniture_decor,0.0
base,moving_average,2018-05-28,2018-06-11,3,MG,furniture_decor,0.0
base,moving_average,2018-05-28,2018-06-18,4,MG,furniture_decor,0.0
base,moving_average,2018-05-28,2018-05-28,1,MG,garden_tools,0.0
base,moving_average,2018-05-28,2018-06-04,2,MG,garden_tools,0.0
base,moving_average,2018-05-28,2018-06-11,3,MG,garden_tools,0.0
base,moving_average,2018-05-28,2018-06-18,4,MG,garden_tools,0.0
base,moving_average,2018-05-28,2018-05-28,1,MG,health_beauty,0.0
base,moving_average,2018-05-28,2018-06-04,2,MG,health_beauty,0.0
base,moving_average,2018-05-28,2018-06-11,3,MG,health_beauty,0.0
base,moving_average,2018-05-28,2018-06-18,4,MG,health_beauty,0.0
base,moving_average,2018-05-28,2018-05-28,1,MG,housewares,0.0
base,moving_average,2018-05-28,2018-06-04,2,MG,housewares,0.0
base,moving_average,2018-05-28,2018-06-11,3,MG,housewares,0.0
base,moving_average,2018-05-28,2018-06-18,4,MG,housewares,0.0
base,moving_average,2018-05-28,2018-05-28,1,MG,sports_leisure,1.0
base,moving_average,2018-05-28,2018-06-04,2,MG,sports_leisure,0.0
base,moving_average,2018-05-28,2018-06-11,3,MG,sports_leisure,0.0
base,moving_average,2018-05-28,2018-06-18,4,MG,sports_leisure,0.0
base,moving_average,2018-05-28,2018-05-28,1,MG,telephony,0.0
base,moving_average,2018-05-28,2018-06-04,2,MG,telephony,0.0
base,moving_average,2018-05-28,2018-06-11,3,MG,telephony,0.0
base,moving_average,2018-05-28,2018-06-18,4,MG,telephony,0.0
base,moving_average,2018-05-28,2018-05-28,1,MG,watches_gifts,0.0
base,moving_average,2018-05-28,2018-06-04,2,MG,watches_gifts,0.0
base,moving_average,2018-05-28,2018-06-11,3,MG,watches_gifts,0.0
base,moving_average,2018-05-28,2018-06-18,4,MG,watches_gifts,0.0
base,moving_average,2018-05-28,2018-05-28,1,PR,auto,4.0
base,moving_average,2018-05-28,2018-06-04,2,PR,auto,0.0
base,moving_average,2018-05-28,2018-06-11,3,PR,auto,0.0
base,moving_average,2018-05-28,2018-06-18,4,PR,auto,0.0
base,moving_average,2018-05-28,2018-05-28,1,PR,bed_bath_table,0.0
base,moving_average,2018-05-28,2018-06-04,2,PR,bed_bath_table,0.0
base,moving_average,2018-05-28,2018-06-11,3,PR,bed_bath_table,0.0
base,moving_average,2018-05-28,2018-06-18,4,PR,bed_bath_table,0.0
base,moving_average,2018-05-28,2018-05-28,1,PR,computers_accessories,25.0
base,moving_average,2018-05-28,2018-06-04,2,PR,computers_accessories,5.0
base,moving_average,2018-05-28,2018-06-11,3,PR,computers_accessories,0.0
base,moving_average,2018-05-28,2018-06-18,4,PR,computers_accessories,0.0
base,moving_average,2018-05-28,2018-05-28,1,PR,furniture_decor,0.0
base,moving_average,2018-05-28,2018-06-04,2,PR,furniture_decor,0.0
base,moving_average,2018-05-28,2018-06-11,3,PR,furniture_decor,0.0
base,moving_average,2018-05-28,2018-06-18,4,PR,furniture_decor,0.0
base,moving_average,2018-05-28,2018-05-28,1,PR,garden_tools,5.0
base,moving_average,2018-05-28,2018-06-04,2,PR,garden_tools,0.0
base,moving_average,2018-05-28,2018-06-11,3,PR,garden_tools,0.0
base,moving_average,2018-05-28,2018-06-18,4,PR,garden_tools,0.0
base,moving_average,2018-05-28,2018-05-28,1,PR,health_beauty,2.0
base,moving_average,2018-05-28,2018-06-04,2,PR,health_beauty,0.0
base,moving_average,2018-05-28,2018-06-11,3,PR,health_beauty,0.0
base,moving_average,2018-05-28,2018-06-18,4,PR,health_beauty,0.0
base,moving_average,2018-05-28,2018-05-28,1,PR,housewares,0.0
base,moving_average,2018-05-28,2018-06-04,2,PR,housewares,0.0
base,moving_average,2018-05-28,2018-06-11,3,PR,housewares,0.0
base,moving_average,2018-05-28,2018-06-18,4,PR,housewares,0.0
base,moving_average,2018-05-28,2018-05-28,1,PR,sports_leisure,30.0
base,moving_average,2018-05-28,2018-06-04,2,PR,sports_leisure,9.0
base,moving_average,2018-05-28,2018-06-11,3,PR,sports_leisure,0.0
base,moving_average,2018-05-28,2018-06-18,4,PR,sports_leisure,0.0
base,moving_average,2018-05-28,2018-05-28,1,PR,telephony,2.0
base,moving_average,2018-05-28,2018-06-04,2,PR,telephony,0.0
base,moving_average,2018-05-28,2018-06-11,3,PR,telephony,0.0
base,moving_average,2018-05-28,2018-06-18,4,PR,telephony,0.0
base,moving_average,2018-05-28,2018-05-28,1,PR,watches_gifts,0.0
base,moving_average,2018-05-28,2018-06-04,2,PR,watches_gifts,0.0
base,moving_average,2018-05-28,2018-06-11,3,PR,watches_gifts,0.0
base,moving_average,2018-05-28,2018-06-18,4,PR,watches_gifts,0.0
base,moving_average,2018-05-28,2018-05-28,1,RJ,auto,0.0
base,moving_average,2018-05-28,2018-06-04,2,RJ,auto,0.0
base,moving_average,2018-05-28,2018-06-11,3,RJ,auto,0.0
base,moving_average,2018-05-28,2018-06-18,4,RJ,auto,0.0
base,moving_average,2018-05-28,2018-05-28,1,RJ,bed_bath_table,0.0
base,moving_average,2018-05-28,2018-06-04,2,RJ,bed_bath_table,0.0
base,moving_average,2018-05-28,2018-06-11,3,RJ,bed_bath_table,0.0
base,moving_average,2018-05-28,2018-06-18,4,RJ,bed_bath_table,0.0
base,moving_average,2018-05-28,2018-05-28,1,RJ,computers_accessories,0.0
base,moving_average,2018-05-28,2018-06-04,2,RJ,computers_accessories,0.0
base,moving_average,2018-05-28,2018-06-11,3,RJ,computers_accessories,0.0
base,moving_average,2018-05-28,2018-06-18,4,RJ,computers_accessories,0.0
base,moving_average,2018-05-28,2018-05-28,1,RJ,furniture_decor,0.0
base,moving_average,2018-05-28,2018-06-04,2,RJ,furniture_decor,0.0
base,moving_average,2018-05-28,2018-06-11,3,RJ,furniture_decor,0.0
base,moving_average,2018-05-28,2018-06-18,4,RJ,furniture_decor,0.0
base,moving_average,2018-05-28,2018-05-28,1,RJ,garden_tools,0.0
base,moving_average,2018-05-28,2018-06-04,2,RJ,garden_tools,0.0
base,moving_average,2018-05-28,2018-06-11,3,RJ,garden_tools,0.0
base,moving_average,2018-05-28,2018-06-18,4,RJ,garden_tools,0.0
base,moving_average,2018-05-28,2018-05-28,1,RJ,health_beauty,2.0
base,moving_average,2018-05-28,2018-06-04,2,RJ,health_beauty,0.0
base,moving_average,2018-05-28,2018-06-11,3,RJ,health_beauty,0.0
base,moving_average,2018-05-28,2018-06-18,4,RJ,health_beauty,0.0
base,moving_average,2018-05-28,2018-05-28,1,RJ,housewares,0.0
base,moving_average,2018-05-28,2018-06-04,2,RJ,housewares,0.0
base,moving_average,2018-05-28,2018-06-11,3,RJ,housewares,0.0
base,moving_average,2018-05-28,2018-06-18,4,RJ,housewares,0.0
base,moving_average,2018-05-28,2018-05-28,1,RJ,sports_leisure,0.0
base,moving_average,2018-05-28,2018-06-04,2,RJ,sports_leisure,0.0
base,moving_average,2018-05-28,2018-06-11,3,RJ,sports_leisure,0.0
base,moving_average,2018-05-28,2018-06-18,4,RJ,sports_leisure,0.0
base,moving_average,2018-05-28,2018-05-28,1,RJ,telephony,0.0
base,moving_average,2018-05-28,2018-06-04,2,RJ,telephony,0.0
base,moving_average,2018-05-28,2018-06-11,3,RJ,telephony,0.0
base,moving_average,2018-05-28,2018-06-18,4,RJ,telephony,0.0
base,moving_average,2018-05-28,2018-05-28,1,RJ,watches_gifts,0.0
base,moving_average,2018-05-28,2018-06-04,2,RJ,watches_gifts,0.0
base,moving_average,2018-05-28,2018-06-11,3,RJ,watches_gifts,0.0
base,moving_average,2018-05-28,2018-06-18,4,RJ,watches_gifts,0.0
base,moving_average,2018-05-28,2018-05-28,1,RS,auto,0.0
base,moving_average,2018-05-28,2018-06-04,2,RS,auto,0.0
base,moving_average,2018-05-28,2018-06-11,3,RS,auto,0.0
base,moving_average,2018-05-28,2018-06-18,4,RS,auto,0.0
base,moving_average,2018-05-28,2018-05-28,1,RS,bed_bath_table,0.0
base,moving_average,2018-05-28,2018-06-04,2,RS,bed_bath_table,0.0
base,moving_average,2018-05-28,2018-06-11,3,RS,bed_bath_table,0.0
base,moving_average,2018-05-28,2018-06-18,4,RS,bed_bath_table,0.0
base,moving_average,2018-05-28,2018-05-28,1,RS,computers_accessories,10.0
base,moving_average,2018-05-28,2018-06-04,2,RS,computers_accessories,10.0
base,moving_average,2018-05-28,2018-06-11,3,RS,computers_accessories,0.0
base,moving_average,2018-05-28,2018-06-18,4,RS,computers_accessories,0.0
base,moving_average,2018-05-28,2018-05-28,1,RS,furniture_decor,0.0
base,moving_average,2018-05-28,2018-06-04,2,RS,furniture_decor,0.0
base,moving_average,2018-05-28,2018-06-11,3,RS,furniture_decor,0.0
base,moving_average,2018-05-28,2018-06-18,4,RS,furniture_decor,0.0
base,moving_average,2018-05-28,2018-05-28,1,RS,garden_tools,0.0
base,moving_average,2018-05-28,2018-06-04,2,RS,garden_tools,0.0
base,moving_average,2018-05-28,2018-06-11,3,RS,garden_tools,0.0
base,moving_average,2018-05-28,2018-06-18,4,RS,garden_tools,0.0
base,moving_average,2018-05-28,2018-05-28,1,RS,health_beauty,0.0
base,moving_average,2018-05-28,2018-06-04,2,RS,health_beauty,0.0
base,moving_average,2018-05-28,2018-06-11,3,RS,health_beauty,0.0
base,moving_average,2018-05-28,2018-06-18,4,RS,health_beauty,0.0
base,moving_average,2018-05-28,2018-05-28,1,RS,housewares,0.0
base,moving_average,2018-05-28,2018-06-04,2,RS,housewares,0.0
base,moving_average,2018-05-28,2018-06-11,3,RS,housewares,0.0
base,moving_average,2018-05-28,2018-06-18,4,RS,housewares,0.0
base,moving_average,2018-05-28,2018-05-28,1,RS,sports_leisure,0.0
base,moving_average,2018-05-28,2018-06-04,2,RS,sports_leisure,0.0
base,moving_average,2018-05-28,2018-06-11,3,RS,sports_leisure,0.0
base,moving_average,2018-05-28,2018-06-18,4,RS,sports_leisure,0.0
base,moving_average,2018-05-28,2018-05-28,1,RS,telephony,0.0
base,moving_average,2018-05-28,2018-06-04,2,RS,telephony,0.0
base,moving_average,2018-05-28,2018-06-11,3,RS,telephony,0.0
base,moving_average,2018-05-28,2018-06-18,4,RS,telephony,0.0
base,moving_average,2018-05-28,2018-05-28,1,RS,watches_gifts,0.0
base,moving_average,2018-05-28,2018-06-04,2,RS,watches_gifts,0.0
base,moving_average,2018-05-28,2018-06-11,3,RS,watches_gifts,0.0
base,moving_average,2018-05-28,2018-06-18,4,RS,watches_gifts,0.0
base,moving_average,2018-05-28,2018-05-28,1,SC,auto,0.0
base,moving_average,2018-05-28,2018-06-04,2,SC,auto,0.0
base,moving_average,2018-05-28,2018-06-11,3,SC,auto,0.0
base,moving_average,2018-05-28,2018-06-18,4,SC,auto,0.0
base,moving_average,2018-05-28,2018-05-28,1,SC,bed_bath_table,0.0
base,moving_average,2018-05-28,2018-06-04,2,SC,bed_bath_table,0.0
base,moving_average,2018-05-28,2018-06-11,3,SC,bed_bath_table,0.0
base,moving_average,2018-05-28,2018-06-18,4,SC,bed_bath_table,0.0
base,moving_average,2018-05-28,2018-05-28,1,SC,computers_accessories,0.0
base,moving_average,2018-05-28,2018-06-04,2,SC,computers_accessories,0.0
base,moving_average,2018-05-28,2018-06-11,3,SC,computers_accessories,0.0
base,moving_average,2018-05-28,2018-06-18,4,SC,computers_accessories,0.0
base,moving_average,2018-05-28,2018-05-28,1,SC,furniture_decor,0.0
base,moving_average,2018-05-28,2018-06-04,2,SC,furniture_decor,0.0
base,moving_average,2018-05-28,2018-06-11,3,SC,furniture_decor,0.0
base,moving_average,2018-05-28,2018-06-18,4,SC,furniture_decor,0.0
base,moving_average,2018-05-28,2018-05-28,1,SC,garden_tools,0.0
base,moving_average,2018-05-28,2018-06-04,2,SC,garden_tools,0.0
base,moving_average,2018-05-28,2018-06-11,3,SC,garden_tools,0.0
base,moving_average,2018-05-28,2018-06-18,4,SC,garden_tools,0.0
base,moving_average,2018-05-28,2018-05-28,1,SC,health_beauty,0.0
base,moving_average,2018-05-28,2018-06-04,2,SC,health_beauty,0.0
base,moving_average,2018-05-28,2018-06-11,3,SC,health_beauty,0.0
base,moving_average,2018-05-28,2018-06-18,4,SC,health_beauty,0.0
base,moving_average,2018-05-28,2018-05-28,1,SC,housewares,0.0
base,moving_average,2018-05-28,2018-06-04,2,SC,housewares,0.0
base,moving_average,2018-05-28,2018-06-11,3,SC,housewares,0.0
base,moving_average,2018-05-28,2018-06-18,4,SC,housewares,0.0
base,moving_average,2018-05-28,2018-05-28,1,SC,sports_leisure,0.0
base,moving_average,2018-05-28,2018-06-04,2,SC,sports_leisure,0.0
base,moving_average,2018-05-28,2018-06-11,3,SC,sports_leisure,0.0
base,moving_average,2018-05-28,2018-06-18,4,SC,sports_leisure,0.0
base,moving_average,2018-05-28,2018-05-28,1,SC,telephony,0.0
base,moving_average,2018-05-28,2018-06-04,2,SC,telephony,0.0
base,moving_average,2018-05-28,2018-06-11,3,SC,telephony,0.0
base,moving_average,2018-05-28,2018-06-18,4,SC,telephony,0.0
base,moving_average,2018-05-28,2018-05-28,1,SC,watches_gifts,0.0
base,moving_average,2018-05-28,2018-06-04,2,SC,watches_gifts,0.0
base,moving_average,2018-05-28,2018-06-11,3,SC,watches_gifts,0.0
base,moving_average,2018-05-28,2018-06-18,4,SC,watches_gifts,0.0
base,moving_average,2018-05-28,2018-05-28,1,SP,auto,3.0
base,moving_average,2018-05-28,2018-06-04,2,SP,auto,0.0
base,moving_average,2018-05-28,2018-06-11,3,SP,auto,0.0
base,moving_average,2018-05-28,2018-06-18,4,SP,auto,0.0
base,moving_average,2018-05-28,2018-05-28,1,SP,bed_bath_table,63.0
base,moving_average,2018-05-28,2018-06-04,2,SP,bed_bath_table,0.0
base,moving_average,2018-05-28,2018-06-11,3,SP,bed_bath_table,0.0
base,moving_average,2018-05-28,2018-06-18,4,SP,bed_bath_table,0.0
base,moving_average,2018-05-28,2018-05-28,1,SP,computers_accessories,0.0
base,moving_average,2018-05-28,2018-06-04,2,SP,computers_accessories,0.0
base,moving_average,2018-05-28,2018-06-11,3,SP,computers_accessories,0.0
base,moving_average,2018-05-28,2018-06-18,4,SP,computers_accessories,0.0
base,moving_average,2018-05-28,2018-05-28,1,SP,furniture_decor,26.0
base,moving_average,2018-05-28,2018-06-04,2,SP,furniture_decor,0.0
base,moving_average,2018-05-28,2018-06-11,3,SP,furniture_decor,0.0
base,moving_average,2018-05-28,2018-06-18,4,SP,furniture_decor,0.0
base,moving_average,2018-05-28,2018-05-28,1,SP,garden_tools,6.0
base,moving_average,2018-05-28,2018-06-04,2,SP,garden_tools,0.0
base,moving_average,2018-05-28,2018-06-11,3,SP,garden_tools,0.0
base,moving_average,2018-05-28,2018-06-18,4,SP,garden_tools,0.0
base,moving_average,2018-05-28,2018-05-28,1,SP,health_beauty,0.0
base,moving_average,2018-05-28,2018-06-04,2,SP,health_beauty,0.0
base,moving_average,2018-05-28,2018-06-11,3,SP,health_beauty,0.0
base,moving_average,2018-05-28,2018-06-18,4,SP,health_beauty,0.0
base,moving_average,2018-05-28,2018-05-28,1,SP,housewares,0.0
base,moving_average,2018-05-28,2018-06-04,2,SP,housewares,0.0
base,moving_average,2018-05-28,2018-06-11,3,SP,housewares,0.0
base,moving_average,2018-05-28,2018-06-18,4,SP,housewares,0.0
base,moving_average,2018-05-28,2018-05-28,1,SP,sports_leisure,30.0
base,moving_average,2018-05-28,2018-06-04,2,SP,sports_leisure,0.0
base,moving_average,2018-05-28,2018-06-11,3,SP,sports_leisure,0.0
base,moving_average,2018-05-28,2018-06-18,4,SP,sports_leisure,0.0
base,moving_average,2018-05-28,2018-05-28,1,SP,telephony,28.0
base,moving_average,2018-05-28,2018-06-04,2,SP,telephony,0.0
base,moving_average,2018-05-28,2018-06-11,3,SP,telephony,0.0
base,moving_average,2018-05-28,2018-06-18,4,SP,telephony,0.0
base,moving_average,2018-05-28,2018-05-28,1,SP,watches_gifts,0.0
base,moving_average,2018-05-28,2018-06-04,2,SP,watches_gifts,0.0
base,moving_average,2018-05-28,2018-06-11,3,SP,watches_gifts,0.0
base,moving_average,2018-05-28,2018-06-18,4,SP,watches_gifts,0.0
base,moving_average,2018-06-04,2018-06-04,1,MG,auto,0.0
base,moving_average,2018-06-04,2018-06-11,2,MG,auto,0.0
base,moving_average,2018-06-04,2018-06-18,3,MG,auto,0.0
base,moving_average,2018-06-04,2018-06-25,4,MG,auto,0.0
base,moving_average,2018-06-04,2018-06-04,1,MG,bed_bath_table,0.0
base,moving_average,2018-06-04,2018-06-11,2,MG,bed_bath_table,0.0
base,moving_average,2018-06-04,2018-06-18,3,MG,bed_bath_table,0.0
base,moving_average,2018-06-04,2018-06-25,4,MG,bed_bath_table,0.0
base,moving_average,2018-06-04,2018-06-04,1,MG,computers_accessories,20.0
base,moving_average,2018-06-04,2018-06-11,2,MG,computers_accessories,8.0
base,moving_average,2018-06-04,2018-06-18,3,MG,computers_accessories,0.0
base,moving_average,2018-06-04,2018-06-25,4,MG,computers_accessories,0.0
base,moving_average,2018-06-04,2018-06-04,1,MG,furniture_decor,0.0
base,moving_average,2018-06-04,2018-06-11,2,MG,furniture_decor,0.0
base,moving_average,2018-06-04,2018-06-18,3,MG,furniture_decor,0.0
base,moving_average,2018-06-04,2018-06-25,4,MG,furniture_decor,0.0
base,moving_average,2018-06-04,2018-06-04,1,MG,garden_tools,0.0
base,moving_average,2018-06-04,2018-06-11,2,MG,garden_tools,0.0
base,moving_average,2018-06-04,2018-06-18,3,MG,garden_tools,0.0
base,moving_average,2018-06-04,2018-06-25,4,MG,garden_tools,0.0
base,moving_average,2018-06-04,2018-06-04,1,MG,health_beauty,0.0
base,moving_average,2018-06-04,2018-06-11,2,MG,health_beauty,0.0
base,moving_average,2018-06-04,2018-06-18,3,MG,health_beauty,0.0
base,moving_average,2018-06-04,2018-06-25,4,MG,health_beauty,0.0
base,moving_average,2018-06-04,2018-06-04,1,MG,housewares,13.0
base,moving_average,2018-06-04,2018-06-11,2,MG,housewares,7.0
base,moving_average,2018-06-04,2018-06-18,3,MG,housewares,1.0
base,moving_average,2018-06-04,2018-06-25,4,MG,housewares,0.0
base,moving_average,2018-06-04,2018-06-04,1,MG,sports_leisure,6.0
base,moving_average,2018-06-04,2018-06-11,2,MG,sports_leisure,0.0
base,moving_average,2018-06-04,2018-06-18,3,MG,sports_leisure,0.0
base,moving_average,2018-06-04,2018-06-25,4,MG,sports_leisure,0.0
base,moving_average,2018-06-04,2018-06-04,1,MG,telephony,0.0
base,moving_average,2018-06-04,2018-06-11,2,MG,telephony,0.0
base,moving_average,2018-06-04,2018-06-18,3,MG,telephony,0.0
base,moving_average,2018-06-04,2018-06-25,4,MG,telephony,0.0
base,moving_average,2018-06-04,2018-06-04,1,MG,watches_gifts,0.0
base,moving_average,2018-06-04,2018-06-11,2,MG,watches_gifts,0.0
base,moving_average,2018-06-04,2018-06-18,3,MG,watches_gifts,0.0
base,moving_average,2018-06-04,2018-06-25,4,MG,watches_gifts,0.0
base,moving_average,2018-06-04,2018-06-04,1,PR,auto,0.0
base,moving_average,2018-06-04,2018-06-11,2,PR,auto,0.0
base,moving_average,2018-06-04,2018-06-18,3,PR,auto,0.0
base,moving_average,2018-06-04,2018-06-25,4,PR,auto,0.0
base,moving_average,2018-06-04,2018-06-04,1,PR,bed_bath_table,3.0
base,moving_average,2018-06-04,2018-06-11,2,PR,bed_bath_table,2.0
base,moving_average,2018-06-04,2018-06-18,3,PR,bed_bath_table,0.0
base,moving_average,2018-06-04,2018-06-25,4,PR,bed_bath_table,0.0
base,moving_average,2018-06-04,2018-06-04,1,PR,computers_accessories,23.0
base,moving_average,2018-06-04,2018-06-11,2,PR,computers_accessories,15.0
base,moving_average,2018-06-04,2018-06-18,3,PR,computers_accessories,0.0
base,moving_average,2018-06-04,2018-06-25,4,PR,computers_accessories,0.0
base,moving_average,2018-06-04,2018-06-04,1,PR,furniture_decor,14.0
base,moving_average,2018-06-04,2018-06-11,2,PR,furniture_decor,0.0
base,moving_average,2018-06-04,2018-06-18,3,PR,furniture_decor,0.0
base,moving_average,2018-06-04,2018-06-25,4,PR,furniture_decor,0.0
base,moving_average,2018-06-04,2018-06-04,1,PR,garden_tools,5.0
base,moving_average,2018-06-04,2018-06-11,2,PR,garden_tools,5.0
base,moving_average,2018-06-04,2018-06-18,3,PR,garden_tools,0.0
base,moving_average,2018-06-04,2018-06-25,4,PR,garden_tools,0.0
base,moving_average,2018-06-04,2018-06-04,1,PR,health_beauty,8.0
base,moving_average,2018-06-04,2018-06-11,2,PR,health_beauty,0.0
base,moving_average,2018-06-04,2018-06-18,3,PR,health_beauty,0.0
base,moving_average,2018-06-04,2018-06-25,4,PR,health_beauty,0.0
base,moving_average,2018-06-04,2018-06-04,1,PR,housewares,0.0
base,moving_average,2018-06-04,2018-06-11,2,PR,housewares,0.0
base,moving_average,2018-06-04,2018-06-18,3,PR,housewares,0.0
base,moving_average,2018-06-04,2018-06-25,4,PR,housewares,0.0
base,moving_average,2018-06-04,2018-06-04,1,PR,sports_leisure,8.0
base,moving_average,2018-06-04,2018-06-11,2,PR,sports_leisure,0.0
base,moving_average,2018-06-04,2018-06-18,3,PR,sports_leisure,0.0
base,moving_average,2018-06-04,2018-06-25,4,PR,sports_leisure,0.0
base,moving_average,2018-06-04,2018-06-04,1,PR,telephony,0.0
base,moving_average,2018-06-04,2018-06-11,2,PR,telephony,0.0
base,moving_average,2018-06-04,2018-06-18,3,PR,telephony,0.0
base,moving_average,2018-06-04,2018-06-25,4,PR,telephony,0.0
base,moving_average,2018-06-04,2018-06-04,1,PR,watches_gifts,0.0
base,moving_average,2018-06-04,2018-06-11,2,PR,watches_gifts,0.0
base,moving_average,2018-06-04,2018-06-18,3,PR,watches_gifts,0.0
base,moving_average,2018-06-04,2018-06-25,4,PR,watches_gifts,0.0
base,moving_average,2018-06-04,2018-06-04,1,RJ,auto,0.0
base,moving_average,2018-06-04,2018-06-11,2,RJ,auto,0.0
base,moving_average,2018-06-04,2018-06-18,3,RJ,auto,0.0
base,moving_average,2018-06-04,2018-06-25,4,RJ,auto,0.0
base,moving_average,2018-06-04,2018-06-04,1,RJ,bed_bath_table,0.0
base,moving_average,2018-06-04,2018-06-11,2,RJ,bed_bath_table,0.0
base,moving_average,2018-06-04,2018-06-18,3,RJ,bed_bath_table,0.0
base,moving_average,2018-06-04,2018-06-25,4,RJ,bed_bath_table,0.0
base,moving_average,2018-06-04,2018-06-04,1,RJ,computers_accessories,3.0
base,moving_average,2018-06-04,2018-06-11,2,RJ,computers_accessories,0.0
base,moving_average,2018-06-04,2018-06-18,3,RJ,computers_accessories,0.0
base,moving_average,2018-06-04,2018-06-25,4,RJ,computers_accessories,0.0
base,moving_average,2018-06-04,2018-06-04,1,RJ,furniture_decor,1.0
base,moving_average,2018-06-04,2018-06-11,2,RJ,furniture_decor,0.0
base,moving_average,2018-06-04,2018-06-18,3,RJ,furniture_decor,0.0
base,moving_average,2018-06-04,2018-06-25,4,RJ,furniture_decor,0.0
base,moving_average,2018-06-04,2018-06-04,1,RJ,garden_tools,0.0
base,moving_average,2018-06-04,2018-06-11,2,RJ,garden_tools,0.0
base,moving_average,2018-06-04,2018-06-18,3,RJ,garden_tools,0.0
base,moving_average,2018-06-04,2018-06-25,4,RJ,garden_tools,0.0
base,moving_average,2018-06-04,2018-06-04,1,RJ,health_beauty,15.0
base,moving_average,2018-06-04,2018-06-11,2,RJ,health_beauty,5.0
base,moving_average,2018-06-04,2018-06-18,3,RJ,health_beauty,0.0
base,moving_average,2018-06-04,2018-06-25,4,RJ,health_beauty,0.0
base,moving_average,2018-06-04,2018-06-04,1,RJ,housewares,0.0
base,moving_average,2018-06-04,2018-06-11,2,RJ,housewares,0.0
base,moving_average,2018-06-04,2018-06-18,3,RJ,housewares,0.0
base,moving_average,2018-06-04,2018-06-25,4,RJ,housewares,0.0
base,moving_average,2018-06-04,2018-06-04,1,RJ,sports_leisure,0.0
base,moving_average,2018-06-04,2018-06-11,2,RJ,sports_leisure,0.0
base,moving_average,2018-06-04,2018-06-18,3,RJ,sports_leisure,0.0
base,moving_average,2018-06-04,2018-06-25,4,RJ,sports_leisure,0.0
base,moving_average,2018-06-04,2018-06-04,1,RJ,telephony,0.0
base,moving_average,2018-06-04,2018-06-11,2,RJ,telephony,0.0
base,moving_average,2018-06-04,2018-06-18,3,RJ,telephony,0.0
base,moving_average,2018-06-04,2018-06-25,4,RJ,telephony,0.0
base,moving_average,2018-06-04,2018-06-04,1,RJ,watches_gifts,8.0
base,moving_average,2018-06-04,2018-06-11,2,RJ,watches_gifts,0.0
base,moving_average,2018-06-04,2018-06-18,3,RJ,watches_gifts,0.0
base,moving_average,2018-06-04,2018-06-25,4,RJ,watches_gifts,0.0
base,moving_average,2018-06-04,2018-06-04,1,RS,auto,0.0
base,moving_average,2018-06-04,2018-06-11,2,RS,auto,0.0
base,moving_average,2018-06-04,2018-06-18,3,RS,auto,0.0
base,moving_average,2018-06-04,2018-06-25,4,RS,auto,0.0
base,moving_average,2018-06-04,2018-06-04,1,RS,bed_bath_table,0.0
base,moving_average,2018-06-04,2018-06-11,2,RS,bed_bath_table,0.0
base,moving_average,2018-06-04,2018-06-18,3,RS,bed_bath_table,0.0
base,moving_average,2018-06-04,2018-06-25,4,RS,bed_bath_table,0.0
base,moving_average,2018-06-04,2018-06-04,1,RS,computers_accessories,9.0
base,moving_average,2018-06-04,2018-06-11,2,RS,computers_accessories,2.0
base,moving_average,2018-06-04,2018-06-18,3,RS,computers_accessories,2.0
base,moving_average,2018-06-04,2018-06-25,4,RS,computers_accessories,0.0
base,moving_average,2018-06-04,2018-06-04,1,RS,furniture_decor,1.0
base,moving_average,2018-06-04,2018-06-11,2,RS,furniture_decor,0.0
base,moving_average,2018-06-04,2018-06-18,3,RS,furniture_decor,0.0
base,moving_average,2018-06-04,2018-06-25,4,RS,furniture_decor,0.0
base,moving_average,2018-06-04,2018-06-04,1,RS,garden_tools,1.0
base,moving_average,2018-06-04,2018-06-11,2,RS,garden_tools,0.0
base,moving_average,2018-06-04,2018-06-18,3,RS,garden_tools,0.0
base,moving_average,2018-06-04,2018-06-25,4,RS,garden_tools,0.0
base,moving_average,2018-06-04,2018-06-04,1,RS,health_beauty,0.0
base,moving_average,2018-06-04,2018-06-11,2,RS,health_beauty,0.0
base,moving_average,2018-06-04,2018-06-18,3,RS,health_beauty,0.0
base,moving_average,2018-06-04,2018-06-25,4,RS,health_beauty,0.0
base,moving_average,2018-06-04,2018-06-04,1,RS,housewares,12.0
base,moving_average,2018-06-04,2018-06-11,2,RS,housewares,0.0
base,moving_average,2018-06-04,2018-06-18,3,RS,housewares,0.0
base,moving_average,2018-06-04,2018-06-25,4,RS,housewares,0.0
base,moving_average,2018-06-04,2018-06-04,1,RS,sports_leisure,3.0
base,moving_average,2018-06-04,2018-06-11,2,RS,sports_leisure,0.0
base,moving_average,2018-06-04,2018-06-18,3,RS,sports_leisure,0.0
base,moving_average,2018-06-04,2018-06-25,4,RS,sports_leisure,0.0
base,moving_average,2018-06-04,2018-06-04,1,RS,telephony,5.0
base,moving_average,2018-06-04,2018-06-11,2,RS,telephony,0.0
base,moving_average,2018-06-04,2018-06-18,3,RS,telephony,0.0
base,moving_average,2018-06-04,2018-06-25,4,RS,telephony,0.0
base,moving_average,2018-06-04,2018-06-04,1,RS,watches_gifts,0.0
base,moving_average,2018-06-04,2018-06-11,2,RS,watches_gifts,0.0
base,moving_average,2018-06-04,2018-06-18,3,RS,watches_gifts,0.0
base,moving_average,2018-06-04,2018-06-25,4,RS,watches_gifts,0.0
base,moving_average,2018-06-04,2018-06-04,1,SC,auto,1.0
base,moving_average,2018-06-04,2018-06-11,2,SC,auto,0.0
base,moving_average,2018-06-04,2018-06-18,3,SC,auto,0.0
base,moving_average,2018-06-04,2018-06-25,4,SC,auto,0.0
base,moving_average,2018-06-04,2018-06-04,1,SC,bed_bath_table,5.0
base,moving_average,2018-06-04,2018-06-11,2,SC,bed_bath_table,0.0
base,moving_average,2018-06-04,2018-06-18,3,SC,bed_bath_table,0.0
base,moving_average,2018-06-04,2018-06-25,4,SC,bed_bath_table,0.0
base,moving_average,2018-06-04,2018-06-04,1,SC,computers_accessories,0.0
base,moving_average,2018-06-04,2018-06-11,2,SC,computers_accessories,0.0
base,moving_average,2018-06-04,2018-06-18,3,SC,computers_accessories,0.0
base,moving_average,2018-06-04,2018-06-25,4,SC,computers_accessories,0.0
base,moving_average,2018-06-04,2018-06-04,1,SC,furniture_decor,6.0
base,moving_average,2018-06-04,2018-06-11,2,SC,furniture_decor,0.0
base,moving_average,2018-06-04,2018-06-18,3,SC,furniture_decor,0.0
base,moving_average,2018-06-04,2018-06-25,4,SC,furniture_decor,0.0
base,moving_average,2018-06-04,2018-06-04,1,SC,garden_tools,4.0
base,moving_average,2018-06-04,2018-06-11,2,SC,garden_tools,0.0
base,moving_average,2018-06-04,2018-06-18,3,SC,garden_tools,0.0
base,moving_average,2018-06-04,2018-06-25,4,SC,garden_tools,0.0
base,moving_average,2018-06-04,2018-06-04,1,SC,health_beauty,7.0
base,moving_average,2018-06-04,2018-06-11,2,SC,health_beauty,0.0
base,moving_average,2018-06-04,2018-06-18,3,SC,health_beauty,0.0
base,moving_average,2018-06-04,2018-06-25,4,SC,health_beauty,0.0
base,moving_average,2018-06-04,2018-06-04,1,SC,housewares,1.0
base,moving_average,2018-06-04,2018-06-11,2,SC,housewares,0.0
base,moving_average,2018-06-04,2018-06-18,3,SC,housewares,0.0
base,moving_average,2018-06-04,2018-06-25,4,SC,housewares,0.0
base,moving_average,2018-06-04,2018-06-04,1,SC,sports_leisure,0.0
base,moving_average,2018-06-04,2018-06-11,2,SC,sports_leisure,0.0
base,moving_average,2018-06-04,2018-06-18,3,SC,sports_leisure,0.0
base,moving_average,2018-06-04,2018-06-25,4,SC,sports_leisure,0.0
base,moving_average,2018-06-04,2018-06-04,1,SC,telephony,0.0
base,moving_average,2018-06-04,2018-06-11,2,SC,telephony,0.0
base,moving_average,2018-06-04,2018-06-18,3,SC,telephony,0.0
base,moving_average,2018-06-04,2018-06-25,4,SC,telephony,0.0
base,moving_average,2018-06-04,2018-06-04,1,SC,watches_gifts,9.0
base,moving_average,2018-06-04,2018-06-11,2,SC,watches_gifts,0.0
base,moving_average,2018-06-04,2018-06-18,3,SC,watches_gifts,0.0
base,moving_average,2018-06-04,2018-06-25,4,SC,watches_gifts,0.0
base,moving_average,2018-06-04,2018-06-04,1,SP,auto,56.0
base,moving_average,2018-06-04,2018-06-11,2,SP,auto,0.0
base,moving_average,2018-06-04,2018-06-18,3,SP,auto,0.0
base,moving_average,2018-06-04,2018-06-25,4,SP,auto,0.0
base,moving_average,2018-06-04,2018-06-04,1,SP,bed_bath_table,65.0
base,moving_average,2018-06-04,2018-06-11,2,SP,bed_bath_table,0.0
base,moving_average,2018-06-04,2018-06-18,3,SP,bed_bath_table,0.0
base,moving_average,2018-06-04,2018-06-25,4,SP,bed_bath_table,0.0
base,moving_average,2018-06-04,2018-06-04,1,SP,computers_accessories,55.0
base,moving_average,2018-06-04,2018-06-11,2,SP,computers_accessories,0.0
base,moving_average,2018-06-04,2018-06-18,3,SP,computers_accessories,0.0
base,moving_average,2018-06-04,2018-06-25,4,SP,computers_accessories,0.0
base,moving_average,2018-06-04,2018-06-04,1,SP,furniture_decor,68.0
base,moving_average,2018-06-04,2018-06-11,2,SP,furniture_decor,0.0
base,moving_average,2018-06-04,2018-06-18,3,SP,furniture_decor,0.0
base,moving_average,2018-06-04,2018-06-25,4,SP,furniture_decor,0.0
base,moving_average,2018-06-04,2018-06-04,1,SP,garden_tools,59.0
base,moving_average,2018-06-04,2018-06-11,2,SP,garden_tools,3.0
base,moving_average,2018-06-04,2018-06-18,3,SP,garden_tools,0.0
base,moving_average,2018-06-04,2018-06-25,4,SP,garden_tools,0.0
base,moving_average,2018-06-04,2018-06-04,1,SP,health_beauty,92.0
base,moving_average,2018-06-04,2018-06-11,2,SP,health_beauty,0.0
base,moving_average,2018-06-04,2018-06-18,3,SP,health_beauty,0.0
base,moving_average,2018-06-04,2018-06-25,4,SP,health_beauty,0.0
base,moving_average,2018-06-04,2018-06-04,1,SP,housewares,18.0
base,moving_average,2018-06-04,2018-06-11,2,SP,housewares,0.0
base,moving_average,2018-06-04,2018-06-18,3,SP,housewares,0.0
base,moving_average,2018-06-04,2018-06-25,4,SP,housewares,0.0
base,moving_average,2018-06-04,2018-06-04,1,SP,sports_leisure,56.0
base,moving_average,2018-06-04,2018-06-11,2,SP,sports_leisure,0.0
base,moving_average,2018-06-04,2018-06-18,3,SP,sports_leisure,0.0
base,moving_average,2018-06-04,2018-06-25,4,SP,sports_leisure,0.0
base,moving_average,2018-06-04,2018-06-04,1,SP,telephony,31.0
base,moving_average,2018-06-04,2018-06-11,2,SP,telephony,0.0
base,moving_average,2018-06-04,2018-06-18,3,SP,telephony,0.0
base,moving_average,2018-06-04,2018-06-25,4,SP,telephony,0.0
base,moving_average,2018-06-04,2018-06-04,1,SP,watches_gifts,47.0
base,moving_average,2018-06-04,2018-06-11,2,SP,watches_gifts,0.0
base,moving_average,2018-06-04,2018-06-18,3,SP,watches_gifts,0.0
base,moving_average,2018-06-04,2018-06-25,4,SP,watches_gifts,0.0
base,moving_average,2018-06-11,2018-06-11,1,MG,auto,0.0
base,moving_average,2018-06-11,2018-06-18,2,MG,auto,0.0
base,moving_average,2018-06-11,2018-06-25,3,MG,auto,0.0
base,moving_average,2018-06-11,2018-07-02,4,MG,auto,0.0
base,moving_average,2018-06-11,2018-06-11,1,MG,bed_bath_table,0.0
base,moving_average,2018-06-11,2018-06-18,2,MG,bed_bath_table,0.0
base,moving_average,2018-06-11,2018-06-25,3,MG,bed_bath_table,0.0
base,moving_average,2018-06-11,2018-07-02,4,MG,bed_bath_table,0.0
base,moving_average,2018-06-11,2018-06-11,1,MG,computers_accessories,3.0
base,moving_average,2018-06-11,2018-06-18,2,MG,computers_accessories,0.0
base,moving_average,2018-06-11,2018-06-25,3,MG,computers_accessories,0.0
base,moving_average,2018-06-11,2018-07-02,4,MG,computers_accessories,0.0
base,moving_average,2018-06-11,2018-06-11,1,MG,furniture_decor,16.0
base,moving_average,2018-06-11,2018-06-18,2,MG,furniture_decor,6.0
base,moving_average,2018-06-11,2018-06-25,3,MG,furniture_decor,0.0
base,moving_average,2018-06-11,2018-07-02,4,MG,furniture_decor,0.0
base,moving_average,2018-06-11,2018-06-11,1,MG,garden_tools,0.0
base,moving_average,2018-06-11,2018-06-18,2,MG,garden_tools,0.0
base,moving_average,2018-06-11,2018-06-25,3,MG,garden_tools,0.0
base,moving_average,2018-06-11,2018-07-02,4,MG,garden_tools,0.0
base,moving_average,2018-06-11,2018-06-11,1,MG,health_beauty,0.0
base,moving_average,2018-06-11,2018-06-18,2,MG,health_beauty,0.0
base,moving_average,2018-06-11,2018-06-25,3,MG,health_beauty,0.0
base,moving_average,2018-06-11,2018-07-02,4,MG,health_beauty,0.0
base,moving_average,2018-06-11,2018-06-11,1,MG,housewares,0.0
base,moving_average,2018-06-11,2018-06-18,2,MG,housewares,0.0
base,moving_average,2018-06-11,2018-06-25,3,MG,housewares,0.0
base,moving_average,2018-06-11,2018-07-02,4,MG,housewares,0.0
base,moving_average,2018-06-11,2018-06-11,1,MG,sports_leisure,0.0
base,moving_average,2018-06-11,2018-06-18,2,MG,sports_leisure,0.0
base,moving_average,2018-06-11,2018-06-25,3,MG,sports_leisure,0.0
base,moving_average,2018-06-11,2018-07-02,4,MG,sports_leisure,0.0
base,moving_average,2018-06-11,2018-06-11,1,MG,telephony,0.0
base,moving_average,2018-06-11,2018-06-18,2,MG,telephony,0.0
base,moving_average,2018-06-11,2018-06-25,3,MG,telephony,0.0
base,moving_average,2018-06-11,2018-07-02,4,MG,telephony,0.0
base,moving_average,2018-06-11,2018-06-11,1,MG,watches_gifts,0.0
base,moving_average,2018-06-11,2018-06-18,2,MG,watches_gifts,0.0
base,moving_average,2018-06-11,2018-06-25,3,MG,watches_gifts,0.0
base,moving_average,2018-06-11,2018-07-02,4,MG,watches_gifts,0.0
base,moving_average,2018-06-11,2018-06-11,1,PR,auto,0.0
base,moving_average,2018-06-11,2018-06-18,2,PR,auto,0.0
base,moving_average,2018-06-11,2018-06-25,3,PR,auto,0.0
base,moving_average,2018-06-11,2018-07-02,4,PR,auto,0.0
base,moving_average,2018-06-11,2018-06-11,1,PR,bed_bath_table,0.0
base,moving_average,2018-06-11,2018-06-18,2,PR,bed_bath_table,0.0
base,moving_average,2018-06-11,2018-06-25,3,PR,bed_bath_table,0.0
base,moving_average,2018-06-11,2018-07-02,4,PR,bed_bath_table,0.0
base,moving_average,2018-06-11,2018-06-11,1,PR,computers_accessories,23.0
base,moving_average,2018-06-11,2018-06-18,2,PR,computers_accessories,9.0
base,moving_average,2018-06-11,2018-06-25,3,PR,computers_accessories,0.0
base,moving_average,2018-06-11,2018-07-02,4,PR,computers_accessories,0.0
base,moving_average,2018-06-11,2018-06-11,1,PR,furniture_decor,11.0
base,moving_average,2018-06-11,2018-06-18,2,PR,furniture_decor,0.0
base,moving_average,2018-06-11,2018-06-25,3,PR,furniture_decor,0.0
base,moving_average,2018-06-11,2018-07-02,4,PR,furniture_decor,0.0
base,moving_average,2018-06-11,2018-06-11,1,PR,garden_tools,5.0
base,moving_average,2018-06-11,2018-06-18,2,PR,garden_tools,0.0
base,moving_average,2018-06-11,2018-06-25,3,PR,garden_tools,0.0
base,moving_average,2018-06-11,2018-07-02,4,PR,garden_tools,0.0
base,moving_average,2018-06-11,2018-06-11,1,PR,health_beauty,0.0
base,moving_average,2018-06-11,2018-06-18,2,PR,health_beauty,0.0
base,moving_average,2018-06-11,2018-06-25,3,PR,health_beauty,0.0
base,moving_average,2018-06-11,2018-07-02,4,PR,health_beauty,0.0
base,moving_average,2018-06-11,2018-06-11,1,PR,housewares,0.0
base,moving_average,2018-06-11,2018-06-18,2,PR,housewares,0.0
base,moving_average,2018-06-11,2018-06-25,3,PR,housewares,0.0
base,moving_average,2018-06-11,2018-07-02,4,PR,housewares,0.0
base,moving_average,2018-06-11,2018-06-11,1,PR,sports_leisure,13.0
base,moving_average,2018-06-11,2018-06-18,2,PR,sports_leisure,0.0
base,moving_average,2018-06-11,2018-06-25,3,PR,sports_leisure,0.0
base,moving_average,2018-06-11,2018-07-02,4,PR,sports_leisure,0.0
base,moving_average,2018-06-11,2018-06-11,1,PR,telephony,0.0
base,moving_average,2018-06-11,2018-06-18,2,PR,telephony,0.0
base,moving_average,2018-06-11,2018-06-25,3,PR,telephony,0.0
base,moving_average,2018-06-11,2018-07-02,4,PR,telephony,0.0
base,moving_average,2018-06-11,2018-06-11,1,PR,watches_gifts,3.0
base,moving_average,2018-06-11,2018-06-18,2,PR,watches_gifts,0.0
base,moving_average,2018-06-11,2018-06-25,3,PR,watches_gifts,0.0
base,moving_average,2018-06-11,2018-07-02,4,PR,watches_gifts,0.0
base,moving_average,2018-06-11,2018-06-11,1,RJ,auto,0.0
base,moving_average,2018-06-11,2018-06-18,2,RJ,auto,0.0
base,moving_average,2018-06-11,2018-06-25,3,RJ,auto,0.0
base,moving_average,2018-06-11,2018-07-02,4,RJ,auto,0.0
base,moving_average,2018-06-11,2018-06-11,1,RJ,bed_bath_table,0.0
base,moving_average,2018-06-11,2018-06-18,2,RJ,bed_bath_table,0.0
base,moving_average,2018-06-11,2018-06-25,3,RJ,bed_bath_table,0.0
base,moving_average,2018-06-11,2018-07-02,4,RJ,bed_bath_table,0.0
base,moving_average,2018-06-11,2018-06-11,1,RJ,computers_accessories,3.0
base,moving_average,2018-06-11,2018-06-18,2,RJ,computers_accessories,0.0
base,moving_average,2018-06-11,2018-06-25,3,RJ,computers_accessories,0.0
base,moving_average,2018-06-11,2018-07-02,4,RJ,computers_accessories,0.0
base,moving_average,2018-06-11,2018-06-11,1,RJ,furniture_decor,5.0
base,moving_average,2018-06-11,2018-06-18,2,RJ,furniture_decor,3.0
base,moving_average,2018-06-11,2018-06-25,3,RJ,furniture_decor,0.0
base,moving_average,2018-06-11,2018-07-02,4,RJ,furniture_decor,0.0
base,moving_average,2018-06-11,2018-06-11,1,RJ,garden_tools,2.0
base,moving_average,2018-06-11,2018-06-18,2,RJ,garden_tools,0.0
base,moving_average,2018-06-11,2018-06-25,3,RJ,garden_tools,0.0
base,moving_average,2018-06-11,2018-07-02,4,RJ,garden_tools,0.0
base,moving_average,2018-06-11,2018-06-11,1,RJ,health_beauty,0.0
base,moving_average,2018-06-11,2018-06-18,2,RJ,health_beauty,0.0
base,moving_average,2018-06-11,2018-06-25,3,RJ,health_beauty,0.0
base,moving_average,2018-06-11,2018-07-02,4,RJ,health_beauty,0.0
base,moving_average,2018-06-11,2018-06-11,1,RJ,housewares,0.0
base,moving_average,2018-06-11,2018-06-18,2,RJ,housewares,0.0
base,moving_average,2018-06-11,2018-06-25,3,RJ,housewares,0.0
base,moving_average,2018-06-11,2018-07-02,4,RJ,housewares,0.0
base,moving_average,2018-06-11,2018-06-11,1,RJ,sports_leisure,0.0
base,moving_average,2018-06-11,2018-06-18,2,RJ,sports_leisure,0.0
base,moving_average,2018-06-11,2018-06-25,3,RJ,sports_leisure,0.0
base,moving_average,2018-06-11,2018-07-02,4,RJ,sports_leisure,0.0
base,moving_average,2018-06-11,2018-06-11,1,RJ,telephony,0.0
base,moving_average,2018-06-11,2018-06-18,2,RJ,telephony,0.0
base,moving_average,2018-06-11,2018-06-25,3,RJ,telephony,0.0
base,moving_average,2018-06-11,2018-07-02,4,RJ,telephony,0.0
base,moving_average,2018-06-11,2018-06-11,1,RJ,watches_gifts,8.0
base,moving_average,2018-06-11,2018-06-18,2,RJ,watches_gifts,0.0
base,moving_average,2018-06-11,2018-06-25,3,RJ,watches_gifts,0.0
base,moving_average,2018-06-11,2018-07-02,4,RJ,watches_gifts,0.0
base,moving_average,2018-06-11,2018-06-11,1,RS,auto,0.0
base,moving_average,2018-06-11,2018-06-18,2,RS,auto,0.0
base,moving_average,2018-06-11,2018-06-25,3,RS,auto,0.0
base,moving_average,2018-06-11,2018-07-02,4,RS,auto,0.0
base,moving_average,2018-06-11,2018-06-11,1,RS,bed_bath_table,0.0
base,moving_average,2018-06-11,2018-06-18,2,RS,bed_bath_table,0.0
base,moving_average,2018-06-11,2018-06-25,3,RS,bed_bath_table,0.0
base,moving_average,2018-06-11,2018-07-02,4,RS,bed_bath_table,0.0
base,moving_average,2018-06-11,2018-06-11,1,RS,computers_accessories,0.0
base,moving_average,2018-06-11,2018-06-18,2,RS,computers_accessories,0.0
base,moving_average,2018-06-11,2018-06-25,3,RS,computers_accessories,0.0
base,moving_average,2018-06-11,2018-07-02,4,RS,computers_accessories,0.0
base,moving_average,2018-06-11,2018-06-11,1,RS,furniture_decor,0.0
base,moving_average,2018-06-11,2018-06-18,2,RS,furniture_decor,0.0
base,moving_average,2018-06-11,2018-06-25,3,RS,furniture_decor,0.0
base,moving_average,2018-06-11,2018-07-02,4,RS,furniture_decor,0.0
base,moving_average,2018-06-11,2018-06-11,1,RS,garden_tools,1.0
base,moving_average,2018-06-11,2018-06-18,2,RS,garden_tools,0.0
base,moving_average,2018-06-11,2018-06-25,3,RS,garden_tools,0.0
base,moving_average,2018-06-11,2018-07-02,4,RS,garden_tools,0.0
base,moving_average,2018-06-11,2018-06-11,1,RS,health_beauty,0.0
base,moving_average,2018-06-11,2018-06-18,2,RS,health_beauty,0.0
base,moving_average,2018-06-11,2018-06-25,3,RS,health_beauty,0.0
base,moving_average,2018-06-11,2018-07-02,4,RS,health_beauty,0.0
base,moving_average,2018-06-11,2018-06-11,1,RS,housewares,0.0
base,moving_average,2018-06-11,2018-06-18,2,RS,housewares,0.0
base,moving_average,2018-06-11,2018-06-25,3,RS,housewares,0.0
base,moving_average,2018-06-11,2018-07-02,4,RS,housewares,0.0
base,moving_average,2018-06-11,2018-06-11,1,RS,sports_leisure,3.0
base,moving_average,2018-06-11,2018-06-18,2,RS,sports_leisure,0.0
base,moving_average,2018-06-11,2018-06-25,3,RS,sports_leisure,0.0
base,moving_average,2018-06-11,2018-07-02,4,RS,sports_leisure,0.0
base,moving_average,2018-06-11,2018-06-11,1,RS,telephony,5.0
base,moving_average,2018-06-11,2018-06-18,2,RS,telephony,0.0
base,moving_average,2018-06-11,2018-06-25,3,RS,telephony,0.0
base,moving_average,2018-06-11,2018-07-02,4,RS,telephony,0.0
base,moving_average,2018-06-11,2018-06-11,1,RS,watches_gifts,1.0
base,moving_average,2018-06-11,2018-06-18,2,RS,watches_gifts,0.0
base,moving_average,2018-06-11,2018-06-25,3,RS,watches_gifts,0.0
base,moving_average,2018-06-11,2018-07-02,4,RS,watches_gifts,0.0
base,moving_average,2018-06-11,2018-06-11,1,SC,auto,0.0
base,moving_average,2018-06-11,2018-06-18,2,SC,auto,0.0
base,moving_average,2018-06-11,2018-06-25,3,SC,auto,0.0
base,moving_average,2018-06-11,2018-07-02,4,SC,auto,0.0
base,moving_average,2018-06-11,2018-06-11,1,SC,bed_bath_table,0.0
base,moving_average,2018-06-11,2018-06-18,2,SC,bed_bath_table,0.0
base,moving_average,2018-06-11,2018-06-25,3,SC,bed_bath_table,0.0
base,moving_average,2018-06-11,2018-07-02,4,SC,bed_bath_table,0.0
base,moving_average,2018-06-11,2018-06-11,1,SC,computers_accessories,0.0
base,moving_average,2018-06-11,2018-06-18,2,SC,computers_accessories,0.0
base,moving_average,2018-06-11,2018-06-25,3,SC,computers_accessories,0.0
base,moving_average,2018-06-11,2018-07-02,4,SC,computers_accessories,0.0
base,moving_average,2018-06-11,2018-06-11,1,SC,furniture_decor,0.0
base,moving_average,2018-06-11,2018-06-18,2,SC,furniture_decor,0.0
base,moving_average,2018-06-11,2018-06-25,3,SC,furniture_decor,0.0
base,moving_average,2018-06-11,2018-07-02,4,SC,furniture_decor,0.0
base,moving_average,2018-06-11,2018-06-11,1,SC,garden_tools,0.0
base,moving_average,2018-06-11,2018-06-18,2,SC,garden_tools,0.0
base,moving_average,2018-06-11,2018-06-25,3,SC,garden_tools,0.0
base,moving_average,2018-06-11,2018-07-02,4,SC,garden_tools,0.0
base,moving_average,2018-06-11,2018-06-11,1,SC,health_beauty,0.0
base,moving_average,2018-06-11,2018-06-18,2,SC,health_beauty,0.0
base,moving_average,2018-06-11,2018-06-25,3,SC,health_beauty,0.0
base,moving_average,2018-06-11,2018-07-02,4,SC,health_beauty,0.0
base,moving_average,2018-06-11,2018-06-11,1,SC,housewares,0.0
base,moving_average,2018-06-11,2018-06-18,2,SC,housewares,0.0
base,moving_average,2018-06-11,2018-06-25,3,SC,housewares,0.0
base,moving_average,2018-06-11,2018-07-02,4,SC,housewares,0.0
base,moving_average,2018-06-11,2018-06-11,1,SC,sports_leisure,0.0
base,moving_average,2018-06-11,2018-06-18,2,SC,sports_leisure,0.0
base,moving_average,2018-06-11,2018-06-25,3,SC,sports_leisure,0.0
base,moving_average,2018-06-11,2018-07-02,4,SC,sports_leisure,0.0
base,moving_average,2018-06-11,2018-06-11,1,SC,telephony,0.0
base,moving_average,2018-06-11,2018-06-18,2,SC,telephony,0.0
base,moving_average,2018-06-11,2018-06-25,3,SC,telephony,0.0
base,moving_average,2018-06-11,2018-07-02,4,SC,telephony,0.0
base,moving_average,2018-06-11,2018-06-11,1,SC,watches_gifts,2.0
base,moving_average,2018-06-11,2018-06-18,2,SC,watches_gifts,0.0
base,moving_average,2018-06-11,2018-06-25,3,SC,watches_gifts,0.0
base,moving_average,2018-06-11,2018-07-02,4,SC,watches_gifts,0.0
base,moving_average,2018-06-11,2018-06-11,1,SP,auto,2.0
base,moving_average,2018-06-11,2018-06-18,2,SP,auto,0.0
base,moving_average,2018-06-11,2018-06-25,3,SP,auto,0.0
base,moving_average,2018-06-11,2018-07-02,4,SP,auto,0.0
base,moving_average,2018-06-11,2018-06-11,1,SP,bed_bath_table,0.0
base,moving_average,2018-06-11,2018-06-18,2,SP,bed_bath_table,0.0
base,moving_average,2018-06-11,2018-06-25,3,SP,bed_bath_table,0.0
base,moving_average,2018-06-11,2018-07-02,4,SP,bed_bath_table,0.0
base,moving_average,2018-06-11,2018-06-11,1,SP,computers_accessories,3.0
base,moving_average,2018-06-11,2018-06-18,2,SP,computers_accessories,0.0
base,moving_average,2018-06-11,2018-06-25,3,SP,computers_accessories,0.0
base,moving_average,2018-06-11,2018-07-02,4,SP,computers_accessories,0.0
base,moving_average,2018-06-11,2018-06-11,1,SP,furniture_decor,71.0
base,moving_average,2018-06-11,2018-06-18,2,SP,furniture_decor,0.0
base,moving_average,2018-06-11,2018-06-25,3,SP,furniture_decor,0.0
base,moving_average,2018-06-11,2018-07-02,4,SP,furniture_decor,0.0
base,moving_average,2018-06-11,2018-06-11,1,SP,garden_tools,32.0
base,moving_average,2018-06-11,2018-06-18,2,SP,garden_tools,0.0
base,moving_average,2018-06-11,2018-06-25,3,SP,garden_tools,0.0
base,moving_average,2018-06-11,2018-07-02,4,SP,garden_tools,0.0
base,moving_average,2018-06-11,2018-06-11,1,SP,health_beauty,0.0
base,moving_average,2018-06-11,2018-06-18,2,SP,health_beauty,0.0
base,moving_average,2018-06-11,2018-06-25,3,SP,health_beauty,0.0
base,moving_average,2018-06-11,2018-07-02,4,SP,health_beauty,0.0
base,moving_average,2018-06-11,2018-06-11,1,SP,housewares,0.0
base,moving_average,2018-06-11,2018-06-18,2,SP,housewares,0.0
base,moving_average,2018-06-11,2018-06-25,3,SP,housewares,0.0
base,moving_average,2018-06-11,2018-07-02,4,SP,housewares,0.0
base,moving_average,2018-06-11,2018-06-11,1,SP,sports_leisure,40.0
base,moving_average,2018-06-11,2018-06-18,2,SP,sports_leisure,0.0
base,moving_average,2018-06-11,2018-06-25,3,SP,sports_leisure,0.0
base,moving_average,2018-06-11,2018-07-02,4,SP,sports_leisure,0.0
base,moving_average,2018-06-11,2018-06-11,1,SP,telephony,24.0
base,moving_average,2018-06-11,2018-06-18,2,SP,telephony,0.0
base,moving_average,2018-06-11,2018-06-25,3,SP,telephony,0.0
base,moving_average,2018-06-11,2018-07-02,4,SP,telephony,0.0
base,moving_average,2018-06-11,2018-06-11,1,SP,watches_gifts,70.0
base,moving_average,2018-06-11,2018-06-18,2,SP,watches_gifts,0.0
base,moving_average,2018-06-11,2018-06-25,3,SP,watches_gifts,0.0
base,moving_average,2018-06-11,2018-07-02,4,SP,watches_gifts,0.0
base,moving_average,2018-06-18,2018-06-18,1,MG,auto,0.0
base,moving_average,2018-06-18,2018-06-25,2,MG,auto,0.0
base,moving_average,2018-06-18,2018-07-02,3,MG,auto,0.0
base,moving_average,2018-06-18,2018-07-09,4,MG,auto,0.0
base,moving_average,2018-06-18,2018-06-18,1,MG,bed_bath_table,0.0
base,moving_average,2018-06-18,2018-06-25,2,MG,bed_bath_table,0.0
base,moving_average,2018-06-18,2018-07-02,3,MG,bed_bath_table,0.0
base,moving_average,2018-06-18,2018-07-09,4,MG,bed_bath_table,0.0
base,moving_average,2018-06-18,2018-06-18,1,MG,computers_accessories,5.0
base,moving_average,2018-06-18,2018-06-25,2,MG,computers_accessories,0.0
base,moving_average,2018-06-18,2018-07-02,3,MG,computers_accessories,0.0
base,moving_average,2018-06-18,2018-07-09,4,MG,computers_accessories,0.0
base,moving_average,2018-06-18,2018-06-18,1,MG,furniture_decor,9.0
base,moving_average,2018-06-18,2018-06-25,2,MG,furniture_decor,1.0
base,moving_average,2018-06-18,2018-07-02,3,MG,furniture_decor,0.0
base,moving_average,2018-06-18,2018-07-09,4,MG,furniture_decor,0.0
base,moving_average,2018-06-18,2018-06-18,1,MG,garden_tools,0.0
base,moving_average,2018-06-18,2018-06-25,2,MG,garden_tools,0.0
base,moving_average,2018-06-18,2018-07-02,3,MG,garden_tools,0.0
base,moving_average,2018-06-18,2018-07-09,4,MG,garden_tools,0.0
base,moving_average,2018-06-18,2018-06-18,1,MG,health_beauty,0.0
base,moving_average,2018-06-18,2018-06-25,2,MG,health_beauty,0.0
base,moving_average,2018-06-18,2018-07-02,3,MG,health_beauty,0.0
base,moving_average,2018-06-18,2018-07-09,4,MG,health_beauty,0.0
base,moving_average,2018-06-18,2018-06-18,1,MG,housewares,12.0
base,moving_average,2018-06-18,2018-06-25,2,MG,housewares,2.0
base,moving_average,2018-06-18,2018-07-02,3,MG,housewares,0.0
base,moving_average,2018-06-18,2018-07-09,4,MG,housewares,0.0
base,moving_average,2018-06-18,2018-06-18,1,MG,sports_leisure,0.0
base,moving_average,2018-06-18,2018-06-25,2,MG,sports_leisure,0.0
base,moving_average,2018-06-18,2018-07-02,3,MG,sports_leisure,0.0
base,moving_average,2018-06-18,2018-07-09,4,MG,sports_leisure,0.0
base,moving_average,2018-06-18,2018-06-18,1,MG,telephony,0.0
base,moving_average,2018-06-18,2018-06-25,2,MG,telephony,0.0
base,moving_average,2018-06-18,2018-07-02,3,MG,telephony,0.0
base,moving_average,2018-06-18,2018-07-09,4,MG,telephony,0.0
base,moving_average,2018-06-18,2018-06-18,1,MG,watches_gifts,0.0
base,moving_average,2018-06-18,2018-06-25,2,MG,watches_gifts,0.0
base,moving_average,2018-06-18,2018-07-02,3,MG,watches_gifts,0.0
base,moving_average,2018-06-18,2018-07-09,4,MG,watches_gifts,0.0
base,moving_average,2018-06-18,2018-06-18,1,PR,auto,4.0
base,moving_average,2018-06-18,2018-06-25,2,PR,auto,0.0
base,moving_average,2018-06-18,2018-07-02,3,PR,auto,0.0
base,moving_average,2018-06-18,2018-07-09,4,PR,auto,0.0
base,moving_average,2018-06-18,2018-06-18,1,PR,bed_bath_table,0.0
base,moving_average,2018-06-18,2018-06-25,2,PR,bed_bath_table,0.0
base,moving_average,2018-06-18,2018-07-02,3,PR,bed_bath_table,0.0
base,moving_average,2018-06-18,2018-07-09,4,PR,bed_bath_table,0.0
base,moving_average,2018-06-18,2018-06-18,1,PR,computers_accessories,10.0
base,moving_average,2018-06-18,2018-06-25,2,PR,computers_accessories,0.0
base,moving_average,2018-06-18,2018-07-02,3,PR,computers_accessories,0.0
base,moving_average,2018-06-18,2018-07-09,4,PR,computers_accessories,0.0
base,moving_average,2018-06-18,2018-06-18,1,PR,furniture_decor,8.0
base,moving_average,2018-06-18,2018-06-25,2,PR,furniture_decor,0.0
base,moving_average,2018-06-18,2018-07-02,3,PR,furniture_decor,0.0
base,moving_average,2018-06-18,2018-07-09,4,PR,furniture_decor,0.0
base,moving_average,2018-06-18,2018-06-18,1,PR,garden_tools,3.0
base,moving_average,2018-06-18,2018-06-25,2,PR,garden_tools,0.0
base,moving_average,2018-06-18,2018-07-02,3,PR,garden_tools,0.0
base,moving_average,2018-06-18,2018-07-09,4,PR,garden_tools,0.0
base,moving_average,2018-06-18,2018-06-18,1,PR,health_beauty,0.0
base,moving_average,2018-06-18,2018-06-25,2,PR,health_beauty,0.0
base,moving_average,2018-06-18,2018-07-02,3,PR,health_beauty,0.0
base,moving_average,2018-06-18,2018-07-09,4,PR,health_beauty,0.0
base,moving_average,2018-06-18,2018-06-18,1,PR,housewares,9.0
base,moving_average,2018-06-18,2018-06-25,2,PR,housewares,0.0
base,moving_average,2018-06-18,2018-07-02,3,PR,housewares,0.0
base,moving_average,2018-06-18,2018-07-09,4,PR,housewares,0.0
base,moving_average,2018-06-18,2018-06-18,1,PR,sports_leisure,0.0
base,moving_average,2018-06-18,2018-06-25,2,PR,sports_leisure,0.0
base,moving_average,2018-06-18,2018-07-02,3,PR,sports_leisure,0.0
base,moving_average,2018-06-18,2018-07-09,4,PR,sports_leisure,0.0
base,moving_average,2018-06-18,2018-06-18,1,PR,telephony,0.0
base,moving_average,2018-06-18,2018-06-25,2,PR,telephony,0.0
base,moving_average,2018-06-18,2018-07-02,3,PR,telephony,0.0
base,moving_average,2018-06-18,2018-07-09,4,PR,telephony,0.0
base,moving_average,2018-06-18,2018-06-18,1,PR,watches_gifts,0.0
base,moving_average,2018-06-18,2018-06-25,2,PR,watches_gifts,0.0
base,moving_average,2018-06-18,2018-07-02,3,PR,watches_gifts,0.0
base,moving_average,2018-06-18,2018-07-09,4,PR,watches_gifts,0.0
base,moving_average,2018-06-18,2018-06-18,1,RJ,auto,0.0
base,moving_average,2018-06-18,2018-06-25,2,RJ,auto,0.0
base,moving_average,2018-06-18,2018-07-02,3,RJ,auto,0.0
base,moving_average,2018-06-18,2018-07-09,4,RJ,auto,0.0
base,moving_average,2018-06-18,2018-06-18,1,RJ,bed_bath_table,0.0
base,moving_average,2018-06-18,2018-06-25,2,RJ,bed_bath_table,0.0
base,moving_average,2018-06-18,2018-07-02,3,RJ,bed_bath_table,0.0
base,moving_average,2018-06-18,2018-07-09,4,RJ,bed_bath_table,0.0
base,moving_average,2018-06-18,2018-06-18,1,RJ,computers_accessories,0.0
base,moving_average,2018-06-18,2018-06-25,2,RJ,computers_accessories,0.0
base,moving_average,2018-06-18,2018-07-02,3,RJ,computers_accessories,0.0
base,moving_average,2018-06-18,2018-07-09,4,RJ,computers_accessories,0.0
base,moving_average,2018-06-18,2018-06-18,1,RJ,furniture_decor,5.0
base,moving_average,2018-06-18,2018-06-25,2,RJ,furniture_decor,2.0
base,moving_average,2018-06-18,2018-07-02,3,RJ,furniture_decor,0.0
base,moving_average,2018-06-18,2018-07-09,4,RJ,furniture_decor,0.0
base,moving_average,2018-06-18,2018-06-18,1,RJ,garden_tools,3.0
base,moving_average,2018-06-18,2018-06-25,2,RJ,garden_tools,1.0
base,moving_average,2018-06-18,2018-07-02,3,RJ,garden_tools,0.0
base,moving_average,2018-06-18,2018-07-09,4,RJ,garden_tools,0.0
base,moving_average,2018-06-18,2018-06-18,1,RJ,health_beauty,0.0
base,moving_average,2018-06-18,2018-06-25,2,RJ,health_beauty,0.0
base,moving_average,2018-06-18,2018-07-02,3,RJ,health_beauty,0.0
base,moving_average,2018-06-18,2018-07-09,4,RJ,health_beauty,0.0
base,moving_average,2018-06-18,2018-06-18,1,RJ,housewares,0.0
base,moving_average,2018-06-18,2018-06-25,2,RJ,housewares,0.0
base,moving_average,2018-06-18,2018-07-02,3,RJ,housewares,0.0
base,moving_average,2018-06-18,2018-07-09,4,RJ,housewares,0.0
base,moving_average,2018-06-18,2018-06-18,1,RJ,sports_leisure,0.0
base,moving_average,2018-06-18,2018-06-25,2,RJ,sports_leisure,0.0
base,moving_average,2018-06-18,2018-07-02,3,RJ,sports_leisure,0.0
base,moving_average,2018-06-18,2018-07-09,4,RJ,sports_leisure,0.0
base,moving_average,2018-06-18,2018-06-18,1,RJ,telephony,0.0
base,moving_average,2018-06-18,2018-06-25,2,RJ,telephony,0.0
base,moving_average,2018-06-18,2018-07-02,3,RJ,telephony,0.0
base,moving_average,2018-06-18,2018-07-09,4,RJ,telephony,0.0
base,moving_average,2018-06-18,2018-06-18,1,RJ,watches_gifts,0.0
base,moving_average,2018-06-18,2018-06-25,2,RJ,watches_gifts,0.0
base,moving_average,2018-06-18,2018-07-02,3,RJ,watches_gifts,0.0
base,moving_average,2018-06-18,2018-07-09,4,RJ,watches_gifts,0.0
base,moving_average,2018-06-18,2018-06-18,1,RS,auto,1.0
base,moving_average,2018-06-18,2018-06-25,2,RS,auto,0.0
base,moving_average,2018-06-18,2018-07-02,3,RS,auto,0.0
base,moving_average,2018-06-18,2018-07-09,4,RS,auto,0.0
base,moving_average,2018-06-18,2018-06-18,1,RS,bed_bath_table,0.0
base,moving_average,2018-06-18,2018-06-25,2,RS,bed_bath_table,0.0
base,moving_average,2018-06-18,2018-07-02,3,RS,bed_bath_table,0.0
base,moving_average,2018-06-18,2018-07-09,4,RS,bed_bath_table,0.0
base,moving_average,2018-06-18,2018-06-18,1,RS,computers_accessories,0.0
base,moving_average,2018-06-18,2018-06-25,2,RS,computers_accessories,0.0
base,moving_average,2018-06-18,2018-07-02,3,RS,computers_accessories,0.0
base,moving_average,2018-06-18,2018-07-09,4,RS,computers_accessories,0.0
base,moving_average,2018-06-18,2018-06-18,1,RS,furniture_decor,0.0
base,moving_average,2018-06-18,2018-06-25,2,RS,furniture_decor,0.0
base,moving_average,2018-06-18,2018-07-02,3,RS,furniture_decor,0.0
base,moving_average,2018-06-18,2018-07-09,4,RS,furniture_decor,0.0
base,moving_average,2018-06-18,2018-06-18,1,RS,garden_tools,0.0
base,moving_average,2018-06-18,2018-06-25,2,RS,garden_tools,0.0
base,moving_average,2018-06-18,2018-07-02,3,RS,garden_tools,0.0
base,moving_average,2018-06-18,2018-07-09,4,RS,garden_tools,0.0
base,moving_average,2018-06-18,2018-06-18,1,RS,health_beauty,0.0
base,moving_average,2018-06-18,2018-06-25,2,RS,health_beauty,0.0
base,moving_average,2018-06-18,2018-07-02,3,RS,health_beauty,0.0
base,moving_average,2018-06-18,2018-07-09,4,RS,health_beauty,0.0
base,moving_average,2018-06-18,2018-06-18,1,RS,housewares,0.0
base,moving_average,2018-06-18,2018-06-25,2,RS,housewares,0.0
base,moving_average,2018-06-18,2018-07-02,3,RS,housewares,0.0
base,moving_average,2018-06-18,2018-07-09,4,RS,housewares,0.0
base,moving_average,2018-06-18,2018-06-18,1,RS,sports_leisure,0.0
base,moving_average,2018-06-18,2018-06-25,2,RS,sports_leisure,0.0
base,moving_average,2018-06-18,2018-07-02,3,RS,sports_leisure,0.0
base,moving_average,2018-06-18,2018-07-09,4,RS,sports_leisure,0.0
base,moving_average,2018-06-18,2018-06-18,1,RS,telephony,0.0
base,moving_average,2018-06-18,2018-06-25,2,RS,telephony,0.0
base,moving_average,2018-06-18,2018-07-02,3,RS,telephony,0.0
base,moving_average,2018-06-18,2018-07-09,4,RS,telephony,0.0
base,moving_average,2018-06-18,2018-06-18,1,RS,watches_gifts,0.0
base,moving_average,2018-06-18,2018-06-25,2,RS,watches_gifts,0.0
base,moving_average,2018-06-18,2018-07-02,3,RS,watches_gifts,0.0
base,moving_average,2018-06-18,2018-07-09,4,RS,watches_gifts,0.0
base,moving_average,2018-06-18,2018-06-18,1,SC,auto,0.0
base,moving_average,2018-06-18,2018-06-25,2,SC,auto,0.0
base,moving_average,2018-06-18,2018-07-02,3,SC,auto,0.0
base,moving_average,2018-06-18,2018-07-09,4,SC,auto,0.0
base,moving_average,2018-06-18,2018-06-18,1,SC,bed_bath_table,0.0
base,moving_average,2018-06-18,2018-06-25,2,SC,bed_bath_table,0.0
base,moving_average,2018-06-18,2018-07-02,3,SC,bed_bath_table,0.0
base,moving_average,2018-06-18,2018-07-09,4,SC,bed_bath_table,0.0
base,moving_average,2018-06-18,2018-06-18,1,SC,computers_accessories,0.0
base,moving_average,2018-06-18,2018-06-25,2,SC,computers_accessories,0.0
base,moving_average,2018-06-18,2018-07-02,3,SC,computers_accessories,0.0
base,moving_average,2018-06-18,2018-07-09,4,SC,computers_accessories,0.0
base,moving_average,2018-06-18,2018-06-18,1,SC,furniture_decor,0.0
base,moving_average,2018-06-18,2018-06-25,2,SC,furniture_decor,0.0
base,moving_average,2018-06-18,2018-07-02,3,SC,furniture_decor,0.0
base,moving_average,2018-06-18,2018-07-09,4,SC,furniture_decor,0.0
base,moving_average,2018-06-18,2018-06-18,1,SC,garden_tools,0.0
base,moving_average,2018-06-18,2018-06-25,2,SC,garden_tools,0.0
base,moving_average,2018-06-18,2018-07-02,3,SC,garden_tools,0.0
base,moving_average,2018-06-18,2018-07-09,4,SC,garden_tools,0.0
base,moving_average,2018-06-18,2018-06-18,1,SC,health_beauty,0.0
base,moving_average,2018-06-18,2018-06-25,2,SC,health_beauty,0.0
base,moving_average,2018-06-18,2018-07-02,3,SC,health_beauty,0.0
base,moving_average,2018-06-18,2018-07-09,4,SC,health_beauty,0.0
base,moving_average,2018-06-18,2018-06-18,1,SC,housewares,0.0
base,moving_average,2018-06-18,2018-06-25,2,SC,housewares,0.0
base,moving_average,2018-06-18,2018-07-02,3,SC,housewares,0.0
base,moving_average,2018-06-18,2018-07-09,4,SC,housewares,0.0
base,moving_average,2018-06-18,2018-06-18,1,SC,sports_leisure,0.0
base,moving_average,2018-06-18,2018-06-25,2,SC,sports_leisure,0.0
base,moving_average,2018-06-18,2018-07-02,3,SC,sports_leisure,0.0
base,moving_average,2018-06-18,2018-07-09,4,SC,sports_leisure,0.0
base,moving_average,2018-06-18,2018-06-18,1,SC,telephony,0.0
base,moving_average,2018-06-18,2018-06-25,2,SC,telephony,0.0
base,moving_average,2018-06-18,2018-07-02,3,SC,telephony,0.0
base,moving_average,2018-06-18,2018-07-09,4,SC,telephony,0.0
base,moving_average,2018-06-18,2018-06-18,1,SC,watches_gifts,0.0
base,moving_average,2018-06-18,2018-06-25,2,SC,watches_gifts,0.0
base,moving_average,2018-06-18,2018-07-02,3,SC,watches_gifts,0.0
base,moving_average,2018-06-18,2018-07-09,4,SC,watches_gifts,0.0
base,moving_average,2018-06-18,2018-06-18,1,SP,auto,21.0
base,moving_average,2018-06-18,2018-06-25,2,SP,auto,0.0
base,moving_average,2018-06-18,2018-07-02,3,SP,auto,0.0
base,moving_average,2018-06-18,2018-07-09,4,SP,auto,0.0
base,moving_average,2018-06-18,2018-06-18,1,SP,bed_bath_table,0.0
base,moving_average,2018-06-18,2018-06-25,2,SP,bed_bath_table,0.0
base,moving_average,2018-06-18,2018-07-02,3,SP,bed_bath_table,0.0
base,moving_average,2018-06-18,2018-07-09,4,SP,bed_bath_table,0.0
base,moving_average,2018-06-18,2018-06-18,1,SP,computers_accessories,31.0
base,moving_average,2018-06-18,2018-06-25,2,SP,computers_accessories,0.0
base,moving_average,2018-06-18,2018-07-02,3,SP,computers_accessories,0.0
base,moving_average,2018-06-18,2018-07-09,4,SP,computers_accessories,0.0
base,moving_average,2018-06-18,2018-06-18,1,SP,furniture_decor,21.0
base,moving_average,2018-06-18,2018-06-25,2,SP,furniture_decor,0.0
base,moving_average,2018-06-18,2018-07-02,3,SP,furniture_decor,0.0
base,moving_average,2018-06-18,2018-07-09,4,SP,furniture_decor,0.0
base,moving_average,2018-06-18,2018-06-18,1,SP,garden_tools,27.0
base,moving_average,2018-06-18,2018-06-25,2,SP,garden_tools,0.0
base,moving_average,2018-06-18,2018-07-02,3,SP,garden_tools,0.0
base,moving_average,2018-06-18,2018-07-09,4,SP,garden_tools,0.0
base,moving_average,2018-06-18,2018-06-18,1,SP,health_beauty,0.0
base,moving_average,2018-06-18,2018-06-25,2,SP,health_beauty,0.0
base,moving_average,2018-06-18,2018-07-02,3,SP,health_beauty,0.0
base,moving_average,2018-06-18,2018-07-09,4,SP,health_beauty,0.0
base,moving_average,2018-06-18,2018-06-18,1,SP,housewares,11.0
base,moving_average,2018-06-18,2018-06-25,2,SP,housewares,0.0
base,moving_average,2018-06-18,2018-07-02,3,SP,housewares,0.0
base,moving_average,2018-06-18,2018-07-09,4,SP,housewares,0.0
base,moving_average,2018-06-18,2018-06-18,1,SP,sports_leisure,0.0
base,moving_average,2018-06-18,2018-06-25,2,SP,sports_leisure,0.0
base,moving_average,2018-06-18,2018-07-02,3,SP,sports_leisure,0.0
base,moving_average,2018-06-18,2018-07-09,4,SP,sports_leisure,0.0
base,moving_average,2018-06-18,2018-06-18,1,SP,telephony,0.0
base,moving_average,2018-06-18,2018-06-25,2,SP,telephony,0.0
base,moving_average,2018-06-18,2018-07-02,3,SP,telephony,0.0
base,moving_average,2018-06-18,2018-07-09,4,SP,telephony,0.0
base,moving_average,2018-06-18,2018-06-18,1,SP,watches_gifts,0.0
base,moving_average,2018-06-18,2018-06-25,2,SP,watches_gifts,0.0
base,moving_average,2018-06-18,2018-07-02,3,SP,watches_gifts,0.0
base,moving_average,2018-06-18,2018-07-09,4,SP,watches_gifts,0.0
base,moving_average,2018-06-25,2018-06-25,1,MG,auto,0.0
base,moving_average,2018-06-25,2018-07-02,2,MG,auto,0.0
base,moving_average,2018-06-25,2018-07-09,3,MG,auto,0.0
base,moving_average,2018-06-25,2018-07-16,4,MG,auto,0.0
base,moving_average,2018-06-25,2018-06-25,1,MG,bed_bath_table,0.0
base,moving_average,2018-06-25,2018-07-02,2,MG,bed_bath_table,0.0
base,moving_average,2018-06-25,2018-07-09,3,MG,bed_bath_table,0.0
base,moving_average,2018-06-25,2018-07-16,4,MG,bed_bath_table,0.0
base,moving_average,2018-06-25,2018-06-25,1,MG,computers_accessories,0.0
base,moving_average,2018-06-25,2018-07-02,2,MG,computers_accessories,0.0
base,moving_average,2018-06-25,2018-07-09,3,MG,computers_accessories,0.0
base,moving_average,2018-06-25,2018-07-16,4,MG,computers_accessories,0.0
base,moving_average,2018-06-25,2018-06-25,1,MG,furniture_decor,3.0
base,moving_average,2018-06-25,2018-07-02,2,MG,furniture_decor,0.0
base,moving_average,2018-06-25,2018-07-09,3,MG,furniture_decor,0.0
base,moving_average,2018-06-25,2018-07-16,4,MG,furniture_decor,0.0
base,moving_average,2018-06-25,2018-06-25,1,MG,garden_tools,0.0
base,moving_average,2018-06-25,2018-07-02,2,MG,garden_tools,0.0
base,moving_average,2018-06-25,2018-07-09,3,MG,garden_tools,0.0
base,moving_average,2018-06-25,2018-07-16,4,MG,garden_tools,0.0
base,moving_average,2018-06-25,2018-06-25,1,MG,health_beauty,0.0
base,moving_average,2018-06-25,2018-07-02,2,MG,health_beauty,1.0
base,moving_average,2018-06-25,2018-07-09,3,MG,health_beauty,0.0
base,moving_average,2018-06-25,2018-07-16,4,MG,health_beauty,0.0
base,moving_average,2018-06-25,2018-06-25,1,MG,housewares,9.0
base,moving_average,2018-06-25,2018-07-02,2,MG,housewares,0.0
base,moving_average,2018-06-25,2018-07-09,3,MG,housewares,0.0
base,moving_average,2018-06-25,2018-07-16,4,MG,housewares,0.0
base,moving_average,2018-06-25,2018-06-25,1,MG,sports_leisure,0.0
base,moving_average,2018-06-25,2018-07-02,2,MG,sports_leisure,0.0
base,moving_average,2018-06-25,2018-07-09,3,MG,sports_leisure,0.0
base,moving_average,2018-06-25,2018-07-16,4,MG,sports_leisure,0.0
base,moving_average,2018-06-25,2018-06-25,1,MG,telephony,0.0
base,moving_average,2018-06-25,2018-07-02,2,MG,telephony,0.0
base,moving_average,2018-06-25,2018-07-09,3,MG,telephony,0.0
base,moving_average,2018-06-25,2018-07-16,4,MG,telephony,0.0
base,moving_average,2018-06-25,2018-06-25,1,MG,watches_gifts,0.0
base,moving_average,2018-06-25,2018-07-02,2,MG,watches_gifts,0.0
base,moving_average,2018-06-25,2018-07-09,3,MG,watches_gifts,0.0
base,moving_average,2018-06-25,2018-07-16,4,MG,watches_gifts,0.0
base,moving_average,2018-06-25,2018-06-25,1,PR,auto,0.0
base,moving_average,2018-06-25,2018-07-02,2,PR,auto,0.0
base,moving_average,2018-06-25,2018-07-09,3,PR,auto,0.0
base,moving_average,2018-06-25,2018-07-16,4,PR,auto,0.0
base,moving_average,2018-06-25,2018-06-25,1,PR,bed_bath_table,0.0
base,moving_average,2018-06-25,2018-07-02,2,PR,bed_bath_table,0.0
base,moving_average,2018-06-25,2018-07-09,3,PR,bed_bath_table,0.0
base,moving_average,2018-06-25,2018-07-16,4,PR,bed_bath_table,0.0
base,moving_average,2018-06-25,2018-06-25,1,PR,computers_accessories,0.0
base,moving_average,2018-06-25,2018-07-02,2,PR,computers_accessories,0.0
base,moving_average,2018-06-25,2018-07-09,3,PR,computers_accessories,0.0
base,moving_average,2018-06-25,2018-07-16,4,PR,computers_accessories,0.0
base,moving_average,2018-06-25,2018-06-25,1,PR,furniture_decor,0.0
base,moving_average,2018-06-25,2018-07-02,2,PR,furniture_decor,0.0
base,moving_average,2018-06-25,2018-07-09,3,PR,furniture_decor,0.0
base,moving_average,2018-06-25,2018-07-16,4,PR,furniture_decor,0.0
base,moving_average,2018-06-25,2018-06-25,1,PR,garden_tools,0.0
base,moving_average,2018-06-25,2018-07-02,2,PR,garden_tools,0.0
base,moving_average,2018-06-25,2018-07-09,3,PR,garden_tools,0.0
base,moving_average,2018-06-25,2018-07-16,4,PR,garden_tools,0.0
base,moving_average,2018-06-25,2018-06-25,1,PR,health_beauty,0.0
base,moving_average,2018-06-25,2018-07-02,2,PR,health_beauty,0.0
base,moving_average,2018-06-25,2018-07-09,3,PR,health_beauty,0.0
base,moving_average,2018-06-25,2018-07-16,4,PR,health_beauty,0.0
base,moving_average,2018-06-25,2018-06-25,1,PR,housewares,0.0
base,moving_average,2018-06-25,2018-07-02,2,PR,housewares,0.0
base,moving_average,2018-06-25,2018-07-09,3,PR,housewares,0.0
base,moving_average,2018-06-25,2018-07-16,4,PR,housewares,0.0
base,moving_average,2018-06-25,2018-06-25,1,PR,sports_leisure,0.0
base,moving_average,2018-06-25,2018-07-02,2,PR,sports_leisure,0.0
base,moving_average,2018-06-25,2018-07-09,3,PR,sports_leisure,0.0
base,moving_average,2018-06-25,2018-07-16,4,PR,sports_leisure,0.0
base,moving_average,2018-06-25,2018-06-25,1,PR,telephony,0.0
base,moving_average,2018-06-25,2018-07-02,2,PR,telephony,0.0
base,moving_average,2018-06-25,2018-07-09,3,PR,telephony,0.0
base,moving_average,2018-06-25,2018-07-16,4,PR,telephony,0.0
base,moving_average,2018-06-25,2018-06-25,1,PR,watches_gifts,0.0
base,moving_average,2018-06-25,2018-07-02,2,PR,watches_gifts,0.0
base,moving_average,2018-06-25,2018-07-09,3,PR,watches_gifts,0.0
base,moving_average,2018-06-25,2018-07-16,4,PR,watches_gifts,0.0
base,moving_average,2018-06-25,2018-06-25,1,RJ,auto,0.0
base,moving_average,2018-06-25,2018-07-02,2,RJ,auto,0.0
base,moving_average,2018-06-25,2018-07-09,3,RJ,auto,0.0
base,moving_average,2018-06-25,2018-07-16,4,RJ,auto,0.0
base,moving_average,2018-06-25,2018-06-25,1,RJ,bed_bath_table,0.0
base,moving_average,2018-06-25,2018-07-02,2,RJ,bed_bath_table,0.0
base,moving_average,2018-06-25,2018-07-09,3,RJ,bed_bath_table,0.0
base,moving_average,2018-06-25,2018-07-16,4,RJ,bed_bath_table,0.0
base,moving_average,2018-06-25,2018-06-25,1,RJ,computers_accessories,0.0
base,moving_average,2018-06-25,2018-07-02,2,RJ,computers_accessories,0.0
base,moving_average,2018-06-25,2018-07-09,3,RJ,computers_accessories,0.0
base,moving_average,2018-06-25,2018-07-16,4,RJ,computers_accessories,0.0
base,moving_average,2018-06-25,2018-06-25,1,RJ,furniture_decor,3.0
base,moving_average,2018-06-25,2018-07-02,2,RJ,furniture_decor,0.0
base,moving_average,2018-06-25,2018-07-09,3,RJ,furniture_decor,0.0
base,moving_average,2018-06-25,2018-07-16,4,RJ,furniture_decor,0.0
base,moving_average,2018-06-25,2018-06-25,1,RJ,garden_tools,5.0
base,moving_average,2018-06-25,2018-07-02,2,RJ,garden_tools,2.0
base,moving_average,2018-06-25,2018-07-09,3,RJ,garden_tools,1.0
base,moving_average,2018-06-25,2018-07-16,4,RJ,garden_tools,0.0
base,moving_average,2018-06-25,2018-06-25,1,RJ,health_beauty,0.0
base,moving_average,2018-06-25,2018-07-02,2,RJ,health_beauty,0.0
base,moving_average,2018-06-25,2018-07-09,3,RJ,health_beauty,0.0
base,moving_average,2018-06-25,2018-07-16,4,RJ,health_beauty,0.0
base,moving_average,2018-06-25,2018-06-25,1,RJ,housewares,0.0
base,moving_average,2018-06-25,2018-07-02,2,RJ,housewares,0.0
base,moving_average,2018-06-25,2018-07-09,3,RJ,housewares,0.0
base,moving_average,2018-06-25,2018-07-16,4,RJ,housewares,0.0
base,moving_average,2018-06-25,2018-06-25,1,RJ,sports_leisure,0.0
base,moving_average,2018-06-25,2018-07-02,2,RJ,sports_leisure,0.0
base,moving_average,2018-06-25,2018-07-09,3,RJ,sports_leisure,0.0
base,moving_average,2018-06-25,2018-07-16,4,RJ,sports_leisure,0.0
base,moving_average,2018-06-25,2018-06-25,1,RJ,telephony,0.0
base,moving_average,2018-06-25,2018-07-02,2,RJ,telephony,0.0
base,moving_average,2018-06-25,2018-07-09,3,RJ,telephony,0.0
base,moving_average,2018-06-25,2018-07-16,4,RJ,telephony,0.0
base,moving_average,2018-06-25,2018-06-25,1,RJ,watches_gifts,7.0
base,moving_average,2018-06-25,2018-07-02,2,RJ,watches_gifts,0.0
base,moving_average,2018-06-25,2018-07-09,3,RJ,watches_gifts,0.0
base,moving_average,2018-06-25,2018-07-16,4,RJ,watches_gifts,0.0
base,moving_average,2018-06-25,2018-06-25,1,RS,auto,0.0
base,moving_average,2018-06-25,2018-07-02,2,RS,auto,0.0
base,moving_average,2018-06-25,2018-07-09,3,RS,auto,0.0
base,moving_average,2018-06-25,2018-07-16,4,RS,auto,0.0
base,moving_average,2018-06-25,2018-06-25,1,RS,bed_bath_table,0.0
base,moving_average,2018-06-25,2018-07-02,2,RS,bed_bath_table,0.0
base,moving_average,2018-06-25,2018-07-09,3,RS,bed_bath_table,0.0
base,moving_average,2018-06-25,2018-07-16,4,RS,bed_bath_table,0.0
base,moving_average,2018-06-25,2018-06-25,1,RS,computers_accessories,0.0
base,moving_average,2018-06-25,2018-07-02,2,RS,computers_accessories,0.0
base,moving_average,2018-06-25,2018-07-09,3,RS,computers_accessories,0.0
base,moving_average,2018-06-25,2018-07-16,4,RS,computers_accessories,0.0
base,moving_average,2018-06-25,2018-06-25,1,RS,furniture_decor,1.0
base,moving_average,2018-06-25,2018-07-02,2,RS,furniture_decor,0.0
base,moving_average,2018-06-25,2018-07-09,3,RS,furniture_decor,0.0
base,moving_average,2018-06-25,2018-07-16,4,RS,furniture_decor,0.0
base,moving_average,2018-06-25,2018-06-25,1,RS,garden_tools,2.0
base,moving_average,2018-06-25,2018-07-02,2,RS,garden_tools,0.0
base,moving_average,2018-06-25,2018-07-09,3,RS,garden_tools,0.0
base,moving_average,2018-06-25,2018-07-16,4,RS,garden_tools,0.0
base,moving_average,2018-06-25,2018-06-25,1,RS,health_beauty,0.0
base,moving_average,2018-06-25,2018-07-02,2,RS,health_beauty,0.0
base,moving_average,2018-06-25,2018-07-09,3,RS,health_beauty,0.0
base,moving_average,2018-06-25,2018-07-16,4,RS,health_beauty,0.0
base,moving_average,2018-06-25,2018-06-25,1,RS,housewares,5.0
base,moving_average,2018-06-25,2018-07-02,2,RS,housewares,0.0
base,moving_average,2018-06-25,2018-07-09,3,RS,housewares,0.0
base,moving_average,2018-06-25,2018-07-16,4,RS,housewares,0.0
base,moving_average,2018-06-25,2018-06-25,1,RS,sports_leisure,0.0
base,moving_average,2018-06-25,2018-07-02,2,RS,sports_leisure,0.0
base,moving_average,2018-06-25,2018-07-09,3,RS,sports_leisure,0.0
base,moving_average,2018-06-25,2018-07-16,4,RS,sports_leisure,0.0
base,moving_average,2018-06-25,2018-06-25,1,RS,telephony,0.0
base,moving_average,2018-06-25,2018-07-02,2,RS,telephony,0.0
base,moving_average,2018-06-25,2018-07-09,3,RS,telephony,0.0
base,moving_average,2018-06-25,2018-07-16,4,RS,telephony,0.0
base,moving_average,2018-06-25,2018-06-25,1,RS,watches_gifts,0.0
base,moving_average,2018-06-25,2018-07-02,2,RS,watches_gifts,0.0
base,moving_average,2018-06-25,2018-07-09,3,RS,watches_gifts,0.0
base,moving_average,2018-06-25,2018-07-16,4,RS,watches_gifts,0.0
base,moving_average,2018-06-25,2018-06-25,1,SC,auto,0.0
base,moving_average,2018-06-25,2018-07-02,2,SC,auto,0.0
base,moving_average,2018-06-25,2018-07-09,3,SC,auto,0.0
base,moving_average,2018-06-25,2018-07-16,4,SC,auto,0.0
base,moving_average,2018-06-25,2018-06-25,1,SC,bed_bath_table,0.0
base,moving_average,2018-06-25,2018-07-02,2,SC,bed_bath_table,0.0
base,moving_average,2018-06-25,2018-07-09,3,SC,bed_bath_table,0.0
base,moving_average,2018-06-25,2018-07-16,4,SC,bed_bath_table,0.0
base,moving_average,2018-06-25,2018-06-25,1,SC,computers_accessories,0.0
base,moving_average,2018-06-25,2018-07-02,2,SC,computers_accessories,0.0
base,moving_average,2018-06-25,2018-07-09,3,SC,computers_accessories,0.0
base,moving_average,2018-06-25,2018-07-16,4,SC,computers_accessories,0.0
base,moving_average,2018-06-25,2018-06-25,1,SC,furniture_decor,0.0
base,moving_average,2018-06-25,2018-07-02,2,SC,furniture_decor,0.0
base,moving_average,2018-06-25,2018-07-09,3,SC,furniture_decor,0.0
base,moving_average,2018-06-25,2018-07-16,4,SC,furniture_decor,0.0
base,moving_average,2018-06-25,2018-06-25,1,SC,garden_tools,10.0
base,moving_average,2018-06-25,2018-07-02,2,SC,garden_tools,2.0
base,moving_average,2018-06-25,2018-07-09,3,SC,garden_tools,0.0
base,moving_average,2018-06-25,2018-07-16,4,SC,garden_tools,0.0
base,moving_average,2018-06-25,2018-06-25,1,SC,health_beauty,0.0
base,moving_average,2018-06-25,2018-07-02,2,SC,health_beauty,0.0
base,moving_average,2018-06-25,2018-07-09,3,SC,health_beauty,0.0
base,moving_average,2018-06-25,2018-07-16,4,SC,health_beauty,0.0
base,moving_average,2018-06-25,2018-06-25,1,SC,housewares,5.0
base,moving_average,2018-06-25,2018-07-02,2,SC,housewares,0.0
base,moving_average,2018-06-25,2018-07-09,3,SC,housewares,0.0
base,moving_average,2018-06-25,2018-07-16,4,SC,housewares,0.0
base,moving_average,2018-06-25,2018-06-25,1,SC,sports_leisure,0.0
base,moving_average,2018-06-25,2018-07-02,2,SC,sports_leisure,0.0
base,moving_average,2018-06-25,2018-07-09,3,SC,sports_leisure,0.0
base,moving_average,2018-06-25,2018-07-16,4,SC,sports_leisure,0.0
base,moving_average,2018-06-25,2018-06-25,1,SC,telephony,0.0
base,moving_average,2018-06-25,2018-07-02,2,SC,telephony,0.0
base,moving_average,2018-06-25,2018-07-09,3,SC,telephony,0.0
base,moving_average,2018-06-25,2018-07-16,4,SC,telephony,0.0
base,moving_average,2018-06-25,2018-06-25,1,SC,watches_gifts,0.0
base,moving_average,2018-06-25,2018-07-02,2,SC,watches_gifts,0.0
base,moving_average,2018-06-25,2018-07-09,3,SC,watches_gifts,0.0
base,moving_average,2018-06-25,2018-07-16,4,SC,watches_gifts,0.0
base,moving_average,2018-06-25,2018-06-25,1,SP,auto,0.0
base,moving_average,2018-06-25,2018-07-02,2,SP,auto,0.0
base,moving_average,2018-06-25,2018-07-09,3,SP,auto,0.0
base,moving_average,2018-06-25,2018-07-16,4,SP,auto,0.0
base,moving_average,2018-06-25,2018-06-25,1,SP,bed_bath_table,0.0
base,moving_average,2018-06-25,2018-07-02,2,SP,bed_bath_table,0.0
base,moving_average,2018-06-25,2018-07-09,3,SP,bed_bath_table,0.0
base,moving_average,2018-06-25,2018-07-16,4,SP,bed_bath_table,0.0
base,moving_average,2018-06-25,2018-06-25,1,SP,computers_accessories,0.0
base,moving_average,2018-06-25,2018-07-02,2,SP,computers_accessories,0.0
base,moving_average,2018-06-25,2018-07-09,3,SP,computers_accessories,0.0
base,moving_average,2018-06-25,2018-07-16,4,SP,computers_accessories,0.0
base,moving_average,2018-06-25,2018-06-25,1,SP,furniture_decor,23.0
base,moving_average,2018-06-25,2018-07-02,2,SP,furniture_decor,0.0
base,moving_average,2018-06-25,2018-07-09,3,SP,furniture_decor,0.0
base,moving_average,2018-06-25,2018-07-16,4,SP,furniture_decor,0.0
base,moving_average,2018-06-25,2018-06-25,1,SP,garden_tools,16.0
base,moving_average,2018-06-25,2018-07-02,2,SP,garden_tools,0.0
base,moving_average,2018-06-25,2018-07-09,3,SP,garden_tools,0.0
base,moving_average,2018-06-25,2018-07-16,4,SP,garden_tools,0.0
base,moving_average,2018-06-25,2018-06-25,1,SP,health_beauty,0.0
base,moving_average,2018-06-25,2018-07-02,2,SP,health_beauty,0.0
base,moving_average,2018-06-25,2018-07-09,3,SP,health_beauty,0.0
base,moving_average,2018-06-25,2018-07-16,4,SP,health_beauty,0.0
base,moving_average,2018-06-25,2018-06-25,1,SP,housewares,22.0
base,moving_average,2018-06-25,2018-07-02,2,SP,housewares,0.0
base,moving_average,2018-06-25,2018-07-09,3,SP,housewares,0.0
base,moving_average,2018-06-25,2018-07-16,4,SP,housewares,0.0
base,moving_average,2018-06-25,2018-06-25,1,SP,sports_leisure,0.0
base,moving_average,2018-06-25,2018-07-02,2,SP,sports_leisure,0.0
base,moving_average,2018-06-25,2018-07-09,3,SP,sports_leisure,0.0
base,moving_average,2018-06-25,2018-07-16,4,SP,sports_leisure,0.0
base,moving_average,2018-06-25,2018-06-25,1,SP,telephony,0.0
base,moving_average,2018-06-25,2018-07-02,2,SP,telephony,0.0
base,moving_average,2018-06-25,2018-07-09,3,SP,telephony,0.0
base,moving_average,2018-06-25,2018-07-16,4,SP,telephony,0.0
base,moving_average,2018-06-25,2018-06-25,1,SP,watches_gifts,0.0
base,moving_average,2018-06-25,2018-07-02,2,SP,watches_gifts,0.0
base,moving_average,2018-06-25,2018-07-09,3,SP,watches_gifts,0.0
base,moving_average,2018-06-25,2018-07-16,4,SP,watches_gifts,0.0
base,moving_average,2018-07-02,2018-07-02,1,MG,auto,0.0
base,moving_average,2018-07-02,2018-07-09,2,MG,auto,0.0
base,moving_average,2018-07-02,2018-07-16,3,MG,auto,0.0
base,moving_average,2018-07-02,2018-07-23,4,MG,auto,0.0
base,moving_average,2018-07-02,2018-07-02,1,MG,bed_bath_table,0.0
base,moving_average,2018-07-02,2018-07-09,2,MG,bed_bath_table,0.0
base,moving_average,2018-07-02,2018-07-16,3,MG,bed_bath_table,1.0
base,moving_average,2018-07-02,2018-07-23,4,MG,bed_bath_table,0.0
base,moving_average,2018-07-02,2018-07-02,1,MG,computers_accessories,0.0
base,moving_average,2018-07-02,2018-07-09,2,MG,computers_accessories,0.0
base,moving_average,2018-07-02,2018-07-16,3,MG,computers_accessories,0.0
base,moving_average,2018-07-02,2018-07-23,4,MG,computers_accessories,0.0
base,moving_average,2018-07-02,2018-07-02,1,MG,furniture_decor,0.0
base,moving_average,2018-07-02,2018-07-09,2,MG,furniture_decor,0.0
base,moving_average,2018-07-02,2018-07-16,3,MG,furniture_decor,0.0
base,moving_average,2018-07-02,2018-07-23,4,MG,furniture_decor,0.0
base,moving_average,2018-07-02,2018-07-02,1,MG,garden_tools,0.0
base,moving_average,2018-07-02,2018-07-09,2,MG,garden_tools,0.0
base,moving_average,2018-07-02,2018-07-16,3,MG,garden_tools,0.0
base,moving_average,2018-07-02,2018-07-23,4,MG,garden_tools,0.0
base,moving_average,2018-07-02,2018-07-02,1,MG,health_beauty,14.0
base,moving_average,2018-07-02,2018-07-09,2,MG,health_beauty,3.0
base,moving_average,2018-07-02,2018-07-16,3,MG,health_beauty,0.0
base,moving_average,2018-07-02,2018-07-23,4,MG,health_beauty,0.0
base,moving_average,2018-07-02,2018-07-02,1,MG,housewares,8.0
base,moving_average,2018-07-02,2018-07-09,2,MG,housewares,0.0
base,moving_average,2018-07-02,2018-07-16,3,MG,housewares,0.0
base,moving_average,2018-07-02,2018-07-23,4,MG,housewares,0.0
base,moving_average,2018-07-02,2018-07-02,1,MG,sports_leisure,5.0
base,moving_average,2018-07-02,2018-07-09,2,MG,sports_leisure,0.0
base,moving_average,2018-07-02,2018-07-16,3,MG,sports_leisure,0.0
base,moving_average,2018-07-02,2018-07-23,4,MG,sports_leisure,0.0
base,moving_average,2018-07-02,2018-07-02,1,MG,telephony,6.0
base,moving_average,2018-07-02,2018-07-09,2,MG,telephony,3.0
base,moving_average,2018-07-02,2018-07-16,3,MG,telephony,0.0
base,moving_average,2018-07-02,2018-07-23,4,MG,telephony,0.0
base,moving_average,2018-07-02,2018-07-02,1,MG,watches_gifts,0.0
base,moving_average,2018-07-02,2018-07-09,2,MG,watches_gifts,0.0
base,moving_average,2018-07-02,2018-07-16,3,MG,watches_gifts,0.0
base,moving_average,2018-07-02,2018-07-23,4,MG,watches_gifts,0.0
base,moving_average,2018-07-02,2018-07-02,1,PR,auto,0.0
base,moving_average,2018-07-02,2018-07-09,2,PR,auto,0.0
base,moving_average,2018-07-02,2018-07-16,3,PR,auto,0.0
base,moving_average,2018-07-02,2018-07-23,4,PR,auto,0.0
base,moving_average,2018-07-02,2018-07-02,1,PR,bed_bath_table,0.0
base,moving_average,2018-07-02,2018-07-09,2,PR,bed_bath_table,0.0
base,moving_average,2018-07-02,2018-07-16,3,PR,bed_bath_table,0.0
base,moving_average,2018-07-02,2018-07-23,4,PR,bed_bath_table,0.0
base,moving_average,2018-07-02,2018-07-02,1,PR,computers_accessories,0.0
base,moving_average,2018-07-02,2018-07-09,2,PR,computers_accessories,0.0
base,moving_average,2018-07-02,2018-07-16,3,PR,computers_accessories,0.0
base,moving_average,2018-07-02,2018-07-23,4,PR,computers_accessories,0.0
base,moving_average,2018-07-02,2018-07-02,1,PR,furniture_decor,0.0
base,moving_average,2018-07-02,2018-07-09,2,PR,furniture_decor,0.0
base,moving_average,2018-07-02,2018-07-16,3,PR,furniture_decor,0.0
base,moving_average,2018-07-02,2018-07-23,4,PR,furniture_decor,0.0
base,moving_average,2018-07-02,2018-07-02,1,PR,garden_tools,0.0
base,moving_average,2018-07-02,2018-07-09,2,PR,garden_tools,0.0
base,moving_average,2018-07-02,2018-07-16,3,PR,garden_tools,0.0
base,moving_average,2018-07-02,2018-07-23,4,PR,garden_tools,0.0
base,moving_average,2018-07-02,2018-07-02,1,PR,health_beauty,0.0
base,moving_average,2018-07-02,2018-07-09,2,PR,health_beauty,0.0
base,moving_average,2018-07-02,2018-07-16,3,PR,health_beauty,0.0
base,moving_average,2018-07-02,2018-07-23,4,PR,health_beauty,0.0
base,moving_average,2018-07-02,2018-07-02,1,PR,housewares,0.0
base,moving_average,2018-07-02,2018-07-09,2,PR,housewares,0.0
base,moving_average,2018-07-02,2018-07-16,3,PR,housewares,0.0
base,moving_average,2018-07-02,2018-07-23,4,PR,housewares,0.0
base,moving_average,2018-07-02,2018-07-02,1,PR,sports_leisure,0.0
base,moving_average,2018-07-02,2018-07-09,2,PR,sports_leisure,0.0
base,moving_average,2018-07-02,2018-07-16,3,PR,sports_leisure,0.0
base,moving_average,2018-07-02,2018-07-23,4,PR,sports_leisure,0.0
base,moving_average,2018-07-02,2018-07-02,1,PR,telephony,0.0
base,moving_average,2018-07-02,2018-07-09,2,PR,telephony,0.0
base,moving_average,2018-07-02,2018-07-16,3,PR,telephony,0.0
base,moving_average,2018-07-02,2018-07-23,4,PR,telephony,0.0
base,moving_average,2018-07-02,2018-07-02,1,PR,watches_gifts,0.0
base,moving_average,2018-07-02,2018-07-09,2,PR,watches_gifts,0.0
base,moving_average,2018-07-02,2018-07-16,3,PR,watches_gifts,0.0
base,moving_average,2018-07-02,2018-07-23,4,PR,watches_gifts,0.0
base,moving_average,2018-07-02,2018-07-02,1,RJ,auto,0.0
base,moving_average,2018-07-02,2018-07-09,2,RJ,auto,0.0
base,moving_average,2018-07-02,2018-07-16,3,RJ,auto,0.0
base,moving_average,2018-07-02,2018-07-23,4,RJ,auto,0.0
base,moving_average,2018-07-02,2018-07-02,1,RJ,bed_bath_table,0.0
base,moving_average,2018-07-02,2018-07-09,2,RJ,bed_bath_table,0.0
base,moving_average,2018-07-02,2018-07-16,3,RJ,bed_bath_table,0.0
base,moving_average,2018-07-02,2018-07-23,4,RJ,bed_bath_table,0.0
base,moving_average,2018-07-02,2018-07-02,1,RJ,computers_accessories,0.0
base,moving_average,2018-07-02,2018-07-09,2,RJ,computers_accessories,0.0
base,moving_average,2018-07-02,2018-07-16,3,RJ,computers_accessories,0.0
base,moving_average,2018-07-02,2018-07-23,4,RJ,computers_accessories,0.0
base,moving_average,2018-07-02,2018-07-02,1,RJ,furniture_decor,0.0
base,moving_average,2018-07-02,2018-07-09,2,RJ,furniture_decor,0.0
base,moving_average,2018-07-02,2018-07-16,3,RJ,furniture_decor,0.0
base,moving_average,2018-07-02,2018-07-23,4,RJ,furniture_decor,0.0
base,moving_average,2018-07-02,2018-07-02,1,RJ,garden_tools,0.0
base,moving_average,2018-07-02,2018-07-09,2,RJ,garden_tools,0.0
base,moving_average,2018-07-02,2018-07-16,3,RJ,garden_tools,0.0
base,moving_average,2018-07-02,2018-07-23,4,RJ,garden_tools,0.0
base,moving_average,2018-07-02,2018-07-02,1,RJ,health_beauty,12.0
base,moving_average,2018-07-02,2018-07-09,2,RJ,health_beauty,5.0
base,moving_average,2018-07-02,2018-07-16,3,RJ,health_beauty,5.0
base,moving_average,2018-07-02,2018-07-23,4,RJ,health_beauty,0.0
base,moving_average,2018-07-02,2018-07-02,1,RJ,housewares,0.0
base,moving_average,2018-07-02,2018-07-09,2,RJ,housewares,0.0
base,moving_average,2018-07-02,2018-07-16,3,RJ,housewares,0.0
base,moving_average,2018-07-02,2018-07-23,4,RJ,housewares,0.0
base,moving_average,2018-07-02,2018-07-02,1,RJ,sports_leisure,0.0
base,moving_average,2018-07-02,2018-07-09,2,RJ,sports_leisure,0.0
base,moving_average,2018-07-02,2018-07-16,3,RJ,sports_leisure,0.0
base,moving_average,2018-07-02,2018-07-23,4,RJ,sports_leisure,0.0
base,moving_average,2018-07-02,2018-07-02,1,RJ,telephony,3.0
base,moving_average,2018-07-02,2018-07-09,2,RJ,telephony,1.0
base,moving_average,2018-07-02,2018-07-16,3,RJ,telephony,0.0
base,moving_average,2018-07-02,2018-07-23,4,RJ,telephony,0.0
base,moving_average,2018-07-02,2018-07-02,1,RJ,watches_gifts,8.0
base,moving_average,2018-07-02,2018-07-09,2,RJ,watches_gifts,0.0
base,moving_average,2018-07-02,2018-07-16,3,RJ,watches_gifts,0.0
base,moving_average,2018-07-02,2018-07-23,4,RJ,watches_gifts,0.0
base,moving_average,2018-07-02,2018-07-02,1,RS,auto,0.0
base,moving_average,2018-07-02,2018-07-09,2,RS,auto,0.0
base,moving_average,2018-07-02,2018-07-16,3,RS,auto,0.0
base,moving_average,2018-07-02,2018-07-23,4,RS,auto,0.0
base,moving_average,2018-07-02,2018-07-02,1,RS,bed_bath_table,0.0
base,moving_average,2018-07-02,2018-07-09,2,RS,bed_bath_table,0.0
base,moving_average,2018-07-02,2018-07-16,3,RS,bed_bath_table,0.0
base,moving_average,2018-07-02,2018-07-23,4,RS,bed_bath_table,0.0
base,moving_average,2018-07-02,2018-07-02,1,RS,computers_accessories,0.0
base,moving_average,2018-07-02,2018-07-09,2,RS,computers_accessories,0.0
base,moving_average,2018-07-02,2018-07-16,3,RS,computers_accessories,0.0
base,moving_average,2018-07-02,2018-07-23,4,RS,computers_accessories,0.0
base,moving_average,2018-07-02,2018-07-02,1,RS,furniture_decor,0.0
base,moving_average,2018-07-02,2018-07-09,2,RS,furniture_decor,0.0
base,moving_average,2018-07-02,2018-07-16,3,RS,furniture_decor,0.0
base,moving_average,2018-07-02,2018-07-23,4,RS,furniture_decor,0.0
base,moving_average,2018-07-02,2018-07-02,1,RS,garden_tools,0.0
base,moving_average,2018-07-02,2018-07-09,2,RS,garden_tools,0.0
base,moving_average,2018-07-02,2018-07-16,3,RS,garden_tools,0.0
base,moving_average,2018-07-02,2018-07-23,4,RS,garden_tools,0.0
base,moving_average,2018-07-02,2018-07-02,1,RS,health_beauty,0.0
base,moving_average,2018-07-02,2018-07-09,2,RS,health_beauty,0.0
base,moving_average,2018-07-02,2018-07-16,3,RS,health_beauty,0.0
base,moving_average,2018-07-02,2018-07-23,4,RS,health_beauty,0.0
base,moving_average,2018-07-02,2018-07-02,1,RS,housewares,0.0
base,moving_average,2018-07-02,2018-07-09,2,RS,housewares,0.0
base,moving_average,2018-07-02,2018-07-16,3,RS,housewares,0.0
base,moving_average,2018-07-02,2018-07-23,4,RS,housewares,0.0
base,moving_average,2018-07-02,2018-07-02,1,RS,sports_leisure,0.0
base,moving_average,2018-07-02,2018-07-09,2,RS,sports_leisure,0.0
base,moving_average,2018-07-02,2018-07-16,3,RS,sports_leisure,0.0
base,moving_average,2018-07-02,2018-07-23,4,RS,sports_leisure,0.0
base,moving_average,2018-07-02,2018-07-02,1,RS,telephony,0.0
base,moving_average,2018-07-02,2018-07-09,2,RS,telephony,0.0
base,moving_average,2018-07-02,2018-07-16,3,RS,telephony,0.0
base,moving_average,2018-07-02,2018-07-23,4,RS,telephony,0.0
base,moving_average,2018-07-02,2018-07-02,1,RS,watches_gifts,0.0
base,moving_average,2018-07-02,2018-07-09,2,RS,watches_gifts,0.0
base,moving_average,2018-07-02,2018-07-16,3,RS,watches_gifts,0.0
base,moving_average,2018-07-02,2018-07-23,4,RS,watches_gifts,0.0
base,moving_average,2018-07-02,2018-07-02,1,SC,auto,0.0
base,moving_average,2018-07-02,2018-07-09,2,SC,auto,0.0
base,moving_average,2018-07-02,2018-07-16,3,SC,auto,0.0
base,moving_average,2018-07-02,2018-07-23,4,SC,auto,0.0
base,moving_average,2018-07-02,2018-07-02,1,SC,bed_bath_table,1.0
base,moving_average,2018-07-02,2018-07-09,2,SC,bed_bath_table,0.0
base,moving_average,2018-07-02,2018-07-16,3,SC,bed_bath_table,0.0
base,moving_average,2018-07-02,2018-07-23,4,SC,bed_bath_table,0.0
base,moving_average,2018-07-02,2018-07-02,1,SC,computers_accessories,0.0
base,moving_average,2018-07-02,2018-07-09,2,SC,computers_accessories,0.0
base,moving_average,2018-07-02,2018-07-16,3,SC,computers_accessories,0.0
base,moving_average,2018-07-02,2018-07-23,4,SC,computers_accessories,0.0
base,moving_average,2018-07-02,2018-07-02,1,SC,furniture_decor,0.0
base,moving_average,2018-07-02,2018-07-09,2,SC,furniture_decor,0.0
base,moving_average,2018-07-02,2018-07-16,3,SC,furniture_decor,0.0
base,moving_average,2018-07-02,2018-07-23,4,SC,furniture_decor,0.0
base,moving_average,2018-07-02,2018-07-02,1,SC,garden_tools,0.0
base,moving_average,2018-07-02,2018-07-09,2,SC,garden_tools,0.0
base,moving_average,2018-07-02,2018-07-16,3,SC,garden_tools,0.0
base,moving_average,2018-07-02,2018-07-23,4,SC,garden_tools,0.0
base,moving_average,2018-07-02,2018-07-02,1,SC,health_beauty,0.0
base,moving_average,2018-07-02,2018-07-09,2,SC,health_beauty,0.0
base,moving_average,2018-07-02,2018-07-16,3,SC,health_beauty,0.0
base,moving_average,2018-07-02,2018-07-23,4,SC,health_beauty,0.0
base,moving_average,2018-07-02,2018-07-02,1,SC,housewares,3.0
base,moving_average,2018-07-02,2018-07-09,2,SC,housewares,0.0
base,moving_average,2018-07-02,2018-07-16,3,SC,housewares,0.0
base,moving_average,2018-07-02,2018-07-23,4,SC,housewares,0.0
base,moving_average,2018-07-02,2018-07-02,1,SC,sports_leisure,4.0
base,moving_average,2018-07-02,2018-07-09,2,SC,sports_leisure,0.0
base,moving_average,2018-07-02,2018-07-16,3,SC,sports_leisure,0.0
base,moving_average,2018-07-02,2018-07-23,4,SC,sports_leisure,0.0
base,moving_average,2018-07-02,2018-07-02,1,SC,telephony,0.0
base,moving_average,2018-07-02,2018-07-09,2,SC,telephony,0.0
base,moving_average,2018-07-02,2018-07-16,3,SC,telephony,0.0
base,moving_average,2018-07-02,2018-07-23,4,SC,telephony,0.0
base,moving_average,2018-07-02,2018-07-02,1,SC,watches_gifts,2.0
base,moving_average,2018-07-02,2018-07-09,2,SC,watches_gifts,0.0
base,moving_average,2018-07-02,2018-07-16,3,SC,watches_gifts,0.0
base,moving_average,2018-07-02,2018-07-23,4,SC,watches_gifts,0.0
base,moving_average,2018-07-02,2018-07-02,1,SP,auto,1.0
base,moving_average,2018-07-02,2018-07-09,2,SP,auto,0.0
base,moving_average,2018-07-02,2018-07-16,3,SP,auto,0.0
base,moving_average,2018-07-02,2018-07-23,4,SP,auto,0.0
base,moving_average,2018-07-02,2018-07-02,1,SP,bed_bath_table,37.0
base,moving_average,2018-07-02,2018-07-09,2,SP,bed_bath_table,0.0
base,moving_average,2018-07-02,2018-07-16,3,SP,bed_bath_table,0.0
base,moving_average,2018-07-02,2018-07-23,4,SP,bed_bath_table,0.0
base,moving_average,2018-07-02,2018-07-02,1,SP,computers_accessories,0.0
base,moving_average,2018-07-02,2018-07-09,2,SP,computers_accessories,0.0
base,moving_average,2018-07-02,2018-07-16,3,SP,computers_accessories,0.0
base,moving_average,2018-07-02,2018-07-23,4,SP,computers_accessories,0.0
base,moving_average,2018-07-02,2018-07-02,1,SP,furniture_decor,0.0
base,moving_average,2018-07-02,2018-07-09,2,SP,furniture_decor,0.0
base,moving_average,2018-07-02,2018-07-16,3,SP,furniture_decor,0.0
base,moving_average,2018-07-02,2018-07-23,4,SP,furniture_decor,0.0
base,moving_average,2018-07-02,2018-07-02,1,SP,garden_tools,0.0
base,moving_average,2018-07-02,2018-07-09,2,SP,garden_tools,0.0
base,moving_average,2018-07-02,2018-07-16,3,SP,garden_tools,0.0
base,moving_average,2018-07-02,2018-07-23,4,SP,garden_tools,0.0
base,moving_average,2018-07-02,2018-07-02,1,SP,health_beauty,0.0
base,moving_average,2018-07-02,2018-07-09,2,SP,health_beauty,5.0
base,moving_average,2018-07-02,2018-07-16,3,SP,health_beauty,0.0
base,moving_average,2018-07-02,2018-07-23,4,SP,health_beauty,0.0
base,moving_average,2018-07-02,2018-07-02,1,SP,housewares,11.0
base,moving_average,2018-07-02,2018-07-09,2,SP,housewares,0.0
base,moving_average,2018-07-02,2018-07-16,3,SP,housewares,0.0
base,moving_average,2018-07-02,2018-07-23,4,SP,housewares,0.0
base,moving_average,2018-07-02,2018-07-02,1,SP,sports_leisure,0.0
base,moving_average,2018-07-02,2018-07-09,2,SP,sports_leisure,0.0
base,moving_average,2018-07-02,2018-07-16,3,SP,sports_leisure,0.0
base,moving_average,2018-07-02,2018-07-23,4,SP,sports_leisure,0.0
base,moving_average,2018-07-02,2018-07-02,1,SP,telephony,18.0
base,moving_average,2018-07-02,2018-07-09,2,SP,telephony,0.0
base,moving_average,2018-07-02,2018-07-16,3,SP,telephony,0.0
base,moving_average,2018-07-02,2018-07-23,4,SP,telephony,0.0
base,moving_average,2018-07-02,2018-07-02,1,SP,watches_gifts,33.0
base,moving_average,2018-07-02,2018-07-09,2,SP,watches_gifts,0.0
base,moving_average,2018-07-02,2018-07-16,3,SP,watches_gifts,0.0
base,moving_average,2018-07-02,2018-07-23,4,SP,watches_gifts,0.0
base,moving_average,2018-07-09,2018-07-09,1,MG,auto,0.0
base,moving_average,2018-07-09,2018-07-16,2,MG,auto,0.0
base,moving_average,2018-07-09,2018-07-23,3,MG,auto,0.0
base,moving_average,2018-07-09,2018-07-30,4,MG,auto,0.0
base,moving_average,2018-07-09,2018-07-09,1,MG,bed_bath_table,0.0
base,moving_average,2018-07-09,2018-07-16,2,MG,bed_bath_table,0.0
base,moving_average,2018-07-09,2018-07-23,3,MG,bed_bath_table,0.0
base,moving_average,2018-07-09,2018-07-30,4,MG,bed_bath_table,0.0
base,moving_average,2018-07-09,2018-07-09,1,MG,computers_accessories,6.0
base,moving_average,2018-07-09,2018-07-16,2,MG,computers_accessories,0.0
base,moving_average,2018-07-09,2018-07-23,3,MG,computers_accessories,0.0
base,moving_average,2018-07-09,2018-07-30,4,MG,computers_accessories,0.0
base,moving_average,2018-07-09,2018-07-09,1,MG,furniture_decor,0.0
base,moving_average,2018-07-09,2018-07-16,2,MG,furniture_decor,0.0
base,moving_average,2018-07-09,2018-07-23,3,MG,furniture_decor,0.0
base,moving_average,2018-07-09,2018-07-30,4,MG,furniture_decor,0.0
base,moving_average,2018-07-09,2018-07-09,1,MG,garden_tools,0.0
base,moving_average,2018-07-09,2018-07-16,2,MG,garden_tools,0.0
base,moving_average,2018-07-09,2018-07-23,3,MG,garden_tools,0.0
base,moving_average,2018-07-09,2018-07-30,4,MG,garden_tools,0.0
base,moving_average,2018-07-09,2018-07-09,1,MG,health_beauty,10.0
base,moving_average,2018-07-09,2018-07-16,2,MG,health_beauty,0.0
base,moving_average,2018-07-09,2018-07-23,3,MG,health_beauty,0.0
base,moving_average,2018-07-09,2018-07-30,4,MG,health_beauty,0.0
base,moving_average,2018-07-09,2018-07-09,1,MG,housewares,10.0
base,moving_average,2018-07-09,2018-07-16,2,MG,housewares,0.0
base,moving_average,2018-07-09,2018-07-23,3,MG,housewares,0.0
base,moving_average,2018-07-09,2018-07-30,4,MG,housewares,0.0
base,moving_average,2018-07-09,2018-07-09,1,MG,sports_leisure,0.0
base,moving_average,2018-07-09,2018-07-16,2,MG,sports_leisure,0.0
base,moving_average,2018-07-09,2018-07-23,3,MG,sports_leisure,0.0
base,moving_average,2018-07-09,2018-07-30,4,MG,sports_leisure,0.0
base,moving_average,2018-07-09,2018-07-09,1,MG,telephony,5.0
base,moving_average,2018-07-09,2018-07-16,2,MG,telephony,2.0
base,moving_average,2018-07-09,2018-07-23,3,MG,telephony,0.0
base,moving_average,2018-07-09,2018-07-30,4,MG,telephony,0.0
base,moving_average,2018-07-09,2018-07-09,1,MG,watches_gifts,0.0
base,moving_average,2018-07-09,2018-07-16,2,MG,watches_gifts,0.0
base,moving_average,2018-07-09,2018-07-23,3,MG,watches_gifts,0.0
base,moving_average,2018-07-09,2018-07-30,4,MG,watches_gifts,0.0
base,moving_average,2018-07-09,2018-07-09,1,PR,auto,0.0
base,moving_average,2018-07-09,2018-07-16,2,PR,auto,0.0
base,moving_average,2018-07-09,2018-07-23,3,PR,auto,0.0
base,moving_average,2018-07-09,2018-07-30,4,PR,auto,0.0
base,moving_average,2018-07-09,2018-07-09,1,PR,bed_bath_table,0.0
base,moving_average,2018-07-09,2018-07-16,2,PR,bed_bath_table,0.0
base,moving_average,2018-07-09,2018-07-23,3,PR,bed_bath_table,0.0
base,moving_average,2018-07-09,2018-07-30,4,PR,bed_bath_table,0.0
base,moving_average,2018-07-09,2018-07-09,1,PR,computers_accessories,0.0
base,moving_average,2018-07-09,2018-07-16,2,PR,computers_accessories,0.0
base,moving_average,2018-07-09,2018-07-23,3,PR,computers_accessories,0.0
base,moving_average,2018-07-09,2018-07-30,4,PR,computers_accessories,0.0
base,moving_average,2018-07-09,2018-07-09,1,PR,furniture_decor,10.0
base,moving_average,2018-07-09,2018-07-16,2,PR,furniture_decor,0.0
base,moving_average,2018-07-09,2018-07-23,3,PR,furniture_decor,0.0
base,moving_average,2018-07-09,2018-07-30,4,PR,furniture_decor,0.0
base,moving_average,2018-07-09,2018-07-09,1,PR,garden_tools,0.0
base,moving_average,2018-07-09,2018-07-16,2,PR,garden_tools,0.0
base,moving_average,2018-07-09,2018-07-23,3,PR,garden_tools,0.0
base,moving_average,2018-07-09,2018-07-30,4,PR,garden_tools,0.0
base,moving_average,2018-07-09,2018-07-09,1,PR,health_beauty,6.0
base,moving_average,2018-07-09,2018-07-16,2,PR,health_beauty,0.0
base,moving_average,2018-07-09,2018-07-23,3,PR,health_beauty,0.0
base,moving_average,2018-07-09,2018-07-30,4,PR,health_beauty,0.0
base,moving_average,2018-07-09,2018-07-09,1,PR,housewares,0.0
base,moving_average,2018-07-09,2018-07-16,2,PR,housewares,0.0
base,moving_average,2018-07-09,2018-07-23,3,PR,housewares,0.0
base,moving_average,2018-07-09,2018-07-30,4,PR,housewares,0.0
base,moving_average,2018-07-09,2018-07-09,1,PR,sports_leisure,0.0
base,moving_average,2018-07-09,2018-07-16,2,PR,sports_leisure,0.0
base,moving_average,2018-07-09,2018-07-23,3,PR,sports_leisure,0.0
base,moving_average,2018-07-09,2018-07-30,4,PR,sports_leisure,0.0
base,moving_average,2018-07-09,2018-07-09,1,PR,telephony,0.0
base,moving_average,2018-07-09,2018-07-16,2,PR,telephony,0.0
base,moving_average,2018-07-09,2018-07-23,3,PR,telephony,0.0
base,moving_average,2018-07-09,2018-07-30,4,PR,telephony,0.0
base,moving_average,2018-07-09,2018-07-09,1,PR,watches_gifts,0.0
base,moving_average,2018-07-09,2018-07-16,2,PR,watches_gifts,0.0
base,moving_average,2018-07-09,2018-07-23,3,PR,watches_gifts,0.0
base,moving_average,2018-07-09,2018-07-30,4,PR,watches_gifts,0.0
base,moving_average,2018-07-09,2018-07-09,1,RJ,auto,3.0
base,moving_average,2018-07-09,2018-07-16,2,RJ,auto,0.0
base,moving_average,2018-07-09,2018-07-23,3,RJ,auto,0.0
base,moving_average,2018-07-09,2018-07-30,4,RJ,auto,0.0
base,moving_average,2018-07-09,2018-07-09,1,RJ,bed_bath_table,0.0
base,moving_average,2018-07-09,2018-07-16,2,RJ,bed_bath_table,0.0
base,moving_average,2018-07-09,2018-07-23,3,RJ,bed_bath_table,0.0
base,moving_average,2018-07-09,2018-07-30,4,RJ,bed_bath_table,0.0
base,moving_average,2018-07-09,2018-07-09,1,RJ,computers_accessories,0.0
base,moving_average,2018-07-09,2018-07-16,2,RJ,computers_accessories,0.0
base,moving_average,2018-07-09,2018-07-23,3,RJ,computers_accessories,0.0
base,moving_average,2018-07-09,2018-07-30,4,RJ,computers_accessories,0.0
base,moving_average,2018-07-09,2018-07-09,1,RJ,furniture_decor,1.0
base,moving_average,2018-07-09,2018-07-16,2,RJ,furniture_decor,0.0
base,moving_average,2018-07-09,2018-07-23,3,RJ,furniture_decor,0.0
base,moving_average,2018-07-09,2018-07-30,4,RJ,furniture_decor,0.0
base,moving_average,2018-07-09,2018-07-09,1,RJ,garden_tools,0.0
base,moving_average,2018-07-09,2018-07-16,2,RJ,garden_tools,0.0
base,moving_average,2018-07-09,2018-07-23,3,RJ,garden_tools,0.0
base,moving_average,2018-07-09,2018-07-30,4,RJ,garden_tools,0.0
base,moving_average,2018-07-09,2018-07-09,1,RJ,health_beauty,12.0
base,moving_average,2018-07-09,2018-07-16,2,RJ,health_beauty,0.0
base,moving_average,2018-07-09,2018-07-23,3,RJ,health_beauty,0.0
base,moving_average,2018-07-09,2018-07-30,4,RJ,health_beauty,0.0
base,moving_average,2018-07-09,2018-07-09,1,RJ,housewares,0.0
base,moving_average,2018-07-09,2018-07-16,2,RJ,housewares,0.0
base,moving_average,2018-07-09,2018-07-23,3,RJ,housewares,0.0
base,moving_average,2018-07-09,2018-07-30,4,RJ,housewares,0.0
base,moving_average,2018-07-09,2018-07-09,1,RJ,sports_leisure,8.0
base,moving_average,2018-07-09,2018-07-16,2,RJ,sports_leisure,0.0
base,moving_average,2018-07-09,2018-07-23,3,RJ,sports_leisure,0.0
base,moving_average,2018-07-09,2018-07-30,4,RJ,sports_leisure,0.0
base,moving_average,2018-07-09,2018-07-09,1,RJ,telephony,4.0
base,moving_average,2018-07-09,2018-07-16,2,RJ,telephony,2.0
base,moving_average,2018-07-09,2018-07-23,3,RJ,telephony,0.0
base,moving_average,2018-07-09,2018-07-30,4,RJ,telephony,0.0
base,moving_average,2018-07-09,2018-07-09,1,RJ,watches_gifts,8.0
base,moving_average,2018-07-09,2018-07-16,2,RJ,watches_gifts,0.0
base,moving_average,2018-07-09,2018-07-23,3,RJ,watches_gifts,0.0
base,moving_average,2018-07-09,2018-07-30,4,RJ,watches_gifts,0.0
base,moving_average,2018-07-09,2018-07-09,1,RS,auto,0.0
base,moving_average,2018-07-09,2018-07-16,2,RS,auto,0.0
base,moving_average,2018-07-09,2018-07-23,3,RS,auto,0.0
base,moving_average,2018-07-09,2018-07-30,4,RS,auto,0.0
base,moving_average,2018-07-09,2018-07-09,1,RS,bed_bath_table,0.0
base,moving_average,2018-07-09,2018-07-16,2,RS,bed_bath_table,0.0
base,moving_average,2018-07-09,2018-07-23,3,RS,bed_bath_table,0.0
base,moving_average,2018-07-09,2018-07-30,4,RS,bed_bath_table,0.0
base,moving_average,2018-07-09,2018-07-09,1,RS,computers_accessories,8.0
base,moving_average,2018-07-09,2018-07-16,2,RS,computers_accessories,0.0
base,moving_average,2018-07-09,2018-07-23,3,RS,computers_accessories,0.0
base,moving_average,2018-07-09,2018-07-30,4,RS,computers_accessories,0.0
base,moving_average,2018-07-09,2018-07-09,1,RS,furniture_decor,3.0
base,moving_average,2018-07-09,2018-07-16,2,RS,furniture_decor,0.0
base,moving_average,2018-07-09,2018-07-23,3,RS,furniture_decor,0.0
base,moving_average,2018-07-09,2018-07-30,4,RS,furniture_decor,0.0
base,moving_average,2018-07-09,2018-07-09,1,RS,garden_tools,0.0
base,moving_average,2018-07-09,2018-07-16,2,RS,garden_tools,0.0
base,moving_average,2018-07-09,2018-07-23,3,RS,garden_tools,0.0
base,moving_average,2018-07-09,2018-07-30,4,RS,garden_tools,0.0
base,moving_average,2018-07-09,2018-07-09,1,RS,health_beauty,8.0
base,moving_average,2018-07-09,2018-07-16,2,RS,health_beauty,0.0
base,moving_average,2018-07-09,2018-07-23,3,RS,health_beauty,0.0
base,moving_average,2018-07-09,2018-07-30,4,RS,health_beauty,0.0
base,moving_average,2018-07-09,2018-07-09,1,RS,housewares,0.0
base,moving_average,2018-07-09,2018-07-16,2,RS,housewares,0.0
base,moving_average,2018-07-09,2018-07-23,3,RS,housewares,0.0
base,moving_average,2018-07-09,2018-07-30,4,RS,housewares,0.0
base,moving_average,2018-07-09,2018-07-09,1,RS,sports_leisure,0.0
base,moving_average,2018-07-09,2018-07-16,2,RS,sports_leisure,0.0
base,moving_average,2018-07-09,2018-07-23,3,RS,sports_leisure,0.0
base,moving_average,2018-07-09,2018-07-30,4,RS,sports_leisure,0.0
base,moving_average,2018-07-09,2018-07-09,1,RS,telephony,0.0
base,moving_average,2018-07-09,2018-07-16,2,RS,telephony,0.0
base,moving_average,2018-07-09,2018-07-23,3,RS,telephony,0.0
base,moving_average,2018-07-09,2018-07-30,4,RS,telephony,0.0
base,moving_average,2018-07-09,2018-07-09,1,RS,watches_gifts,0.0
base,moving_average,2018-07-09,2018-07-16,2,RS,watches_gifts,0.0
base,moving_average,2018-07-09,2018-07-23,3,RS,watches_gifts,0.0
base,moving_average,2018-07-09,2018-07-30,4,RS,watches_gifts,0.0
base,moving_average,2018-07-09,2018-07-09,1,SC,auto,0.0
base,moving_average,2018-07-09,2018-07-16,2,SC,auto,0.0
base,moving_average,2018-07-09,2018-07-23,3,SC,auto,0.0
base,moving_average,2018-07-09,2018-07-30,4,SC,auto,0.0
base,moving_average,2018-07-09,2018-07-09,1,SC,bed_bath_table,10.0
base,moving_average,2018-07-09,2018-07-16,2,SC,bed_bath_table,0.0
base,moving_average,2018-07-09,2018-07-23,3,SC,bed_bath_table,0.0
base,moving_average,2018-07-09,2018-07-30,4,SC,bed_bath_table,0.0
base,moving_average,2018-07-09,2018-07-09,1,SC,computers_accessories,0.0
base,moving_average,2018-07-09,2018-07-16,2,SC,computers_accessories,0.0
base,moving_average,2018-07-09,2018-07-23,3,SC,computers_accessories,0.0
base,moving_average,2018-07-09,2018-07-30,4,SC,computers_accessories,0.0
base,moving_average,2018-07-09,2018-07-09,1,SC,furniture_decor,6.0
base,moving_average,2018-07-09,2018-07-16,2,SC,furniture_decor,0.0
base,moving_average,2018-07-09,2018-07-23,3,SC,furniture_decor,0.0
base,moving_average,2018-07-09,2018-07-30,4,SC,furniture_decor,0.0
base,moving_average,2018-07-09,2018-07-09,1,SC,garden_tools,0.0
base,moving_average,2018-07-09,2018-07-16,2,SC,garden_tools,0.0
base,moving_average,2018-07-09,2018-07-23,3,SC,garden_tools,0.0
base,moving_average,2018-07-09,2018-07-30,4,SC,garden_tools,0.0
base,moving_average,2018-07-09,2018-07-09,1,SC,health_beauty,0.0
base,moving_average,2018-07-09,2018-07-16,2,SC,health_beauty,0.0
base,moving_average,2018-07-09,2018-07-23,3,SC,health_beauty,0.0
base,moving_average,2018-07-09,2018-07-30,4,SC,health_beauty,0.0
base,moving_average,2018-07-09,2018-07-09,1,SC,housewares,7.0
base,moving_average,2018-07-09,2018-07-16,2,SC,housewares,0.0
base,moving_average,2018-07-09,2018-07-23,3,SC,housewares,0.0
base,moving_average,2018-07-09,2018-07-30,4,SC,housewares,0.0
base,moving_average,2018-07-09,2018-07-09,1,SC,sports_leisure,0.0
base,moving_average,2018-07-09,2018-07-16,2,SC,sports_leisure,0.0
base,moving_average,2018-07-09,2018-07-23,3,SC,sports_leisure,0.0
base,moving_average,2018-07-09,2018-07-30,4,SC,sports_leisure,0.0
base,moving_average,2018-07-09,2018-07-09,1,SC,telephony,0.0
base,moving_average,2018-07-09,2018-07-16,2,SC,telephony,0.0
base,moving_average,2018-07-09,2018-07-23,3,SC,telephony,0.0
base,moving_average,2018-07-09,2018-07-30,4,SC,telephony,0.0
base,moving_average,2018-07-09,2018-07-09,1,SC,watches_gifts,6.0
base,moving_average,2018-07-09,2018-07-16,2,SC,watches_gifts,0.0
base,moving_average,2018-07-09,2018-07-23,3,SC,watches_gifts,0.0
base,moving_average,2018-07-09,2018-07-30,4,SC,watches_gifts,0.0
base,moving_average,2018-07-09,2018-07-09,1,SP,auto,27.0
base,moving_average,2018-07-09,2018-07-16,2,SP,auto,0.0
base,moving_average,2018-07-09,2018-07-23,3,SP,auto,0.0
base,moving_average,2018-07-09,2018-07-30,4,SP,auto,0.0
base,moving_average,2018-07-09,2018-07-09,1,SP,bed_bath_table,82.0
base,moving_average,2018-07-09,2018-07-16,2,SP,bed_bath_table,0.0
base,moving_average,2018-07-09,2018-07-23,3,SP,bed_bath_table,0.0
base,moving_average,2018-07-09,2018-07-30,4,SP,bed_bath_table,0.0
base,moving_average,2018-07-09,2018-07-09,1,SP,computers_accessories,29.0
base,moving_average,2018-07-09,2018-07-16,2,SP,computers_accessories,0.0
base,moving_average,2018-07-09,2018-07-23,3,SP,computers_accessories,0.0
base,moving_average,2018-07-09,2018-07-30,4,SP,computers_accessories,0.0
base,moving_average,2018-07-09,2018-07-09,1,SP,furniture_decor,1.0
base,moving_average,2018-07-09,2018-07-16,2,SP,furniture_decor,0.0
base,moving_average,2018-07-09,2018-07-23,3,SP,furniture_decor,0.0
base,moving_average,2018-07-09,2018-07-30,4,SP,furniture_decor,0.0
base,moving_average,2018-07-09,2018-07-09,1,SP,garden_tools,11.0
base,moving_average,2018-07-09,2018-07-16,2,SP,garden_tools,0.0
base,moving_average,2018-07-09,2018-07-23,3,SP,garden_tools,0.0
base,moving_average,2018-07-09,2018-07-30,4,SP,garden_tools,0.0
base,moving_average,2018-07-09,2018-07-09,1,SP,health_beauty,51.0
base,moving_average,2018-07-09,2018-07-16,2,SP,health_beauty,0.0
base,moving_average,2018-07-09,2018-07-23,3,SP,health_beauty,0.0
base,moving_average,2018-07-09,2018-07-30,4,SP,health_beauty,0.0
base,moving_average,2018-07-09,2018-07-09,1,SP,housewares,42.0
base,moving_average,2018-07-09,2018-07-16,2,SP,housewares,0.0
base,moving_average,2018-07-09,2018-07-23,3,SP,housewares,0.0
base,moving_average,2018-07-09,2018-07-30,4,SP,housewares,0.0
base,moving_average,2018-07-09,2018-07-09,1,SP,sports_leisure,0.0
base,moving_average,2018-07-09,2018-07-16,2,SP,sports_leisure,0.0
base,moving_average,2018-07-09,2018-07-23,3,SP,sports_leisure,0.0
base,moving_average,2018-07-09,2018-07-30,4,SP,sports_leisure,0.0
base,moving_average,2018-07-09,2018-07-09,1,SP,telephony,31.0
base,moving_average,2018-07-09,2018-07-16,2,SP,telephony,0.0
base,moving_average,2018-07-09,2018-07-23,3,SP,telephony,0.0
base,moving_average,2018-07-09,2018-07-30,4,SP,telephony,0.0
base,moving_average,2018-07-09,2018-07-09,1,SP,watches_gifts,58.0
base,moving_average,2018-07-09,2018-07-16,2,SP,watches_gifts,0.0
base,moving_average,2018-07-09,2018-07-23,3,SP,watches_gifts,0.0
base,moving_average,2018-07-09,2018-07-30,4,SP,watches_gifts,0.0
base,moving_average,2018-07-16,2018-07-16,1,MG,auto,0.0
base,moving_average,2018-07-16,2018-07-23,2,MG,auto,0.0
base,moving_average,2018-07-16,2018-07-30,3,MG,auto,0.0
base,moving_average,2018-07-16,2018-08-06,4,MG,auto,0.0
base,moving_average,2018-07-16,2018-07-16,1,MG,bed_bath_table,0.0
base,moving_average,2018-07-16,2018-07-23,2,MG,bed_bath_table,0.0
base,moving_average,2018-07-16,2018-07-30,3,MG,bed_bath_table,0.0
base,moving_average,2018-07-16,2018-08-06,4,MG,bed_bath_table,0.0
base,moving_average,2018-07-16,2018-07-16,1,MG,computers_accessories,1.0
base,moving_average,2018-07-16,2018-07-23,2,MG,computers_accessories,0.0
base,moving_average,2018-07-16,2018-07-30,3,MG,computers_accessories,0.0
base,moving_average,2018-07-16,2018-08-06,4,MG,computers_accessories,0.0
base,moving_average,2018-07-16,2018-07-16,1,MG,furniture_decor,6.0
base,moving_average,2018-07-16,2018-07-23,2,MG,furniture_decor,0.0
base,moving_average,2018-07-16,2018-07-30,3,MG,furniture_decor,0.0
base,moving_average,2018-07-16,2018-08-06,4,MG,furniture_decor,0.0
base,moving_average,2018-07-16,2018-07-16,1,MG,garden_tools,0.0
base,moving_average,2018-07-16,2018-07-23,2,MG,garden_tools,0.0
base,moving_average,2018-07-16,2018-07-30,3,MG,garden_tools,0.0
base,moving_average,2018-07-16,2018-08-06,4,MG,garden_tools,0.0
base,moving_average,2018-07-16,2018-07-16,1,MG,health_beauty,12.0
base,moving_average,2018-07-16,2018-07-23,2,MG,health_beauty,0.0
base,moving_average,2018-07-16,2018-07-30,3,MG,health_beauty,0.0
base,moving_average,2018-07-16,2018-08-06,4,MG,health_beauty,0.0
base,moving_average,2018-07-16,2018-07-16,1,MG,housewares,9.0
base,moving_average,2018-07-16,2018-07-23,2,MG,housewares,0.0
base,moving_average,2018-07-16,2018-07-30,3,MG,housewares,0.0
base,moving_average,2018-07-16,2018-08-06,4,MG,housewares,0.0
base,moving_average,2018-07-16,2018-07-16,1,MG,sports_leisure,4.0
base,moving_average,2018-07-16,2018-07-23,2,MG,sports_leisure,0.0
base,moving_average,2018-07-16,2018-07-30,3,MG,sports_leisure,0.0
base,moving_average,2018-07-16,2018-08-06,4,MG,sports_leisure,0.0
base,moving_average,2018-07-16,2018-07-16,1,MG,telephony,4.0
base,moving_average,2018-07-16,2018-07-23,2,MG,telephony,2.0
base,moving_average,2018-07-16,2018-07-30,3,MG,telephony,0.0
base,moving_average,2018-07-16,2018-08-06,4,MG,telephony,0.0
base,moving_average,2018-07-16,2018-07-16,1,MG,watches_gifts,0.0
base,moving_average,2018-07-16,2018-07-23,2,MG,watches_gifts,0.0
base,moving_average,2018-07-16,2018-07-30,3,MG,watches_gifts,0.0
base,moving_average,2018-07-16,2018-08-06,4,MG,watches_gifts,0.0
base,moving_average,2018-07-16,2018-07-16,1,PR,auto,0.0
base,moving_average,2018-07-16,2018-07-23,2,PR,auto,0.0
base,moving_average,2018-07-16,2018-07-30,3,PR,auto,0.0
base,moving_average,2018-07-16,2018-08-06,4,PR,auto,0.0
base,moving_average,2018-07-16,2018-07-16,1,PR,bed_bath_table,0.0
base,moving_average,2018-07-16,2018-07-23,2,PR,bed_bath_table,0.0
base,moving_average,2018-07-16,2018-07-30,3,PR,bed_bath_table,0.0
base,moving_average,2018-07-16,2018-08-06,4,PR,bed_bath_table,0.0
base,moving_average,2018-07-16,2018-07-16,1,PR,computers_accessories,0.0
base,moving_average,2018-07-16,2018-07-23,2,PR,computers_accessories,0.0
base,moving_average,2018-07-16,2018-07-30,3,PR,computers_accessories,0.0
base,moving_average,2018-07-16,2018-08-06,4,PR,computers_accessories,0.0
base,moving_average,2018-07-16,2018-07-16,1,PR,furniture_decor,13.0
base,moving_average,2018-07-16,2018-07-23,2,PR,furniture_decor,0.0
base,moving_average,2018-07-16,2018-07-30,3,PR,furniture_decor,0.0
base,moving_average,2018-07-16,2018-08-06,4,PR,furniture_decor,0.0
base,moving_average,2018-07-16,2018-07-16,1,PR,garden_tools,0.0
base,moving_average,2018-07-16,2018-07-23,2,PR,garden_tools,0.0
base,moving_average,2018-07-16,2018-07-30,3,PR,garden_tools,0.0
base,moving_average,2018-07-16,2018-08-06,4,PR,garden_tools,0.0
base,moving_average,2018-07-16,2018-07-16,1,PR,health_beauty,5.0
base,moving_average,2018-07-16,2018-07-23,2,PR,health_beauty,0.0
base,moving_average,2018-07-16,2018-07-30,3,PR,health_beauty,0.0
base,moving_average,2018-07-16,2018-08-06,4,PR,health_beauty,0.0
base,moving_average,2018-07-16,2018-07-16,1,PR,housewares,1.0
base,moving_average,2018-07-16,2018-07-23,2,PR,housewares,0.0
base,moving_average,2018-07-16,2018-07-30,3,PR,housewares,0.0
base,moving_average,2018-07-16,2018-08-06,4,PR,housewares,0.0
base,moving_average,2018-07-16,2018-07-16,1,PR,sports_leisure,0.0
base,moving_average,2018-07-16,2018-07-23,2,PR,sports_leisure,0.0
base,moving_average,2018-07-16,2018-07-30,3,PR,sports_leisure,0.0
base,moving_average,2018-07-16,2018-08-06,4,PR,sports_leisure,0.0
base,moving_average,2018-07-16,2018-07-16,1,PR,telephony,0.0
base,moving_average,2018-07-16,2018-07-23,2,PR,telephony,0.0
base,moving_average,2018-07-16,2018-07-30,3,PR,telephony,0.0
base,moving_average,2018-07-16,2018-08-06,4,PR,telephony,0.0
base,moving_average,2018-07-16,2018-07-16,1,PR,watches_gifts,0.0
base,moving_average,2018-07-16,2018-07-23,2,PR,watches_gifts,0.0
base,moving_average,2018-07-16,2018-07-30,3,PR,watches_gifts,0.0
base,moving_average,2018-07-16,2018-08-06,4,PR,watches_gifts,0.0
base,moving_average,2018-07-16,2018-07-16,1,RJ,auto,1.0
base,moving_average,2018-07-16,2018-07-23,2,RJ,auto,0.0
base,moving_average,2018-07-16,2018-07-30,3,RJ,auto,0.0
base,moving_average,2018-07-16,2018-08-06,4,RJ,auto,0.0
base,moving_average,2018-07-16,2018-07-16,1,RJ,bed_bath_table,0.0
base,moving_average,2018-07-16,2018-07-23,2,RJ,bed_bath_table,1.0
base,moving_average,2018-07-16,2018-07-30,3,RJ,bed_bath_table,0.0
base,moving_average,2018-07-16,2018-08-06,4,RJ,bed_bath_table,0.0
base,moving_average,2018-07-16,2018-07-16,1,RJ,computers_accessories,0.0
base,moving_average,2018-07-16,2018-07-23,2,RJ,computers_accessories,0.0
base,moving_average,2018-07-16,2018-07-30,3,RJ,computers_accessories,0.0
base,moving_average,2018-07-16,2018-08-06,4,RJ,computers_accessories,0.0
base,moving_average,2018-07-16,2018-07-16,1,RJ,furniture_decor,5.0
base,moving_average,2018-07-16,2018-07-23,2,RJ,furniture_decor,0.0
base,moving_average,2018-07-16,2018-07-30,3,RJ,furniture_decor,0.0
base,moving_average,2018-07-16,2018-08-06,4,RJ,furniture_decor,0.0
base,moving_average,2018-07-16,2018-07-16,1,RJ,garden_tools,0.0
base,moving_average,2018-07-16,2018-07-23,2,RJ,garden_tools,0.0
base,moving_average,2018-07-16,2018-07-30,3,RJ,garden_tools,0.0
base,moving_average,2018-07-16,2018-08-06,4,RJ,garden_tools,0.0
base,moving_average,2018-07-16,2018-07-16,1,RJ,health_beauty,13.0
base,moving_average,2018-07-16,2018-07-23,2,RJ,health_beauty,0.0
base,moving_average,2018-07-16,2018-07-30,3,RJ,health_beauty,0.0
base,moving_average,2018-07-16,2018-08-06,4,RJ,health_beauty,0.0
base,moving_average,2018-07-16,2018-07-16,1,RJ,housewares,0.0
base,moving_average,2018-07-16,2018-07-23,2,RJ,housewares,0.0
base,moving_average,2018-07-16,2018-07-30,3,RJ,housewares,0.0
base,moving_average,2018-07-16,2018-08-06,4,RJ,housewares,0.0
base,moving_average,2018-07-16,2018-07-16,1,RJ,sports_leisure,7.0
base,moving_average,2018-07-16,2018-07-23,2,RJ,sports_leisure,0.0
base,moving_average,2018-07-16,2018-07-30,3,RJ,sports_leisure,0.0
base,moving_average,2018-07-16,2018-08-06,4,RJ,sports_leisure,0.0
base,moving_average,2018-07-16,2018-07-16,1,RJ,telephony,2.0
base,moving_average,2018-07-16,2018-07-23,2,RJ,telephony,0.0
base,moving_average,2018-07-16,2018-07-30,3,RJ,telephony,0.0
base,moving_average,2018-07-16,2018-08-06,4,RJ,telephony,0.0
base,moving_average,2018-07-16,2018-07-16,1,RJ,watches_gifts,8.0
base,moving_average,2018-07-16,2018-07-23,2,RJ,watches_gifts,0.0
base,moving_average,2018-07-16,2018-07-30,3,RJ,watches_gifts,0.0
base,moving_average,2018-07-16,2018-08-06,4,RJ,watches_gifts,0.0
base,moving_average,2018-07-16,2018-07-16,1,RS,auto,0.0
base,moving_average,2018-07-16,2018-07-23,2,RS,auto,0.0
base,moving_average,2018-07-16,2018-07-30,3,RS,auto,0.0
base,moving_average,2018-07-16,2018-08-06,4,RS,auto,0.0
base,moving_average,2018-07-16,2018-07-16,1,RS,bed_bath_table,0.0
base,moving_average,2018-07-16,2018-07-23,2,RS,bed_bath_table,4.0
base,moving_average,2018-07-16,2018-07-30,3,RS,bed_bath_table,0.0
base,moving_average,2018-07-16,2018-08-06,4,RS,bed_bath_table,0.0
base,moving_average,2018-07-16,2018-07-16,1,RS,computers_accessories,3.0
base,moving_average,2018-07-16,2018-07-23,2,RS,computers_accessories,0.0
base,moving_average,2018-07-16,2018-07-30,3,RS,computers_accessories,0.0
base,moving_average,2018-07-16,2018-08-06,4,RS,computers_accessories,0.0
base,moving_average,2018-07-16,2018-07-16,1,RS,furniture_decor,3.0
base,moving_average,2018-07-16,2018-07-23,2,RS,furniture_decor,0.0
base,moving_average,2018-07-16,2018-07-30,3,RS,furniture_decor,0.0
base,moving_average,2018-07-16,2018-08-06,4,RS,furniture_decor,0.0
base,moving_average,2018-07-16,2018-07-16,1,RS,garden_tools,1.0
base,moving_average,2018-07-16,2018-07-23,2,RS,garden_tools,0.0
base,moving_average,2018-07-16,2018-07-30,3,RS,garden_tools,0.0
base,moving_average,2018-07-16,2018-08-06,4,RS,garden_tools,0.0
base,moving_average,2018-07-16,2018-07-16,1,RS,health_beauty,8.0
base,moving_average,2018-07-16,2018-07-23,2,RS,health_beauty,0.0
base,moving_average,2018-07-16,2018-07-30,3,RS,health_beauty,0.0
base,moving_average,2018-07-16,2018-08-06,4,RS,health_beauty,0.0
base,moving_average,2018-07-16,2018-07-16,1,RS,housewares,3.0
base,moving_average,2018-07-16,2018-07-23,2,RS,housewares,0.0
base,moving_average,2018-07-16,2018-07-30,3,RS,housewares,0.0
base,moving_average,2018-07-16,2018-08-06,4,RS,housewares,0.0
base,moving_average,2018-07-16,2018-07-16,1,RS,sports_leisure,0.0
base,moving_average,2018-07-16,2018-07-23,2,RS,sports_leisure,0.0
base,moving_average,2018-07-16,2018-07-30,3,RS,sports_leisure,0.0
base,moving_average,2018-07-16,2018-08-06,4,RS,sports_leisure,0.0
base,moving_average,2018-07-16,2018-07-16,1,RS,telephony,0.0
base,moving_average,2018-07-16,2018-07-23,2,RS,telephony,0.0
base,moving_average,2018-07-16,2018-07-30,3,RS,telephony,0.0
base,moving_average,2018-07-16,2018-08-06,4,RS,telephony,0.0
base,moving_average,2018-07-16,2018-07-16,1,RS,watches_gifts,0.0
base,moving_average,2018-07-16,2018-07-23,2,RS,watches_gifts,0.0
base,moving_average,2018-07-16,2018-07-30,3,RS,watches_gifts,0.0
base,moving_average,2018-07-16,2018-08-06,4,RS,watches_gifts,0.0
base,moving_average,2018-07-16,2018-07-16,1,SC,auto,0.0
base,moving_average,2018-07-16,2018-07-23,2,SC,auto,0.0
base,moving_average,2018-07-16,2018-07-30,3,SC,auto,0.0
base,moving_average,2018-07-16,2018-08-06,4,SC,auto,0.0
base,moving_average,2018-07-16,2018-07-16,1,SC,bed_bath_table,12.0
base,moving_average,2018-07-16,2018-07-23,2,SC,bed_bath_table,0.0
base,moving_average,2018-07-16,2018-07-30,3,SC,bed_bath_table,0.0
base,moving_average,2018-07-16,2018-08-06,4,SC,bed_bath_table,0.0
base,moving_average,2018-07-16,2018-07-16,1,SC,computers_accessories,0.0
base,moving_average,2018-07-16,2018-07-23,2,SC,computers_accessories,0.0
base,moving_average,2018-07-16,2018-07-30,3,SC,computers_accessories,0.0
base,moving_average,2018-07-16,2018-08-06,4,SC,computers_accessories,0.0
base,moving_average,2018-07-16,2018-07-16,1,SC,furniture_decor,6.0
base,moving_average,2018-07-16,2018-07-23,2,SC,furniture_decor,0.0
base,moving_average,2018-07-16,2018-07-30,3,SC,furniture_decor,0.0
base,moving_average,2018-07-16,2018-08-06,4,SC,furniture_decor,0.0
base,moving_average,2018-07-16,2018-07-16,1,SC,garden_tools,3.0
base,moving_average,2018-07-16,2018-07-23,2,SC,garden_tools,0.0
base,moving_average,2018-07-16,2018-07-30,3,SC,garden_tools,0.0
base,moving_average,2018-07-16,2018-08-06,4,SC,garden_tools,0.0
base,moving_average,2018-07-16,2018-07-16,1,SC,health_beauty,0.0
base,moving_average,2018-07-16,2018-07-23,2,SC,health_beauty,0.0
base,moving_average,2018-07-16,2018-07-30,3,SC,health_beauty,0.0
base,moving_average,2018-07-16,2018-08-06,4,SC,health_beauty,0.0
base,moving_average,2018-07-16,2018-07-16,1,SC,housewares,8.0
base,moving_average,2018-07-16,2018-07-23,2,SC,housewares,0.0
base,moving_average,2018-07-16,2018-07-30,3,SC,housewares,0.0
base,moving_average,2018-07-16,2018-08-06,4,SC,housewares,0.0
base,moving_average,2018-07-16,2018-07-16,1,SC,sports_leisure,11.0
base,moving_average,2018-07-16,2018-07-23,2,SC,sports_leisure,0.0
base,moving_average,2018-07-16,2018-07-30,3,SC,sports_leisure,0.0
base,moving_average,2018-07-16,2018-08-06,4,SC,sports_leisure,0.0
base,moving_average,2018-07-16,2018-07-16,1,SC,telephony,0.0
base,moving_average,2018-07-16,2018-07-23,2,SC,telephony,0.0
base,moving_average,2018-07-16,2018-07-30,3,SC,telephony,0.0
base,moving_average,2018-07-16,2018-08-06,4,SC,telephony,0.0
base,moving_average,2018-07-16,2018-07-16,1,SC,watches_gifts,0.0
base,moving_average,2018-07-16,2018-07-23,2,SC,watches_gifts,0.0
base,moving_average,2018-07-16,2018-07-30,3,SC,watches_gifts,0.0
base,moving_average,2018-07-16,2018-08-06,4,SC,watches_gifts,0.0
base,moving_average,2018-07-16,2018-07-16,1,SP,auto,28.0
base,moving_average,2018-07-16,2018-07-23,2,SP,auto,0.0
base,moving_average,2018-07-16,2018-07-30,3,SP,auto,0.0
base,moving_average,2018-07-16,2018-08-06,4,SP,auto,0.0
base,moving_average,2018-07-16,2018-07-16,1,SP,bed_bath_table,119.0
base,moving_average,2018-07-16,2018-07-23,2,SP,bed_bath_table,0.0
base,moving_average,2018-07-16,2018-07-30,3,SP,bed_bath_table,0.0
base,moving_average,2018-07-16,2018-08-06,4,SP,bed_bath_table,0.0
base,moving_average,2018-07-16,2018-07-16,1,SP,computers_accessories,49.0
base,moving_average,2018-07-16,2018-07-23,2,SP,computers_accessories,0.0
base,moving_average,2018-07-16,2018-07-30,3,SP,computers_accessories,0.0
base,moving_average,2018-07-16,2018-08-06,4,SP,computers_accessories,0.0
base,moving_average,2018-07-16,2018-07-16,1,SP,furniture_decor,64.0
base,moving_average,2018-07-16,2018-07-23,2,SP,furniture_decor,0.0
base,moving_average,2018-07-16,2018-07-30,3,SP,furniture_decor,0.0
base,moving_average,2018-07-16,2018-08-06,4,SP,furniture_decor,0.0
base,moving_average,2018-07-16,2018-07-16,1,SP,garden_tools,41.0
base,moving_average,2018-07-16,2018-07-23,2,SP,garden_tools,0.0
base,moving_average,2018-07-16,2018-07-30,3,SP,garden_tools,0.0
base,moving_average,2018-07-16,2018-08-06,4,SP,garden_tools,0.0
base,moving_average,2018-07-16,2018-07-16,1,SP,health_beauty,77.0
base,moving_average,2018-07-16,2018-07-23,2,SP,health_beauty,0.0
base,moving_average,2018-07-16,2018-07-30,3,SP,health_beauty,0.0
base,moving_average,2018-07-16,2018-08-06,4,SP,health_beauty,0.0
base,moving_average,2018-07-16,2018-07-16,1,SP,housewares,66.0
base,moving_average,2018-07-16,2018-07-23,2,SP,housewares,0.0
base,moving_average,2018-07-16,2018-07-30,3,SP,housewares,0.0
base,moving_average,2018-07-16,2018-08-06,4,SP,housewares,0.0
base,moving_average,2018-07-16,2018-07-16,1,SP,sports_leisure,61.0
base,moving_average,2018-07-16,2018-07-23,2,SP,sports_leisure,0.0
base,moving_average,2018-07-16,2018-07-30,3,SP,sports_leisure,0.0
base,moving_average,2018-07-16,2018-08-06,4,SP,sports_leisure,0.0
base,moving_average,2018-07-16,2018-07-16,1,SP,telephony,33.0
base,moving_average,2018-07-16,2018-07-23,2,SP,telephony,0.0
base,moving_average,2018-07-16,2018-07-30,3,SP,telephony,0.0
base,moving_average,2018-07-16,2018-08-06,4,SP,telephony,0.0
base,moving_average,2018-07-16,2018-07-16,1,SP,watches_gifts,15.0
base,moving_average,2018-07-16,2018-07-23,2,SP,watches_gifts,0.0
base,moving_average,2018-07-16,2018-07-30,3,SP,watches_gifts,0.0
base,moving_average,2018-07-16,2018-08-06,4,SP,watches_gifts,0.0
base,moving_average,2018-07-23,2018-07-23,1,MG,auto,0.0
base,moving_average,2018-07-23,2018-07-30,2,MG,auto,0.0
base,moving_average,2018-07-23,2018-08-06,3,MG,auto,0.0
base,moving_average,2018-07-23,2018-08-13,4,MG,auto,0.0
base,moving_average,2018-07-23,2018-07-23,1,MG,bed_bath_table,0.0
base,moving_average,2018-07-23,2018-07-30,2,MG,bed_bath_table,0.0
base,moving_average,2018-07-23,2018-08-06,3,MG,bed_bath_table,0.0
base,moving_average,2018-07-23,2018-08-13,4,MG,bed_bath_table,0.0
base,moving_average,2018-07-23,2018-07-23,1,MG,computers_accessories,2.0
base,moving_average,2018-07-23,2018-07-30,2,MG,computers_accessories,0.0
base,moving_average,2018-07-23,2018-08-06,3,MG,computers_accessories,0.0
base,moving_average,2018-07-23,2018-08-13,4,MG,computers_accessories,0.0
base,moving_average,2018-07-23,2018-07-23,1,MG,furniture_decor,0.0
base,moving_average,2018-07-23,2018-07-30,2,MG,furniture_decor,0.0
base,moving_average,2018-07-23,2018-08-06,3,MG,furniture_decor,0.0
base,moving_average,2018-07-23,2018-08-13,4,MG,furniture_decor,0.0
base,moving_average,2018-07-23,2018-07-23,1,MG,garden_tools,0.0
base,moving_average,2018-07-23,2018-07-30,2,MG,garden_tools,0.0
base,moving_average,2018-07-23,2018-08-06,3,MG,garden_tools,0.0
base,moving_average,2018-07-23,2018-08-13,4,MG,garden_tools,0.0
base,moving_average,2018-07-23,2018-07-23,1,MG,health_beauty,0.0
base,moving_average,2018-07-23,2018-07-30,2,MG,health_beauty,0.0
base,moving_average,2018-07-23,2018-08-06,3,MG,health_beauty,0.0
base,moving_average,2018-07-23,2018-08-13,4,MG,health_beauty,0.0
base,moving_average,2018-07-23,2018-07-23,1,MG,housewares,1.0
base,moving_average,2018-07-23,2018-07-30,2,MG,housewares,0.0
base,moving_average,2018-07-23,2018-08-06,3,MG,housewares,0.0
base,moving_average,2018-07-23,2018-08-13,4,MG,housewares,0.0
base,moving_average,2018-07-23,2018-07-23,1,MG,sports_leisure,0.0
base,moving_average,2018-07-23,2018-07-30,2,MG,sports_leisure,0.0
base,moving_average,2018-07-23,2018-08-06,3,MG,sports_leisure,0.0
base,moving_average,2018-07-23,2018-08-13,4,MG,sports_leisure,0.0
base,moving_average,2018-07-23,2018-07-23,1,MG,telephony,0.0
base,moving_average,2018-07-23,2018-07-30,2,MG,telephony,0.0
base,moving_average,2018-07-23,2018-08-06,3,MG,telephony,0.0
base,moving_average,2018-07-23,2018-08-13,4,MG,telephony,0.0
base,moving_average,2018-07-23,2018-07-23,1,MG,watches_gifts,0.0
base,moving_average,2018-07-23,2018-07-30,2,MG,watches_gifts,0.0
base,moving_average,2018-07-23,2018-08-06,3,MG,watches_gifts,0.0
base,moving_average,2018-07-23,2018-08-13,4,MG,watches_gifts,0.0
base,moving_average,2018-07-23,2018-07-23,1,PR,auto,0.0
base,moving_average,2018-07-23,2018-07-30,2,PR,auto,0.0
base,moving_average,2018-07-23,2018-08-06,3,PR,auto,0.0
base,moving_average,2018-07-23,2018-08-13,4,PR,auto,0.0
base,moving_average,2018-07-23,2018-07-23,1,PR,bed_bath_table,0.0
base,moving_average,2018-07-23,2018-07-30,2,PR,bed_bath_table,0.0
base,moving_average,2018-07-23,2018-08-06,3,PR,bed_bath_table,0.0
base,moving_average,2018-07-23,2018-08-13,4,PR,bed_bath_table,0.0
base,moving_average,2018-07-23,2018-07-23,1,PR,computers_accessories,0.0
base,moving_average,2018-07-23,2018-07-30,2,PR,computers_accessories,0.0
base,moving_average,2018-07-23,2018-08-06,3,PR,computers_accessories,0.0
base,moving_average,2018-07-23,2018-08-13,4,PR,computers_accessories,0.0
base,moving_average,2018-07-23,2018-07-23,1,PR,furniture_decor,0.0
base,moving_average,2018-07-23,2018-07-30,2,PR,furniture_decor,0.0
base,moving_average,2018-07-23,2018-08-06,3,PR,furniture_decor,0.0
base,moving_average,2018-07-23,2018-08-13,4,PR,furniture_decor,0.0
base,moving_average,2018-07-23,2018-07-23,1,PR,garden_tools,0.0
base,moving_average,2018-07-23,2018-07-30,2,PR,garden_tools,0.0
base,moving_average,2018-07-23,2018-08-06,3,PR,garden_tools,0.0
base,moving_average,2018-07-23,2018-08-13,4,PR,garden_tools,0.0
base,moving_average,2018-07-23,2018-07-23,1,PR,health_beauty,0.0
base,moving_average,2018-07-23,2018-07-30,2,PR,health_beauty,0.0
base,moving_average,2018-07-23,2018-08-06,3,PR,health_beauty,0.0
base,moving_average,2018-07-23,2018-08-13,4,PR,health_beauty,0.0
base,moving_average,2018-07-23,2018-07-23,1,PR,housewares,0.0
base,moving_average,2018-07-23,2018-07-30,2,PR,housewares,0.0
base,moving_average,2018-07-23,2018-08-06,3,PR,housewares,0.0
base,moving_average,2018-07-23,2018-08-13,4,PR,housewares,0.0
base,moving_average,2018-07-23,2018-07-23,1,PR,sports_leisure,0.0
base,moving_average,2018-07-23,2018-07-30,2,PR,sports_leisure,0.0
base,moving_average,2018-07-23,2018-08-06,3,PR,sports_leisure,0.0
base,moving_average,2018-07-23,2018-08-13,4,PR,sports_leisure,0.0
base,moving_average,2018-07-23,2018-07-23,1,PR,telephony,0.0
base,moving_average,2018-07-23,2018-07-30,2,PR,telephony,0.0
base,moving_average,2018-07-23,2018-08-06,3,PR,telephony,0.0
base,moving_average,2018-07-23,2018-08-13,4,PR,telephony,0.0
base,moving_average,2018-07-23,2018-07-23,1,PR,watches_gifts,0.0
base,moving_average,2018-07-23,2018-07-30,2,PR,watches_gifts,0.0
base,moving_average,2018-07-23,2018-08-06,3,PR,watches_gifts,0.0
base,moving_average,2018-07-23,2018-08-13,4,PR,watches_gifts,0.0
base,moving_average,2018-07-23,2018-07-23,1,RJ,auto,0.0
base,moving_average,2018-07-23,2018-07-30,2,RJ,auto,0.0
base,moving_average,2018-07-23,2018-08-06,3,RJ,auto,0.0
base,moving_average,2018-07-23,2018-08-13,4,RJ,auto,0.0
base,moving_average,2018-07-23,2018-07-23,1,RJ,bed_bath_table,0.0
base,moving_average,2018-07-23,2018-07-30,2,RJ,bed_bath_table,0.0
base,moving_average,2018-07-23,2018-08-06,3,RJ,bed_bath_table,0.0
base,moving_average,2018-07-23,2018-08-13,4,RJ,bed_bath_table,0.0
base,moving_average,2018-07-23,2018-07-23,1,RJ,computers_accessories,0.0
base,moving_average,2018-07-23,2018-07-30,2,RJ,computers_accessories,0.0
base,moving_average,2018-07-23,2018-08-06,3,RJ,computers_accessories,0.0
base,moving_average,2018-07-23,2018-08-13,4,RJ,computers_accessories,0.0
base,moving_average,2018-07-23,2018-07-23,1,RJ,furniture_decor,0.0
base,moving_average,2018-07-23,2018-07-30,2,RJ,furniture_decor,0.0
base,moving_average,2018-07-23,2018-08-06,3,RJ,furniture_decor,0.0
base,moving_average,2018-07-23,2018-08-13,4,RJ,furniture_decor,0.0
base,moving_average,2018-07-23,2018-07-23,1,RJ,garden_tools,0.0
base,moving_average,2018-07-23,2018-07-30,2,RJ,garden_tools,0.0
base,moving_average,2018-07-23,2018-08-06,3,RJ,garden_tools,0.0
base,moving_average,2018-07-23,2018-08-13,4,RJ,garden_tools,0.0
base,moving_average,2018-07-23,2018-07-23,1,RJ,health_beauty,0.0
base,moving_average,2018-07-23,2018-07-30,2,RJ,health_beauty,0.0
base,moving_average,2018-07-23,2018-08-06,3,RJ,health_beauty,0.0
base,moving_average,2018-07-23,2018-08-13,4,RJ,health_beauty,0.0
base,moving_average,2018-07-23,2018-07-23,1,RJ,housewares,0.0
base,moving_average,2018-07-23,2018-07-30,2,RJ,housewares,0.0
base,moving_average,2018-07-23,2018-08-06,3,RJ,housewares,0.0
base,moving_average,2018-07-23,2018-08-13,4,RJ,housewares,0.0
base,moving_average,2018-07-23,2018-07-23,1,RJ,sports_leisure,5.0
base,moving_average,2018-07-23,2018-07-30,2,RJ,sports_leisure,0.0
base,moving_average,2018-07-23,2018-08-06,3,RJ,sports_leisure,0.0
base,moving_average,2018-07-23,2018-08-13,4,RJ,sports_leisure,0.0
base,moving_average,2018-07-23,2018-07-23,1,RJ,telephony,0.0
base,moving_average,2018-07-23,2018-07-30,2,RJ,telephony,0.0
base,moving_average,2018-07-23,2018-08-06,3,RJ,telephony,0.0
base,moving_average,2018-07-23,2018-08-13,4,RJ,telephony,0.0
base,moving_average,2018-07-23,2018-07-23,1,RJ,watches_gifts,0.0
base,moving_average,2018-07-23,2018-07-30,2,RJ,watches_gifts,0.0
base,moving_average,2018-07-23,2018-08-06,3,RJ,watches_gifts,0.0
base,moving_average,2018-07-23,2018-08-13,4,RJ,watches_gifts,0.0
base,moving_average,2018-07-23,2018-07-23,1,RS,auto,0.0
base,moving_average,2018-07-23,2018-07-30,2,RS,auto,0.0
base,moving_average,2018-07-23,2018-08-06,3,RS,auto,0.0
base,moving_average,2018-07-23,2018-08-13,4,RS,auto,0.0
base,moving_average,2018-07-23,2018-07-23,1,RS,bed_bath_table,0.0
base,moving_average,2018-07-23,2018-07-30,2,RS,bed_bath_table,0.0
base,moving_average,2018-07-23,2018-08-06,3,RS,bed_bath_table,0.0
base,moving_average,2018-07-23,2018-08-13,4,RS,bed_bath_table,0.0
base,moving_average,2018-07-23,2018-07-23,1,RS,computers_accessories,0.0
base,moving_average,2018-07-23,2018-07-30,2,RS,computers_accessories,0.0
base,moving_average,2018-07-23,2018-08-06,3,RS,computers_accessories,0.0
base,moving_average,2018-07-23,2018-08-13,4,RS,computers_accessories,0.0
base,moving_average,2018-07-23,2018-07-23,1,RS,furniture_decor,0.0
base,moving_average,2018-07-23,2018-07-30,2,RS,furniture_decor,0.0
base,moving_average,2018-07-23,2018-08-06,3,RS,furniture_decor,0.0
base,moving_average,2018-07-23,2018-08-13,4,RS,furniture_decor,0.0
base,moving_average,2018-07-23,2018-07-23,1,RS,garden_tools,1.0
base,moving_average,2018-07-23,2018-07-30,2,RS,garden_tools,0.0
base,moving_average,2018-07-23,2018-08-06,3,RS,garden_tools,0.0
base,moving_average,2018-07-23,2018-08-13,4,RS,garden_tools,0.0
base,moving_average,2018-07-23,2018-07-23,1,RS,health_beauty,0.0
base,moving_average,2018-07-23,2018-07-30,2,RS,health_beauty,0.0
base,moving_average,2018-07-23,2018-08-06,3,RS,health_beauty,0.0
base,moving_average,2018-07-23,2018-08-13,4,RS,health_beauty,0.0
base,moving_average,2018-07-23,2018-07-23,1,RS,housewares,0.0
base,moving_average,2018-07-23,2018-07-30,2,RS,housewares,0.0
base,moving_average,2018-07-23,2018-08-06,3,RS,housewares,0.0
base,moving_average,2018-07-23,2018-08-13,4,RS,housewares,0.0
base,moving_average,2018-07-23,2018-07-23,1,RS,sports_leisure,0.0
base,moving_average,2018-07-23,2018-07-30,2,RS,sports_leisure,0.0
base,moving_average,2018-07-23,2018-08-06,3,RS,sports_leisure,0.0
base,moving_average,2018-07-23,2018-08-13,4,RS,sports_leisure,0.0
base,moving_average,2018-07-23,2018-07-23,1,RS,telephony,0.0
base,moving_average,2018-07-23,2018-07-30,2,RS,telephony,0.0
base,moving_average,2018-07-23,2018-08-06,3,RS,telephony,0.0
base,moving_average,2018-07-23,2018-08-13,4,RS,telephony,0.0
base,moving_average,2018-07-23,2018-07-23,1,RS,watches_gifts,0.0
base,moving_average,2018-07-23,2018-07-30,2,RS,watches_gifts,0.0
base,moving_average,2018-07-23,2018-08-06,3,RS,watches_gifts,0.0
base,moving_average,2018-07-23,2018-08-13,4,RS,watches_gifts,0.0
base,moving_average,2018-07-23,2018-07-23,1,SC,auto,0.0
base,moving_average,2018-07-23,2018-07-30,2,SC,auto,0.0
base,moving_average,2018-07-23,2018-08-06,3,SC,auto,0.0
base,moving_average,2018-07-23,2018-08-13,4,SC,auto,0.0
base,moving_average,2018-07-23,2018-07-23,1,SC,bed_bath_table,0.0
base,moving_average,2018-07-23,2018-07-30,2,SC,bed_bath_table,0.0
base,moving_average,2018-07-23,2018-08-06,3,SC,bed_bath_table,0.0
base,moving_average,2018-07-23,2018-08-13,4,SC,bed_bath_table,0.0
base,moving_average,2018-07-23,2018-07-23,1,SC,computers_accessories,2.0
base,moving_average,2018-07-23,2018-07-30,2,SC,computers_accessories,0.0
base,moving_average,2018-07-23,2018-08-06,3,SC,computers_accessories,0.0
base,moving_average,2018-07-23,2018-08-13,4,SC,computers_accessories,0.0
base,moving_average,2018-07-23,2018-07-23,1,SC,furniture_decor,0.0
base,moving_average,2018-07-23,2018-07-30,2,SC,furniture_decor,0.0
base,moving_average,2018-07-23,2018-08-06,3,SC,furniture_decor,0.0
base,moving_average,2018-07-23,2018-08-13,4,SC,furniture_decor,0.0
base,moving_average,2018-07-23,2018-07-23,1,SC,garden_tools,4.0
base,moving_average,2018-07-23,2018-07-30,2,SC,garden_tools,2.0
base,moving_average,2018-07-23,2018-08-06,3,SC,garden_tools,0.0
base,moving_average,2018-07-23,2018-08-13,4,SC,garden_tools,0.0
base,moving_average,2018-07-23,2018-07-23,1,SC,health_beauty,0.0
base,moving_average,2018-07-23,2018-07-30,2,SC,health_beauty,0.0
base,moving_average,2018-07-23,2018-08-06,3,SC,health_beauty,0.0
base,moving_average,2018-07-23,2018-08-13,4,SC,health_beauty,0.0
base,moving_average,2018-07-23,2018-07-23,1,SC,housewares,0.0
base,moving_average,2018-07-23,2018-07-30,2,SC,housewares,0.0
base,moving_average,2018-07-23,2018-08-06,3,SC,housewares,0.0
base,moving_average,2018-07-23,2018-08-13,4,SC,housewares,0.0
base,moving_average,2018-07-23,2018-07-23,1,SC,sports_leisure,0.0
base,moving_average,2018-07-23,2018-07-30,2,SC,sports_leisure,0.0
base,moving_average,2018-07-23,2018-08-06,3,SC,sports_leisure,0.0
base,moving_average,2018-07-23,2018-08-13,4,SC,sports_leisure,0.0
base,moving_average,2018-07-23,2018-07-23,1,SC,telephony,0.0
base,moving_average,2018-07-23,2018-07-30,2,SC,telephony,0.0
base,moving_average,2018-07-23,2018-08-06,3,SC,telephony,0.0
base,moving_average,2018-07-23,2018-08-13,4,SC,telephony,0.0
base,moving_average,2018-07-23,2018-07-23,1,SC,watches_gifts,0.0
base,moving_average,2018-07-23,2018-07-30,2,SC,watches_gifts,0.0
base,moving_average,2018-07-23,2018-08-06,3,SC,watches_gifts,0.0
base,moving_average,2018-07-23,2018-08-13,4,SC,watches_gifts,0.0
base,moving_average,2018-07-23,2018-07-23,1,SP,auto,0.0
base,moving_average,2018-07-23,2018-07-30,2,SP,auto,0.0
base,moving_average,2018-07-23,2018-08-06,3,SP,auto,0.0
base,moving_average,2018-07-23,2018-08-13,4,SP,auto,0.0
base,moving_average,2018-07-23,2018-07-23,1,SP,bed_bath_table,0.0
base,moving_average,2018-07-23,2018-07-30,2,SP,bed_bath_table,0.0
base,moving_average,2018-07-23,2018-08-06,3,SP,bed_bath_table,0.0
base,moving_average,2018-07-23,2018-08-13,4,SP,bed_bath_table,0.0
base,moving_average,2018-07-23,2018-07-23,1,SP,computers_accessories,1.0
base,moving_average,2018-07-23,2018-07-30,2,SP,computers_accessories,0.0
base,moving_average,2018-07-23,2018-08-06,3,SP,computers_accessories,0.0
base,moving_average,2018-07-23,2018-08-13,4,SP,computers_accessories,0.0
base,moving_average,2018-07-23,2018-07-23,1,SP,furniture_decor,0.0
base,moving_average,2018-07-23,2018-07-30,2,SP,furniture_decor,0.0
base,moving_average,2018-07-23,2018-08-06,3,SP,furniture_decor,0.0
base,moving_average,2018-07-23,2018-08-13,4,SP,furniture_decor,0.0
base,moving_average,2018-07-23,2018-07-23,1,SP,garden_tools,12.0
base,moving_average,2018-07-23,2018-07-30,2,SP,garden_tools,0.0
base,moving_average,2018-07-23,2018-08-06,3,SP,garden_tools,0.0
base,moving_average,2018-07-23,2018-08-13,4,SP,garden_tools,0.0
base,moving_average,2018-07-23,2018-07-23,1,SP,health_beauty,0.0
base,moving_average,2018-07-23,2018-07-30,2,SP,health_beauty,0.0
base,moving_average,2018-07-23,2018-08-06,3,SP,health_beauty,0.0
base,moving_average,2018-07-23,2018-08-13,4,SP,health_beauty,0.0
base,moving_average,2018-07-23,2018-07-23,1,SP,housewares,0.0
base,moving_average,2018-07-23,2018-07-30,2,SP,housewares,0.0
base,moving_average,2018-07-23,2018-08-06,3,SP,housewares,0.0
base,moving_average,2018-07-23,2018-08-13,4,SP,housewares,0.0
base,moving_average,2018-07-23,2018-07-23,1,SP,sports_leisure,13.0
base,moving_average,2018-07-23,2018-07-30,2,SP,sports_leisure,0.0
base,moving_average,2018-07-23,2018-08-06,3,SP,sports_leisure,0.0
base,moving_average,2018-07-23,2018-08-13,4,SP,sports_leisure,0.0
base,moving_average,2018-07-23,2018-07-23,1,SP,telephony,0.0
base,moving_average,2018-07-23,2018-07-30,2,SP,telephony,0.0
base,moving_average,2018-07-23,2018-08-06,3,SP,telephony,0.0
base,moving_average,2018-07-23,2018-08-13,4,SP,telephony,0.0
base,moving_average,2018-07-23,2018-07-23,1,SP,watches_gifts,0.0
base,moving_average,2018-07-23,2018-07-30,2,SP,watches_gifts,0.0
base,moving_average,2018-07-23,2018-08-06,3,SP,watches_gifts,0.0
base,moving_average,2018-07-23,2018-08-13,4,SP,watches_gifts,0.0
base,moving_average,2018-07-30,2018-07-30,1,MG,auto,0.0
base,moving_average,2018-07-30,2018-08-06,2,MG,auto,0.0
base,moving_average,2018-07-30,2018-08-13,3,MG,auto,0.0
base,moving_average,2018-07-30,2018-08-20,4,MG,auto,0.0
base,moving_average,2018-07-30,2018-07-30,1,MG,bed_bath_table,0.0
base,moving_average,2018-07-30,2018-08-06,2,MG,bed_bath_table,0.0
base,moving_average,2018-07-30,2018-08-13,3,MG,bed_bath_table,0.0
base,moving_average,2018-07-30,2018-08-20,4,MG,bed_bath_table,0.0
base,moving_average,2018-07-30,2018-07-30,1,MG,computers_accessories,0.0
base,moving_average,2018-07-30,2018-08-06,2,MG,computers_accessories,0.0
base,moving_average,2018-07-30,2018-08-13,3,MG,computers_accessories,0.0
base,moving_average,2018-07-30,2018-08-20,4,MG,computers_accessories,0.0
base,moving_average,2018-07-30,2018-07-30,1,MG,furniture_decor,0.0
base,moving_average,2018-07-30,2018-08-06,2,MG,furniture_decor,0.0
base,moving_average,2018-07-30,2018-08-13,3,MG,furniture_decor,0.0
base,moving_average,2018-07-30,2018-08-20,4,MG,furniture_decor,0.0
base,moving_average,2018-07-30,2018-07-30,1,MG,garden_tools,0.0
base,moving_average,2018-07-30,2018-08-06,2,MG,garden_tools,0.0
base,moving_average,2018-07-30,2018-08-13,3,MG,garden_tools,0.0
base,moving_average,2018-07-30,2018-08-20,4,MG,garden_tools,0.0
base,moving_average,2018-07-30,2018-07-30,1,MG,health_beauty,14.0
base,moving_average,2018-07-30,2018-08-06,2,MG,health_beauty,0.0
base,moving_average,2018-07-30,2018-08-13,3,MG,health_beauty,0.0
base,moving_average,2018-07-30,2018-08-20,4,MG,health_beauty,0.0
base,moving_average,2018-07-30,2018-07-30,1,MG,housewares,0.0
base,moving_average,2018-07-30,2018-08-06,2,MG,housewares,0.0
base,moving_average,2018-07-30,2018-08-13,3,MG,housewares,0.0
base,moving_average,2018-07-30,2018-08-20,4,MG,housewares,0.0
base,moving_average,2018-07-30,2018-07-30,1,MG,sports_leisure,0.0
base,moving_average,2018-07-30,2018-08-06,2,MG,sports_leisure,0.0
base,moving_average,2018-07-30,2018-08-13,3,MG,sports_leisure,0.0
base,moving_average,2018-07-30,2018-08-20,4,MG,sports_leisure,0.0
base,moving_average,2018-07-30,2018-07-30,1,MG,telephony,0.0
base,moving_average,2018-07-30,2018-08-06,2,MG,telephony,0.0
base,moving_average,2018-07-30,2018-08-13,3,MG,telephony,0.0
base,moving_average,2018-07-30,2018-08-20,4,MG,telephony,0.0
base,moving_average,2018-07-30,2018-07-30,1,MG,watches_gifts,0.0
base,moving_average,2018-07-30,2018-08-06,2,MG,watches_gifts,0.0
base,moving_average,2018-07-30,2018-08-13,3,MG,watches_gifts,0.0
base,moving_average,2018-07-30,2018-08-20,4,MG,watches_gifts,0.0
base,moving_average,2018-07-30,2018-07-30,1,PR,auto,0.0
base,moving_average,2018-07-30,2018-08-06,2,PR,auto,0.0
base,moving_average,2018-07-30,2018-08-13,3,PR,auto,0.0
base,moving_average,2018-07-30,2018-08-20,4,PR,auto,0.0
base,moving_average,2018-07-30,2018-07-30,1,PR,bed_bath_table,0.0
base,moving_average,2018-07-30,2018-08-06,2,PR,bed_bath_table,0.0
base,moving_average,2018-07-30,2018-08-13,3,PR,bed_bath_table,0.0
base,moving_average,2018-07-30,2018-08-20,4,PR,bed_bath_table,0.0
base,moving_average,2018-07-30,2018-07-30,1,PR,computers_accessories,0.0
base,moving_average,2018-07-30,2018-08-06,2,PR,computers_accessories,0.0
base,moving_average,2018-07-30,2018-08-13,3,PR,computers_accessories,0.0
base,moving_average,2018-07-30,2018-08-20,4,PR,computers_accessories,0.0
base,moving_average,2018-07-30,2018-07-30,1,PR,furniture_decor,0.0
base,moving_average,2018-07-30,2018-08-06,2,PR,furniture_decor,0.0
base,moving_average,2018-07-30,2018-08-13,3,PR,furniture_decor,0.0
base,moving_average,2018-07-30,2018-08-20,4,PR,furniture_decor,0.0
base,moving_average,2018-07-30,2018-07-30,1,PR,garden_tools,0.0
base,moving_average,2018-07-30,2018-08-06,2,PR,garden_tools,0.0
base,moving_average,2018-07-30,2018-08-13,3,PR,garden_tools,0.0
base,moving_average,2018-07-30,2018-08-20,4,PR,garden_tools,0.0
base,moving_average,2018-07-30,2018-07-30,1,PR,health_beauty,0.0
base,moving_average,2018-07-30,2018-08-06,2,PR,health_beauty,0.0
base,moving_average,2018-07-30,2018-08-13,3,PR,health_beauty,0.0
base,moving_average,2018-07-30,2018-08-20,4,PR,health_beauty,0.0
base,moving_average,2018-07-30,2018-07-30,1,PR,housewares,0.0
base,moving_average,2018-07-30,2018-08-06,2,PR,housewares,1.0
base,moving_average,2018-07-30,2018-08-13,3,PR,housewares,0.0
base,moving_average,2018-07-30,2018-08-20,4,PR,housewares,0.0
base,moving_average,2018-07-30,2018-07-30,1,PR,sports_leisure,0.0
base,moving_average,2018-07-30,2018-08-06,2,PR,sports_leisure,0.0
base,moving_average,2018-07-30,2018-08-13,3,PR,sports_leisure,0.0
base,moving_average,2018-07-30,2018-08-20,4,PR,sports_leisure,0.0
base,moving_average,2018-07-30,2018-07-30,1,PR,telephony,0.0
base,moving_average,2018-07-30,2018-08-06,2,PR,telephony,0.0
base,moving_average,2018-07-30,2018-08-13,3,PR,telephony,0.0
base,moving_average,2018-07-30,2018-08-20,4,PR,telephony,0.0
base,moving_average,2018-07-30,2018-07-30,1,PR,watches_gifts,6.0
base,moving_average,2018-07-30,2018-08-06,2,PR,watches_gifts,0.0
base,moving_average,2018-07-30,2018-08-13,3,PR,watches_gifts,0.0
base,moving_average,2018-07-30,2018-08-20,4,PR,watches_gifts,0.0
base,moving_average,2018-07-30,2018-07-30,1,RJ,auto,0.0
base,moving_average,2018-07-30,2018-08-06,2,RJ,auto,0.0
base,moving_average,2018-07-30,2018-08-13,3,RJ,auto,0.0
base,moving_average,2018-07-30,2018-08-20,4,RJ,auto,0.0
base,moving_average,2018-07-30,2018-07-30,1,RJ,bed_bath_table,0.0
base,moving_average,2018-07-30,2018-08-06,2,RJ,bed_bath_table,0.0
base,moving_average,2018-07-30,2018-08-13,3,RJ,bed_bath_table,0.0
base,moving_average,2018-07-30,2018-08-20,4,RJ,bed_bath_table,0.0
base,moving_average,2018-07-30,2018-07-30,1,RJ,computers_accessories,0.0
base,moving_average,2018-07-30,2018-08-06,2,RJ,computers_accessories,0.0
base,moving_average,2018-07-30,2018-08-13,3,RJ,computers_accessories,0.0
base,moving_average,2018-07-30,2018-08-20,4,RJ,computers_accessories,0.0
base,moving_average,2018-07-30,2018-07-30,1,RJ,furniture_decor,0.0
base,moving_average,2018-07-30,2018-08-06,2,RJ,furniture_decor,0.0
base,moving_average,2018-07-30,2018-08-13,3,RJ,furniture_decor,0.0
base,moving_average,2018-07-30,2018-08-20,4,RJ,furniture_decor,0.0
base,moving_average,2018-07-30,2018-07-30,1,RJ,garden_tools,0.0
base,moving_average,2018-07-30,2018-08-06,2,RJ,garden_tools,0.0
base,moving_average,2018-07-30,2018-08-13,3,RJ,garden_tools,0.0
base,moving_average,2018-07-30,2018-08-20,4,RJ,garden_tools,0.0
base,moving_average,2018-07-30,2018-07-30,1,RJ,health_beauty,14.0
base,moving_average,2018-07-30,2018-08-06,2,RJ,health_beauty,0.0
base,moving_average,2018-07-30,2018-08-13,3,RJ,health_beauty,0.0
base,moving_average,2018-07-30,2018-08-20,4,RJ,health_beauty,0.0
base,moving_average,2018-07-30,2018-07-30,1,RJ,housewares,0.0
base,moving_average,2018-07-30,2018-08-06,2,RJ,housewares,0.0
base,moving_average,2018-07-30,2018-08-13,3,RJ,housewares,0.0
base,moving_average,2018-07-30,2018-08-20,4,RJ,housewares,0.0
base,moving_average,2018-07-30,2018-07-30,1,RJ,sports_leisure,0.0
base,moving_average,2018-07-30,2018-08-06,2,RJ,sports_leisure,0.0
base,moving_average,2018-07-30,2018-08-13,3,RJ,sports_leisure,0.0
base,moving_average,2018-07-30,2018-08-20,4,RJ,sports_leisure,0.0
base,moving_average,2018-07-30,2018-07-30,1,RJ,telephony,0.0
base,moving_average,2018-07-30,2018-08-06,2,RJ,telephony,0.0
base,moving_average,2018-07-30,2018-08-13,3,RJ,telephony,0.0
base,moving_average,2018-07-30,2018-08-20,4,RJ,telephony,0.0
base,moving_average,2018-07-30,2018-07-30,1,RJ,watches_gifts,8.0
base,moving_average,2018-07-30,2018-08-06,2,RJ,watches_gifts,0.0
base,moving_average,2018-07-30,2018-08-13,3,RJ,watches_gifts,0.0
base,moving_average,2018-07-30,2018-08-20,4,RJ,watches_gifts,0.0
base,moving_average,2018-07-30,2018-07-30,1,RS,auto,0.0
base,moving_average,2018-07-30,2018-08-06,2,RS,auto,0.0
base,moving_average,2018-07-30,2018-08-13,3,RS,auto,0.0
base,moving_average,2018-07-30,2018-08-20,4,RS,auto,0.0
base,moving_average,2018-07-30,2018-07-30,1,RS,bed_bath_table,0.0
base,moving_average,2018-07-30,2018-08-06,2,RS,bed_bath_table,0.0
base,moving_average,2018-07-30,2018-08-13,3,RS,bed_bath_table,0.0
base,moving_average,2018-07-30,2018-08-20,4,RS,bed_bath_table,0.0
base,moving_average,2018-07-30,2018-07-30,1,RS,computers_accessories,0.0
base,moving_average,2018-07-30,2018-08-06,2,RS,computers_accessories,0.0
base,moving_average,2018-07-30,2018-08-13,3,RS,computers_accessories,0.0
base,moving_average,2018-07-30,2018-08-20,4,RS,computers_accessories,0.0
base,moving_average,2018-07-30,2018-07-30,1,RS,furniture_decor,0.0
base,moving_average,2018-07-30,2018-08-06,2,RS,furniture_decor,0.0
base,moving_average,2018-07-30,2018-08-13,3,RS,furniture_decor,0.0
base,moving_average,2018-07-30,2018-08-20,4,RS,furniture_decor,0.0
base,moving_average,2018-07-30,2018-07-30,1,RS,garden_tools,0.0
base,moving_average,2018-07-30,2018-08-06,2,RS,garden_tools,0.0
base,moving_average,2018-07-30,2018-08-13,3,RS,garden_tools,0.0
base,moving_average,2018-07-30,2018-08-20,4,RS,garden_tools,0.0
base,moving_average,2018-07-30,2018-07-30,1,RS,health_beauty,6.0
base,moving_average,2018-07-30,2018-08-06,2,RS,health_beauty,0.0
base,moving_average,2018-07-30,2018-08-13,3,RS,health_beauty,0.0
base,moving_average,2018-07-30,2018-08-20,4,RS,health_beauty,0.0
base,moving_average,2018-07-30,2018-07-30,1,RS,housewares,0.0
base,moving_average,2018-07-30,2018-08-06,2,RS,housewares,0.0
base,moving_average,2018-07-30,2018-08-13,3,RS,housewares,0.0
base,moving_average,2018-07-30,2018-08-20,4,RS,housewares,0.0
base,moving_average,2018-07-30,2018-07-30,1,RS,sports_leisure,0.0
base,moving_average,2018-07-30,2018-08-06,2,RS,sports_leisure,0.0
base,moving_average,2018-07-30,2018-08-13,3,RS,sports_leisure,0.0
base,moving_average,2018-07-30,2018-08-20,4,RS,sports_leisure,0.0
base,moving_average,2018-07-30,2018-07-30,1,RS,telephony,0.0
base,moving_average,2018-07-30,2018-08-06,2,RS,telephony,0.0
base,moving_average,2018-07-30,2018-08-13,3,RS,telephony,0.0
base,moving_average,2018-07-30,2018-08-20,4,RS,telephony,0.0
base,moving_average,2018-07-30,2018-07-30,1,RS,watches_gifts,2.0
base,moving_average,2018-07-30,2018-08-06,2,RS,watches_gifts,0.0
base,moving_average,2018-07-30,2018-08-13,3,RS,watches_gifts,0.0
base,moving_average,2018-07-30,2018-08-20,4,RS,watches_gifts,0.0
base,moving_average,2018-07-30,2018-07-30,1,SC,auto,0.0
base,moving_average,2018-07-30,2018-08-06,2,SC,auto,0.0
base,moving_average,2018-07-30,2018-08-13,3,SC,auto,0.0
base,moving_average,2018-07-30,2018-08-20,4,SC,auto,0.0
base,moving_average,2018-07-30,2018-07-30,1,SC,bed_bath_table,0.0
base,moving_average,2018-07-30,2018-08-06,2,SC,bed_bath_table,0.0
base,moving_average,2018-07-30,2018-08-13,3,SC,bed_bath_table,0.0
base,moving_average,2018-07-30,2018-08-20,4,SC,bed_bath_table,0.0
base,moving_average,2018-07-30,2018-07-30,1,SC,computers_accessories,0.0
base,moving_average,2018-07-30,2018-08-06,2,SC,computers_accessories,0.0
base,moving_average,2018-07-30,2018-08-13,3,SC,computers_accessories,0.0
base,moving_average,2018-07-30,2018-08-20,4,SC,computers_accessories,0.0
base,moving_average,2018-07-30,2018-07-30,1,SC,furniture_decor,0.0
base,moving_average,2018-07-30,2018-08-06,2,SC,furniture_decor,0.0
base,moving_average,2018-07-30,2018-08-13,3,SC,furniture_decor,0.0
base,moving_average,2018-07-30,2018-08-20,4,SC,furniture_decor,0.0
base,moving_average,2018-07-30,2018-07-30,1,SC,garden_tools,0.0
base,moving_average,2018-07-30,2018-08-06,2,SC,garden_tools,0.0
base,moving_average,2018-07-30,2018-08-13,3,SC,garden_tools,0.0
base,moving_average,2018-07-30,2018-08-20,4,SC,garden_tools,0.0
base,moving_average,2018-07-30,2018-07-30,1,SC,health_beauty,0.0
base,moving_average,2018-07-30,2018-08-06,2,SC,health_beauty,0.0
base,moving_average,2018-07-30,2018-08-13,3,SC,health_beauty,0.0
base,moving_average,2018-07-30,2018-08-20,4,SC,health_beauty,0.0
base,moving_average,2018-07-30,2018-07-30,1,SC,housewares,0.0
base,moving_average,2018-07-30,2018-08-06,2,SC,housewares,0.0
base,moving_average,2018-07-30,2018-08-13,3,SC,housewares,0.0
base,moving_average,2018-07-30,2018-08-20,4,SC,housewares,0.0
base,moving_average,2018-07-30,2018-07-30,1,SC,sports_leisure,0.0
base,moving_average,2018-07-30,2018-08-06,2,SC,sports_leisure,0.0
base,moving_average,2018-07-30,2018-08-13,3,SC,sports_leisure,0.0
base,moving_average,2018-07-30,2018-08-20,4,SC,sports_leisure,0.0
base,moving_average,2018-07-30,2018-07-30,1,SC,telephony,0.0
base,moving_average,2018-07-30,2018-08-06,2,SC,telephony,0.0
base,moving_average,2018-07-30,2018-08-13,3,SC,telephony,0.0
base,moving_average,2018-07-30,2018-08-20,4,SC,telephony,0.0
base,moving_average,2018-07-30,2018-07-30,1,SC,watches_gifts,0.0
base,moving_average,2018-07-30,2018-08-06,2,SC,watches_gifts,0.0
base,moving_average,2018-07-30,2018-08-13,3,SC,watches_gifts,0.0
base,moving_average,2018-07-30,2018-08-20,4,SC,watches_gifts,0.0
base,moving_average,2018-07-30,2018-07-30,1,SP,auto,0.0
base,moving_average,2018-07-30,2018-08-06,2,SP,auto,0.0
base,moving_average,2018-07-30,2018-08-13,3,SP,auto,0.0
base,moving_average,2018-07-30,2018-08-20,4,SP,auto,0.0
base,moving_average,2018-07-30,2018-07-30,1,SP,bed_bath_table,0.0
base,moving_average,2018-07-30,2018-08-06,2,SP,bed_bath_table,0.0
base,moving_average,2018-07-30,2018-08-13,3,SP,bed_bath_table,0.0
base,moving_average,2018-07-30,2018-08-20,4,SP,bed_bath_table,0.0
base,moving_average,2018-07-30,2018-07-30,1,SP,computers_accessories,0.0
base,moving_average,2018-07-30,2018-08-06,2,SP,computers_accessories,0.0
base,moving_average,2018-07-30,2018-08-13,3,SP,computers_accessories,0.0
base,moving_average,2018-07-30,2018-08-20,4,SP,computers_accessories,0.0
base,moving_average,2018-07-30,2018-07-30,1,SP,furniture_decor,0.0
base,moving_average,2018-07-30,2018-08-06,2,SP,furniture_decor,0.0
base,moving_average,2018-07-30,2018-08-13,3,SP,furniture_decor,0.0
base,moving_average,2018-07-30,2018-08-20,4,SP,furniture_decor,0.0
base,moving_average,2018-07-30,2018-07-30,1,SP,garden_tools,0.0
base,moving_average,2018-07-30,2018-08-06,2,SP,garden_tools,0.0
base,moving_average,2018-07-30,2018-08-13,3,SP,garden_tools,0.0
base,moving_average,2018-07-30,2018-08-20,4,SP,garden_tools,0.0
base,moving_average,2018-07-30,2018-07-30,1,SP,health_beauty,21.0
base,moving_average,2018-07-30,2018-08-06,2,SP,health_beauty,0.0
base,moving_average,2018-07-30,2018-08-13,3,SP,health_beauty,0.0
base,moving_average,2018-07-30,2018-08-20,4,SP,health_beauty,0.0
base,moving_average,2018-07-30,2018-07-30,1,SP,housewares,0.0
base,moving_average,2018-07-30,2018-08-06,2,SP,housewares,0.0
base,moving_average,2018-07-30,2018-08-13,3,SP,housewares,0.0
base,moving_average,2018-07-30,2018-08-20,4,SP,housewares,0.0
base,moving_average,2018-07-30,2018-07-30,1,SP,sports_leisure,0.0
base,moving_average,2018-07-30,2018-08-06,2,SP,sports_leisure,0.0
base,moving_average,2018-07-30,2018-08-13,3,SP,sports_leisure,0.0
base,moving_average,2018-07-30,2018-08-20,4,SP,sports_leisure,0.0
base,moving_average,2018-07-30,2018-07-30,1,SP,telephony,0.0
base,moving_average,2018-07-30,2018-08-06,2,SP,telephony,0.0
base,moving_average,2018-07-30,2018-08-13,3,SP,telephony,0.0
base,moving_average,2018-07-30,2018-08-20,4,SP,telephony,0.0
base,moving_average,2018-07-30,2018-07-30,1,SP,watches_gifts,2.0
base,moving_average,2018-07-30,2018-08-06,2,SP,watches_gifts,0.0
base,moving_average,2018-07-30,2018-08-13,3,SP,watches_gifts,0.0
base,moving_average,2018-07-30,2018-08-20,4,SP,watches_gifts,0.0
base,moving_average,2018-08-06,2018-08-06,1,MG,auto,0.0
base,moving_average,2018-08-06,2018-08-13,2,MG,auto,0.0
base,moving_average,2018-08-06,2018-08-20,3,MG,auto,0.0
base,moving_average,2018-08-06,2018-08-27,4,MG,auto,0.0
base,moving_average,2018-08-06,2018-08-06,1,MG,bed_bath_table,0.0
base,moving_average,2018-08-06,2018-08-13,2,MG,bed_bath_table,0.0
base,moving_average,2018-08-06,2018-08-20,3,MG,bed_bath_table,0.0
base,moving_average,2018-08-06,2018-08-27,4,MG,bed_bath_table,0.0
base,moving_average,2018-08-06,2018-08-06,1,MG,computers_accessories,0.0
base,moving_average,2018-08-06,2018-08-13,2,MG,computers_accessories,0.0
base,moving_average,2018-08-06,2018-08-20,3,MG,computers_accessories,0.0
base,moving_average,2018-08-06,2018-08-27,4,MG,computers_accessories,0.0
base,moving_average,2018-08-06,2018-08-06,1,MG,furniture_decor,0.0
base,moving_average,2018-08-06,2018-08-13,2,MG,furniture_decor,0.0
base,moving_average,2018-08-06,2018-08-20,3,MG,furniture_decor,0.0
base,moving_average,2018-08-06,2018-08-27,4,MG,furniture_decor,0.0
base,moving_average,2018-08-06,2018-08-06,1,MG,garden_tools,0.0
base,moving_average,2018-08-06,2018-08-13,2,MG,garden_tools,0.0
base,moving_average,2018-08-06,2018-08-20,3,MG,garden_tools,0.0
base,moving_average,2018-08-06,2018-08-27,4,MG,garden_tools,0.0
base,moving_average,2018-08-06,2018-08-06,1,MG,health_beauty,0.0
base,moving_average,2018-08-06,2018-08-13,2,MG,health_beauty,0.0
base,moving_average,2018-08-06,2018-08-20,3,MG,health_beauty,1.0
base,moving_average,2018-08-06,2018-08-27,4,MG,health_beauty,0.0
base,moving_average,2018-08-06,2018-08-06,1,MG,housewares,0.0
base,moving_average,2018-08-06,2018-08-13,2,MG,housewares,0.0
base,moving_average,2018-08-06,2018-08-20,3,MG,housewares,0.0
base,moving_average,2018-08-06,2018-08-27,4,MG,housewares,0.0
base,moving_average,2018-08-06,2018-08-06,1,MG,sports_leisure,0.0
base,moving_average,2018-08-06,2018-08-13,2,MG,sports_leisure,0.0
base,moving_average,2018-08-06,2018-08-20,3,MG,sports_leisure,0.0
base,moving_average,2018-08-06,2018-08-27,4,MG,sports_leisure,0.0
base,moving_average,2018-08-06,2018-08-06,1,MG,telephony,0.0
base,moving_average,2018-08-06,2018-08-13,2,MG,telephony,0.0
base,moving_average,2018-08-06,2018-08-20,3,MG,telephony,0.0
base,moving_average,2018-08-06,2018-08-27,4,MG,telephony,0.0
base,moving_average,2018-08-06,2018-08-06,1,MG,watches_gifts,0.0
base,moving_average,2018-08-06,2018-08-13,2,MG,watches_gifts,0.0
base,moving_average,2018-08-06,2018-08-20,3,MG,watches_gifts,0.0
base,moving_average,2018-08-06,2018-08-27,4,MG,watches_gifts,0.0
base,moving_average,2018-08-06,2018-08-06,1,PR,auto,0.0
base,moving_average,2018-08-06,2018-08-13,2,PR,auto,0.0
base,moving_average,2018-08-06,2018-08-20,3,PR,auto,0.0
base,moving_average,2018-08-06,2018-08-27,4,PR,auto,0.0
base,moving_average,2018-08-06,2018-08-06,1,PR,bed_bath_table,0.0
base,moving_average,2018-08-06,2018-08-13,2,PR,bed_bath_table,0.0
base,moving_average,2018-08-06,2018-08-20,3,PR,bed_bath_table,0.0
base,moving_average,2018-08-06,2018-08-27,4,PR,bed_bath_table,0.0
base,moving_average,2018-08-06,2018-08-06,1,PR,computers_accessories,0.0
base,moving_average,2018-08-06,2018-08-13,2,PR,computers_accessories,0.0
base,moving_average,2018-08-06,2018-08-20,3,PR,computers_accessories,0.0
base,moving_average,2018-08-06,2018-08-27,4,PR,computers_accessories,0.0
base,moving_average,2018-08-06,2018-08-06,1,PR,furniture_decor,0.0
base,moving_average,2018-08-06,2018-08-13,2,PR,furniture_decor,0.0
base,moving_average,2018-08-06,2018-08-20,3,PR,furniture_decor,0.0
base,moving_average,2018-08-06,2018-08-27,4,PR,furniture_decor,0.0
base,moving_average,2018-08-06,2018-08-06,1,PR,garden_tools,0.0
base,moving_average,2018-08-06,2018-08-13,2,PR,garden_tools,0.0
base,moving_average,2018-08-06,2018-08-20,3,PR,garden_tools,0.0
base,moving_average,2018-08-06,2018-08-27,4,PR,garden_tools,0.0
base,moving_average,2018-08-06,2018-08-06,1,PR,health_beauty,0.0
base,moving_average,2018-08-06,2018-08-13,2,PR,health_beauty,0.0
base,moving_average,2018-08-06,2018-08-20,3,PR,health_beauty,0.0
base,moving_average,2018-08-06,2018-08-27,4,PR,health_beauty,0.0
base,moving_average,2018-08-06,2018-08-06,1,PR,housewares,0.0
base,moving_average,2018-08-06,2018-08-13,2,PR,housewares,0.0
base,moving_average,2018-08-06,2018-08-20,3,PR,housewares,0.0
base,moving_average,2018-08-06,2018-08-27,4,PR,housewares,0.0
base,moving_average,2018-08-06,2018-08-06,1,PR,sports_leisure,0.0
base,moving_average,2018-08-06,2018-08-13,2,PR,sports_leisure,0.0
base,moving_average,2018-08-06,2018-08-20,3,PR,sports_leisure,0.0
base,moving_average,2018-08-06,2018-08-27,4,PR,sports_leisure,0.0
base,moving_average,2018-08-06,2018-08-06,1,PR,telephony,0.0
base,moving_average,2018-08-06,2018-08-13,2,PR,telephony,0.0
base,moving_average,2018-08-06,2018-08-20,3,PR,telephony,0.0
base,moving_average,2018-08-06,2018-08-27,4,PR,telephony,0.0
base,moving_average,2018-08-06,2018-08-06,1,PR,watches_gifts,0.0
base,moving_average,2018-08-06,2018-08-13,2,PR,watches_gifts,0.0
base,moving_average,2018-08-06,2018-08-20,3,PR,watches_gifts,0.0
base,moving_average,2018-08-06,2018-08-27,4,PR,watches_gifts,0.0
base,moving_average,2018-08-06,2018-08-06,1,RJ,auto,0.0
base,moving_average,2018-08-06,2018-08-13,2,RJ,auto,0.0
base,moving_average,2018-08-06,2018-08-20,3,RJ,auto,0.0
base,moving_average,2018-08-06,2018-08-27,4,RJ,auto,0.0
base,moving_average,2018-08-06,2018-08-06,1,RJ,bed_bath_table,0.0
base,moving_average,2018-08-06,2018-08-13,2,RJ,bed_bath_table,0.0
base,moving_average,2018-08-06,2018-08-20,3,RJ,bed_bath_table,0.0
base,moving_average,2018-08-06,2018-08-27,4,RJ,bed_bath_table,0.0
base,moving_average,2018-08-06,2018-08-06,1,RJ,computers_accessories,0.0
base,moving_average,2018-08-06,2018-08-13,2,RJ,computers_accessories,0.0
base,moving_average,2018-08-06,2018-08-20,3,RJ,computers_accessories,0.0
base,moving_average,2018-08-06,2018-08-27,4,RJ,computers_accessories,0.0
base,moving_average,2018-08-06,2018-08-06,1,RJ,furniture_decor,0.0
base,moving_average,2018-08-06,2018-08-13,2,RJ,furniture_decor,0.0
base,moving_average,2018-08-06,2018-08-20,3,RJ,furniture_decor,0.0
base,moving_average,2018-08-06,2018-08-27,4,RJ,furniture_decor,0.0
base,moving_average,2018-08-06,2018-08-06,1,RJ,garden_tools,0.0
base,moving_average,2018-08-06,2018-08-13,2,RJ,garden_tools,0.0
base,moving_average,2018-08-06,2018-08-20,3,RJ,garden_tools,0.0
base,moving_average,2018-08-06,2018-08-27,4,RJ,garden_tools,0.0
base,moving_average,2018-08-06,2018-08-06,1,RJ,health_beauty,0.0
base,moving_average,2018-08-06,2018-08-13,2,RJ,health_beauty,0.0
base,moving_average,2018-08-06,2018-08-20,3,RJ,health_beauty,0.0
base,moving_average,2018-08-06,2018-08-27,4,RJ,health_beauty,0.0
base,moving_average,2018-08-06,2018-08-06,1,RJ,housewares,0.0
base,moving_average,2018-08-06,2018-08-13,2,RJ,housewares,0.0
base,moving_average,2018-08-06,2018-08-20,3,RJ,housewares,0.0
base,moving_average,2018-08-06,2018-08-27,4,RJ,housewares,0.0
base,moving_average,2018-08-06,2018-08-06,1,RJ,sports_leisure,0.0
base,moving_average,2018-08-06,2018-08-13,2,RJ,sports_leisure,0.0
base,moving_average,2018-08-06,2018-08-20,3,RJ,sports_leisure,0.0
base,moving_average,2018-08-06,2018-08-27,4,RJ,sports_leisure,0.0
base,moving_average,2018-08-06,2018-08-06,1,RJ,telephony,0.0
base,moving_average,2018-08-06,2018-08-13,2,RJ,telephony,0.0
base,moving_average,2018-08-06,2018-08-20,3,RJ,telephony,0.0
base,moving_average,2018-08-06,2018-08-27,4,RJ,telephony,0.0
base,moving_average,2018-08-06,2018-08-06,1,RJ,watches_gifts,0.0
base,moving_average,2018-08-06,2018-08-13,2,RJ,watches_gifts,0.0
base,moving_average,2018-08-06,2018-08-20,3,RJ,watches_gifts,0.0
base,moving_average,2018-08-06,2018-08-27,4,RJ,watches_gifts,0.0
base,moving_average,2018-08-06,2018-08-06,1,RS,auto,0.0
base,moving_average,2018-08-06,2018-08-13,2,RS,auto,0.0
base,moving_average,2018-08-06,2018-08-20,3,RS,auto,0.0
base,moving_average,2018-08-06,2018-08-27,4,RS,auto,0.0
base,moving_average,2018-08-06,2018-08-06,1,RS,bed_bath_table,0.0
base,moving_average,2018-08-06,2018-08-13,2,RS,bed_bath_table,0.0
base,moving_average,2018-08-06,2018-08-20,3,RS,bed_bath_table,0.0
base,moving_average,2018-08-06,2018-08-27,4,RS,bed_bath_table,0.0
base,moving_average,2018-08-06,2018-08-06,1,RS,computers_accessories,0.0
base,moving_average,2018-08-06,2018-08-13,2,RS,computers_accessories,0.0
base,moving_average,2018-08-06,2018-08-20,3,RS,computers_accessories,0.0
base,moving_average,2018-08-06,2018-08-27,4,RS,computers_accessories,0.0
base,moving_average,2018-08-06,2018-08-06,1,RS,furniture_decor,0.0
base,moving_average,2018-08-06,2018-08-13,2,RS,furniture_decor,0.0
base,moving_average,2018-08-06,2018-08-20,3,RS,furniture_decor,0.0
base,moving_average,2018-08-06,2018-08-27,4,RS,furniture_decor,0.0
base,moving_average,2018-08-06,2018-08-06,1,RS,garden_tools,4.0
base,moving_average,2018-08-06,2018-08-13,2,RS,garden_tools,2.0
base,moving_average,2018-08-06,2018-08-20,3,RS,garden_tools,1.0
base,moving_average,2018-08-06,2018-08-27,4,RS,garden_tools,0.0
base,moving_average,2018-08-06,2018-08-06,1,RS,health_beauty,0.0
base,moving_average,2018-08-06,2018-08-13,2,RS,health_beauty,0.0
base,moving_average,2018-08-06,2018-08-20,3,RS,health_beauty,0.0
base,moving_average,2018-08-06,2018-08-27,4,RS,health_beauty,0.0
base,moving_average,2018-08-06,2018-08-06,1,RS,housewares,0.0
base,moving_average,2018-08-06,2018-08-13,2,RS,housewares,0.0
base,moving_average,2018-08-06,2018-08-20,3,RS,housewares,0.0
base,moving_average,2018-08-06,2018-08-27,4,RS,housewares,0.0
base,moving_average,2018-08-06,2018-08-06,1,RS,sports_leisure,0.0
base,moving_average,2018-08-06,2018-08-13,2,RS,sports_leisure,0.0
base,moving_average,2018-08-06,2018-08-20,3,RS,sports_leisure,0.0
base,moving_average,2018-08-06,2018-08-27,4,RS,sports_leisure,0.0
base,moving_average,2018-08-06,2018-08-06,1,RS,telephony,0.0
base,moving_average,2018-08-06,2018-08-13,2,RS,telephony,0.0
base,moving_average,2018-08-06,2018-08-20,3,RS,telephony,0.0
base,moving_average,2018-08-06,2018-08-27,4,RS,telephony,0.0
base,moving_average,2018-08-06,2018-08-06,1,RS,watches_gifts,0.0
base,moving_average,2018-08-06,2018-08-13,2,RS,watches_gifts,0.0
base,moving_average,2018-08-06,2018-08-20,3,RS,watches_gifts,0.0
base,moving_average,2018-08-06,2018-08-27,4,RS,watches_gifts,0.0
base,moving_average,2018-08-06,2018-08-06,1,SC,auto,0.0
base,moving_average,2018-08-06,2018-08-13,2,SC,auto,0.0
base,moving_average,2018-08-06,2018-08-20,3,SC,auto,0.0
base,moving_average,2018-08-06,2018-08-27,4,SC,auto,0.0
base,moving_average,2018-08-06,2018-08-06,1,SC,bed_bath_table,0.0
base,moving_average,2018-08-06,2018-08-13,2,SC,bed_bath_table,0.0
base,moving_average,2018-08-06,2018-08-20,3,SC,bed_bath_table,0.0
base,moving_average,2018-08-06,2018-08-27,4,SC,bed_bath_table,0.0
base,moving_average,2018-08-06,2018-08-06,1,SC,computers_accessories,0.0
base,moving_average,2018-08-06,2018-08-13,2,SC,computers_accessories,0.0
base,moving_average,2018-08-06,2018-08-20,3,SC,computers_accessories,0.0
base,moving_average,2018-08-06,2018-08-27,4,SC,computers_accessories,0.0
base,moving_average,2018-08-06,2018-08-06,1,SC,furniture_decor,0.0
base,moving_average,2018-08-06,2018-08-13,2,SC,furniture_decor,0.0
base,moving_average,2018-08-06,2018-08-20,3,SC,furniture_decor,0.0
base,moving_average,2018-08-06,2018-08-27,4,SC,furniture_decor,0.0
base,moving_average,2018-08-06,2018-08-06,1,SC,garden_tools,5.0
base,moving_average,2018-08-06,2018-08-13,2,SC,garden_tools,1.0
base,moving_average,2018-08-06,2018-08-20,3,SC,garden_tools,0.0
base,moving_average,2018-08-06,2018-08-27,4,SC,garden_tools,0.0
base,moving_average,2018-08-06,2018-08-06,1,SC,health_beauty,0.0
base,moving_average,2018-08-06,2018-08-13,2,SC,health_beauty,0.0
base,moving_average,2018-08-06,2018-08-20,3,SC,health_beauty,0.0
base,moving_average,2018-08-06,2018-08-27,4,SC,health_beauty,0.0
base,moving_average,2018-08-06,2018-08-06,1,SC,housewares,0.0
base,moving_average,2018-08-06,2018-08-13,2,SC,housewares,0.0
base,moving_average,2018-08-06,2018-08-20,3,SC,housewares,0.0
base,moving_average,2018-08-06,2018-08-27,4,SC,housewares,0.0
base,moving_average,2018-08-06,2018-08-06,1,SC,sports_leisure,0.0
base,moving_average,2018-08-06,2018-08-13,2,SC,sports_leisure,0.0
base,moving_average,2018-08-06,2018-08-20,3,SC,sports_leisure,0.0
base,moving_average,2018-08-06,2018-08-27,4,SC,sports_leisure,0.0
base,moving_average,2018-08-06,2018-08-06,1,SC,telephony,0.0
base,moving_average,2018-08-06,2018-08-13,2,SC,telephony,0.0
base,moving_average,2018-08-06,2018-08-20,3,SC,telephony,0.0
base,moving_average,2018-08-06,2018-08-27,4,SC,telephony,0.0
base,moving_average,2018-08-06,2018-08-06,1,SC,watches_gifts,0.0
base,moving_average,2018-08-06,2018-08-13,2,SC,watches_gifts,0.0
base,moving_average,2018-08-06,2018-08-20,3,SC,watches_gifts,0.0
base,moving_average,2018-08-06,2018-08-27,4,SC,watches_gifts,0.0
base,moving_average,2018-08-06,2018-08-06,1,SP,auto,0.0
base,moving_average,2018-08-06,2018-08-13,2,SP,auto,0.0
base,moving_average,2018-08-06,2018-08-20,3,SP,auto,0.0
base,moving_average,2018-08-06,2018-08-27,4,SP,auto,0.0
base,moving_average,2018-08-06,2018-08-06,1,SP,bed_bath_table,0.0
base,moving_average,2018-08-06,2018-08-13,2,SP,bed_bath_table,0.0
base,moving_average,2018-08-06,2018-08-20,3,SP,bed_bath_table,0.0
base,moving_average,2018-08-06,2018-08-27,4,SP,bed_bath_table,0.0
base,moving_average,2018-08-06,2018-08-06,1,SP,computers_accessories,0.0
base,moving_average,2018-08-06,2018-08-13,2,SP,computers_accessories,0.0
base,moving_average,2018-08-06,2018-08-20,3,SP,computers_accessories,0.0
base,moving_average,2018-08-06,2018-08-27,4,SP,computers_accessories,0.0
base,moving_average,2018-08-06,2018-08-06,1,SP,furniture_decor,0.0
base,moving_average,2018-08-06,2018-08-13,2,SP,furniture_decor,0.0
base,moving_average,2018-08-06,2018-08-20,3,SP,furniture_decor,0.0
base,moving_average,2018-08-06,2018-08-27,4,SP,furniture_decor,0.0
base,moving_average,2018-08-06,2018-08-06,1,SP,garden_tools,11.0
base,moving_average,2018-08-06,2018-08-13,2,SP,garden_tools,0.0
base,moving_average,2018-08-06,2018-08-20,3,SP,garden_tools,0.0
base,moving_average,2018-08-06,2018-08-27,4,SP,garden_tools,0.0
base,moving_average,2018-08-06,2018-08-06,1,SP,health_beauty,0.0
base,moving_average,2018-08-06,2018-08-13,2,SP,health_beauty,0.0
base,moving_average,2018-08-06,2018-08-20,3,SP,health_beauty,0.0
base,moving_average,2018-08-06,2018-08-27,4,SP,health_beauty,0.0
base,moving_average,2018-08-06,2018-08-06,1,SP,housewares,0.0
base,moving_average,2018-08-06,2018-08-13,2,SP,housewares,0.0
base,moving_average,2018-08-06,2018-08-20,3,SP,housewares,0.0
base,moving_average,2018-08-06,2018-08-27,4,SP,housewares,0.0
base,moving_average,2018-08-06,2018-08-06,1,SP,sports_leisure,0.0
base,moving_average,2018-08-06,2018-08-13,2,SP,sports_leisure,0.0
base,moving_average,2018-08-06,2018-08-20,3,SP,sports_leisure,0.0
base,moving_average,2018-08-06,2018-08-27,4,SP,sports_leisure,0.0
base,moving_average,2018-08-06,2018-08-06,1,SP,telephony,0.0
base,moving_average,2018-08-06,2018-08-13,2,SP,telephony,0.0
base,moving_average,2018-08-06,2018-08-20,3,SP,telephony,0.0
base,moving_average,2018-08-06,2018-08-27,4,SP,telephony,0.0
base,moving_average,2018-08-06,2018-08-06,1,SP,watches_gifts,0.0
base,moving_average,2018-08-06,2018-08-13,2,SP,watches_gifts,0.0
base,moving_average,2018-08-06,2018-08-20,3,SP,watches_gifts,0.0
base,moving_average,2018-08-06,2018-08-27,4,SP,watches_gifts,0.0
base,moving_average,2018-08-13,2018-08-13,1,MG,auto,0.0
base,moving_average,2018-08-13,2018-08-20,2,MG,auto,0.0
base,moving_average,2018-08-13,2018-08-27,3,MG,auto,0.0
base,moving_average,2018-08-13,2018-09-03,4,MG,auto,0.0
base,moving_average,2018-08-13,2018-08-13,1,MG,bed_bath_table,0.0
base,moving_average,2018-08-13,2018-08-20,2,MG,bed_bath_table,0.0
base,moving_average,2018-08-13,2018-08-27,3,MG,bed_bath_table,0.0
base,moving_average,2018-08-13,2018-09-03,4,MG,bed_bath_table,0.0
base,moving_average,2018-08-13,2018-08-13,1,MG,computers_accessories,0.0
base,moving_average,2018-08-13,2018-08-20,2,MG,computers_accessories,0.0
base,moving_average,2018-08-13,2018-08-27,3,MG,computers_accessories,0.0
base,moving_average,2018-08-13,2018-09-03,4,MG,computers_accessories,0.0
base,moving_average,2018-08-13,2018-08-13,1,MG,furniture_decor,0.0
base,moving_average,2018-08-13,2018-08-20,2,MG,furniture_decor,0.0
base,moving_average,2018-08-13,2018-08-27,3,MG,furniture_decor,0.0
base,moving_average,2018-08-13,2018-09-03,4,MG,furniture_decor,0.0
base,moving_average,2018-08-13,2018-08-13,1,MG,garden_tools,0.0
base,moving_average,2018-08-13,2018-08-20,2,MG,garden_tools,0.0
base,moving_average,2018-08-13,2018-08-27,3,MG,garden_tools,0.0
base,moving_average,2018-08-13,2018-09-03,4,MG,garden_tools,0.0
base,moving_average,2018-08-13,2018-08-13,1,MG,health_beauty,0.0
base,moving_average,2018-08-13,2018-08-20,2,MG,health_beauty,0.0
base,moving_average,2018-08-13,2018-08-27,3,MG,health_beauty,0.0
base,moving_average,2018-08-13,2018-09-03,4,MG,health_beauty,0.0
base,moving_average,2018-08-13,2018-08-13,1,MG,housewares,0.0
base,moving_average,2018-08-13,2018-08-20,2,MG,housewares,0.0
base,moving_average,2018-08-13,2018-08-27,3,MG,housewares,0.0
base,moving_average,2018-08-13,2018-09-03,4,MG,housewares,0.0
base,moving_average,2018-08-13,2018-08-13,1,MG,sports_leisure,0.0
base,moving_average,2018-08-13,2018-08-20,2,MG,sports_leisure,0.0
base,moving_average,2018-08-13,2018-08-27,3,MG,sports_leisure,0.0
base,moving_average,2018-08-13,2018-09-03,4,MG,sports_leisure,0.0
base,moving_average,2018-08-13,2018-08-13,1,MG,telephony,0.0
base,moving_average,2018-08-13,2018-08-20,2,MG,telephony,0.0
base,moving_average,2018-08-13,2018-08-27,3,MG,telephony,0.0
base,moving_average,2018-08-13,2018-09-03,4,MG,telephony,0.0
base,moving_average,2018-08-13,2018-08-13,1,MG,watches_gifts,0.0
base,moving_average,2018-08-13,2018-08-20,2,MG,watches_gifts,0.0
base,moving_average,2018-08-13,2018-08-27,3,MG,watches_gifts,0.0
base,moving_average,2018-08-13,2018-09-03,4,MG,watches_gifts,0.0
base,moving_average,2018-08-13,2018-08-13,1,PR,auto,0.0
base,moving_average,2018-08-13,2018-08-20,2,PR,auto,0.0
base,moving_average,2018-08-13,2018-08-27,3,PR,auto,0.0
base,moving_average,2018-08-13,2018-09-03,4,PR,auto,0.0
base,moving_average,2018-08-13,2018-08-13,1,PR,bed_bath_table,0.0
base,moving_average,2018-08-13,2018-08-20,2,PR,bed_bath_table,0.0
base,moving_average,2018-08-13,2018-08-27,3,PR,bed_bath_table,0.0
base,moving_average,2018-08-13,2018-09-03,4,PR,bed_bath_table,0.0
base,moving_average,2018-08-13,2018-08-13,1,PR,computers_accessories,0.0
base,moving_average,2018-08-13,2018-08-20,2,PR,computers_accessories,0.0
base,moving_average,2018-08-13,2018-08-27,3,PR,computers_accessories,0.0
base,moving_average,2018-08-13,2018-09-03,4,PR,computers_accessories,0.0
base,moving_average,2018-08-13,2018-08-13,1,PR,furniture_decor,0.0
base,moving_average,2018-08-13,2018-08-20,2,PR,furniture_decor,0.0
base,moving_average,2018-08-13,2018-08-27,3,PR,furniture_decor,0.0
base,moving_average,2018-08-13,2018-09-03,4,PR,furniture_decor,0.0
base,moving_average,2018-08-13,2018-08-13,1,PR,garden_tools,0.0
base,moving_average,2018-08-13,2018-08-20,2,PR,garden_tools,0.0
base,moving_average,2018-08-13,2018-08-27,3,PR,garden_tools,0.0
base,moving_average,2018-08-13,2018-09-03,4,PR,garden_tools,0.0
base,moving_average,2018-08-13,2018-08-13,1,PR,health_beauty,0.0
base,moving_average,2018-08-13,2018-08-20,2,PR,health_beauty,0.0
base,moving_average,2018-08-13,2018-08-27,3,PR,health_beauty,0.0
base,moving_average,2018-08-13,2018-09-03,4,PR,health_beauty,0.0
base,moving_average,2018-08-13,2018-08-13,1,PR,housewares,0.0
base,moving_average,2018-08-13,2018-08-20,2,PR,housewares,0.0
base,moving_average,2018-08-13,2018-08-27,3,PR,housewares,0.0
base,moving_average,2018-08-13,2018-09-03,4,PR,housewares,0.0
base,moving_average,2018-08-13,2018-08-13,1,PR,sports_leisure,0.0
base,moving_average,2018-08-13,2018-08-20,2,PR,sports_leisure,0.0
base,moving_average,2018-08-13,2018-08-27,3,PR,sports_leisure,0.0
base,moving_average,2018-08-13,2018-09-03,4,PR,sports_leisure,0.0
base,moving_average,2018-08-13,2018-08-13,1,PR,telephony,0.0
base,moving_average,2018-08-13,2018-08-20,2,PR,telephony,0.0
base,moving_average,2018-08-13,2018-08-27,3,PR,telephony,0.0
base,moving_average,2018-08-13,2018-09-03,4,PR,telephony,0.0
base,moving_average,2018-08-13,2018-08-13,1,PR,watches_gifts,0.0
base,moving_average,2018-08-13,2018-08-20,2,PR,watches_gifts,0.0
base,moving_average,2018-08-13,2018-08-27,3,PR,watches_gifts,0.0
base,moving_average,2018-08-13,2018-09-03,4,PR,watches_gifts,0.0
base,moving_average,2018-08-13,2018-08-13,1,RJ,auto,0.0
base,moving_average,2018-08-13,2018-08-20,2,RJ,auto,0.0
base,moving_average,2018-08-13,2018-08-27,3,RJ,auto,0.0
base,moving_average,2018-08-13,2018-09-03,4,RJ,auto,0.0
base,moving_average,2018-08-13,2018-08-13,1,RJ,bed_bath_table,0.0
base,moving_average,2018-08-13,2018-08-20,2,RJ,bed_bath_table,0.0
base,moving_average,2018-08-13,2018-08-27,3,RJ,bed_bath_table,0.0
base,moving_average,2018-08-13,2018-09-03,4,RJ,bed_bath_table,0.0
base,moving_average,2018-08-13,2018-08-13,1,RJ,computers_accessories,0.0
base,moving_average,2018-08-13,2018-08-20,2,RJ,computers_accessories,0.0
base,moving_average,2018-08-13,2018-08-27,3,RJ,computers_accessories,0.0
base,moving_average,2018-08-13,2018-09-03,4,RJ,computers_accessories,0.0
base,moving_average,2018-08-13,2018-08-13,1,RJ,furniture_decor,0.0
base,moving_average,2018-08-13,2018-08-20,2,RJ,furniture_decor,0.0
base,moving_average,2018-08-13,2018-08-27,3,RJ,furniture_decor,0.0
base,moving_average,2018-08-13,2018-09-03,4,RJ,furniture_decor,0.0
base,moving_average,2018-08-13,2018-08-13,1,RJ,garden_tools,0.0
base,moving_average,2018-08-13,2018-08-20,2,RJ,garden_tools,0.0
base,moving_average,2018-08-13,2018-08-27,3,RJ,garden_tools,0.0
base,moving_average,2018-08-13,2018-09-03,4,RJ,garden_tools,0.0
base,moving_average,2018-08-13,2018-08-13,1,RJ,health_beauty,0.0
base,moving_average,2018-08-13,2018-08-20,2,RJ,health_beauty,0.0
base,moving_average,2018-08-13,2018-08-27,3,RJ,health_beauty,0.0
base,moving_average,2018-08-13,2018-09-03,4,RJ,health_beauty,0.0
base,moving_average,2018-08-13,2018-08-13,1,RJ,housewares,0.0
base,moving_average,2018-08-13,2018-08-20,2,RJ,housewares,1.0
base,moving_average,2018-08-13,2018-08-27,3,RJ,housewares,0.0
base,moving_average,2018-08-13,2018-09-03,4,RJ,housewares,0.0
base,moving_average,2018-08-13,2018-08-13,1,RJ,sports_leisure,0.0
base,moving_average,2018-08-13,2018-08-20,2,RJ,sports_leisure,0.0
base,moving_average,2018-08-13,2018-08-27,3,RJ,sports_leisure,0.0
base,moving_average,2018-08-13,2018-09-03,4,RJ,sports_leisure,0.0
base,moving_average,2018-08-13,2018-08-13,1,RJ,telephony,0.0
base,moving_average,2018-08-13,2018-08-20,2,RJ,telephony,0.0
base,moving_average,2018-08-13,2018-08-27,3,RJ,telephony,0.0
base,moving_average,2018-08-13,2018-09-03,4,RJ,telephony,0.0
base,moving_average,2018-08-13,2018-08-13,1,RJ,watches_gifts,0.0
base,moving_average,2018-08-13,2018-08-20,2,RJ,watches_gifts,0.0
base,moving_average,2018-08-13,2018-08-27,3,RJ,watches_gifts,0.0
base,moving_average,2018-08-13,2018-09-03,4,RJ,watches_gifts,0.0
base,moving_average,2018-08-13,2018-08-13,1,RS,auto,0.0
base,moving_average,2018-08-13,2018-08-20,2,RS,auto,0.0
base,moving_average,2018-08-13,2018-08-27,3,RS,auto,0.0
base,moving_average,2018-08-13,2018-09-03,4,RS,auto,0.0
base,moving_average,2018-08-13,2018-08-13,1,RS,bed_bath_table,0.0
base,moving_average,2018-08-13,2018-08-20,2,RS,bed_bath_table,0.0
base,moving_average,2018-08-13,2018-08-27,3,RS,bed_bath_table,0.0
base,moving_average,2018-08-13,2018-09-03,4,RS,bed_bath_table,0.0
base,moving_average,2018-08-13,2018-08-13,1,RS,computers_accessories,0.0
base,moving_average,2018-08-13,2018-08-20,2,RS,computers_accessories,0.0
base,moving_average,2018-08-13,2018-08-27,3,RS,computers_accessories,0.0
base,moving_average,2018-08-13,2018-09-03,4,RS,computers_accessories,0.0
base,moving_average,2018-08-13,2018-08-13,1,RS,furniture_decor,0.0
base,moving_average,2018-08-13,2018-08-20,2,RS,furniture_decor,0.0
base,moving_average,2018-08-13,2018-08-27,3,RS,furniture_decor,0.0
base,moving_average,2018-08-13,2018-09-03,4,RS,furniture_decor,0.0
base,moving_average,2018-08-13,2018-08-13,1,RS,garden_tools,0.0
base,moving_average,2018-08-13,2018-08-20,2,RS,garden_tools,0.0
base,moving_average,2018-08-13,2018-08-27,3,RS,garden_tools,0.0
base,moving_average,2018-08-13,2018-09-03,4,RS,garden_tools,0.0
base,moving_average,2018-08-13,2018-08-13,1,RS,health_beauty,0.0
base,moving_average,2018-08-13,2018-08-20,2,RS,health_beauty,0.0
base,moving_average,2018-08-13,2018-08-27,3,RS,health_beauty,0.0
base,moving_average,2018-08-13,2018-09-03,4,RS,health_beauty,0.0
base,moving_average,2018-08-13,2018-08-13,1,RS,housewares,0.0
base,moving_average,2018-08-13,2018-08-20,2,RS,housewares,0.0
base,moving_average,2018-08-13,2018-08-27,3,RS,housewares,0.0
base,moving_average,2018-08-13,2018-09-03,4,RS,housewares,0.0
base,moving_average,2018-08-13,2018-08-13,1,RS,sports_leisure,0.0
base,moving_average,2018-08-13,2018-08-20,2,RS,sports_leisure,0.0
base,moving_average,2018-08-13,2018-08-27,3,RS,sports_leisure,0.0
base,moving_average,2018-08-13,2018-09-03,4,RS,sports_leisure,0.0
base,moving_average,2018-08-13,2018-08-13,1,RS,telephony,0.0
base,moving_average,2018-08-13,2018-08-20,2,RS,telephony,0.0
base,moving_average,2018-08-13,2018-08-27,3,RS,telephony,0.0
base,moving_average,2018-08-13,2018-09-03,4,RS,telephony,0.0
base,moving_average,2018-08-13,2018-08-13,1,RS,watches_gifts,1.0
base,moving_average,2018-08-13,2018-08-20,2,RS,watches_gifts,0.0
base,moving_average,2018-08-13,2018-08-27,3,RS,watches_gifts,0.0
base,moving_average,2018-08-13,2018-09-03,4,RS,watches_gifts,0.0
base,moving_average,2018-08-13,2018-08-13,1,SC,auto,0.0
base,moving_average,2018-08-13,2018-08-20,2,SC,auto,0.0
base,moving_average,2018-08-13,2018-08-27,3,SC,auto,0.0
base,moving_average,2018-08-13,2018-09-03,4,SC,auto,0.0
base,moving_average,2018-08-13,2018-08-13,1,SC,bed_bath_table,0.0
base,moving_average,2018-08-13,2018-08-20,2,SC,bed_bath_table,0.0
base,moving_average,2018-08-13,2018-08-27,3,SC,bed_bath_table,0.0
base,moving_average,2018-08-13,2018-09-03,4,SC,bed_bath_table,0.0
base,moving_average,2018-08-13,2018-08-13,1,SC,computers_accessories,0.0
base,moving_average,2018-08-13,2018-08-20,2,SC,computers_accessories,0.0
base,moving_average,2018-08-13,2018-08-27,3,SC,computers_accessories,0.0
base,moving_average,2018-08-13,2018-09-03,4,SC,computers_accessories,0.0
base,moving_average,2018-08-13,2018-08-13,1,SC,furniture_decor,0.0
base,moving_average,2018-08-13,2018-08-20,2,SC,furniture_decor,0.0
base,moving_average,2018-08-13,2018-08-27,3,SC,furniture_decor,0.0
base,moving_average,2018-08-13,2018-09-03,4,SC,furniture_decor,0.0
base,moving_average,2018-08-13,2018-08-13,1,SC,garden_tools,0.0
base,moving_average,2018-08-13,2018-08-20,2,SC,garden_tools,0.0
base,moving_average,2018-08-13,2018-08-27,3,SC,garden_tools,0.0
base,moving_average,2018-08-13,2018-09-03,4,SC,garden_tools,0.0
base,moving_average,2018-08-13,2018-08-13,1,SC,health_beauty,0.0
base,moving_average,2018-08-13,2018-08-20,2,SC,health_beauty,0.0
base,moving_average,2018-08-13,2018-08-27,3,SC,health_beauty,0.0
base,moving_average,2018-08-13,2018-09-03,4,SC,health_beauty,0.0
base,moving_average,2018-08-13,2018-08-13,1,SC,housewares,0.0
base,moving_average,2018-08-13,2018-08-20,2,SC,housewares,0.0
base,moving_average,2018-08-13,2018-08-27,3,SC,housewares,0.0
base,moving_average,2018-08-13,2018-09-03,4,SC,housewares,0.0
base,moving_average,2018-08-13,2018-08-13,1,SC,sports_leisure,0.0
base,moving_average,2018-08-13,2018-08-20,2,SC,sports_leisure,0.0
base,moving_average,2018-08-13,2018-08-27,3,SC,sports_leisure,0.0
base,moving_average,2018-08-13,2018-09-03,4,SC,sports_leisure,0.0
base,moving_average,2018-08-13,2018-08-13,1,SC,telephony,0.0
base,moving_average,2018-08-13,2018-08-20,2,SC,telephony,0.0
base,moving_average,2018-08-13,2018-08-27,3,SC,telephony,0.0
base,moving_average,2018-08-13,2018-09-03,4,SC,telephony,0.0
base,moving_average,2018-08-13,2018-08-13,1,SC,watches_gifts,0.0
base,moving_average,2018-08-13,2018-08-20,2,SC,watches_gifts,0.0
base,moving_average,2018-08-13,2018-08-27,3,SC,watches_gifts,0.0
base,moving_average,2018-08-13,2018-09-03,4,SC,watches_gifts,0.0
base,moving_average,2018-08-13,2018-08-13,1,SP,auto,0.0
base,moving_average,2018-08-13,2018-08-20,2,SP,auto,0.0
base,moving_average,2018-08-13,2018-08-27,3,SP,auto,0.0
base,moving_average,2018-08-13,2018-09-03,4,SP,auto,0.0
base,moving_average,2018-08-13,2018-08-13,1,SP,bed_bath_table,0.0
base,moving_average,2018-08-13,2018-08-20,2,SP,bed_bath_table,0.0
base,moving_average,2018-08-13,2018-08-27,3,SP,bed_bath_table,0.0
base,moving_average,2018-08-13,2018-09-03,4,SP,bed_bath_table,0.0
base,moving_average,2018-08-13,2018-08-13,1,SP,computers_accessories,0.0
base,moving_average,2018-08-13,2018-08-20,2,SP,computers_accessories,0.0
base,moving_average,2018-08-13,2018-08-27,3,SP,computers_accessories,0.0
base,moving_average,2018-08-13,2018-09-03,4,SP,computers_accessories,0.0
base,moving_average,2018-08-13,2018-08-13,1,SP,furniture_decor,0.0
base,moving_average,2018-08-13,2018-08-20,2,SP,furniture_decor,0.0
base,moving_average,2018-08-13,2018-08-27,3,SP,furniture_decor,0.0
base,moving_average,2018-08-13,2018-09-03,4,SP,furniture_decor,0.0
base,moving_average,2018-08-13,2018-08-13,1,SP,garden_tools,0.0
base,moving_average,2018-08-13,2018-08-20,2,SP,garden_tools,0.0
base,moving_average,2018-08-13,2018-08-27,3,SP,garden_tools,0.0
base,moving_average,2018-08-13,2018-09-03,4,SP,garden_tools,0.0
base,moving_average,2018-08-13,2018-08-13,1,SP,health_beauty,0.0
base,moving_average,2018-08-13,2018-08-20,2,SP,health_beauty,0.0
base,moving_average,2018-08-13,2018-08-27,3,SP,health_beauty,0.0
base,moving_average,2018-08-13,2018-09-03,4,SP,health_beauty,0.0
base,moving_average,2018-08-13,2018-08-13,1,SP,housewares,0.0
base,moving_average,2018-08-13,2018-08-20,2,SP,housewares,0.0
base,moving_average,2018-08-13,2018-08-27,3,SP,housewares,0.0
base,moving_average,2018-08-13,2018-09-03,4,SP,housewares,0.0
base,moving_average,2018-08-13,2018-08-13,1,SP,sports_leisure,0.0
base,moving_average,2018-08-13,2018-08-20,2,SP,sports_leisure,0.0
base,moving_average,2018-08-13,2018-08-27,3,SP,sports_leisure,0.0
base,moving_average,2018-08-13,2018-09-03,4,SP,sports_leisure,0.0
base,moving_average,2018-08-13,2018-08-13,1,SP,telephony,0.0
base,moving_average,2018-08-13,2018-08-20,2,SP,telephony,0.0
base,moving_average,2018-08-13,2018-08-27,3,SP,telephony,0.0
base,moving_average,2018-08-13,2018-09-03,4,SP,telephony,0.0
base,moving_average,2018-08-13,2018-08-13,1,SP,watches_gifts,8.0
base,moving_average,2018-08-13,2018-08-20,2,SP,watches_gifts,0.0
base,moving_average,2018-08-13,2018-08-27,3,SP,watches_gifts,0.0
base,moving_average,2018-08-13,2018-09-03,4,SP,watches_gifts,0.0
base,moving_average,2018-08-20,2018-08-20,1,MG,auto,0.0
base,moving_average,2018-08-20,2018-08-27,2,MG,auto,0.0
base,moving_average,2018-08-20,2018-09-03,3,MG,auto,0.0
base,moving_average,2018-08-20,2018-09-10,4,MG,auto,0.0
base,moving_average,2018-08-20,2018-08-20,1,MG,bed_bath_table,0.0
base,moving_average,2018-08-20,2018-08-27,2,MG,bed_bath_table,0.0
base,moving_average,2018-08-20,2018-09-03,3,MG,bed_bath_table,0.0
base,moving_average,2018-08-20,2018-09-10,4,MG,bed_bath_table,0.0
base,moving_average,2018-08-20,2018-08-20,1,MG,computers_accessories,1.0
base,moving_average,2018-08-20,2018-08-27,2,MG,computers_accessories,0.0
base,moving_average,2018-08-20,2018-09-03,3,MG,computers_accessories,0.0
base,moving_average,2018-08-20,2018-09-10,4,MG,computers_accessories,0.0
base,moving_average,2018-08-20,2018-08-20,1,MG,furniture_decor,0.0
base,moving_average,2018-08-20,2018-08-27,2,MG,furniture_decor,0.0
base,moving_average,2018-08-20,2018-09-03,3,MG,furniture_decor,0.0
base,moving_average,2018-08-20,2018-09-10,4,MG,furniture_decor,0.0
base,moving_average,2018-08-20,2018-08-20,1,MG,garden_tools,0.0
base,moving_average,2018-08-20,2018-08-27,2,MG,garden_tools,0.0
base,moving_average,2018-08-20,2018-09-03,3,MG,garden_tools,0.0
base,moving_average,2018-08-20,2018-09-10,4,MG,garden_tools,0.0
base,moving_average,2018-08-20,2018-08-20,1,MG,health_beauty,0.0
base,moving_average,2018-08-20,2018-08-27,2,MG,health_beauty,0.0
base,moving_average,2018-08-20,2018-09-03,3,MG,health_beauty,0.0
base,moving_average,2018-08-20,2018-09-10,4,MG,health_beauty,0.0
base,moving_average,2018-08-20,2018-08-20,1,MG,housewares,0.0
base,moving_average,2018-08-20,2018-08-27,2,MG,housewares,0.0
base,moving_average,2018-08-20,2018-09-03,3,MG,housewares,0.0
base,moving_average,2018-08-20,2018-09-10,4,MG,housewares,0.0
base,moving_average,2018-08-20,2018-08-20,1,MG,sports_leisure,0.0
base,moving_average,2018-08-20,2018-08-27,2,MG,sports_leisure,0.0
base,moving_average,2018-08-20,2018-09-03,3,MG,sports_leisure,0.0
base,moving_average,2018-08-20,2018-09-10,4,MG,sports_leisure,0.0
base,moving_average,2018-08-20,2018-08-20,1,MG,telephony,0.0
base,moving_average,2018-08-20,2018-08-27,2,MG,telephony,0.0
base,moving_average,2018-08-20,2018-09-03,3,MG,telephony,0.0
base,moving_average,2018-08-20,2018-09-10,4,MG,telephony,0.0
base,moving_average,2018-08-20,2018-08-20,1,MG,watches_gifts,0.0
base,moving_average,2018-08-20,2018-08-27,2,MG,watches_gifts,0.0
base,moving_average,2018-08-20,2018-09-03,3,MG,watches_gifts,0.0
base,moving_average,2018-08-20,2018-09-10,4,MG,watches_gifts,0.0
base,moving_average,2018-08-20,2018-08-20,1,PR,auto,5.0
base,moving_average,2018-08-20,2018-08-27,2,PR,auto,0.0
base,moving_average,2018-08-20,2018-09-03,3,PR,auto,0.0
base,moving_average,2018-08-20,2018-09-10,4,PR,auto,0.0
base,moving_average,2018-08-20,2018-08-20,1,PR,bed_bath_table,0.0
base,moving_average,2018-08-20,2018-08-27,2,PR,bed_bath_table,0.0
base,moving_average,2018-08-20,2018-09-03,3,PR,bed_bath_table,0.0
base,moving_average,2018-08-20,2018-09-10,4,PR,bed_bath_table,0.0
base,moving_average,2018-08-20,2018-08-20,1,PR,computers_accessories,0.0
base,moving_average,2018-08-20,2018-08-27,2,PR,computers_accessories,0.0
base,moving_average,2018-08-20,2018-09-03,3,PR,computers_accessories,0.0
base,moving_average,2018-08-20,2018-09-10,4,PR,computers_accessories,0.0
base,moving_average,2018-08-20,2018-08-20,1,PR,furniture_decor,20.0
base,moving_average,2018-08-20,2018-08-27,2,PR,furniture_decor,0.0
base,moving_average,2018-08-20,2018-09-03,3,PR,furniture_decor,0.0
base,moving_average,2018-08-20,2018-09-10,4,PR,furniture_decor,0.0
base,moving_average,2018-08-20,2018-08-20,1,PR,garden_tools,0.0
base,moving_average,2018-08-20,2018-08-27,2,PR,garden_tools,0.0
base,moving_average,2018-08-20,2018-09-03,3,PR,garden_tools,0.0
base,moving_average,2018-08-20,2018-09-10,4,PR,garden_tools,0.0
base,moving_average,2018-08-20,2018-08-20,1,PR,health_beauty,0.0
base,moving_average,2018-08-20,2018-08-27,2,PR,health_beauty,0.0
base,moving_average,2018-08-20,2018-09-03,3,PR,health_beauty,0.0
base,moving_average,2018-08-20,2018-09-10,4,PR,health_beauty,0.0
base,moving_average,2018-08-20,2018-08-20,1,PR,housewares,0.0
base,moving_average,2018-08-20,2018-08-27,2,PR,housewares,0.0
base,moving_average,2018-08-20,2018-09-03,3,PR,housewares,0.0
base,moving_average,2018-08-20,2018-09-10,4,PR,housewares,0.0
base,moving_average,2018-08-20,2018-08-20,1,PR,sports_leisure,0.0
base,moving_average,2018-08-20,2018-08-27,2,PR,sports_leisure,0.0
base,moving_average,2018-08-20,2018-09-03,3,PR,sports_leisure,0.0
base,moving_average,2018-08-20,2018-09-10,4,PR,sports_leisure,0.0
base,moving_average,2018-08-20,2018-08-20,1,PR,telephony,0.0
base,moving_average,2018-08-20,2018-08-27,2,PR,telephony,0.0
base,moving_average,2018-08-20,2018-09-03,3,PR,telephony,0.0
base,moving_average,2018-08-20,2018-09-10,4,PR,telephony,0.0
base,moving_average,2018-08-20,2018-08-20,1,PR,watches_gifts,5.0
base,moving_average,2018-08-20,2018-08-27,2,PR,watches_gifts,0.0
base,moving_average,2018-08-20,2018-09-03,3,PR,watches_gifts,0.0
base,moving_average,2018-08-20,2018-09-10,4,PR,watches_gifts,0.0
base,moving_average,2018-08-20,2018-08-20,1,RJ,auto,3.0
base,moving_average,2018-08-20,2018-08-27,2,RJ,auto,0.0
base,moving_average,2018-08-20,2018-09-03,3,RJ,auto,0.0
base,moving_average,2018-08-20,2018-09-10,4,RJ,auto,0.0
base,moving_average,2018-08-20,2018-08-20,1,RJ,bed_bath_table,0.0
base,moving_average,2018-08-20,2018-08-27,2,RJ,bed_bath_table,0.0
base,moving_average,2018-08-20,2018-09-03,3,RJ,bed_bath_table,0.0
base,moving_average,2018-08-20,2018-09-10,4,RJ,bed_bath_table,0.0
base,moving_average,2018-08-20,2018-08-20,1,RJ,computers_accessories,0.0
base,moving_average,2018-08-20,2018-08-27,2,RJ,computers_accessories,0.0
base,moving_average,2018-08-20,2018-09-03,3,RJ,computers_accessories,0.0
base,moving_average,2018-08-20,2018-09-10,4,RJ,computers_accessories,0.0
base,moving_average,2018-08-20,2018-08-20,1,RJ,furniture_decor,0.0
base,moving_average,2018-08-20,2018-08-27,2,RJ,furniture_decor,0.0
base,moving_average,2018-08-20,2018-09-03,3,RJ,furniture_decor,0.0
base,moving_average,2018-08-20,2018-09-10,4,RJ,furniture_decor,0.0
base,moving_average,2018-08-20,2018-08-20,1,RJ,garden_tools,1.0
base,moving_average,2018-08-20,2018-08-27,2,RJ,garden_tools,1.0
base,moving_average,2018-08-20,2018-09-03,3,RJ,garden_tools,1.0
base,moving_average,2018-08-20,2018-09-10,4,RJ,garden_tools,0.0
base,moving_average,2018-08-20,2018-08-20,1,RJ,health_beauty,0.0
base,moving_average,2018-08-20,2018-08-27,2,RJ,health_beauty,0.0
base,moving_average,2018-08-20,2018-09-03,3,RJ,health_beauty,0.0
base,moving_average,2018-08-20,2018-09-10,4,RJ,health_beauty,0.0
base,moving_average,2018-08-20,2018-08-20,1,RJ,housewares,0.0
base,moving_average,2018-08-20,2018-08-27,2,RJ,housewares,0.0
base,moving_average,2018-08-20,2018-09-03,3,RJ,housewares,0.0
base,moving_average,2018-08-20,2018-09-10,4,RJ,housewares,0.0
base,moving_average,2018-08-20,2018-08-20,1,RJ,sports_leisure,0.0
base,moving_average,2018-08-20,2018-08-27,2,RJ,sports_leisure,0.0
base,moving_average,2018-08-20,2018-09-03,3,RJ,sports_leisure,0.0
base,moving_average,2018-08-20,2018-09-10,4,RJ,sports_leisure,0.0
base,moving_average,2018-08-20,2018-08-20,1,RJ,telephony,0.0
base,moving_average,2018-08-20,2018-08-27,2,RJ,telephony,0.0
base,moving_average,2018-08-20,2018-09-03,3,RJ,telephony,0.0
base,moving_average,2018-08-20,2018-09-10,4,RJ,telephony,0.0
base,moving_average,2018-08-20,2018-08-20,1,RJ,watches_gifts,0.0
base,moving_average,2018-08-20,2018-08-27,2,RJ,watches_gifts,0.0
base,moving_average,2018-08-20,2018-09-03,3,RJ,watches_gifts,0.0
base,moving_average,2018-08-20,2018-09-10,4,RJ,watches_gifts,0.0
base,moving_average,2018-08-20,2018-08-20,1,RS,auto,0.0
base,moving_average,2018-08-20,2018-08-27,2,RS,auto,0.0
base,moving_average,2018-08-20,2018-09-03,3,RS,auto,0.0
base,moving_average,2018-08-20,2018-09-10,4,RS,auto,0.0
base,moving_average,2018-08-20,2018-08-20,1,RS,bed_bath_table,0.0
base,moving_average,2018-08-20,2018-08-27,2,RS,bed_bath_table,0.0
base,moving_average,2018-08-20,2018-09-03,3,RS,bed_bath_table,0.0
base,moving_average,2018-08-20,2018-09-10,4,RS,bed_bath_table,0.0
base,moving_average,2018-08-20,2018-08-20,1,RS,computers_accessories,6.0
base,moving_average,2018-08-20,2018-08-27,2,RS,computers_accessories,0.0
base,moving_average,2018-08-20,2018-09-03,3,RS,computers_accessories,0.0
base,moving_average,2018-08-20,2018-09-10,4,RS,computers_accessories,0.0
base,moving_average,2018-08-20,2018-08-20,1,RS,furniture_decor,0.0
base,moving_average,2018-08-20,2018-08-27,2,RS,furniture_decor,0.0
base,moving_average,2018-08-20,2018-09-03,3,RS,furniture_decor,0.0
base,moving_average,2018-08-20,2018-09-10,4,RS,furniture_decor,0.0
base,moving_average,2018-08-20,2018-08-20,1,RS,garden_tools,1.0
base,moving_average,2018-08-20,2018-08-27,2,RS,garden_tools,0.0
base,moving_average,2018-08-20,2018-09-03,3,RS,garden_tools,0.0
base,moving_average,2018-08-20,2018-09-10,4,RS,garden_tools,0.0
base,moving_average,2018-08-20,2018-08-20,1,RS,health_beauty,0.0
base,moving_average,2018-08-20,2018-08-27,2,RS,health_beauty,0.0
base,moving_average,2018-08-20,2018-09-03,3,RS,health_beauty,0.0
base,moving_average,2018-08-20,2018-09-10,4,RS,health_beauty,0.0
base,moving_average,2018-08-20,2018-08-20,1,RS,housewares,0.0
base,moving_average,2018-08-20,2018-08-27,2,RS,housewares,0.0
base,moving_average,2018-08-20,2018-09-03,3,RS,housewares,0.0
base,moving_average,2018-08-20,2018-09-10,4,RS,housewares,0.0
base,moving_average,2018-08-20,2018-08-20,1,RS,sports_leisure,0.0
base,moving_average,2018-08-20,2018-08-27,2,RS,sports_leisure,0.0
base,moving_average,2018-08-20,2018-09-03,3,RS,sports_leisure,0.0
base,moving_average,2018-08-20,2018-09-10,4,RS,sports_leisure,0.0
base,moving_average,2018-08-20,2018-08-20,1,RS,telephony,5.0
base,moving_average,2018-08-20,2018-08-27,2,RS,telephony,0.0
base,moving_average,2018-08-20,2018-09-03,3,RS,telephony,0.0
base,moving_average,2018-08-20,2018-09-10,4,RS,telephony,0.0
base,moving_average,2018-08-20,2018-08-20,1,RS,watches_gifts,2.0
base,moving_average,2018-08-20,2018-08-27,2,RS,watches_gifts,0.0
base,moving_average,2018-08-20,2018-09-03,3,RS,watches_gifts,0.0
base,moving_average,2018-08-20,2018-09-10,4,RS,watches_gifts,0.0
base,moving_average,2018-08-20,2018-08-20,1,SC,auto,0.0
base,moving_average,2018-08-20,2018-08-27,2,SC,auto,0.0
base,moving_average,2018-08-20,2018-09-03,3,SC,auto,0.0
base,moving_average,2018-08-20,2018-09-10,4,SC,auto,0.0
base,moving_average,2018-08-20,2018-08-20,1,SC,bed_bath_table,0.0
base,moving_average,2018-08-20,2018-08-27,2,SC,bed_bath_table,0.0
base,moving_average,2018-08-20,2018-09-03,3,SC,bed_bath_table,0.0
base,moving_average,2018-08-20,2018-09-10,4,SC,bed_bath_table,0.0
base,moving_average,2018-08-20,2018-08-20,1,SC,computers_accessories,0.0
base,moving_average,2018-08-20,2018-08-27,2,SC,computers_accessories,0.0
base,moving_average,2018-08-20,2018-09-03,3,SC,computers_accessories,0.0
base,moving_average,2018-08-20,2018-09-10,4,SC,computers_accessories,0.0
base,moving_average,2018-08-20,2018-08-20,1,SC,furniture_decor,0.0
base,moving_average,2018-08-20,2018-08-27,2,SC,furniture_decor,0.0
base,moving_average,2018-08-20,2018-09-03,3,SC,furniture_decor,0.0
base,moving_average,2018-08-20,2018-09-10,4,SC,furniture_decor,0.0
base,moving_average,2018-08-20,2018-08-20,1,SC,garden_tools,0.0
base,moving_average,2018-08-20,2018-08-27,2,SC,garden_tools,0.0
base,moving_average,2018-08-20,2018-09-03,3,SC,garden_tools,0.0
base,moving_average,2018-08-20,2018-09-10,4,SC,garden_tools,0.0
base,moving_average,2018-08-20,2018-08-20,1,SC,health_beauty,0.0
base,moving_average,2018-08-20,2018-08-27,2,SC,health_beauty,0.0
base,moving_average,2018-08-20,2018-09-03,3,SC,health_beauty,0.0
base,moving_average,2018-08-20,2018-09-10,4,SC,health_beauty,0.0
base,moving_average,2018-08-20,2018-08-20,1,SC,housewares,0.0
base,moving_average,2018-08-20,2018-08-27,2,SC,housewares,0.0
base,moving_average,2018-08-20,2018-09-03,3,SC,housewares,0.0
base,moving_average,2018-08-20,2018-09-10,4,SC,housewares,0.0
base,moving_average,2018-08-20,2018-08-20,1,SC,sports_leisure,0.0
base,moving_average,2018-08-20,2018-08-27,2,SC,sports_leisure,0.0
base,moving_average,2018-08-20,2018-09-03,3,SC,sports_leisure,0.0
base,moving_average,2018-08-20,2018-09-10,4,SC,sports_leisure,0.0
base,moving_average,2018-08-20,2018-08-20,1,SC,telephony,0.0
base,moving_average,2018-08-20,2018-08-27,2,SC,telephony,0.0
base,moving_average,2018-08-20,2018-09-03,3,SC,telephony,0.0
base,moving_average,2018-08-20,2018-09-10,4,SC,telephony,0.0
base,moving_average,2018-08-20,2018-08-20,1,SC,watches_gifts,0.0
base,moving_average,2018-08-20,2018-08-27,2,SC,watches_gifts,0.0
base,moving_average,2018-08-20,2018-09-03,3,SC,watches_gifts,0.0
base,moving_average,2018-08-20,2018-09-10,4,SC,watches_gifts,0.0
base,moving_average,2018-08-20,2018-08-20,1,SP,auto,0.0
base,moving_average,2018-08-20,2018-08-27,2,SP,auto,0.0
base,moving_average,2018-08-20,2018-09-03,3,SP,auto,0.0
base,moving_average,2018-08-20,2018-09-10,4,SP,auto,0.0
base,moving_average,2018-08-20,2018-08-20,1,SP,bed_bath_table,0.0
base,moving_average,2018-08-20,2018-08-27,2,SP,bed_bath_table,0.0
base,moving_average,2018-08-20,2018-09-03,3,SP,bed_bath_table,0.0
base,moving_average,2018-08-20,2018-09-10,4,SP,bed_bath_table,0.0
base,moving_average,2018-08-20,2018-08-20,1,SP,computers_accessories,11.0
base,moving_average,2018-08-20,2018-08-27,2,SP,computers_accessories,0.0
base,moving_average,2018-08-20,2018-09-03,3,SP,computers_accessories,0.0
base,moving_average,2018-08-20,2018-09-10,4,SP,computers_accessories,0.0
base,moving_average,2018-08-20,2018-08-20,1,SP,furniture_decor,6.0
base,moving_average,2018-08-20,2018-08-27,2,SP,furniture_decor,0.0
base,moving_average,2018-08-20,2018-09-03,3,SP,furniture_decor,0.0
base,moving_average,2018-08-20,2018-09-10,4,SP,furniture_decor,0.0
base,moving_average,2018-08-20,2018-08-20,1,SP,garden_tools,17.0
base,moving_average,2018-08-20,2018-08-27,2,SP,garden_tools,0.0
base,moving_average,2018-08-20,2018-09-03,3,SP,garden_tools,0.0
base,moving_average,2018-08-20,2018-09-10,4,SP,garden_tools,0.0
base,moving_average,2018-08-20,2018-08-20,1,SP,health_beauty,0.0
base,moving_average,2018-08-20,2018-08-27,2,SP,health_beauty,0.0
base,moving_average,2018-08-20,2018-09-03,3,SP,health_beauty,0.0
base,moving_average,2018-08-20,2018-09-10,4,SP,health_beauty,0.0
base,moving_average,2018-08-20,2018-08-20,1,SP,housewares,0.0
base,moving_average,2018-08-20,2018-08-27,2,SP,housewares,0.0
base,moving_average,2018-08-20,2018-09-03,3,SP,housewares,0.0
base,moving_average,2018-08-20,2018-09-10,4,SP,housewares,0.0
base,moving_average,2018-08-20,2018-08-20,1,SP,sports_leisure,0.0
base,moving_average,2018-08-20,2018-08-27,2,SP,sports_leisure,0.0
base,moving_average,2018-08-20,2018-09-03,3,SP,sports_leisure,0.0
base,moving_average,2018-08-20,2018-09-10,4,SP,sports_leisure,0.0
base,moving_average,2018-08-20,2018-08-20,1,SP,telephony,29.0
base,moving_average,2018-08-20,2018-08-27,2,SP,telephony,0.0
base,moving_average,2018-08-20,2018-09-03,3,SP,telephony,0.0
base,moving_average,2018-08-20,2018-09-10,4,SP,telephony,0.0
base,moving_average,2018-08-20,2018-08-20,1,SP,watches_gifts,39.0
base,moving_average,2018-08-20,2018-08-27,2,SP,watches_gifts,0.0
base,moving_average,2018-08-20,2018-09-03,3,SP,watches_gifts,0.0
base,moving_average,2018-08-20,2018-09-10,4,SP,watches_gifts,0.0
base,ridge,2018-05-28,2018-05-28,1,MG,auto,0.0
base,ridge,2018-05-28,2018-06-04,2,MG,auto,0.0
base,ridge,2018-05-28,2018-06-11,3,MG,auto,0.0
base,ridge,2018-05-28,2018-06-18,4,MG,auto,0.0
base,ridge,2018-05-28,2018-05-28,1,MG,bed_bath_table,0.0
base,ridge,2018-05-28,2018-06-04,2,MG,bed_bath_table,0.0
base,ridge,2018-05-28,2018-06-11,3,MG,bed_bath_table,0.0
base,ridge,2018-05-28,2018-06-18,4,MG,bed_bath_table,0.0
base,ridge,2018-05-28,2018-05-28,1,MG,computers_accessories,19.0
base,ridge,2018-05-28,2018-06-04,2,MG,computers_accessories,6.0
base,ridge,2018-05-28,2018-06-11,3,MG,computers_accessories,0.0
base,ridge,2018-05-28,2018-06-18,4,MG,computers_accessories,0.0
base,ridge,2018-05-28,2018-05-28,1,MG,furniture_decor,0.0
base,ridge,2018-05-28,2018-06-04,2,MG,furniture_decor,0.0
base,ridge,2018-05-28,2018-06-11,3,MG,furniture_decor,0.0
base,ridge,2018-05-28,2018-06-18,4,MG,furniture_decor,0.0
base,ridge,2018-05-28,2018-05-28,1,MG,garden_tools,0.0
base,ridge,2018-05-28,2018-06-04,2,MG,garden_tools,0.0
base,ridge,2018-05-28,2018-06-11,3,MG,garden_tools,0.0
base,ridge,2018-05-28,2018-06-18,4,MG,garden_tools,0.0
base,ridge,2018-05-28,2018-05-28,1,MG,health_beauty,0.0
base,ridge,2018-05-28,2018-06-04,2,MG,health_beauty,0.0
base,ridge,2018-05-28,2018-06-11,3,MG,health_beauty,0.0
base,ridge,2018-05-28,2018-06-18,4,MG,health_beauty,0.0
base,ridge,2018-05-28,2018-05-28,1,MG,housewares,15.0
base,ridge,2018-05-28,2018-06-04,2,MG,housewares,9.0
base,ridge,2018-05-28,2018-06-11,3,MG,housewares,3.0
base,ridge,2018-05-28,2018-06-18,4,MG,housewares,0.0
base,ridge,2018-05-28,2018-05-28,1,MG,sports_leisure,1.0
base,ridge,2018-05-28,2018-06-04,2,MG,sports_leisure,0.0
base,ridge,2018-05-28,2018-06-11,3,MG,sports_leisure,0.0
base,ridge,2018-05-28,2018-06-18,4,MG,sports_leisure,0.0
base,ridge,2018-05-28,2018-05-28,1,MG,telephony,0.0
base,ridge,2018-05-28,2018-06-04,2,MG,telephony,0.0
base,ridge,2018-05-28,2018-06-11,3,MG,telephony,0.0
base,ridge,2018-05-28,2018-06-18,4,MG,telephony,0.0
base,ridge,2018-05-28,2018-05-28,1,MG,watches_gifts,0.0
base,ridge,2018-05-28,2018-06-04,2,MG,watches_gifts,0.0
base,ridge,2018-05-28,2018-06-11,3,MG,watches_gifts,0.0
base,ridge,2018-05-28,2018-06-18,4,MG,watches_gifts,0.0
base,ridge,2018-05-28,2018-05-28,1,PR,auto,2.0
base,ridge,2018-05-28,2018-06-04,2,PR,auto,0.0
base,ridge,2018-05-28,2018-06-11,3,PR,auto,0.0
base,ridge,2018-05-28,2018-06-18,4,PR,auto,0.0
base,ridge,2018-05-28,2018-05-28,1,PR,bed_bath_table,0.0
base,ridge,2018-05-28,2018-06-04,2,PR,bed_bath_table,0.0
base,ridge,2018-05-28,2018-06-11,3,PR,bed_bath_table,0.0
base,ridge,2018-05-28,2018-06-18,4,PR,bed_bath_table,0.0
base,ridge,2018-05-28,2018-05-28,1,PR,computers_accessories,26.0
base,ridge,2018-05-28,2018-06-04,2,PR,computers_accessories,8.0
base,ridge,2018-05-28,2018-06-11,3,PR,computers_accessories,0.0
base,ridge,2018-05-28,2018-06-18,4,PR,computers_accessories,0.0
base,ridge,2018-05-28,2018-05-28,1,PR,furniture_decor,6.0
base,ridge,2018-05-28,2018-06-04,2,PR,furniture_decor,0.0
base,ridge,2018-05-28,2018-06-11,3,PR,furniture_decor,0.0
base,ridge,2018-05-28,2018-06-18,4,PR,furniture_decor,0.0
base,ridge,2018-05-28,2018-05-28,1,PR,garden_tools,5.0
base,ridge,2018-05-28,2018-06-04,2,PR,garden_tools,0.0
base,ridge,2018-05-28,2018-06-11,3,PR,garden_tools,0.0
base,ridge,2018-05-28,2018-06-18,4,PR,garden_tools,0.0
base,ridge,2018-05-28,2018-05-28,1,PR,health_beauty,10.0
base,ridge,2018-05-28,2018-06-04,2,PR,health_beauty,0.0
base,ridge,2018-05-28,2018-06-11,3,PR,health_beauty,0.0
base,ridge,2018-05-28,2018-06-18,4,PR,health_beauty,0.0
base,ridge,2018-05-28,2018-05-28,1,PR,housewares,3.0
base,ridge,2018-05-28,2018-06-04,2,PR,housewares,0.0
base,ridge,2018-05-28,2018-06-11,3,PR,housewares,0.0
base,ridge,2018-05-28,2018-06-18,4,PR,housewares,0.0
base,ridge,2018-05-28,2018-05-28,1,PR,sports_leisure,32.0
base,ridge,2018-05-28,2018-06-04,2,PR,sports_leisure,13.0
base,ridge,2018-05-28,2018-06-11,3,PR,sports_leisure,0.0
base,ridge,2018-05-28,2018-06-18,4,PR,sports_leisure,0.0
base,ridge,2018-05-28,2018-05-28,1,PR,telephony,2.0
base,ridge,2018-05-28,2018-06-04,2,PR,telephony,0.0
base,ridge,2018-05-28,2018-06-11,3,PR,telephony,0.0
base,ridge,2018-05-28,2018-06-18,4,PR,telephony,0.0
base,ridge,2018-05-28,2018-05-28,1,PR,watches_gifts,0.0
base,ridge,2018-05-28,2018-06-04,2,PR,watches_gifts,0.0
base,ridge,2018-05-28,2018-06-11,3,PR,watches_gifts,0.0
base,ridge,2018-05-28,2018-06-18,4,PR,watches_gifts,0.0
base,ridge,2018-05-28,2018-05-28,1,RJ,auto,0.0
base,ridge,2018-05-28,2018-06-04,2,RJ,auto,0.0
base,ridge,2018-05-28,2018-06-11,3,RJ,auto,0.0
base,ridge,2018-05-28,2018-06-18,4,RJ,auto,0.0
base,ridge,2018-05-28,2018-05-28,1,RJ,bed_bath_table,0.0
base,ridge,2018-05-28,2018-06-04,2,RJ,bed_bath_table,0.0
base,ridge,2018-05-28,2018-06-11,3,RJ,bed_bath_table,0.0
base,ridge,2018-05-28,2018-06-18,4,RJ,bed_bath_table,0.0
base,ridge,2018-05-28,2018-05-28,1,RJ,computers_accessories,0.0
base,ridge,2018-05-28,2018-06-04,2,RJ,computers_accessories,0.0
base,ridge,2018-05-28,2018-06-11,3,RJ,computers_accessories,0.0
base,ridge,2018-05-28,2018-06-18,4,RJ,computers_accessories,0.0
base,ridge,2018-05-28,2018-05-28,1,RJ,furniture_decor,0.0
base,ridge,2018-05-28,2018-06-04,2,RJ,furniture_decor,0.0
base,ridge,2018-05-28,2018-06-11,3,RJ,furniture_decor,0.0
base,ridge,2018-05-28,2018-06-18,4,RJ,furniture_decor,0.0
base,ridge,2018-05-28,2018-05-28,1,RJ,garden_tools,0.0
base,ridge,2018-05-28,2018-06-04,2,RJ,garden_tools,0.0
base,ridge,2018-05-28,2018-06-11,3,RJ,garden_tools,0.0
base,ridge,2018-05-28,2018-06-18,4,RJ,garden_tools,0.0
base,ridge,2018-05-28,2018-05-28,1,RJ,health_beauty,17.0
base,ridge,2018-05-28,2018-06-04,2,RJ,health_beauty,6.0
base,ridge,2018-05-28,2018-06-11,3,RJ,health_beauty,0.0
base,ridge,2018-05-28,2018-06-18,4,RJ,health_beauty,0.0
base,ridge,2018-05-28,2018-05-28,1,RJ,housewares,0.0
base,ridge,2018-05-28,2018-06-04,2,RJ,housewares,0.0
base,ridge,2018-05-28,2018-06-11,3,RJ,housewares,0.0
base,ridge,2018-05-28,2018-06-18,4,RJ,housewares,0.0
base,ridge,2018-05-28,2018-05-28,1,RJ,sports_leisure,0.0
base,ridge,2018-05-28,2018-06-04,2,RJ,sports_leisure,0.0
base,ridge,2018-05-28,2018-06-11,3,RJ,sports_leisure,0.0
base,ridge,2018-05-28,2018-06-18,4,RJ,sports_leisure,0.0
base,ridge,2018-05-28,2018-05-28,1,RJ,telephony,0.0
base,ridge,2018-05-28,2018-06-04,2,RJ,telephony,0.0
base,ridge,2018-05-28,2018-06-11,3,RJ,telephony,0.0
base,ridge,2018-05-28,2018-06-18,4,RJ,telephony,0.0
base,ridge,2018-05-28,2018-05-28,1,RJ,watches_gifts,5.0
base,ridge,2018-05-28,2018-06-04,2,RJ,watches_gifts,0.0
base,ridge,2018-05-28,2018-06-11,3,RJ,watches_gifts,0.0
base,ridge,2018-05-28,2018-06-18,4,RJ,watches_gifts,0.0
base,ridge,2018-05-28,2018-05-28,1,RS,auto,0.0
base,ridge,2018-05-28,2018-06-04,2,RS,auto,0.0
base,ridge,2018-05-28,2018-06-11,3,RS,auto,0.0
base,ridge,2018-05-28,2018-06-18,4,RS,auto,0.0
base,ridge,2018-05-28,2018-05-28,1,RS,bed_bath_table,0.0
base,ridge,2018-05-28,2018-06-04,2,RS,bed_bath_table,0.0
base,ridge,2018-05-28,2018-06-11,3,RS,bed_bath_table,0.0
base,ridge,2018-05-28,2018-06-18,4,RS,bed_bath_table,0.0
base,ridge,2018-05-28,2018-05-28,1,RS,computers_accessories,10.0
base,ridge,2018-05-28,2018-06-04,2,RS,computers_accessories,10.0
base,ridge,2018-05-28,2018-06-11,3,RS,computers_accessories,0.0
base,ridge,2018-05-28,2018-06-18,4,RS,computers_accessories,0.0
base,ridge,2018-05-28,2018-05-28,1,RS,furniture_decor,0.0
base,ridge,2018-05-28,2018-06-04,2,RS,furniture_decor,0.0
base,ridge,2018-05-28,2018-06-11,3,RS,furniture_decor,0.0
base,ridge,2018-05-28,2018-06-18,4,RS,furniture_decor,0.0
base,ridge,2018-05-28,2018-05-28,1,RS,garden_tools,0.0
base,ridge,2018-05-28,2018-06-04,2,RS,garden_tools,0.0
base,ridge,2018-05-28,2018-06-11,3,RS,garden_tools,0.0
base,ridge,2018-05-28,2018-06-18,4,RS,garden_tools,0.0
base,ridge,2018-05-28,2018-05-28,1,RS,health_beauty,0.0
base,ridge,2018-05-28,2018-06-04,2,RS,health_beauty,0.0
base,ridge,2018-05-28,2018-06-11,3,RS,health_beauty,0.0
base,ridge,2018-05-28,2018-06-18,4,RS,health_beauty,0.0
base,ridge,2018-05-28,2018-05-28,1,RS,housewares,0.0
base,ridge,2018-05-28,2018-06-04,2,RS,housewares,0.0
base,ridge,2018-05-28,2018-06-11,3,RS,housewares,0.0
base,ridge,2018-05-28,2018-06-18,4,RS,housewares,0.0
base,ridge,2018-05-28,2018-05-28,1,RS,sports_leisure,0.0
base,ridge,2018-05-28,2018-06-04,2,RS,sports_leisure,0.0
base,ridge,2018-05-28,2018-06-11,3,RS,sports_leisure,0.0
base,ridge,2018-05-28,2018-06-18,4,RS,sports_leisure,0.0
base,ridge,2018-05-28,2018-05-28,1,RS,telephony,0.0
base,ridge,2018-05-28,2018-06-04,2,RS,telephony,0.0
base,ridge,2018-05-28,2018-06-11,3,RS,telephony,0.0
base,ridge,2018-05-28,2018-06-18,4,RS,telephony,0.0
base,ridge,2018-05-28,2018-05-28,1,RS,watches_gifts,0.0
base,ridge,2018-05-28,2018-06-04,2,RS,watches_gifts,0.0
base,ridge,2018-05-28,2018-06-11,3,RS,watches_gifts,0.0
base,ridge,2018-05-28,2018-06-18,4,RS,watches_gifts,0.0
base,ridge,2018-05-28,2018-05-28,1,SC,auto,0.0
base,ridge,2018-05-28,2018-06-04,2,SC,auto,0.0
base,ridge,2018-05-28,2018-06-11,3,SC,auto,0.0
base,ridge,2018-05-28,2018-06-18,4,SC,auto,0.0
base,ridge,2018-05-28,2018-05-28,1,SC,bed_bath_table,0.0
base,ridge,2018-05-28,2018-06-04,2,SC,bed_bath_table,0.0
base,ridge,2018-05-28,2018-06-11,3,SC,bed_bath_table,0.0
base,ridge,2018-05-28,2018-06-18,4,SC,bed_bath_table,0.0
base,ridge,2018-05-28,2018-05-28,1,SC,computers_accessories,0.0
base,ridge,2018-05-28,2018-06-04,2,SC,computers_accessories,0.0
base,ridge,2018-05-28,2018-06-11,3,SC,computers_accessories,0.0
base,ridge,2018-05-28,2018-06-18,4,SC,computers_accessories,0.0
base,ridge,2018-05-28,2018-05-28,1,SC,furniture_decor,0.0
base,ridge,2018-05-28,2018-06-04,2,SC,furniture_decor,0.0
base,ridge,2018-05-28,2018-06-11,3,SC,furniture_decor,0.0
base,ridge,2018-05-28,2018-06-18,4,SC,furniture_decor,0.0
base,ridge,2018-05-28,2018-05-28,1,SC,garden_tools,0.0
base,ridge,2018-05-28,2018-06-04,2,SC,garden_tools,0.0
base,ridge,2018-05-28,2018-06-11,3,SC,garden_tools,0.0
base,ridge,2018-05-28,2018-06-18,4,SC,garden_tools,0.0
base,ridge,2018-05-28,2018-05-28,1,SC,health_beauty,0.0
base,ridge,2018-05-28,2018-06-04,2,SC,health_beauty,0.0
base,ridge,2018-05-28,2018-06-11,3,SC,health_beauty,0.0
base,ridge,2018-05-28,2018-06-18,4,SC,health_beauty,0.0
base,ridge,2018-05-28,2018-05-28,1,SC,housewares,0.0
base,ridge,2018-05-28,2018-06-04,2,SC,housewares,0.0
base,ridge,2018-05-28,2018-06-11,3,SC,housewares,0.0
base,ridge,2018-05-28,2018-06-18,4,SC,housewares,0.0
base,ridge,2018-05-28,2018-05-28,1,SC,sports_leisure,0.0
base,ridge,2018-05-28,2018-06-04,2,SC,sports_leisure,0.0
base,ridge,2018-05-28,2018-06-11,3,SC,sports_leisure,0.0
base,ridge,2018-05-28,2018-06-18,4,SC,sports_leisure,0.0
base,ridge,2018-05-28,2018-05-28,1,SC,telephony,0.0
base,ridge,2018-05-28,2018-06-04,2,SC,telephony,0.0
base,ridge,2018-05-28,2018-06-11,3,SC,telephony,0.0
base,ridge,2018-05-28,2018-06-18,4,SC,telephony,0.0
base,ridge,2018-05-28,2018-05-28,1,SC,watches_gifts,0.0
base,ridge,2018-05-28,2018-06-04,2,SC,watches_gifts,0.0
base,ridge,2018-05-28,2018-06-11,3,SC,watches_gifts,0.0
base,ridge,2018-05-28,2018-06-18,4,SC,watches_gifts,0.0
base,ridge,2018-05-28,2018-05-28,1,SP,auto,21.0
base,ridge,2018-05-28,2018-06-04,2,SP,auto,0.0
base,ridge,2018-05-28,2018-06-11,3,SP,auto,0.0
base,ridge,2018-05-28,2018-06-18,4,SP,auto,0.0
base,ridge,2018-05-28,2018-05-28,1,SP,bed_bath_table,81.0
base,ridge,2018-05-28,2018-06-04,2,SP,bed_bath_table,0.0
base,ridge,2018-05-28,2018-06-11,3,SP,bed_bath_table,0.0
base,ridge,2018-05-28,2018-06-18,4,SP,bed_bath_table,0.0
base,ridge,2018-05-28,2018-05-28,1,SP,computers_accessories,0.0
base,ridge,2018-05-28,2018-06-04,2,SP,computers_accessories,0.0
base,ridge,2018-05-28,2018-06-11,3,SP,computers_accessories,0.0
base,ridge,2018-05-28,2018-06-18,4,SP,computers_accessories,0.0
base,ridge,2018-05-28,2018-05-28,1,SP,furniture_decor,48.0
base,ridge,2018-05-28,2018-06-04,2,SP,furniture_decor,0.0
base,ridge,2018-05-28,2018-06-11,3,SP,furniture_decor,0.0
base,ridge,2018-05-28,2018-06-18,4,SP,furniture_decor,0.0
base,ridge,2018-05-28,2018-05-28,1,SP,garden_tools,22.0
base,ridge,2018-05-28,2018-06-04,2,SP,garden_tools,0.0
base,ridge,2018-05-28,2018-06-11,3,SP,garden_tools,0.0
base,ridge,2018-05-28,2018-06-18,4,SP,garden_tools,0.0
base,ridge,2018-05-28,2018-05-28,1,SP,health_beauty,33.0
base,ridge,2018-05-28,2018-06-04,2,SP,health_beauty,0.0
base,ridge,2018-05-28,2018-06-11,3,SP,health_beauty,0.0
base,ridge,2018-05-28,2018-06-18,4,SP,health_beauty,0.0
base,ridge,2018-05-28,2018-05-28,1,SP,housewares,18.0
base,ridge,2018-05-28,2018-06-04,2,SP,housewares,0.0
base,ridge,2018-05-28,2018-06-11,3,SP,housewares,0.0
base,ridge,2018-05-28,2018-06-18,4,SP,housewares,0.0
base,ridge,2018-05-28,2018-05-28,1,SP,sports_leisure,47.0
base,ridge,2018-05-28,2018-06-04,2,SP,sports_leisure,0.0
base,ridge,2018-05-28,2018-06-11,3,SP,sports_leisure,0.0
base,ridge,2018-05-28,2018-06-18,4,SP,sports_leisure,0.0
base,ridge,2018-05-28,2018-05-28,1,SP,telephony,37.0
base,ridge,2018-05-28,2018-06-04,2,SP,telephony,0.0
base,ridge,2018-05-28,2018-06-11,3,SP,telephony,0.0
base,ridge,2018-05-28,2018-06-18,4,SP,telephony,0.0
base,ridge,2018-05-28,2018-05-28,1,SP,watches_gifts,5.0
base,ridge,2018-05-28,2018-06-04,2,SP,watches_gifts,0.0
base,ridge,2018-05-28,2018-06-11,3,SP,watches_gifts,0.0
base,ridge,2018-05-28,2018-06-18,4,SP,watches_gifts,0.0
base,ridge,2018-06-04,2018-06-04,1,MG,auto,0.0
base,ridge,2018-06-04,2018-06-11,2,MG,auto,0.0
base,ridge,2018-06-04,2018-06-18,3,MG,auto,0.0
base,ridge,2018-06-04,2018-06-25,4,MG,auto,0.0
base,ridge,2018-06-04,2018-06-04,1,MG,bed_bath_table,0.0
base,ridge,2018-06-04,2018-06-11,2,MG,bed_bath_table,0.0
base,ridge,2018-06-04,2018-06-18,3,MG,bed_bath_table,0.0
base,ridge,2018-06-04,2018-06-25,4,MG,bed_bath_table,0.0
base,ridge,2018-06-04,2018-06-04,1,MG,computers_accessories,22.0
base,ridge,2018-06-04,2018-06-11,2,MG,computers_accessories,10.0
base,ridge,2018-06-04,2018-06-18,3,MG,computers_accessories,0.0
base,ridge,2018-06-04,2018-06-25,4,MG,computers_accessories,0.0
base,ridge,2018-06-04,2018-06-04,1,MG,furniture_decor,0.0
base,ridge,2018-06-04,2018-06-11,2,MG,furniture_decor,0.0
base,ridge,2018-06-04,2018-06-18,3,MG,furniture_decor,0.0
base,ridge,2018-06-04,2018-06-25,4,MG,furniture_decor,0.0
base,ridge,2018-06-04,2018-06-04,1,MG,garden_tools,0.0
base,ridge,2018-06-04,2018-06-11,2,MG,garden_tools,0.0
base,ridge,2018-06-04,2018-06-18,3,MG,garden_tools,0.0
base,ridge,2018-06-04,2018-06-25,4,MG,garden_tools,0.0
base,ridge,2018-06-04,2018-06-04,1,MG,health_beauty,0.0
base,ridge,2018-06-04,2018-06-11,2,MG,health_beauty,0.0
base,ridge,2018-06-04,2018-06-18,3,MG,health_beauty,0.0
base,ridge,2018-06-04,2018-06-25,4,MG,health_beauty,0.0
base,ridge,2018-06-04,2018-06-04,1,MG,housewares,0.0
base,ridge,2018-06-04,2018-06-11,2,MG,housewares,0.0
base,ridge,2018-06-04,2018-06-18,3,MG,housewares,0.0
base,ridge,2018-06-04,2018-06-25,4,MG,housewares,0.0
base,ridge,2018-06-04,2018-06-04,1,MG,sports_leisure,5.0
base,ridge,2018-06-04,2018-06-11,2,MG,sports_leisure,0.0
base,ridge,2018-06-04,2018-06-18,3,MG,sports_leisure,0.0
base,ridge,2018-06-04,2018-06-25,4,MG,sports_leisure,0.0
base,ridge,2018-06-04,2018-06-04,1,MG,telephony,0.0
base,ridge,2018-06-04,2018-06-11,2,MG,telephony,0.0
base,ridge,2018-06-04,2018-06-18,3,MG,telephony,0.0
base,ridge,2018-06-04,2018-06-25,4,MG,telephony,0.0
base,ridge,2018-06-04,2018-06-04,1,MG,watches_gifts,0.0
base,ridge,2018-06-04,2018-06-11,2,MG,watches_gifts,0.0
base,ridge,2018-06-04,2018-06-18,3,MG,watches_gifts,0.0
base,ridge,2018-06-04,2018-06-25,4,MG,watches_gifts,0.0
base,ridge,2018-06-04,2018-06-04,1,PR,auto,2.0
base,ridge,2018-06-04,2018-06-11,2,PR,auto,0.0
base,ridge,2018-06-04,2018-06-18,3,PR,auto,0.0
base,ridge,2018-06-04,2018-06-25,4,PR,auto,0.0
base,ridge,2018-06-04,2018-06-04,1,PR,bed_bath_table,3.0
base,ridge,2018-06-04,2018-06-11,2,PR,bed_bath_table,0.0
base,ridge,2018-06-04,2018-06-18,3,PR,bed_bath_table,0.0
base,ridge,2018-06-04,2018-06-25,4,PR,bed_bath_table,0.0
base,ridge,2018-06-04,2018-06-04,1,PR,computers_accessories,28.0
base,ridge,2018-06-04,2018-06-11,2,PR,computers_accessories,16.0
base,ridge,2018-06-04,2018-06-18,3,PR,computers_accessories,0.0
base,ridge,2018-06-04,2018-06-25,4,PR,computers_accessories,0.0
base,ridge,2018-06-04,2018-06-04,1,PR,furniture_decor,15.0
base,ridge,2018-06-04,2018-06-11,2,PR,furniture_decor,0.0
base,ridge,2018-06-04,2018-06-18,3,PR,furniture_decor,0.0
base,ridge,2018-06-04,2018-06-25,4,PR,furniture_decor,0.0
base,ridge,2018-06-04,2018-06-04,1,PR,garden_tools,5.0
base,ridge,2018-06-04,2018-06-11,2,PR,garden_tools,3.0
base,ridge,2018-06-04,2018-06-18,3,PR,garden_tools,0.0
base,ridge,2018-06-04,2018-06-25,4,PR,garden_tools,0.0
base,ridge,2018-06-04,2018-06-04,1,PR,health_beauty,7.0
base,ridge,2018-06-04,2018-06-11,2,PR,health_beauty,0.0
base,ridge,2018-06-04,2018-06-18,3,PR,health_beauty,0.0
base,ridge,2018-06-04,2018-06-25,4,PR,health_beauty,0.0
base,ridge,2018-06-04,2018-06-04,1,PR,housewares,0.0
base,ridge,2018-06-04,2018-06-11,2,PR,housewares,0.0
base,ridge,2018-06-04,2018-06-18,3,PR,housewares,0.0
base,ridge,2018-06-04,2018-06-25,4,PR,housewares,0.0
base,ridge,2018-06-04,2018-06-04,1,PR,sports_leisure,7.0
base,ridge,2018-06-04,2018-06-11,2,PR,sports_leisure,0.0
base,ridge,2018-06-04,2018-06-18,3,PR,sports_leisure,0.0
base,ridge,2018-06-04,2018-06-25,4,PR,sports_leisure,0.0
base,ridge,2018-06-04,2018-06-04,1,PR,telephony,0.0
base,ridge,2018-06-04,2018-06-11,2,PR,telephony,0.0
base,ridge,2018-06-04,2018-06-18,3,PR,telephony,0.0
base,ridge,2018-06-04,2018-06-25,4,PR,telephony,0.0
base,ridge,2018-06-04,2018-06-04,1,PR,watches_gifts,8.0
base,ridge,2018-06-04,2018-06-11,2,PR,watches_gifts,0.0
base,ridge,2018-06-04,2018-06-18,3,PR,watches_gifts,0.0
base,ridge,2018-06-04,2018-06-25,4,PR,watches_gifts,0.0
base,ridge,2018-06-04,2018-06-04,1,RJ,auto,2.0
base,ridge,2018-06-04,2018-06-11,2,RJ,auto,0.0
base,ridge,2018-06-04,2018-06-18,3,RJ,auto,0.0
base,ridge,2018-06-04,2018-06-25,4,RJ,auto,0.0
base,ridge,2018-06-04,2018-06-04,1,RJ,bed_bath_table,1.0
base,ridge,2018-06-04,2018-06-11,2,RJ,bed_bath_table,0.0
base,ridge,2018-06-04,2018-06-18,3,RJ,bed_bath_table,0.0
base,ridge,2018-06-04,2018-06-25,4,RJ,bed_bath_table,0.0
base,ridge,2018-06-04,2018-06-04,1,RJ,computers_accessories,3.0
base,ridge,2018-06-04,2018-06-11,2,RJ,computers_accessories,0.0
base,ridge,2018-06-04,2018-06-18,3,RJ,computers_accessories,0.0
base,ridge,2018-06-04,2018-06-25,4,RJ,computers_accessories,0.0
base,ridge,2018-06-04,2018-06-04,1,RJ,furniture_decor,3.0
base,ridge,2018-06-04,2018-06-11,2,RJ,furniture_decor,0.0
base,ridge,2018-06-04,2018-06-18,3,RJ,furniture_decor,0.0
base,ridge,2018-06-04,2018-06-25,4,RJ,furniture_decor,0.0
base,ridge,2018-06-04,2018-06-04,1,RJ,garden_tools,0.0
base,ridge,2018-06-04,2018-06-11,2,RJ,garden_tools,0.0
base,ridge,2018-06-04,2018-06-18,3,RJ,garden_tools,0.0
base,ridge,2018-06-04,2018-06-25,4,RJ,garden_tools,0.0
base,ridge,2018-06-04,2018-06-04,1,RJ,health_beauty,17.0
base,ridge,2018-06-04,2018-06-11,2,RJ,health_beauty,6.0
base,ridge,2018-06-04,2018-06-18,3,RJ,health_beauty,0.0
base,ridge,2018-06-04,2018-06-25,4,RJ,health_beauty,0.0
base,ridge,2018-06-04,2018-06-04,1,RJ,housewares,0.0
base,ridge,2018-06-04,2018-06-11,2,RJ,housewares,0.0
base,ridge,2018-06-04,2018-06-18,3,RJ,housewares,0.0
base,ridge,2018-06-04,2018-06-25,4,RJ,housewares,0.0
base,ridge,2018-06-04,2018-06-04,1,RJ,sports_leisure,0.0
base,ridge,2018-06-04,2018-06-11,2,RJ,sports_leisure,0.0
base,ridge,2018-06-04,2018-06-18,3,RJ,sports_leisure,0.0
base,ridge,2018-06-04,2018-06-25,4,RJ,sports_leisure,0.0
base,ridge,2018-06-04,2018-06-04,1,RJ,telephony,0.0
base,ridge,2018-06-04,2018-06-11,2,RJ,telephony,0.0
base,ridge,2018-06-04,2018-06-18,3,RJ,telephony,0.0
base,ridge,2018-06-04,2018-06-25,4,RJ,telephony,0.0
base,ridge,2018-06-04,2018-06-04,1,RJ,watches_gifts,9.0
base,ridge,2018-06-04,2018-06-11,2,RJ,watches_gifts,0.0
base,ridge,2018-06-04,2018-06-18,3,RJ,watches_gifts,0.0
base,ridge,2018-06-04,2018-06-25,4,RJ,watches_gifts,0.0
base,ridge,2018-06-04,2018-06-04,1,RS,auto,2.0
base,ridge,2018-06-04,2018-06-11,2,RS,auto,0.0
base,ridge,2018-06-04,2018-06-18,3,RS,auto,0.0
base,ridge,2018-06-04,2018-06-25,4,RS,auto,0.0
base,ridge,2018-06-04,2018-06-04,1,RS,bed_bath_table,4.0
base,ridge,2018-06-04,2018-06-11,2,RS,bed_bath_table,0.0
base,ridge,2018-06-04,2018-06-18,3,RS,bed_bath_table,0.0
base,ridge,2018-06-04,2018-06-25,4,RS,bed_bath_table,0.0
base,ridge,2018-06-04,2018-06-04,1,RS,computers_accessories,9.0
base,ridge,2018-06-04,2018-06-11,2,RS,computers_accessories,6.0
base,ridge,2018-06-04,2018-06-18,3,RS,computers_accessories,6.0
base,ridge,2018-06-04,2018-06-25,4,RS,computers_accessories,0.0
base,ridge,2018-06-04,2018-06-04,1,RS,furniture_decor,0.0
base,ridge,2018-06-04,2018-06-11,2,RS,furniture_decor,0.0
base,ridge,2018-06-04,2018-06-18,3,RS,furniture_decor,0.0
base,ridge,2018-06-04,2018-06-25,4,RS,furniture_decor,0.0
base,ridge,2018-06-04,2018-06-04,1,RS,garden_tools,1.0
base,ridge,2018-06-04,2018-06-11,2,RS,garden_tools,0.0
base,ridge,2018-06-04,2018-06-18,3,RS,garden_tools,0.0
base,ridge,2018-06-04,2018-06-25,4,RS,garden_tools,0.0
base,ridge,2018-06-04,2018-06-04,1,RS,health_beauty,0.0
base,ridge,2018-06-04,2018-06-11,2,RS,health_beauty,0.0
base,ridge,2018-06-04,2018-06-18,3,RS,health_beauty,0.0
base,ridge,2018-06-04,2018-06-25,4,RS,health_beauty,0.0
base,ridge,2018-06-04,2018-06-04,1,RS,housewares,2.0
base,ridge,2018-06-04,2018-06-11,2,RS,housewares,0.0
base,ridge,2018-06-04,2018-06-18,3,RS,housewares,0.0
base,ridge,2018-06-04,2018-06-25,4,RS,housewares,0.0
base,ridge,2018-06-04,2018-06-04,1,RS,sports_leisure,3.0
base,ridge,2018-06-04,2018-06-11,2,RS,sports_leisure,0.0
base,ridge,2018-06-04,2018-06-18,3,RS,sports_leisure,0.0
base,ridge,2018-06-04,2018-06-25,4,RS,sports_leisure,0.0
base,ridge,2018-06-04,2018-06-04,1,RS,telephony,5.0
base,ridge,2018-06-04,2018-06-11,2,RS,telephony,0.0
base,ridge,2018-06-04,2018-06-18,3,RS,telephony,0.0
base,ridge,2018-06-04,2018-06-25,4,RS,telephony,0.0
base,ridge,2018-06-04,2018-06-04,1,RS,watches_gifts,1.0
base,ridge,2018-06-04,2018-06-11,2,RS,watches_gifts,0.0
base,ridge,2018-06-04,2018-06-18,3,RS,watches_gifts,0.0
base,ridge,2018-06-04,2018-06-25,4,RS,watches_gifts,0.0
base,ridge,2018-06-04,2018-06-04,1,SC,auto,0.0
base,ridge,2018-06-04,2018-06-11,2,SC,auto,0.0
base,ridge,2018-06-04,2018-06-18,3,SC,auto,0.0
base,ridge,2018-06-04,2018-06-25,4,SC,auto,0.0
base,ridge,2018-06-04,2018-06-04,1,SC,bed_bath_table,0.0
base,ridge,2018-06-04,2018-06-11,2,SC,bed_bath_table,0.0
base,ridge,2018-06-04,2018-06-18,3,SC,bed_bath_table,0.0
base,ridge,2018-06-04,2018-06-25,4,SC,bed_bath_table,0.0
base,ridge,2018-06-04,2018-06-04,1,SC,computers_accessories,0.0
base,ridge,2018-06-04,2018-06-11,2,SC,computers_accessories,0.0
base,ridge,2018-06-04,2018-06-18,3,SC,computers_accessories,0.0
base,ridge,2018-06-04,2018-06-25,4,SC,computers_accessories,0.0
base,ridge,2018-06-04,2018-06-04,1,SC,furniture_decor,0.0
base,ridge,2018-06-04,2018-06-11,2,SC,furniture_decor,0.0
base,ridge,2018-06-04,2018-06-18,3,SC,furniture_decor,0.0
base,ridge,2018-06-04,2018-06-25,4,SC,furniture_decor,0.0
base,ridge,2018-06-04,2018-06-04,1,SC,garden_tools,0.0
base,ridge,2018-06-04,2018-06-11,2,SC,garden_tools,0.0
base,ridge,2018-06-04,2018-06-18,3,SC,garden_tools,0.0
base,ridge,2018-06-04,2018-06-25,4,SC,garden_tools,0.0
base,ridge,2018-06-04,2018-06-04,1,SC,health_beauty,0.0
base,ridge,2018-06-04,2018-06-11,2,SC,health_beauty,0.0
base,ridge,2018-06-04,2018-06-18,3,SC,health_beauty,0.0
base,ridge,2018-06-04,2018-06-25,4,SC,health_beauty,0.0
base,ridge,2018-06-04,2018-06-04,1,SC,housewares,0.0
base,ridge,2018-06-04,2018-06-11,2,SC,housewares,0.0
base,ridge,2018-06-04,2018-06-18,3,SC,housewares,0.0
base,ridge,2018-06-04,2018-06-25,4,SC,housewares,0.0
base,ridge,2018-06-04,2018-06-04,1,SC,sports_leisure,0.0
base,ridge,2018-06-04,2018-06-11,2,SC,sports_leisure,0.0
base,ridge,2018-06-04,2018-06-18,3,SC,sports_leisure,0.0
base,ridge,2018-06-04,2018-06-25,4,SC,sports_leisure,0.0
base,ridge,2018-06-04,2018-06-04,1,SC,telephony,0.0
base,ridge,2018-06-04,2018-06-11,2,SC,telephony,0.0
base,ridge,2018-06-04,2018-06-18,3,SC,telephony,0.0
base,ridge,2018-06-04,2018-06-25,4,SC,telephony,0.0
base,ridge,2018-06-04,2018-06-04,1,SC,watches_gifts,1.0
base,ridge,2018-06-04,2018-06-11,2,SC,watches_gifts,0.0
base,ridge,2018-06-04,2018-06-18,3,SC,watches_gifts,0.0
base,ridge,2018-06-04,2018-06-25,4,SC,watches_gifts,0.0
base,ridge,2018-06-04,2018-06-04,1,SP,auto,40.0
base,ridge,2018-06-04,2018-06-11,2,SP,auto,0.0
base,ridge,2018-06-04,2018-06-18,3,SP,auto,0.0
base,ridge,2018-06-04,2018-06-25,4,SP,auto,0.0
base,ridge,2018-06-04,2018-06-04,1,SP,bed_bath_table,47.0
base,ridge,2018-06-04,2018-06-11,2,SP,bed_bath_table,0.0
base,ridge,2018-06-04,2018-06-18,3,SP,bed_bath_table,0.0
base,ridge,2018-06-04,2018-06-25,4,SP,bed_bath_table,0.0
base,ridge,2018-06-04,2018-06-04,1,SP,computers_accessories,64.0
base,ridge,2018-06-04,2018-06-11,2,SP,computers_accessories,0.0
base,ridge,2018-06-04,2018-06-18,3,SP,computers_accessories,0.0
base,ridge,2018-06-04,2018-06-25,4,SP,computers_accessories,0.0
base,ridge,2018-06-04,2018-06-04,1,SP,furniture_decor,50.0
base,ridge,2018-06-04,2018-06-11,2,SP,furniture_decor,0.0
base,ridge,2018-06-04,2018-06-18,3,SP,furniture_decor,0.0
base,ridge,2018-06-04,2018-06-25,4,SP,furniture_decor,0.0
base,ridge,2018-06-04,2018-06-04,1,SP,garden_tools,51.0
base,ridge,2018-06-04,2018-06-11,2,SP,garden_tools,0.0
base,ridge,2018-06-04,2018-06-18,3,SP,garden_tools,0.0
base,ridge,2018-06-04,2018-06-25,4,SP,garden_tools,0.0
base,ridge,2018-06-04,2018-06-04,1,SP,health_beauty,47.0
base,ridge,2018-06-04,2018-06-11,2,SP,health_beauty,0.0
base,ridge,2018-06-04,2018-06-18,3,SP,health_beauty,0.0
base,ridge,2018-06-04,2018-06-25,4,SP,health_beauty,0.0
base,ridge,2018-06-04,2018-06-04,1,SP,housewares,0.0
base,ridge,2018-06-04,2018-06-11,2,SP,housewares,0.0
base,ridge,2018-06-04,2018-06-18,3,SP,housewares,0.0
base,ridge,2018-06-04,2018-06-25,4,SP,housewares,0.0
base,ridge,2018-06-04,2018-06-04,1,SP,sports_leisure,42.0
base,ridge,2018-06-04,2018-06-11,2,SP,sports_leisure,0.0
base,ridge,2018-06-04,2018-06-18,3,SP,sports_leisure,0.0
base,ridge,2018-06-04,2018-06-25,4,SP,sports_leisure,0.0
base,ridge,2018-06-04,2018-06-04,1,SP,telephony,26.0
base,ridge,2018-06-04,2018-06-11,2,SP,telephony,0.0
base,ridge,2018-06-04,2018-06-18,3,SP,telephony,0.0
base,ridge,2018-06-04,2018-06-25,4,SP,telephony,0.0
base,ridge,2018-06-04,2018-06-04,1,SP,watches_gifts,25.0
base,ridge,2018-06-04,2018-06-11,2,SP,watches_gifts,0.0
base,ridge,2018-06-04,2018-06-18,3,SP,watches_gifts,0.0
base,ridge,2018-06-04,2018-06-25,4,SP,watches_gifts,0.0
base,ridge,2018-06-11,2018-06-11,1,MG,auto,0.0
base,ridge,2018-06-11,2018-06-18,2,MG,auto,0.0
base,ridge,2018-06-11,2018-06-25,3,MG,auto,0.0
base,ridge,2018-06-11,2018-07-02,4,MG,auto,0.0
base,ridge,2018-06-11,2018-06-11,1,MG,bed_bath_table,0.0
base,ridge,2018-06-11,2018-06-18,2,MG,bed_bath_table,0.0
base,ridge,2018-06-11,2018-06-25,3,MG,bed_bath_table,0.0
base,ridge,2018-06-11,2018-07-02,4,MG,bed_bath_table,0.0
base,ridge,2018-06-11,2018-06-11,1,MG,computers_accessories,0.0
base,ridge,2018-06-11,2018-06-18,2,MG,computers_accessories,0.0
base,ridge,2018-06-11,2018-06-25,3,MG,computers_accessories,0.0
base,ridge,2018-06-11,2018-07-02,4,MG,computers_accessories,0.0
base,ridge,2018-06-11,2018-06-11,1,MG,furniture_decor,12.0
base,ridge,2018-06-11,2018-06-18,2,MG,furniture_decor,0.0
base,ridge,2018-06-11,2018-06-25,3,MG,furniture_decor,0.0
base,ridge,2018-06-11,2018-07-02,4,MG,furniture_decor,0.0
base,ridge,2018-06-11,2018-06-11,1,MG,garden_tools,0.0
base,ridge,2018-06-11,2018-06-18,2,MG,garden_tools,0.0
base,ridge,2018-06-11,2018-06-25,3,MG,garden_tools,0.0
base,ridge,2018-06-11,2018-07-02,4,MG,garden_tools,0.0
base,ridge,2018-06-11,2018-06-11,1,MG,health_beauty,0.0
base,ridge,2018-06-11,2018-06-18,2,MG,health_beauty,0.0
base,ridge,2018-06-11,2018-06-25,3,MG,health_beauty,0.0
base,ridge,2018-06-11,2018-07-02,4,MG,health_beauty,0.0
base,ridge,2018-06-11,2018-06-11,1,MG,housewares,0.0
base,ridge,2018-06-11,2018-06-18,2,MG,housewares,0.0
base,ridge,2018-06-11,2018-06-25,3,MG,housewares,0.0
base,ridge,2018-06-11,2018-07-02,4,MG,housewares,0.0
base,ridge,2018-06-11,2018-06-11,1,MG,sports_leisure,0.0
base,ridge,2018-06-11,2018-06-18,2,MG,sports_leisure,0.0
base,ridge,2018-06-11,2018-06-25,3,MG,sports_leisure,0.0
base,ridge,2018-06-11,2018-07-02,4,MG,sports_leisure,0.0
base,ridge,2018-06-11,2018-06-11,1,MG,telephony,0.0
base,ridge,2018-06-11,2018-06-18,2,MG,telephony,0.0
base,ridge,2018-06-11,2018-06-25,3,MG,telephony,0.0
base,ridge,2018-06-11,2018-07-02,4,MG,telephony,0.0
base,ridge,2018-06-11,2018-06-11,1,MG,watches_gifts,0.0
base,ridge,2018-06-11,2018-06-18,2,MG,watches_gifts,0.0
base,ridge,2018-06-11,2018-06-25,3,MG,watches_gifts,0.0
base,ridge,2018-06-11,2018-07-02,4,MG,watches_gifts,0.0
base,ridge,2018-06-11,2018-06-11,1,PR,auto,0.0
base,ridge,2018-06-11,2018-06-18,2,PR,auto,0.0
base,ridge,2018-06-11,2018-06-25,3,PR,auto,0.0
base,ridge,2018-06-11,2018-07-02,4,PR,auto,0.0
base,ridge,2018-06-11,2018-06-11,1,PR,bed_bath_table,0.0
base,ridge,2018-06-11,2018-06-18,2,PR,bed_bath_table,0.0
base,ridge,2018-06-11,2018-06-25,3,PR,bed_bath_table,0.0
base,ridge,2018-06-11,2018-07-02,4,PR,bed_bath_table,0.0
base,ridge,2018-06-11,2018-06-11,1,PR,computers_accessories,7.0
base,ridge,2018-06-11,2018-06-18,2,PR,computers_accessories,0.0
base,ridge,2018-06-11,2018-06-25,3,PR,computers_accessories,0.0
base,ridge,2018-06-11,2018-07-02,4,PR,computers_accessories,0.0
base,ridge,2018-06-11,2018-06-11,1,PR,furniture_decor,2.0
base,ridge,2018-06-11,2018-06-18,2,PR,furniture_decor,0.0
base,ridge,2018-06-11,2018-06-25,3,PR,furniture_decor,0.0
base,ridge,2018-06-11,2018-07-02,4,PR,furniture_decor,0.0
base,ridge,2018-06-11,2018-06-11,1,PR,garden_tools,5.0
base,ridge,2018-06-11,2018-06-18,2,PR,garden_tools,0.0
base,ridge,2018-06-11,2018-06-25,3,PR,garden_tools,0.0
base,ridge,2018-06-11,2018-07-02,4,PR,garden_tools,0.0
base,ridge,2018-06-11,2018-06-11,1,PR,health_beauty,0.0
base,ridge,2018-06-11,2018-06-18,2,PR,health_beauty,0.0
base,ridge,2018-06-11,2018-06-25,3,PR,health_beauty,0.0
base,ridge,2018-06-11,2018-07-02,4,PR,health_beauty,0.0
base,ridge,2018-06-11,2018-06-11,1,PR,housewares,0.0
base,ridge,2018-06-11,2018-06-18,2,PR,housewares,0.0
base,ridge,2018-06-11,2018-06-25,3,PR,housewares,0.0
base,ridge,2018-06-11,2018-07-02,4,PR,housewares,0.0
base,ridge,2018-06-11,2018-06-11,1,PR,sports_leisure,19.0
base,ridge,2018-06-11,2018-06-18,2,PR,sports_leisure,0.0
base,ridge,2018-06-11,2018-06-25,3,PR,sports_leisure,0.0
base,ridge,2018-06-11,2018-07-02,4,PR,sports_leisure,0.0
base,ridge,2018-06-11,2018-06-11,1,PR,telephony,0.0
base,ridge,2018-06-11,2018-06-18,2,PR,telephony,0.0
base,ridge,2018-06-11,2018-06-25,3,PR,telephony,0.0
base,ridge,2018-06-11,2018-07-02,4,PR,telephony,0.0
base,ridge,2018-06-11,2018-06-11,1,PR,watches_gifts,1.0
base,ridge,2018-06-11,2018-06-18,2,PR,watches_gifts,0.0
base,ridge,2018-06-11,2018-06-25,3,PR,watches_gifts,0.0
base,ridge,2018-06-11,2018-07-02,4,PR,watches_gifts,0.0
base,ridge,2018-06-11,2018-06-11,1,RJ,auto,0.0
base,ridge,2018-06-11,2018-06-18,2,RJ,auto,0.0
base,ridge,2018-06-11,2018-06-25,3,RJ,auto,0.0
base,ridge,2018-06-11,2018-07-02,4,RJ,auto,0.0
base,ridge,2018-06-11,2018-06-11,1,RJ,bed_bath_table,0.0
base,ridge,2018-06-11,2018-06-18,2,RJ,bed_bath_table,0.0
base,ridge,2018-06-11,2018-06-25,3,RJ,bed_bath_table,0.0
base,ridge,2018-06-11,2018-07-02,4,RJ,bed_bath_table,0.0
base,ridge,2018-06-11,2018-06-11,1,RJ,computers_accessories,0.0
base,ridge,2018-06-11,2018-06-18,2,RJ,computers_accessories,0.0
base,ridge,2018-06-11,2018-06-25,3,RJ,computers_accessories,0.0
base,ridge,2018-06-11,2018-07-02,4,RJ,computers_accessories,0.0
base,ridge,2018-06-11,2018-06-11,1,RJ,furniture_decor,5.0
base,ridge,2018-06-11,2018-06-18,2,RJ,furniture_decor,4.0
base,ridge,2018-06-11,2018-06-25,3,RJ,furniture_decor,0.0
base,ridge,2018-06-11,2018-07-02,4,RJ,furniture_decor,0.0
base,ridge,2018-06-11,2018-06-11,1,RJ,garden_tools,3.0
base,ridge,2018-06-11,2018-06-18,2,RJ,garden_tools,2.0
base,ridge,2018-06-11,2018-06-25,3,RJ,garden_tools,1.0
base,ridge,2018-06-11,2018-07-02,4,RJ,garden_tools,0.0
base,ridge,2018-06-11,2018-06-11,1,RJ,health_beauty,0.0
base,ridge,2018-06-11,2018-06-18,2,RJ,health_beauty,0.0
base,ridge,2018-06-11,2018-06-25,3,RJ,health_beauty,0.0
base,ridge,2018-06-11,2018-07-02,4,RJ,health_beauty,0.0
base,ridge,2018-06-11,2018-06-11,1,RJ,housewares,0.0
base,ridge,2018-06-11,2018-06-18,2,RJ,housewares,0.0
base,ridge,2018-06-11,2018-06-25,3,RJ,housewares,0.0
base,ridge,2018-06-11,2018-07-02,4,RJ,housewares,0.0
base,ridge,2018-06-11,2018-06-11,1,RJ,sports_leisure,0.0
base,ridge,2018-06-11,2018-06-18,2,RJ,sports_leisure,0.0
base,ridge,2018-06-11,2018-06-25,3,RJ,sports_leisure,0.0
base,ridge,2018-06-11,2018-07-02,4,RJ,sports_leisure,0.0
base,ridge,2018-06-11,2018-06-11,1,RJ,telephony,0.0
base,ridge,2018-06-11,2018-06-18,2,RJ,telephony,0.0
base,ridge,2018-06-11,2018-06-25,3,RJ,telephony,0.0
base,ridge,2018-06-11,2018-07-02,4,RJ,telephony,0.0
base,ridge,2018-06-11,2018-06-11,1,RJ,watches_gifts,9.0
base,ridge,2018-06-11,2018-06-18,2,RJ,watches_gifts,0.0
base,ridge,2018-06-11,2018-06-25,3,RJ,watches_gifts,0.0
base,ridge,2018-06-11,2018-07-02,4,RJ,watches_gifts,0.0
base,ridge,2018-06-11,2018-06-11,1,RS,auto,0.0
base,ridge,2018-06-11,2018-06-18,2,RS,auto,0.0
base,ridge,2018-06-11,2018-06-25,3,RS,auto,0.0
base,ridge,2018-06-11,2018-07-02,4,RS,auto,0.0
base,ridge,2018-06-11,2018-06-11,1,RS,bed_bath_table,0.0
base,ridge,2018-06-11,2018-06-18,2,RS,bed_bath_table,0.0
base,ridge,2018-06-11,2018-06-25,3,RS,bed_bath_table,0.0
base,ridge,2018-06-11,2018-07-02,4,RS,bed_bath_table,0.0
base,ridge,2018-06-11,2018-06-11,1,RS,computers_accessories,0.0
base,ridge,2018-06-11,2018-06-18,2,RS,computers_accessories,0.0
base,ridge,2018-06-11,2018-06-25,3,RS,computers_accessories,0.0
base,ridge,2018-06-11,2018-07-02,4,RS,computers_accessories,0.0
base,ridge,2018-06-11,2018-06-11,1,RS,furniture_decor,0.0
base,ridge,2018-06-11,2018-06-18,2,RS,furniture_decor,0.0
base,ridge,2018-06-11,2018-06-25,3,RS,furniture_decor,0.0
base,ridge,2018-06-11,2018-07-02,4,RS,furniture_decor,0.0
base,ridge,2018-06-11,2018-06-11,1,RS,garden_tools,0.0
base,ridge,2018-06-11,2018-06-18,2,RS,garden_tools,0.0
base,ridge,2018-06-11,2018-06-25,3,RS,garden_tools,0.0
base,ridge,2018-06-11,2018-07-02,4,RS,garden_tools,0.0
base,ridge,2018-06-11,2018-06-11,1,RS,health_beauty,0.0
base,ridge,2018-06-11,2018-06-18,2,RS,health_beauty,0.0
base,ridge,2018-06-11,2018-06-25,3,RS,health_beauty,0.0
base,ridge,2018-06-11,2018-07-02,4,RS,health_beauty,0.0
base,ridge,2018-06-11,2018-06-11,1,RS,housewares,0.0
base,ridge,2018-06-11,2018-06-18,2,RS,housewares,0.0
base,ridge,2018-06-11,2018-06-25,3,RS,housewares,0.0
base,ridge,2018-06-11,2018-07-02,4,RS,housewares,0.0
base,ridge,2018-06-11,2018-06-11,1,RS,sports_leisure,0.0
base,ridge,2018-06-11,2018-06-18,2,RS,sports_leisure,0.0
base,ridge,2018-06-11,2018-06-25,3,RS,sports_leisure,0.0
base,ridge,2018-06-11,2018-07-02,4,RS,sports_leisure,0.0
base,ridge,2018-06-11,2018-06-11,1,RS,telephony,4.0
base,ridge,2018-06-11,2018-06-18,2,RS,telephony,0.0
base,ridge,2018-06-11,2018-06-25,3,RS,telephony,0.0
base,ridge,2018-06-11,2018-07-02,4,RS,telephony,0.0
base,ridge,2018-06-11,2018-06-11,1,RS,watches_gifts,1.0
base,ridge,2018-06-11,2018-06-18,2,RS,watches_gifts,0.0
base,ridge,2018-06-11,2018-06-25,3,RS,watches_gifts,0.0
base,ridge,2018-06-11,2018-07-02,4,RS,watches_gifts,0.0
base,ridge,2018-06-11,2018-06-11,1,SC,auto,0.0
base,ridge,2018-06-11,2018-06-18,2,SC,auto,0.0
base,ridge,2018-06-11,2018-06-25,3,SC,auto,0.0
base,ridge,2018-06-11,2018-07-02,4,SC,auto,0.0
base,ridge,2018-06-11,2018-06-11,1,SC,bed_bath_table,0.0
base,ridge,2018-06-11,2018-06-18,2,SC,bed_bath_table,0.0
base,ridge,2018-06-11,2018-06-25,3,SC,bed_bath_table,0.0
base,ridge,2018-06-11,2018-07-02,4,SC,bed_bath_table,0.0
base,ridge,2018-06-11,2018-06-11,1,SC,computers_accessories,0.0
base,ridge,2018-06-11,2018-06-18,2,SC,computers_accessories,0.0
base,ridge,2018-06-11,2018-06-25,3,SC,computers_accessories,0.0
base,ridge,2018-06-11,2018-07-02,4,SC,computers_accessories,0.0
base,ridge,2018-06-11,2018-06-11,1,SC,furniture_decor,0.0
base,ridge,2018-06-11,2018-06-18,2,SC,furniture_decor,0.0
base,ridge,2018-06-11,2018-06-25,3,SC,furniture_decor,0.0
base,ridge,2018-06-11,2018-07-02,4,SC,furniture_decor,0.0
base,ridge,2018-06-11,2018-06-11,1,SC,garden_tools,0.0
base,ridge,2018-06-11,2018-06-18,2,SC,garden_tools,0.0
base,ridge,2018-06-11,2018-06-25,3,SC,garden_tools,0.0
base,ridge,2018-06-11,2018-07-02,4,SC,garden_tools,0.0
base,ridge,2018-06-11,2018-06-11,1,SC,health_beauty,0.0
base,ridge,2018-06-11,2018-06-18,2,SC,health_beauty,0.0
base,ridge,2018-06-11,2018-06-25,3,SC,health_beauty,0.0
base,ridge,2018-06-11,2018-07-02,4,SC,health_beauty,0.0
base,ridge,2018-06-11,2018-06-11,1,SC,housewares,0.0
base,ridge,2018-06-11,2018-06-18,2,SC,housewares,0.0
base,ridge,2018-06-11,2018-06-25,3,SC,housewares,0.0
base,ridge,2018-06-11,2018-07-02,4,SC,housewares,0.0
base,ridge,2018-06-11,2018-06-11,1,SC,sports_leisure,0.0
base,ridge,2018-06-11,2018-06-18,2,SC,sports_leisure,0.0
base,ridge,2018-06-11,2018-06-25,3,SC,sports_leisure,0.0
base,ridge,2018-06-11,2018-07-02,4,SC,sports_leisure,0.0
base,ridge,2018-06-11,2018-06-11,1,SC,telephony,0.0
base,ridge,2018-06-11,2018-06-18,2,SC,telephony,0.0
base,ridge,2018-06-11,2018-06-25,3,SC,telephony,0.0
base,ridge,2018-06-11,2018-07-02,4,SC,telephony,0.0
base,ridge,2018-06-11,2018-06-11,1,SC,watches_gifts,0.0
base,ridge,2018-06-11,2018-06-18,2,SC,watches_gifts,0.0
base,ridge,2018-06-11,2018-06-25,3,SC,watches_gifts,0.0
base,ridge,2018-06-11,2018-07-02,4,SC,watches_gifts,0.0
base,ridge,2018-06-11,2018-06-11,1,SP,auto,0.0
base,ridge,2018-06-11,2018-06-18,2,SP,auto,0.0
base,ridge,2018-06-11,2018-06-25,3,SP,auto,0.0
base,ridge,2018-06-11,2018-07-02,4,SP,auto,0.0
base,ridge,2018-06-11,2018-06-11,1,SP,bed_bath_table,0.0
base,ridge,2018-06-11,2018-06-18,2,SP,bed_bath_table,0.0
base,ridge,2018-06-11,2018-06-25,3,SP,bed_bath_table,0.0
base,ridge,2018-06-11,2018-07-02,4,SP,bed_bath_table,0.0
base,ridge,2018-06-11,2018-06-11,1,SP,computers_accessories,0.0
base,ridge,2018-06-11,2018-06-18,2,SP,computers_accessories,0.0
base,ridge,2018-06-11,2018-06-25,3,SP,computers_accessories,0.0
base,ridge,2018-06-11,2018-07-02,4,SP,computers_accessories,0.0
base,ridge,2018-06-11,2018-06-11,1,SP,furniture_decor,60.0
base,ridge,2018-06-11,2018-06-18,2,SP,furniture_decor,0.0
base,ridge,2018-06-11,2018-06-25,3,SP,furniture_decor,0.0
base,ridge,2018-06-11,2018-07-02,4,SP,furniture_decor,0.0
base,ridge,2018-06-11,2018-06-11,1,SP,garden_tools,9.0
base,ridge,2018-06-11,2018-06-18,2,SP,garden_tools,0.0
base,ridge,2018-06-11,2018-06-25,3,SP,garden_tools,0.0
base,ridge,2018-06-11,2018-07-02,4,SP,garden_tools,0.0
base,ridge,2018-06-11,2018-06-11,1,SP,health_beauty,0.0
base,ridge,2018-06-11,2018-06-18,2,SP,health_beauty,0.0
base,ridge,2018-06-11,2018-06-25,3,SP,health_beauty,0.0
base,ridge,2018-06-11,2018-07-02,4,SP,health_beauty,0.0
base,ridge,2018-06-11,2018-06-11,1,SP,housewares,0.0
base,ridge,2018-06-11,2018-06-18,2,SP,housewares,0.0
base,ridge,2018-06-11,2018-06-25,3,SP,housewares,0.0
base,ridge,2018-06-11,2018-07-02,4,SP,housewares,0.0
base,ridge,2018-06-11,2018-06-11,1,SP,sports_leisure,31.0
base,ridge,2018-06-11,2018-06-18,2,SP,sports_leisure,0.0
base,ridge,2018-06-11,2018-06-25,3,SP,sports_leisure,0.0
base,ridge,2018-06-11,2018-07-02,4,SP,sports_leisure,0.0
base,ridge,2018-06-11,2018-06-11,1,SP,telephony,16.0
base,ridge,2018-06-11,2018-06-18,2,SP,telephony,0.0
base,ridge,2018-06-11,2018-06-25,3,SP,telephony,0.0
base,ridge,2018-06-11,2018-07-02,4,SP,telephony,0.0
base,ridge,2018-06-11,2018-06-11,1,SP,watches_gifts,28.0
base,ridge,2018-06-11,2018-06-18,2,SP,watches_gifts,0.0
base,ridge,2018-06-11,2018-06-25,3,SP,watches_gifts,0.0
base,ridge,2018-06-11,2018-07-02,4,SP,watches_gifts,0.0
base,ridge,2018-06-18,2018-06-18,1,MG,auto,0.0
base,ridge,2018-06-18,2018-06-25,2,MG,auto,0.0
base,ridge,2018-06-18,2018-07-02,3,MG,auto,0.0
base,ridge,2018-06-18,2018-07-09,4,MG,auto,0.0
base,ridge,2018-06-18,2018-06-18,1,MG,bed_bath_table,0.0
base,ridge,2018-06-18,2018-06-25,2,MG,bed_bath_table,0.0
base,ridge,2018-06-18,2018-07-02,3,MG,bed_bath_table,0.0
base,ridge,2018-06-18,2018-07-09,4,MG,bed_bath_table,0.0
base,ridge,2018-06-18,2018-06-18,1,MG,computers_accessories,9.0
base,ridge,2018-06-18,2018-06-25,2,MG,computers_accessories,0.0
base,ridge,2018-06-18,2018-07-02,3,MG,computers_accessories,0.0
base,ridge,2018-06-18,2018-07-09,4,MG,computers_accessories,0.0
base,ridge,2018-06-18,2018-06-18,1,MG,furniture_decor,0.0
base,ridge,2018-06-18,2018-06-25,2,MG,furniture_decor,0.0
base,ridge,2018-06-18,2018-07-02,3,MG,furniture_decor,0.0
base,ridge,2018-06-18,2018-07-09,4,MG,furniture_decor,0.0
base,ridge,2018-06-18,2018-06-18,1,MG,garden_tools,0.0
base,ridge,2018-06-18,2018-06-25,2,MG,garden_tools,0.0
base,ridge,2018-06-18,2018-07-02,3,MG,garden_tools,0.0
base,ridge,2018-06-18,2018-07-09,4,MG,garden_tools,0.0
base,ridge,2018-06-18,2018-06-18,1,MG,health_beauty,0.0
base,ridge,2018-06-18,2018-06-25,2,MG,health_beauty,0.0
base,ridge,2018-06-18,2018-07-02,3,MG,health_beauty,0.0
base,ridge,2018-06-18,2018-07-09,4,MG,health_beauty,0.0
base,ridge,2018-06-18,2018-06-18,1,MG,housewares,0.0
base,ridge,2018-06-18,2018-06-25,2,MG,housewares,0.0
base,ridge,2018-06-18,2018-07-02,3,MG,housewares,0.0
base,ridge,2018-06-18,2018-07-09,4,MG,housewares,0.0
base,ridge,2018-06-18,2018-06-18,1,MG,sports_leisure,0.0
base,ridge,2018-06-18,2018-06-25,2,MG,sports_leisure,0.0
base,ridge,2018-06-18,2018-07-02,3,MG,sports_leisure,0.0
base,ridge,2018-06-18,2018-07-09,4,MG,sports_leisure,0.0
base,ridge,2018-06-18,2018-06-18,1,MG,telephony,0.0
base,ridge,2018-06-18,2018-06-25,2,MG,telephony,0.0
base,ridge,2018-06-18,2018-07-02,3,MG,telephony,0.0
base,ridge,2018-06-18,2018-07-09,4,MG,telephony,0.0
base,ridge,2018-06-18,2018-06-18,1,MG,watches_gifts,0.0
base,ridge,2018-06-18,2018-06-25,2,MG,watches_gifts,0.0
base,ridge,2018-06-18,2018-07-02,3,MG,watches_gifts,0.0
base,ridge,2018-06-18,2018-07-09,4,MG,watches_gifts,0.0
base,ridge,2018-06-18,2018-06-18,1,PR,auto,0.0
base,ridge,2018-06-18,2018-06-25,2,PR,auto,0.0
base,ridge,2018-06-18,2018-07-02,3,PR,auto,0.0
base,ridge,2018-06-18,2018-07-09,4,PR,auto,0.0
base,ridge,2018-06-18,2018-06-18,1,PR,bed_bath_table,0.0
base,ridge,2018-06-18,2018-06-25,2,PR,bed_bath_table,0.0
base,ridge,2018-06-18,2018-07-02,3,PR,bed_bath_table,0.0
base,ridge,2018-06-18,2018-07-09,4,PR,bed_bath_table,0.0
base,ridge,2018-06-18,2018-06-18,1,PR,computers_accessories,17.0
base,ridge,2018-06-18,2018-06-25,2,PR,computers_accessories,0.0
base,ridge,2018-06-18,2018-07-02,3,PR,computers_accessories,0.0
base,ridge,2018-06-18,2018-07-09,4,PR,computers_accessories,0.0
base,ridge,2018-06-18,2018-06-18,1,PR,furniture_decor,13.0
base,ridge,2018-06-18,2018-06-25,2,PR,furniture_decor,0.0
base,ridge,2018-06-18,2018-07-02,3,PR,furniture_decor,0.0
base,ridge,2018-06-18,2018-07-09,4,PR,furniture_decor,0.0
base,ridge,2018-06-18,2018-06-18,1,PR,garden_tools,3.0
base,ridge,2018-06-18,2018-06-25,2,PR,garden_tools,0.0
base,ridge,2018-06-18,2018-07-02,3,PR,garden_tools,0.0
base,ridge,2018-06-18,2018-07-09,4,PR,garden_tools,0.0
base,ridge,2018-06-18,2018-06-18,1,PR,health_beauty,0.0
base,ridge,2018-06-18,2018-06-25,2,PR,health_beauty,0.0
base,ridge,2018-06-18,2018-07-02,3,PR,health_beauty,0.0
base,ridge,2018-06-18,2018-07-09,4,PR,health_beauty,0.0
base,ridge,2018-06-18,2018-06-18,1,PR,housewares,2.0
base,ridge,2018-06-18,2018-06-25,2,PR,housewares,0.0
base,ridge,2018-06-18,2018-07-02,3,PR,housewares,0.0
base,ridge,2018-06-18,2018-07-09,4,PR,housewares,0.0
base,ridge,2018-06-18,2018-06-18,1,PR,sports_leisure,0.0
base,ridge,2018-06-18,2018-06-25,2,PR,sports_leisure,0.0
base,ridge,2018-06-18,2018-07-02,3,PR,sports_leisure,0.0
base,ridge,2018-06-18,2018-07-09,4,PR,sports_leisure,0.0
base,ridge,2018-06-18,2018-06-18,1,PR,telephony,0.0
base,ridge,2018-06-18,2018-06-25,2,PR,telephony,0.0
base,ridge,2018-06-18,2018-07-02,3,PR,telephony,0.0
base,ridge,2018-06-18,2018-07-09,4,PR,telephony,0.0
base,ridge,2018-06-18,2018-06-18,1,PR,watches_gifts,1.0
base,ridge,2018-06-18,2018-06-25,2,PR,watches_gifts,0.0
base,ridge,2018-06-18,2018-07-02,3,PR,watches_gifts,0.0
base,ridge,2018-06-18,2018-07-09,4,PR,watches_gifts,0.0
base,ridge,2018-06-18,2018-06-18,1,RJ,auto,0.0
base,ridge,2018-06-18,2018-06-25,2,RJ,auto,0.0
base,ridge,2018-06-18,2018-07-02,3,RJ,auto,0.0
base,ridge,2018-06-18,2018-07-09,4,RJ,auto,0.0
base,ridge,2018-06-18,2018-06-18,1,RJ,bed_bath_table,0.0
base,ridge,2018-06-18,2018-06-25,2,RJ,bed_bath_table,0.0
base,ridge,2018-06-18,2018-07-02,3,RJ,bed_bath_table,0.0
base,ridge,2018-06-18,2018-07-09,4,RJ,bed_bath_table,0.0
base,ridge,2018-06-18,2018-06-18,1,RJ,computers_accessories,3.0
base,ridge,2018-06-18,2018-06-25,2,RJ,computers_accessories,0.0
base,ridge,2018-06-18,2018-07-02,3,RJ,computers_accessories,0.0
base,ridge,2018-06-18,2018-07-09,4,RJ,computers_accessories,0.0
base,ridge,2018-06-18,2018-06-18,1,RJ,furniture_decor,5.0
base,ridge,2018-06-18,2018-06-25,2,RJ,furniture_decor,0.0
base,ridge,2018-06-18,2018-07-02,3,RJ,furniture_decor,0.0
base,ridge,2018-06-18,2018-07-09,4,RJ,furniture_decor,0.0
base,ridge,2018-06-18,2018-06-18,1,RJ,garden_tools,3.0
base,ridge,2018-06-18,2018-06-25,2,RJ,garden_tools,0.0
base,ridge,2018-06-18,2018-07-02,3,RJ,garden_tools,0.0
base,ridge,2018-06-18,2018-07-09,4,RJ,garden_tools,0.0
base,ridge,2018-06-18,2018-06-18,1,RJ,health_beauty,0.0
base,ridge,2018-06-18,2018-06-25,2,RJ,health_beauty,0.0
base,ridge,2018-06-18,2018-07-02,3,RJ,health_beauty,0.0
base,ridge,2018-06-18,2018-07-09,4,RJ,health_beauty,0.0
base,ridge,2018-06-18,2018-06-18,1,RJ,housewares,0.0
base,ridge,2018-06-18,2018-06-25,2,RJ,housewares,0.0
base,ridge,2018-06-18,2018-07-02,3,RJ,housewares,0.0
base,ridge,2018-06-18,2018-07-09,4,RJ,housewares,0.0
base,ridge,2018-06-18,2018-06-18,1,RJ,sports_leisure,0.0
base,ridge,2018-06-18,2018-06-25,2,RJ,sports_leisure,0.0
base,ridge,2018-06-18,2018-07-02,3,RJ,sports_leisure,0.0
base,ridge,2018-06-18,2018-07-09,4,RJ,sports_leisure,0.0
base,ridge,2018-06-18,2018-06-18,1,RJ,telephony,1.0
base,ridge,2018-06-18,2018-06-25,2,RJ,telephony,0.0
base,ridge,2018-06-18,2018-07-02,3,RJ,telephony,0.0
base,ridge,2018-06-18,2018-07-09,4,RJ,telephony,0.0
base,ridge,2018-06-18,2018-06-18,1,RJ,watches_gifts,3.0
base,ridge,2018-06-18,2018-06-25,2,RJ,watches_gifts,0.0
base,ridge,2018-06-18,2018-07-02,3,RJ,watches_gifts,0.0
base,ridge,2018-06-18,2018-07-09,4,RJ,watches_gifts,0.0
base,ridge,2018-06-18,2018-06-18,1,RS,auto,2.0
base,ridge,2018-06-18,2018-06-25,2,RS,auto,0.0
base,ridge,2018-06-18,2018-07-02,3,RS,auto,0.0
base,ridge,2018-06-18,2018-07-09,4,RS,auto,0.0
base,ridge,2018-06-18,2018-06-18,1,RS,bed_bath_table,0.0
base,ridge,2018-06-18,2018-06-25,2,RS,bed_bath_table,0.0
base,ridge,2018-06-18,2018-07-02,3,RS,bed_bath_table,0.0
base,ridge,2018-06-18,2018-07-09,4,RS,bed_bath_table,0.0
base,ridge,2018-06-18,2018-06-18,1,RS,computers_accessories,0.0
base,ridge,2018-06-18,2018-06-25,2,RS,computers_accessories,0.0
base,ridge,2018-06-18,2018-07-02,3,RS,computers_accessories,0.0
base,ridge,2018-06-18,2018-07-09,4,RS,computers_accessories,0.0
base,ridge,2018-06-18,2018-06-18,1,RS,furniture_decor,0.0
base,ridge,2018-06-18,2018-06-25,2,RS,furniture_decor,0.0
base,ridge,2018-06-18,2018-07-02,3,RS,furniture_decor,0.0
base,ridge,2018-06-18,2018-07-09,4,RS,furniture_decor,0.0
base,ridge,2018-06-18,2018-06-18,1,RS,garden_tools,0.0
base,ridge,2018-06-18,2018-06-25,2,RS,garden_tools,0.0
base,ridge,2018-06-18,2018-07-02,3,RS,garden_tools,0.0
base,ridge,2018-06-18,2018-07-09,4,RS,garden_tools,0.0
base,ridge,2018-06-18,2018-06-18,1,RS,health_beauty,0.0
base,ridge,2018-06-18,2018-06-25,2,RS,health_beauty,0.0
base,ridge,2018-06-18,2018-07-02,3,RS,health_beauty,0.0
base,ridge,2018-06-18,2018-07-09,4,RS,health_beauty,0.0
base,ridge,2018-06-18,2018-06-18,1,RS,housewares,0.0
base,ridge,2018-06-18,2018-06-25,2,RS,housewares,0.0
base,ridge,2018-06-18,2018-07-02,3,RS,housewares,0.0
base,ridge,2018-06-18,2018-07-09,4,RS,housewares,0.0
base,ridge,2018-06-18,2018-06-18,1,RS,sports_leisure,0.0
base,ridge,2018-06-18,2018-06-25,2,RS,sports_leisure,0.0
base,ridge,2018-06-18,2018-07-02,3,RS,sports_leisure,0.0
base,ridge,2018-06-18,2018-07-09,4,RS,sports_leisure,0.0
base,ridge,2018-06-18,2018-06-18,1,RS,telephony,0.0
base,ridge,2018-06-18,2018-06-25,2,RS,telephony,0.0
base,ridge,2018-06-18,2018-07-02,3,RS,telephony,0.0
base,ridge,2018-06-18,2018-07-09,4,RS,telephony,0.0
base,ridge,2018-06-18,2018-06-18,1,RS,watches_gifts,0.0
base,ridge,2018-06-18,2018-06-25,2,RS,watches_gifts,0.0
base,ridge,2018-06-18,2018-07-02,3,RS,watches_gifts,0.0
base,ridge,2018-06-18,2018-07-09,4,RS,watches_gifts,0.0
base,ridge,2018-06-18,2018-06-18,1,SC,auto,0.0
base,ridge,2018-06-18,2018-06-25,2,SC,auto,0.0
base,ridge,2018-06-18,2018-07-02,3,SC,auto,0.0
base,ridge,2018-06-18,2018-07-09,4,SC,auto,0.0
base,ridge,2018-06-18,2018-06-18,1,SC,bed_bath_table,0.0
base,ridge,2018-06-18,2018-06-25,2,SC,bed_bath_table,0.0
base,ridge,2018-06-18,2018-07-02,3,SC,bed_bath_table,0.0
base,ridge,2018-06-18,2018-07-09,4,SC,bed_bath_table,0.0
base,ridge,2018-06-18,2018-06-18,1,SC,computers_accessories,0.0
base,ridge,2018-06-18,2018-06-25,2,SC,computers_accessories,0.0
base,ridge,2018-06-18,2018-07-02,3,SC,computers_accessories,0.0
base,ridge,2018-06-18,2018-07-09,4,SC,computers_accessories,0.0
base,ridge,2018-06-18,2018-06-18,1,SC,furniture_decor,0.0
base,ridge,2018-06-18,2018-06-25,2,SC,furniture_decor,0.0
base,ridge,2018-06-18,2018-07-02,3,SC,furniture_decor,0.0
base,ridge,2018-06-18,2018-07-09,4,SC,furniture_decor,0.0
base,ridge,2018-06-18,2018-06-18,1,SC,garden_tools,0.0
base,ridge,2018-06-18,2018-06-25,2,SC,garden_tools,0.0
base,ridge,2018-06-18,2018-07-02,3,SC,garden_tools,0.0
base,ridge,2018-06-18,2018-07-09,4,SC,garden_tools,0.0
base,ridge,2018-06-18,2018-06-18,1,SC,health_beauty,0.0
base,ridge,2018-06-18,2018-06-25,2,SC,health_beauty,0.0
base,ridge,2018-06-18,2018-07-02,3,SC,health_beauty,0.0
base,ridge,2018-06-18,2018-07-09,4,SC,health_beauty,0.0
base,ridge,2018-06-18,2018-06-18,1,SC,housewares,0.0
base,ridge,2018-06-18,2018-06-25,2,SC,housewares,0.0
base,ridge,2018-06-18,2018-07-02,3,SC,housewares,0.0
base,ridge,2018-06-18,2018-07-09,4,SC,housewares,0.0
base,ridge,2018-06-18,2018-06-18,1,SC,sports_leisure,0.0
base,ridge,2018-06-18,2018-06-25,2,SC,sports_leisure,0.0
base,ridge,2018-06-18,2018-07-02,3,SC,sports_leisure,0.0
base,ridge,2018-06-18,2018-07-09,4,SC,sports_leisure,0.0
base,ridge,2018-06-18,2018-06-18,1,SC,telephony,0.0
base,ridge,2018-06-18,2018-06-25,2,SC,telephony,0.0
base,ridge,2018-06-18,2018-07-02,3,SC,telephony,0.0
base,ridge,2018-06-18,2018-07-09,4,SC,telephony,0.0
base,ridge,2018-06-18,2018-06-18,1,SC,watches_gifts,0.0
base,ridge,2018-06-18,2018-06-25,2,SC,watches_gifts,0.0
base,ridge,2018-06-18,2018-07-02,3,SC,watches_gifts,0.0
base,ridge,2018-06-18,2018-07-09,4,SC,watches_gifts,0.0
base,ridge,2018-06-18,2018-06-18,1,SP,auto,14.0
base,ridge,2018-06-18,2018-06-25,2,SP,auto,0.0
base,ridge,2018-06-18,2018-07-02,3,SP,auto,0.0
base,ridge,2018-06-18,2018-07-09,4,SP,auto,0.0
base,ridge,2018-06-18,2018-06-18,1,SP,bed_bath_table,0.0
base,ridge,2018-06-18,2018-06-25,2,SP,bed_bath_table,0.0
base,ridge,2018-06-18,2018-07-02,3,SP,bed_bath_table,0.0
base,ridge,2018-06-18,2018-07-09,4,SP,bed_bath_table,0.0
base,ridge,2018-06-18,2018-06-18,1,SP,computers_accessories,38.0
base,ridge,2018-06-18,2018-06-25,2,SP,computers_accessories,0.0
base,ridge,2018-06-18,2018-07-02,3,SP,computers_accessories,0.0
base,ridge,2018-06-18,2018-07-09,4,SP,computers_accessories,0.0
base,ridge,2018-06-18,2018-06-18,1,SP,furniture_decor,6.0
base,ridge,2018-06-18,2018-06-25,2,SP,furniture_decor,0.0
base,ridge,2018-06-18,2018-07-02,3,SP,furniture_decor,0.0
base,ridge,2018-06-18,2018-07-09,4,SP,furniture_decor,0.0
base,ridge,2018-06-18,2018-06-18,1,SP,garden_tools,36.0
base,ridge,2018-06-18,2018-06-25,2,SP,garden_tools,0.0
base,ridge,2018-06-18,2018-07-02,3,SP,garden_tools,0.0
base,ridge,2018-06-18,2018-07-09,4,SP,garden_tools,0.0
base,ridge,2018-06-18,2018-06-18,1,SP,health_beauty,0.0
base,ridge,2018-06-18,2018-06-25,2,SP,health_beauty,0.0
base,ridge,2018-06-18,2018-07-02,3,SP,health_beauty,0.0
base,ridge,2018-06-18,2018-07-09,4,SP,health_beauty,0.0
base,ridge,2018-06-18,2018-06-18,1,SP,housewares,17.0
base,ridge,2018-06-18,2018-06-25,2,SP,housewares,0.0
base,ridge,2018-06-18,2018-07-02,3,SP,housewares,0.0
base,ridge,2018-06-18,2018-07-09,4,SP,housewares,0.0
base,ridge,2018-06-18,2018-06-18,1,SP,sports_leisure,0.0
base,ridge,2018-06-18,2018-06-25,2,SP,sports_leisure,0.0
base,ridge,2018-06-18,2018-07-02,3,SP,sports_leisure,0.0
base,ridge,2018-06-18,2018-07-09,4,SP,sports_leisure,0.0
base,ridge,2018-06-18,2018-06-18,1,SP,telephony,0.0
base,ridge,2018-06-18,2018-06-25,2,SP,telephony,0.0
base,ridge,2018-06-18,2018-07-02,3,SP,telephony,0.0
base,ridge,2018-06-18,2018-07-09,4,SP,telephony,0.0
base,ridge,2018-06-18,2018-06-18,1,SP,watches_gifts,3.0
base,ridge,2018-06-18,2018-06-25,2,SP,watches_gifts,0.0
base,ridge,2018-06-18,2018-07-02,3,SP,watches_gifts,0.0
base,ridge,2018-06-18,2018-07-09,4,SP,watches_gifts,0.0
base,ridge,2018-06-25,2018-06-25,1,MG,auto,0.0
base,ridge,2018-06-25,2018-07-02,2,MG,auto,0.0
base,ridge,2018-06-25,2018-07-09,3,MG,auto,0.0
base,ridge,2018-06-25,2018-07-16,4,MG,auto,0.0
base,ridge,2018-06-25,2018-06-25,1,MG,bed_bath_table,2.0
base,ridge,2018-06-25,2018-07-02,2,MG,bed_bath_table,0.0
base,ridge,2018-06-25,2018-07-09,3,MG,bed_bath_table,0.0
base,ridge,2018-06-25,2018-07-16,4,MG,bed_bath_table,0.0
base,ridge,2018-06-25,2018-06-25,1,MG,computers_accessories,5.0
base,ridge,2018-06-25,2018-07-02,2,MG,computers_accessories,0.0
base,ridge,2018-06-25,2018-07-09,3,MG,computers_accessories,0.0
base,ridge,2018-06-25,2018-07-16,4,MG,computers_accessories,0.0
base,ridge,2018-06-25,2018-06-25,1,MG,furniture_decor,3.0
base,ridge,2018-06-25,2018-07-02,2,MG,furniture_decor,0.0
base,ridge,2018-06-25,2018-07-09,3,MG,furniture_decor,0.0
base,ridge,2018-06-25,2018-07-16,4,MG,furniture_decor,0.0
base,ridge,2018-06-25,2018-06-25,1,MG,garden_tools,0.0
base,ridge,2018-06-25,2018-07-02,2,MG,garden_tools,0.0
base,ridge,2018-06-25,2018-07-09,3,MG,garden_tools,0.0
base,ridge,2018-06-25,2018-07-16,4,MG,garden_tools,0.0
base,ridge,2018-06-25,2018-06-25,1,MG,health_beauty,0.0
base,ridge,2018-06-25,2018-07-02,2,MG,health_beauty,0.0
base,ridge,2018-06-25,2018-07-09,3,MG,health_beauty,0.0
base,ridge,2018-06-25,2018-07-16,4,MG,health_beauty,0.0
base,ridge,2018-06-25,2018-06-25,1,MG,housewares,0.0
base,ridge,2018-06-25,2018-07-02,2,MG,housewares,0.0
base,ridge,2018-06-25,2018-07-09,3,MG,housewares,0.0
base,ridge,2018-06-25,2018-07-16,4,MG,housewares,0.0
base,ridge,2018-06-25,2018-06-25,1,MG,sports_leisure,1.0
base,ridge,2018-06-25,2018-07-02,2,MG,sports_leisure,0.0
base,ridge,2018-06-25,2018-07-09,3,MG,sports_leisure,0.0
base,ridge,2018-06-25,2018-07-16,4,MG,sports_leisure,0.0
base,ridge,2018-06-25,2018-06-25,1,MG,telephony,0.0
base,ridge,2018-06-25,2018-07-02,2,MG,telephony,0.0
base,ridge,2018-06-25,2018-07-09,3,MG,telephony,0.0
base,ridge,2018-06-25,2018-07-16,4,MG,telephony,0.0
base,ridge,2018-06-25,2018-06-25,1,MG,watches_gifts,0.0
base,ridge,2018-06-25,2018-07-02,2,MG,watches_gifts,0.0
base,ridge,2018-06-25,2018-07-09,3,MG,watches_gifts,0.0
base,ridge,2018-06-25,2018-07-16,4,MG,watches_gifts,0.0
base,ridge,2018-06-25,2018-06-25,1,PR,auto,0.0
base,ridge,2018-06-25,2018-07-02,2,PR,auto,0.0
base,ridge,2018-06-25,2018-07-09,3,PR,auto,0.0
base,ridge,2018-06-25,2018-07-16,4,PR,auto,0.0
base,ridge,2018-06-25,2018-06-25,1,PR,bed_bath_table,0.0
base,ridge,2018-06-25,2018-07-02,2,PR,bed_bath_table,0.0
base,ridge,2018-06-25,2018-07-09,3,PR,bed_bath_table,0.0
base,ridge,2018-06-25,2018-07-16,4,PR,bed_bath_table,0.0
base,ridge,2018-06-25,2018-06-25,1,PR,computers_accessories,0.0
base,ridge,2018-06-25,2018-07-02,2,PR,computers_accessories,0.0
base,ridge,2018-06-25,2018-07-09,3,PR,computers_accessories,0.0
base,ridge,2018-06-25,2018-07-16,4,PR,computers_accessories,0.0
base,ridge,2018-06-25,2018-06-25,1,PR,furniture_decor,12.0
base,ridge,2018-06-25,2018-07-02,2,PR,furniture_decor,0.0
base,ridge,2018-06-25,2018-07-09,3,PR,furniture_decor,0.0
base,ridge,2018-06-25,2018-07-16,4,PR,furniture_decor,0.0
base,ridge,2018-06-25,2018-06-25,1,PR,garden_tools,2.0
base,ridge,2018-06-25,2018-07-02,2,PR,garden_tools,2.0
base,ridge,2018-06-25,2018-07-09,3,PR,garden_tools,0.0
base,ridge,2018-06-25,2018-07-16,4,PR,garden_tools,0.0
base,ridge,2018-06-25,2018-06-25,1,PR,health_beauty,0.0
base,ridge,2018-06-25,2018-07-02,2,PR,health_beauty,0.0
base,ridge,2018-06-25,2018-07-09,3,PR,health_beauty,0.0
base,ridge,2018-06-25,2018-07-16,4,PR,health_beauty,0.0
base,ridge,2018-06-25,2018-06-25,1,PR,housewares,1.0
base,ridge,2018-06-25,2018-07-02,2,PR,housewares,0.0
base,ridge,2018-06-25,2018-07-09,3,PR,housewares,0.0
base,ridge,2018-06-25,2018-07-16,4,PR,housewares,0.0
base,ridge,2018-06-25,2018-06-25,1,PR,sports_leisure,8.0
base,ridge,2018-06-25,2018-07-02,2,PR,sports_leisure,0.0
base,ridge,2018-06-25,2018-07-09,3,PR,sports_leisure,0.0
base,ridge,2018-06-25,2018-07-16,4,PR,sports_leisure,0.0
base,ridge,2018-06-25,2018-06-25,1,PR,telephony,0.0
base,ridge,2018-06-25,2018-07-02,2,PR,telephony,0.0
base,ridge,2018-06-25,2018-07-09,3,PR,telephony,0.0
base,ridge,2018-06-25,2018-07-16,4,PR,telephony,0.0
base,ridge,2018-06-25,2018-06-25,1,PR,watches_gifts,8.0
base,ridge,2018-06-25,2018-07-02,2,PR,watches_gifts,0.0
base,ridge,2018-06-25,2018-07-09,3,PR,watches_gifts,0.0
base,ridge,2018-06-25,2018-07-16,4,PR,watches_gifts,0.0
base,ridge,2018-06-25,2018-06-25,1,RJ,auto,0.0
base,ridge,2018-06-25,2018-07-02,2,RJ,auto,0.0
base,ridge,2018-06-25,2018-07-09,3,RJ,auto,0.0
base,ridge,2018-06-25,2018-07-16,4,RJ,auto,0.0
base,ridge,2018-06-25,2018-06-25,1,RJ,bed_bath_table,0.0
base,ridge,2018-06-25,2018-07-02,2,RJ,bed_bath_table,0.0
base,ridge,2018-06-25,2018-07-09,3,RJ,bed_bath_table,0.0
base,ridge,2018-06-25,2018-07-16,4,RJ,bed_bath_table,0.0
base,ridge,2018-06-25,2018-06-25,1,RJ,computers_accessories,0.0
base,ridge,2018-06-25,2018-07-02,2,RJ,computers_accessories,0.0
base,ridge,2018-06-25,2018-07-09,3,RJ,computers_accessories,0.0
base,ridge,2018-06-25,2018-07-16,4,RJ,computers_accessories,0.0
base,ridge,2018-06-25,2018-06-25,1,RJ,furniture_decor,5.0
base,ridge,2018-06-25,2018-07-02,2,RJ,furniture_decor,0.0
base,ridge,2018-06-25,2018-07-09,3,RJ,furniture_decor,0.0
base,ridge,2018-06-25,2018-07-16,4,RJ,furniture_decor,0.0
base,ridge,2018-06-25,2018-06-25,1,RJ,garden_tools,3.0
base,ridge,2018-06-25,2018-07-02,2,RJ,garden_tools,0.0
base,ridge,2018-06-25,2018-07-09,3,RJ,garden_tools,0.0
base,ridge,2018-06-25,2018-07-16,4,RJ,garden_tools,0.0
base,ridge,2018-06-25,2018-06-25,1,RJ,health_beauty,0.0
base,ridge,2018-06-25,2018-07-02,2,RJ,health_beauty,0.0
base,ridge,2018-06-25,2018-07-09,3,RJ,health_beauty,0.0
base,ridge,2018-06-25,2018-07-16,4,RJ,health_beauty,0.0
base,ridge,2018-06-25,2018-06-25,1,RJ,housewares,2.0
base,ridge,2018-06-25,2018-07-02,2,RJ,housewares,0.0
base,ridge,2018-06-25,2018-07-09,3,RJ,housewares,0.0
base,ridge,2018-06-25,2018-07-16,4,RJ,housewares,0.0
base,ridge,2018-06-25,2018-06-25,1,RJ,sports_leisure,1.0
base,ridge,2018-06-25,2018-07-02,2,RJ,sports_leisure,0.0
base,ridge,2018-06-25,2018-07-09,3,RJ,sports_leisure,0.0
base,ridge,2018-06-25,2018-07-16,4,RJ,sports_leisure,0.0
base,ridge,2018-06-25,2018-06-25,1,RJ,telephony,7.0
base,ridge,2018-06-25,2018-07-02,2,RJ,telephony,3.0
base,ridge,2018-06-25,2018-07-09,3,RJ,telephony,0.0
base,ridge,2018-06-25,2018-07-16,4,RJ,telephony,0.0
base,ridge,2018-06-25,2018-06-25,1,RJ,watches_gifts,5.0
base,ridge,2018-06-25,2018-07-02,2,RJ,watches_gifts,0.0
base,ridge,2018-06-25,2018-07-09,3,RJ,watches_gifts,0.0
base,ridge,2018-06-25,2018-07-16,4,RJ,watches_gifts,0.0
base,ridge,2018-06-25,2018-06-25,1,RS,auto,1.0
base,ridge,2018-06-25,2018-07-02,2,RS,auto,0.0
base,ridge,2018-06-25,2018-07-09,3,RS,auto,0.0
base,ridge,2018-06-25,2018-07-16,4,RS,auto,0.0
base,ridge,2018-06-25,2018-06-25,1,RS,bed_bath_table,0.0
base,ridge,2018-06-25,2018-07-02,2,RS,bed_bath_table,0.0
base,ridge,2018-06-25,2018-07-09,3,RS,bed_bath_table,0.0
base,ridge,2018-06-25,2018-07-16,4,RS,bed_bath_table,0.0
base,ridge,2018-06-25,2018-06-25,1,RS,computers_accessories,0.0
base,ridge,2018-06-25,2018-07-02,2,RS,computers_accessories,0.0
base,ridge,2018-06-25,2018-07-09,3,RS,computers_accessories,0.0
base,ridge,2018-06-25,2018-07-16,4,RS,computers_accessories,0.0
base,ridge,2018-06-25,2018-06-25,1,RS,furniture_decor,0.0
base,ridge,2018-06-25,2018-07-02,2,RS,furniture_decor,0.0
base,ridge,2018-06-25,2018-07-09,3,RS,furniture_decor,0.0
base,ridge,2018-06-25,2018-07-16,4,RS,furniture_decor,0.0
base,ridge,2018-06-25,2018-06-25,1,RS,garden_tools,1.0
base,ridge,2018-06-25,2018-07-02,2,RS,garden_tools,0.0
base,ridge,2018-06-25,2018-07-09,3,RS,garden_tools,0.0
base,ridge,2018-06-25,2018-07-16,4,RS,garden_tools,0.0
base,ridge,2018-06-25,2018-06-25,1,RS,health_beauty,0.0
base,ridge,2018-06-25,2018-07-02,2,RS,health_beauty,0.0
base,ridge,2018-06-25,2018-07-09,3,RS,health_beauty,0.0
base,ridge,2018-06-25,2018-07-16,4,RS,health_beauty,0.0
base,ridge,2018-06-25,2018-06-25,1,RS,housewares,16.0
base,ridge,2018-06-25,2018-07-02,2,RS,housewares,0.0
base,ridge,2018-06-25,2018-07-09,3,RS,housewares,0.0
base,ridge,2018-06-25,2018-07-16,4,RS,housewares,0.0
base,ridge,2018-06-25,2018-06-25,1,RS,sports_leisure,3.0
base,ridge,2018-06-25,2018-07-02,2,RS,sports_leisure,0.0
base,ridge,2018-06-25,2018-07-09,3,RS,sports_leisure,0.0
base,ridge,2018-06-25,2018-07-16,4,RS,sports_leisure,0.0
base,ridge,2018-06-25,2018-06-25,1,RS,telephony,4.0
base,ridge,2018-06-25,2018-07-02,2,RS,telephony,0.0
base,ridge,2018-06-25,2018-07-09,3,RS,telephony,0.0
base,ridge,2018-06-25,2018-07-16,4,RS,telephony,0.0
base,ridge,2018-06-25,2018-06-25,1,RS,watches_gifts,1.0
base,ridge,2018-06-25,2018-07-02,2,RS,watches_gifts,0.0
base,ridge,2018-06-25,2018-07-09,3,RS,watches_gifts,0.0
base,ridge,2018-06-25,2018-07-16,4,RS,watches_gifts,0.0
base,ridge,2018-06-25,2018-06-25,1,SC,auto,0.0
base,ridge,2018-06-25,2018-07-02,2,SC,auto,0.0
base,ridge,2018-06-25,2018-07-09,3,SC,auto,0.0
base,ridge,2018-06-25,2018-07-16,4,SC,auto,0.0
base,ridge,2018-06-25,2018-06-25,1,SC,bed_bath_table,0.0
base,ridge,2018-06-25,2018-07-02,2,SC,bed_bath_table,0.0
base,ridge,2018-06-25,2018-07-09,3,SC,bed_bath_table,0.0
base,ridge,2018-06-25,2018-07-16,4,SC,bed_bath_table,0.0
base,ridge,2018-06-25,2018-06-25,1,SC,computers_accessories,0.0
base,ridge,2018-06-25,2018-07-02,2,SC,computers_accessories,0.0
base,ridge,2018-06-25,2018-07-09,3,SC,computers_accessories,0.0
base,ridge,2018-06-25,2018-07-16,4,SC,computers_accessories,0.0
base,ridge,2018-06-25,2018-06-25,1,SC,furniture_decor,0.0
base,ridge,2018-06-25,2018-07-02,2,SC,furniture_decor,0.0
base,ridge,2018-06-25,2018-07-09,3,SC,furniture_decor,0.0
base,ridge,2018-06-25,2018-07-16,4,SC,furniture_decor,0.0
base,ridge,2018-06-25,2018-06-25,1,SC,garden_tools,9.0
base,ridge,2018-06-25,2018-07-02,2,SC,garden_tools,0.0
base,ridge,2018-06-25,2018-07-09,3,SC,garden_tools,0.0
base,ridge,2018-06-25,2018-07-16,4,SC,garden_tools,0.0
base,ridge,2018-06-25,2018-06-25,1,SC,health_beauty,0.0
base,ridge,2018-06-25,2018-07-02,2,SC,health_beauty,0.0
base,ridge,2018-06-25,2018-07-09,3,SC,health_beauty,0.0
base,ridge,2018-06-25,2018-07-16,4,SC,health_beauty,0.0
base,ridge,2018-06-25,2018-06-25,1,SC,housewares,0.0
base,ridge,2018-06-25,2018-07-02,2,SC,housewares,0.0
base,ridge,2018-06-25,2018-07-09,3,SC,housewares,0.0
base,ridge,2018-06-25,2018-07-16,4,SC,housewares,0.0
base,ridge,2018-06-25,2018-06-25,1,SC,sports_leisure,0.0
base,ridge,2018-06-25,2018-07-02,2,SC,sports_leisure,0.0
base,ridge,2018-06-25,2018-07-09,3,SC,sports_leisure,0.0
base,ridge,2018-06-25,2018-07-16,4,SC,sports_leisure,0.0
base,ridge,2018-06-25,2018-06-25,1,SC,telephony,0.0
base,ridge,2018-06-25,2018-07-02,2,SC,telephony,0.0
base,ridge,2018-06-25,2018-07-09,3,SC,telephony,0.0
base,ridge,2018-06-25,2018-07-16,4,SC,telephony,0.0
base,ridge,2018-06-25,2018-06-25,1,SC,watches_gifts,1.0
base,ridge,2018-06-25,2018-07-02,2,SC,watches_gifts,0.0
base,ridge,2018-06-25,2018-07-09,3,SC,watches_gifts,0.0
base,ridge,2018-06-25,2018-07-16,4,SC,watches_gifts,0.0
base,ridge,2018-06-25,2018-06-25,1,SP,auto,6.0
base,ridge,2018-06-25,2018-07-02,2,SP,auto,0.0
base,ridge,2018-06-25,2018-07-09,3,SP,auto,0.0
base,ridge,2018-06-25,2018-07-16,4,SP,auto,0.0
base,ridge,2018-06-25,2018-06-25,1,SP,bed_bath_table,3.0
base,ridge,2018-06-25,2018-07-02,2,SP,bed_bath_table,0.0
base,ridge,2018-06-25,2018-07-09,3,SP,bed_bath_table,0.0
base,ridge,2018-06-25,2018-07-16,4,SP,bed_bath_table,0.0
base,ridge,2018-06-25,2018-06-25,1,SP,computers_accessories,5.0
base,ridge,2018-06-25,2018-07-02,2,SP,computers_accessories,0.0
base,ridge,2018-06-25,2018-07-09,3,SP,computers_accessories,0.0
base,ridge,2018-06-25,2018-07-16,4,SP,computers_accessories,0.0
base,ridge,2018-06-25,2018-06-25,1,SP,furniture_decor,52.0
base,ridge,2018-06-25,2018-07-02,2,SP,furniture_decor,0.0
base,ridge,2018-06-25,2018-07-09,3,SP,furniture_decor,0.0
base,ridge,2018-06-25,2018-07-16,4,SP,furniture_decor,0.0
base,ridge,2018-06-25,2018-06-25,1,SP,garden_tools,39.0
base,ridge,2018-06-25,2018-07-02,2,SP,garden_tools,0.0
base,ridge,2018-06-25,2018-07-09,3,SP,garden_tools,0.0
base,ridge,2018-06-25,2018-07-16,4,SP,garden_tools,0.0
base,ridge,2018-06-25,2018-06-25,1,SP,health_beauty,0.0
base,ridge,2018-06-25,2018-07-02,2,SP,health_beauty,0.0
base,ridge,2018-06-25,2018-07-09,3,SP,health_beauty,0.0
base,ridge,2018-06-25,2018-07-16,4,SP,health_beauty,0.0
base,ridge,2018-06-25,2018-06-25,1,SP,housewares,43.0
base,ridge,2018-06-25,2018-07-02,2,SP,housewares,0.0
base,ridge,2018-06-25,2018-07-09,3,SP,housewares,0.0
base,ridge,2018-06-25,2018-07-16,4,SP,housewares,0.0
base,ridge,2018-06-25,2018-06-25,1,SP,sports_leisure,25.0
base,ridge,2018-06-25,2018-07-02,2,SP,sports_leisure,0.0
base,ridge,2018-06-25,2018-07-09,3,SP,sports_leisure,0.0
base,ridge,2018-06-25,2018-07-16,4,SP,sports_leisure,0.0
base,ridge,2018-06-25,2018-06-25,1,SP,telephony,4.0
base,ridge,2018-06-25,2018-07-02,2,SP,telephony,0.0
base,ridge,2018-06-25,2018-07-09,3,SP,telephony,0.0
base,ridge,2018-06-25,2018-07-16,4,SP,telephony,0.0
base,ridge,2018-06-25,2018-06-25,1,SP,watches_gifts,61.0
base,ridge,2018-06-25,2018-07-02,2,SP,watches_gifts,0.0
base,ridge,2018-06-25,2018-07-09,3,SP,watches_gifts,0.0
base,ridge,2018-06-25,2018-07-16,4,SP,watches_gifts,0.0
base,ridge,2018-07-02,2018-07-02,1,MG,auto,0.0
base,ridge,2018-07-02,2018-07-09,2,MG,auto,0.0
base,ridge,2018-07-02,2018-07-16,3,MG,auto,0.0
base,ridge,2018-07-02,2018-07-23,4,MG,auto,0.0
base,ridge,2018-07-02,2018-07-02,1,MG,bed_bath_table,0.0
base,ridge,2018-07-02,2018-07-09,2,MG,bed_bath_table,0.0
base,ridge,2018-07-02,2018-07-16,3,MG,bed_bath_table,0.0
base,ridge,2018-07-02,2018-07-23,4,MG,bed_bath_table,0.0
base,ridge,2018-07-02,2018-07-02,1,MG,computers_accessories,5.0
base,ridge,2018-07-02,2018-07-09,2,MG,computers_accessories,0.0
base,ridge,2018-07-02,2018-07-16,3,MG,computers_accessories,0.0
base,ridge,2018-07-02,2018-07-23,4,MG,computers_accessories,0.0
base,ridge,2018-07-02,2018-07-02,1,MG,furniture_decor,0.0
base,ridge,2018-07-02,2018-07-09,2,MG,furniture_decor,0.0
base,ridge,2018-07-02,2018-07-16,3,MG,furniture_decor,0.0
base,ridge,2018-07-02,2018-07-23,4,MG,furniture_decor,0.0
base,ridge,2018-07-02,2018-07-02,1,MG,garden_tools,0.0
base,ridge,2018-07-02,2018-07-09,2,MG,garden_tools,0.0
base,ridge,2018-07-02,2018-07-16,3,MG,garden_tools,0.0
base,ridge,2018-07-02,2018-07-23,4,MG,garden_tools,0.0
base,ridge,2018-07-02,2018-07-02,1,MG,health_beauty,0.0
base,ridge,2018-07-02,2018-07-09,2,MG,health_beauty,0.0
base,ridge,2018-07-02,2018-07-16,3,MG,health_beauty,0.0
base,ridge,2018-07-02,2018-07-23,4,MG,health_beauty,0.0
base,ridge,2018-07-02,2018-07-02,1,MG,housewares,0.0
base,ridge,2018-07-02,2018-07-09,2,MG,housewares,0.0
base,ridge,2018-07-02,2018-07-16,3,MG,housewares,0.0
base,ridge,2018-07-02,2018-07-23,4,MG,housewares,0.0
base,ridge,2018-07-02,2018-07-02,1,MG,sports_leisure,8.0
base,ridge,2018-07-02,2018-07-09,2,MG,sports_leisure,0.0
base,ridge,2018-07-02,2018-07-16,3,MG,sports_leisure,0.0
base,ridge,2018-07-02,2018-07-23,4,MG,sports_leisure,0.0
base,ridge,2018-07-02,2018-07-02,1,MG,telephony,3.0
base,ridge,2018-07-02,2018-07-09,2,MG,telephony,0.0
base,ridge,2018-07-02,2018-07-16,3,MG,telephony,2.0
base,ridge,2018-07-02,2018-07-23,4,MG,telephony,0.0
base,ridge,2018-07-02,2018-07-02,1,MG,watches_gifts,0.0
base,ridge,2018-07-02,2018-07-09,2,MG,watches_gifts,0.0
base,ridge,2018-07-02,2018-07-16,3,MG,watches_gifts,0.0
base,ridge,2018-07-02,2018-07-23,4,MG,watches_gifts,0.0
base,ridge,2018-07-02,2018-07-02,1,PR,auto,2.0
base,ridge,2018-07-02,2018-07-09,2,PR,auto,2.0
base,ridge,2018-07-02,2018-07-16,3,PR,auto,0.0
base,ridge,2018-07-02,2018-07-23,4,PR,auto,0.0
base,ridge,2018-07-02,2018-07-02,1,PR,bed_bath_table,0.0
base,ridge,2018-07-02,2018-07-09,2,PR,bed_bath_table,0.0
base,ridge,2018-07-02,2018-07-16,3,PR,bed_bath_table,0.0
base,ridge,2018-07-02,2018-07-23,4,PR,bed_bath_table,0.0
base,ridge,2018-07-02,2018-07-02,1,PR,computers_accessories,0.0
base,ridge,2018-07-02,2018-07-09,2,PR,computers_accessories,0.0
base,ridge,2018-07-02,2018-07-16,3,PR,computers_accessories,0.0
base,ridge,2018-07-02,2018-07-23,4,PR,computers_accessories,0.0
base,ridge,2018-07-02,2018-07-02,1,PR,furniture_decor,0.0
base,ridge,2018-07-02,2018-07-09,2,PR,furniture_decor,0.0
base,ridge,2018-07-02,2018-07-16,3,PR,furniture_decor,0.0
base,ridge,2018-07-02,2018-07-23,4,PR,furniture_decor,0.0
base,ridge,2018-07-02,2018-07-02,1,PR,garden_tools,0.0
base,ridge,2018-07-02,2018-07-09,2,PR,garden_tools,0.0
base,ridge,2018-07-02,2018-07-16,3,PR,garden_tools,0.0
base,ridge,2018-07-02,2018-07-23,4,PR,garden_tools,0.0
base,ridge,2018-07-02,2018-07-02,1,PR,health_beauty,0.0
base,ridge,2018-07-02,2018-07-09,2,PR,health_beauty,0.0
base,ridge,2018-07-02,2018-07-16,3,PR,health_beauty,0.0
base,ridge,2018-07-02,2018-07-23,4,PR,health_beauty,0.0
base,ridge,2018-07-02,2018-07-02,1,PR,housewares,1.0
base,ridge,2018-07-02,2018-07-09,2,PR,housewares,0.0
base,ridge,2018-07-02,2018-07-16,3,PR,housewares,0.0
base,ridge,2018-07-02,2018-07-23,4,PR,housewares,0.0
base,ridge,2018-07-02,2018-07-02,1,PR,sports_leisure,2.0
base,ridge,2018-07-02,2018-07-09,2,PR,sports_leisure,0.0
base,ridge,2018-07-02,2018-07-16,3,PR,sports_leisure,0.0
base,ridge,2018-07-02,2018-07-23,4,PR,sports_leisure,0.0
base,ridge,2018-07-02,2018-07-02,1,PR,telephony,0.0
base,ridge,2018-07-02,2018-07-09,2,PR,telephony,0.0
base,ridge,2018-07-02,2018-07-16,3,PR,telephony,0.0
base,ridge,2018-07-02,2018-07-23,4,PR,telephony,0.0
base,ridge,2018-07-02,2018-07-02,1,PR,watches_gifts,1.0
base,ridge,2018-07-02,2018-07-09,2,PR,watches_gifts,0.0
base,ridge,2018-07-02,2018-07-16,3,PR,watches_gifts,0.0
base,ridge,2018-07-02,2018-07-23,4,PR,watches_gifts,0.0
base,ridge,2018-07-02,2018-07-02,1,RJ,auto,0.0
base,ridge,2018-07-02,2018-07-09,2,RJ,auto,0.0
base,ridge,2018-07-02,2018-07-16,3,RJ,auto,0.0
base,ridge,2018-07-02,2018-07-23,4,RJ,auto,0.0
base,ridge,2018-07-02,2018-07-02,1,RJ,bed_bath_table,10.0
base,ridge,2018-07-02,2018-07-09,2,RJ,bed_bath_table,0.0
base,ridge,2018-07-02,2018-07-16,3,RJ,bed_bath_table,0.0
base,ridge,2018-07-02,2018-07-23,4,RJ,bed_bath_table,0.0
base,ridge,2018-07-02,2018-07-02,1,RJ,computers_accessories,2.0
base,ridge,2018-07-02,2018-07-09,2,RJ,computers_accessories,0.0
base,ridge,2018-07-02,2018-07-16,3,RJ,computers_accessories,0.0
base,ridge,2018-07-02,2018-07-23,4,RJ,computers_accessories,0.0
base,ridge,2018-07-02,2018-07-02,1,RJ,furniture_decor,0.0
base,ridge,2018-07-02,2018-07-09,2,RJ,furniture_decor,0.0
base,ridge,2018-07-02,2018-07-16,3,RJ,furniture_decor,0.0
base,ridge,2018-07-02,2018-07-23,4,RJ,furniture_decor,0.0
base,ridge,2018-07-02,2018-07-02,1,RJ,garden_tools,0.0
base,ridge,2018-07-02,2018-07-09,2,RJ,garden_tools,0.0
base,ridge,2018-07-02,2018-07-16,3,RJ,garden_tools,0.0
base,ridge,2018-07-02,2018-07-23,4,RJ,garden_tools,0.0
base,ridge,2018-07-02,2018-07-02,1,RJ,health_beauty,0.0
base,ridge,2018-07-02,2018-07-09,2,RJ,health_beauty,0.0
base,ridge,2018-07-02,2018-07-16,3,RJ,health_beauty,0.0
base,ridge,2018-07-02,2018-07-23,4,RJ,health_beauty,0.0
base,ridge,2018-07-02,2018-07-02,1,RJ,housewares,2.0
base,ridge,2018-07-02,2018-07-09,2,RJ,housewares,0.0
base,ridge,2018-07-02,2018-07-16,3,RJ,housewares,0.0
base,ridge,2018-07-02,2018-07-23,4,RJ,housewares,0.0
base,ridge,2018-07-02,2018-07-02,1,RJ,sports_leisure,10.0
base,ridge,2018-07-02,2018-07-09,2,RJ,sports_leisure,0.0
base,ridge,2018-07-02,2018-07-16,3,RJ,sports_leisure,0.0
base,ridge,2018-07-02,2018-07-23,4,RJ,sports_leisure,0.0
base,ridge,2018-07-02,2018-07-02,1,RJ,telephony,10.0
base,ridge,2018-07-02,2018-07-09,2,RJ,telephony,6.0
base,ridge,2018-07-02,2018-07-16,3,RJ,telephony,1.0
base,ridge,2018-07-02,2018-07-23,4,RJ,telephony,0.0
base,ridge,2018-07-02,2018-07-02,1,RJ,watches_gifts,8.0
base,ridge,2018-07-02,2018-07-09,2,RJ,watches_gifts,0.0
base,ridge,2018-07-02,2018-07-16,3,RJ,watches_gifts,0.0
base,ridge,2018-07-02,2018-07-23,4,RJ,watches_gifts,0.0
base,ridge,2018-07-02,2018-07-02,1,RS,auto,2.0
base,ridge,2018-07-02,2018-07-09,2,RS,auto,0.0
base,ridge,2018-07-02,2018-07-16,3,RS,auto,1.0
base,ridge,2018-07-02,2018-07-23,4,RS,auto,0.0
base,ridge,2018-07-02,2018-07-02,1,RS,bed_bath_table,1.0
base,ridge,2018-07-02,2018-07-09,2,RS,bed_bath_table,0.0
base,ridge,2018-07-02,2018-07-16,3,RS,bed_bath_table,0.0
base,ridge,2018-07-02,2018-07-23,4,RS,bed_bath_table,0.0
base,ridge,2018-07-02,2018-07-02,1,RS,computers_accessories,0.0
base,ridge,2018-07-02,2018-07-09,2,RS,computers_accessories,0.0
base,ridge,2018-07-02,2018-07-16,3,RS,computers_accessories,0.0
base,ridge,2018-07-02,2018-07-23,4,RS,computers_accessories,0.0
base,ridge,2018-07-02,2018-07-02,1,RS,furniture_decor,0.0
base,ridge,2018-07-02,2018-07-09,2,RS,furniture_decor,0.0
base,ridge,2018-07-02,2018-07-16,3,RS,furniture_decor,0.0
base,ridge,2018-07-02,2018-07-23,4,RS,furniture_decor,0.0
base,ridge,2018-07-02,2018-07-02,1,RS,garden_tools,0.0
base,ridge,2018-07-02,2018-07-09,2,RS,garden_tools,0.0
base,ridge,2018-07-02,2018-07-16,3,RS,garden_tools,0.0
base,ridge,2018-07-02,2018-07-23,4,RS,garden_tools,0.0
base,ridge,2018-07-02,2018-07-02,1,RS,health_beauty,0.0
base,ridge,2018-07-02,2018-07-09,2,RS,health_beauty,0.0
base,ridge,2018-07-02,2018-07-16,3,RS,health_beauty,0.0
base,ridge,2018-07-02,2018-07-23,4,RS,health_beauty,0.0
base,ridge,2018-07-02,2018-07-02,1,RS,housewares,0.0
base,ridge,2018-07-02,2018-07-09,2,RS,housewares,0.0
base,ridge,2018-07-02,2018-07-16,3,RS,housewares,0.0
base,ridge,2018-07-02,2018-07-23,4,RS,housewares,0.0
base,ridge,2018-07-02,2018-07-02,1,RS,sports_leisure,3.0
base,ridge,2018-07-02,2018-07-09,2,RS,sports_leisure,0.0
base,ridge,2018-07-02,2018-07-16,3,RS,sports_leisure,0.0
base,ridge,2018-07-02,2018-07-23,4,RS,sports_leisure,0.0
base,ridge,2018-07-02,2018-07-02,1,RS,telephony,3.0
base,ridge,2018-07-02,2018-07-09,2,RS,telephony,0.0
base,ridge,2018-07-02,2018-07-16,3,RS,telephony,0.0
base,ridge,2018-07-02,2018-07-23,4,RS,telephony,0.0
base,ridge,2018-07-02,2018-07-02,1,RS,watches_gifts,1.0
base,ridge,2018-07-02,2018-07-09,2,RS,watches_gifts,0.0
base,ridge,2018-07-02,2018-07-16,3,RS,watches_gifts,0.0
base,ridge,2018-07-02,2018-07-23,4,RS,watches_gifts,0.0
base,ridge,2018-07-02,2018-07-02,1,SC,auto,0.0
base,ridge,2018-07-02,2018-07-09,2,SC,auto,0.0
base,ridge,2018-07-02,2018-07-16,3,SC,auto,0.0
base,ridge,2018-07-02,2018-07-23,4,SC,auto,0.0
base,ridge,2018-07-02,2018-07-02,1,SC,bed_bath_table,0.0
base,ridge,2018-07-02,2018-07-09,2,SC,bed_bath_table,0.0
base,ridge,2018-07-02,2018-07-16,3,SC,bed_bath_table,0.0
base,ridge,2018-07-02,2018-07-23,4,SC,bed_bath_table,0.0
base,ridge,2018-07-02,2018-07-02,1,SC,computers_accessories,0.0
base,ridge,2018-07-02,2018-07-09,2,SC,computers_accessories,0.0
base,ridge,2018-07-02,2018-07-16,3,SC,computers_accessories,0.0
base,ridge,2018-07-02,2018-07-23,4,SC,computers_accessories,0.0
base,ridge,2018-07-02,2018-07-02,1,SC,furniture_decor,0.0
base,ridge,2018-07-02,2018-07-09,2,SC,furniture_decor,0.0
base,ridge,2018-07-02,2018-07-16,3,SC,furniture_decor,0.0
base,ridge,2018-07-02,2018-07-23,4,SC,furniture_decor,0.0
base,ridge,2018-07-02,2018-07-02,1,SC,garden_tools,0.0
base,ridge,2018-07-02,2018-07-09,2,SC,garden_tools,0.0
base,ridge,2018-07-02,2018-07-16,3,SC,garden_tools,0.0
base,ridge,2018-07-02,2018-07-23,4,SC,garden_tools,0.0
base,ridge,2018-07-02,2018-07-02,1,SC,health_beauty,0.0
base,ridge,2018-07-02,2018-07-09,2,SC,health_beauty,0.0
base,ridge,2018-07-02,2018-07-16,3,SC,health_beauty,0.0
base,ridge,2018-07-02,2018-07-23,4,SC,health_beauty,0.0
base,ridge,2018-07-02,2018-07-02,1,SC,housewares,0.0
base,ridge,2018-07-02,2018-07-09,2,SC,housewares,0.0
base,ridge,2018-07-02,2018-07-16,3,SC,housewares,0.0
base,ridge,2018-07-02,2018-07-23,4,SC,housewares,0.0
base,ridge,2018-07-02,2018-07-02,1,SC,sports_leisure,0.0
base,ridge,2018-07-02,2018-07-09,2,SC,sports_leisure,0.0
base,ridge,2018-07-02,2018-07-16,3,SC,sports_leisure,0.0
base,ridge,2018-07-02,2018-07-23,4,SC,sports_leisure,0.0
base,ridge,2018-07-02,2018-07-02,1,SC,telephony,0.0
base,ridge,2018-07-02,2018-07-09,2,SC,telephony,0.0
base,ridge,2018-07-02,2018-07-16,3,SC,telephony,0.0
base,ridge,2018-07-02,2018-07-23,4,SC,telephony,0.0
base,ridge,2018-07-02,2018-07-02,1,SC,watches_gifts,0.0
base,ridge,2018-07-02,2018-07-09,2,SC,watches_gifts,0.0
base,ridge,2018-07-02,2018-07-16,3,SC,watches_gifts,0.0
base,ridge,2018-07-02,2018-07-23,4,SC,watches_gifts,0.0
base,ridge,2018-07-02,2018-07-02,1,SP,auto,16.0
base,ridge,2018-07-02,2018-07-09,2,SP,auto,0.0
base,ridge,2018-07-02,2018-07-16,3,SP,auto,0.0
base,ridge,2018-07-02,2018-07-23,4,SP,auto,0.0
base,ridge,2018-07-02,2018-07-02,1,SP,bed_bath_table,55.0
base,ridge,2018-07-02,2018-07-09,2,SP,bed_bath_table,0.0
base,ridge,2018-07-02,2018-07-16,3,SP,bed_bath_table,0.0
base,ridge,2018-07-02,2018-07-23,4,SP,bed_bath_table,0.0
base,ridge,2018-07-02,2018-07-02,1,SP,computers_accessories,16.0
base,ridge,2018-07-02,2018-07-09,2,SP,computers_accessories,0.0
base,ridge,2018-07-02,2018-07-16,3,SP,computers_accessories,0.0
base,ridge,2018-07-02,2018-07-23,4,SP,computers_accessories,0.0
base,ridge,2018-07-02,2018-07-02,1,SP,furniture_decor,0.0
base,ridge,2018-07-02,2018-07-09,2,SP,furniture_decor,0.0
base,ridge,2018-07-02,2018-07-16,3,SP,furniture_decor,0.0
base,ridge,2018-07-02,2018-07-23,4,SP,furniture_decor,0.0
base,ridge,2018-07-02,2018-07-02,1,SP,garden_tools,0.0
base,ridge,2018-07-02,2018-07-09,2,SP,garden_tools,0.0
base,ridge,2018-07-02,2018-07-16,3,SP,garden_tools,0.0
base,ridge,2018-07-02,2018-07-23,4,SP,garden_tools,0.0
base,ridge,2018-07-02,2018-07-02,1,SP,health_beauty,46.0
base,ridge,2018-07-02,2018-07-09,2,SP,health_beauty,0.0
base,ridge,2018-07-02,2018-07-16,3,SP,health_beauty,0.0
base,ridge,2018-07-02,2018-07-23,4,SP,health_beauty,0.0
base,ridge,2018-07-02,2018-07-02,1,SP,housewares,0.0
base,ridge,2018-07-02,2018-07-09,2,SP,housewares,0.0
base,ridge,2018-07-02,2018-07-16,3,SP,housewares,0.0
base,ridge,2018-07-02,2018-07-23,4,SP,housewares,0.0
base,ridge,2018-07-02,2018-07-02,1,SP,sports_leisure,10.0
base,ridge,2018-07-02,2018-07-09,2,SP,sports_leisure,0.0
base,ridge,2018-07-02,2018-07-16,3,SP,sports_leisure,0.0
base,ridge,2018-07-02,2018-07-23,4,SP,sports_leisure,0.0
base,ridge,2018-07-02,2018-07-02,1,SP,telephony,34.0
base,ridge,2018-07-02,2018-07-09,2,SP,telephony,0.0
base,ridge,2018-07-02,2018-07-16,3,SP,telephony,0.0
base,ridge,2018-07-02,2018-07-23,4,SP,telephony,0.0
base,ridge,2018-07-02,2018-07-02,1,SP,watches_gifts,42.0
base,ridge,2018-07-02,2018-07-09,2,SP,watches_gifts,0.0
base,ridge,2018-07-02,2018-07-16,3,SP,watches_gifts,0.0
base,ridge,2018-07-02,2018-07-23,4,SP,watches_gifts,0.0
base,ridge,2018-07-09,2018-07-09,1,MG,auto,0.0
base,ridge,2018-07-09,2018-07-16,2,MG,auto,0.0
base,ridge,2018-07-09,2018-07-23,3,MG,auto,0.0
base,ridge,2018-07-09,2018-07-30,4,MG,auto,0.0
base,ridge,2018-07-09,2018-07-09,1,MG,bed_bath_table,0.0
base,ridge,2018-07-09,2018-07-16,2,MG,bed_bath_table,0.0
base,ridge,2018-07-09,2018-07-23,3,MG,bed_bath_table,0.0
base,ridge,2018-07-09,2018-07-30,4,MG,bed_bath_table,0.0
base,ridge,2018-07-09,2018-07-09,1,MG,computers_accessories,2.0
base,ridge,2018-07-09,2018-07-16,2,MG,computers_accessories,0.0
base,ridge,2018-07-09,2018-07-23,3,MG,computers_accessories,0.0
base,ridge,2018-07-09,2018-07-30,4,MG,computers_accessories,0.0
base,ridge,2018-07-09,2018-07-09,1,MG,furniture_decor,13.0
base,ridge,2018-07-09,2018-07-16,2,MG,furniture_decor,6.0
base,ridge,2018-07-09,2018-07-23,3,MG,furniture_decor,0.0
base,ridge,2018-07-09,2018-07-30,4,MG,furniture_decor,0.0
base,ridge,2018-07-09,2018-07-09,1,MG,garden_tools,0.0
base,ridge,2018-07-09,2018-07-16,2,MG,garden_tools,0.0
base,ridge,2018-07-09,2018-07-23,3,MG,garden_tools,0.0
base,ridge,2018-07-09,2018-07-30,4,MG,garden_tools,0.0
base,ridge,2018-07-09,2018-07-09,1,MG,health_beauty,0.0
base,ridge,2018-07-09,2018-07-16,2,MG,health_beauty,0.0
base,ridge,2018-07-09,2018-07-23,3,MG,health_beauty,0.0
base,ridge,2018-07-09,2018-07-30,4,MG,health_beauty,0.0
base,ridge,2018-07-09,2018-07-09,1,MG,housewares,0.0
base,ridge,2018-07-09,2018-07-16,2,MG,housewares,0.0
base,ridge,2018-07-09,2018-07-23,3,MG,housewares,0.0
base,ridge,2018-07-09,2018-07-30,4,MG,housewares,0.0
base,ridge,2018-07-09,2018-07-09,1,MG,sports_leisure,0.0
base,ridge,2018-07-09,2018-07-16,2,MG,sports_leisure,0.0
base,ridge,2018-07-09,2018-07-23,3,MG,sports_leisure,0.0
base,ridge,2018-07-09,2018-07-30,4,MG,sports_leisure,0.0
base,ridge,2018-07-09,2018-07-09,1,MG,telephony,0.0
base,ridge,2018-07-09,2018-07-16,2,MG,telephony,0.0
base,ridge,2018-07-09,2018-07-23,3,MG,telephony,0.0
base,ridge,2018-07-09,2018-07-30,4,MG,telephony,0.0
base,ridge,2018-07-09,2018-07-09,1,MG,watches_gifts,0.0
base,ridge,2018-07-09,2018-07-16,2,MG,watches_gifts,0.0
base,ridge,2018-07-09,2018-07-23,3,MG,watches_gifts,0.0
base,ridge,2018-07-09,2018-07-30,4,MG,watches_gifts,0.0
base,ridge,2018-07-09,2018-07-09,1,PR,auto,0.0
base,ridge,2018-07-09,2018-07-16,2,PR,auto,2.0
base,ridge,2018-07-09,2018-07-23,3,PR,auto,0.0
base,ridge,2018-07-09,2018-07-30,4,PR,auto,0.0
base,ridge,2018-07-09,2018-07-09,1,PR,bed_bath_table,0.0
base,ridge,2018-07-09,2018-07-16,2,PR,bed_bath_table,0.0
base,ridge,2018-07-09,2018-07-23,3,PR,bed_bath_table,0.0
base,ridge,2018-07-09,2018-07-30,4,PR,bed_bath_table,0.0
base,ridge,2018-07-09,2018-07-09,1,PR,computers_accessories,0.0
base,ridge,2018-07-09,2018-07-16,2,PR,computers_accessories,0.0
base,ridge,2018-07-09,2018-07-23,3,PR,computers_accessories,0.0
base,ridge,2018-07-09,2018-07-30,4,PR,computers_accessories,0.0
base,ridge,2018-07-09,2018-07-09,1,PR,furniture_decor,11.0
base,ridge,2018-07-09,2018-07-16,2,PR,furniture_decor,0.0
base,ridge,2018-07-09,2018-07-23,3,PR,furniture_decor,0.0
base,ridge,2018-07-09,2018-07-30,4,PR,furniture_decor,0.0
base,ridge,2018-07-09,2018-07-09,1,PR,garden_tools,0.0
base,ridge,2018-07-09,2018-07-16,2,PR,garden_tools,0.0
base,ridge,2018-07-09,2018-07-23,3,PR,garden_tools,0.0
base,ridge,2018-07-09,2018-07-30,4,PR,garden_tools,0.0
base,ridge,2018-07-09,2018-07-09,1,PR,health_beauty,4.0
base,ridge,2018-07-09,2018-07-16,2,PR,health_beauty,0.0
base,ridge,2018-07-09,2018-07-23,3,PR,health_beauty,0.0
base,ridge,2018-07-09,2018-07-30,4,PR,health_beauty,0.0
base,ridge,2018-07-09,2018-07-09,1,PR,housewares,6.0
base,ridge,2018-07-09,2018-07-16,2,PR,housewares,0.0
base,ridge,2018-07-09,2018-07-23,3,PR,housewares,0.0
base,ridge,2018-07-09,2018-07-30,4,PR,housewares,0.0
base,ridge,2018-07-09,2018-07-09,1,PR,sports_leisure,0.0
base,ridge,2018-07-09,2018-07-16,2,PR,sports_leisure,0.0
base,ridge,2018-07-09,2018-07-23,3,PR,sports_leisure,0.0
base,ridge,2018-07-09,2018-07-30,4,PR,sports_leisure,0.0
base,ridge,2018-07-09,2018-07-09,1,PR,telephony,0.0
base,ridge,2018-07-09,2018-07-16,2,PR,telephony,0.0
base,ridge,2018-07-09,2018-07-23,3,PR,telephony,0.0
base,ridge,2018-07-09,2018-07-30,4,PR,telephony,0.0
base,ridge,2018-07-09,2018-07-09,1,PR,watches_gifts,0.0
base,ridge,2018-07-09,2018-07-16,2,PR,watches_gifts,0.0
base,ridge,2018-07-09,2018-07-23,3,PR,watches_gifts,0.0
base,ridge,2018-07-09,2018-07-30,4,PR,watches_gifts,0.0
base,ridge,2018-07-09,2018-07-09,1,RJ,auto,4.0
base,ridge,2018-07-09,2018-07-16,2,RJ,auto,2.0
base,ridge,2018-07-09,2018-07-23,3,RJ,auto,0.0
base,ridge,2018-07-09,2018-07-30,4,RJ,auto,0.0
base,ridge,2018-07-09,2018-07-09,1,RJ,bed_bath_table,10.0
base,ridge,2018-07-09,2018-07-16,2,RJ,bed_bath_table,0.0
base,ridge,2018-07-09,2018-07-23,3,RJ,bed_bath_table,0.0
base,ridge,2018-07-09,2018-07-30,4,RJ,bed_bath_table,0.0
base,ridge,2018-07-09,2018-07-09,1,RJ,computers_accessories,3.0
base,ridge,2018-07-09,2018-07-16,2,RJ,computers_accessories,0.0
base,ridge,2018-07-09,2018-07-23,3,RJ,computers_accessories,0.0
base,ridge,2018-07-09,2018-07-30,4,RJ,computers_accessories,0.0
base,ridge,2018-07-09,2018-07-09,1,RJ,furniture_decor,5.0
base,ridge,2018-07-09,2018-07-16,2,RJ,furniture_decor,2.0
base,ridge,2018-07-09,2018-07-23,3,RJ,furniture_decor,0.0
base,ridge,2018-07-09,2018-07-30,4,RJ,furniture_decor,0.0
base,ridge,2018-07-09,2018-07-09,1,RJ,garden_tools,0.0
base,ridge,2018-07-09,2018-07-16,2,RJ,garden_tools,0.0
base,ridge,2018-07-09,2018-07-23,3,RJ,garden_tools,0.0
base,ridge,2018-07-09,2018-07-30,4,RJ,garden_tools,0.0
base,ridge,2018-07-09,2018-07-09,1,RJ,health_beauty,0.0
base,ridge,2018-07-09,2018-07-16,2,RJ,health_beauty,0.0
base,ridge,2018-07-09,2018-07-23,3,RJ,health_beauty,0.0
base,ridge,2018-07-09,2018-07-30,4,RJ,health_beauty,0.0
base,ridge,2018-07-09,2018-07-09,1,RJ,housewares,2.0
base,ridge,2018-07-09,2018-07-16,2,RJ,housewares,0.0
base,ridge,2018-07-09,2018-07-23,3,RJ,housewares,0.0
base,ridge,2018-07-09,2018-07-30,4,RJ,housewares,0.0
base,ridge,2018-07-09,2018-07-09,1,RJ,sports_leisure,0.0
base,ridge,2018-07-09,2018-07-16,2,RJ,sports_leisure,0.0
base,ridge,2018-07-09,2018-07-23,3,RJ,sports_leisure,0.0
base,ridge,2018-07-09,2018-07-30,4,RJ,sports_leisure,0.0
base,ridge,2018-07-09,2018-07-09,1,RJ,telephony,4.0
base,ridge,2018-07-09,2018-07-16,2,RJ,telephony,1.0
base,ridge,2018-07-09,2018-07-23,3,RJ,telephony,0.0
base,ridge,2018-07-09,2018-07-30,4,RJ,telephony,0.0
base,ridge,2018-07-09,2018-07-09,1,RJ,watches_gifts,7.0
base,ridge,2018-07-09,2018-07-16,2,RJ,watches_gifts,0.0
base,ridge,2018-07-09,2018-07-23,3,RJ,watches_gifts,0.0
base,ridge,2018-07-09,2018-07-30,4,RJ,watches_gifts,0.0
base,ridge,2018-07-09,2018-07-09,1,RS,auto,2.0
base,ridge,2018-07-09,2018-07-16,2,RS,auto,0.0
base,ridge,2018-07-09,2018-07-23,3,RS,auto,1.0
base,ridge,2018-07-09,2018-07-30,4,RS,auto,0.0
base,ridge,2018-07-09,2018-07-09,1,RS,bed_bath_table,2.0
base,ridge,2018-07-09,2018-07-16,2,RS,bed_bath_table,3.0
base,ridge,2018-07-09,2018-07-23,3,RS,bed_bath_table,0.0
base,ridge,2018-07-09,2018-07-30,4,RS,bed_bath_table,0.0
base,ridge,2018-07-09,2018-07-09,1,RS,computers_accessories,10.0
base,ridge,2018-07-09,2018-07-16,2,RS,computers_accessories,0.0
base,ridge,2018-07-09,2018-07-23,3,RS,computers_accessories,0.0
base,ridge,2018-07-09,2018-07-30,4,RS,computers_accessories,0.0
base,ridge,2018-07-09,2018-07-09,1,RS,furniture_decor,2.0
base,ridge,2018-07-09,2018-07-16,2,RS,furniture_decor,0.0
base,ridge,2018-07-09,2018-07-23,3,RS,furniture_decor,0.0
base,ridge,2018-07-09,2018-07-30,4,RS,furniture_decor,0.0
base,ridge,2018-07-09,2018-07-09,1,RS,garden_tools,1.0
base,ridge,2018-07-09,2018-07-16,2,RS,garden_tools,0.0
base,ridge,2018-07-09,2018-07-23,3,RS,garden_tools,0.0
base,ridge,2018-07-09,2018-07-30,4,RS,garden_tools,0.0
base,ridge,2018-07-09,2018-07-09,1,RS,health_beauty,8.0
base,ridge,2018-07-09,2018-07-16,2,RS,health_beauty,0.0
base,ridge,2018-07-09,2018-07-23,3,RS,health_beauty,0.0
base,ridge,2018-07-09,2018-07-30,4,RS,health_beauty,0.0
base,ridge,2018-07-09,2018-07-09,1,RS,housewares,0.0
base,ridge,2018-07-09,2018-07-16,2,RS,housewares,0.0
base,ridge,2018-07-09,2018-07-23,3,RS,housewares,0.0
base,ridge,2018-07-09,2018-07-30,4,RS,housewares,0.0
base,ridge,2018-07-09,2018-07-09,1,RS,sports_leisure,0.0
base,ridge,2018-07-09,2018-07-16,2,RS,sports_leisure,0.0
base,ridge,2018-07-09,2018-07-23,3,RS,sports_leisure,0.0
base,ridge,2018-07-09,2018-07-30,4,RS,sports_leisure,0.0
base,ridge,2018-07-09,2018-07-09,1,RS,telephony,3.0
base,ridge,2018-07-09,2018-07-16,2,RS,telephony,0.0
base,ridge,2018-07-09,2018-07-23,3,RS,telephony,0.0
base,ridge,2018-07-09,2018-07-30,4,RS,telephony,0.0
base,ridge,2018-07-09,2018-07-09,1,RS,watches_gifts,0.0
base,ridge,2018-07-09,2018-07-16,2,RS,watches_gifts,0.0
base,ridge,2018-07-09,2018-07-23,3,RS,watches_gifts,0.0
base,ridge,2018-07-09,2018-07-30,4,RS,watches_gifts,0.0
base,ridge,2018-07-09,2018-07-09,1,SC,auto,1.0
base,ridge,2018-07-09,2018-07-16,2,SC,auto,0.0
base,ridge,2018-07-09,2018-07-23,3,SC,auto,0.0
base,ridge,2018-07-09,2018-07-30,4,SC,auto,0.0
base,ridge,2018-07-09,2018-07-09,1,SC,bed_bath_table,0.0
base,ridge,2018-07-09,2018-07-16,2,SC,bed_bath_table,0.0
base,ridge,2018-07-09,2018-07-23,3,SC,bed_bath_table,0.0
base,ridge,2018-07-09,2018-07-30,4,SC,bed_bath_table,0.0
base,ridge,2018-07-09,2018-07-09,1,SC,computers_accessories,0.0
base,ridge,2018-07-09,2018-07-16,2,SC,computers_accessories,0.0
base,ridge,2018-07-09,2018-07-23,3,SC,computers_accessories,0.0
base,ridge,2018-07-09,2018-07-30,4,SC,computers_accessories,0.0
base,ridge,2018-07-09,2018-07-09,1,SC,furniture_decor,6.0
base,ridge,2018-07-09,2018-07-16,2,SC,furniture_decor,0.0
base,ridge,2018-07-09,2018-07-23,3,SC,furniture_decor,0.0
base,ridge,2018-07-09,2018-07-30,4,SC,furniture_decor,0.0
base,ridge,2018-07-09,2018-07-09,1,SC,garden_tools,3.0
base,ridge,2018-07-09,2018-07-16,2,SC,garden_tools,1.0
base,ridge,2018-07-09,2018-07-23,3,SC,garden_tools,0.0
base,ridge,2018-07-09,2018-07-30,4,SC,garden_tools,0.0
base,ridge,2018-07-09,2018-07-09,1,SC,health_beauty,0.0
base,ridge,2018-07-09,2018-07-16,2,SC,health_beauty,0.0
base,ridge,2018-07-09,2018-07-23,3,SC,health_beauty,0.0
base,ridge,2018-07-09,2018-07-30,4,SC,health_beauty,0.0
base,ridge,2018-07-09,2018-07-09,1,SC,housewares,0.0
base,ridge,2018-07-09,2018-07-16,2,SC,housewares,0.0
base,ridge,2018-07-09,2018-07-23,3,SC,housewares,0.0
base,ridge,2018-07-09,2018-07-30,4,SC,housewares,0.0
base,ridge,2018-07-09,2018-07-09,1,SC,sports_leisure,0.0
base,ridge,2018-07-09,2018-07-16,2,SC,sports_leisure,0.0
base,ridge,2018-07-09,2018-07-23,3,SC,sports_leisure,0.0
base,ridge,2018-07-09,2018-07-30,4,SC,sports_leisure,0.0
base,ridge,2018-07-09,2018-07-09,1,SC,telephony,0.0
base,ridge,2018-07-09,2018-07-16,2,SC,telephony,0.0
base,ridge,2018-07-09,2018-07-23,3,SC,telephony,0.0
base,ridge,2018-07-09,2018-07-30,4,SC,telephony,0.0
base,ridge,2018-07-09,2018-07-09,1,SC,watches_gifts,3.0
base,ridge,2018-07-09,2018-07-16,2,SC,watches_gifts,0.0
base,ridge,2018-07-09,2018-07-23,3,SC,watches_gifts,0.0
base,ridge,2018-07-09,2018-07-30,4,SC,watches_gifts,0.0
base,ridge,2018-07-09,2018-07-09,1,SP,auto,21.0
base,ridge,2018-07-09,2018-07-16,2,SP,auto,0.0
base,ridge,2018-07-09,2018-07-23,3,SP,auto,0.0
base,ridge,2018-07-09,2018-07-30,4,SP,auto,0.0
base,ridge,2018-07-09,2018-07-09,1,SP,bed_bath_table,66.0
base,ridge,2018-07-09,2018-07-16,2,SP,bed_bath_table,0.0
base,ridge,2018-07-09,2018-07-23,3,SP,bed_bath_table,0.0
base,ridge,2018-07-09,2018-07-30,4,SP,bed_bath_table,0.0
base,ridge,2018-07-09,2018-07-09,1,SP,computers_accessories,37.0
base,ridge,2018-07-09,2018-07-16,2,SP,computers_accessories,0.0
base,ridge,2018-07-09,2018-07-23,3,SP,computers_accessories,0.0
base,ridge,2018-07-09,2018-07-30,4,SP,computers_accessories,0.0
base,ridge,2018-07-09,2018-07-09,1,SP,furniture_decor,33.0
base,ridge,2018-07-09,2018-07-16,2,SP,furniture_decor,0.0
base,ridge,2018-07-09,2018-07-23,3,SP,furniture_decor,0.0
base,ridge,2018-07-09,2018-07-30,4,SP,furniture_decor,0.0
base,ridge,2018-07-09,2018-07-09,1,SP,garden_tools,28.0
base,ridge,2018-07-09,2018-07-16,2,SP,garden_tools,0.0
base,ridge,2018-07-09,2018-07-23,3,SP,garden_tools,0.0
base,ridge,2018-07-09,2018-07-30,4,SP,garden_tools,0.0
base,ridge,2018-07-09,2018-07-09,1,SP,health_beauty,4.0
base,ridge,2018-07-09,2018-07-16,2,SP,health_beauty,0.0
base,ridge,2018-07-09,2018-07-23,3,SP,health_beauty,0.0
base,ridge,2018-07-09,2018-07-30,4,SP,health_beauty,0.0
base,ridge,2018-07-09,2018-07-09,1,SP,housewares,50.0
base,ridge,2018-07-09,2018-07-16,2,SP,housewares,0.0
base,ridge,2018-07-09,2018-07-23,3,SP,housewares,0.0
base,ridge,2018-07-09,2018-07-30,4,SP,housewares,0.0
base,ridge,2018-07-09,2018-07-09,1,SP,sports_leisure,3.0
base,ridge,2018-07-09,2018-07-16,2,SP,sports_leisure,0.0
base,ridge,2018-07-09,2018-07-23,3,SP,sports_leisure,0.0
base,ridge,2018-07-09,2018-07-30,4,SP,sports_leisure,0.0
base,ridge,2018-07-09,2018-07-09,1,SP,telephony,29.0
base,ridge,2018-07-09,2018-07-16,2,SP,telephony,0.0
base,ridge,2018-07-09,2018-07-23,3,SP,telephony,0.0
base,ridge,2018-07-09,2018-07-30,4,SP,telephony,0.0
base,ridge,2018-07-09,2018-07-09,1,SP,watches_gifts,45.0
base,ridge,2018-07-09,2018-07-16,2,SP,watches_gifts,0.0
base,ridge,2018-07-09,2018-07-23,3,SP,watches_gifts,0.0
base,ridge,2018-07-09,2018-07-30,4,SP,watches_gifts,0.0
base,ridge,2018-07-16,2018-07-16,1,MG,auto,0.0
base,ridge,2018-07-16,2018-07-23,2,MG,auto,0.0
base,ridge,2018-07-16,2018-07-30,3,MG,auto,0.0
base,ridge,2018-07-16,2018-08-06,4,MG,auto,0.0
base,ridge,2018-07-16,2018-07-16,1,MG,bed_bath_table,0.0
base,ridge,2018-07-16,2018-07-23,2,MG,bed_bath_table,0.0
base,ridge,2018-07-16,2018-07-30,3,MG,bed_bath_table,0.0
base,ridge,2018-07-16,2018-08-06,4,MG,bed_bath_table,0.0
base,ridge,2018-07-16,2018-07-16,1,MG,computers_accessories,2.0
base,ridge,2018-07-16,2018-07-23,2,MG,computers_accessories,0.0
base,ridge,2018-07-16,2018-07-30,3,MG,computers_accessories,0.0
base,ridge,2018-07-16,2018-08-06,4,MG,computers_accessories,0.0
base,ridge,2018-07-16,2018-07-16,1,MG,furniture_decor,12.0
base,ridge,2018-07-16,2018-07-23,2,MG,furniture_decor,4.0
base,ridge,2018-07-16,2018-07-30,3,MG,furniture_decor,0.0
base,ridge,2018-07-16,2018-08-06,4,MG,furniture_decor,0.0
base,ridge,2018-07-16,2018-07-16,1,MG,garden_tools,0.0
base,ridge,2018-07-16,2018-07-23,2,MG,garden_tools,0.0
base,ridge,2018-07-16,2018-07-30,3,MG,garden_tools,0.0
base,ridge,2018-07-16,2018-08-06,4,MG,garden_tools,0.0
base,ridge,2018-07-16,2018-07-16,1,MG,health_beauty,0.0
base,ridge,2018-07-16,2018-07-23,2,MG,health_beauty,0.0
base,ridge,2018-07-16,2018-07-30,3,MG,health_beauty,0.0
base,ridge,2018-07-16,2018-08-06,4,MG,health_beauty,0.0
base,ridge,2018-07-16,2018-07-16,1,MG,housewares,0.0
base,ridge,2018-07-16,2018-07-23,2,MG,housewares,0.0
base,ridge,2018-07-16,2018-07-30,3,MG,housewares,0.0
base,ridge,2018-07-16,2018-08-06,4,MG,housewares,0.0
base,ridge,2018-07-16,2018-07-16,1,MG,sports_leisure,0.0
base,ridge,2018-07-16,2018-07-23,2,MG,sports_leisure,0.0
base,ridge,2018-07-16,2018-07-30,3,MG,sports_leisure,0.0
base,ridge,2018-07-16,2018-08-06,4,MG,sports_leisure,0.0
base,ridge,2018-07-16,2018-07-16,1,MG,telephony,0.0
base,ridge,2018-07-16,2018-07-23,2,MG,telephony,0.0
base,ridge,2018-07-16,2018-07-30,3,MG,telephony,0.0
base,ridge,2018-07-16,2018-08-06,4,MG,telephony,0.0
base,ridge,2018-07-16,2018-07-16,1,MG,watches_gifts,0.0
base,ridge,2018-07-16,2018-07-23,2,MG,watches_gifts,0.0
base,ridge,2018-07-16,2018-07-30,3,MG,watches_gifts,0.0
base,ridge,2018-07-16,2018-08-06,4,MG,watches_gifts,0.0
base,ridge,2018-07-16,2018-07-16,1,PR,auto,0.0
base,ridge,2018-07-16,2018-07-23,2,PR,auto,0.0
base,ridge,2018-07-16,2018-07-30,3,PR,auto,0.0
base,ridge,2018-07-16,2018-08-06,4,PR,auto,0.0
base,ridge,2018-07-16,2018-07-16,1,PR,bed_bath_table,0.0
base,ridge,2018-07-16,2018-07-23,2,PR,bed_bath_table,0.0
base,ridge,2018-07-16,2018-07-30,3,PR,bed_bath_table,0.0
base,ridge,2018-07-16,2018-08-06,4,PR,bed_bath_table,0.0
base,ridge,2018-07-16,2018-07-16,1,PR,computers_accessories,0.0
base,ridge,2018-07-16,2018-07-23,2,PR,computers_accessories,0.0
base,ridge,2018-07-16,2018-07-30,3,PR,computers_accessories,0.0
base,ridge,2018-07-16,2018-08-06,4,PR,computers_accessories,0.0
base,ridge,2018-07-16,2018-07-16,1,PR,furniture_decor,15.0
base,ridge,2018-07-16,2018-07-23,2,PR,furniture_decor,0.0
base,ridge,2018-07-16,2018-07-30,3,PR,furniture_decor,0.0
base,ridge,2018-07-16,2018-08-06,4,PR,furniture_decor,0.0
base,ridge,2018-07-16,2018-07-16,1,PR,garden_tools,2.0
base,ridge,2018-07-16,2018-07-23,2,PR,garden_tools,2.0
base,ridge,2018-07-16,2018-07-30,3,PR,garden_tools,1.0
base,ridge,2018-07-16,2018-08-06,4,PR,garden_tools,0.0
base,ridge,2018-07-16,2018-07-16,1,PR,health_beauty,4.0
base,ridge,2018-07-16,2018-07-23,2,PR,health_beauty,0.0
base,ridge,2018-07-16,2018-07-30,3,PR,health_beauty,0.0
base,ridge,2018-07-16,2018-08-06,4,PR,health_beauty,0.0
base,ridge,2018-07-16,2018-07-16,1,PR,housewares,5.0
base,ridge,2018-07-16,2018-07-23,2,PR,housewares,0.0
base,ridge,2018-07-16,2018-07-30,3,PR,housewares,0.0
base,ridge,2018-07-16,2018-08-06,4,PR,housewares,0.0
base,ridge,2018-07-16,2018-07-16,1,PR,sports_leisure,2.0
base,ridge,2018-07-16,2018-07-23,2,PR,sports_leisure,0.0
base,ridge,2018-07-16,2018-07-30,3,PR,sports_leisure,0.0
base,ridge,2018-07-16,2018-08-06,4,PR,sports_leisure,0.0
base,ridge,2018-07-16,2018-07-16,1,PR,telephony,0.0
base,ridge,2018-07-16,2018-07-23,2,PR,telephony,0.0
base,ridge,2018-07-16,2018-07-30,3,PR,telephony,0.0
base,ridge,2018-07-16,2018-08-06,4,PR,telephony,0.0
base,ridge,2018-07-16,2018-07-16,1,PR,watches_gifts,0.0
base,ridge,2018-07-16,2018-07-23,2,PR,watches_gifts,0.0
base,ridge,2018-07-16,2018-07-30,3,PR,watches_gifts,0.0
base,ridge,2018-07-16,2018-08-06,4,PR,watches_gifts,0.0
base,ridge,2018-07-16,2018-07-16,1,RJ,auto,0.0
base,ridge,2018-07-16,2018-07-23,2,RJ,auto,0.0
base,ridge,2018-07-16,2018-07-30,3,RJ,auto,0.0
base,ridge,2018-07-16,2018-08-06,4,RJ,auto,0.0
base,ridge,2018-07-16,2018-07-16,1,RJ,bed_bath_table,13.0
base,ridge,2018-07-16,2018-07-23,2,RJ,bed_bath_table,9.0
base,ridge,2018-07-16,2018-07-30,3,RJ,bed_bath_table,0.0
base,ridge,2018-07-16,2018-08-06,4,RJ,bed_bath_table,0.0
base,ridge,2018-07-16,2018-07-16,1,RJ,computers_accessories,0.0
base,ridge,2018-07-16,2018-07-23,2,RJ,computers_accessories,0.0
base,ridge,2018-07-16,2018-07-30,3,RJ,computers_accessories,0.0
base,ridge,2018-07-16,2018-08-06,4,RJ,computers_accessories,0.0
base,ridge,2018-07-16,2018-07-16,1,RJ,furniture_decor,5.0
base,ridge,2018-07-16,2018-07-23,2,RJ,furniture_decor,4.0
base,ridge,2018-07-16,2018-07-30,3,RJ,furniture_decor,0.0
base,ridge,2018-07-16,2018-08-06,4,RJ,furniture_decor,0.0
base,ridge,2018-07-16,2018-07-16,1,RJ,garden_tools,1.0
base,ridge,2018-07-16,2018-07-23,2,RJ,garden_tools,0.0
base,ridge,2018-07-16,2018-07-30,3,RJ,garden_tools,0.0
base,ridge,2018-07-16,2018-08-06,4,RJ,garden_tools,0.0
base,ridge,2018-07-16,2018-07-16,1,RJ,health_beauty,0.0
base,ridge,2018-07-16,2018-07-23,2,RJ,health_beauty,0.0
base,ridge,2018-07-16,2018-07-30,3,RJ,health_beauty,0.0
base,ridge,2018-07-16,2018-08-06,4,RJ,health_beauty,0.0
base,ridge,2018-07-16,2018-07-16,1,RJ,housewares,0.0
base,ridge,2018-07-16,2018-07-23,2,RJ,housewares,0.0
base,ridge,2018-07-16,2018-07-30,3,RJ,housewares,0.0
base,ridge,2018-07-16,2018-08-06,4,RJ,housewares,0.0
base,ridge,2018-07-16,2018-07-16,1,RJ,sports_leisure,7.0
base,ridge,2018-07-16,2018-07-23,2,RJ,sports_leisure,0.0
base,ridge,2018-07-16,2018-07-30,3,RJ,sports_leisure,0.0
base,ridge,2018-07-16,2018-08-06,4,RJ,sports_leisure,0.0
base,ridge,2018-07-16,2018-07-16,1,RJ,telephony,2.0
base,ridge,2018-07-16,2018-07-23,2,RJ,telephony,0.0
base,ridge,2018-07-16,2018-07-30,3,RJ,telephony,0.0
base,ridge,2018-07-16,2018-08-06,4,RJ,telephony,0.0
base,ridge,2018-07-16,2018-07-16,1,RJ,watches_gifts,0.0
base,ridge,2018-07-16,2018-07-23,2,RJ,watches_gifts,0.0
base,ridge,2018-07-16,2018-07-30,3,RJ,watches_gifts,0.0
base,ridge,2018-07-16,2018-08-06,4,RJ,watches_gifts,0.0
base,ridge,2018-07-16,2018-07-16,1,RS,auto,2.0
base,ridge,2018-07-16,2018-07-23,2,RS,auto,0.0
base,ridge,2018-07-16,2018-07-30,3,RS,auto,0.0
base,ridge,2018-07-16,2018-08-06,4,RS,auto,0.0
base,ridge,2018-07-16,2018-07-16,1,RS,bed_bath_table,3.0
base,ridge,2018-07-16,2018-07-23,2,RS,bed_bath_table,0.0
base,ridge,2018-07-16,2018-07-30,3,RS,bed_bath_table,0.0
base,ridge,2018-07-16,2018-08-06,4,RS,bed_bath_table,0.0
base,ridge,2018-07-16,2018-07-16,1,RS,computers_accessories,0.0
base,ridge,2018-07-16,2018-07-23,2,RS,computers_accessories,0.0
base,ridge,2018-07-16,2018-07-30,3,RS,computers_accessories,0.0
base,ridge,2018-07-16,2018-08-06,4,RS,computers_accessories,0.0
base,ridge,2018-07-16,2018-07-16,1,RS,furniture_decor,0.0
base,ridge,2018-07-16,2018-07-23,2,RS,furniture_decor,0.0
base,ridge,2018-07-16,2018-07-30,3,RS,furniture_decor,0.0
base,ridge,2018-07-16,2018-08-06,4,RS,furniture_decor,0.0
base,ridge,2018-07-16,2018-07-16,1,RS,garden_tools,0.0
base,ridge,2018-07-16,2018-07-23,2,RS,garden_tools,0.0
base,ridge,2018-07-16,2018-07-30,3,RS,garden_tools,0.0
base,ridge,2018-07-16,2018-08-06,4,RS,garden_tools,0.0
base,ridge,2018-07-16,2018-07-16,1,RS,health_beauty,0.0
base,ridge,2018-07-16,2018-07-23,2,RS,health_beauty,0.0
base,ridge,2018-07-16,2018-07-30,3,RS,health_beauty,0.0
base,ridge,2018-07-16,2018-08-06,4,RS,health_beauty,0.0
base,ridge,2018-07-16,2018-07-16,1,RS,housewares,10.0
base,ridge,2018-07-16,2018-07-23,2,RS,housewares,0.0
base,ridge,2018-07-16,2018-07-30,3,RS,housewares,0.0
base,ridge,2018-07-16,2018-08-06,4,RS,housewares,0.0
base,ridge,2018-07-16,2018-07-16,1,RS,sports_leisure,3.0
base,ridge,2018-07-16,2018-07-23,2,RS,sports_leisure,0.0
base,ridge,2018-07-16,2018-07-30,3,RS,sports_leisure,0.0
base,ridge,2018-07-16,2018-08-06,4,RS,sports_leisure,0.0
base,ridge,2018-07-16,2018-07-16,1,RS,telephony,4.0
base,ridge,2018-07-16,2018-07-23,2,RS,telephony,0.0
base,ridge,2018-07-16,2018-07-30,3,RS,telephony,0.0
base,ridge,2018-07-16,2018-08-06,4,RS,telephony,0.0
base,ridge,2018-07-16,2018-07-16,1,RS,watches_gifts,0.0
base,ridge,2018-07-16,2018-07-23,2,RS,watches_gifts,0.0
base,ridge,2018-07-16,2018-07-30,3,RS,watches_gifts,0.0
base,ridge,2018-07-16,2018-08-06,4,RS,watches_gifts,0.0
base,ridge,2018-07-16,2018-07-16,1,SC,auto,0.0
base,ridge,2018-07-16,2018-07-23,2,SC,auto,0.0
base,ridge,2018-07-16,2018-07-30,3,SC,auto,0.0
base,ridge,2018-07-16,2018-08-06,4,SC,auto,0.0
base,ridge,2018-07-16,2018-07-16,1,SC,bed_bath_table,2.0
base,ridge,2018-07-16,2018-07-23,2,SC,bed_bath_table,0.0
base,ridge,2018-07-16,2018-07-30,3,SC,bed_bath_table,0.0
base,ridge,2018-07-16,2018-08-06,4,SC,bed_bath_table,0.0
base,ridge,2018-07-16,2018-07-16,1,SC,computers_accessories,0.0
base,ridge,2018-07-16,2018-07-23,2,SC,computers_accessories,0.0
base,ridge,2018-07-16,2018-07-30,3,SC,computers_accessories,0.0
base,ridge,2018-07-16,2018-08-06,4,SC,computers_accessories,0.0
base,ridge,2018-07-16,2018-07-16,1,SC,furniture_decor,4.0
base,ridge,2018-07-16,2018-07-23,2,SC,furniture_decor,0.0
base,ridge,2018-07-16,2018-07-30,3,SC,furniture_decor,0.0
base,ridge,2018-07-16,2018-08-06,4,SC,furniture_decor,0.0
base,ridge,2018-07-16,2018-07-16,1,SC,garden_tools,8.0
base,ridge,2018-07-16,2018-07-23,2,SC,garden_tools,0.0
base,ridge,2018-07-16,2018-07-30,3,SC,garden_tools,0.0
base,ridge,2018-07-16,2018-08-06,4,SC,garden_tools,0.0
base,ridge,2018-07-16,2018-07-16,1,SC,health_beauty,0.0
base,ridge,2018-07-16,2018-07-23,2,SC,health_beauty,0.0
base,ridge,2018-07-16,2018-07-30,3,SC,health_beauty,0.0
base,ridge,2018-07-16,2018-08-06,4,SC,health_beauty,0.0
base,ridge,2018-07-16,2018-07-16,1,SC,housewares,0.0
base,ridge,2018-07-16,2018-07-23,2,SC,housewares,0.0
base,ridge,2018-07-16,2018-07-30,3,SC,housewares,0.0
base,ridge,2018-07-16,2018-08-06,4,SC,housewares,0.0
base,ridge,2018-07-16,2018-07-16,1,SC,sports_leisure,10.0
base,ridge,2018-07-16,2018-07-23,2,SC,sports_leisure,0.0
base,ridge,2018-07-16,2018-07-30,3,SC,sports_leisure,0.0
base,ridge,2018-07-16,2018-08-06,4,SC,sports_leisure,0.0
base,ridge,2018-07-16,2018-07-16,1,SC,telephony,0.0
base,ridge,2018-07-16,2018-07-23,2,SC,telephony,0.0
base,ridge,2018-07-16,2018-07-30,3,SC,telephony,0.0
base,ridge,2018-07-16,2018-08-06,4,SC,telephony,0.0
base,ridge,2018-07-16,2018-07-16,1,SC,watches_gifts,0.0
base,ridge,2018-07-16,2018-07-23,2,SC,watches_gifts,0.0
base,ridge,2018-07-16,2018-07-30,3,SC,watches_gifts,0.0
base,ridge,2018-07-16,2018-08-06,4,SC,watches_gifts,0.0
base,ridge,2018-07-16,2018-07-16,1,SP,auto,20.0
base,ridge,2018-07-16,2018-07-23,2,SP,auto,0.0
base,ridge,2018-07-16,2018-07-30,3,SP,auto,0.0
base,ridge,2018-07-16,2018-08-06,4,SP,auto,0.0
base,ridge,2018-07-16,2018-07-16,1,SP,bed_bath_table,109.0
base,ridge,2018-07-16,2018-07-23,2,SP,bed_bath_table,0.0
base,ridge,2018-07-16,2018-07-30,3,SP,bed_bath_table,0.0
base,ridge,2018-07-16,2018-08-06,4,SP,bed_bath_table,0.0
base,ridge,2018-07-16,2018-07-16,1,SP,computers_accessories,50.0
base,ridge,2018-07-16,2018-07-23,2,SP,computers_accessories,0.0
base,ridge,2018-07-16,2018-07-30,3,SP,computers_accessories,0.0
base,ridge,2018-07-16,2018-08-06,4,SP,computers_accessories,0.0
base,ridge,2018-07-16,2018-07-16,1,SP,furniture_decor,70.0
base,ridge,2018-07-16,2018-07-23,2,SP,furniture_decor,9.0
base,ridge,2018-07-16,2018-07-30,3,SP,furniture_decor,0.0
base,ridge,2018-07-16,2018-08-06,4,SP,furniture_decor,0.0
base,ridge,2018-07-16,2018-07-16,1,SP,garden_tools,39.0
base,ridge,2018-07-16,2018-07-23,2,SP,garden_tools,0.0
base,ridge,2018-07-16,2018-07-30,3,SP,garden_tools,0.0
base,ridge,2018-07-16,2018-08-06,4,SP,garden_tools,0.0
base,ridge,2018-07-16,2018-07-16,1,SP,health_beauty,55.0
base,ridge,2018-07-16,2018-07-23,2,SP,health_beauty,0.0
base,ridge,2018-07-16,2018-07-30,3,SP,health_beauty,0.0
base,ridge,2018-07-16,2018-08-06,4,SP,health_beauty,0.0
base,ridge,2018-07-16,2018-07-16,1,SP,housewares,77.0
base,ridge,2018-07-16,2018-07-23,2,SP,housewares,0.0
base,ridge,2018-07-16,2018-07-30,3,SP,housewares,0.0
base,ridge,2018-07-16,2018-08-06,4,SP,housewares,0.0
base,ridge,2018-07-16,2018-07-16,1,SP,sports_leisure,62.0
base,ridge,2018-07-16,2018-07-23,2,SP,sports_leisure,0.0
base,ridge,2018-07-16,2018-07-30,3,SP,sports_leisure,0.0
base,ridge,2018-07-16,2018-08-06,4,SP,sports_leisure,0.0
base,ridge,2018-07-16,2018-07-16,1,SP,telephony,22.0
base,ridge,2018-07-16,2018-07-23,2,SP,telephony,0.0
base,ridge,2018-07-16,2018-07-30,3,SP,telephony,0.0
base,ridge,2018-07-16,2018-08-06,4,SP,telephony,0.0
base,ridge,2018-07-16,2018-07-16,1,SP,watches_gifts,0.0
base,ridge,2018-07-16,2018-07-23,2,SP,watches_gifts,0.0
base,ridge,2018-07-16,2018-07-30,3,SP,watches_gifts,0.0
base,ridge,2018-07-16,2018-08-06,4,SP,watches_gifts,0.0
base,ridge,2018-07-23,2018-07-23,1,MG,auto,0.0
base,ridge,2018-07-23,2018-07-30,2,MG,auto,0.0
base,ridge,2018-07-23,2018-08-06,3,MG,auto,0.0
base,ridge,2018-07-23,2018-08-13,4,MG,auto,0.0
base,ridge,2018-07-23,2018-07-23,1,MG,bed_bath_table,0.0
base,ridge,2018-07-23,2018-07-30,2,MG,bed_bath_table,0.0
base,ridge,2018-07-23,2018-08-06,3,MG,bed_bath_table,0.0
base,ridge,2018-07-23,2018-08-13,4,MG,bed_bath_table,0.0
base,ridge,2018-07-23,2018-07-23,1,MG,computers_accessories,0.0
base,ridge,2018-07-23,2018-07-30,2,MG,computers_accessories,0.0
base,ridge,2018-07-23,2018-08-06,3,MG,computers_accessories,0.0
base,ridge,2018-07-23,2018-08-13,4,MG,computers_accessories,0.0
base,ridge,2018-07-23,2018-07-23,1,MG,furniture_decor,0.0
base,ridge,2018-07-23,2018-07-30,2,MG,furniture_decor,0.0
base,ridge,2018-07-23,2018-08-06,3,MG,furniture_decor,0.0
base,ridge,2018-07-23,2018-08-13,4,MG,furniture_decor,0.0
base,ridge,2018-07-23,2018-07-23,1,MG,garden_tools,0.0
base,ridge,2018-07-23,2018-07-30,2,MG,garden_tools,0.0
base,ridge,2018-07-23,2018-08-06,3,MG,garden_tools,0.0
base,ridge,2018-07-23,2018-08-13,4,MG,garden_tools,0.0
base,ridge,2018-07-23,2018-07-23,1,MG,health_beauty,0.0
base,ridge,2018-07-23,2018-07-30,2,MG,health_beauty,0.0
base,ridge,2018-07-23,2018-08-06,3,MG,health_beauty,0.0
base,ridge,2018-07-23,2018-08-13,4,MG,health_beauty,0.0
base,ridge,2018-07-23,2018-07-23,1,MG,housewares,0.0
base,ridge,2018-07-23,2018-07-30,2,MG,housewares,0.0
base,ridge,2018-07-23,2018-08-06,3,MG,housewares,0.0
base,ridge,2018-07-23,2018-08-13,4,MG,housewares,0.0
base,ridge,2018-07-23,2018-07-23,1,MG,sports_leisure,0.0
base,ridge,2018-07-23,2018-07-30,2,MG,sports_leisure,0.0
base,ridge,2018-07-23,2018-08-06,3,MG,sports_leisure,0.0
base,ridge,2018-07-23,2018-08-13,4,MG,sports_leisure,0.0
base,ridge,2018-07-23,2018-07-23,1,MG,telephony,0.0
base,ridge,2018-07-23,2018-07-30,2,MG,telephony,0.0
base,ridge,2018-07-23,2018-08-06,3,MG,telephony,0.0
base,ridge,2018-07-23,2018-08-13,4,MG,telephony,0.0
base,ridge,2018-07-23,2018-07-23,1,MG,watches_gifts,0.0
base,ridge,2018-07-23,2018-07-30,2,MG,watches_gifts,0.0
base,ridge,2018-07-23,2018-08-06,3,MG,watches_gifts,0.0
base,ridge,2018-07-23,2018-08-13,4,MG,watches_gifts,0.0
base,ridge,2018-07-23,2018-07-23,1,PR,auto,0.0
base,ridge,2018-07-23,2018-07-30,2,PR,auto,0.0
base,ridge,2018-07-23,2018-08-06,3,PR,auto,0.0
base,ridge,2018-07-23,2018-08-13,4,PR,auto,0.0
base,ridge,2018-07-23,2018-07-23,1,PR,bed_bath_table,0.0
base,ridge,2018-07-23,2018-07-30,2,PR,bed_bath_table,0.0
base,ridge,2018-07-23,2018-08-06,3,PR,bed_bath_table,0.0
base,ridge,2018-07-23,2018-08-13,4,PR,bed_bath_table,0.0
base,ridge,2018-07-23,2018-07-23,1,PR,computers_accessories,0.0
base,ridge,2018-07-23,2018-07-30,2,PR,computers_accessories,0.0
base,ridge,2018-07-23,2018-08-06,3,PR,computers_accessories,0.0
base,ridge,2018-07-23,2018-08-13,4,PR,computers_accessories,0.0
base,ridge,2018-07-23,2018-07-23,1,PR,furniture_decor,0.0
base,ridge,2018-07-23,2018-07-30,2,PR,furniture_decor,0.0
base,ridge,2018-07-23,2018-08-06,3,PR,furniture_decor,0.0
base,ridge,2018-07-23,2018-08-13,4,PR,furniture_decor,0.0
base,ridge,2018-07-23,2018-07-23,1,PR,garden_tools,3.0
base,ridge,2018-07-23,2018-07-30,2,PR,garden_tools,1.0
base,ridge,2018-07-23,2018-08-06,3,PR,garden_tools,0.0
base,ridge,2018-07-23,2018-08-13,4,PR,garden_tools,0.0
base,ridge,2018-07-23,2018-07-23,1,PR,health_beauty,0.0
base,ridge,2018-07-23,2018-07-30,2,PR,health_beauty,0.0
base,ridge,2018-07-23,2018-08-06,3,PR,health_beauty,0.0
base,ridge,2018-07-23,2018-08-13,4,PR,health_beauty,0.0
base,ridge,2018-07-23,2018-07-23,1,PR,housewares,0.0
base,ridge,2018-07-23,2018-07-30,2,PR,housewares,0.0
base,ridge,2018-07-23,2018-08-06,3,PR,housewares,0.0
base,ridge,2018-07-23,2018-08-13,4,PR,housewares,0.0
base,ridge,2018-07-23,2018-07-23,1,PR,sports_leisure,0.0
base,ridge,2018-07-23,2018-07-30,2,PR,sports_leisure,0.0
base,ridge,2018-07-23,2018-08-06,3,PR,sports_leisure,0.0
base,ridge,2018-07-23,2018-08-13,4,PR,sports_leisure,0.0
base,ridge,2018-07-23,2018-07-23,1,PR,telephony,0.0
base,ridge,2018-07-23,2018-07-30,2,PR,telephony,0.0
base,ridge,2018-07-23,2018-08-06,3,PR,telephony,0.0
base,ridge,2018-07-23,2018-08-13,4,PR,telephony,0.0
base,ridge,2018-07-23,2018-07-23,1,PR,watches_gifts,0.0
base,ridge,2018-07-23,2018-07-30,2,PR,watches_gifts,0.0
base,ridge,2018-07-23,2018-08-06,3,PR,watches_gifts,0.0
base,ridge,2018-07-23,2018-08-13,4,PR,watches_gifts,0.0
base,ridge,2018-07-23,2018-07-23,1,RJ,auto,0.0
base,ridge,2018-07-23,2018-07-30,2,RJ,auto,0.0
base,ridge,2018-07-23,2018-08-06,3,RJ,auto,0.0
base,ridge,2018-07-23,2018-08-13,4,RJ,auto,0.0
base,ridge,2018-07-23,2018-07-23,1,RJ,bed_bath_table,0.0
base,ridge,2018-07-23,2018-07-30,2,RJ,bed_bath_table,0.0
base,ridge,2018-07-23,2018-08-06,3,RJ,bed_bath_table,0.0
base,ridge,2018-07-23,2018-08-13,4,RJ,bed_bath_table,0.0
base,ridge,2018-07-23,2018-07-23,1,RJ,computers_accessories,0.0
base,ridge,2018-07-23,2018-07-30,2,RJ,computers_accessories,0.0
base,ridge,2018-07-23,2018-08-06,3,RJ,computers_accessories,0.0
base,ridge,2018-07-23,2018-08-13,4,RJ,computers_accessories,0.0
base,ridge,2018-07-23,2018-07-23,1,RJ,furniture_decor,0.0
base,ridge,2018-07-23,2018-07-30,2,RJ,furniture_decor,0.0
base,ridge,2018-07-23,2018-08-06,3,RJ,furniture_decor,0.0
base,ridge,2018-07-23,2018-08-13,4,RJ,furniture_decor,0.0
base,ridge,2018-07-23,2018-07-23,1,RJ,garden_tools,0.0
base,ridge,2018-07-23,2018-07-30,2,RJ,garden_tools,0.0
base,ridge,2018-07-23,2018-08-06,3,RJ,garden_tools,0.0
base,ridge,2018-07-23,2018-08-13,4,RJ,garden_tools,0.0
base,ridge,2018-07-23,2018-07-23,1,RJ,health_beauty,0.0
base,ridge,2018-07-23,2018-07-30,2,RJ,health_beauty,0.0
base,ridge,2018-07-23,2018-08-06,3,RJ,health_beauty,0.0
base,ridge,2018-07-23,2018-08-13,4,RJ,health_beauty,0.0
base,ridge,2018-07-23,2018-07-23,1,RJ,housewares,0.0
base,ridge,2018-07-23,2018-07-30,2,RJ,housewares,0.0
base,ridge,2018-07-23,2018-08-06,3,RJ,housewares,0.0
base,ridge,2018-07-23,2018-08-13,4,RJ,housewares,0.0
base,ridge,2018-07-23,2018-07-23,1,RJ,sports_leisure,0.0
base,ridge,2018-07-23,2018-07-30,2,RJ,sports_leisure,0.0
base,ridge,2018-07-23,2018-08-06,3,RJ,sports_leisure,0.0
base,ridge,2018-07-23,2018-08-13,4,RJ,sports_leisure,0.0
base,ridge,2018-07-23,2018-07-23,1,RJ,telephony,0.0
base,ridge,2018-07-23,2018-07-30,2,RJ,telephony,0.0
base,ridge,2018-07-23,2018-08-06,3,RJ,telephony,0.0
base,ridge,2018-07-23,2018-08-13,4,RJ,telephony,0.0
base,ridge,2018-07-23,2018-07-23,1,RJ,watches_gifts,0.0
base,ridge,2018-07-23,2018-07-30,2,RJ,watches_gifts,0.0
base,ridge,2018-07-23,2018-08-06,3,RJ,watches_gifts,0.0
base,ridge,2018-07-23,2018-08-13,4,RJ,watches_gifts,0.0
base,ridge,2018-07-23,2018-07-23,1,RS,auto,0.0
base,ridge,2018-07-23,2018-07-30,2,RS,auto,0.0
base,ridge,2018-07-23,2018-08-06,3,RS,auto,0.0
base,ridge,2018-07-23,2018-08-13,4,RS,auto,0.0
base,ridge,2018-07-23,2018-07-23,1,RS,bed_bath_table,0.0
base,ridge,2018-07-23,2018-07-30,2,RS,bed_bath_table,0.0
base,ridge,2018-07-23,2018-08-06,3,RS,bed_bath_table,0.0
base,ridge,2018-07-23,2018-08-13,4,RS,bed_bath_table,0.0
base,ridge,2018-07-23,2018-07-23,1,RS,computers_accessories,0.0
base,ridge,2018-07-23,2018-07-30,2,RS,computers_accessories,0.0
base,ridge,2018-07-23,2018-08-06,3,RS,computers_accessories,0.0
base,ridge,2018-07-23,2018-08-13,4,RS,computers_accessories,0.0
base,ridge,2018-07-23,2018-07-23,1,RS,furniture_decor,0.0
base,ridge,2018-07-23,2018-07-30,2,RS,furniture_decor,0.0
base,ridge,2018-07-23,2018-08-06,3,RS,furniture_decor,0.0
base,ridge,2018-07-23,2018-08-13,4,RS,furniture_decor,0.0
base,ridge,2018-07-23,2018-07-23,1,RS,garden_tools,0.0
base,ridge,2018-07-23,2018-07-30,2,RS,garden_tools,0.0
base,ridge,2018-07-23,2018-08-06,3,RS,garden_tools,0.0
base,ridge,2018-07-23,2018-08-13,4,RS,garden_tools,0.0
base,ridge,2018-07-23,2018-07-23,1,RS,health_beauty,0.0
base,ridge,2018-07-23,2018-07-30,2,RS,health_beauty,0.0
base,ridge,2018-07-23,2018-08-06,3,RS,health_beauty,0.0
base,ridge,2018-07-23,2018-08-13,4,RS,health_beauty,0.0
base,ridge,2018-07-23,2018-07-23,1,RS,housewares,0.0
base,ridge,2018-07-23,2018-07-30,2,RS,housewares,0.0
base,ridge,2018-07-23,2018-08-06,3,RS,housewares,0.0
base,ridge,2018-07-23,2018-08-13,4,RS,housewares,0.0
base,ridge,2018-07-23,2018-07-23,1,RS,sports_leisure,0.0
base,ridge,2018-07-23,2018-07-30,2,RS,sports_leisure,0.0
base,ridge,2018-07-23,2018-08-06,3,RS,sports_leisure,0.0
base,ridge,2018-07-23,2018-08-13,4,RS,sports_leisure,0.0
base,ridge,2018-07-23,2018-07-23,1,RS,telephony,0.0
base,ridge,2018-07-23,2018-07-30,2,RS,telephony,0.0
base,ridge,2018-07-23,2018-08-06,3,RS,telephony,0.0
base,ridge,2018-07-23,2018-08-13,4,RS,telephony,0.0
base,ridge,2018-07-23,2018-07-23,1,RS,watches_gifts,0.0
base,ridge,2018-07-23,2018-07-30,2,RS,watches_gifts,0.0
base,ridge,2018-07-23,2018-08-06,3,RS,watches_gifts,0.0
base,ridge,2018-07-23,2018-08-13,4,RS,watches_gifts,0.0
base,ridge,2018-07-23,2018-07-23,1,SC,auto,0.0
base,ridge,2018-07-23,2018-07-30,2,SC,auto,0.0
base,ridge,2018-07-23,2018-08-06,3,SC,auto,0.0
base,ridge,2018-07-23,2018-08-13,4,SC,auto,0.0
base,ridge,2018-07-23,2018-07-23,1,SC,bed_bath_table,0.0
base,ridge,2018-07-23,2018-07-30,2,SC,bed_bath_table,0.0
base,ridge,2018-07-23,2018-08-06,3,SC,bed_bath_table,0.0
base,ridge,2018-07-23,2018-08-13,4,SC,bed_bath_table,0.0
base,ridge,2018-07-23,2018-07-23,1,SC,computers_accessories,0.0
base,ridge,2018-07-23,2018-07-30,2,SC,computers_accessories,0.0
base,ridge,2018-07-23,2018-08-06,3,SC,computers_accessories,0.0
base,ridge,2018-07-23,2018-08-13,4,SC,computers_accessories,0.0
base,ridge,2018-07-23,2018-07-23,1,SC,furniture_decor,0.0
base,ridge,2018-07-23,2018-07-30,2,SC,furniture_decor,0.0
base,ridge,2018-07-23,2018-08-06,3,SC,furniture_decor,0.0
base,ridge,2018-07-23,2018-08-13,4,SC,furniture_decor,0.0
base,ridge,2018-07-23,2018-07-23,1,SC,garden_tools,0.0
base,ridge,2018-07-23,2018-07-30,2,SC,garden_tools,0.0
base,ridge,2018-07-23,2018-08-06,3,SC,garden_tools,0.0
base,ridge,2018-07-23,2018-08-13,4,SC,garden_tools,0.0
base,ridge,2018-07-23,2018-07-23,1,SC,health_beauty,0.0
base,ridge,2018-07-23,2018-07-30,2,SC,health_beauty,0.0
base,ridge,2018-07-23,2018-08-06,3,SC,health_beauty,0.0
base,ridge,2018-07-23,2018-08-13,4,SC,health_beauty,0.0
base,ridge,2018-07-23,2018-07-23,1,SC,housewares,0.0
base,ridge,2018-07-23,2018-07-30,2,SC,housewares,0.0
base,ridge,2018-07-23,2018-08-06,3,SC,housewares,0.0
base,ridge,2018-07-23,2018-08-13,4,SC,housewares,0.0
base,ridge,2018-07-23,2018-07-23,1,SC,sports_leisure,0.0
base,ridge,2018-07-23,2018-07-30,2,SC,sports_leisure,0.0
base,ridge,2018-07-23,2018-08-06,3,SC,sports_leisure,0.0
base,ridge,2018-07-23,2018-08-13,4,SC,sports_leisure,0.0
base,ridge,2018-07-23,2018-07-23,1,SC,telephony,0.0
base,ridge,2018-07-23,2018-07-30,2,SC,telephony,0.0
base,ridge,2018-07-23,2018-08-06,3,SC,telephony,0.0
base,ridge,2018-07-23,2018-08-13,4,SC,telephony,0.0
base,ridge,2018-07-23,2018-07-23,1,SC,watches_gifts,0.0
base,ridge,2018-07-23,2018-07-30,2,SC,watches_gifts,0.0
base,ridge,2018-07-23,2018-08-06,3,SC,watches_gifts,0.0
base,ridge,2018-07-23,2018-08-13,4,SC,watches_gifts,0.0
base,ridge,2018-07-23,2018-07-23,1,SP,auto,0.0
base,ridge,2018-07-23,2018-07-30,2,SP,auto,0.0
base,ridge,2018-07-23,2018-08-06,3,SP,auto,0.0
base,ridge,2018-07-23,2018-08-13,4,SP,auto,0.0
base,ridge,2018-07-23,2018-07-23,1,SP,bed_bath_table,0.0
base,ridge,2018-07-23,2018-07-30,2,SP,bed_bath_table,0.0
base,ridge,2018-07-23,2018-08-06,3,SP,bed_bath_table,0.0
base,ridge,2018-07-23,2018-08-13,4,SP,bed_bath_table,0.0
base,ridge,2018-07-23,2018-07-23,1,SP,computers_accessories,0.0
base,ridge,2018-07-23,2018-07-30,2,SP,computers_accessories,0.0
base,ridge,2018-07-23,2018-08-06,3,SP,computers_accessories,0.0
base,ridge,2018-07-23,2018-08-13,4,SP,computers_accessories,0.0
base,ridge,2018-07-23,2018-07-23,1,SP,furniture_decor,0.0
base,ridge,2018-07-23,2018-07-30,2,SP,furniture_decor,0.0
base,ridge,2018-07-23,2018-08-06,3,SP,furniture_decor,0.0
base,ridge,2018-07-23,2018-08-13,4,SP,furniture_decor,0.0
base,ridge,2018-07-23,2018-07-23,1,SP,garden_tools,4.0
base,ridge,2018-07-23,2018-07-30,2,SP,garden_tools,0.0
base,ridge,2018-07-23,2018-08-06,3,SP,garden_tools,0.0
base,ridge,2018-07-23,2018-08-13,4,SP,garden_tools,0.0
base,ridge,2018-07-23,2018-07-23,1,SP,health_beauty,0.0
base,ridge,2018-07-23,2018-07-30,2,SP,health_beauty,0.0
base,ridge,2018-07-23,2018-08-06,3,SP,health_beauty,0.0
base,ridge,2018-07-23,2018-08-13,4,SP,health_beauty,0.0
base,ridge,2018-07-23,2018-07-23,1,SP,housewares,0.0
base,ridge,2018-07-23,2018-07-30,2,SP,housewares,0.0
base,ridge,2018-07-23,2018-08-06,3,SP,housewares,0.0
base,ridge,2018-07-23,2018-08-13,4,SP,housewares,0.0
base,ridge,2018-07-23,2018-07-23,1,SP,sports_leisure,0.0
base,ridge,2018-07-23,2018-07-30,2,SP,sports_leisure,0.0
base,ridge,2018-07-23,2018-08-06,3,SP,sports_leisure,0.0
base,ridge,2018-07-23,2018-08-13,4,SP,sports_leisure,0.0
base,ridge,2018-07-23,2018-07-23,1,SP,telephony,0.0
base,ridge,2018-07-23,2018-07-30,2,SP,telephony,0.0
base,ridge,2018-07-23,2018-08-06,3,SP,telephony,0.0
base,ridge,2018-07-23,2018-08-13,4,SP,telephony,0.0
base,ridge,2018-07-23,2018-07-23,1,SP,watches_gifts,0.0
base,ridge,2018-07-23,2018-07-30,2,SP,watches_gifts,0.0
base,ridge,2018-07-23,2018-08-06,3,SP,watches_gifts,0.0
base,ridge,2018-07-23,2018-08-13,4,SP,watches_gifts,0.0
base,ridge,2018-07-30,2018-07-30,1,MG,auto,0.0
base,ridge,2018-07-30,2018-08-06,2,MG,auto,0.0
base,ridge,2018-07-30,2018-08-13,3,MG,auto,0.0
base,ridge,2018-07-30,2018-08-20,4,MG,auto,0.0
base,ridge,2018-07-30,2018-07-30,1,MG,bed_bath_table,1.0
base,ridge,2018-07-30,2018-08-06,2,MG,bed_bath_table,1.0
base,ridge,2018-07-30,2018-08-13,3,MG,bed_bath_table,0.0
base,ridge,2018-07-30,2018-08-20,4,MG,bed_bath_table,0.0
base,ridge,2018-07-30,2018-07-30,1,MG,computers_accessories,0.0
base,ridge,2018-07-30,2018-08-06,2,MG,computers_accessories,0.0
base,ridge,2018-07-30,2018-08-13,3,MG,computers_accessories,0.0
base,ridge,2018-07-30,2018-08-20,4,MG,computers_accessories,0.0
base,ridge,2018-07-30,2018-07-30,1,MG,furniture_decor,0.0
base,ridge,2018-07-30,2018-08-06,2,MG,furniture_decor,0.0
base,ridge,2018-07-30,2018-08-13,3,MG,furniture_decor,0.0
base,ridge,2018-07-30,2018-08-20,4,MG,furniture_decor,0.0
base,ridge,2018-07-30,2018-07-30,1,MG,garden_tools,0.0
base,ridge,2018-07-30,2018-08-06,2,MG,garden_tools,0.0
base,ridge,2018-07-30,2018-08-13,3,MG,garden_tools,0.0
base,ridge,2018-07-30,2018-08-20,4,MG,garden_tools,0.0
base,ridge,2018-07-30,2018-07-30,1,MG,health_beauty,10.0
base,ridge,2018-07-30,2018-08-06,2,MG,health_beauty,0.0
base,ridge,2018-07-30,2018-08-13,3,MG,health_beauty,0.0
base,ridge,2018-07-30,2018-08-20,4,MG,health_beauty,0.0
base,ridge,2018-07-30,2018-07-30,1,MG,housewares,0.0
base,ridge,2018-07-30,2018-08-06,2,MG,housewares,0.0
base,ridge,2018-07-30,2018-08-13,3,MG,housewares,0.0
base,ridge,2018-07-30,2018-08-20,4,MG,housewares,0.0
base,ridge,2018-07-30,2018-07-30,1,MG,sports_leisure,0.0
base,ridge,2018-07-30,2018-08-06,2,MG,sports_leisure,0.0
base,ridge,2018-07-30,2018-08-13,3,MG,sports_leisure,0.0
base,ridge,2018-07-30,2018-08-20,4,MG,sports_leisure,0.0
base,ridge,2018-07-30,2018-07-30,1,MG,telephony,0.0
base,ridge,2018-07-30,2018-08-06,2,MG,telephony,0.0
base,ridge,2018-07-30,2018-08-13,3,MG,telephony,0.0
base,ridge,2018-07-30,2018-08-20,4,MG,telephony,0.0
base,ridge,2018-07-30,2018-07-30,1,MG,watches_gifts,0.0
base,ridge,2018-07-30,2018-08-06,2,MG,watches_gifts,0.0
base,ridge,2018-07-30,2018-08-13,3,MG,watches_gifts,0.0
base,ridge,2018-07-30,2018-08-20,4,MG,watches_gifts,0.0
base,ridge,2018-07-30,2018-07-30,1,PR,auto,0.0
base,ridge,2018-07-30,2018-08-06,2,PR,auto,0.0
base,ridge,2018-07-30,2018-08-13,3,PR,auto,0.0
base,ridge,2018-07-30,2018-08-20,4,PR,auto,0.0
base,ridge,2018-07-30,2018-07-30,1,PR,bed_bath_table,0.0
base,ridge,2018-07-30,2018-08-06,2,PR,bed_bath_table,0.0
base,ridge,2018-07-30,2018-08-13,3,PR,bed_bath_table,0.0
base,ridge,2018-07-30,2018-08-20,4,PR,bed_bath_table,0.0
base,ridge,2018-07-30,2018-07-30,1,PR,computers_accessories,0.0
base,ridge,2018-07-30,2018-08-06,2,PR,computers_accessories,0.0
base,ridge,2018-07-30,2018-08-13,3,PR,computers_accessories,0.0
base,ridge,2018-07-30,2018-08-20,4,PR,computers_accessories,0.0
base,ridge,2018-07-30,2018-07-30,1,PR,furniture_decor,0.0
base,ridge,2018-07-30,2018-08-06,2,PR,furniture_decor,0.0
base,ridge,2018-07-30,2018-08-13,3,PR,furniture_decor,0.0
base,ridge,2018-07-30,2018-08-20,4,PR,furniture_decor,0.0
base,ridge,2018-07-30,2018-07-30,1,PR,garden_tools,0.0
base,ridge,2018-07-30,2018-08-06,2,PR,garden_tools,0.0
base,ridge,2018-07-30,2018-08-13,3,PR,garden_tools,0.0
base,ridge,2018-07-30,2018-08-20,4,PR,garden_tools,0.0
base,ridge,2018-07-30,2018-07-30,1,PR,health_beauty,0.0
base,ridge,2018-07-30,2018-08-06,2,PR,health_beauty,0.0
base,ridge,2018-07-30,2018-08-13,3,PR,health_beauty,0.0
base,ridge,2018-07-30,2018-08-20,4,PR,health_beauty,0.0
base,ridge,2018-07-30,2018-07-30,1,PR,housewares,0.0
base,ridge,2018-07-30,2018-08-06,2,PR,housewares,0.0
base,ridge,2018-07-30,2018-08-13,3,PR,housewares,0.0
base,ridge,2018-07-30,2018-08-20,4,PR,housewares,0.0
base,ridge,2018-07-30,2018-07-30,1,PR,sports_leisure,0.0
base,ridge,2018-07-30,2018-08-06,2,PR,sports_leisure,0.0
base,ridge,2018-07-30,2018-08-13,3,PR,sports_leisure,0.0
base,ridge,2018-07-30,2018-08-20,4,PR,sports_leisure,0.0
base,ridge,2018-07-30,2018-07-30,1,PR,telephony,0.0
base,ridge,2018-07-30,2018-08-06,2,PR,telephony,0.0
base,ridge,2018-07-30,2018-08-13,3,PR,telephony,0.0
base,ridge,2018-07-30,2018-08-20,4,PR,telephony,0.0
base,ridge,2018-07-30,2018-07-30,1,PR,watches_gifts,0.0
base,ridge,2018-07-30,2018-08-06,2,PR,watches_gifts,0.0
base,ridge,2018-07-30,2018-08-13,3,PR,watches_gifts,0.0
base,ridge,2018-07-30,2018-08-20,4,PR,watches_gifts,0.0
base,ridge,2018-07-30,2018-07-30,1,RJ,auto,0.0
base,ridge,2018-07-30,2018-08-06,2,RJ,auto,0.0
base,ridge,2018-07-30,2018-08-13,3,RJ,auto,0.0
base,ridge,2018-07-30,2018-08-20,4,RJ,auto,0.0
base,ridge,2018-07-30,2018-07-30,1,RJ,bed_bath_table,0.0
base,ridge,2018-07-30,2018-08-06,2,RJ,bed_bath_table,0.0
base,ridge,2018-07-30,2018-08-13,3,RJ,bed_bath_table,0.0
base,ridge,2018-07-30,2018-08-20,4,RJ,bed_bath_table,0.0
base,ridge,2018-07-30,2018-07-30,1,RJ,computers_accessories,0.0
base,ridge,2018-07-30,2018-08-06,2,RJ,computers_accessories,0.0
base,ridge,2018-07-30,2018-08-13,3,RJ,computers_accessories,0.0
base,ridge,2018-07-30,2018-08-20,4,RJ,computers_accessories,0.0
base,ridge,2018-07-30,2018-07-30,1,RJ,furniture_decor,0.0
base,ridge,2018-07-30,2018-08-06,2,RJ,furniture_decor,0.0
base,ridge,2018-07-30,2018-08-13,3,RJ,furniture_decor,0.0
base,ridge,2018-07-30,2018-08-20,4,RJ,furniture_decor,0.0
base,ridge,2018-07-30,2018-07-30,1,RJ,garden_tools,0.0
base,ridge,2018-07-30,2018-08-06,2,RJ,garden_tools,0.0
base,ridge,2018-07-30,2018-08-13,3,RJ,garden_tools,0.0
base,ridge,2018-07-30,2018-08-20,4,RJ,garden_tools,0.0
base,ridge,2018-07-30,2018-07-30,1,RJ,health_beauty,0.0
base,ridge,2018-07-30,2018-08-06,2,RJ,health_beauty,0.0
base,ridge,2018-07-30,2018-08-13,3,RJ,health_beauty,0.0
base,ridge,2018-07-30,2018-08-20,4,RJ,health_beauty,0.0
base,ridge,2018-07-30,2018-07-30,1,RJ,housewares,0.0
base,ridge,2018-07-30,2018-08-06,2,RJ,housewares,0.0
base,ridge,2018-07-30,2018-08-13,3,RJ,housewares,0.0
base,ridge,2018-07-30,2018-08-20,4,RJ,housewares,0.0
base,ridge,2018-07-30,2018-07-30,1,RJ,sports_leisure,0.0
base,ridge,2018-07-30,2018-08-06,2,RJ,sports_leisure,0.0
base,ridge,2018-07-30,2018-08-13,3,RJ,sports_leisure,0.0
base,ridge,2018-07-30,2018-08-20,4,RJ,sports_leisure,0.0
base,ridge,2018-07-30,2018-07-30,1,RJ,telephony,0.0
base,ridge,2018-07-30,2018-08-06,2,RJ,telephony,0.0
base,ridge,2018-07-30,2018-08-13,3,RJ,telephony,0.0
base,ridge,2018-07-30,2018-08-20,4,RJ,telephony,0.0
base,ridge,2018-07-30,2018-07-30,1,RJ,watches_gifts,0.0
base,ridge,2018-07-30,2018-08-06,2,RJ,watches_gifts,0.0
base,ridge,2018-07-30,2018-08-13,3,RJ,watches_gifts,0.0
base,ridge,2018-07-30,2018-08-20,4,RJ,watches_gifts,0.0
base,ridge,2018-07-30,2018-07-30,1,RS,auto,0.0
base,ridge,2018-07-30,2018-08-06,2,RS,auto,0.0
base,ridge,2018-07-30,2018-08-13,3,RS,auto,0.0
base,ridge,2018-07-30,2018-08-20,4,RS,auto,0.0
base,ridge,2018-07-30,2018-07-30,1,RS,bed_bath_table,2.0
base,ridge,2018-07-30,2018-08-06,2,RS,bed_bath_table,0.0
base,ridge,2018-07-30,2018-08-13,3,RS,bed_bath_table,0.0
base,ridge,2018-07-30,2018-08-20,4,RS,bed_bath_table,0.0
base,ridge,2018-07-30,2018-07-30,1,RS,computers_accessories,0.0
base,ridge,2018-07-30,2018-08-06,2,RS,computers_accessories,0.0
base,ridge,2018-07-30,2018-08-13,3,RS,computers_accessories,0.0
base,ridge,2018-07-30,2018-08-20,4,RS,computers_accessories,0.0
base,ridge,2018-07-30,2018-07-30,1,RS,furniture_decor,0.0
base,ridge,2018-07-30,2018-08-06,2,RS,furniture_decor,0.0
base,ridge,2018-07-30,2018-08-13,3,RS,furniture_decor,0.0
base,ridge,2018-07-30,2018-08-20,4,RS,furniture_decor,0.0
base,ridge,2018-07-30,2018-07-30,1,RS,garden_tools,0.0
base,ridge,2018-07-30,2018-08-06,2,RS,garden_tools,0.0
base,ridge,2018-07-30,2018-08-13,3,RS,garden_tools,0.0
base,ridge,2018-07-30,2018-08-20,4,RS,garden_tools,0.0
base,ridge,2018-07-30,2018-07-30,1,RS,health_beauty,1.0
base,ridge,2018-07-30,2018-08-06,2,RS,health_beauty,0.0
base,ridge,2018-07-30,2018-08-13,3,RS,health_beauty,0.0
base,ridge,2018-07-30,2018-08-20,4,RS,health_beauty,0.0
base,ridge,2018-07-30,2018-07-30,1,RS,housewares,0.0
base,ridge,2018-07-30,2018-08-06,2,RS,housewares,0.0
base,ridge,2018-07-30,2018-08-13,3,RS,housewares,0.0
base,ridge,2018-07-30,2018-08-20,4,RS,housewares,0.0
base,ridge,2018-07-30,2018-07-30,1,RS,sports_leisure,0.0
base,ridge,2018-07-30,2018-08-06,2,RS,sports_leisure,0.0
base,ridge,2018-07-30,2018-08-13,3,RS,sports_leisure,0.0
base,ridge,2018-07-30,2018-08-20,4,RS,sports_leisure,0.0
base,ridge,2018-07-30,2018-07-30,1,RS,telephony,0.0
base,ridge,2018-07-30,2018-08-06,2,RS,telephony,0.0
base,ridge,2018-07-30,2018-08-13,3,RS,telephony,0.0
base,ridge,2018-07-30,2018-08-20,4,RS,telephony,0.0
base,ridge,2018-07-30,2018-07-30,1,RS,watches_gifts,1.0
base,ridge,2018-07-30,2018-08-06,2,RS,watches_gifts,0.0
base,ridge,2018-07-30,2018-08-13,3,RS,watches_gifts,0.0
base,ridge,2018-07-30,2018-08-20,4,RS,watches_gifts,0.0
base,ridge,2018-07-30,2018-07-30,1,SC,auto,0.0
base,ridge,2018-07-30,2018-08-06,2,SC,auto,0.0
base,ridge,2018-07-30,2018-08-13,3,SC,auto,0.0
base,ridge,2018-07-30,2018-08-20,4,SC,auto,0.0
base,ridge,2018-07-30,2018-07-30,1,SC,bed_bath_table,0.0
base,ridge,2018-07-30,2018-08-06,2,SC,bed_bath_table,0.0
base,ridge,2018-07-30,2018-08-13,3,SC,bed_bath_table,0.0
base,ridge,2018-07-30,2018-08-20,4,SC,bed_bath_table,0.0
base,ridge,2018-07-30,2018-07-30,1,SC,computers_accessories,0.0
base,ridge,2018-07-30,2018-08-06,2,SC,computers_accessories,0.0
base,ridge,2018-07-30,2018-08-13,3,SC,computers_accessories,0.0
base,ridge,2018-07-30,2018-08-20,4,SC,computers_accessories,0.0
base,ridge,2018-07-30,2018-07-30,1,SC,furniture_decor,0.0
base,ridge,2018-07-30,2018-08-06,2,SC,furniture_decor,0.0
base,ridge,2018-07-30,2018-08-13,3,SC,furniture_decor,0.0
base,ridge,2018-07-30,2018-08-20,4,SC,furniture_decor,0.0
base,ridge,2018-07-30,2018-07-30,1,SC,garden_tools,0.0
base,ridge,2018-07-30,2018-08-06,2,SC,garden_tools,0.0
base,ridge,2018-07-30,2018-08-13,3,SC,garden_tools,0.0
base,ridge,2018-07-30,2018-08-20,4,SC,garden_tools,0.0
base,ridge,2018-07-30,2018-07-30,1,SC,health_beauty,0.0
base,ridge,2018-07-30,2018-08-06,2,SC,health_beauty,0.0
base,ridge,2018-07-30,2018-08-13,3,SC,health_beauty,0.0
base,ridge,2018-07-30,2018-08-20,4,SC,health_beauty,0.0
base,ridge,2018-07-30,2018-07-30,1,SC,housewares,0.0
base,ridge,2018-07-30,2018-08-06,2,SC,housewares,0.0
base,ridge,2018-07-30,2018-08-13,3,SC,housewares,0.0
base,ridge,2018-07-30,2018-08-20,4,SC,housewares,0.0
base,ridge,2018-07-30,2018-07-30,1,SC,sports_leisure,0.0
base,ridge,2018-07-30,2018-08-06,2,SC,sports_leisure,0.0
base,ridge,2018-07-30,2018-08-13,3,SC,sports_leisure,0.0
base,ridge,2018-07-30,2018-08-20,4,SC,sports_leisure,0.0
base,ridge,2018-07-30,2018-07-30,1,SC,telephony,0.0
base,ridge,2018-07-30,2018-08-06,2,SC,telephony,0.0
base,ridge,2018-07-30,2018-08-13,3,SC,telephony,0.0
base,ridge,2018-07-30,2018-08-20,4,SC,telephony,0.0
base,ridge,2018-07-30,2018-07-30,1,SC,watches_gifts,6.0
base,ridge,2018-07-30,2018-08-06,2,SC,watches_gifts,0.0
base,ridge,2018-07-30,2018-08-13,3,SC,watches_gifts,0.0
base,ridge,2018-07-30,2018-08-20,4,SC,watches_gifts,0.0
base,ridge,2018-07-30,2018-07-30,1,SP,auto,0.0
base,ridge,2018-07-30,2018-08-06,2,SP,auto,0.0
base,ridge,2018-07-30,2018-08-13,3,SP,auto,0.0
base,ridge,2018-07-30,2018-08-20,4,SP,auto,0.0
base,ridge,2018-07-30,2018-07-30,1,SP,bed_bath_table,9.0
base,ridge,2018-07-30,2018-08-06,2,SP,bed_bath_table,0.0
base,ridge,2018-07-30,2018-08-13,3,SP,bed_bath_table,0.0
base,ridge,2018-07-30,2018-08-20,4,SP,bed_bath_table,0.0
base,ridge,2018-07-30,2018-07-30,1,SP,computers_accessories,0.0
base,ridge,2018-07-30,2018-08-06,2,SP,computers_accessories,0.0
base,ridge,2018-07-30,2018-08-13,3,SP,computers_accessories,0.0
base,ridge,2018-07-30,2018-08-20,4,SP,computers_accessories,0.0
base,ridge,2018-07-30,2018-07-30,1,SP,furniture_decor,0.0
base,ridge,2018-07-30,2018-08-06,2,SP,furniture_decor,0.0
base,ridge,2018-07-30,2018-08-13,3,SP,furniture_decor,0.0
base,ridge,2018-07-30,2018-08-20,4,SP,furniture_decor,0.0
base,ridge,2018-07-30,2018-07-30,1,SP,garden_tools,0.0
base,ridge,2018-07-30,2018-08-06,2,SP,garden_tools,0.0
base,ridge,2018-07-30,2018-08-13,3,SP,garden_tools,0.0
base,ridge,2018-07-30,2018-08-20,4,SP,garden_tools,0.0
base,ridge,2018-07-30,2018-07-30,1,SP,health_beauty,6.0
base,ridge,2018-07-30,2018-08-06,2,SP,health_beauty,0.0
base,ridge,2018-07-30,2018-08-13,3,SP,health_beauty,0.0
base,ridge,2018-07-30,2018-08-20,4,SP,health_beauty,0.0
base,ridge,2018-07-30,2018-07-30,1,SP,housewares,0.0
base,ridge,2018-07-30,2018-08-06,2,SP,housewares,0.0
base,ridge,2018-07-30,2018-08-13,3,SP,housewares,0.0
base,ridge,2018-07-30,2018-08-20,4,SP,housewares,0.0
base,ridge,2018-07-30,2018-07-30,1,SP,sports_leisure,0.0
base,ridge,2018-07-30,2018-08-06,2,SP,sports_leisure,0.0
base,ridge,2018-07-30,2018-08-13,3,SP,sports_leisure,0.0
base,ridge,2018-07-30,2018-08-20,4,SP,sports_leisure,0.0
base,ridge,2018-07-30,2018-07-30,1,SP,telephony,0.0
base,ridge,2018-07-30,2018-08-06,2,SP,telephony,0.0
base,ridge,2018-07-30,2018-08-13,3,SP,telephony,0.0
base,ridge,2018-07-30,2018-08-20,4,SP,telephony,0.0
base,ridge,2018-07-30,2018-07-30,1,SP,watches_gifts,9.0
base,ridge,2018-07-30,2018-08-06,2,SP,watches_gifts,0.0
base,ridge,2018-07-30,2018-08-13,3,SP,watches_gifts,0.0
base,ridge,2018-07-30,2018-08-20,4,SP,watches_gifts,0.0
base,ridge,2018-08-06,2018-08-06,1,MG,auto,0.0
base,ridge,2018-08-06,2018-08-13,2,MG,auto,0.0
base,ridge,2018-08-06,2018-08-20,3,MG,auto,0.0
base,ridge,2018-08-06,2018-08-27,4,MG,auto,0.0
base,ridge,2018-08-06,2018-08-06,1,MG,bed_bath_table,0.0
base,ridge,2018-08-06,2018-08-13,2,MG,bed_bath_table,0.0
base,ridge,2018-08-06,2018-08-20,3,MG,bed_bath_table,0.0
base,ridge,2018-08-06,2018-08-27,4,MG,bed_bath_table,0.0
base,ridge,2018-08-06,2018-08-06,1,MG,computers_accessories,0.0
base,ridge,2018-08-06,2018-08-13,2,MG,computers_accessories,0.0
base,ridge,2018-08-06,2018-08-20,3,MG,computers_accessories,0.0
base,ridge,2018-08-06,2018-08-27,4,MG,computers_accessories,0.0
base,ridge,2018-08-06,2018-08-06,1,MG,furniture_decor,0.0
base,ridge,2018-08-06,2018-08-13,2,MG,furniture_decor,0.0
base,ridge,2018-08-06,2018-08-20,3,MG,furniture_decor,0.0
base,ridge,2018-08-06,2018-08-27,4,MG,furniture_decor,0.0
base,ridge,2018-08-06,2018-08-06,1,MG,garden_tools,0.0
base,ridge,2018-08-06,2018-08-13,2,MG,garden_tools,0.0
base,ridge,2018-08-06,2018-08-20,3,MG,garden_tools,0.0
base,ridge,2018-08-06,2018-08-27,4,MG,garden_tools,0.0
base,ridge,2018-08-06,2018-08-06,1,MG,health_beauty,0.0
base,ridge,2018-08-06,2018-08-13,2,MG,health_beauty,0.0
base,ridge,2018-08-06,2018-08-20,3,MG,health_beauty,0.0
base,ridge,2018-08-06,2018-08-27,4,MG,health_beauty,0.0
base,ridge,2018-08-06,2018-08-06,1,MG,housewares,0.0
base,ridge,2018-08-06,2018-08-13,2,MG,housewares,0.0
base,ridge,2018-08-06,2018-08-20,3,MG,housewares,0.0
base,ridge,2018-08-06,2018-08-27,4,MG,housewares,0.0
base,ridge,2018-08-06,2018-08-06,1,MG,sports_leisure,0.0
base,ridge,2018-08-06,2018-08-13,2,MG,sports_leisure,0.0
base,ridge,2018-08-06,2018-08-20,3,MG,sports_leisure,0.0
base,ridge,2018-08-06,2018-08-27,4,MG,sports_leisure,0.0
base,ridge,2018-08-06,2018-08-06,1,MG,telephony,0.0
base,ridge,2018-08-06,2018-08-13,2,MG,telephony,0.0
base,ridge,2018-08-06,2018-08-20,3,MG,telephony,0.0
base,ridge,2018-08-06,2018-08-27,4,MG,telephony,0.0
base,ridge,2018-08-06,2018-08-06,1,MG,watches_gifts,0.0
base,ridge,2018-08-06,2018-08-13,2,MG,watches_gifts,0.0
base,ridge,2018-08-06,2018-08-20,3,MG,watches_gifts,0.0
base,ridge,2018-08-06,2018-08-27,4,MG,watches_gifts,0.0
base,ridge,2018-08-06,2018-08-06,1,PR,auto,0.0
base,ridge,2018-08-06,2018-08-13,2,PR,auto,0.0
base,ridge,2018-08-06,2018-08-20,3,PR,auto,0.0
base,ridge,2018-08-06,2018-08-27,4,PR,auto,0.0
base,ridge,2018-08-06,2018-08-06,1,PR,bed_bath_table,0.0
base,ridge,2018-08-06,2018-08-13,2,PR,bed_bath_table,0.0
base,ridge,2018-08-06,2018-08-20,3,PR,bed_bath_table,0.0
base,ridge,2018-08-06,2018-08-27,4,PR,bed_bath_table,0.0
base,ridge,2018-08-06,2018-08-06,1,PR,computers_accessories,0.0
base,ridge,2018-08-06,2018-08-13,2,PR,computers_accessories,0.0
base,ridge,2018-08-06,2018-08-20,3,PR,computers_accessories,0.0
base,ridge,2018-08-06,2018-08-27,4,PR,computers_accessories,0.0
base,ridge,2018-08-06,2018-08-06,1,PR,furniture_decor,0.0
base,ridge,2018-08-06,2018-08-13,2,PR,furniture_decor,0.0
base,ridge,2018-08-06,2018-08-20,3,PR,furniture_decor,0.0
base,ridge,2018-08-06,2018-08-27,4,PR,furniture_decor,0.0
base,ridge,2018-08-06,2018-08-06,1,PR,garden_tools,0.0
base,ridge,2018-08-06,2018-08-13,2,PR,garden_tools,0.0
base,ridge,2018-08-06,2018-08-20,3,PR,garden_tools,0.0
base,ridge,2018-08-06,2018-08-27,4,PR,garden_tools,0.0
base,ridge,2018-08-06,2018-08-06,1,PR,health_beauty,0.0
base,ridge,2018-08-06,2018-08-13,2,PR,health_beauty,0.0
base,ridge,2018-08-06,2018-08-20,3,PR,health_beauty,0.0
base,ridge,2018-08-06,2018-08-27,4,PR,health_beauty,0.0
base,ridge,2018-08-06,2018-08-06,1,PR,housewares,0.0
base,ridge,2018-08-06,2018-08-13,2,PR,housewares,0.0
base,ridge,2018-08-06,2018-08-20,3,PR,housewares,0.0
base,ridge,2018-08-06,2018-08-27,4,PR,housewares,0.0
base,ridge,2018-08-06,2018-08-06,1,PR,sports_leisure,0.0
base,ridge,2018-08-06,2018-08-13,2,PR,sports_leisure,0.0
base,ridge,2018-08-06,2018-08-20,3,PR,sports_leisure,0.0
base,ridge,2018-08-06,2018-08-27,4,PR,sports_leisure,0.0
base,ridge,2018-08-06,2018-08-06,1,PR,telephony,0.0
base,ridge,2018-08-06,2018-08-13,2,PR,telephony,0.0
base,ridge,2018-08-06,2018-08-20,3,PR,telephony,0.0
base,ridge,2018-08-06,2018-08-27,4,PR,telephony,0.0
base,ridge,2018-08-06,2018-08-06,1,PR,watches_gifts,0.0
base,ridge,2018-08-06,2018-08-13,2,PR,watches_gifts,0.0
base,ridge,2018-08-06,2018-08-20,3,PR,watches_gifts,0.0
base,ridge,2018-08-06,2018-08-27,4,PR,watches_gifts,0.0
base,ridge,2018-08-06,2018-08-06,1,RJ,auto,0.0
base,ridge,2018-08-06,2018-08-13,2,RJ,auto,0.0
base,ridge,2018-08-06,2018-08-20,3,RJ,auto,0.0
base,ridge,2018-08-06,2018-08-27,4,RJ,auto,0.0
base,ridge,2018-08-06,2018-08-06,1,RJ,bed_bath_table,0.0
base,ridge,2018-08-06,2018-08-13,2,RJ,bed_bath_table,0.0
base,ridge,2018-08-06,2018-08-20,3,RJ,bed_bath_table,0.0
base,ridge,2018-08-06,2018-08-27,4,RJ,bed_bath_table,0.0
base,ridge,2018-08-06,2018-08-06,1,RJ,computers_accessories,0.0
base,ridge,2018-08-06,2018-08-13,2,RJ,computers_accessories,0.0
base,ridge,2018-08-06,2018-08-20,3,RJ,computers_accessories,0.0
base,ridge,2018-08-06,2018-08-27,4,RJ,computers_accessories,0.0
base,ridge,2018-08-06,2018-08-06,1,RJ,furniture_decor,0.0
base,ridge,2018-08-06,2018-08-13,2,RJ,furniture_decor,0.0
base,ridge,2018-08-06,2018-08-20,3,RJ,furniture_decor,0.0
base,ridge,2018-08-06,2018-08-27,4,RJ,furniture_decor,0.0
base,ridge,2018-08-06,2018-08-06,1,RJ,garden_tools,0.0
base,ridge,2018-08-06,2018-08-13,2,RJ,garden_tools,0.0
base,ridge,2018-08-06,2018-08-20,3,RJ,garden_tools,0.0
base,ridge,2018-08-06,2018-08-27,4,RJ,garden_tools,0.0
base,ridge,2018-08-06,2018-08-06,1,RJ,health_beauty,0.0
base,ridge,2018-08-06,2018-08-13,2,RJ,health_beauty,0.0
base,ridge,2018-08-06,2018-08-20,3,RJ,health_beauty,0.0
base,ridge,2018-08-06,2018-08-27,4,RJ,health_beauty,0.0
base,ridge,2018-08-06,2018-08-06,1,RJ,housewares,0.0
base,ridge,2018-08-06,2018-08-13,2,RJ,housewares,0.0
base,ridge,2018-08-06,2018-08-20,3,RJ,housewares,0.0
base,ridge,2018-08-06,2018-08-27,4,RJ,housewares,0.0
base,ridge,2018-08-06,2018-08-06,1,RJ,sports_leisure,0.0
base,ridge,2018-08-06,2018-08-13,2,RJ,sports_leisure,0.0
base,ridge,2018-08-06,2018-08-20,3,RJ,sports_leisure,0.0
base,ridge,2018-08-06,2018-08-27,4,RJ,sports_leisure,0.0
base,ridge,2018-08-06,2018-08-06,1,RJ,telephony,0.0
base,ridge,2018-08-06,2018-08-13,2,RJ,telephony,0.0
base,ridge,2018-08-06,2018-08-20,3,RJ,telephony,0.0
base,ridge,2018-08-06,2018-08-27,4,RJ,telephony,0.0
base,ridge,2018-08-06,2018-08-06,1,RJ,watches_gifts,0.0
base,ridge,2018-08-06,2018-08-13,2,RJ,watches_gifts,0.0
base,ridge,2018-08-06,2018-08-20,3,RJ,watches_gifts,0.0
base,ridge,2018-08-06,2018-08-27,4,RJ,watches_gifts,0.0
base,ridge,2018-08-06,2018-08-06,1,RS,auto,0.0
base,ridge,2018-08-06,2018-08-13,2,RS,auto,0.0
base,ridge,2018-08-06,2018-08-20,3,RS,auto,0.0
base,ridge,2018-08-06,2018-08-27,4,RS,auto,0.0
base,ridge,2018-08-06,2018-08-06,1,RS,bed_bath_table,0.0
base,ridge,2018-08-06,2018-08-13,2,RS,bed_bath_table,1.0
base,ridge,2018-08-06,2018-08-20,3,RS,bed_bath_table,1.0
base,ridge,2018-08-06,2018-08-27,4,RS,bed_bath_table,0.0
base,ridge,2018-08-06,2018-08-06,1,RS,computers_accessories,0.0
base,ridge,2018-08-06,2018-08-13,2,RS,computers_accessories,0.0
base,ridge,2018-08-06,2018-08-20,3,RS,computers_accessories,0.0
base,ridge,2018-08-06,2018-08-27,4,RS,computers_accessories,0.0
base,ridge,2018-08-06,2018-08-06,1,RS,furniture_decor,0.0
base,ridge,2018-08-06,2018-08-13,2,RS,furniture_decor,0.0
base,ridge,2018-08-06,2018-08-20,3,RS,furniture_decor,0.0
base,ridge,2018-08-06,2018-08-27,4,RS,furniture_decor,0.0
base,ridge,2018-08-06,2018-08-06,1,RS,garden_tools,1.0
base,ridge,2018-08-06,2018-08-13,2,RS,garden_tools,0.0
base,ridge,2018-08-06,2018-08-20,3,RS,garden_tools,0.0
base,ridge,2018-08-06,2018-08-27,4,RS,garden_tools,0.0
base,ridge,2018-08-06,2018-08-06,1,RS,health_beauty,0.0
base,ridge,2018-08-06,2018-08-13,2,RS,health_beauty,0.0
base,ridge,2018-08-06,2018-08-20,3,RS,health_beauty,0.0
base,ridge,2018-08-06,2018-08-27,4,RS,health_beauty,0.0
base,ridge,2018-08-06,2018-08-06,1,RS,housewares,0.0
base,ridge,2018-08-06,2018-08-13,2,RS,housewares,0.0
base,ridge,2018-08-06,2018-08-20,3,RS,housewares,0.0
base,ridge,2018-08-06,2018-08-27,4,RS,housewares,0.0
base,ridge,2018-08-06,2018-08-06,1,RS,sports_leisure,0.0
base,ridge,2018-08-06,2018-08-13,2,RS,sports_leisure,0.0
base,ridge,2018-08-06,2018-08-20,3,RS,sports_leisure,0.0
base,ridge,2018-08-06,2018-08-27,4,RS,sports_leisure,0.0
base,ridge,2018-08-06,2018-08-06,1,RS,telephony,0.0
base,ridge,2018-08-06,2018-08-13,2,RS,telephony,0.0
base,ridge,2018-08-06,2018-08-20,3,RS,telephony,0.0
base,ridge,2018-08-06,2018-08-27,4,RS,telephony,0.0
base,ridge,2018-08-06,2018-08-06,1,RS,watches_gifts,0.0
base,ridge,2018-08-06,2018-08-13,2,RS,watches_gifts,0.0
base,ridge,2018-08-06,2018-08-20,3,RS,watches_gifts,0.0
base,ridge,2018-08-06,2018-08-27,4,RS,watches_gifts,0.0
base,ridge,2018-08-06,2018-08-06,1,SC,auto,0.0
base,ridge,2018-08-06,2018-08-13,2,SC,auto,0.0
base,ridge,2018-08-06,2018-08-20,3,SC,auto,0.0
base,ridge,2018-08-06,2018-08-27,4,SC,auto,0.0
base,ridge,2018-08-06,2018-08-06,1,SC,bed_bath_table,0.0
base,ridge,2018-08-06,2018-08-13,2,SC,bed_bath_table,0.0
base,ridge,2018-08-06,2018-08-20,3,SC,bed_bath_table,0.0
base,ridge,2018-08-06,2018-08-27,4,SC,bed_bath_table,0.0
base,ridge,2018-08-06,2018-08-06,1,SC,computers_accessories,0.0
base,ridge,2018-08-06,2018-08-13,2,SC,computers_accessories,0.0
base,ridge,2018-08-06,2018-08-20,3,SC,computers_accessories,0.0
base,ridge,2018-08-06,2018-08-27,4,SC,computers_accessories,0.0
base,ridge,2018-08-06,2018-08-06,1,SC,furniture_decor,0.0
base,ridge,2018-08-06,2018-08-13,2,SC,furniture_decor,0.0
base,ridge,2018-08-06,2018-08-20,3,SC,furniture_decor,0.0
base,ridge,2018-08-06,2018-08-27,4,SC,furniture_decor,0.0
base,ridge,2018-08-06,2018-08-06,1,SC,garden_tools,1.0
base,ridge,2018-08-06,2018-08-13,2,SC,garden_tools,0.0
base,ridge,2018-08-06,2018-08-20,3,SC,garden_tools,0.0
base,ridge,2018-08-06,2018-08-27,4,SC,garden_tools,0.0
base,ridge,2018-08-06,2018-08-06,1,SC,health_beauty,0.0
base,ridge,2018-08-06,2018-08-13,2,SC,health_beauty,0.0
base,ridge,2018-08-06,2018-08-20,3,SC,health_beauty,0.0
base,ridge,2018-08-06,2018-08-27,4,SC,health_beauty,0.0
base,ridge,2018-08-06,2018-08-06,1,SC,housewares,0.0
base,ridge,2018-08-06,2018-08-13,2,SC,housewares,0.0
base,ridge,2018-08-06,2018-08-20,3,SC,housewares,0.0
base,ridge,2018-08-06,2018-08-27,4,SC,housewares,0.0
base,ridge,2018-08-06,2018-08-06,1,SC,sports_leisure,0.0
base,ridge,2018-08-06,2018-08-13,2,SC,sports_leisure,0.0
base,ridge,2018-08-06,2018-08-20,3,SC,sports_leisure,0.0
base,ridge,2018-08-06,2018-08-27,4,SC,sports_leisure,0.0
base,ridge,2018-08-06,2018-08-06,1,SC,telephony,0.0
base,ridge,2018-08-06,2018-08-13,2,SC,telephony,0.0
base,ridge,2018-08-06,2018-08-20,3,SC,telephony,0.0
base,ridge,2018-08-06,2018-08-27,4,SC,telephony,0.0
base,ridge,2018-08-06,2018-08-06,1,SC,watches_gifts,0.0
base,ridge,2018-08-06,2018-08-13,2,SC,watches_gifts,0.0
base,ridge,2018-08-06,2018-08-20,3,SC,watches_gifts,0.0
base,ridge,2018-08-06,2018-08-27,4,SC,watches_gifts,0.0
base,ridge,2018-08-06,2018-08-06,1,SP,auto,0.0
base,ridge,2018-08-06,2018-08-13,2,SP,auto,0.0
base,ridge,2018-08-06,2018-08-20,3,SP,auto,0.0
base,ridge,2018-08-06,2018-08-27,4,SP,auto,0.0
base,ridge,2018-08-06,2018-08-06,1,SP,bed_bath_table,0.0
base,ridge,2018-08-06,2018-08-13,2,SP,bed_bath_table,0.0
base,ridge,2018-08-06,2018-08-20,3,SP,bed_bath_table,0.0
base,ridge,2018-08-06,2018-08-27,4,SP,bed_bath_table,0.0
base,ridge,2018-08-06,2018-08-06,1,SP,computers_accessories,0.0
base,ridge,2018-08-06,2018-08-13,2,SP,computers_accessories,0.0
base,ridge,2018-08-06,2018-08-20,3,SP,computers_accessories,0.0
base,ridge,2018-08-06,2018-08-27,4,SP,computers_accessories,0.0
base,ridge,2018-08-06,2018-08-06,1,SP,furniture_decor,0.0
base,ridge,2018-08-06,2018-08-13,2,SP,furniture_decor,0.0
base,ridge,2018-08-06,2018-08-20,3,SP,furniture_decor,0.0
base,ridge,2018-08-06,2018-08-27,4,SP,furniture_decor,0.0
base,ridge,2018-08-06,2018-08-06,1,SP,garden_tools,30.0
base,ridge,2018-08-06,2018-08-13,2,SP,garden_tools,0.0
base,ridge,2018-08-06,2018-08-20,3,SP,garden_tools,0.0
base,ridge,2018-08-06,2018-08-27,4,SP,garden_tools,0.0
base,ridge,2018-08-06,2018-08-06,1,SP,health_beauty,0.0
base,ridge,2018-08-06,2018-08-13,2,SP,health_beauty,0.0
base,ridge,2018-08-06,2018-08-20,3,SP,health_beauty,0.0
base,ridge,2018-08-06,2018-08-27,4,SP,health_beauty,0.0
base,ridge,2018-08-06,2018-08-06,1,SP,housewares,0.0
base,ridge,2018-08-06,2018-08-13,2,SP,housewares,0.0
base,ridge,2018-08-06,2018-08-20,3,SP,housewares,0.0
base,ridge,2018-08-06,2018-08-27,4,SP,housewares,0.0
base,ridge,2018-08-06,2018-08-06,1,SP,sports_leisure,0.0
base,ridge,2018-08-06,2018-08-13,2,SP,sports_leisure,0.0
base,ridge,2018-08-06,2018-08-20,3,SP,sports_leisure,0.0
base,ridge,2018-08-06,2018-08-27,4,SP,sports_leisure,0.0
base,ridge,2018-08-06,2018-08-06,1,SP,telephony,0.0
base,ridge,2018-08-06,2018-08-13,2,SP,telephony,0.0
base,ridge,2018-08-06,2018-08-20,3,SP,telephony,0.0
base,ridge,2018-08-06,2018-08-27,4,SP,telephony,0.0
base,ridge,2018-08-06,2018-08-06,1,SP,watches_gifts,0.0
base,ridge,2018-08-06,2018-08-13,2,SP,watches_gifts,0.0
base,ridge,2018-08-06,2018-08-20,3,SP,watches_gifts,0.0
base,ridge,2018-08-06,2018-08-27,4,SP,watches_gifts,0.0
base,ridge,2018-08-13,2018-08-13,1,MG,auto,0.0
base,ridge,2018-08-13,2018-08-20,2,MG,auto,0.0
base,ridge,2018-08-13,2018-08-27,3,MG,auto,0.0
base,ridge,2018-08-13,2018-09-03,4,MG,auto,0.0
base,ridge,2018-08-13,2018-08-13,1,MG,bed_bath_table,0.0
base,ridge,2018-08-13,2018-08-20,2,MG,bed_bath_table,0.0
base,ridge,2018-08-13,2018-08-27,3,MG,bed_bath_table,0.0
base,ridge,2018-08-13,2018-09-03,4,MG,bed_bath_table,0.0
base,ridge,2018-08-13,2018-08-13,1,MG,computers_accessories,1.0
base,ridge,2018-08-13,2018-08-20,2,MG,computers_accessories,0.0
base,ridge,2018-08-13,2018-08-27,3,MG,computers_accessories,0.0
base,ridge,2018-08-13,2018-09-03,4,MG,computers_accessories,0.0
base,ridge,2018-08-13,2018-08-13,1,MG,furniture_decor,0.0
base,ridge,2018-08-13,2018-08-20,2,MG,furniture_decor,0.0
base,ridge,2018-08-13,2018-08-27,3,MG,furniture_decor,0.0
base,ridge,2018-08-13,2018-09-03,4,MG,furniture_decor,0.0
base,ridge,2018-08-13,2018-08-13,1,MG,garden_tools,0.0
base,ridge,2018-08-13,2018-08-20,2,MG,garden_tools,0.0
base,ridge,2018-08-13,2018-08-27,3,MG,garden_tools,0.0
base,ridge,2018-08-13,2018-09-03,4,MG,garden_tools,0.0
base,ridge,2018-08-13,2018-08-13,1,MG,health_beauty,0.0
base,ridge,2018-08-13,2018-08-20,2,MG,health_beauty,0.0
base,ridge,2018-08-13,2018-08-27,3,MG,health_beauty,0.0
base,ridge,2018-08-13,2018-09-03,4,MG,health_beauty,0.0
base,ridge,2018-08-13,2018-08-13,1,MG,housewares,0.0
base,ridge,2018-08-13,2018-08-20,2,MG,housewares,0.0
base,ridge,2018-08-13,2018-08-27,3,MG,housewares,0.0
base,ridge,2018-08-13,2018-09-03,4,MG,housewares,0.0
base,ridge,2018-08-13,2018-08-13,1,MG,sports_leisure,1.0
base,ridge,2018-08-13,2018-08-20,2,MG,sports_leisure,0.0
base,ridge,2018-08-13,2018-08-27,3,MG,sports_leisure,0.0
base,ridge,2018-08-13,2018-09-03,4,MG,sports_leisure,0.0
base,ridge,2018-08-13,2018-08-13,1,MG,telephony,0.0
base,ridge,2018-08-13,2018-08-20,2,MG,telephony,0.0
base,ridge,2018-08-13,2018-08-27,3,MG,telephony,0.0
base,ridge,2018-08-13,2018-09-03,4,MG,telephony,0.0
base,ridge,2018-08-13,2018-08-13,1,MG,watches_gifts,0.0
base,ridge,2018-08-13,2018-08-20,2,MG,watches_gifts,0.0
base,ridge,2018-08-13,2018-08-27,3,MG,watches_gifts,0.0
base,ridge,2018-08-13,2018-09-03,4,MG,watches_gifts,0.0
base,ridge,2018-08-13,2018-08-13,1,PR,auto,0.0
base,ridge,2018-08-13,2018-08-20,2,PR,auto,0.0
base,ridge,2018-08-13,2018-08-27,3,PR,auto,0.0
base,ridge,2018-08-13,2018-09-03,4,PR,auto,0.0
base,ridge,2018-08-13,2018-08-13,1,PR,bed_bath_table,0.0
base,ridge,2018-08-13,2018-08-20,2,PR,bed_bath_table,0.0
base,ridge,2018-08-13,2018-08-27,3,PR,bed_bath_table,0.0
base,ridge,2018-08-13,2018-09-03,4,PR,bed_bath_table,0.0
base,ridge,2018-08-13,2018-08-13,1,PR,computers_accessories,0.0
base,ridge,2018-08-13,2018-08-20,2,PR,computers_accessories,0.0
base,ridge,2018-08-13,2018-08-27,3,PR,computers_accessories,0.0
base,ridge,2018-08-13,2018-09-03,4,PR,computers_accessories,0.0
base,ridge,2018-08-13,2018-08-13,1,PR,furniture_decor,0.0
base,ridge,2018-08-13,2018-08-20,2,PR,furniture_decor,0.0
base,ridge,2018-08-13,2018-08-27,3,PR,furniture_decor,0.0
base,ridge,2018-08-13,2018-09-03,4,PR,furniture_decor,0.0
base,ridge,2018-08-13,2018-08-13,1,PR,garden_tools,0.0
base,ridge,2018-08-13,2018-08-20,2,PR,garden_tools,0.0
base,ridge,2018-08-13,2018-08-27,3,PR,garden_tools,0.0
base,ridge,2018-08-13,2018-09-03,4,PR,garden_tools,0.0
base,ridge,2018-08-13,2018-08-13,1,PR,health_beauty,0.0
base,ridge,2018-08-13,2018-08-20,2,PR,health_beauty,0.0
base,ridge,2018-08-13,2018-08-27,3,PR,health_beauty,0.0
base,ridge,2018-08-13,2018-09-03,4,PR,health_beauty,0.0
base,ridge,2018-08-13,2018-08-13,1,PR,housewares,0.0
base,ridge,2018-08-13,2018-08-20,2,PR,housewares,0.0
base,ridge,2018-08-13,2018-08-27,3,PR,housewares,0.0
base,ridge,2018-08-13,2018-09-03,4,PR,housewares,0.0
base,ridge,2018-08-13,2018-08-13,1,PR,sports_leisure,0.0
base,ridge,2018-08-13,2018-08-20,2,PR,sports_leisure,0.0
base,ridge,2018-08-13,2018-08-27,3,PR,sports_leisure,0.0
base,ridge,2018-08-13,2018-09-03,4,PR,sports_leisure,0.0
base,ridge,2018-08-13,2018-08-13,1,PR,telephony,0.0
base,ridge,2018-08-13,2018-08-20,2,PR,telephony,0.0
base,ridge,2018-08-13,2018-08-27,3,PR,telephony,0.0
base,ridge,2018-08-13,2018-09-03,4,PR,telephony,0.0
base,ridge,2018-08-13,2018-08-13,1,PR,watches_gifts,0.0
base,ridge,2018-08-13,2018-08-20,2,PR,watches_gifts,0.0
base,ridge,2018-08-13,2018-08-27,3,PR,watches_gifts,0.0
base,ridge,2018-08-13,2018-09-03,4,PR,watches_gifts,0.0
base,ridge,2018-08-13,2018-08-13,1,RJ,auto,0.0
base,ridge,2018-08-13,2018-08-20,2,RJ,auto,0.0
base,ridge,2018-08-13,2018-08-27,3,RJ,auto,0.0
base,ridge,2018-08-13,2018-09-03,4,RJ,auto,0.0
base,ridge,2018-08-13,2018-08-13,1,RJ,bed_bath_table,0.0
base,ridge,2018-08-13,2018-08-20,2,RJ,bed_bath_table,0.0
base,ridge,2018-08-13,2018-08-27,3,RJ,bed_bath_table,0.0
base,ridge,2018-08-13,2018-09-03,4,RJ,bed_bath_table,0.0
base,ridge,2018-08-13,2018-08-13,1,RJ,computers_accessories,0.0
base,ridge,2018-08-13,2018-08-20,2,RJ,computers_accessories,0.0
base,ridge,2018-08-13,2018-08-27,3,RJ,computers_accessories,0.0
base,ridge,2018-08-13,2018-09-03,4,RJ,computers_accessories,0.0
base,ridge,2018-08-13,2018-08-13,1,RJ,furniture_decor,0.0
base,ridge,2018-08-13,2018-08-20,2,RJ,furniture_decor,0.0
base,ridge,2018-08-13,2018-08-27,3,RJ,furniture_decor,0.0
base,ridge,2018-08-13,2018-09-03,4,RJ,furniture_decor,0.0
base,ridge,2018-08-13,2018-08-13,1,RJ,garden_tools,2.0
base,ridge,2018-08-13,2018-08-20,2,RJ,garden_tools,1.0
base,ridge,2018-08-13,2018-08-27,3,RJ,garden_tools,0.0
base,ridge,2018-08-13,2018-09-03,4,RJ,garden_tools,0.0
base,ridge,2018-08-13,2018-08-13,1,RJ,health_beauty,0.0
base,ridge,2018-08-13,2018-08-20,2,RJ,health_beauty,0.0
base,ridge,2018-08-13,2018-08-27,3,RJ,health_beauty,0.0
base,ridge,2018-08-13,2018-09-03,4,RJ,health_beauty,0.0
base,ridge,2018-08-13,2018-08-13,1,RJ,housewares,0.0
base,ridge,2018-08-13,2018-08-20,2,RJ,housewares,0.0
base,ridge,2018-08-13,2018-08-27,3,RJ,housewares,0.0
base,ridge,2018-08-13,2018-09-03,4,RJ,housewares,0.0
base,ridge,2018-08-13,2018-08-13,1,RJ,sports_leisure,10.0
base,ridge,2018-08-13,2018-08-20,2,RJ,sports_leisure,0.0
base,ridge,2018-08-13,2018-08-27,3,RJ,sports_leisure,0.0
base,ridge,2018-08-13,2018-09-03,4,RJ,sports_leisure,0.0
base,ridge,2018-08-13,2018-08-13,1,RJ,telephony,0.0
base,ridge,2018-08-13,2018-08-20,2,RJ,telephony,0.0
base,ridge,2018-08-13,2018-08-27,3,RJ,telephony,0.0
base,ridge,2018-08-13,2018-09-03,4,RJ,telephony,0.0
base,ridge,2018-08-13,2018-08-13,1,RJ,watches_gifts,0.0
base,ridge,2018-08-13,2018-08-20,2,RJ,watches_gifts,0.0
base,ridge,2018-08-13,2018-08-27,3,RJ,watches_gifts,0.0
base,ridge,2018-08-13,2018-09-03,4,RJ,watches_gifts,0.0
base,ridge,2018-08-13,2018-08-13,1,RS,auto,0.0
base,ridge,2018-08-13,2018-08-20,2,RS,auto,0.0
base,ridge,2018-08-13,2018-08-27,3,RS,auto,0.0
base,ridge,2018-08-13,2018-09-03,4,RS,auto,0.0
base,ridge,2018-08-13,2018-08-13,1,RS,bed_bath_table,0.0
base,ridge,2018-08-13,2018-08-20,2,RS,bed_bath_table,1.0
base,ridge,2018-08-13,2018-08-27,3,RS,bed_bath_table,1.0
base,ridge,2018-08-13,2018-09-03,4,RS,bed_bath_table,0.0
base,ridge,2018-08-13,2018-08-13,1,RS,computers_accessories,0.0
base,ridge,2018-08-13,2018-08-20,2,RS,computers_accessories,0.0
base,ridge,2018-08-13,2018-08-27,3,RS,computers_accessories,0.0
base,ridge,2018-08-13,2018-09-03,4,RS,computers_accessories,0.0
base,ridge,2018-08-13,2018-08-13,1,RS,furniture_decor,0.0
base,ridge,2018-08-13,2018-08-20,2,RS,furniture_decor,0.0
base,ridge,2018-08-13,2018-08-27,3,RS,furniture_decor,0.0
base,ridge,2018-08-13,2018-09-03,4,RS,furniture_decor,0.0
base,ridge,2018-08-13,2018-08-13,1,RS,garden_tools,1.0
base,ridge,2018-08-13,2018-08-20,2,RS,garden_tools,0.0
base,ridge,2018-08-13,2018-08-27,3,RS,garden_tools,0.0
base,ridge,2018-08-13,2018-09-03,4,RS,garden_tools,0.0
base,ridge,2018-08-13,2018-08-13,1,RS,health_beauty,0.0
base,ridge,2018-08-13,2018-08-20,2,RS,health_beauty,0.0
base,ridge,2018-08-13,2018-08-27,3,RS,health_beauty,0.0
base,ridge,2018-08-13,2018-09-03,4,RS,health_beauty,0.0
base,ridge,2018-08-13,2018-08-13,1,RS,housewares,0.0
base,ridge,2018-08-13,2018-08-20,2,RS,housewares,0.0
base,ridge,2018-08-13,2018-08-27,3,RS,housewares,0.0
base,ridge,2018-08-13,2018-09-03,4,RS,housewares,0.0
base,ridge,2018-08-13,2018-08-13,1,RS,sports_leisure,0.0
base,ridge,2018-08-13,2018-08-20,2,RS,sports_leisure,0.0
base,ridge,2018-08-13,2018-08-27,3,RS,sports_leisure,0.0
base,ridge,2018-08-13,2018-09-03,4,RS,sports_leisure,0.0
base,ridge,2018-08-13,2018-08-13,1,RS,telephony,0.0
base,ridge,2018-08-13,2018-08-20,2,RS,telephony,0.0
base,ridge,2018-08-13,2018-08-27,3,RS,telephony,0.0
base,ridge,2018-08-13,2018-09-03,4,RS,telephony,0.0
base,ridge,2018-08-13,2018-08-13,1,RS,watches_gifts,0.0
base,ridge,2018-08-13,2018-08-20,2,RS,watches_gifts,0.0
base,ridge,2018-08-13,2018-08-27,3,RS,watches_gifts,0.0
base,ridge,2018-08-13,2018-09-03,4,RS,watches_gifts,0.0
base,ridge,2018-08-13,2018-08-13,1,SC,auto,0.0
base,ridge,2018-08-13,2018-08-20,2,SC,auto,0.0
base,ridge,2018-08-13,2018-08-27,3,SC,auto,0.0
base,ridge,2018-08-13,2018-09-03,4,SC,auto,0.0
base,ridge,2018-08-13,2018-08-13,1,SC,bed_bath_table,0.0
base,ridge,2018-08-13,2018-08-20,2,SC,bed_bath_table,0.0
base,ridge,2018-08-13,2018-08-27,3,SC,bed_bath_table,0.0
base,ridge,2018-08-13,2018-09-03,4,SC,bed_bath_table,0.0
base,ridge,2018-08-13,2018-08-13,1,SC,computers_accessories,0.0
base,ridge,2018-08-13,2018-08-20,2,SC,computers_accessories,0.0
base,ridge,2018-08-13,2018-08-27,3,SC,computers_accessories,0.0
base,ridge,2018-08-13,2018-09-03,4,SC,computers_accessories,0.0
base,ridge,2018-08-13,2018-08-13,1,SC,furniture_decor,0.0
base,ridge,2018-08-13,2018-08-20,2,SC,furniture_decor,0.0
base,ridge,2018-08-13,2018-08-27,3,SC,furniture_decor,0.0
base,ridge,2018-08-13,2018-09-03,4,SC,furniture_decor,0.0
base,ridge,2018-08-13,2018-08-13,1,SC,garden_tools,0.0
base,ridge,2018-08-13,2018-08-20,2,SC,garden_tools,0.0
base,ridge,2018-08-13,2018-08-27,3,SC,garden_tools,0.0
base,ridge,2018-08-13,2018-09-03,4,SC,garden_tools,0.0
base,ridge,2018-08-13,2018-08-13,1,SC,health_beauty,0.0
base,ridge,2018-08-13,2018-08-20,2,SC,health_beauty,0.0
base,ridge,2018-08-13,2018-08-27,3,SC,health_beauty,0.0
base,ridge,2018-08-13,2018-09-03,4,SC,health_beauty,0.0
base,ridge,2018-08-13,2018-08-13,1,SC,housewares,0.0
base,ridge,2018-08-13,2018-08-20,2,SC,housewares,0.0
base,ridge,2018-08-13,2018-08-27,3,SC,housewares,0.0
base,ridge,2018-08-13,2018-09-03,4,SC,housewares,0.0
base,ridge,2018-08-13,2018-08-13,1,SC,sports_leisure,0.0
base,ridge,2018-08-13,2018-08-20,2,SC,sports_leisure,0.0
base,ridge,2018-08-13,2018-08-27,3,SC,sports_leisure,0.0
base,ridge,2018-08-13,2018-09-03,4,SC,sports_leisure,0.0
base,ridge,2018-08-13,2018-08-13,1,SC,telephony,0.0
base,ridge,2018-08-13,2018-08-20,2,SC,telephony,0.0
base,ridge,2018-08-13,2018-08-27,3,SC,telephony,0.0
base,ridge,2018-08-13,2018-09-03,4,SC,telephony,0.0
base,ridge,2018-08-13,2018-08-13,1,SC,watches_gifts,0.0
base,ridge,2018-08-13,2018-08-20,2,SC,watches_gifts,0.0
base,ridge,2018-08-13,2018-08-27,3,SC,watches_gifts,0.0
base,ridge,2018-08-13,2018-09-03,4,SC,watches_gifts,0.0
base,ridge,2018-08-13,2018-08-13,1,SP,auto,0.0
base,ridge,2018-08-13,2018-08-20,2,SP,auto,0.0
base,ridge,2018-08-13,2018-08-27,3,SP,auto,0.0
base,ridge,2018-08-13,2018-09-03,4,SP,auto,0.0
base,ridge,2018-08-13,2018-08-13,1,SP,bed_bath_table,0.0
base,ridge,2018-08-13,2018-08-20,2,SP,bed_bath_table,0.0
base,ridge,2018-08-13,2018-08-27,3,SP,bed_bath_table,0.0
base,ridge,2018-08-13,2018-09-03,4,SP,bed_bath_table,0.0
base,ridge,2018-08-13,2018-08-13,1,SP,computers_accessories,0.0
base,ridge,2018-08-13,2018-08-20,2,SP,computers_accessories,0.0
base,ridge,2018-08-13,2018-08-27,3,SP,computers_accessories,0.0
base,ridge,2018-08-13,2018-09-03,4,SP,computers_accessories,0.0
base,ridge,2018-08-13,2018-08-13,1,SP,furniture_decor,0.0
base,ridge,2018-08-13,2018-08-20,2,SP,furniture_decor,0.0
base,ridge,2018-08-13,2018-08-27,3,SP,furniture_decor,0.0
base,ridge,2018-08-13,2018-09-03,4,SP,furniture_decor,0.0
base,ridge,2018-08-13,2018-08-13,1,SP,garden_tools,0.0
base,ridge,2018-08-13,2018-08-20,2,SP,garden_tools,0.0
base,ridge,2018-08-13,2018-08-27,3,SP,garden_tools,0.0
base,ridge,2018-08-13,2018-09-03,4,SP,garden_tools,0.0
base,ridge,2018-08-13,2018-08-13,1,SP,health_beauty,0.0
base,ridge,2018-08-13,2018-08-20,2,SP,health_beauty,0.0
base,ridge,2018-08-13,2018-08-27,3,SP,health_beauty,0.0
base,ridge,2018-08-13,2018-09-03,4,SP,health_beauty,0.0
base,ridge,2018-08-13,2018-08-13,1,SP,housewares,0.0
base,ridge,2018-08-13,2018-08-20,2,SP,housewares,0.0
base,ridge,2018-08-13,2018-08-27,3,SP,housewares,0.0
base,ridge,2018-08-13,2018-09-03,4,SP,housewares,0.0
base,ridge,2018-08-13,2018-08-13,1,SP,sports_leisure,0.0
base,ridge,2018-08-13,2018-08-20,2,SP,sports_leisure,0.0
base,ridge,2018-08-13,2018-08-27,3,SP,sports_leisure,0.0
base,ridge,2018-08-13,2018-09-03,4,SP,sports_leisure,0.0
base,ridge,2018-08-13,2018-08-13,1,SP,telephony,0.0
base,ridge,2018-08-13,2018-08-20,2,SP,telephony,0.0
base,ridge,2018-08-13,2018-08-27,3,SP,telephony,0.0
base,ridge,2018-08-13,2018-09-03,4,SP,telephony,0.0
base,ridge,2018-08-13,2018-08-13,1,SP,watches_gifts,6.0
base,ridge,2018-08-13,2018-08-20,2,SP,watches_gifts,0.0
base,ridge,2018-08-13,2018-08-27,3,SP,watches_gifts,0.0
base,ridge,2018-08-13,2018-09-03,4,SP,watches_gifts,0.0
base,ridge,2018-08-20,2018-08-20,1,MG,auto,0.0
base,ridge,2018-08-20,2018-08-27,2,MG,auto,0.0
base,ridge,2018-08-20,2018-09-03,3,MG,auto,0.0
base,ridge,2018-08-20,2018-09-10,4,MG,auto,0.0
base,ridge,2018-08-20,2018-08-20,1,MG,bed_bath_table,0.0
base,ridge,2018-08-20,2018-08-27,2,MG,bed_bath_table,0.0
base,ridge,2018-08-20,2018-09-03,3,MG,bed_bath_table,0.0
base,ridge,2018-08-20,2018-09-10,4,MG,bed_bath_table,0.0
base,ridge,2018-08-20,2018-08-20,1,MG,computers_accessories,0.0
base,ridge,2018-08-20,2018-08-27,2,MG,computers_accessories,0.0
base,ridge,2018-08-20,2018-09-03,3,MG,computers_accessories,0.0
base,ridge,2018-08-20,2018-09-10,4,MG,computers_accessories,0.0
base,ridge,2018-08-20,2018-08-20,1,MG,furniture_decor,0.0
base,ridge,2018-08-20,2018-08-27,2,MG,furniture_decor,0.0
base,ridge,2018-08-20,2018-09-03,3,MG,furniture_decor,0.0
base,ridge,2018-08-20,2018-09-10,4,MG,furniture_decor,0.0
base,ridge,2018-08-20,2018-08-20,1,MG,garden_tools,0.0
base,ridge,2018-08-20,2018-08-27,2,MG,garden_tools,0.0
base,ridge,2018-08-20,2018-09-03,3,MG,garden_tools,0.0
base,ridge,2018-08-20,2018-09-10,4,MG,garden_tools,0.0
base,ridge,2018-08-20,2018-08-20,1,MG,health_beauty,0.0
base,ridge,2018-08-20,2018-08-27,2,MG,health_beauty,0.0
base,ridge,2018-08-20,2018-09-03,3,MG,health_beauty,6.0
base,ridge,2018-08-20,2018-09-10,4,MG,health_beauty,0.0
base,ridge,2018-08-20,2018-08-20,1,MG,housewares,0.0
base,ridge,2018-08-20,2018-08-27,2,MG,housewares,0.0
base,ridge,2018-08-20,2018-09-03,3,MG,housewares,0.0
base,ridge,2018-08-20,2018-09-10,4,MG,housewares,0.0
base,ridge,2018-08-20,2018-08-20,1,MG,sports_leisure,0.0
base,ridge,2018-08-20,2018-08-27,2,MG,sports_leisure,0.0
base,ridge,2018-08-20,2018-09-03,3,MG,sports_leisure,0.0
base,ridge,2018-08-20,2018-09-10,4,MG,sports_leisure,0.0
base,ridge,2018-08-20,2018-08-20,1,MG,telephony,0.0
base,ridge,2018-08-20,2018-08-27,2,MG,telephony,0.0
base,ridge,2018-08-20,2018-09-03,3,MG,telephony,0.0
base,ridge,2018-08-20,2018-09-10,4,MG,telephony,0.0
base,ridge,2018-08-20,2018-08-20,1,MG,watches_gifts,0.0
base,ridge,2018-08-20,2018-08-27,2,MG,watches_gifts,0.0
base,ridge,2018-08-20,2018-09-03,3,MG,watches_gifts,0.0
base,ridge,2018-08-20,2018-09-10,4,MG,watches_gifts,0.0
base,ridge,2018-08-20,2018-08-20,1,PR,auto,0.0
base,ridge,2018-08-20,2018-08-27,2,PR,auto,0.0
base,ridge,2018-08-20,2018-09-03,3,PR,auto,0.0
base,ridge,2018-08-20,2018-09-10,4,PR,auto,0.0
base,ridge,2018-08-20,2018-08-20,1,PR,bed_bath_table,0.0
base,ridge,2018-08-20,2018-08-27,2,PR,bed_bath_table,0.0
base,ridge,2018-08-20,2018-09-03,3,PR,bed_bath_table,0.0
base,ridge,2018-08-20,2018-09-10,4,PR,bed_bath_table,0.0
base,ridge,2018-08-20,2018-08-20,1,PR,computers_accessories,0.0
base,ridge,2018-08-20,2018-08-27,2,PR,computers_accessories,0.0
base,ridge,2018-08-20,2018-09-03,3,PR,computers_accessories,0.0
base,ridge,2018-08-20,2018-09-10,4,PR,computers_accessories,0.0
base,ridge,2018-08-20,2018-08-20,1,PR,furniture_decor,16.0
base,ridge,2018-08-20,2018-08-27,2,PR,furniture_decor,0.0
base,ridge,2018-08-20,2018-09-03,3,PR,furniture_decor,0.0
base,ridge,2018-08-20,2018-09-10,4,PR,furniture_decor,0.0
base,ridge,2018-08-20,2018-08-20,1,PR,garden_tools,0.0
base,ridge,2018-08-20,2018-08-27,2,PR,garden_tools,0.0
base,ridge,2018-08-20,2018-09-03,3,PR,garden_tools,0.0
base,ridge,2018-08-20,2018-09-10,4,PR,garden_tools,0.0
base,ridge,2018-08-20,2018-08-20,1,PR,health_beauty,0.0
base,ridge,2018-08-20,2018-08-27,2,PR,health_beauty,0.0
base,ridge,2018-08-20,2018-09-03,3,PR,health_beauty,0.0
base,ridge,2018-08-20,2018-09-10,4,PR,health_beauty,0.0
base,ridge,2018-08-20,2018-08-20,1,PR,housewares,0.0
base,ridge,2018-08-20,2018-08-27,2,PR,housewares,0.0
base,ridge,2018-08-20,2018-09-03,3,PR,housewares,0.0
base,ridge,2018-08-20,2018-09-10,4,PR,housewares,0.0
base,ridge,2018-08-20,2018-08-20,1,PR,sports_leisure,0.0
base,ridge,2018-08-20,2018-08-27,2,PR,sports_leisure,0.0
base,ridge,2018-08-20,2018-09-03,3,PR,sports_leisure,0.0
base,ridge,2018-08-20,2018-09-10,4,PR,sports_leisure,0.0
base,ridge,2018-08-20,2018-08-20,1,PR,telephony,0.0
base,ridge,2018-08-20,2018-08-27,2,PR,telephony,0.0
base,ridge,2018-08-20,2018-09-03,3,PR,telephony,0.0
base,ridge,2018-08-20,2018-09-10,4,PR,telephony,0.0
base,ridge,2018-08-20,2018-08-20,1,PR,watches_gifts,5.0
base,ridge,2018-08-20,2018-08-27,2,PR,watches_gifts,0.0
base,ridge,2018-08-20,2018-09-03,3,PR,watches_gifts,0.0
base,ridge,2018-08-20,2018-09-10,4,PR,watches_gifts,0.0
base,ridge,2018-08-20,2018-08-20,1,RJ,auto,0.0
base,ridge,2018-08-20,2018-08-27,2,RJ,auto,0.0
base,ridge,2018-08-20,2018-09-03,3,RJ,auto,0.0
base,ridge,2018-08-20,2018-09-10,4,RJ,auto,0.0
base,ridge,2018-08-20,2018-08-20,1,RJ,bed_bath_table,0.0
base,ridge,2018-08-20,2018-08-27,2,RJ,bed_bath_table,0.0
base,ridge,2018-08-20,2018-09-03,3,RJ,bed_bath_table,0.0
base,ridge,2018-08-20,2018-09-10,4,RJ,bed_bath_table,0.0
base,ridge,2018-08-20,2018-08-20,1,RJ,computers_accessories,0.0
base,ridge,2018-08-20,2018-08-27,2,RJ,computers_accessories,0.0
base,ridge,2018-08-20,2018-09-03,3,RJ,computers_accessories,0.0
base,ridge,2018-08-20,2018-09-10,4,RJ,computers_accessories,0.0
base,ridge,2018-08-20,2018-08-20,1,RJ,furniture_decor,0.0
base,ridge,2018-08-20,2018-08-27,2,RJ,furniture_decor,0.0
base,ridge,2018-08-20,2018-09-03,3,RJ,furniture_decor,0.0
base,ridge,2018-08-20,2018-09-10,4,RJ,furniture_decor,0.0
base,ridge,2018-08-20,2018-08-20,1,RJ,garden_tools,1.0
base,ridge,2018-08-20,2018-08-27,2,RJ,garden_tools,0.0
base,ridge,2018-08-20,2018-09-03,3,RJ,garden_tools,0.0
base,ridge,2018-08-20,2018-09-10,4,RJ,garden_tools,0.0
base,ridge,2018-08-20,2018-08-20,1,RJ,health_beauty,0.0
base,ridge,2018-08-20,2018-08-27,2,RJ,health_beauty,0.0
base,ridge,2018-08-20,2018-09-03,3,RJ,health_beauty,0.0
base,ridge,2018-08-20,2018-09-10,4,RJ,health_beauty,0.0
base,ridge,2018-08-20,2018-08-20,1,RJ,housewares,0.0
base,ridge,2018-08-20,2018-08-27,2,RJ,housewares,0.0
base,ridge,2018-08-20,2018-09-03,3,RJ,housewares,0.0
base,ridge,2018-08-20,2018-09-10,4,RJ,housewares,0.0
base,ridge,2018-08-20,2018-08-20,1,RJ,sports_leisure,0.0
base,ridge,2018-08-20,2018-08-27,2,RJ,sports_leisure,0.0
base,ridge,2018-08-20,2018-09-03,3,RJ,sports_leisure,0.0
base,ridge,2018-08-20,2018-09-10,4,RJ,sports_leisure,0.0
base,ridge,2018-08-20,2018-08-20,1,RJ,telephony,1.0
base,ridge,2018-08-20,2018-08-27,2,RJ,telephony,0.0
base,ridge,2018-08-20,2018-09-03,3,RJ,telephony,0.0
base,ridge,2018-08-20,2018-09-10,4,RJ,telephony,0.0
base,ridge,2018-08-20,2018-08-20,1,RJ,watches_gifts,0.0
base,ridge,2018-08-20,2018-08-27,2,RJ,watches_gifts,0.0
base,ridge,2018-08-20,2018-09-03,3,RJ,watches_gifts,0.0
base,ridge,2018-08-20,2018-09-10,4,RJ,watches_gifts,0.0
base,ridge,2018-08-20,2018-08-20,1,RS,auto,0.0
base,ridge,2018-08-20,2018-08-27,2,RS,auto,0.0
base,ridge,2018-08-20,2018-09-03,3,RS,auto,0.0
base,ridge,2018-08-20,2018-09-10,4,RS,auto,0.0
base,ridge,2018-08-20,2018-08-20,1,RS,bed_bath_table,0.0
base,ridge,2018-08-20,2018-08-27,2,RS,bed_bath_table,0.0
base,ridge,2018-08-20,2018-09-03,3,RS,bed_bath_table,0.0
base,ridge,2018-08-20,2018-09-10,4,RS,bed_bath_table,0.0
base,ridge,2018-08-20,2018-08-20,1,RS,computers_accessories,0.0
base,ridge,2018-08-20,2018-08-27,2,RS,computers_accessories,0.0
base,ridge,2018-08-20,2018-09-03,3,RS,computers_accessories,0.0
base,ridge,2018-08-20,2018-09-10,4,RS,computers_accessories,0.0
base,ridge,2018-08-20,2018-08-20,1,RS,furniture_decor,0.0
base,ridge,2018-08-20,2018-08-27,2,RS,furniture_decor,0.0
base,ridge,2018-08-20,2018-09-03,3,RS,furniture_decor,0.0
base,ridge,2018-08-20,2018-09-10,4,RS,furniture_decor,0.0
base,ridge,2018-08-20,2018-08-20,1,RS,garden_tools,1.0
base,ridge,2018-08-20,2018-08-27,2,RS,garden_tools,0.0
base,ridge,2018-08-20,2018-09-03,3,RS,garden_tools,0.0
base,ridge,2018-08-20,2018-09-10,4,RS,garden_tools,0.0
base,ridge,2018-08-20,2018-08-20,1,RS,health_beauty,0.0
base,ridge,2018-08-20,2018-08-27,2,RS,health_beauty,0.0
base,ridge,2018-08-20,2018-09-03,3,RS,health_beauty,0.0
base,ridge,2018-08-20,2018-09-10,4,RS,health_beauty,0.0
base,ridge,2018-08-20,2018-08-20,1,RS,housewares,0.0
base,ridge,2018-08-20,2018-08-27,2,RS,housewares,0.0
base,ridge,2018-08-20,2018-09-03,3,RS,housewares,0.0
base,ridge,2018-08-20,2018-09-10,4,RS,housewares,0.0
base,ridge,2018-08-20,2018-08-20,1,RS,sports_leisure,0.0
base,ridge,2018-08-20,2018-08-27,2,RS,sports_leisure,0.0
base,ridge,2018-08-20,2018-09-03,3,RS,sports_leisure,0.0
base,ridge,2018-08-20,2018-09-10,4,RS,sports_leisure,0.0
base,ridge,2018-08-20,2018-08-20,1,RS,telephony,0.0
base,ridge,2018-08-20,2018-08-27,2,RS,telephony,0.0
base,ridge,2018-08-20,2018-09-03,3,RS,telephony,0.0
base,ridge,2018-08-20,2018-09-10,4,RS,telephony,0.0
base,ridge,2018-08-20,2018-08-20,1,RS,watches_gifts,3.0
base,ridge,2018-08-20,2018-08-27,2,RS,watches_gifts,0.0
base,ridge,2018-08-20,2018-09-03,3,RS,watches_gifts,0.0
base,ridge,2018-08-20,2018-09-10,4,RS,watches_gifts,0.0
base,ridge,2018-08-20,2018-08-20,1,SC,auto,0.0
base,ridge,2018-08-20,2018-08-27,2,SC,auto,0.0
base,ridge,2018-08-20,2018-09-03,3,SC,auto,0.0
base,ridge,2018-08-20,2018-09-10,4,SC,auto,0.0
base,ridge,2018-08-20,2018-08-20,1,SC,bed_bath_table,0.0
base,ridge,2018-08-20,2018-08-27,2,SC,bed_bath_table,0.0
base,ridge,2018-08-20,2018-09-03,3,SC,bed_bath_table,0.0
base,ridge,2018-08-20,2018-09-10,4,SC,bed_bath_table,0.0
base,ridge,2018-08-20,2018-08-20,1,SC,computers_accessories,8.0
base,ridge,2018-08-20,2018-08-27,2,SC,computers_accessories,0.0
base,ridge,2018-08-20,2018-09-03,3,SC,computers_accessories,0.0
base,ridge,2018-08-20,2018-09-10,4,SC,computers_accessories,0.0
base,ridge,2018-08-20,2018-08-20,1,SC,furniture_decor,0.0
base,ridge,2018-08-20,2018-08-27,2,SC,furniture_decor,0.0
base,ridge,2018-08-20,2018-09-03,3,SC,furniture_decor,0.0
base,ridge,2018-08-20,2018-09-10,4,SC,furniture_decor,0.0
base,ridge,2018-08-20,2018-08-20,1,SC,garden_tools,0.0
base,ridge,2018-08-20,2018-08-27,2,SC,garden_tools,0.0
base,ridge,2018-08-20,2018-09-03,3,SC,garden_tools,0.0
base,ridge,2018-08-20,2018-09-10,4,SC,garden_tools,0.0
base,ridge,2018-08-20,2018-08-20,1,SC,health_beauty,0.0
base,ridge,2018-08-20,2018-08-27,2,SC,health_beauty,0.0
base,ridge,2018-08-20,2018-09-03,3,SC,health_beauty,0.0
base,ridge,2018-08-20,2018-09-10,4,SC,health_beauty,0.0
base,ridge,2018-08-20,2018-08-20,1,SC,housewares,0.0
base,ridge,2018-08-20,2018-08-27,2,SC,housewares,0.0
base,ridge,2018-08-20,2018-09-03,3,SC,housewares,0.0
base,ridge,2018-08-20,2018-09-10,4,SC,housewares,0.0
base,ridge,2018-08-20,2018-08-20,1,SC,sports_leisure,0.0
base,ridge,2018-08-20,2018-08-27,2,SC,sports_leisure,0.0
base,ridge,2018-08-20,2018-09-03,3,SC,sports_leisure,0.0
base,ridge,2018-08-20,2018-09-10,4,SC,sports_leisure,0.0
base,ridge,2018-08-20,2018-08-20,1,SC,telephony,0.0
base,ridge,2018-08-20,2018-08-27,2,SC,telephony,0.0
base,ridge,2018-08-20,2018-09-03,3,SC,telephony,0.0
base,ridge,2018-08-20,2018-09-10,4,SC,telephony,0.0
base,ridge,2018-08-20,2018-08-20,1,SC,watches_gifts,0.0
base,ridge,2018-08-20,2018-08-27,2,SC,watches_gifts,0.0
base,ridge,2018-08-20,2018-09-03,3,SC,watches_gifts,0.0
base,ridge,2018-08-20,2018-09-10,4,SC,watches_gifts,0.0
base,ridge,2018-08-20,2018-08-20,1,SP,auto,0.0
base,ridge,2018-08-20,2018-08-27,2,SP,auto,0.0
base,ridge,2018-08-20,2018-09-03,3,SP,auto,0.0
base,ridge,2018-08-20,2018-09-10,4,SP,auto,0.0
base,ridge,2018-08-20,2018-08-20,1,SP,bed_bath_table,0.0
base,ridge,2018-08-20,2018-08-27,2,SP,bed_bath_table,0.0
base,ridge,2018-08-20,2018-09-03,3,SP,bed_bath_table,0.0
base,ridge,2018-08-20,2018-09-10,4,SP,bed_bath_table,0.0
base,ridge,2018-08-20,2018-08-20,1,SP,computers_accessories,3.0
base,ridge,2018-08-20,2018-08-27,2,SP,computers_accessories,0.0
base,ridge,2018-08-20,2018-09-03,3,SP,computers_accessories,0.0
base,ridge,2018-08-20,2018-09-10,4,SP,computers_accessories,0.0
base,ridge,2018-08-20,2018-08-20,1,SP,furniture_decor,0.0
base,ridge,2018-08-20,2018-08-27,2,SP,furniture_decor,0.0
base,ridge,2018-08-20,2018-09-03,3,SP,furniture_decor,0.0
base,ridge,2018-08-20,2018-09-10,4,SP,furniture_decor,0.0
base,ridge,2018-08-20,2018-08-20,1,SP,garden_tools,31.0
base,ridge,2018-08-20,2018-08-27,2,SP,garden_tools,0.0
base,ridge,2018-08-20,2018-09-03,3,SP,garden_tools,0.0
base,ridge,2018-08-20,2018-09-10,4,SP,garden_tools,0.0
base,ridge,2018-08-20,2018-08-20,1,SP,health_beauty,0.0
base,ridge,2018-08-20,2018-08-27,2,SP,health_beauty,5.0
base,ridge,2018-08-20,2018-09-03,3,SP,health_beauty,0.0
base,ridge,2018-08-20,2018-09-10,4,SP,health_beauty,0.0
base,ridge,2018-08-20,2018-08-20,1,SP,housewares,0.0
base,ridge,2018-08-20,2018-08-27,2,SP,housewares,0.0
base,ridge,2018-08-20,2018-09-03,3,SP,housewares,0.0
base,ridge,2018-08-20,2018-09-10,4,SP,housewares,0.0
base,ridge,2018-08-20,2018-08-20,1,SP,sports_leisure,0.0
base,ridge,2018-08-20,2018-08-27,2,SP,sports_leisure,0.0
base,ridge,2018-08-20,2018-09-03,3,SP,sports_leisure,0.0
base,ridge,2018-08-20,2018-09-10,4,SP,sports_leisure,0.0
base,ridge,2018-08-20,2018-08-20,1,SP,telephony,35.0
base,ridge,2018-08-20,2018-08-27,2,SP,telephony,0.0
base,ridge,2018-08-20,2018-09-03,3,SP,telephony,0.0
base,ridge,2018-08-20,2018-09-10,4,SP,telephony,0.0
base,ridge,2018-08-20,2018-08-20,1,SP,watches_gifts,27.0
base,ridge,2018-08-20,2018-08-27,2,SP,watches_gifts,0.0
base,ridge,2018-08-20,2018-09-03,3,SP,watches_gifts,0.0
base,ridge,2018-08-20,2018-09-10,4,SP,watches_gifts,0.0
