scenario,policy,origin_week,target_week,horizon,hub,category,quantity
base,last_week,2018-05-28,2018-05-28,1,MG,auto,0.0
base,last_week,2018-05-28,2018-06-04,2,MG,auto,0.0
base,last_week,2018-05-28,2018-06-11,3,MG,auto,0.0
base,last_week,2018-05-28,2018-06-18,4,MG,auto,0.0
base,last_week,2018-05-28,2018-05-28,1,MG,bed_bath_table,14.0
base,last_week,2018-05-28,2018-06-04,2,MG,bed_bath_table,14.0
base,last_week,2018-05-28,2018-06-11,3,MG,bed_bath_table,14.0
base,last_week,2018-05-28,2018-06-18,4,MG,bed_bath_table,0.0
base,last_week,2018-05-28,2018-05-28,1,MG,computers_accessories,0.0
base,last_week,2018-05-28,2018-06-04,2,MG,computers_accessories,0.0
base,last_week,2018-05-28,2018-06-11,3,MG,computers_accessories,13.0
base,last_week,2018-05-28,2018-06-18,4,MG,computers_accessories,0.0
base,last_week,2018-05-28,2018-05-28,1,MG,furniture_decor,14.0
base,last_week,2018-05-28,2018-06-04,2,MG,furniture_decor,14.0
base,last_week,2018-05-28,2018-06-11,3,MG,furniture_decor,14.0
base,last_week,2018-05-28,2018-06-18,4,MG,furniture_decor,0.0
base,last_week,2018-05-28,2018-05-28,1,MG,garden_tools,0.0
base,last_week,2018-05-28,2018-06-04,2,MG,garden_tools,0.0
base,last_week,2018-05-28,2018-06-11,3,MG,garden_tools,0.0
base,last_week,2018-05-28,2018-06-18,4,MG,garden_tools,0.0
base,last_week,2018-05-28,2018-05-28,1,MG,health_beauty,13.0
base,last_week,2018-05-28,2018-06-04,2,MG,health_beauty,13.0
base,last_week,2018-05-28,2018-06-11,3,MG,health_beauty,13.0
base,last_week,2018-05-28,2018-06-18,4,MG,health_beauty,0.0
base,last_week,2018-05-28,2018-05-28,1,MG,housewares,0.0
base,last_week,2018-05-28,2018-06-04,2,MG,housewares,0.0
base,last_week,2018-05-28,2018-06-11,3,MG,housewares,0.0
base,last_week,2018-05-28,2018-06-18,4,MG,housewares,0.0
base,last_week,2018-05-28,2018-05-28,1,MG,sports_leisure,0.0
base,last_week,2018-05-28,2018-06-04,2,MG,sports_leisure,6.0
base,last_week,2018-05-28,2018-06-11,3,MG,sports_leisure,6.0
base,last_week,2018-05-28,2018-06-18,4,MG,sports_leisure,0.0
base,last_week,2018-05-28,2018-05-28,1,MG,telephony,5.0
base,last_week,2018-05-28,2018-06-04,2,MG,telephony,5.0
base,last_week,2018-05-28,2018-06-11,3,MG,telephony,5.0
base,last_week,2018-05-28,2018-06-18,4,MG,telephony,0.0
base,last_week,2018-05-28,2018-05-28,1,MG,watches_gifts,0.0
base,last_week,2018-05-28,2018-06-04,2,MG,watches_gifts,0.0
base,last_week,2018-05-28,2018-06-11,3,MG,watches_gifts,0.0
base,last_week,2018-05-28,2018-06-18,4,MG,watches_gifts,0.0
base,last_week,2018-05-28,2018-05-28,1,PR,auto,5.0
base,last_week,2018-05-28,2018-06-04,2,PR,auto,6.0
base,last_week,2018-05-28,2018-06-11,3,PR,auto,6.0
base,last_week,2018-05-28,2018-06-18,4,PR,auto,0.0
base,last_week,2018-05-28,2018-05-28,1,PR,bed_bath_table,0.0
base,last_week,2018-05-28,2018-06-04,2,PR,bed_bath_table,0.0
base,last_week,2018-05-28,2018-06-11,3,PR,bed_bath_table,0.0
base,last_week,2018-05-28,2018-06-18,4,PR,bed_bath_table,0.0
base,last_week,2018-05-28,2018-05-28,1,PR,computers_accessories,0.0
base,last_week,2018-05-28,2018-06-04,2,PR,computers_accessories,0.0
base,last_week,2018-05-28,2018-06-11,3,PR,computers_accessories,0.0
base,last_week,2018-05-28,2018-06-18,4,PR,computers_accessories,0.0
base,last_week,2018-05-28,2018-05-28,1,PR,furniture_decor,0.0
base,last_week,2018-05-28,2018-06-04,2,PR,furniture_decor,2.0
base,last_week,2018-05-28,2018-06-11,3,PR,furniture_decor,5.0
base,last_week,2018-05-28,2018-06-18,4,PR,furniture_decor,0.0
base,last_week,2018-05-28,2018-05-28,1,PR,garden_tools,0.0
base,last_week,2018-05-28,2018-06-04,2,PR,garden_tools,0.0
base,last_week,2018-05-28,2018-06-11,3,PR,garden_tools,0.0
base,last_week,2018-05-28,2018-06-18,4,PR,garden_tools,0.0
base,last_week,2018-05-28,2018-05-28,1,PR,health_beauty,0.0
base,last_week,2018-05-28,2018-06-04,2,PR,health_beauty,1.0
base,last_week,2018-05-28,2018-06-11,3,PR,health_beauty,4.0
base,last_week,2018-05-28,2018-06-18,4,PR,health_beauty,0.0
base,last_week,2018-05-28,2018-05-28,1,PR,housewares,9.0
base,last_week,2018-05-28,2018-06-04,2,PR,housewares,15.0
base,last_week,2018-05-28,2018-06-11,3,PR,housewares,15.0
base,last_week,2018-05-28,2018-06-18,4,PR,housewares,0.0
base,last_week,2018-05-28,2018-05-28,1,PR,sports_leisure,0.0
base,last_week,2018-05-28,2018-06-04,2,PR,sports_leisure,0.0
base,last_week,2018-05-28,2018-06-11,3,PR,sports_leisure,0.0
base,last_week,2018-05-28,2018-06-18,4,PR,sports_leisure,0.0
base,last_week,2018-05-28,2018-05-28,1,PR,telephony,0.0
base,last_week,2018-05-28,2018-06-04,2,PR,telephony,0.0
base,last_week,2018-05-28,2018-06-11,3,PR,telephony,0.0
base,last_week,2018-05-28,2018-06-18,4,PR,telephony,0.0
base,last_week,2018-05-28,2018-05-28,1,PR,watches_gifts,8.0
base,last_week,2018-05-28,2018-06-04,2,PR,watches_gifts,8.0
base,last_week,2018-05-28,2018-06-11,3,PR,watches_gifts,8.0
base,last_week,2018-05-28,2018-06-18,4,PR,watches_gifts,0.0
base,last_week,2018-05-28,2018-05-28,1,RJ,auto,6.0
base,last_week,2018-05-28,2018-06-04,2,RJ,auto,6.0
base,last_week,2018-05-28,2018-06-11,3,RJ,auto,6.0
base,last_week,2018-05-28,2018-06-18,4,RJ,auto,0.0
base,last_week,2018-05-28,2018-05-28,1,RJ,bed_bath_table,10.0
base,last_week,2018-05-28,2018-06-04,2,RJ,bed_bath_table,10.0
base,last_week,2018-05-28,2018-06-11,3,RJ,bed_bath_table,10.0
base,last_week,2018-05-28,2018-06-18,4,RJ,bed_bath_table,0.0
base,last_week,2018-05-28,2018-05-28,1,RJ,computers_accessories,0.0
base,last_week,2018-05-28,2018-06-04,2,RJ,computers_accessories,0.0
base,last_week,2018-05-28,2018-06-11,3,RJ,computers_accessories,0.0
base,last_week,2018-05-28,2018-06-18,4,RJ,computers_accessories,0.0
base,last_week,2018-05-28,2018-05-28,1,RJ,furniture_decor,5.0
base,last_week,2018-05-28,2018-06-04,2,RJ,furniture_decor,5.0
base,last_week,2018-05-28,2018-06-11,3,RJ,furniture_decor,5.0
base,last_week,2018-05-28,2018-06-18,4,RJ,furniture_decor,0.0
base,last_week,2018-05-28,2018-05-28,1,RJ,garden_tools,4.0
base,last_week,2018-05-28,2018-06-04,2,RJ,garden_tools,4.0
base,last_week,2018-05-28,2018-06-11,3,RJ,garden_tools,4.0
base,last_week,2018-05-28,2018-06-18,4,RJ,garden_tools,0.0
base,last_week,2018-05-28,2018-05-28,1,RJ,health_beauty,0.0
base,last_week,2018-05-28,2018-06-04,2,RJ,health_beauty,0.0
base,last_week,2018-05-28,2018-06-11,3,RJ,health_beauty,0.0
base,last_week,2018-05-28,2018-06-18,4,RJ,health_beauty,0.0
base,last_week,2018-05-28,2018-05-28,1,RJ,housewares,8.0
base,last_week,2018-05-28,2018-06-04,2,RJ,housewares,8.0
base,last_week,2018-05-28,2018-06-11,3,RJ,housewares,8.0
base,last_week,2018-05-28,2018-06-18,4,RJ,housewares,0.0
base,last_week,2018-05-28,2018-05-28,1,RJ,sports_leisure,0.0
base,last_week,2018-05-28,2018-06-04,2,RJ,sports_leisure,9.0
base,last_week,2018-05-28,2018-06-11,3,RJ,sports_leisure,9.0
base,last_week,2018-05-28,2018-06-18,4,RJ,sports_leisure,0.0
base,last_week,2018-05-28,2018-05-28,1,RJ,telephony,4.0
base,last_week,2018-05-28,2018-06-04,2,RJ,telephony,4.0
base,last_week,2018-05-28,2018-06-11,3,RJ,telephony,4.0
base,last_week,2018-05-28,2018-06-18,4,RJ,telephony,0.0
base,last_week,2018-05-28,2018-05-28,1,RJ,watches_gifts,0.0
base,last_week,2018-05-28,2018-06-04,2,RJ,watches_gifts,0.0
base,last_week,2018-05-28,2018-06-11,3,RJ,watches_gifts,0.0
base,last_week,2018-05-28,2018-06-18,4,RJ,watches_gifts,0.0
base,last_week,2018-05-28,2018-05-28,1,RS,auto,3.0
base,last_week,2018-05-28,2018-06-04,2,RS,auto,3.0
base,last_week,2018-05-28,2018-06-11,3,RS,auto,3.0
base,last_week,2018-05-28,2018-06-18,4,RS,auto,0.0
base,last_week,2018-05-28,2018-05-28,1,RS,bed_bath_table,6.0
base,last_week,2018-05-28,2018-06-04,2,RS,bed_bath_table,6.0
base,last_week,2018-05-28,2018-06-11,3,RS,bed_bath_table,6.0
base,last_week,2018-05-28,2018-06-18,4,RS,bed_bath_table,0.0
base,last_week,2018-05-28,2018-05-28,1,RS,computers_accessories,0.0
base,last_week,2018-05-28,2018-06-04,2,RS,computers_accessories,0.0
base,last_week,2018-05-28,2018-06-11,3,RS,computers_accessories,0.0
base,last_week,2018-05-28,2018-06-18,4,RS,computers_accessories,0.0
base,last_week,2018-05-28,2018-05-28,1,RS,furniture_decor,3.0
base,last_week,2018-05-28,2018-06-04,2,RS,furniture_decor,5.0
base,last_week,2018-05-28,2018-06-11,3,RS,furniture_decor,5.0
base,last_week,2018-05-28,2018-06-18,4,RS,furniture_decor,0.0
base,last_week,2018-05-28,2018-05-28,1,RS,garden_tools,2.0
base,last_week,2018-05-28,2018-06-04,2,RS,garden_tools,2.0
base,last_week,2018-05-28,2018-06-11,3,RS,garden_tools,2.0
base,last_week,2018-05-28,2018-06-18,4,RS,garden_tools,0.0
base,last_week,2018-05-28,2018-05-28,1,RS,health_beauty,0.0
base,last_week,2018-05-28,2018-06-04,2,RS,health_beauty,8.0
base,last_week,2018-05-28,2018-06-11,3,RS,health_beauty,8.0
base,last_week,2018-05-28,2018-06-18,4,RS,health_beauty,0.0
base,last_week,2018-05-28,2018-05-28,1,RS,housewares,0.0
base,last_week,2018-05-28,2018-06-04,2,RS,housewares,0.0
base,last_week,2018-05-28,2018-06-11,3,RS,housewares,0.0
base,last_week,2018-05-28,2018-06-18,4,RS,housewares,0.0
base,last_week,2018-05-28,2018-05-28,1,RS,sports_leisure,0.0
base,last_week,2018-05-28,2018-06-04,2,RS,sports_leisure,0.0
base,last_week,2018-05-28,2018-06-11,3,RS,sports_leisure,0.0
base,last_week,2018-05-28,2018-06-18,4,RS,sports_leisure,0.0
base,last_week,2018-05-28,2018-05-28,1,RS,telephony,5.0
base,last_week,2018-05-28,2018-06-04,2,RS,telephony,5.0
base,last_week,2018-05-28,2018-06-11,3,RS,telephony,5.0
base,last_week,2018-05-28,2018-06-18,4,RS,telephony,0.0
base,last_week,2018-05-28,2018-05-28,1,RS,watches_gifts,0.0
base,last_week,2018-05-28,2018-06-04,2,RS,watches_gifts,0.0
base,last_week,2018-05-28,2018-06-11,3,RS,watches_gifts,0.0
base,last_week,2018-05-28,2018-06-18,4,RS,watches_gifts,0.0
base,last_week,2018-05-28,2018-05-28,1,SC,auto,0.0
base,last_week,2018-05-28,2018-06-04,2,SC,auto,0.0
base,last_week,2018-05-28,2018-06-11,3,SC,auto,0.0
base,last_week,2018-05-28,2018-06-18,4,SC,auto,0.0
base,last_week,2018-05-28,2018-05-28,1,SC,bed_bath_table,1.0
base,last_week,2018-05-28,2018-06-04,2,SC,bed_bath_table,3.0
base,last_week,2018-05-28,2018-06-11,3,SC,bed_bath_table,3.0
base,last_week,2018-05-28,2018-06-18,4,SC,bed_bath_table,0.0
base,last_week,2018-05-28,2018-05-28,1,SC,computers_accessories,0.0
base,last_week,2018-05-28,2018-06-04,2,SC,computers_accessories,0.0
base,last_week,2018-05-28,2018-06-11,3,SC,computers_accessories,9.0
base,last_week,2018-05-28,2018-06-18,4,SC,computers_accessories,0.0
base,last_week,2018-05-28,2018-05-28,1,SC,furniture_decor,0.0
base,last_week,2018-05-28,2018-06-04,2,SC,furniture_decor,6.0
base,last_week,2018-05-28,2018-06-11,3,SC,furniture_decor,6.0
base,last_week,2018-05-28,2018-06-18,4,SC,furniture_decor,0.0
base,last_week,2018-05-28,2018-05-28,1,SC,garden_tools,8.0
base,last_week,2018-05-28,2018-06-04,2,SC,garden_tools,8.0
base,last_week,2018-05-28,2018-06-11,3,SC,garden_tools,8.0
base,last_week,2018-05-28,2018-06-18,4,SC,garden_tools,0.0
base,last_week,2018-05-28,2018-05-28,1,SC,health_beauty,0.0
base,last_week,2018-05-28,2018-06-04,2,SC,health_beauty,0.0
base,last_week,2018-05-28,2018-06-11,3,SC,health_beauty,0.0
base,last_week,2018-05-28,2018-06-18,4,SC,health_beauty,0.0
base,last_week,2018-05-28,2018-05-28,1,SC,housewares,0.0
base,last_week,2018-05-28,2018-06-04,2,SC,housewares,0.0
base,last_week,2018-05-28,2018-06-11,3,SC,housewares,0.0
base,last_week,2018-05-28,2018-06-18,4,SC,housewares,0.0
base,last_week,2018-05-28,2018-05-28,1,SC,sports_leisure,0.0
base,last_week,2018-05-28,2018-06-04,2,SC,sports_leisure,0.0
base,last_week,2018-05-28,2018-06-11,3,SC,sports_leisure,0.0
base,last_week,2018-05-28,2018-06-18,4,SC,sports_leisure,0.0
base,last_week,2018-05-28,2018-05-28,1,SC,telephony,0.0
base,last_week,2018-05-28,2018-06-04,2,SC,telephony,0.0
base,last_week,2018-05-28,2018-06-11,3,SC,telephony,0.0
base,last_week,2018-05-28,2018-06-18,4,SC,telephony,0.0
base,last_week,2018-05-28,2018-05-28,1,SC,watches_gifts,1.0
base,last_week,2018-05-28,2018-06-04,2,SC,watches_gifts,2.0
base,last_week,2018-05-28,2018-06-11,3,SC,watches_gifts,2.0
base,last_week,2018-05-28,2018-06-18,4,SC,watches_gifts,0.0
base,last_week,2018-05-28,2018-05-28,1,SP,auto,1.0
base,last_week,2018-05-28,2018-06-04,2,SP,auto,42.0
base,last_week,2018-05-28,2018-06-11,3,SP,auto,42.0
base,last_week,2018-05-28,2018-06-18,4,SP,auto,0.0
base,last_week,2018-05-28,2018-05-28,1,SP,bed_bath_table,29.0
base,last_week,2018-05-28,2018-06-04,2,SP,bed_bath_table,126.0
base,last_week,2018-05-28,2018-06-11,3,SP,bed_bath_table,126.0
base,last_week,2018-05-28,2018-06-18,4,SP,bed_bath_table,0.0
base,last_week,2018-05-28,2018-05-28,1,SP,computers_accessories,52.0
base,last_week,2018-05-28,2018-06-04,2,SP,computers_accessories,70.0
base,last_week,2018-05-28,2018-06-11,3,SP,computers_accessories,70.0
base,last_week,2018-05-28,2018-06-18,4,SP,computers_accessories,0.0
base,last_week,2018-05-28,2018-05-28,1,SP,furniture_decor,17.0
base,last_week,2018-05-28,2018-06-04,2,SP,furniture_decor,80.0
base,last_week,2018-05-28,2018-06-11,3,SP,furniture_decor,80.0
base,last_week,2018-05-28,2018-06-18,4,SP,furniture_decor,0.0
base,last_week,2018-05-28,2018-05-28,1,SP,garden_tools,18.0
base,last_week,2018-05-28,2018-06-04,2,SP,garden_tools,52.0
base,last_week,2018-05-28,2018-06-11,3,SP,garden_tools,52.0
base,last_week,2018-05-28,2018-06-18,4,SP,garden_tools,0.0
base,last_week,2018-05-28,2018-05-28,1,SP,health_beauty,33.0
base,last_week,2018-05-28,2018-06-04,2,SP,health_beauty,98.0
base,last_week,2018-05-28,2018-06-11,3,SP,health_beauty,105.0
base,last_week,2018-05-28,2018-06-18,4,SP,health_beauty,0.0
base,last_week,2018-05-28,2018-05-28,1,SP,housewares,41.0
base,last_week,2018-05-28,2018-06-04,2,SP,housewares,83.0
base,last_week,2018-05-28,2018-06-11,3,SP,housewares,83.0
base,last_week,2018-05-28,2018-06-18,4,SP,housewares,0.0
base,last_week,2018-05-28,2018-05-28,1,SP,sports_leisure,0.0
base,last_week,2018-05-28,2018-06-04,2,SP,sports_leisure,34.0
base,last_week,2018-05-28,2018-06-11,3,SP,sports_leisure,55.0
base,last_week,2018-05-28,2018-06-18,4,SP,sports_leisure,0.0
base,last_week,2018-05-28,2018-05-28,1,SP,telephony,0.0
base,last_week,2018-05-28,2018-06-04,2,SP,telephony,38.0
base,last_week,2018-05-28,2018-06-11,3,SP,telephony,43.0
base,last_week,2018-05-28,2018-06-18,4,SP,telephony,0.0
base,last_week,2018-05-28,2018-05-28,1,SP,watches_gifts,39.0
base,last_week,2018-05-28,2018-06-04,2,SP,watches_gifts,84.0
base,last_week,2018-05-28,2018-06-11,3,SP,watches_gifts,84.0
base,last_week,2018-05-28,2018-06-18,4,SP,watches_gifts,0.0
base,last_week,2018-06-04,2018-06-04,1,MG,auto,0.0
base,last_week,2018-06-04,2018-06-11,2,MG,auto,0.0
base,last_week,2018-06-04,2018-06-18,3,MG,auto,0.0
base,last_week,2018-06-04,2018-06-25,4,MG,auto,0.0
base,last_week,2018-06-04,2018-06-04,1,MG,bed_bath_table,14.0
base,last_week,2018-06-04,2018-06-11,2,MG,bed_bath_table,14.0
base,last_week,2018-06-04,2018-06-18,3,MG,bed_bath_table,14.0
base,last_week,2018-06-04,2018-06-25,4,MG,bed_bath_table,0.0
base,last_week,2018-06-04,2018-06-04,1,MG,computers_accessories,0.0
base,last_week,2018-06-04,2018-06-11,2,MG,computers_accessories,0.0
base,last_week,2018-06-04,2018-06-18,3,MG,computers_accessories,7.0
base,last_week,2018-06-04,2018-06-25,4,MG,computers_accessories,0.0
base,last_week,2018-06-04,2018-06-04,1,MG,furniture_decor,17.0
base,last_week,2018-06-04,2018-06-11,2,MG,furniture_decor,17.0
base,last_week,2018-06-04,2018-06-18,3,MG,furniture_decor,17.0
base,last_week,2018-06-04,2018-06-25,4,MG,furniture_decor,0.0
base,last_week,2018-06-04,2018-06-04,1,MG,garden_tools,0.0
base,last_week,2018-06-04,2018-06-11,2,MG,garden_tools,0.0
base,last_week,2018-06-04,2018-06-18,3,MG,garden_tools,0.0
base,last_week,2018-06-04,2018-06-25,4,MG,garden_tools,0.0
base,last_week,2018-06-04,2018-06-04,1,MG,health_beauty,14.0
base,last_week,2018-06-04,2018-06-11,2,MG,health_beauty,14.0
base,last_week,2018-06-04,2018-06-18,3,MG,health_beauty,14.0
base,last_week,2018-06-04,2018-06-25,4,MG,health_beauty,0.0
base,last_week,2018-06-04,2018-06-04,1,MG,housewares,0.0
base,last_week,2018-06-04,2018-06-11,2,MG,housewares,0.0
base,last_week,2018-06-04,2018-06-18,3,MG,housewares,0.0
base,last_week,2018-06-04,2018-06-25,4,MG,housewares,0.0
base,last_week,2018-06-04,2018-06-04,1,MG,sports_leisure,8.0
base,last_week,2018-06-04,2018-06-11,2,MG,sports_leisure,8.0
base,last_week,2018-06-04,2018-06-18,3,MG,sports_leisure,8.0
base,last_week,2018-06-04,2018-06-25,4,MG,sports_leisure,0.0
base,last_week,2018-06-04,2018-06-04,1,MG,telephony,5.0
base,last_week,2018-06-04,2018-06-11,2,MG,telephony,5.0
base,last_week,2018-06-04,2018-06-18,3,MG,telephony,5.0
base,last_week,2018-06-04,2018-06-25,4,MG,telephony,0.0
base,last_week,2018-06-04,2018-06-04,1,MG,watches_gifts,0.0
base,last_week,2018-06-04,2018-06-11,2,MG,watches_gifts,0.0
base,last_week,2018-06-04,2018-06-18,3,MG,watches_gifts,0.0
base,last_week,2018-06-04,2018-06-25,4,MG,watches_gifts,0.0
base,last_week,2018-06-04,2018-06-04,1,PR,auto,5.0
base,last_week,2018-06-04,2018-06-11,2,PR,auto,7.0
base,last_week,2018-06-04,2018-06-18,3,PR,auto,7.0
base,last_week,2018-06-04,2018-06-25,4,PR,auto,0.0
base,last_week,2018-06-04,2018-06-04,1,PR,bed_bath_table,0.0
base,last_week,2018-06-04,2018-06-11,2,PR,bed_bath_table,0.0
base,last_week,2018-06-04,2018-06-18,3,PR,bed_bath_table,0.0
base,last_week,2018-06-04,2018-06-25,4,PR,bed_bath_table,0.0
base,last_week,2018-06-04,2018-06-04,1,PR,computers_accessories,0.0
base,last_week,2018-06-04,2018-06-11,2,PR,computers_accessories,0.0
base,last_week,2018-06-04,2018-06-18,3,PR,computers_accessories,0.0
base,last_week,2018-06-04,2018-06-25,4,PR,computers_accessories,0.0
base,last_week,2018-06-04,2018-06-04,1,PR,furniture_decor,11.0
base,last_week,2018-06-04,2018-06-11,2,PR,furniture_decor,11.0
base,last_week,2018-06-04,2018-06-18,3,PR,furniture_decor,11.0
base,last_week,2018-06-04,2018-06-25,4,PR,furniture_decor,0.0
base,last_week,2018-06-04,2018-06-04,1,PR,garden_tools,0.0
base,last_week,2018-06-04,2018-06-11,2,PR,garden_tools,0.0
base,last_week,2018-06-04,2018-06-18,3,PR,garden_tools,0.0
base,last_week,2018-06-04,2018-06-25,4,PR,garden_tools,0.0
base,last_week,2018-06-04,2018-06-04,1,PR,health_beauty,8.0
base,last_week,2018-06-04,2018-06-11,2,PR,health_beauty,8.0
base,last_week,2018-06-04,2018-06-18,3,PR,health_beauty,8.0
base,last_week,2018-06-04,2018-06-25,4,PR,health_beauty,0.0
base,last_week,2018-06-04,2018-06-04,1,PR,housewares,16.0
base,last_week,2018-06-04,2018-06-11,2,PR,housewares,16.0
base,last_week,2018-06-04,2018-06-18,3,PR,housewares,16.0
base,last_week,2018-06-04,2018-06-25,4,PR,housewares,0.0
base,last_week,2018-06-04,2018-06-04,1,PR,sports_leisure,1.0
base,last_week,2018-06-04,2018-06-11,2,PR,sports_leisure,6.0
base,last_week,2018-06-04,2018-06-18,3,PR,sports_leisure,6.0
base,last_week,2018-06-04,2018-06-25,4,PR,sports_leisure,0.0
base,last_week,2018-06-04,2018-06-04,1,PR,telephony,0.0
base,last_week,2018-06-04,2018-06-11,2,PR,telephony,0.0
base,last_week,2018-06-04,2018-06-18,3,PR,telephony,0.0
base,last_week,2018-06-04,2018-06-25,4,PR,telephony,0.0
base,last_week,2018-06-04,2018-06-04,1,PR,watches_gifts,8.0
base,last_week,2018-06-04,2018-06-11,2,PR,watches_gifts,8.0
base,last_week,2018-06-04,2018-06-18,3,PR,watches_gifts,8.0
base,last_week,2018-06-04,2018-06-25,4,PR,watches_gifts,0.0
base,last_week,2018-06-04,2018-06-04,1,RJ,auto,6.0
base,last_week,2018-06-04,2018-06-11,2,RJ,auto,6.0
base,last_week,2018-06-04,2018-06-18,3,RJ,auto,6.0
base,last_week,2018-06-04,2018-06-25,4,RJ,auto,0.0
base,last_week,2018-06-04,2018-06-04,1,RJ,bed_bath_table,10.0
base,last_week,2018-06-04,2018-06-11,2,RJ,bed_bath_table,10.0
base,last_week,2018-06-04,2018-06-18,3,RJ,bed_bath_table,10.0
base,last_week,2018-06-04,2018-06-25,4,RJ,bed_bath_table,0.0
base,last_week,2018-06-04,2018-06-04,1,RJ,computers_accessories,0.0
base,last_week,2018-06-04,2018-06-11,2,RJ,computers_accessories,0.0
base,last_week,2018-06-04,2018-06-18,3,RJ,computers_accessories,0.0
base,last_week,2018-06-04,2018-06-25,4,RJ,computers_accessories,0.0
base,last_week,2018-06-04,2018-06-04,1,RJ,furniture_decor,5.0
base,last_week,2018-06-04,2018-06-11,2,RJ,furniture_decor,5.0
base,last_week,2018-06-04,2018-06-18,3,RJ,furniture_decor,5.0
base,last_week,2018-06-04,2018-06-25,4,RJ,furniture_decor,0.0
base,last_week,2018-06-04,2018-06-04,1,RJ,garden_tools,4.0
base,last_week,2018-06-04,2018-06-11,2,RJ,garden_tools,4.0
base,last_week,2018-06-04,2018-06-18,3,RJ,garden_tools,4.0
base,last_week,2018-06-04,2018-06-25,4,RJ,garden_tools,0.0
base,last_week,2018-06-04,2018-06-04,1,RJ,health_beauty,0.0
base,last_week,2018-06-04,2018-06-11,2,RJ,health_beauty,0.0
base,last_week,2018-06-04,2018-06-18,3,RJ,health_beauty,0.0
base,last_week,2018-06-04,2018-06-25,4,RJ,health_beauty,0.0
base,last_week,2018-06-04,2018-06-04,1,RJ,housewares,8.0
base,last_week,2018-06-04,2018-06-11,2,RJ,housewares,8.0
base,last_week,2018-06-04,2018-06-18,3,RJ,housewares,8.0
base,last_week,2018-06-04,2018-06-25,4,RJ,housewares,0.0
base,last_week,2018-06-04,2018-06-04,1,RJ,sports_leisure,12.0
base,last_week,2018-06-04,2018-06-11,2,RJ,sports_leisure,12.0
base,last_week,2018-06-04,2018-06-18,3,RJ,sports_leisure,12.0
base,last_week,2018-06-04,2018-06-25,4,RJ,sports_leisure,0.0
base,last_week,2018-06-04,2018-06-04,1,RJ,telephony,6.0
base,last_week,2018-06-04,2018-06-11,2,RJ,telephony,6.0
base,last_week,2018-06-04,2018-06-18,3,RJ,telephony,6.0
base,last_week,2018-06-04,2018-06-25,4,RJ,telephony,0.0
base,last_week,2018-06-04,2018-06-04,1,RJ,watches_gifts,0.0
base,last_week,2018-06-04,2018-06-11,2,RJ,watches_gifts,0.0
base,last_week,2018-06-04,2018-06-18,3,RJ,watches_gifts,0.0
base,last_week,2018-06-04,2018-06-25,4,RJ,watches_gifts,0.0
base,last_week,2018-06-04,2018-06-04,1,RS,auto,3.0
base,last_week,2018-06-04,2018-06-11,2,RS,auto,3.0
base,last_week,2018-06-04,2018-06-18,3,RS,auto,3.0
base,last_week,2018-06-04,2018-06-25,4,RS,auto,0.0
base,last_week,2018-06-04,2018-06-04,1,RS,bed_bath_table,6.0
base,last_week,2018-06-04,2018-06-11,2,RS,bed_bath_table,6.0
base,last_week,2018-06-04,2018-06-18,3,RS,bed_bath_table,6.0
base,last_week,2018-06-04,2018-06-25,4,RS,bed_bath_table,0.0
base,last_week,2018-06-04,2018-06-04,1,RS,computers_accessories,0.0
base,last_week,2018-06-04,2018-06-11,2,RS,computers_accessories,0.0
base,last_week,2018-06-04,2018-06-18,3,RS,computers_accessories,0.0
base,last_week,2018-06-04,2018-06-25,4,RS,computers_accessories,0.0
base,last_week,2018-06-04,2018-06-04,1,RS,furniture_decor,5.0
base,last_week,2018-06-04,2018-06-11,2,RS,furniture_decor,5.0
base,last_week,2018-06-04,2018-06-18,3,RS,furniture_decor,5.0
base,last_week,2018-06-04,2018-06-25,4,RS,furniture_decor,0.0
base,last_week,2018-06-04,2018-06-04,1,RS,garden_tools,1.0
base,last_week,2018-06-04,2018-06-11,2,RS,garden_tools,2.0
base,last_week,2018-06-04,2018-06-18,3,RS,garden_tools,2.0
base,last_week,2018-06-04,2018-06-25,4,RS,garden_tools,0.0
base,last_week,2018-06-04,2018-06-04,1,RS,health_beauty,8.0
base,last_week,2018-06-04,2018-06-11,2,RS,health_beauty,8.0
base,last_week,2018-06-04,2018-06-18,3,RS,health_beauty,8.0
base,last_week,2018-06-04,2018-06-25,4,RS,health_beauty,0.0
base,last_week,2018-06-04,2018-06-04,1,RS,housewares,0.0
base,last_week,2018-06-04,2018-06-11,2,RS,housewares,0.0
base,last_week,2018-06-04,2018-06-18,3,RS,housewares,0.0
base,last_week,2018-06-04,2018-06-25,4,RS,housewares,0.0
base,last_week,2018-06-04,2018-06-04,1,RS,sports_leisure,0.0
base,last_week,2018-06-04,2018-06-11,2,RS,sports_leisure,0.0
base,last_week,2018-06-04,2018-06-18,3,RS,sports_leisure,0.0
base,last_week,2018-06-04,2018-06-25,4,RS,sports_leisure,0.0
base,last_week,2018-06-04,2018-06-04,1,RS,telephony,5.0
base,last_week,2018-06-04,2018-06-11,2,RS,telephony,5.0
base,last_week,2018-06-04,2018-06-18,3,RS,telephony,5.0
base,last_week,2018-06-04,2018-06-25,4,RS,telephony,0.0
base,last_week,2018-06-04,2018-06-04,1,RS,watches_gifts,0.0
base,last_week,2018-06-04,2018-06-11,2,RS,watches_gifts,0.0
base,last_week,2018-06-04,2018-06-18,3,RS,watches_gifts,0.0
base,last_week,2018-06-04,2018-06-25,4,RS,watches_gifts,0.0
base,last_week,2018-06-04,2018-06-04,1,SC,auto,0.0
base,last_week,2018-06-04,2018-06-11,2,SC,auto,0.0
base,last_week,2018-06-04,2018-06-18,3,SC,auto,0.0
base,last_week,2018-06-04,2018-06-25,4,SC,auto,0.0
base,last_week,2018-06-04,2018-06-04,1,SC,bed_bath_table,0.0
base,last_week,2018-06-04,2018-06-11,2,SC,bed_bath_table,2.0
base,last_week,2018-06-04,2018-06-18,3,SC,bed_bath_table,3.0
base,last_week,2018-06-04,2018-06-25,4,SC,bed_bath_table,0.0
base,last_week,2018-06-04,2018-06-04,1,SC,computers_accessories,0.0
base,last_week,2018-06-04,2018-06-11,2,SC,computers_accessories,0.0
base,last_week,2018-06-04,2018-06-18,3,SC,computers_accessories,0.0
base,last_week,2018-06-04,2018-06-25,4,SC,computers_accessories,0.0
base,last_week,2018-06-04,2018-06-04,1,SC,furniture_decor,6.0
base,last_week,2018-06-04,2018-06-11,2,SC,furniture_decor,6.0
base,last_week,2018-06-04,2018-06-18,3,SC,furniture_decor,6.0
base,last_week,2018-06-04,2018-06-25,4,SC,furniture_decor,0.0
base,last_week,2018-06-04,2018-06-04,1,SC,garden_tools,0.0
base,last_week,2018-06-04,2018-06-11,2,SC,garden_tools,7.0
base,last_week,2018-06-04,2018-06-18,3,SC,garden_tools,7.0
base,last_week,2018-06-04,2018-06-25,4,SC,garden_tools,0.0
base,last_week,2018-06-04,2018-06-04,1,SC,health_beauty,0.0
base,last_week,2018-06-04,2018-06-11,2,SC,health_beauty,0.0
base,last_week,2018-06-04,2018-06-18,3,SC,health_beauty,0.0
base,last_week,2018-06-04,2018-06-25,4,SC,health_beauty,0.0
base,last_week,2018-06-04,2018-06-04,1,SC,housewares,0.0
base,last_week,2018-06-04,2018-06-11,2,SC,housewares,0.0
base,last_week,2018-06-04,2018-06-18,3,SC,housewares,0.0
base,last_week,2018-06-04,2018-06-25,4,SC,housewares,0.0
base,last_week,2018-06-04,2018-06-04,1,SC,sports_leisure,18.0
base,last_week,2018-06-04,2018-06-11,2,SC,sports_leisure,18.0
base,last_week,2018-06-04,2018-06-18,3,SC,sports_leisure,18.0
base,last_week,2018-06-04,2018-06-25,4,SC,sports_leisure,0.0
base,last_week,2018-06-04,2018-06-04,1,SC,telephony,0.0
base,last_week,2018-06-04,2018-06-11,2,SC,telephony,0.0
base,last_week,2018-06-04,2018-06-18,3,SC,telephony,0.0
base,last_week,2018-06-04,2018-06-25,4,SC,telephony,0.0
base,last_week,2018-06-04,2018-06-04,1,SC,watches_gifts,1.0
base,last_week,2018-06-04,2018-06-11,2,SC,watches_gifts,1.0
base,last_week,2018-06-04,2018-06-18,3,SC,watches_gifts,1.0
base,last_week,2018-06-04,2018-06-25,4,SC,watches_gifts,0.0
base,last_week,2018-06-04,2018-06-04,1,SP,auto,33.0
base,last_week,2018-06-04,2018-06-11,2,SP,auto,44.0
base,last_week,2018-06-04,2018-06-18,3,SP,auto,44.0
base,last_week,2018-06-04,2018-06-25,4,SP,auto,0.0
base,last_week,2018-06-04,2018-06-04,1,SP,bed_bath_table,104.0
base,last_week,2018-06-04,2018-06-11,2,SP,bed_bath_table,126.0
base,last_week,2018-06-04,2018-06-18,3,SP,bed_bath_table,126.0
base,last_week,2018-06-04,2018-06-25,4,SP,bed_bath_table,0.0
base,last_week,2018-06-04,2018-06-04,1,SP,computers_accessories,0.0
base,last_week,2018-06-04,2018-06-11,2,SP,computers_accessories,59.0
base,last_week,2018-06-04,2018-06-18,3,SP,computers_accessories,59.0
base,last_week,2018-06-04,2018-06-25,4,SP,computers_accessories,0.0
base,last_week,2018-06-04,2018-06-04,1,SP,furniture_decor,47.0
base,last_week,2018-06-04,2018-06-11,2,SP,furniture_decor,74.0
base,last_week,2018-06-04,2018-06-18,3,SP,furniture_decor,74.0
base,last_week,2018-06-04,2018-06-25,4,SP,furniture_decor,0.0
base,last_week,2018-06-04,2018-06-04,1,SP,garden_tools,0.0
base,last_week,2018-06-04,2018-06-11,2,SP,garden_tools,25.0
base,last_week,2018-06-04,2018-06-18,3,SP,garden_tools,36.0
base,last_week,2018-06-04,2018-06-25,4,SP,garden_tools,0.0
base,last_week,2018-06-04,2018-06-04,1,SP,health_beauty,106.0
base,last_week,2018-06-04,2018-06-11,2,SP,health_beauty,112.0
base,last_week,2018-06-04,2018-06-18,3,SP,health_beauty,115.0
base,last_week,2018-06-04,2018-06-25,4,SP,health_beauty,0.0
base,last_week,2018-06-04,2018-06-04,1,SP,housewares,127.0
base,last_week,2018-06-04,2018-06-11,2,SP,housewares,127.0
base,last_week,2018-06-04,2018-06-18,3,SP,housewares,127.0
base,last_week,2018-06-04,2018-06-25,4,SP,housewares,0.0
base,last_week,2018-06-04,2018-06-04,1,SP,sports_leisure,60.0
base,last_week,2018-06-04,2018-06-11,2,SP,sports_leisure,64.0
base,last_week,2018-06-04,2018-06-18,3,SP,sports_leisure,64.0
base,last_week,2018-06-04,2018-06-25,4,SP,sports_leisure,0.0
base,last_week,2018-06-04,2018-06-04,1,SP,telephony,22.0
base,last_week,2018-06-04,2018-06-11,2,SP,telephony,42.0
base,last_week,2018-06-04,2018-06-18,3,SP,telephony,42.0
base,last_week,2018-06-04,2018-06-25,4,SP,telephony,0.0
base,last_week,2018-06-04,2018-06-04,1,SP,watches_gifts,113.0
base,last_week,2018-06-04,2018-06-11,2,SP,watches_gifts,113.0
base,last_week,2018-06-04,2018-06-18,3,SP,watches_gifts,113.0
base,last_week,2018-06-04,2018-06-25,4,SP,watches_gifts,0.0
base,last_week,2018-06-11,2018-06-11,1,MG,auto,0.0
base,last_week,2018-06-11,2018-06-18,2,MG,auto,0.0
base,last_week,2018-06-11,2018-06-25,3,MG,auto,0.0
base,last_week,2018-06-11,2018-07-02,4,MG,auto,0.0
base,last_week,2018-06-11,2018-06-11,1,MG,bed_bath_table,14.0
base,last_week,2018-06-11,2018-06-18,2,MG,bed_bath_table,14.0
base,last_week,2018-06-11,2018-06-25,3,MG,bed_bath_table,14.0
base,last_week,2018-06-11,2018-07-02,4,MG,bed_bath_table,0.0
base,last_week,2018-06-11,2018-06-11,1,MG,computers_accessories,19.0
base,last_week,2018-06-11,2018-06-18,2,MG,computers_accessories,19.0
base,last_week,2018-06-11,2018-06-25,3,MG,computers_accessories,19.0
base,last_week,2018-06-11,2018-07-02,4,MG,computers_accessories,0.0
base,last_week,2018-06-11,2018-06-11,1,MG,furniture_decor,0.0
base,last_week,2018-06-11,2018-06-18,2,MG,furniture_decor,0.0
base,last_week,2018-06-11,2018-06-25,3,MG,furniture_decor,0.0
base,last_week,2018-06-11,2018-07-02,4,MG,furniture_decor,0.0
base,last_week,2018-06-11,2018-06-11,1,MG,garden_tools,0.0
base,last_week,2018-06-11,2018-06-18,2,MG,garden_tools,0.0
base,last_week,2018-06-11,2018-06-25,3,MG,garden_tools,0.0
base,last_week,2018-06-11,2018-07-02,4,MG,garden_tools,0.0
base,last_week,2018-06-11,2018-06-11,1,MG,health_beauty,14.0
base,last_week,2018-06-11,2018-06-18,2,MG,health_beauty,14.0
base,last_week,2018-06-11,2018-06-25,3,MG,health_beauty,14.0
base,last_week,2018-06-11,2018-07-02,4,MG,health_beauty,0.0
base,last_week,2018-06-11,2018-06-11,1,MG,housewares,0.0
base,last_week,2018-06-11,2018-06-18,2,MG,housewares,0.0
base,last_week,2018-06-11,2018-06-25,3,MG,housewares,0.0
base,last_week,2018-06-11,2018-07-02,4,MG,housewares,0.0
base,last_week,2018-06-11,2018-06-11,1,MG,sports_leisure,12.0
base,last_week,2018-06-11,2018-06-18,2,MG,sports_leisure,12.0
base,last_week,2018-06-11,2018-06-25,3,MG,sports_leisure,12.0
base,last_week,2018-06-11,2018-07-02,4,MG,sports_leisure,0.0
base,last_week,2018-06-11,2018-06-11,1,MG,telephony,5.0
base,last_week,2018-06-11,2018-06-18,2,MG,telephony,5.0
base,last_week,2018-06-11,2018-06-25,3,MG,telephony,5.0
base,last_week,2018-06-11,2018-07-02,4,MG,telephony,0.0
base,last_week,2018-06-11,2018-06-11,1,MG,watches_gifts,0.0
base,last_week,2018-06-11,2018-06-18,2,MG,watches_gifts,0.0
base,last_week,2018-06-11,2018-06-25,3,MG,watches_gifts,0.0
base,last_week,2018-06-11,2018-07-02,4,MG,watches_gifts,0.0
base,last_week,2018-06-11,2018-06-11,1,PR,auto,8.0
base,last_week,2018-06-11,2018-06-18,2,PR,auto,8.0
base,last_week,2018-06-11,2018-06-25,3,PR,auto,8.0
base,last_week,2018-06-11,2018-07-02,4,PR,auto,0.0
base,last_week,2018-06-11,2018-06-11,1,PR,bed_bath_table,0.0
base,last_week,2018-06-11,2018-06-18,2,PR,bed_bath_table,0.0
base,last_week,2018-06-11,2018-06-25,3,PR,bed_bath_table,0.0
base,last_week,2018-06-11,2018-07-02,4,PR,bed_bath_table,0.0
base,last_week,2018-06-11,2018-06-11,1,PR,computers_accessories,0.0
base,last_week,2018-06-11,2018-06-18,2,PR,computers_accessories,0.0
base,last_week,2018-06-11,2018-06-25,3,PR,computers_accessories,0.0
base,last_week,2018-06-11,2018-07-02,4,PR,computers_accessories,0.0
base,last_week,2018-06-11,2018-06-11,1,PR,furniture_decor,18.0
base,last_week,2018-06-11,2018-06-18,2,PR,furniture_decor,18.0
base,last_week,2018-06-11,2018-06-25,3,PR,furniture_decor,18.0
base,last_week,2018-06-11,2018-07-02,4,PR,furniture_decor,0.0
base,last_week,2018-06-11,2018-06-11,1,PR,garden_tools,0.0
base,last_week,2018-06-11,2018-06-18,2,PR,garden_tools,0.0
base,last_week,2018-06-11,2018-06-25,3,PR,garden_tools,0.0
base,last_week,2018-06-11,2018-07-02,4,PR,garden_tools,0.0
base,last_week,2018-06-11,2018-06-11,1,PR,health_beauty,14.0
base,last_week,2018-06-11,2018-06-18,2,PR,health_beauty,14.0
base,last_week,2018-06-11,2018-06-25,3,PR,health_beauty,14.0
base,last_week,2018-06-11,2018-07-02,4,PR,health_beauty,0.0
base,last_week,2018-06-11,2018-06-11,1,PR,housewares,17.0
base,last_week,2018-06-11,2018-06-18,2,PR,housewares,17.0
base,last_week,2018-06-11,2018-06-25,3,PR,housewares,17.0
base,last_week,2018-06-11,2018-07-02,4,PR,housewares,0.0
base,last_week,2018-06-11,2018-06-11,1,PR,sports_leisure,0.0
base,last_week,2018-06-11,2018-06-18,2,PR,sports_leisure,0.0
base,last_week,2018-06-11,2018-06-25,3,PR,sports_leisure,0.0
base,last_week,2018-06-11,2018-07-02,4,PR,sports_leisure,0.0
base,last_week,2018-06-11,2018-06-11,1,PR,telephony,0.0
base,last_week,2018-06-11,2018-06-18,2,PR,telephony,0.0
base,last_week,2018-06-11,2018-06-25,3,PR,telephony,0.0
base,last_week,2018-06-11,2018-07-02,4,PR,telephony,0.0
base,last_week,2018-06-11,2018-06-11,1,PR,watches_gifts,8.0
base,last_week,2018-06-11,2018-06-18,2,PR,watches_gifts,8.0
base,last_week,2018-06-11,2018-06-25,3,PR,watches_gifts,8.0
base,last_week,2018-06-11,2018-07-02,4,PR,watches_gifts,0.0
base,last_week,2018-06-11,2018-06-11,1,RJ,auto,6.0
base,last_week,2018-06-11,2018-06-18,2,RJ,auto,6.0
base,last_week,2018-06-11,2018-06-25,3,RJ,auto,6.0
base,last_week,2018-06-11,2018-07-02,4,RJ,auto,0.0
base,last_week,2018-06-11,2018-06-11,1,RJ,bed_bath_table,10.0
base,last_week,2018-06-11,2018-06-18,2,RJ,bed_bath_table,10.0
base,last_week,2018-06-11,2018-06-25,3,RJ,bed_bath_table,10.0
base,last_week,2018-06-11,2018-07-02,4,RJ,bed_bath_table,0.0
base,last_week,2018-06-11,2018-06-11,1,RJ,computers_accessories,0.0
base,last_week,2018-06-11,2018-06-18,2,RJ,computers_accessories,0.0
base,last_week,2018-06-11,2018-06-25,3,RJ,computers_accessories,0.0
base,last_week,2018-06-11,2018-07-02,4,RJ,computers_accessories,0.0
base,last_week,2018-06-11,2018-06-11,1,RJ,furniture_decor,5.0
base,last_week,2018-06-11,2018-06-18,2,RJ,furniture_decor,5.0
base,last_week,2018-06-11,2018-06-25,3,RJ,furniture_decor,5.0
base,last_week,2018-06-11,2018-07-02,4,RJ,furniture_decor,0.0
base,last_week,2018-06-11,2018-06-11,1,RJ,garden_tools,4.0
base,last_week,2018-06-11,2018-06-18,2,RJ,garden_tools,4.0
base,last_week,2018-06-11,2018-06-25,3,RJ,garden_tools,4.0
base,last_week,2018-06-11,2018-07-02,4,RJ,garden_tools,0.0
base,last_week,2018-06-11,2018-06-11,1,RJ,health_beauty,0.0
base,last_week,2018-06-11,2018-06-18,2,RJ,health_beauty,0.0
base,last_week,2018-06-11,2018-06-25,3,RJ,health_beauty,0.0
base,last_week,2018-06-11,2018-07-02,4,RJ,health_beauty,0.0
base,last_week,2018-06-11,2018-06-11,1,RJ,housewares,8.0
base,last_week,2018-06-11,2018-06-18,2,RJ,housewares,8.0
base,last_week,2018-06-11,2018-06-25,3,RJ,housewares,8.0
base,last_week,2018-06-11,2018-07-02,4,RJ,housewares,0.0
base,last_week,2018-06-11,2018-06-11,1,RJ,sports_leisure,16.0
base,last_week,2018-06-11,2018-06-18,2,RJ,sports_leisure,16.0
base,last_week,2018-06-11,2018-06-25,3,RJ,sports_leisure,16.0
base,last_week,2018-06-11,2018-07-02,4,RJ,sports_leisure,0.0
base,last_week,2018-06-11,2018-06-11,1,RJ,telephony,6.0
base,last_week,2018-06-11,2018-06-18,2,RJ,telephony,6.0
base,last_week,2018-06-11,2018-06-25,3,RJ,telephony,6.0
base,last_week,2018-06-11,2018-07-02,4,RJ,telephony,0.0
base,last_week,2018-06-11,2018-06-11,1,RJ,watches_gifts,0.0
base,last_week,2018-06-11,2018-06-18,2,RJ,watches_gifts,0.0
base,last_week,2018-06-11,2018-06-25,3,RJ,watches_gifts,0.0
base,last_week,2018-06-11,2018-07-02,4,RJ,watches_gifts,0.0
base,last_week,2018-06-11,2018-06-11,1,RS,auto,3.0
base,last_week,2018-06-11,2018-06-18,2,RS,auto,3.0
base,last_week,2018-06-11,2018-06-25,3,RS,auto,3.0
base,last_week,2018-06-11,2018-07-02,4,RS,auto,0.0
base,last_week,2018-06-11,2018-06-11,1,RS,bed_bath_table,6.0
base,last_week,2018-06-11,2018-06-18,2,RS,bed_bath_table,6.0
base,last_week,2018-06-11,2018-06-25,3,RS,bed_bath_table,6.0
base,last_week,2018-06-11,2018-07-02,4,RS,bed_bath_table,0.0
base,last_week,2018-06-11,2018-06-11,1,RS,computers_accessories,8.0
base,last_week,2018-06-11,2018-06-18,2,RS,computers_accessories,8.0
base,last_week,2018-06-11,2018-06-25,3,RS,computers_accessories,8.0
base,last_week,2018-06-11,2018-07-02,4,RS,computers_accessories,0.0
base,last_week,2018-06-11,2018-06-11,1,RS,furniture_decor,5.0
base,last_week,2018-06-11,2018-06-18,2,RS,furniture_decor,5.0
base,last_week,2018-06-11,2018-06-25,3,RS,furniture_decor,5.0
base,last_week,2018-06-11,2018-07-02,4,RS,furniture_decor,0.0
base,last_week,2018-06-11,2018-06-11,1,RS,garden_tools,2.0
base,last_week,2018-06-11,2018-06-18,2,RS,garden_tools,2.0
base,last_week,2018-06-11,2018-06-25,3,RS,garden_tools,2.0
base,last_week,2018-06-11,2018-07-02,4,RS,garden_tools,0.0
base,last_week,2018-06-11,2018-06-11,1,RS,health_beauty,8.0
base,last_week,2018-06-11,2018-06-18,2,RS,health_beauty,8.0
base,last_week,2018-06-11,2018-06-25,3,RS,health_beauty,8.0
base,last_week,2018-06-11,2018-07-02,4,RS,health_beauty,0.0
base,last_week,2018-06-11,2018-06-11,1,RS,housewares,11.0
base,last_week,2018-06-11,2018-06-18,2,RS,housewares,11.0
base,last_week,2018-06-11,2018-06-25,3,RS,housewares,11.0
base,last_week,2018-06-11,2018-07-02,4,RS,housewares,0.0
base,last_week,2018-06-11,2018-06-11,1,RS,sports_leisure,0.0
base,last_week,2018-06-11,2018-06-18,2,RS,sports_leisure,0.0
base,last_week,2018-06-11,2018-06-25,3,RS,sports_leisure,0.0
base,last_week,2018-06-11,2018-07-02,4,RS,sports_leisure,0.0
base,last_week,2018-06-11,2018-06-11,1,RS,telephony,5.0
base,last_week,2018-06-11,2018-06-18,2,RS,telephony,5.0
base,last_week,2018-06-11,2018-06-25,3,RS,telephony,5.0
base,last_week,2018-06-11,2018-07-02,4,RS,telephony,0.0
base,last_week,2018-06-11,2018-06-11,1,RS,watches_gifts,0.0
base,last_week,2018-06-11,2018-06-18,2,RS,watches_gifts,0.0
base,last_week,2018-06-11,2018-06-25,3,RS,watches_gifts,0.0
base,last_week,2018-06-11,2018-07-02,4,RS,watches_gifts,0.0
base,last_week,2018-06-11,2018-06-11,1,SC,auto,0.0
base,last_week,2018-06-11,2018-06-18,2,SC,auto,0.0
base,last_week,2018-06-11,2018-06-25,3,SC,auto,0.0
base,last_week,2018-06-11,2018-07-02,4,SC,auto,0.0
base,last_week,2018-06-11,2018-06-11,1,SC,bed_bath_table,14.0
base,last_week,2018-06-11,2018-06-18,2,SC,bed_bath_table,14.0
base,last_week,2018-06-11,2018-06-25,3,SC,bed_bath_table,14.0
base,last_week,2018-06-11,2018-07-02,4,SC,bed_bath_table,0.0
base,last_week,2018-06-11,2018-06-11,1,SC,computers_accessories,9.0
base,last_week,2018-06-11,2018-06-18,2,SC,computers_accessories,9.0
base,last_week,2018-06-11,2018-06-25,3,SC,computers_accessories,9.0
base,last_week,2018-06-11,2018-07-02,4,SC,computers_accessories,0.0
base,last_week,2018-06-11,2018-06-11,1,SC,furniture_decor,6.0
base,last_week,2018-06-11,2018-06-18,2,SC,furniture_decor,6.0
base,last_week,2018-06-11,2018-06-25,3,SC,furniture_decor,6.0
base,last_week,2018-06-11,2018-07-02,4,SC,furniture_decor,0.0
base,last_week,2018-06-11,2018-06-11,1,SC,garden_tools,8.0
base,last_week,2018-06-11,2018-06-18,2,SC,garden_tools,8.0
base,last_week,2018-06-11,2018-06-25,3,SC,garden_tools,8.0
base,last_week,2018-06-11,2018-07-02,4,SC,garden_tools,0.0
base,last_week,2018-06-11,2018-06-11,1,SC,health_beauty,0.0
base,last_week,2018-06-11,2018-06-18,2,SC,health_beauty,0.0
base,last_week,2018-06-11,2018-06-25,3,SC,health_beauty,0.0
base,last_week,2018-06-11,2018-07-02,4,SC,health_beauty,0.0
base,last_week,2018-06-11,2018-06-11,1,SC,housewares,0.0
base,last_week,2018-06-11,2018-06-18,2,SC,housewares,0.0
base,last_week,2018-06-11,2018-06-25,3,SC,housewares,0.0
base,last_week,2018-06-11,2018-07-02,4,SC,housewares,0.0
base,last_week,2018-06-11,2018-06-11,1,SC,sports_leisure,0.0
base,last_week,2018-06-11,2018-06-18,2,SC,sports_leisure,0.0
base,last_week,2018-06-11,2018-06-25,3,SC,sports_leisure,11.0
base,last_week,2018-06-11,2018-07-02,4,SC,sports_leisure,0.0
base,last_week,2018-06-11,2018-06-11,1,SC,telephony,0.0
base,last_week,2018-06-11,2018-06-18,2,SC,telephony,0.0
base,last_week,2018-06-11,2018-06-25,3,SC,telephony,0.0
base,last_week,2018-06-11,2018-07-02,4,SC,telephony,0.0
base,last_week,2018-06-11,2018-06-11,1,SC,watches_gifts,5.0
base,last_week,2018-06-11,2018-06-18,2,SC,watches_gifts,6.0
base,last_week,2018-06-11,2018-06-25,3,SC,watches_gifts,6.0
base,last_week,2018-06-11,2018-07-02,4,SC,watches_gifts,0.0
base,last_week,2018-06-11,2018-06-11,1,SP,auto,82.0
base,last_week,2018-06-11,2018-06-18,2,SP,auto,82.0
base,last_week,2018-06-11,2018-06-25,3,SP,auto,82.0
base,last_week,2018-06-11,2018-07-02,4,SP,auto,0.0
base,last_week,2018-06-11,2018-06-11,1,SP,bed_bath_table,185.0
base,last_week,2018-06-11,2018-06-18,2,SP,bed_bath_table,185.0
base,last_week,2018-06-11,2018-06-25,3,SP,bed_bath_table,185.0
base,last_week,2018-06-11,2018-07-02,4,SP,bed_bath_table,0.0
base,last_week,2018-06-11,2018-06-11,1,SP,computers_accessories,103.0
base,last_week,2018-06-11,2018-06-18,2,SP,computers_accessories,103.0
base,last_week,2018-06-11,2018-06-25,3,SP,computers_accessories,103.0
base,last_week,2018-06-11,2018-07-02,4,SP,computers_accessories,0.0
base,last_week,2018-06-11,2018-06-11,1,SP,furniture_decor,10.0
base,last_week,2018-06-11,2018-06-18,2,SP,furniture_decor,56.0
base,last_week,2018-06-11,2018-06-25,3,SP,furniture_decor,56.0
base,last_week,2018-06-11,2018-07-02,4,SP,furniture_decor,0.0
base,last_week,2018-06-11,2018-06-11,1,SP,garden_tools,54.0
base,last_week,2018-06-11,2018-06-18,2,SP,garden_tools,54.0
base,last_week,2018-06-11,2018-06-25,3,SP,garden_tools,54.0
base,last_week,2018-06-11,2018-07-02,4,SP,garden_tools,0.0
base,last_week,2018-06-11,2018-06-11,1,SP,health_beauty,196.0
base,last_week,2018-06-11,2018-06-18,2,SP,health_beauty,196.0
base,last_week,2018-06-11,2018-06-25,3,SP,health_beauty,196.0
base,last_week,2018-06-11,2018-07-02,4,SP,health_beauty,0.0
base,last_week,2018-06-11,2018-06-11,1,SP,housewares,158.0
base,last_week,2018-06-11,2018-06-18,2,SP,housewares,158.0
base,last_week,2018-06-11,2018-06-25,3,SP,housewares,158.0
base,last_week,2018-06-11,2018-07-02,4,SP,housewares,0.0
base,last_week,2018-06-11,2018-06-11,1,SP,sports_leisure,53.0
base,last_week,2018-06-11,2018-06-18,2,SP,sports_leisure,61.0
base,last_week,2018-06-11,2018-06-25,3,SP,sports_leisure,61.0
base,last_week,2018-06-11,2018-07-02,4,SP,sports_leisure,0.0
base,last_week,2018-06-11,2018-06-11,1,SP,telephony,35.0
base,last_week,2018-06-11,2018-06-18,2,SP,telephony,45.0
base,last_week,2018-06-11,2018-06-25,3,SP,telephony,45.0
base,last_week,2018-06-11,2018-07-02,4,SP,telephony,0.0
base,last_week,2018-06-11,2018-06-11,1,SP,watches_gifts,104.0
base,last_week,2018-06-11,2018-06-18,2,SP,watches_gifts,109.0
base,last_week,2018-06-11,2018-06-25,3,SP,watches_gifts,109.0
base,last_week,2018-06-11,2018-07-02,4,SP,watches_gifts,0.0
base,last_week,2018-06-18,2018-06-18,1,MG,auto,0.0
base,last_week,2018-06-18,2018-06-25,2,MG,auto,0.0
base,last_week,2018-06-18,2018-07-02,3,MG,auto,0.0
base,last_week,2018-06-18,2018-07-09,4,MG,auto,0.0
base,last_week,2018-06-18,2018-06-18,1,MG,bed_bath_table,14.0
base,last_week,2018-06-18,2018-06-25,2,MG,bed_bath_table,14.0
base,last_week,2018-06-18,2018-07-02,3,MG,bed_bath_table,14.0
base,last_week,2018-06-18,2018-07-09,4,MG,bed_bath_table,0.0
base,last_week,2018-06-18,2018-06-18,1,MG,computers_accessories,7.0
base,last_week,2018-06-18,2018-06-25,2,MG,computers_accessories,13.0
base,last_week,2018-06-18,2018-07-02,3,MG,computers_accessories,13.0
base,last_week,2018-06-18,2018-07-09,4,MG,computers_accessories,0.0
base,last_week,2018-06-18,2018-06-18,1,MG,furniture_decor,14.0
base,last_week,2018-06-18,2018-06-25,2,MG,furniture_decor,14.0
base,last_week,2018-06-18,2018-07-02,3,MG,furniture_decor,14.0
base,last_week,2018-06-18,2018-07-09,4,MG,furniture_decor,0.0
base,last_week,2018-06-18,2018-06-18,1,MG,garden_tools,0.0
base,last_week,2018-06-18,2018-06-25,2,MG,garden_tools,0.0
base,last_week,2018-06-18,2018-07-02,3,MG,garden_tools,0.0
base,last_week,2018-06-18,2018-07-09,4,MG,garden_tools,0.0
base,last_week,2018-06-18,2018-06-18,1,MG,health_beauty,14.0
base,last_week,2018-06-18,2018-06-25,2,MG,health_beauty,14.0
base,last_week,2018-06-18,2018-07-02,3,MG,health_beauty,14.0
base,last_week,2018-06-18,2018-07-09,4,MG,health_beauty,0.0
base,last_week,2018-06-18,2018-06-18,1,MG,housewares,0.0
base,last_week,2018-06-18,2018-06-25,2,MG,housewares,0.0
base,last_week,2018-06-18,2018-07-02,3,MG,housewares,0.0
base,last_week,2018-06-18,2018-07-09,4,MG,housewares,0.0
base,last_week,2018-06-18,2018-06-18,1,MG,sports_leisure,14.0
base,last_week,2018-06-18,2018-06-25,2,MG,sports_leisure,14.0
base,last_week,2018-06-18,2018-07-02,3,MG,sports_leisure,14.0
base,last_week,2018-06-18,2018-07-09,4,MG,sports_leisure,0.0
base,last_week,2018-06-18,2018-06-18,1,MG,telephony,5.0
base,last_week,2018-06-18,2018-06-25,2,MG,telephony,5.0
base,last_week,2018-06-18,2018-07-02,3,MG,telephony,5.0
base,last_week,2018-06-18,2018-07-09,4,MG,telephony,0.0
base,last_week,2018-06-18,2018-06-18,1,MG,watches_gifts,0.0
base,last_week,2018-06-18,2018-06-25,2,MG,watches_gifts,0.0
base,last_week,2018-06-18,2018-07-02,3,MG,watches_gifts,0.0
base,last_week,2018-06-18,2018-07-09,4,MG,watches_gifts,0.0
base,last_week,2018-06-18,2018-06-18,1,PR,auto,8.0
base,last_week,2018-06-18,2018-06-25,2,PR,auto,8.0
base,last_week,2018-06-18,2018-07-02,3,PR,auto,8.0
base,last_week,2018-06-18,2018-07-09,4,PR,auto,0.0
base,last_week,2018-06-18,2018-06-18,1,PR,bed_bath_table,0.0
base,last_week,2018-06-18,2018-06-25,2,PR,bed_bath_table,0.0
base,last_week,2018-06-18,2018-07-02,3,PR,bed_bath_table,0.0
base,last_week,2018-06-18,2018-07-09,4,PR,bed_bath_table,0.0
base,last_week,2018-06-18,2018-06-18,1,PR,computers_accessories,0.0
base,last_week,2018-06-18,2018-06-25,2,PR,computers_accessories,0.0
base,last_week,2018-06-18,2018-07-02,3,PR,computers_accessories,0.0
base,last_week,2018-06-18,2018-07-09,4,PR,computers_accessories,0.0
base,last_week,2018-06-18,2018-06-18,1,PR,furniture_decor,18.0
base,last_week,2018-06-18,2018-06-25,2,PR,furniture_decor,18.0
base,last_week,2018-06-18,2018-07-02,3,PR,furniture_decor,18.0
base,last_week,2018-06-18,2018-07-09,4,PR,furniture_decor,0.0
base,last_week,2018-06-18,2018-06-18,1,PR,garden_tools,0.0
base,last_week,2018-06-18,2018-06-25,2,PR,garden_tools,0.0
base,last_week,2018-06-18,2018-07-02,3,PR,garden_tools,0.0
base,last_week,2018-06-18,2018-07-09,4,PR,garden_tools,0.0
base,last_week,2018-06-18,2018-06-18,1,PR,health_beauty,15.0
base,last_week,2018-06-18,2018-06-25,2,PR,health_beauty,15.0
base,last_week,2018-06-18,2018-07-02,3,PR,health_beauty,15.0
base,last_week,2018-06-18,2018-07-09,4,PR,health_beauty,0.0
base,last_week,2018-06-18,2018-06-18,1,PR,housewares,17.0
base,last_week,2018-06-18,2018-06-25,2,PR,housewares,17.0
base,last_week,2018-06-18,2018-07-02,3,PR,housewares,17.0
base,last_week,2018-06-18,2018-07-09,4,PR,housewares,0.0
base,last_week,2018-06-18,2018-06-18,1,PR,sports_leisure,3.0
base,last_week,2018-06-18,2018-06-25,2,PR,sports_leisure,3.0
base,last_week,2018-06-18,2018-07-02,3,PR,sports_leisure,3.0
base,last_week,2018-06-18,2018-07-09,4,PR,sports_leisure,0.0
base,last_week,2018-06-18,2018-06-18,1,PR,telephony,0.0
base,last_week,2018-06-18,2018-06-25,2,PR,telephony,0.0
base,last_week,2018-06-18,2018-07-02,3,PR,telephony,0.0
base,last_week,2018-06-18,2018-07-09,4,PR,telephony,0.0
base,last_week,2018-06-18,2018-06-18,1,PR,watches_gifts,8.0
base,last_week,2018-06-18,2018-06-25,2,PR,watches_gifts,8.0
base,last_week,2018-06-18,2018-07-02,3,PR,watches_gifts,8.0
base,last_week,2018-06-18,2018-07-09,4,PR,watches_gifts,0.0
base,last_week,2018-06-18,2018-06-18,1,RJ,auto,6.0
base,last_week,2018-06-18,2018-06-25,2,RJ,auto,6.0
base,last_week,2018-06-18,2018-07-02,3,RJ,auto,6.0
base,last_week,2018-06-18,2018-07-09,4,RJ,auto,0.0
base,last_week,2018-06-18,2018-06-18,1,RJ,bed_bath_table,0.0
base,last_week,2018-06-18,2018-06-25,2,RJ,bed_bath_table,10.0
base,last_week,2018-06-18,2018-07-02,3,RJ,bed_bath_table,10.0
base,last_week,2018-06-18,2018-07-09,4,RJ,bed_bath_table,0.0
base,last_week,2018-06-18,2018-06-18,1,RJ,computers_accessories,0.0
base,last_week,2018-06-18,2018-06-25,2,RJ,computers_accessories,0.0
base,last_week,2018-06-18,2018-07-02,3,RJ,computers_accessories,0.0
base,last_week,2018-06-18,2018-07-09,4,RJ,computers_accessories,0.0
base,last_week,2018-06-18,2018-06-18,1,RJ,furniture_decor,5.0
base,last_week,2018-06-18,2018-06-25,2,RJ,furniture_decor,5.0
base,last_week,2018-06-18,2018-07-02,3,RJ,furniture_decor,5.0
base,last_week,2018-06-18,2018-07-09,4,RJ,furniture_decor,0.0
base,last_week,2018-06-18,2018-06-18,1,RJ,garden_tools,4.0
base,last_week,2018-06-18,2018-06-25,2,RJ,garden_tools,4.0
base,last_week,2018-06-18,2018-07-02,3,RJ,garden_tools,4.0
base,last_week,2018-06-18,2018-07-09,4,RJ,garden_tools,0.0
base,last_week,2018-06-18,2018-06-18,1,RJ,health_beauty,23.0
base,last_week,2018-06-18,2018-06-25,2,RJ,health_beauty,23.0
base,last_week,2018-06-18,2018-07-02,3,RJ,health_beauty,23.0
base,last_week,2018-06-18,2018-07-09,4,RJ,health_beauty,0.0
base,last_week,2018-06-18,2018-06-18,1,RJ,housewares,8.0
base,last_week,2018-06-18,2018-06-25,2,RJ,housewares,8.0
base,last_week,2018-06-18,2018-07-02,3,RJ,housewares,8.0
base,last_week,2018-06-18,2018-07-09,4,RJ,housewares,0.0
base,last_week,2018-06-18,2018-06-18,1,RJ,sports_leisure,9.0
base,last_week,2018-06-18,2018-06-25,2,RJ,sports_leisure,9.0
base,last_week,2018-06-18,2018-07-02,3,RJ,sports_leisure,9.0
base,last_week,2018-06-18,2018-07-09,4,RJ,sports_leisure,0.0
base,last_week,2018-06-18,2018-06-18,1,RJ,telephony,6.0
base,last_week,2018-06-18,2018-06-25,2,RJ,telephony,6.0
base,last_week,2018-06-18,2018-07-02,3,RJ,telephony,6.0
base,last_week,2018-06-18,2018-07-09,4,RJ,telephony,0.0
base,last_week,2018-06-18,2018-06-18,1,RJ,watches_gifts,0.0
base,last_week,2018-06-18,2018-06-25,2,RJ,watches_gifts,0.0
base,last_week,2018-06-18,2018-07-02,3,RJ,watches_gifts,0.0
base,last_week,2018-06-18,2018-07-09,4,RJ,watches_gifts,0.0
base,last_week,2018-06-18,2018-06-18,1,RS,auto,3.0
base,last_week,2018-06-18,2018-06-25,2,RS,auto,3.0
base,last_week,2018-06-18,2018-07-02,3,RS,auto,3.0
base,last_week,2018-06-18,2018-07-09,4,RS,auto,0.0
base,last_week,2018-06-18,2018-06-18,1,RS,bed_bath_table,6.0
base,last_week,2018-06-18,2018-06-25,2,RS,bed_bath_table,6.0
base,last_week,2018-06-18,2018-07-02,3,RS,bed_bath_table,6.0
base,last_week,2018-06-18,2018-07-09,4,RS,bed_bath_table,0.0
base,last_week,2018-06-18,2018-06-18,1,RS,computers_accessories,8.0
base,last_week,2018-06-18,2018-06-25,2,RS,computers_accessories,8.0
base,last_week,2018-06-18,2018-07-02,3,RS,computers_accessories,8.0
base,last_week,2018-06-18,2018-07-09,4,RS,computers_accessories,0.0
base,last_week,2018-06-18,2018-06-18,1,RS,furniture_decor,5.0
base,last_week,2018-06-18,2018-06-25,2,RS,furniture_decor,5.0
base,last_week,2018-06-18,2018-07-02,3,RS,furniture_decor,5.0
base,last_week,2018-06-18,2018-07-09,4,RS,furniture_decor,0.0
base,last_week,2018-06-18,2018-06-18,1,RS,garden_tools,4.0
base,last_week,2018-06-18,2018-06-25,2,RS,garden_tools,4.0
base,last_week,2018-06-18,2018-07-02,3,RS,garden_tools,4.0
base,last_week,2018-06-18,2018-07-09,4,RS,garden_tools,0.0
base,last_week,2018-06-18,2018-06-18,1,RS,health_beauty,8.0
base,last_week,2018-06-18,2018-06-25,2,RS,health_beauty,8.0
base,last_week,2018-06-18,2018-07-02,3,RS,health_beauty,8.0
base,last_week,2018-06-18,2018-07-09,4,RS,health_beauty,0.0
base,last_week,2018-06-18,2018-06-18,1,RS,housewares,3.0
base,last_week,2018-06-18,2018-06-25,2,RS,housewares,7.0
base,last_week,2018-06-18,2018-07-02,3,RS,housewares,7.0
base,last_week,2018-06-18,2018-07-09,4,RS,housewares,0.0
base,last_week,2018-06-18,2018-06-18,1,RS,sports_leisure,0.0
base,last_week,2018-06-18,2018-06-25,2,RS,sports_leisure,0.0
base,last_week,2018-06-18,2018-07-02,3,RS,sports_leisure,0.0
base,last_week,2018-06-18,2018-07-09,4,RS,sports_leisure,0.0
base,last_week,2018-06-18,2018-06-18,1,RS,telephony,5.0
base,last_week,2018-06-18,2018-06-25,2,RS,telephony,5.0
base,last_week,2018-06-18,2018-07-02,3,RS,telephony,5.0
base,last_week,2018-06-18,2018-07-09,4,RS,telephony,0.0
base,last_week,2018-06-18,2018-06-18,1,RS,watches_gifts,3.0
base,last_week,2018-06-18,2018-06-25,2,RS,watches_gifts,3.0
base,last_week,2018-06-18,2018-07-02,3,RS,watches_gifts,3.0
base,last_week,2018-06-18,2018-07-09,4,RS,watches_gifts,0.0
base,last_week,2018-06-18,2018-06-18,1,SC,auto,0.0
base,last_week,2018-06-18,2018-06-25,2,SC,auto,0.0
base,last_week,2018-06-18,2018-07-02,3,SC,auto,0.0
base,last_week,2018-06-18,2018-07-09,4,SC,auto,0.0
base,last_week,2018-06-18,2018-06-18,1,SC,bed_bath_table,0.0
base,last_week,2018-06-18,2018-06-25,2,SC,bed_bath_table,0.0
base,last_week,2018-06-18,2018-07-02,3,SC,bed_bath_table,0.0
base,last_week,2018-06-18,2018-07-09,4,SC,bed_bath_table,0.0
base,last_week,2018-06-18,2018-06-18,1,SC,computers_accessories,9.0
base,last_week,2018-06-18,2018-06-25,2,SC,computers_accessories,9.0
base,last_week,2018-06-18,2018-07-02,3,SC,computers_accessories,9.0
base,last_week,2018-06-18,2018-07-09,4,SC,computers_accessories,0.0
base,last_week,2018-06-18,2018-06-18,1,SC,furniture_decor,6.0
base,last_week,2018-06-18,2018-06-25,2,SC,furniture_decor,6.0
base,last_week,2018-06-18,2018-07-02,3,SC,furniture_decor,6.0
base,last_week,2018-06-18,2018-07-09,4,SC,furniture_decor,0.0
base,last_week,2018-06-18,2018-06-18,1,SC,garden_tools,8.0
base,last_week,2018-06-18,2018-06-25,2,SC,garden_tools,8.0
base,last_week,2018-06-18,2018-07-02,3,SC,garden_tools,8.0
base,last_week,2018-06-18,2018-07-09,4,SC,garden_tools,0.0
base,last_week,2018-06-18,2018-06-18,1,SC,health_beauty,0.0
base,last_week,2018-06-18,2018-06-25,2,SC,health_beauty,0.0
base,last_week,2018-06-18,2018-07-02,3,SC,health_beauty,0.0
base,last_week,2018-06-18,2018-07-09,4,SC,health_beauty,0.0
base,last_week,2018-06-18,2018-06-18,1,SC,housewares,0.0
base,last_week,2018-06-18,2018-06-25,2,SC,housewares,0.0
base,last_week,2018-06-18,2018-07-02,3,SC,housewares,0.0
base,last_week,2018-06-18,2018-07-09,4,SC,housewares,0.0
base,last_week,2018-06-18,2018-06-18,1,SC,sports_leisure,18.0
base,last_week,2018-06-18,2018-06-25,2,SC,sports_leisure,18.0
base,last_week,2018-06-18,2018-07-02,3,SC,sports_leisure,18.0
base,last_week,2018-06-18,2018-07-09,4,SC,sports_leisure,0.0
base,last_week,2018-06-18,2018-06-18,1,SC,telephony,0.0
base,last_week,2018-06-18,2018-06-25,2,SC,telephony,0.0
base,last_week,2018-06-18,2018-07-02,3,SC,telephony,0.0
base,last_week,2018-06-18,2018-07-09,4,SC,telephony,0.0
base,last_week,2018-06-18,2018-06-18,1,SC,watches_gifts,9.0
base,last_week,2018-06-18,2018-06-25,2,SC,watches_gifts,9.0
base,last_week,2018-06-18,2018-07-02,3,SC,watches_gifts,9.0
base,last_week,2018-06-18,2018-07-09,4,SC,watches_gifts,0.0
base,last_week,2018-06-18,2018-06-18,1,SP,auto,36.0
base,last_week,2018-06-18,2018-06-25,2,SP,auto,59.0
base,last_week,2018-06-18,2018-07-02,3,SP,auto,59.0
base,last_week,2018-06-18,2018-07-09,4,SP,auto,0.0
base,last_week,2018-06-18,2018-06-18,1,SP,bed_bath_table,175.0
base,last_week,2018-06-18,2018-06-25,2,SP,bed_bath_table,180.0
base,last_week,2018-06-18,2018-07-02,3,SP,bed_bath_table,180.0
base,last_week,2018-06-18,2018-07-09,4,SP,bed_bath_table,0.0
base,last_week,2018-06-18,2018-06-18,1,SP,computers_accessories,53.0
base,last_week,2018-06-18,2018-06-25,2,SP,computers_accessories,78.0
base,last_week,2018-06-18,2018-07-02,3,SP,computers_accessories,78.0
base,last_week,2018-06-18,2018-07-09,4,SP,computers_accessories,0.0
base,last_week,2018-06-18,2018-06-18,1,SP,furniture_decor,81.0
base,last_week,2018-06-18,2018-06-25,2,SP,furniture_decor,81.0
base,last_week,2018-06-18,2018-07-02,3,SP,furniture_decor,81.0
base,last_week,2018-06-18,2018-07-09,4,SP,furniture_decor,0.0
base,last_week,2018-06-18,2018-06-18,1,SP,garden_tools,20.0
base,last_week,2018-06-18,2018-06-25,2,SP,garden_tools,46.0
base,last_week,2018-06-18,2018-07-02,3,SP,garden_tools,46.0
base,last_week,2018-06-18,2018-07-09,4,SP,garden_tools,0.0
base,last_week,2018-06-18,2018-06-18,1,SP,health_beauty,198.0
base,last_week,2018-06-18,2018-06-25,2,SP,health_beauty,198.0
base,last_week,2018-06-18,2018-07-02,3,SP,health_beauty,198.0
base,last_week,2018-06-18,2018-07-09,4,SP,health_beauty,0.0
base,last_week,2018-06-18,2018-06-18,1,SP,housewares,77.0
base,last_week,2018-06-18,2018-06-25,2,SP,housewares,128.0
base,last_week,2018-06-18,2018-07-02,3,SP,housewares,128.0
base,last_week,2018-06-18,2018-07-09,4,SP,housewares,0.0
base,last_week,2018-06-18,2018-06-18,1,SP,sports_leisure,93.0
base,last_week,2018-06-18,2018-06-25,2,SP,sports_leisure,93.0
base,last_week,2018-06-18,2018-07-02,3,SP,sports_leisure,93.0
base,last_week,2018-06-18,2018-07-09,4,SP,sports_leisure,0.0
base,last_week,2018-06-18,2018-06-18,1,SP,telephony,62.0
base,last_week,2018-06-18,2018-06-25,2,SP,telephony,62.0
base,last_week,2018-06-18,2018-07-02,3,SP,telephony,62.0
base,last_week,2018-06-18,2018-07-09,4,SP,telephony,0.0
base,last_week,2018-06-18,2018-06-18,1,SP,watches_gifts,147.0
base,last_week,2018-06-18,2018-06-25,2,SP,watches_gifts,147.0
base,last_week,2018-06-18,2018-07-02,3,SP,watches_gifts,147.0
base,last_week,2018-06-18,2018-07-09,4,SP,watches_gifts,0.0
base,last_week,2018-06-25,2018-06-25,1,MG,auto,0.0
base,last_week,2018-06-25,2018-07-02,2,MG,auto,0.0
base,last_week,2018-06-25,2018-07-09,3,MG,auto,0.0
base,last_week,2018-06-25,2018-07-16,4,MG,auto,0.0
base,last_week,2018-06-25,2018-06-25,1,MG,bed_bath_table,6.0
base,last_week,2018-06-25,2018-07-02,2,MG,bed_bath_table,13.0
base,last_week,2018-06-25,2018-07-09,3,MG,bed_bath_table,13.0
base,last_week,2018-06-25,2018-07-16,4,MG,bed_bath_table,0.0
base,last_week,2018-06-25,2018-06-25,1,MG,computers_accessories,12.0
base,last_week,2018-06-25,2018-07-02,2,MG,computers_accessories,12.0
base,last_week,2018-06-25,2018-07-09,3,MG,computers_accessories,12.0
base,last_week,2018-06-25,2018-07-16,4,MG,computers_accessories,0.0
base,last_week,2018-06-25,2018-06-25,1,MG,furniture_decor,0.0
base,last_week,2018-06-25,2018-07-02,2,MG,furniture_decor,13.0
base,last_week,2018-06-25,2018-07-09,3,MG,furniture_decor,14.0
base,last_week,2018-06-25,2018-07-16,4,MG,furniture_decor,0.0
base,last_week,2018-06-25,2018-06-25,1,MG,garden_tools,0.0
base,last_week,2018-06-25,2018-07-02,2,MG,garden_tools,0.0
base,last_week,2018-06-25,2018-07-09,3,MG,garden_tools,0.0
base,last_week,2018-06-25,2018-07-16,4,MG,garden_tools,0.0
base,last_week,2018-06-25,2018-06-25,1,MG,health_beauty,14.0
base,last_week,2018-06-25,2018-07-02,2,MG,health_beauty,14.0
base,last_week,2018-06-25,2018-07-09,3,MG,health_beauty,14.0
base,last_week,2018-06-25,2018-07-16,4,MG,health_beauty,0.0
base,last_week,2018-06-25,2018-06-25,1,MG,housewares,0.0
base,last_week,2018-06-25,2018-07-02,2,MG,housewares,0.0
base,last_week,2018-06-25,2018-07-09,3,MG,housewares,0.0
base,last_week,2018-06-25,2018-07-16,4,MG,housewares,0.0
base,last_week,2018-06-25,2018-06-25,1,MG,sports_leisure,12.0
base,last_week,2018-06-25,2018-07-02,2,MG,sports_leisure,12.0
base,last_week,2018-06-25,2018-07-09,3,MG,sports_leisure,12.0
base,last_week,2018-06-25,2018-07-16,4,MG,sports_leisure,0.0
base,last_week,2018-06-25,2018-06-25,1,MG,telephony,5.0
base,last_week,2018-06-25,2018-07-02,2,MG,telephony,5.0
base,last_week,2018-06-25,2018-07-09,3,MG,telephony,5.0
base,last_week,2018-06-25,2018-07-16,4,MG,telephony,0.0
base,last_week,2018-06-25,2018-06-25,1,MG,watches_gifts,0.0
base,last_week,2018-06-25,2018-07-02,2,MG,watches_gifts,0.0
base,last_week,2018-06-25,2018-07-09,3,MG,watches_gifts,0.0
base,last_week,2018-06-25,2018-07-16,4,MG,watches_gifts,0.0
base,last_week,2018-06-25,2018-06-25,1,PR,auto,8.0
base,last_week,2018-06-25,2018-07-02,2,PR,auto,8.0
base,last_week,2018-06-25,2018-07-09,3,PR,auto,8.0
base,last_week,2018-06-25,2018-07-16,4,PR,auto,0.0
base,last_week,2018-06-25,2018-06-25,1,PR,bed_bath_table,0.0
base,last_week,2018-06-25,2018-07-02,2,PR,bed_bath_table,0.0
base,last_week,2018-06-25,2018-07-09,3,PR,bed_bath_table,0.0
base,last_week,2018-06-25,2018-07-16,4,PR,bed_bath_table,0.0
base,last_week,2018-06-25,2018-06-25,1,PR,computers_accessories,0.0
base,last_week,2018-06-25,2018-07-02,2,PR,computers_accessories,0.0
base,last_week,2018-06-25,2018-07-09,3,PR,computers_accessories,0.0
base,last_week,2018-06-25,2018-07-16,4,PR,computers_accessories,0.0
base,last_week,2018-06-25,2018-06-25,1,PR,furniture_decor,12.0
base,last_week,2018-06-25,2018-07-02,2,PR,furniture_decor,20.0
base,last_week,2018-06-25,2018-07-09,3,PR,furniture_decor,20.0
base,last_week,2018-06-25,2018-07-16,4,PR,furniture_decor,0.0
base,last_week,2018-06-25,2018-06-25,1,PR,garden_tools,0.0
base,last_week,2018-06-25,2018-07-02,2,PR,garden_tools,0.0
base,last_week,2018-06-25,2018-07-09,3,PR,garden_tools,0.0
base,last_week,2018-06-25,2018-07-16,4,PR,garden_tools,0.0
base,last_week,2018-06-25,2018-06-25,1,PR,health_beauty,20.0
base,last_week,2018-06-25,2018-07-02,2,PR,health_beauty,20.0
base,last_week,2018-06-25,2018-07-09,3,PR,health_beauty,20.0
base,last_week,2018-06-25,2018-07-16,4,PR,health_beauty,0.0
base,last_week,2018-06-25,2018-06-25,1,PR,housewares,0.0
base,last_week,2018-06-25,2018-07-02,2,PR,housewares,17.0
base,last_week,2018-06-25,2018-07-09,3,PR,housewares,17.0
base,last_week,2018-06-25,2018-07-16,4,PR,housewares,0.0
base,last_week,2018-06-25,2018-06-25,1,PR,sports_leisure,0.0
base,last_week,2018-06-25,2018-07-02,2,PR,sports_leisure,0.0
base,last_week,2018-06-25,2018-07-09,3,PR,sports_leisure,0.0
base,last_week,2018-06-25,2018-07-16,4,PR,sports_leisure,0.0
base,last_week,2018-06-25,2018-06-25,1,PR,telephony,0.0
base,last_week,2018-06-25,2018-07-02,2,PR,telephony,0.0
base,last_week,2018-06-25,2018-07-09,3,PR,telephony,0.0
base,last_week,2018-06-25,2018-07-16,4,PR,telephony,0.0
base,last_week,2018-06-25,2018-06-25,1,PR,watches_gifts,8.0
base,last_week,2018-06-25,2018-07-02,2,PR,watches_gifts,8.0
base,last_week,2018-06-25,2018-07-09,3,PR,watches_gifts,8.0
base,last_week,2018-06-25,2018-07-16,4,PR,watches_gifts,0.0
base,last_week,2018-06-25,2018-06-25,1,RJ,auto,6.0
base,last_week,2018-06-25,2018-07-02,2,RJ,auto,6.0
base,last_week,2018-06-25,2018-07-09,3,RJ,auto,6.0
base,last_week,2018-06-25,2018-07-16,4,RJ,auto,0.0
base,last_week,2018-06-25,2018-06-25,1,RJ,bed_bath_table,10.0
base,last_week,2018-06-25,2018-07-02,2,RJ,bed_bath_table,10.0
base,last_week,2018-06-25,2018-07-09,3,RJ,bed_bath_table,10.0
base,last_week,2018-06-25,2018-07-16,4,RJ,bed_bath_table,0.0
base,last_week,2018-06-25,2018-06-25,1,RJ,computers_accessories,0.0
base,last_week,2018-06-25,2018-07-02,2,RJ,computers_accessories,0.0
base,last_week,2018-06-25,2018-07-09,3,RJ,computers_accessories,0.0
base,last_week,2018-06-25,2018-07-16,4,RJ,computers_accessories,0.0
base,last_week,2018-06-25,2018-06-25,1,RJ,furniture_decor,5.0
base,last_week,2018-06-25,2018-07-02,2,RJ,furniture_decor,5.0
base,last_week,2018-06-25,2018-07-09,3,RJ,furniture_decor,5.0
base,last_week,2018-06-25,2018-07-16,4,RJ,furniture_decor,0.0
base,last_week,2018-06-25,2018-06-25,1,RJ,garden_tools,0.0
base,last_week,2018-06-25,2018-07-02,2,RJ,garden_tools,3.0
base,last_week,2018-06-25,2018-07-09,3,RJ,garden_tools,4.0
base,last_week,2018-06-25,2018-07-16,4,RJ,garden_tools,0.0
base,last_week,2018-06-25,2018-06-25,1,RJ,health_beauty,21.0
base,last_week,2018-06-25,2018-07-02,2,RJ,health_beauty,22.0
base,last_week,2018-06-25,2018-07-09,3,RJ,health_beauty,22.0
base,last_week,2018-06-25,2018-07-16,4,RJ,health_beauty,0.0
base,last_week,2018-06-25,2018-06-25,1,RJ,housewares,8.0
base,last_week,2018-06-25,2018-07-02,2,RJ,housewares,8.0
base,last_week,2018-06-25,2018-07-09,3,RJ,housewares,8.0
base,last_week,2018-06-25,2018-07-16,4,RJ,housewares,0.0
base,last_week,2018-06-25,2018-06-25,1,RJ,sports_leisure,17.0
base,last_week,2018-06-25,2018-07-02,2,RJ,sports_leisure,17.0
base,last_week,2018-06-25,2018-07-09,3,RJ,sports_leisure,17.0
base,last_week,2018-06-25,2018-07-16,4,RJ,sports_leisure,0.0
base,last_week,2018-06-25,2018-06-25,1,RJ,telephony,6.0
base,last_week,2018-06-25,2018-07-02,2,RJ,telephony,6.0
base,last_week,2018-06-25,2018-07-09,3,RJ,telephony,6.0
base,last_week,2018-06-25,2018-07-16,4,RJ,telephony,0.0
base,last_week,2018-06-25,2018-06-25,1,RJ,watches_gifts,0.0
base,last_week,2018-06-25,2018-07-02,2,RJ,watches_gifts,0.0
base,last_week,2018-06-25,2018-07-09,3,RJ,watches_gifts,0.0
base,last_week,2018-06-25,2018-07-16,4,RJ,watches_gifts,0.0
base,last_week,2018-06-25,2018-06-25,1,RS,auto,3.0
base,last_week,2018-06-25,2018-07-02,2,RS,auto,3.0
base,last_week,2018-06-25,2018-07-09,3,RS,auto,3.0
base,last_week,2018-06-25,2018-07-16,4,RS,auto,0.0
base,last_week,2018-06-25,2018-06-25,1,RS,bed_bath_table,6.0
base,last_week,2018-06-25,2018-07-02,2,RS,bed_bath_table,6.0
base,last_week,2018-06-25,2018-07-09,3,RS,bed_bath_table,6.0
base,last_week,2018-06-25,2018-07-16,4,RS,bed_bath_table,0.0
base,last_week,2018-06-25,2018-06-25,1,RS,computers_accessories,14.0
base,last_week,2018-06-25,2018-07-02,2,RS,computers_accessories,14.0
base,last_week,2018-06-25,2018-07-09,3,RS,computers_accessories,14.0
base,last_week,2018-06-25,2018-07-16,4,RS,computers_accessories,0.0
base,last_week,2018-06-25,2018-06-25,1,RS,furniture_decor,5.0
base,last_week,2018-06-25,2018-07-02,2,RS,furniture_decor,5.0
base,last_week,2018-06-25,2018-07-09,3,RS,furniture_decor,5.0
base,last_week,2018-06-25,2018-07-16,4,RS,furniture_decor,0.0
base,last_week,2018-06-25,2018-06-25,1,RS,garden_tools,0.0
base,last_week,2018-06-25,2018-07-02,2,RS,garden_tools,0.0
base,last_week,2018-06-25,2018-07-09,3,RS,garden_tools,2.0
base,last_week,2018-06-25,2018-07-16,4,RS,garden_tools,0.0
base,last_week,2018-06-25,2018-06-25,1,RS,health_beauty,8.0
base,last_week,2018-06-25,2018-07-02,2,RS,health_beauty,8.0
base,last_week,2018-06-25,2018-07-09,3,RS,health_beauty,8.0
base,last_week,2018-06-25,2018-07-16,4,RS,health_beauty,0.0
base,last_week,2018-06-25,2018-06-25,1,RS,housewares,0.0
base,last_week,2018-06-25,2018-07-02,2,RS,housewares,1.0
base,last_week,2018-06-25,2018-07-09,3,RS,housewares,1.0
base,last_week,2018-06-25,2018-07-16,4,RS,housewares,0.0
base,last_week,2018-06-25,2018-06-25,1,RS,sports_leisure,0.0
base,last_week,2018-06-25,2018-07-02,2,RS,sports_leisure,0.0
base,last_week,2018-06-25,2018-07-09,3,RS,sports_leisure,0.0
base,last_week,2018-06-25,2018-07-16,4,RS,sports_leisure,0.0
base,last_week,2018-06-25,2018-06-25,1,RS,telephony,5.0
base,last_week,2018-06-25,2018-07-02,2,RS,telephony,5.0
base,last_week,2018-06-25,2018-07-09,3,RS,telephony,5.0
base,last_week,2018-06-25,2018-07-16,4,RS,telephony,0.0
base,last_week,2018-06-25,2018-06-25,1,RS,watches_gifts,0.0
base,last_week,2018-06-25,2018-07-02,2,RS,watches_gifts,0.0
base,last_week,2018-06-25,2018-07-09,3,RS,watches_gifts,0.0
base,last_week,2018-06-25,2018-07-16,4,RS,watches_gifts,0.0
base,last_week,2018-06-25,2018-06-25,1,SC,auto,0.0
base,last_week,2018-06-25,2018-07-02,2,SC,auto,0.0
base,last_week,2018-06-25,2018-07-09,3,SC,auto,0.0
base,last_week,2018-06-25,2018-07-16,4,SC,auto,0.0
base,last_week,2018-06-25,2018-06-25,1,SC,bed_bath_table,18.0
base,last_week,2018-06-25,2018-07-02,2,SC,bed_bath_table,18.0
base,last_week,2018-06-25,2018-07-09,3,SC,bed_bath_table,18.0
base,last_week,2018-06-25,2018-07-16,4,SC,bed_bath_table,0.0
base,last_week,2018-06-25,2018-06-25,1,SC,computers_accessories,9.0
base,last_week,2018-06-25,2018-07-02,2,SC,computers_accessories,9.0
base,last_week,2018-06-25,2018-07-09,3,SC,computers_accessories,9.0
base,last_week,2018-06-25,2018-07-16,4,SC,computers_accessories,0.0
base,last_week,2018-06-25,2018-06-25,1,SC,furniture_decor,6.0
base,last_week,2018-06-25,2018-07-02,2,SC,furniture_decor,6.0
base,last_week,2018-06-25,2018-07-09,3,SC,furniture_decor,6.0
base,last_week,2018-06-25,2018-07-16,4,SC,furniture_decor,0.0
base,last_week,2018-06-25,2018-06-25,1,SC,garden_tools,0.0
base,last_week,2018-06-25,2018-07-02,2,SC,garden_tools,8.0
base,last_week,2018-06-25,2018-07-09,3,SC,garden_tools,8.0
base,last_week,2018-06-25,2018-07-16,4,SC,garden_tools,0.0
base,last_week,2018-06-25,2018-06-25,1,SC,health_beauty,0.0
base,last_week,2018-06-25,2018-07-02,2,SC,health_beauty,0.0
base,last_week,2018-06-25,2018-07-09,3,SC,health_beauty,0.0
base,last_week,2018-06-25,2018-07-16,4,SC,health_beauty,0.0
base,last_week,2018-06-25,2018-06-25,1,SC,housewares,0.0
base,last_week,2018-06-25,2018-07-02,2,SC,housewares,0.0
base,last_week,2018-06-25,2018-07-09,3,SC,housewares,0.0
base,last_week,2018-06-25,2018-07-16,4,SC,housewares,0.0
base,last_week,2018-06-25,2018-06-25,1,SC,sports_leisure,13.0
base,last_week,2018-06-25,2018-07-02,2,SC,sports_leisure,17.0
base,last_week,2018-06-25,2018-07-09,3,SC,sports_leisure,17.0
base,last_week,2018-06-25,2018-07-16,4,SC,sports_leisure,0.0
base,last_week,2018-06-25,2018-06-25,1,SC,telephony,0.0
base,last_week,2018-06-25,2018-07-02,2,SC,telephony,0.0
base,last_week,2018-06-25,2018-07-09,3,SC,telephony,0.0
base,last_week,2018-06-25,2018-07-16,4,SC,telephony,0.0
base,last_week,2018-06-25,2018-06-25,1,SC,watches_gifts,4.0
base,last_week,2018-06-25,2018-07-02,2,SC,watches_gifts,8.0
base,last_week,2018-06-25,2018-07-09,3,SC,watches_gifts,8.0
base,last_week,2018-06-25,2018-07-16,4,SC,watches_gifts,0.0
base,last_week,2018-06-25,2018-06-25,1,SP,auto,75.0
base,last_week,2018-06-25,2018-07-02,2,SP,auto,75.0
base,last_week,2018-06-25,2018-07-09,3,SP,auto,75.0
base,last_week,2018-06-25,2018-07-16,4,SP,auto,0.0
base,last_week,2018-06-25,2018-06-25,1,SP,bed_bath_table,176.0
base,last_week,2018-06-25,2018-07-02,2,SP,bed_bath_table,176.0
base,last_week,2018-06-25,2018-07-09,3,SP,bed_bath_table,176.0
base,last_week,2018-06-25,2018-07-16,4,SP,bed_bath_table,0.0
base,last_week,2018-06-25,2018-06-25,1,SP,computers_accessories,97.0
base,last_week,2018-06-25,2018-07-02,2,SP,computers_accessories,97.0
base,last_week,2018-06-25,2018-07-09,3,SP,computers_accessories,97.0
base,last_week,2018-06-25,2018-07-16,4,SP,computers_accessories,0.0
base,last_week,2018-06-25,2018-06-25,1,SP,furniture_decor,49.0
base,last_week,2018-06-25,2018-07-02,2,SP,furniture_decor,65.0
base,last_week,2018-06-25,2018-07-09,3,SP,furniture_decor,65.0
base,last_week,2018-06-25,2018-07-16,4,SP,furniture_decor,0.0
base,last_week,2018-06-25,2018-06-25,1,SP,garden_tools,9.0
base,last_week,2018-06-25,2018-07-02,2,SP,garden_tools,36.0
base,last_week,2018-06-25,2018-07-09,3,SP,garden_tools,36.0
base,last_week,2018-06-25,2018-07-16,4,SP,garden_tools,0.0
base,last_week,2018-06-25,2018-06-25,1,SP,health_beauty,198.0
base,last_week,2018-06-25,2018-07-02,2,SP,health_beauty,198.0
base,last_week,2018-06-25,2018-07-09,3,SP,health_beauty,198.0
base,last_week,2018-06-25,2018-07-16,4,SP,health_beauty,0.0
base,last_week,2018-06-25,2018-06-25,1,SP,housewares,74.0
base,last_week,2018-06-25,2018-07-02,2,SP,housewares,118.0
base,last_week,2018-06-25,2018-07-09,3,SP,housewares,118.0
base,last_week,2018-06-25,2018-07-16,4,SP,housewares,0.0
base,last_week,2018-06-25,2018-06-25,1,SP,sports_leisure,83.0
base,last_week,2018-06-25,2018-07-02,2,SP,sports_leisure,85.0
base,last_week,2018-06-25,2018-07-09,3,SP,sports_leisure,85.0
base,last_week,2018-06-25,2018-07-16,4,SP,sports_leisure,0.0
base,last_week,2018-06-25,2018-06-25,1,SP,telephony,55.0
base,last_week,2018-06-25,2018-07-02,2,SP,telephony,59.0
base,last_week,2018-06-25,2018-07-09,3,SP,telephony,59.0
base,last_week,2018-06-25,2018-07-16,4,SP,telephony,0.0
base,last_week,2018-06-25,2018-06-25,1,SP,watches_gifts,111.0
base,last_week,2018-06-25,2018-07-02,2,SP,watches_gifts,129.0
base,last_week,2018-06-25,2018-07-09,3,SP,watches_gifts,129.0
base,last_week,2018-06-25,2018-07-16,4,SP,watches_gifts,0.0
base,last_week,2018-07-02,2018-07-02,1,MG,auto,0.0
base,last_week,2018-07-02,2018-07-09,2,MG,auto,0.0
base,last_week,2018-07-02,2018-07-16,3,MG,auto,0.0
base,last_week,2018-07-02,2018-07-23,4,MG,auto,0.0
base,last_week,2018-07-02,2018-07-02,1,MG,bed_bath_table,14.0
base,last_week,2018-07-02,2018-07-09,2,MG,bed_bath_table,14.0
base,last_week,2018-07-02,2018-07-16,3,MG,bed_bath_table,14.0
base,last_week,2018-07-02,2018-07-23,4,MG,bed_bath_table,0.0
base,last_week,2018-07-02,2018-07-02,1,MG,computers_accessories,5.0
base,last_week,2018-07-02,2018-07-09,2,MG,computers_accessories,11.0
base,last_week,2018-07-02,2018-07-16,3,MG,computers_accessories,11.0
base,last_week,2018-07-02,2018-07-23,4,MG,computers_accessories,0.0
base,last_week,2018-07-02,2018-07-02,1,MG,furniture_decor,16.0
base,last_week,2018-07-02,2018-07-09,2,MG,furniture_decor,16.0
base,last_week,2018-07-02,2018-07-16,3,MG,furniture_decor,16.0
base,last_week,2018-07-02,2018-07-23,4,MG,furniture_decor,0.0
base,last_week,2018-07-02,2018-07-02,1,MG,garden_tools,0.0
base,last_week,2018-07-02,2018-07-09,2,MG,garden_tools,0.0
base,last_week,2018-07-02,2018-07-16,3,MG,garden_tools,0.0
base,last_week,2018-07-02,2018-07-23,4,MG,garden_tools,0.0
base,last_week,2018-07-02,2018-07-02,1,MG,health_beauty,14.0
base,last_week,2018-07-02,2018-07-09,2,MG,health_beauty,14.0
base,last_week,2018-07-02,2018-07-16,3,MG,health_beauty,14.0
base,last_week,2018-07-02,2018-07-23,4,MG,health_beauty,0.0
base,last_week,2018-07-02,2018-07-02,1,MG,housewares,0.0
base,last_week,2018-07-02,2018-07-09,2,MG,housewares,0.0
base,last_week,2018-07-02,2018-07-16,3,MG,housewares,0.0
base,last_week,2018-07-02,2018-07-23,4,MG,housewares,0.0
base,last_week,2018-07-02,2018-07-02,1,MG,sports_leisure,0.0
base,last_week,2018-07-02,2018-07-09,2,MG,sports_leisure,0.0
base,last_week,2018-07-02,2018-07-16,3,MG,sports_leisure,7.0
base,last_week,2018-07-02,2018-07-23,4,MG,sports_leisure,0.0
base,last_week,2018-07-02,2018-07-02,1,MG,telephony,0.0
base,last_week,2018-07-02,2018-07-09,2,MG,telephony,2.0
base,last_week,2018-07-02,2018-07-16,3,MG,telephony,5.0
base,last_week,2018-07-02,2018-07-23,4,MG,telephony,0.0
base,last_week,2018-07-02,2018-07-02,1,MG,watches_gifts,0.0
base,last_week,2018-07-02,2018-07-09,2,MG,watches_gifts,0.0
base,last_week,2018-07-02,2018-07-16,3,MG,watches_gifts,0.0
base,last_week,2018-07-02,2018-07-23,4,MG,watches_gifts,0.0
base,last_week,2018-07-02,2018-07-02,1,PR,auto,8.0
base,last_week,2018-07-02,2018-07-09,2,PR,auto,8.0
base,last_week,2018-07-02,2018-07-16,3,PR,auto,8.0
base,last_week,2018-07-02,2018-07-23,4,PR,auto,0.0
base,last_week,2018-07-02,2018-07-02,1,PR,bed_bath_table,0.0
base,last_week,2018-07-02,2018-07-09,2,PR,bed_bath_table,0.0
base,last_week,2018-07-02,2018-07-16,3,PR,bed_bath_table,0.0
base,last_week,2018-07-02,2018-07-23,4,PR,bed_bath_table,0.0
base,last_week,2018-07-02,2018-07-02,1,PR,computers_accessories,0.0
base,last_week,2018-07-02,2018-07-09,2,PR,computers_accessories,0.0
base,last_week,2018-07-02,2018-07-16,3,PR,computers_accessories,0.0
base,last_week,2018-07-02,2018-07-23,4,PR,computers_accessories,0.0
base,last_week,2018-07-02,2018-07-02,1,PR,furniture_decor,19.0
base,last_week,2018-07-02,2018-07-09,2,PR,furniture_decor,19.0
base,last_week,2018-07-02,2018-07-16,3,PR,furniture_decor,19.0
base,last_week,2018-07-02,2018-07-23,4,PR,furniture_decor,0.0
base,last_week,2018-07-02,2018-07-02,1,PR,garden_tools,0.0
base,last_week,2018-07-02,2018-07-09,2,PR,garden_tools,0.0
base,last_week,2018-07-02,2018-07-16,3,PR,garden_tools,0.0
base,last_week,2018-07-02,2018-07-23,4,PR,garden_tools,0.0
base,last_week,2018-07-02,2018-07-02,1,PR,health_beauty,21.0
base,last_week,2018-07-02,2018-07-09,2,PR,health_beauty,21.0
base,last_week,2018-07-02,2018-07-16,3,PR,health_beauty,21.0
base,last_week,2018-07-02,2018-07-23,4,PR,health_beauty,0.0
base,last_week,2018-07-02,2018-07-02,1,PR,housewares,17.0
base,last_week,2018-07-02,2018-07-09,2,PR,housewares,17.0
base,last_week,2018-07-02,2018-07-16,3,PR,housewares,17.0
base,last_week,2018-07-02,2018-07-23,4,PR,housewares,0.0
base,last_week,2018-07-02,2018-07-02,1,PR,sports_leisure,0.0
base,last_week,2018-07-02,2018-07-09,2,PR,sports_leisure,0.0
base,last_week,2018-07-02,2018-07-16,3,PR,sports_leisure,0.0
base,last_week,2018-07-02,2018-07-23,4,PR,sports_leisure,0.0
base,last_week,2018-07-02,2018-07-02,1,PR,telephony,0.0
base,last_week,2018-07-02,2018-07-09,2,PR,telephony,0.0
base,last_week,2018-07-02,2018-07-16,3,PR,telephony,0.0
base,last_week,2018-07-02,2018-07-23,4,PR,telephony,0.0
base,last_week,2018-07-02,2018-07-02,1,PR,watches_gifts,8.0
base,last_week,2018-07-02,2018-07-09,2,PR,watches_gifts,8.0
base,last_week,2018-07-02,2018-07-16,3,PR,watches_gifts,8.0
base,last_week,2018-07-02,2018-07-23,4,PR,watches_gifts,0.0
base,last_week,2018-07-02,2018-07-02,1,RJ,auto,6.0
base,last_week,2018-07-02,2018-07-09,2,RJ,auto,6.0
base,last_week,2018-07-02,2018-07-16,3,RJ,auto,6.0
base,last_week,2018-07-02,2018-07-23,4,RJ,auto,0.0
base,last_week,2018-07-02,2018-07-02,1,RJ,bed_bath_table,10.0
base,last_week,2018-07-02,2018-07-09,2,RJ,bed_bath_table,10.0
base,last_week,2018-07-02,2018-07-16,3,RJ,bed_bath_table,10.0
base,last_week,2018-07-02,2018-07-23,4,RJ,bed_bath_table,0.0
base,last_week,2018-07-02,2018-07-02,1,RJ,computers_accessories,0.0
base,last_week,2018-07-02,2018-07-09,2,RJ,computers_accessories,0.0
base,last_week,2018-07-02,2018-07-16,3,RJ,computers_accessories,0.0
base,last_week,2018-07-02,2018-07-23,4,RJ,computers_accessories,0.0
base,last_week,2018-07-02,2018-07-02,1,RJ,furniture_decor,5.0
base,last_week,2018-07-02,2018-07-09,2,RJ,furniture_decor,5.0
base,last_week,2018-07-02,2018-07-16,3,RJ,furniture_decor,5.0
base,last_week,2018-07-02,2018-07-23,4,RJ,furniture_decor,0.0
base,last_week,2018-07-02,2018-07-02,1,RJ,garden_tools,4.0
base,last_week,2018-07-02,2018-07-09,2,RJ,garden_tools,4.0
base,last_week,2018-07-02,2018-07-16,3,RJ,garden_tools,4.0
base,last_week,2018-07-02,2018-07-23,4,RJ,garden_tools,0.0
base,last_week,2018-07-02,2018-07-02,1,RJ,health_beauty,0.0
base,last_week,2018-07-02,2018-07-09,2,RJ,health_beauty,0.0
base,last_week,2018-07-02,2018-07-16,3,RJ,health_beauty,0.0
base,last_week,2018-07-02,2018-07-23,4,RJ,health_beauty,0.0
base,last_week,2018-07-02,2018-07-02,1,RJ,housewares,8.0
base,last_week,2018-07-02,2018-07-09,2,RJ,housewares,8.0
base,last_week,2018-07-02,2018-07-16,3,RJ,housewares,8.0
base,last_week,2018-07-02,2018-07-23,4,RJ,housewares,0.0
base,last_week,2018-07-02,2018-07-02,1,RJ,sports_leisure,0.0
base,last_week,2018-07-02,2018-07-09,2,RJ,sports_leisure,10.0
base,last_week,2018-07-02,2018-07-16,3,RJ,sports_leisure,10.0
base,last_week,2018-07-02,2018-07-23,4,RJ,sports_leisure,0.0
base,last_week,2018-07-02,2018-07-02,1,RJ,telephony,0.0
base,last_week,2018-07-02,2018-07-09,2,RJ,telephony,0.0
base,last_week,2018-07-02,2018-07-16,3,RJ,telephony,0.0
base,last_week,2018-07-02,2018-07-23,4,RJ,telephony,0.0
base,last_week,2018-07-02,2018-07-02,1,RJ,watches_gifts,0.0
base,last_week,2018-07-02,2018-07-09,2,RJ,watches_gifts,0.0
base,last_week,2018-07-02,2018-07-16,3,RJ,watches_gifts,0.0
base,last_week,2018-07-02,2018-07-23,4,RJ,watches_gifts,0.0
base,last_week,2018-07-02,2018-07-02,1,RS,auto,3.0
base,last_week,2018-07-02,2018-07-09,2,RS,auto,3.0
base,last_week,2018-07-02,2018-07-16,3,RS,auto,3.0
base,last_week,2018-07-02,2018-07-23,4,RS,auto,0.0
base,last_week,2018-07-02,2018-07-02,1,RS,bed_bath_table,6.0
base,last_week,2018-07-02,2018-07-09,2,RS,bed_bath_table,6.0
base,last_week,2018-07-02,2018-07-16,3,RS,bed_bath_table,6.0
base,last_week,2018-07-02,2018-07-23,4,RS,bed_bath_table,0.0
base,last_week,2018-07-02,2018-07-02,1,RS,computers_accessories,12.0
base,last_week,2018-07-02,2018-07-09,2,RS,computers_accessories,13.0
base,last_week,2018-07-02,2018-07-16,3,RS,computers_accessories,13.0
base,last_week,2018-07-02,2018-07-23,4,RS,computers_accessories,0.0
base,last_week,2018-07-02,2018-07-02,1,RS,furniture_decor,5.0
base,last_week,2018-07-02,2018-07-09,2,RS,furniture_decor,5.0
base,last_week,2018-07-02,2018-07-16,3,RS,furniture_decor,5.0
base,last_week,2018-07-02,2018-07-23,4,RS,furniture_decor,0.0
base,last_week,2018-07-02,2018-07-02,1,RS,garden_tools,2.0
base,last_week,2018-07-02,2018-07-09,2,RS,garden_tools,2.0
base,last_week,2018-07-02,2018-07-16,3,RS,garden_tools,2.0
base,last_week,2018-07-02,2018-07-23,4,RS,garden_tools,0.0
base,last_week,2018-07-02,2018-07-02,1,RS,health_beauty,8.0
base,last_week,2018-07-02,2018-07-09,2,RS,health_beauty,8.0
base,last_week,2018-07-02,2018-07-16,3,RS,health_beauty,8.0
base,last_week,2018-07-02,2018-07-23,4,RS,health_beauty,0.0
base,last_week,2018-07-02,2018-07-02,1,RS,housewares,7.0
base,last_week,2018-07-02,2018-07-09,2,RS,housewares,7.0
base,last_week,2018-07-02,2018-07-16,3,RS,housewares,7.0
base,last_week,2018-07-02,2018-07-23,4,RS,housewares,0.0
base,last_week,2018-07-02,2018-07-02,1,RS,sports_leisure,0.0
base,last_week,2018-07-02,2018-07-09,2,RS,sports_leisure,0.0
base,last_week,2018-07-02,2018-07-16,3,RS,sports_leisure,0.0
base,last_week,2018-07-02,2018-07-23,4,RS,sports_leisure,0.0
base,last_week,2018-07-02,2018-07-02,1,RS,telephony,5.0
base,last_week,2018-07-02,2018-07-09,2,RS,telephony,5.0
base,last_week,2018-07-02,2018-07-16,3,RS,telephony,5.0
base,last_week,2018-07-02,2018-07-23,4,RS,telephony,0.0
base,last_week,2018-07-02,2018-07-02,1,RS,watches_gifts,0.0
base,last_week,2018-07-02,2018-07-09,2,RS,watches_gifts,0.0
base,last_week,2018-07-02,2018-07-16,3,RS,watches_gifts,0.0
base,last_week,2018-07-02,2018-07-23,4,RS,watches_gifts,0.0
base,last_week,2018-07-02,2018-07-02,1,SC,auto,0.0
base,last_week,2018-07-02,2018-07-09,2,SC,auto,0.0
base,last_week,2018-07-02,2018-07-16,3,SC,auto,0.0
base,last_week,2018-07-02,2018-07-23,4,SC,auto,0.0
base,last_week,2018-07-02,2018-07-02,1,SC,bed_bath_table,2.0
base,last_week,2018-07-02,2018-07-09,2,SC,bed_bath_table,10.0
base,last_week,2018-07-02,2018-07-16,3,SC,bed_bath_table,10.0
base,last_week,2018-07-02,2018-07-23,4,SC,bed_bath_table,0.0
base,last_week,2018-07-02,2018-07-02,1,SC,computers_accessories,9.0
base,last_week,2018-07-02,2018-07-09,2,SC,computers_accessories,9.0
base,last_week,2018-07-02,2018-07-16,3,SC,computers_accessories,9.0
base,last_week,2018-07-02,2018-07-23,4,SC,computers_accessories,0.0
base,last_week,2018-07-02,2018-07-02,1,SC,furniture_decor,6.0
base,last_week,2018-07-02,2018-07-09,2,SC,furniture_decor,6.0
base,last_week,2018-07-02,2018-07-16,3,SC,furniture_decor,6.0
base,last_week,2018-07-02,2018-07-23,4,SC,furniture_decor,0.0
base,last_week,2018-07-02,2018-07-02,1,SC,garden_tools,8.0
base,last_week,2018-07-02,2018-07-09,2,SC,garden_tools,8.0
base,last_week,2018-07-02,2018-07-16,3,SC,garden_tools,8.0
base,last_week,2018-07-02,2018-07-23,4,SC,garden_tools,0.0
base,last_week,2018-07-02,2018-07-02,1,SC,health_beauty,0.0
base,last_week,2018-07-02,2018-07-09,2,SC,health_beauty,0.0
base,last_week,2018-07-02,2018-07-16,3,SC,health_beauty,0.0
base,last_week,2018-07-02,2018-07-23,4,SC,health_beauty,0.0
base,last_week,2018-07-02,2018-07-02,1,SC,housewares,0.0
base,last_week,2018-07-02,2018-07-09,2,SC,housewares,0.0
base,last_week,2018-07-02,2018-07-16,3,SC,housewares,0.0
base,last_week,2018-07-02,2018-07-23,4,SC,housewares,0.0
base,last_week,2018-07-02,2018-07-02,1,SC,sports_leisure,15.0
base,last_week,2018-07-02,2018-07-09,2,SC,sports_leisure,18.0
base,last_week,2018-07-02,2018-07-16,3,SC,sports_leisure,18.0
base,last_week,2018-07-02,2018-07-23,4,SC,sports_leisure,0.0
base,last_week,2018-07-02,2018-07-02,1,SC,telephony,0.0
base,last_week,2018-07-02,2018-07-09,2,SC,telephony,0.0
base,last_week,2018-07-02,2018-07-16,3,SC,telephony,0.0
base,last_week,2018-07-02,2018-07-23,4,SC,telephony,0.0
base,last_week,2018-07-02,2018-07-02,1,SC,watches_gifts,2.0
base,last_week,2018-07-02,2018-07-09,2,SC,watches_gifts,7.0
base,last_week,2018-07-02,2018-07-16,3,SC,watches_gifts,7.0
base,last_week,2018-07-02,2018-07-23,4,SC,watches_gifts,0.0
base,last_week,2018-07-02,2018-07-02,1,SP,auto,57.0
base,last_week,2018-07-02,2018-07-09,2,SP,auto,70.0
base,last_week,2018-07-02,2018-07-16,3,SP,auto,70.0
base,last_week,2018-07-02,2018-07-23,4,SP,auto,0.0
base,last_week,2018-07-02,2018-07-02,1,SP,bed_bath_table,54.0
base,last_week,2018-07-02,2018-07-09,2,SP,bed_bath_table,148.0
base,last_week,2018-07-02,2018-07-16,3,SP,bed_bath_table,148.0
base,last_week,2018-07-02,2018-07-23,4,SP,bed_bath_table,0.0
base,last_week,2018-07-02,2018-07-02,1,SP,computers_accessories,97.0
base,last_week,2018-07-02,2018-07-09,2,SP,computers_accessories,97.0
base,last_week,2018-07-02,2018-07-16,3,SP,computers_accessories,97.0
base,last_week,2018-07-02,2018-07-23,4,SP,computers_accessories,0.0
base,last_week,2018-07-02,2018-07-02,1,SP,furniture_decor,99.0
base,last_week,2018-07-02,2018-07-09,2,SP,furniture_decor,99.0
base,last_week,2018-07-02,2018-07-16,3,SP,furniture_decor,99.0
base,last_week,2018-07-02,2018-07-23,4,SP,furniture_decor,0.0
base,last_week,2018-07-02,2018-07-02,1,SP,garden_tools,76.0
base,last_week,2018-07-02,2018-07-09,2,SP,garden_tools,76.0
base,last_week,2018-07-02,2018-07-16,3,SP,garden_tools,76.0
base,last_week,2018-07-02,2018-07-23,4,SP,garden_tools,0.0
base,last_week,2018-07-02,2018-07-02,1,SP,health_beauty,82.0
base,last_week,2018-07-02,2018-07-09,2,SP,health_beauty,170.0
base,last_week,2018-07-02,2018-07-16,3,SP,health_beauty,181.0
base,last_week,2018-07-02,2018-07-23,4,SP,health_beauty,0.0
base,last_week,2018-07-02,2018-07-02,1,SP,housewares,134.0
base,last_week,2018-07-02,2018-07-09,2,SP,housewares,134.0
base,last_week,2018-07-02,2018-07-16,3,SP,housewares,134.0
base,last_week,2018-07-02,2018-07-23,4,SP,housewares,0.0
base,last_week,2018-07-02,2018-07-02,1,SP,sports_leisure,84.0
base,last_week,2018-07-02,2018-07-09,2,SP,sports_leisure,91.0
base,last_week,2018-07-02,2018-07-16,3,SP,sports_leisure,91.0
base,last_week,2018-07-02,2018-07-23,4,SP,sports_leisure,0.0
base,last_week,2018-07-02,2018-07-02,1,SP,telephony,0.0
base,last_week,2018-07-02,2018-07-09,2,SP,telephony,43.0
base,last_week,2018-07-02,2018-07-16,3,SP,telephony,43.0
base,last_week,2018-07-02,2018-07-23,4,SP,telephony,0.0
base,last_week,2018-07-02,2018-07-02,1,SP,watches_gifts,73.0
base,last_week,2018-07-02,2018-07-09,2,SP,watches_gifts,118.0
base,last_week,2018-07-02,2018-07-16,3,SP,watches_gifts,118.0
base,last_week,2018-07-02,2018-07-23,4,SP,watches_gifts,0.0
base,last_week,2018-07-09,2018-07-09,1,MG,auto,0.0
base,last_week,2018-07-09,2018-07-16,2,MG,auto,0.0
base,last_week,2018-07-09,2018-07-23,3,MG,auto,0.0
base,last_week,2018-07-09,2018-07-30,4,MG,auto,0.0
base,last_week,2018-07-09,2018-07-09,1,MG,bed_bath_table,14.0
base,last_week,2018-07-09,2018-07-16,2,MG,bed_bath_table,14.0
base,last_week,2018-07-09,2018-07-23,3,MG,bed_bath_table,14.0
base,last_week,2018-07-09,2018-07-30,4,MG,bed_bath_table,0.0
base,last_week,2018-07-09,2018-07-09,1,MG,computers_accessories,11.0
base,last_week,2018-07-09,2018-07-16,2,MG,computers_accessories,12.0
base,last_week,2018-07-09,2018-07-23,3,MG,computers_accessories,12.0
base,last_week,2018-07-09,2018-07-30,4,MG,computers_accessories,0.0
base,last_week,2018-07-09,2018-07-09,1,MG,furniture_decor,4.0
base,last_week,2018-07-09,2018-07-16,2,MG,furniture_decor,10.0
base,last_week,2018-07-09,2018-07-23,3,MG,furniture_decor,10.0
base,last_week,2018-07-09,2018-07-30,4,MG,furniture_decor,0.0
base,last_week,2018-07-09,2018-07-09,1,MG,garden_tools,0.0
base,last_week,2018-07-09,2018-07-16,2,MG,garden_tools,0.0
base,last_week,2018-07-09,2018-07-23,3,MG,garden_tools,0.0
base,last_week,2018-07-09,2018-07-30,4,MG,garden_tools,0.0
base,last_week,2018-07-09,2018-07-09,1,MG,health_beauty,14.0
base,last_week,2018-07-09,2018-07-16,2,MG,health_beauty,14.0
base,last_week,2018-07-09,2018-07-23,3,MG,health_beauty,14.0
base,last_week,2018-07-09,2018-07-30,4,MG,health_beauty,0.0
base,last_week,2018-07-09,2018-07-09,1,MG,housewares,0.0
base,last_week,2018-07-09,2018-07-16,2,MG,housewares,0.0
base,last_week,2018-07-09,2018-07-23,3,MG,housewares,0.0
base,last_week,2018-07-09,2018-07-30,4,MG,housewares,0.0
base,last_week,2018-07-09,2018-07-09,1,MG,sports_leisure,12.0
base,last_week,2018-07-09,2018-07-16,2,MG,sports_leisure,12.0
base,last_week,2018-07-09,2018-07-23,3,MG,sports_leisure,12.0
base,last_week,2018-07-09,2018-07-30,4,MG,sports_leisure,0.0
base,last_week,2018-07-09,2018-07-09,1,MG,telephony,5.0
base,last_week,2018-07-09,2018-07-16,2,MG,telephony,5.0
base,last_week,2018-07-09,2018-07-23,3,MG,telephony,5.0
base,last_week,2018-07-09,2018-07-30,4,MG,telephony,0.0
base,last_week,2018-07-09,2018-07-09,1,MG,watches_gifts,0.0
base,last_week,2018-07-09,2018-07-16,2,MG,watches_gifts,0.0
base,last_week,2018-07-09,2018-07-23,3,MG,watches_gifts,0.0
base,last_week,2018-07-09,2018-07-30,4,MG,watches_gifts,0.0
base,last_week,2018-07-09,2018-07-09,1,PR,auto,8.0
base,last_week,2018-07-09,2018-07-16,2,PR,auto,8.0
base,last_week,2018-07-09,2018-07-23,3,PR,auto,8.0
base,last_week,2018-07-09,2018-07-30,4,PR,auto,0.0
base,last_week,2018-07-09,2018-07-09,1,PR,bed_bath_table,0.0
base,last_week,2018-07-09,2018-07-16,2,PR,bed_bath_table,0.0
base,last_week,2018-07-09,2018-07-23,3,PR,bed_bath_table,0.0
base,last_week,2018-07-09,2018-07-30,4,PR,bed_bath_table,0.0
base,last_week,2018-07-09,2018-07-09,1,PR,computers_accessories,0.0
base,last_week,2018-07-09,2018-07-16,2,PR,computers_accessories,0.0
base,last_week,2018-07-09,2018-07-23,3,PR,computers_accessories,0.0
base,last_week,2018-07-09,2018-07-30,4,PR,computers_accessories,0.0
base,last_week,2018-07-09,2018-07-09,1,PR,furniture_decor,0.0
base,last_week,2018-07-09,2018-07-16,2,PR,furniture_decor,16.0
base,last_week,2018-07-09,2018-07-23,3,PR,furniture_decor,16.0
base,last_week,2018-07-09,2018-07-30,4,PR,furniture_decor,0.0
base,last_week,2018-07-09,2018-07-09,1,PR,garden_tools,0.0
base,last_week,2018-07-09,2018-07-16,2,PR,garden_tools,0.0
base,last_week,2018-07-09,2018-07-23,3,PR,garden_tools,0.0
base,last_week,2018-07-09,2018-07-30,4,PR,garden_tools,0.0
base,last_week,2018-07-09,2018-07-09,1,PR,health_beauty,0.0
base,last_week,2018-07-09,2018-07-16,2,PR,health_beauty,2.0
base,last_week,2018-07-09,2018-07-23,3,PR,health_beauty,10.0
base,last_week,2018-07-09,2018-07-30,4,PR,health_beauty,0.0
base,last_week,2018-07-09,2018-07-09,1,PR,housewares,17.0
base,last_week,2018-07-09,2018-07-16,2,PR,housewares,17.0
base,last_week,2018-07-09,2018-07-23,3,PR,housewares,17.0
base,last_week,2018-07-09,2018-07-30,4,PR,housewares,0.0
base,last_week,2018-07-09,2018-07-09,1,PR,sports_leisure,5.0
base,last_week,2018-07-09,2018-07-16,2,PR,sports_leisure,5.0
base,last_week,2018-07-09,2018-07-23,3,PR,sports_leisure,5.0
base,last_week,2018-07-09,2018-07-30,4,PR,sports_leisure,0.0
base,last_week,2018-07-09,2018-07-09,1,PR,telephony,0.0
base,last_week,2018-07-09,2018-07-16,2,PR,telephony,0.0
base,last_week,2018-07-09,2018-07-23,3,PR,telephony,0.0
base,last_week,2018-07-09,2018-07-30,4,PR,telephony,0.0
base,last_week,2018-07-09,2018-07-09,1,PR,watches_gifts,8.0
base,last_week,2018-07-09,2018-07-16,2,PR,watches_gifts,8.0
base,last_week,2018-07-09,2018-07-23,3,PR,watches_gifts,8.0
base,last_week,2018-07-09,2018-07-30,4,PR,watches_gifts,0.0
base,last_week,2018-07-09,2018-07-09,1,RJ,auto,6.0
base,last_week,2018-07-09,2018-07-16,2,RJ,auto,6.0
base,last_week,2018-07-09,2018-07-23,3,RJ,auto,6.0
base,last_week,2018-07-09,2018-07-30,4,RJ,auto,0.0
base,last_week,2018-07-09,2018-07-09,1,RJ,bed_bath_table,10.0
base,last_week,2018-07-09,2018-07-16,2,RJ,bed_bath_table,10.0
base,last_week,2018-07-09,2018-07-23,3,RJ,bed_bath_table,10.0
base,last_week,2018-07-09,2018-07-30,4,RJ,bed_bath_table,0.0
base,last_week,2018-07-09,2018-07-09,1,RJ,computers_accessories,0.0
base,last_week,2018-07-09,2018-07-16,2,RJ,computers_accessories,0.0
base,last_week,2018-07-09,2018-07-23,3,RJ,computers_accessories,0.0
base,last_week,2018-07-09,2018-07-30,4,RJ,computers_accessories,0.0
base,last_week,2018-07-09,2018-07-09,1,RJ,furniture_decor,5.0
base,last_week,2018-07-09,2018-07-16,2,RJ,furniture_decor,5.0
base,last_week,2018-07-09,2018-07-23,3,RJ,furniture_decor,5.0
base,last_week,2018-07-09,2018-07-30,4,RJ,furniture_decor,0.0
base,last_week,2018-07-09,2018-07-09,1,RJ,garden_tools,4.0
base,last_week,2018-07-09,2018-07-16,2,RJ,garden_tools,4.0
base,last_week,2018-07-09,2018-07-23,3,RJ,garden_tools,4.0
base,last_week,2018-07-09,2018-07-30,4,RJ,garden_tools,0.0
base,last_week,2018-07-09,2018-07-09,1,RJ,health_beauty,0.0
base,last_week,2018-07-09,2018-07-16,2,RJ,health_beauty,0.0
base,last_week,2018-07-09,2018-07-23,3,RJ,health_beauty,0.0
base,last_week,2018-07-09,2018-07-30,4,RJ,health_beauty,0.0
base,last_week,2018-07-09,2018-07-09,1,RJ,housewares,8.0
base,last_week,2018-07-09,2018-07-16,2,RJ,housewares,8.0
base,last_week,2018-07-09,2018-07-23,3,RJ,housewares,8.0
base,last_week,2018-07-09,2018-07-30,4,RJ,housewares,0.0
base,last_week,2018-07-09,2018-07-09,1,RJ,sports_leisure,12.0
base,last_week,2018-07-09,2018-07-16,2,RJ,sports_leisure,12.0
base,last_week,2018-07-09,2018-07-23,3,RJ,sports_leisure,12.0
base,last_week,2018-07-09,2018-07-30,4,RJ,sports_leisure,0.0
base,last_week,2018-07-09,2018-07-09,1,RJ,telephony,3.0
base,last_week,2018-07-09,2018-07-16,2,RJ,telephony,6.0
base,last_week,2018-07-09,2018-07-23,3,RJ,telephony,6.0
base,last_week,2018-07-09,2018-07-30,4,RJ,telephony,0.0
base,last_week,2018-07-09,2018-07-09,1,RJ,watches_gifts,0.0
base,last_week,2018-07-09,2018-07-16,2,RJ,watches_gifts,0.0
base,last_week,2018-07-09,2018-07-23,3,RJ,watches_gifts,0.0
base,last_week,2018-07-09,2018-07-30,4,RJ,watches_gifts,0.0
base,last_week,2018-07-09,2018-07-09,1,RS,auto,3.0
base,last_week,2018-07-09,2018-07-16,2,RS,auto,3.0
base,last_week,2018-07-09,2018-07-23,3,RS,auto,3.0
base,last_week,2018-07-09,2018-07-30,4,RS,auto,0.0
base,last_week,2018-07-09,2018-07-09,1,RS,bed_bath_table,6.0
base,last_week,2018-07-09,2018-07-16,2,RS,bed_bath_table,6.0
base,last_week,2018-07-09,2018-07-23,3,RS,bed_bath_table,6.0
base,last_week,2018-07-09,2018-07-30,4,RS,bed_bath_table,0.0
base,last_week,2018-07-09,2018-07-09,1,RS,computers_accessories,0.0
base,last_week,2018-07-09,2018-07-16,2,RS,computers_accessories,0.0
base,last_week,2018-07-09,2018-07-23,3,RS,computers_accessories,5.0
base,last_week,2018-07-09,2018-07-30,4,RS,computers_accessories,0.0
base,last_week,2018-07-09,2018-07-09,1,RS,furniture_decor,1.0
base,last_week,2018-07-09,2018-07-16,2,RS,furniture_decor,5.0
base,last_week,2018-07-09,2018-07-23,3,RS,furniture_decor,5.0
base,last_week,2018-07-09,2018-07-30,4,RS,furniture_decor,0.0
base,last_week,2018-07-09,2018-07-09,1,RS,garden_tools,0.0
base,last_week,2018-07-09,2018-07-16,2,RS,garden_tools,1.0
base,last_week,2018-07-09,2018-07-23,3,RS,garden_tools,1.0
base,last_week,2018-07-09,2018-07-30,4,RS,garden_tools,0.0
base,last_week,2018-07-09,2018-07-09,1,RS,health_beauty,0.0
base,last_week,2018-07-09,2018-07-16,2,RS,health_beauty,8.0
base,last_week,2018-07-09,2018-07-23,3,RS,health_beauty,8.0
base,last_week,2018-07-09,2018-07-30,4,RS,health_beauty,0.0
base,last_week,2018-07-09,2018-07-09,1,RS,housewares,3.0
base,last_week,2018-07-09,2018-07-16,2,RS,housewares,5.0
base,last_week,2018-07-09,2018-07-23,3,RS,housewares,5.0
base,last_week,2018-07-09,2018-07-30,4,RS,housewares,0.0
base,last_week,2018-07-09,2018-07-09,1,RS,sports_leisure,0.0
base,last_week,2018-07-09,2018-07-16,2,RS,sports_leisure,0.0
base,last_week,2018-07-09,2018-07-23,3,RS,sports_leisure,0.0
base,last_week,2018-07-09,2018-07-30,4,RS,sports_leisure,0.0
base,last_week,2018-07-09,2018-07-09,1,RS,telephony,5.0
base,last_week,2018-07-09,2018-07-16,2,RS,telephony,5.0
base,last_week,2018-07-09,2018-07-23,3,RS,telephony,5.0
base,last_week,2018-07-09,2018-07-30,4,RS,telephony,0.0
base,last_week,2018-07-09,2018-07-09,1,RS,watches_gifts,0.0
base,last_week,2018-07-09,2018-07-16,2,RS,watches_gifts,0.0
base,last_week,2018-07-09,2018-07-23,3,RS,watches_gifts,0.0
base,last_week,2018-07-09,2018-07-30,4,RS,watches_gifts,0.0
base,last_week,2018-07-09,2018-07-09,1,SC,auto,0.0
base,last_week,2018-07-09,2018-07-16,2,SC,auto,0.0
base,last_week,2018-07-09,2018-07-23,3,SC,auto,0.0
base,last_week,2018-07-09,2018-07-30,4,SC,auto,0.0
base,last_week,2018-07-09,2018-07-09,1,SC,bed_bath_table,0.0
base,last_week,2018-07-09,2018-07-16,2,SC,bed_bath_table,2.0
base,last_week,2018-07-09,2018-07-23,3,SC,bed_bath_table,7.0
base,last_week,2018-07-09,2018-07-30,4,SC,bed_bath_table,0.0
base,last_week,2018-07-09,2018-07-09,1,SC,computers_accessories,0.0
base,last_week,2018-07-09,2018-07-16,2,SC,computers_accessories,9.0
base,last_week,2018-07-09,2018-07-23,3,SC,computers_accessories,9.0
base,last_week,2018-07-09,2018-07-30,4,SC,computers_accessories,0.0
base,last_week,2018-07-09,2018-07-09,1,SC,furniture_decor,2.0
base,last_week,2018-07-09,2018-07-16,2,SC,furniture_decor,6.0
base,last_week,2018-07-09,2018-07-23,3,SC,furniture_decor,6.0
base,last_week,2018-07-09,2018-07-30,4,SC,furniture_decor,0.0
base,last_week,2018-07-09,2018-07-09,1,SC,garden_tools,8.0
base,last_week,2018-07-09,2018-07-16,2,SC,garden_tools,8.0
base,last_week,2018-07-09,2018-07-23,3,SC,garden_tools,8.0
base,last_week,2018-07-09,2018-07-30,4,SC,garden_tools,0.0
base,last_week,2018-07-09,2018-07-09,1,SC,health_beauty,0.0
base,last_week,2018-07-09,2018-07-16,2,SC,health_beauty,0.0
base,last_week,2018-07-09,2018-07-23,3,SC,health_beauty,0.0
base,last_week,2018-07-09,2018-07-30,4,SC,health_beauty,0.0
base,last_week,2018-07-09,2018-07-09,1,SC,housewares,0.0
base,last_week,2018-07-09,2018-07-16,2,SC,housewares,0.0
base,last_week,2018-07-09,2018-07-23,3,SC,housewares,0.0
base,last_week,2018-07-09,2018-07-30,4,SC,housewares,0.0
base,last_week,2018-07-09,2018-07-09,1,SC,sports_leisure,18.0
base,last_week,2018-07-09,2018-07-16,2,SC,sports_leisure,18.0
base,last_week,2018-07-09,2018-07-23,3,SC,sports_leisure,18.0
base,last_week,2018-07-09,2018-07-30,4,SC,sports_leisure,0.0
base,last_week,2018-07-09,2018-07-09,1,SC,telephony,0.0
base,last_week,2018-07-09,2018-07-16,2,SC,telephony,0.0
base,last_week,2018-07-09,2018-07-23,3,SC,telephony,0.0
base,last_week,2018-07-09,2018-07-30,4,SC,telephony,0.0
base,last_week,2018-07-09,2018-07-09,1,SC,watches_gifts,1.0
base,last_week,2018-07-09,2018-07-16,2,SC,watches_gifts,6.0
base,last_week,2018-07-09,2018-07-23,3,SC,watches_gifts,6.0
base,last_week,2018-07-09,2018-07-30,4,SC,watches_gifts,0.0
base,last_week,2018-07-09,2018-07-09,1,SP,auto,22.0
base,last_week,2018-07-09,2018-07-16,2,SP,auto,60.0
base,last_week,2018-07-09,2018-07-23,3,SP,auto,60.0
base,last_week,2018-07-09,2018-07-30,4,SP,auto,0.0
base,last_week,2018-07-09,2018-07-09,1,SP,bed_bath_table,49.0
base,last_week,2018-07-09,2018-07-16,2,SP,bed_bath_table,124.0
base,last_week,2018-07-09,2018-07-23,3,SP,bed_bath_table,124.0
base,last_week,2018-07-09,2018-07-30,4,SP,bed_bath_table,0.0
base,last_week,2018-07-09,2018-07-09,1,SP,computers_accessories,27.0
base,last_week,2018-07-09,2018-07-16,2,SP,computers_accessories,80.0
base,last_week,2018-07-09,2018-07-23,3,SP,computers_accessories,80.0
base,last_week,2018-07-09,2018-07-30,4,SP,computers_accessories,0.0
base,last_week,2018-07-09,2018-07-09,1,SP,furniture_decor,53.0
base,last_week,2018-07-09,2018-07-16,2,SP,furniture_decor,76.0
base,last_week,2018-07-09,2018-07-23,3,SP,furniture_decor,76.0
base,last_week,2018-07-09,2018-07-30,4,SP,furniture_decor,0.0
base,last_week,2018-07-09,2018-07-09,1,SP,garden_tools,8.0
base,last_week,2018-07-09,2018-07-16,2,SP,garden_tools,42.0
base,last_week,2018-07-09,2018-07-23,3,SP,garden_tools,42.0
base,last_week,2018-07-09,2018-07-30,4,SP,garden_tools,0.0
base,last_week,2018-07-09,2018-07-09,1,SP,health_beauty,158.0
base,last_week,2018-07-09,2018-07-16,2,SP,health_beauty,175.0
base,last_week,2018-07-09,2018-07-23,3,SP,health_beauty,184.0
base,last_week,2018-07-09,2018-07-30,4,SP,health_beauty,0.0
base,last_week,2018-07-09,2018-07-09,1,SP,housewares,46.0
base,last_week,2018-07-09,2018-07-16,2,SP,housewares,110.0
base,last_week,2018-07-09,2018-07-23,3,SP,housewares,110.0
base,last_week,2018-07-09,2018-07-30,4,SP,housewares,0.0
base,last_week,2018-07-09,2018-07-09,1,SP,sports_leisure,84.0
base,last_week,2018-07-09,2018-07-16,2,SP,sports_leisure,91.0
base,last_week,2018-07-09,2018-07-23,3,SP,sports_leisure,91.0
base,last_week,2018-07-09,2018-07-30,4,SP,sports_leisure,0.0
base,last_week,2018-07-09,2018-07-09,1,SP,telephony,5.0
base,last_week,2018-07-09,2018-07-16,2,SP,telephony,34.0
base,last_week,2018-07-09,2018-07-23,3,SP,telephony,34.0
base,last_week,2018-07-09,2018-07-30,4,SP,telephony,0.0
base,last_week,2018-07-09,2018-07-09,1,SP,watches_gifts,39.0
base,last_week,2018-07-09,2018-07-16,2,SP,watches_gifts,100.0
base,last_week,2018-07-09,2018-07-23,3,SP,watches_gifts,100.0
base,last_week,2018-07-09,2018-07-30,4,SP,watches_gifts,0.0
base,last_week,2018-07-16,2018-07-16,1,MG,auto,0.0
base,last_week,2018-07-16,2018-07-23,2,MG,auto,0.0
base,last_week,2018-07-16,2018-07-30,3,MG,auto,0.0
base,last_week,2018-07-16,2018-08-06,4,MG,auto,0.0
base,last_week,2018-07-16,2018-07-16,1,MG,bed_bath_table,14.0
base,last_week,2018-07-16,2018-07-23,2,MG,bed_bath_table,14.0
base,last_week,2018-07-16,2018-07-30,3,MG,bed_bath_table,14.0
base,last_week,2018-07-16,2018-08-06,4,MG,bed_bath_table,0.0
base,last_week,2018-07-16,2018-07-16,1,MG,computers_accessories,12.0
base,last_week,2018-07-16,2018-07-23,2,MG,computers_accessories,13.0
base,last_week,2018-07-16,2018-07-30,3,MG,computers_accessories,13.0
base,last_week,2018-07-16,2018-08-06,4,MG,computers_accessories,0.0
base,last_week,2018-07-16,2018-07-16,1,MG,furniture_decor,0.0
base,last_week,2018-07-16,2018-07-23,2,MG,furniture_decor,4.0
base,last_week,2018-07-16,2018-07-30,3,MG,furniture_decor,8.0
base,last_week,2018-07-16,2018-08-06,4,MG,furniture_decor,0.0
base,last_week,2018-07-16,2018-07-16,1,MG,garden_tools,0.0
base,last_week,2018-07-16,2018-07-23,2,MG,garden_tools,0.0
base,last_week,2018-07-16,2018-07-30,3,MG,garden_tools,0.0
base,last_week,2018-07-16,2018-08-06,4,MG,garden_tools,0.0
base,last_week,2018-07-16,2018-07-16,1,MG,health_beauty,14.0
base,last_week,2018-07-16,2018-07-23,2,MG,health_beauty,14.0
base,last_week,2018-07-16,2018-07-30,3,MG,health_beauty,14.0
base,last_week,2018-07-16,2018-08-06,4,MG,health_beauty,0.0
base,last_week,2018-07-16,2018-07-16,1,MG,housewares,0.0
base,last_week,2018-07-16,2018-07-23,2,MG,housewares,0.0
base,last_week,2018-07-16,2018-07-30,3,MG,housewares,0.0
base,last_week,2018-07-16,2018-08-06,4,MG,housewares,0.0
base,last_week,2018-07-16,2018-07-16,1,MG,sports_leisure,11.0
base,last_week,2018-07-16,2018-07-23,2,MG,sports_leisure,12.0
base,last_week,2018-07-16,2018-07-30,3,MG,sports_leisure,12.0
base,last_week,2018-07-16,2018-08-06,4,MG,sports_leisure,0.0
base,last_week,2018-07-16,2018-07-16,1,MG,telephony,5.0
base,last_week,2018-07-16,2018-07-23,2,MG,telephony,5.0
base,last_week,2018-07-16,2018-07-30,3,MG,telephony,5.0
base,last_week,2018-07-16,2018-08-06,4,MG,telephony,0.0
base,last_week,2018-07-16,2018-07-16,1,MG,watches_gifts,0.0
base,last_week,2018-07-16,2018-07-23,2,MG,watches_gifts,0.0
base,last_week,2018-07-16,2018-07-30,3,MG,watches_gifts,0.0
base,last_week,2018-07-16,2018-08-06,4,MG,watches_gifts,0.0
base,last_week,2018-07-16,2018-07-16,1,PR,auto,8.0
base,last_week,2018-07-16,2018-07-23,2,PR,auto,8.0
base,last_week,2018-07-16,2018-07-30,3,PR,auto,8.0
base,last_week,2018-07-16,2018-08-06,4,PR,auto,0.0
base,last_week,2018-07-16,2018-07-16,1,PR,bed_bath_table,0.0
base,last_week,2018-07-16,2018-07-23,2,PR,bed_bath_table,0.0
base,last_week,2018-07-16,2018-07-30,3,PR,bed_bath_table,0.0
base,last_week,2018-07-16,2018-08-06,4,PR,bed_bath_table,0.0
base,last_week,2018-07-16,2018-07-16,1,PR,computers_accessories,0.0
base,last_week,2018-07-16,2018-07-23,2,PR,computers_accessories,0.0
base,last_week,2018-07-16,2018-07-30,3,PR,computers_accessories,0.0
base,last_week,2018-07-16,2018-08-06,4,PR,computers_accessories,0.0
base,last_week,2018-07-16,2018-07-16,1,PR,furniture_decor,0.0
base,last_week,2018-07-16,2018-07-23,2,PR,furniture_decor,0.0
base,last_week,2018-07-16,2018-07-30,3,PR,furniture_decor,7.0
base,last_week,2018-07-16,2018-08-06,4,PR,furniture_decor,0.0
base,last_week,2018-07-16,2018-07-16,1,PR,garden_tools,0.0
base,last_week,2018-07-16,2018-07-23,2,PR,garden_tools,0.0
base,last_week,2018-07-16,2018-07-30,3,PR,garden_tools,0.0
base,last_week,2018-07-16,2018-08-06,4,PR,garden_tools,0.0
base,last_week,2018-07-16,2018-07-16,1,PR,health_beauty,0.0
base,last_week,2018-07-16,2018-07-23,2,PR,health_beauty,10.0
base,last_week,2018-07-16,2018-07-30,3,PR,health_beauty,10.0
base,last_week,2018-07-16,2018-08-06,4,PR,health_beauty,0.0
base,last_week,2018-07-16,2018-07-16,1,PR,housewares,0.0
base,last_week,2018-07-16,2018-07-23,2,PR,housewares,11.0
base,last_week,2018-07-16,2018-07-30,3,PR,housewares,15.0
base,last_week,2018-07-16,2018-08-06,4,PR,housewares,0.0
base,last_week,2018-07-16,2018-07-16,1,PR,sports_leisure,0.0
base,last_week,2018-07-16,2018-07-23,2,PR,sports_leisure,0.0
base,last_week,2018-07-16,2018-07-30,3,PR,sports_leisure,0.0
base,last_week,2018-07-16,2018-08-06,4,PR,sports_leisure,0.0
base,last_week,2018-07-16,2018-07-16,1,PR,telephony,0.0
base,last_week,2018-07-16,2018-07-23,2,PR,telephony,0.0
base,last_week,2018-07-16,2018-07-30,3,PR,telephony,0.0
base,last_week,2018-07-16,2018-08-06,4,PR,telephony,0.0
base,last_week,2018-07-16,2018-07-16,1,PR,watches_gifts,8.0
base,last_week,2018-07-16,2018-07-23,2,PR,watches_gifts,8.0
base,last_week,2018-07-16,2018-07-30,3,PR,watches_gifts,8.0
base,last_week,2018-07-16,2018-08-06,4,PR,watches_gifts,0.0
base,last_week,2018-07-16,2018-07-16,1,RJ,auto,6.0
base,last_week,2018-07-16,2018-07-23,2,RJ,auto,6.0
base,last_week,2018-07-16,2018-07-30,3,RJ,auto,6.0
base,last_week,2018-07-16,2018-08-06,4,RJ,auto,0.0
base,last_week,2018-07-16,2018-07-16,1,RJ,bed_bath_table,0.0
base,last_week,2018-07-16,2018-07-23,2,RJ,bed_bath_table,10.0
base,last_week,2018-07-16,2018-07-30,3,RJ,bed_bath_table,10.0
base,last_week,2018-07-16,2018-08-06,4,RJ,bed_bath_table,0.0
base,last_week,2018-07-16,2018-07-16,1,RJ,computers_accessories,0.0
base,last_week,2018-07-16,2018-07-23,2,RJ,computers_accessories,0.0
base,last_week,2018-07-16,2018-07-30,3,RJ,computers_accessories,0.0
base,last_week,2018-07-16,2018-08-06,4,RJ,computers_accessories,0.0
base,last_week,2018-07-16,2018-07-16,1,RJ,furniture_decor,5.0
base,last_week,2018-07-16,2018-07-23,2,RJ,furniture_decor,5.0
base,last_week,2018-07-16,2018-07-30,3,RJ,furniture_decor,5.0
base,last_week,2018-07-16,2018-08-06,4,RJ,furniture_decor,0.0
base,last_week,2018-07-16,2018-07-16,1,RJ,garden_tools,4.0
base,last_week,2018-07-16,2018-07-23,2,RJ,garden_tools,4.0
base,last_week,2018-07-16,2018-07-30,3,RJ,garden_tools,4.0
base,last_week,2018-07-16,2018-08-06,4,RJ,garden_tools,0.0
base,last_week,2018-07-16,2018-07-16,1,RJ,health_beauty,0.0
base,last_week,2018-07-16,2018-07-23,2,RJ,health_beauty,0.0
base,last_week,2018-07-16,2018-07-30,3,RJ,health_beauty,0.0
base,last_week,2018-07-16,2018-08-06,4,RJ,health_beauty,0.0
base,last_week,2018-07-16,2018-07-16,1,RJ,housewares,8.0
base,last_week,2018-07-16,2018-07-23,2,RJ,housewares,8.0
base,last_week,2018-07-16,2018-07-30,3,RJ,housewares,8.0
base,last_week,2018-07-16,2018-08-06,4,RJ,housewares,0.0
base,last_week,2018-07-16,2018-07-16,1,RJ,sports_leisure,0.0
base,last_week,2018-07-16,2018-07-23,2,RJ,sports_leisure,10.0
base,last_week,2018-07-16,2018-07-30,3,RJ,sports_leisure,10.0
base,last_week,2018-07-16,2018-08-06,4,RJ,sports_leisure,0.0
base,last_week,2018-07-16,2018-07-16,1,RJ,telephony,2.0
base,last_week,2018-07-16,2018-07-23,2,RJ,telephony,6.0
base,last_week,2018-07-16,2018-07-30,3,RJ,telephony,6.0
base,last_week,2018-07-16,2018-08-06,4,RJ,telephony,0.0
base,last_week,2018-07-16,2018-07-16,1,RJ,watches_gifts,0.0
base,last_week,2018-07-16,2018-07-23,2,RJ,watches_gifts,0.0
base,last_week,2018-07-16,2018-07-30,3,RJ,watches_gifts,0.0
base,last_week,2018-07-16,2018-08-06,4,RJ,watches_gifts,0.0
base,last_week,2018-07-16,2018-07-16,1,RS,auto,3.0
base,last_week,2018-07-16,2018-07-23,2,RS,auto,3.0
base,last_week,2018-07-16,2018-07-30,3,RS,auto,3.0
base,last_week,2018-07-16,2018-08-06,4,RS,auto,0.0
base,last_week,2018-07-16,2018-07-16,1,RS,bed_bath_table,6.0
base,last_week,2018-07-16,2018-07-23,2,RS,bed_bath_table,6.0
base,last_week,2018-07-16,2018-07-30,3,RS,bed_bath_table,6.0
base,last_week,2018-07-16,2018-08-06,4,RS,bed_bath_table,0.0
base,last_week,2018-07-16,2018-07-16,1,RS,computers_accessories,10.0
base,last_week,2018-07-16,2018-07-23,2,RS,computers_accessories,10.0
base,last_week,2018-07-16,2018-07-30,3,RS,computers_accessories,10.0
base,last_week,2018-07-16,2018-08-06,4,RS,computers_accessories,0.0
base,last_week,2018-07-16,2018-07-16,1,RS,furniture_decor,3.0
base,last_week,2018-07-16,2018-07-23,2,RS,furniture_decor,3.0
base,last_week,2018-07-16,2018-07-30,3,RS,furniture_decor,5.0
base,last_week,2018-07-16,2018-08-06,4,RS,furniture_decor,0.0
base,last_week,2018-07-16,2018-07-16,1,RS,garden_tools,2.0
base,last_week,2018-07-16,2018-07-23,2,RS,garden_tools,2.0
base,last_week,2018-07-16,2018-07-30,3,RS,garden_tools,2.0
base,last_week,2018-07-16,2018-08-06,4,RS,garden_tools,0.0
base,last_week,2018-07-16,2018-07-16,1,RS,health_beauty,7.0
base,last_week,2018-07-16,2018-07-23,2,RS,health_beauty,8.0
base,last_week,2018-07-16,2018-07-30,3,RS,health_beauty,8.0
base,last_week,2018-07-16,2018-08-06,4,RS,health_beauty,0.0
base,last_week,2018-07-16,2018-07-16,1,RS,housewares,0.0
base,last_week,2018-07-16,2018-07-23,2,RS,housewares,0.0
base,last_week,2018-07-16,2018-07-30,3,RS,housewares,0.0
base,last_week,2018-07-16,2018-08-06,4,RS,housewares,0.0
base,last_week,2018-07-16,2018-07-16,1,RS,sports_leisure,0.0
base,last_week,2018-07-16,2018-07-23,2,RS,sports_leisure,0.0
base,last_week,2018-07-16,2018-07-30,3,RS,sports_leisure,0.0
base,last_week,2018-07-16,2018-08-06,4,RS,sports_leisure,0.0
base,last_week,2018-07-16,2018-07-16,1,RS,telephony,5.0
base,last_week,2018-07-16,2018-07-23,2,RS,telephony,5.0
base,last_week,2018-07-16,2018-07-30,3,RS,telephony,5.0
base,last_week,2018-07-16,2018-08-06,4,RS,telephony,0.0
base,last_week,2018-07-16,2018-07-16,1,RS,watches_gifts,1.0
base,last_week,2018-07-16,2018-07-23,2,RS,watches_gifts,1.0
base,last_week,2018-07-16,2018-07-30,3,RS,watches_gifts,1.0
base,last_week,2018-07-16,2018-08-06,4,RS,watches_gifts,0.0
base,last_week,2018-07-16,2018-07-16,1,SC,auto,0.0
base,last_week,2018-07-16,2018-07-23,2,SC,auto,0.0
base,last_week,2018-07-16,2018-07-30,3,SC,auto,0.0
base,last_week,2018-07-16,2018-08-06,4,SC,auto,0.0
base,last_week,2018-07-16,2018-07-16,1,SC,bed_bath_table,0.0
base,last_week,2018-07-16,2018-07-23,2,SC,bed_bath_table,0.0
base,last_week,2018-07-16,2018-07-30,3,SC,bed_bath_table,0.0
base,last_week,2018-07-16,2018-08-06,4,SC,bed_bath_table,0.0
base,last_week,2018-07-16,2018-07-16,1,SC,computers_accessories,9.0
base,last_week,2018-07-16,2018-07-23,2,SC,computers_accessories,9.0
base,last_week,2018-07-16,2018-07-30,3,SC,computers_accessories,9.0
base,last_week,2018-07-16,2018-08-06,4,SC,computers_accessories,0.0
base,last_week,2018-07-16,2018-07-16,1,SC,furniture_decor,0.0
base,last_week,2018-07-16,2018-07-23,2,SC,furniture_decor,3.0
base,last_week,2018-07-16,2018-07-30,3,SC,furniture_decor,6.0
base,last_week,2018-07-16,2018-08-06,4,SC,furniture_decor,0.0
base,last_week,2018-07-16,2018-07-16,1,SC,garden_tools,3.0
base,last_week,2018-07-16,2018-07-23,2,SC,garden_tools,8.0
base,last_week,2018-07-16,2018-07-30,3,SC,garden_tools,8.0
base,last_week,2018-07-16,2018-08-06,4,SC,garden_tools,0.0
base,last_week,2018-07-16,2018-07-16,1,SC,health_beauty,0.0
base,last_week,2018-07-16,2018-07-23,2,SC,health_beauty,0.0
base,last_week,2018-07-16,2018-07-30,3,SC,health_beauty,0.0
base,last_week,2018-07-16,2018-08-06,4,SC,health_beauty,0.0
base,last_week,2018-07-16,2018-07-16,1,SC,housewares,0.0
base,last_week,2018-07-16,2018-07-23,2,SC,housewares,0.0
base,last_week,2018-07-16,2018-07-30,3,SC,housewares,0.0
base,last_week,2018-07-16,2018-08-06,4,SC,housewares,0.0
base,last_week,2018-07-16,2018-07-16,1,SC,sports_leisure,0.0
base,last_week,2018-07-16,2018-07-23,2,SC,sports_leisure,0.0
base,last_week,2018-07-16,2018-07-30,3,SC,sports_leisure,9.0
base,last_week,2018-07-16,2018-08-06,4,SC,sports_leisure,0.0
base,last_week,2018-07-16,2018-07-16,1,SC,telephony,0.0
base,last_week,2018-07-16,2018-07-23,2,SC,telephony,0.0
base,last_week,2018-07-16,2018-07-30,3,SC,telephony,0.0
base,last_week,2018-07-16,2018-08-06,4,SC,telephony,0.0
base,last_week,2018-07-16,2018-07-16,1,SC,watches_gifts,9.0
base,last_week,2018-07-16,2018-07-23,2,SC,watches_gifts,9.0
base,last_week,2018-07-16,2018-07-30,3,SC,watches_gifts,9.0
base,last_week,2018-07-16,2018-08-06,4,SC,watches_gifts,0.0
base,last_week,2018-07-16,2018-07-16,1,SP,auto,34.0
base,last_week,2018-07-16,2018-07-23,2,SP,auto,58.0
base,last_week,2018-07-16,2018-07-30,3,SP,auto,58.0
base,last_week,2018-07-16,2018-08-06,4,SP,auto,0.0
base,last_week,2018-07-16,2018-07-16,1,SP,bed_bath_table,0.0
base,last_week,2018-07-16,2018-07-23,2,SP,bed_bath_table,45.0
base,last_week,2018-07-16,2018-07-30,3,SP,bed_bath_table,80.0
base,last_week,2018-07-16,2018-08-06,4,SP,bed_bath_table,0.0
base,last_week,2018-07-16,2018-07-16,1,SP,computers_accessories,0.0
base,last_week,2018-07-16,2018-07-23,2,SP,computers_accessories,56.0
base,last_week,2018-07-16,2018-07-30,3,SP,computers_accessories,58.0
base,last_week,2018-07-16,2018-08-06,4,SP,computers_accessories,0.0
base,last_week,2018-07-16,2018-07-16,1,SP,furniture_decor,0.0
base,last_week,2018-07-16,2018-07-23,2,SP,furniture_decor,0.0
base,last_week,2018-07-16,2018-07-30,3,SP,furniture_decor,41.0
base,last_week,2018-07-16,2018-08-06,4,SP,furniture_decor,0.0
base,last_week,2018-07-16,2018-07-16,1,SP,garden_tools,0.0
base,last_week,2018-07-16,2018-07-23,2,SP,garden_tools,16.0
base,last_week,2018-07-16,2018-07-30,3,SP,garden_tools,28.0
base,last_week,2018-07-16,2018-08-06,4,SP,garden_tools,0.0
base,last_week,2018-07-16,2018-07-16,1,SP,health_beauty,37.0
base,last_week,2018-07-16,2018-07-23,2,SP,health_beauty,137.0
base,last_week,2018-07-16,2018-07-30,3,SP,health_beauty,145.0
base,last_week,2018-07-16,2018-08-06,4,SP,health_beauty,0.0
base,last_week,2018-07-16,2018-07-16,1,SP,housewares,0.0
base,last_week,2018-07-16,2018-07-23,2,SP,housewares,60.0
base,last_week,2018-07-16,2018-07-30,3,SP,housewares,76.0
base,last_week,2018-07-16,2018-08-06,4,SP,housewares,0.0
base,last_week,2018-07-16,2018-07-16,1,SP,sports_leisure,0.0
base,last_week,2018-07-16,2018-07-23,2,SP,sports_leisure,11.0
base,last_week,2018-07-16,2018-07-30,3,SP,sports_leisure,53.0
base,last_week,2018-07-16,2018-08-06,4,SP,sports_leisure,0.0
base,last_week,2018-07-16,2018-07-16,1,SP,telephony,14.0
base,last_week,2018-07-16,2018-07-23,2,SP,telephony,31.0
base,last_week,2018-07-16,2018-07-30,3,SP,telephony,31.0
base,last_week,2018-07-16,2018-08-06,4,SP,telephony,0.0
base,last_week,2018-07-16,2018-07-16,1,SP,watches_gifts,124.0
base,last_week,2018-07-16,2018-07-23,2,SP,watches_gifts,124.0
base,last_week,2018-07-16,2018-07-30,3,SP,watches_gifts,124.0
base,last_week,2018-07-16,2018-08-06,4,SP,watches_gifts,0.0
base,last_week,2018-07-23,2018-07-23,1,MG,auto,0.0
base,last_week,2018-07-23,2018-07-30,2,MG,auto,0.0
base,last_week,2018-07-23,2018-08-06,3,MG,auto,0.0
base,last_week,2018-07-23,2018-08-13,4,MG,auto,0.0
base,last_week,2018-07-23,2018-07-23,1,MG,bed_bath_table,14.0
base,last_week,2018-07-23,2018-07-30,2,MG,bed_bath_table,14.0
base,last_week,2018-07-23,2018-08-06,3,MG,bed_bath_table,14.0
base,last_week,2018-07-23,2018-08-13,4,MG,bed_bath_table,0.0
base,last_week,2018-07-23,2018-07-23,1,MG,computers_accessories,12.0
base,last_week,2018-07-23,2018-07-30,2,MG,computers_accessories,12.0
base,last_week,2018-07-23,2018-08-06,3,MG,computers_accessories,12.0
base,last_week,2018-07-23,2018-08-13,4,MG,computers_accessories,0.0
base,last_week,2018-07-23,2018-07-23,1,MG,furniture_decor,13.0
base,last_week,2018-07-23,2018-07-30,2,MG,furniture_decor,13.0
base,last_week,2018-07-23,2018-08-06,3,MG,furniture_decor,13.0
base,last_week,2018-07-23,2018-08-13,4,MG,furniture_decor,0.0
base,last_week,2018-07-23,2018-07-23,1,MG,garden_tools,0.0
base,last_week,2018-07-23,2018-07-30,2,MG,garden_tools,0.0
base,last_week,2018-07-23,2018-08-06,3,MG,garden_tools,0.0
base,last_week,2018-07-23,2018-08-13,4,MG,garden_tools,0.0
base,last_week,2018-07-23,2018-07-23,1,MG,health_beauty,14.0
base,last_week,2018-07-23,2018-07-30,2,MG,health_beauty,14.0
base,last_week,2018-07-23,2018-08-06,3,MG,health_beauty,14.0
base,last_week,2018-07-23,2018-08-13,4,MG,health_beauty,0.0
base,last_week,2018-07-23,2018-07-23,1,MG,housewares,0.0
base,last_week,2018-07-23,2018-07-30,2,MG,housewares,0.0
base,last_week,2018-07-23,2018-08-06,3,MG,housewares,0.0
base,last_week,2018-07-23,2018-08-13,4,MG,housewares,0.0
base,last_week,2018-07-23,2018-07-23,1,MG,sports_leisure,17.0
base,last_week,2018-07-23,2018-07-30,2,MG,sports_leisure,17.0
base,last_week,2018-07-23,2018-08-06,3,MG,sports_leisure,17.0
base,last_week,2018-07-23,2018-08-13,4,MG,sports_leisure,0.0
base,last_week,2018-07-23,2018-07-23,1,MG,telephony,5.0
base,last_week,2018-07-23,2018-07-30,2,MG,telephony,5.0
base,last_week,2018-07-23,2018-08-06,3,MG,telephony,5.0
base,last_week,2018-07-23,2018-08-13,4,MG,telephony,0.0
base,last_week,2018-07-23,2018-07-23,1,MG,watches_gifts,0.0
base,last_week,2018-07-23,2018-07-30,2,MG,watches_gifts,0.0
base,last_week,2018-07-23,2018-08-06,3,MG,watches_gifts,0.0
base,last_week,2018-07-23,2018-08-13,4,MG,watches_gifts,0.0
base,last_week,2018-07-23,2018-07-23,1,PR,auto,8.0
base,last_week,2018-07-23,2018-07-30,2,PR,auto,8.0
base,last_week,2018-07-23,2018-08-06,3,PR,auto,8.0
base,last_week,2018-07-23,2018-08-13,4,PR,auto,0.0
base,last_week,2018-07-23,2018-07-23,1,PR,bed_bath_table,0.0
base,last_week,2018-07-23,2018-07-30,2,PR,bed_bath_table,0.0
base,last_week,2018-07-23,2018-08-06,3,PR,bed_bath_table,0.0
base,last_week,2018-07-23,2018-08-13,4,PR,bed_bath_table,0.0
base,last_week,2018-07-23,2018-07-23,1,PR,computers_accessories,0.0
base,last_week,2018-07-23,2018-07-30,2,PR,computers_accessories,0.0
base,last_week,2018-07-23,2018-08-06,3,PR,computers_accessories,0.0
base,last_week,2018-07-23,2018-08-13,4,PR,computers_accessories,0.0
base,last_week,2018-07-23,2018-07-23,1,PR,furniture_decor,22.0
base,last_week,2018-07-23,2018-07-30,2,PR,furniture_decor,22.0
base,last_week,2018-07-23,2018-08-06,3,PR,furniture_decor,22.0
base,last_week,2018-07-23,2018-08-13,4,PR,furniture_decor,0.0
base,last_week,2018-07-23,2018-07-23,1,PR,garden_tools,0.0
base,last_week,2018-07-23,2018-07-30,2,PR,garden_tools,0.0
base,last_week,2018-07-23,2018-08-06,3,PR,garden_tools,0.0
base,last_week,2018-07-23,2018-08-13,4,PR,garden_tools,0.0
base,last_week,2018-07-23,2018-07-23,1,PR,health_beauty,17.0
base,last_week,2018-07-23,2018-07-30,2,PR,health_beauty,17.0
base,last_week,2018-07-23,2018-08-06,3,PR,health_beauty,17.0
base,last_week,2018-07-23,2018-08-13,4,PR,health_beauty,0.0
base,last_week,2018-07-23,2018-07-23,1,PR,housewares,17.0
base,last_week,2018-07-23,2018-07-30,2,PR,housewares,17.0
base,last_week,2018-07-23,2018-08-06,3,PR,housewares,17.0
base,last_week,2018-07-23,2018-08-13,4,PR,housewares,0.0
base,last_week,2018-07-23,2018-07-23,1,PR,sports_leisure,3.0
base,last_week,2018-07-23,2018-07-30,2,PR,sports_leisure,3.0
base,last_week,2018-07-23,2018-08-06,3,PR,sports_leisure,3.0
base,last_week,2018-07-23,2018-08-13,4,PR,sports_leisure,0.0
base,last_week,2018-07-23,2018-07-23,1,PR,telephony,0.0
base,last_week,2018-07-23,2018-07-30,2,PR,telephony,0.0
base,last_week,2018-07-23,2018-08-06,3,PR,telephony,0.0
base,last_week,2018-07-23,2018-08-13,4,PR,telephony,0.0
base,last_week,2018-07-23,2018-07-23,1,PR,watches_gifts,8.0
base,last_week,2018-07-23,2018-07-30,2,PR,watches_gifts,8.0
base,last_week,2018-07-23,2018-08-06,3,PR,watches_gifts,8.0
base,last_week,2018-07-23,2018-08-13,4,PR,watches_gifts,0.0
base,last_week,2018-07-23,2018-07-23,1,RJ,auto,6.0
base,last_week,2018-07-23,2018-07-30,2,RJ,auto,6.0
base,last_week,2018-07-23,2018-08-06,3,RJ,auto,6.0
base,last_week,2018-07-23,2018-08-13,4,RJ,auto,0.0
base,last_week,2018-07-23,2018-07-23,1,RJ,bed_bath_table,10.0
base,last_week,2018-07-23,2018-07-30,2,RJ,bed_bath_table,10.0
base,last_week,2018-07-23,2018-08-06,3,RJ,bed_bath_table,10.0
base,last_week,2018-07-23,2018-08-13,4,RJ,bed_bath_table,0.0
base,last_week,2018-07-23,2018-07-23,1,RJ,computers_accessories,0.0
base,last_week,2018-07-23,2018-07-30,2,RJ,computers_accessories,0.0
base,last_week,2018-07-23,2018-08-06,3,RJ,computers_accessories,0.0
base,last_week,2018-07-23,2018-08-13,4,RJ,computers_accessories,0.0
base,last_week,2018-07-23,2018-07-23,1,RJ,furniture_decor,5.0
base,last_week,2018-07-23,2018-07-30,2,RJ,furniture_decor,5.0
base,last_week,2018-07-23,2018-08-06,3,RJ,furniture_decor,5.0
base,last_week,2018-07-23,2018-08-13,4,RJ,furniture_decor,0.0
base,last_week,2018-07-23,2018-07-23,1,RJ,garden_tools,4.0
base,last_week,2018-07-23,2018-07-30,2,RJ,garden_tools,4.0
base,last_week,2018-07-23,2018-08-06,3,RJ,garden_tools,4.0
base,last_week,2018-07-23,2018-08-13,4,RJ,garden_tools,0.0
base,last_week,2018-07-23,2018-07-23,1,RJ,health_beauty,15.0
base,last_week,2018-07-23,2018-07-30,2,RJ,health_beauty,15.0
base,last_week,2018-07-23,2018-08-06,3,RJ,health_beauty,15.0
base,last_week,2018-07-23,2018-08-13,4,RJ,health_beauty,0.0
base,last_week,2018-07-23,2018-07-23,1,RJ,housewares,8.0
base,last_week,2018-07-23,2018-07-30,2,RJ,housewares,8.0
base,last_week,2018-07-23,2018-08-06,3,RJ,housewares,8.0
base,last_week,2018-07-23,2018-08-13,4,RJ,housewares,0.0
base,last_week,2018-07-23,2018-07-23,1,RJ,sports_leisure,12.0
base,last_week,2018-07-23,2018-07-30,2,RJ,sports_leisure,12.0
base,last_week,2018-07-23,2018-08-06,3,RJ,sports_leisure,12.0
base,last_week,2018-07-23,2018-08-13,4,RJ,sports_leisure,0.0
base,last_week,2018-07-23,2018-07-23,1,RJ,telephony,6.0
base,last_week,2018-07-23,2018-07-30,2,RJ,telephony,6.0
base,last_week,2018-07-23,2018-08-06,3,RJ,telephony,6.0
base,last_week,2018-07-23,2018-08-13,4,RJ,telephony,0.0
base,last_week,2018-07-23,2018-07-23,1,RJ,watches_gifts,0.0
base,last_week,2018-07-23,2018-07-30,2,RJ,watches_gifts,0.0
base,last_week,2018-07-23,2018-08-06,3,RJ,watches_gifts,0.0
base,last_week,2018-07-23,2018-08-13,4,RJ,watches_gifts,0.0
base,last_week,2018-07-23,2018-07-23,1,RS,auto,3.0
base,last_week,2018-07-23,2018-07-30,2,RS,auto,3.0
base,last_week,2018-07-23,2018-08-06,3,RS,auto,3.0
base,last_week,2018-07-23,2018-08-13,4,RS,auto,0.0
base,last_week,2018-07-23,2018-07-23,1,RS,bed_bath_table,6.0
base,last_week,2018-07-23,2018-07-30,2,RS,bed_bath_table,6.0
base,last_week,2018-07-23,2018-08-06,3,RS,bed_bath_table,6.0
base,last_week,2018-07-23,2018-08-13,4,RS,bed_bath_table,0.0
base,last_week,2018-07-23,2018-07-23,1,RS,computers_accessories,11.0
base,last_week,2018-07-23,2018-07-30,2,RS,computers_accessories,11.0
base,last_week,2018-07-23,2018-08-06,3,RS,computers_accessories,11.0
base,last_week,2018-07-23,2018-08-13,4,RS,computers_accessories,0.0
base,last_week,2018-07-23,2018-07-23,1,RS,furniture_decor,5.0
base,last_week,2018-07-23,2018-07-30,2,RS,furniture_decor,5.0
base,last_week,2018-07-23,2018-08-06,3,RS,furniture_decor,5.0
base,last_week,2018-07-23,2018-08-13,4,RS,furniture_decor,0.0
base,last_week,2018-07-23,2018-07-23,1,RS,garden_tools,2.0
base,last_week,2018-07-23,2018-07-30,2,RS,garden_tools,2.0
base,last_week,2018-07-23,2018-08-06,3,RS,garden_tools,2.0
base,last_week,2018-07-23,2018-08-13,4,RS,garden_tools,0.0
base,last_week,2018-07-23,2018-07-23,1,RS,health_beauty,8.0
base,last_week,2018-07-23,2018-07-30,2,RS,health_beauty,8.0
base,last_week,2018-07-23,2018-08-06,3,RS,health_beauty,8.0
base,last_week,2018-07-23,2018-08-13,4,RS,health_beauty,0.0
base,last_week,2018-07-23,2018-07-23,1,RS,housewares,11.0
base,last_week,2018-07-23,2018-07-30,2,RS,housewares,11.0
base,last_week,2018-07-23,2018-08-06,3,RS,housewares,11.0
base,last_week,2018-07-23,2018-08-13,4,RS,housewares,0.0
base,last_week,2018-07-23,2018-07-23,1,RS,sports_leisure,0.0
base,last_week,2018-07-23,2018-07-30,2,RS,sports_leisure,0.0
base,last_week,2018-07-23,2018-08-06,3,RS,sports_leisure,0.0
base,last_week,2018-07-23,2018-08-13,4,RS,sports_leisure,0.0
base,last_week,2018-07-23,2018-07-23,1,RS,telephony,5.0
base,last_week,2018-07-23,2018-07-30,2,RS,telephony,5.0
base,last_week,2018-07-23,2018-08-06,3,RS,telephony,5.0
base,last_week,2018-07-23,2018-08-13,4,RS,telephony,0.0
base,last_week,2018-07-23,2018-07-23,1,RS,watches_gifts,5.0
base,last_week,2018-07-23,2018-07-30,2,RS,watches_gifts,5.0
base,last_week,2018-07-23,2018-08-06,3,RS,watches_gifts,5.0
base,last_week,2018-07-23,2018-08-13,4,RS,watches_gifts,0.0
base,last_week,2018-07-23,2018-07-23,1,SC,auto,0.0
base,last_week,2018-07-23,2018-07-30,2,SC,auto,0.0
base,last_week,2018-07-23,2018-08-06,3,SC,auto,0.0
base,last_week,2018-07-23,2018-08-13,4,SC,auto,0.0
base,last_week,2018-07-23,2018-07-23,1,SC,bed_bath_table,11.0
base,last_week,2018-07-23,2018-07-30,2,SC,bed_bath_table,11.0
base,last_week,2018-07-23,2018-08-06,3,SC,bed_bath_table,11.0
base,last_week,2018-07-23,2018-08-13,4,SC,bed_bath_table,0.0
base,last_week,2018-07-23,2018-07-23,1,SC,computers_accessories,9.0
base,last_week,2018-07-23,2018-07-30,2,SC,computers_accessories,9.0
base,last_week,2018-07-23,2018-08-06,3,SC,computers_accessories,9.0
base,last_week,2018-07-23,2018-08-13,4,SC,computers_accessories,0.0
base,last_week,2018-07-23,2018-07-23,1,SC,furniture_decor,6.0
base,last_week,2018-07-23,2018-07-30,2,SC,furniture_decor,6.0
base,last_week,2018-07-23,2018-08-06,3,SC,furniture_decor,6.0
base,last_week,2018-07-23,2018-08-13,4,SC,furniture_decor,0.0
base,last_week,2018-07-23,2018-07-23,1,SC,garden_tools,8.0
base,last_week,2018-07-23,2018-07-30,2,SC,garden_tools,8.0
base,last_week,2018-07-23,2018-08-06,3,SC,garden_tools,8.0
base,last_week,2018-07-23,2018-08-13,4,SC,garden_tools,0.0
base,last_week,2018-07-23,2018-07-23,1,SC,health_beauty,0.0
base,last_week,2018-07-23,2018-07-30,2,SC,health_beauty,0.0
base,last_week,2018-07-23,2018-08-06,3,SC,health_beauty,0.0
base,last_week,2018-07-23,2018-08-13,4,SC,health_beauty,0.0
base,last_week,2018-07-23,2018-07-23,1,SC,housewares,0.0
base,last_week,2018-07-23,2018-07-30,2,SC,housewares,0.0
base,last_week,2018-07-23,2018-08-06,3,SC,housewares,0.0
base,last_week,2018-07-23,2018-08-13,4,SC,housewares,0.0
base,last_week,2018-07-23,2018-07-23,1,SC,sports_leisure,18.0
base,last_week,2018-07-23,2018-07-30,2,SC,sports_leisure,18.0
base,last_week,2018-07-23,2018-08-06,3,SC,sports_leisure,18.0
base,last_week,2018-07-23,2018-08-13,4,SC,sports_leisure,0.0
base,last_week,2018-07-23,2018-07-23,1,SC,telephony,0.0
base,last_week,2018-07-23,2018-07-30,2,SC,telephony,0.0
base,last_week,2018-07-23,2018-08-06,3,SC,telephony,0.0
base,last_week,2018-07-23,2018-08-13,4,SC,telephony,0.0
base,last_week,2018-07-23,2018-07-23,1,SC,watches_gifts,9.0
base,last_week,2018-07-23,2018-07-30,2,SC,watches_gifts,9.0
base,last_week,2018-07-23,2018-08-06,3,SC,watches_gifts,9.0
base,last_week,2018-07-23,2018-08-13,4,SC,watches_gifts,0.0
base,last_week,2018-07-23,2018-07-23,1,SP,auto,98.0
base,last_week,2018-07-23,2018-07-30,2,SP,auto,98.0
base,last_week,2018-07-23,2018-08-06,3,SP,auto,98.0
base,last_week,2018-07-23,2018-08-13,4,SP,auto,0.0
base,last_week,2018-07-23,2018-07-23,1,SP,bed_bath_table,177.0
base,last_week,2018-07-23,2018-07-30,2,SP,bed_bath_table,177.0
base,last_week,2018-07-23,2018-08-06,3,SP,bed_bath_table,177.0
base,last_week,2018-07-23,2018-08-13,4,SP,bed_bath_table,0.0
base,last_week,2018-07-23,2018-07-23,1,SP,computers_accessories,94.0
base,last_week,2018-07-23,2018-07-30,2,SP,computers_accessories,94.0
base,last_week,2018-07-23,2018-08-06,3,SP,computers_accessories,94.0
base,last_week,2018-07-23,2018-08-13,4,SP,computers_accessories,0.0
base,last_week,2018-07-23,2018-07-23,1,SP,furniture_decor,92.0
base,last_week,2018-07-23,2018-07-30,2,SP,furniture_decor,92.0
base,last_week,2018-07-23,2018-08-06,3,SP,furniture_decor,92.0
base,last_week,2018-07-23,2018-08-13,4,SP,furniture_decor,0.0
base,last_week,2018-07-23,2018-07-23,1,SP,garden_tools,42.0
base,last_week,2018-07-23,2018-07-30,2,SP,garden_tools,42.0
base,last_week,2018-07-23,2018-08-06,3,SP,garden_tools,42.0
base,last_week,2018-07-23,2018-08-13,4,SP,garden_tools,0.0
base,last_week,2018-07-23,2018-07-23,1,SP,health_beauty,198.0
base,last_week,2018-07-23,2018-07-30,2,SP,health_beauty,198.0
base,last_week,2018-07-23,2018-08-06,3,SP,health_beauty,198.0
base,last_week,2018-07-23,2018-08-13,4,SP,health_beauty,0.0
base,last_week,2018-07-23,2018-07-23,1,SP,housewares,121.0
base,last_week,2018-07-23,2018-07-30,2,SP,housewares,121.0
base,last_week,2018-07-23,2018-08-06,3,SP,housewares,121.0
base,last_week,2018-07-23,2018-08-13,4,SP,housewares,0.0
base,last_week,2018-07-23,2018-07-23,1,SP,sports_leisure,79.0
base,last_week,2018-07-23,2018-07-30,2,SP,sports_leisure,79.0
base,last_week,2018-07-23,2018-08-06,3,SP,sports_leisure,79.0
base,last_week,2018-07-23,2018-08-13,4,SP,sports_leisure,0.0
base,last_week,2018-07-23,2018-07-23,1,SP,telephony,62.0
base,last_week,2018-07-23,2018-07-30,2,SP,telephony,62.0
base,last_week,2018-07-23,2018-08-06,3,SP,telephony,62.0
base,last_week,2018-07-23,2018-08-13,4,SP,telephony,0.0
base,last_week,2018-07-23,2018-07-23,1,SP,watches_gifts,143.0
base,last_week,2018-07-23,2018-07-30,2,SP,watches_gifts,143.0
base,last_week,2018-07-23,2018-08-06,3,SP,watches_gifts,143.0
base,last_week,2018-07-23,2018-08-13,4,SP,watches_gifts,0.0
base,last_week,2018-07-30,2018-07-30,1,MG,auto,0.0
base,last_week,2018-07-30,2018-08-06,2,MG,auto,0.0
base,last_week,2018-07-30,2018-08-13,3,MG,auto,0.0
base,last_week,2018-07-30,2018-08-20,4,MG,auto,0.0
base,last_week,2018-07-30,2018-07-30,1,MG,bed_bath_table,14.0
base,last_week,2018-07-30,2018-08-06,2,MG,bed_bath_table,14.0
base,last_week,2018-07-30,2018-08-13,3,MG,bed_bath_table,14.0
base,last_week,2018-07-30,2018-08-20,4,MG,bed_bath_table,0.0
base,last_week,2018-07-30,2018-07-30,1,MG,computers_accessories,12.0
base,last_week,2018-07-30,2018-08-06,2,MG,computers_accessories,12.0
base,last_week,2018-07-30,2018-08-13,3,MG,computers_accessories,12.0
base,last_week,2018-07-30,2018-08-20,4,MG,computers_accessories,0.0
base,last_week,2018-07-30,2018-07-30,1,MG,furniture_decor,13.0
base,last_week,2018-07-30,2018-08-06,2,MG,furniture_decor,13.0
base,last_week,2018-07-30,2018-08-13,3,MG,furniture_decor,13.0
base,last_week,2018-07-30,2018-08-20,4,MG,furniture_decor,0.0
base,last_week,2018-07-30,2018-07-30,1,MG,garden_tools,0.0
base,last_week,2018-07-30,2018-08-06,2,MG,garden_tools,0.0
base,last_week,2018-07-30,2018-08-13,3,MG,garden_tools,0.0
base,last_week,2018-07-30,2018-08-20,4,MG,garden_tools,0.0
base,last_week,2018-07-30,2018-07-30,1,MG,health_beauty,14.0
base,last_week,2018-07-30,2018-08-06,2,MG,health_beauty,14.0
base,last_week,2018-07-30,2018-08-13,3,MG,health_beauty,14.0
base,last_week,2018-07-30,2018-08-20,4,MG,health_beauty,0.0
base,last_week,2018-07-30,2018-07-30,1,MG,housewares,1.0
base,last_week,2018-07-30,2018-08-06,2,MG,housewares,1.0
base,last_week,2018-07-30,2018-08-13,3,MG,housewares,1.0
base,last_week,2018-07-30,2018-08-20,4,MG,housewares,0.0
base,last_week,2018-07-30,2018-07-30,1,MG,sports_leisure,13.0
base,last_week,2018-07-30,2018-08-06,2,MG,sports_leisure,13.0
base,last_week,2018-07-30,2018-08-13,3,MG,sports_leisure,13.0
base,last_week,2018-07-30,2018-08-20,4,MG,sports_leisure,0.0
base,last_week,2018-07-30,2018-07-30,1,MG,telephony,5.0
base,last_week,2018-07-30,2018-08-06,2,MG,telephony,5.0
base,last_week,2018-07-30,2018-08-13,3,MG,telephony,5.0
base,last_week,2018-07-30,2018-08-20,4,MG,telephony,0.0
base,last_week,2018-07-30,2018-07-30,1,MG,watches_gifts,0.0
base,last_week,2018-07-30,2018-08-06,2,MG,watches_gifts,0.0
base,last_week,2018-07-30,2018-08-13,3,MG,watches_gifts,0.0
base,last_week,2018-07-30,2018-08-20,4,MG,watches_gifts,0.0
base,last_week,2018-07-30,2018-07-30,1,PR,auto,8.0
base,last_week,2018-07-30,2018-08-06,2,PR,auto,8.0
base,last_week,2018-07-30,2018-08-13,3,PR,auto,8.0
base,last_week,2018-07-30,2018-08-20,4,PR,auto,0.0
base,last_week,2018-07-30,2018-07-30,1,PR,bed_bath_table,0.0
base,last_week,2018-07-30,2018-08-06,2,PR,bed_bath_table,0.0
base,last_week,2018-07-30,2018-08-13,3,PR,bed_bath_table,0.0
base,last_week,2018-07-30,2018-08-20,4,PR,bed_bath_table,0.0
base,last_week,2018-07-30,2018-07-30,1,PR,computers_accessories,0.0
base,last_week,2018-07-30,2018-08-06,2,PR,computers_accessories,0.0
base,last_week,2018-07-30,2018-08-13,3,PR,computers_accessories,0.0
base,last_week,2018-07-30,2018-08-20,4,PR,computers_accessories,0.0
base,last_week,2018-07-30,2018-07-30,1,PR,furniture_decor,26.0
base,last_week,2018-07-30,2018-08-06,2,PR,furniture_decor,26.0
base,last_week,2018-07-30,2018-08-13,3,PR,furniture_decor,26.0
base,last_week,2018-07-30,2018-08-20,4,PR,furniture_decor,0.0
base,last_week,2018-07-30,2018-07-30,1,PR,garden_tools,0.0
base,last_week,2018-07-30,2018-08-06,2,PR,garden_tools,0.0
base,last_week,2018-07-30,2018-08-13,3,PR,garden_tools,0.0
base,last_week,2018-07-30,2018-08-20,4,PR,garden_tools,0.0
base,last_week,2018-07-30,2018-07-30,1,PR,health_beauty,9.0
base,last_week,2018-07-30,2018-08-06,2,PR,health_beauty,13.0
base,last_week,2018-07-30,2018-08-13,3,PR,health_beauty,13.0
base,last_week,2018-07-30,2018-08-20,4,PR,health_beauty,0.0
base,last_week,2018-07-30,2018-07-30,1,PR,housewares,17.0
base,last_week,2018-07-30,2018-08-06,2,PR,housewares,17.0
base,last_week,2018-07-30,2018-08-13,3,PR,housewares,17.0
base,last_week,2018-07-30,2018-08-20,4,PR,housewares,0.0
base,last_week,2018-07-30,2018-07-30,1,PR,sports_leisure,7.0
base,last_week,2018-07-30,2018-08-06,2,PR,sports_leisure,7.0
base,last_week,2018-07-30,2018-08-13,3,PR,sports_leisure,7.0
base,last_week,2018-07-30,2018-08-20,4,PR,sports_leisure,0.0
base,last_week,2018-07-30,2018-07-30,1,PR,telephony,0.0
base,last_week,2018-07-30,2018-08-06,2,PR,telephony,0.0
base,last_week,2018-07-30,2018-08-13,3,PR,telephony,0.0
base,last_week,2018-07-30,2018-08-20,4,PR,telephony,0.0
base,last_week,2018-07-30,2018-07-30,1,PR,watches_gifts,0.0
base,last_week,2018-07-30,2018-08-06,2,PR,watches_gifts,8.0
base,last_week,2018-07-30,2018-08-13,3,PR,watches_gifts,8.0
base,last_week,2018-07-30,2018-08-20,4,PR,watches_gifts,0.0
base,last_week,2018-07-30,2018-07-30,1,RJ,auto,6.0
base,last_week,2018-07-30,2018-08-06,2,RJ,auto,6.0
base,last_week,2018-07-30,2018-08-13,3,RJ,auto,6.0
base,last_week,2018-07-30,2018-08-20,4,RJ,auto,0.0
base,last_week,2018-07-30,2018-07-30,1,RJ,bed_bath_table,10.0
base,last_week,2018-07-30,2018-08-06,2,RJ,bed_bath_table,10.0
base,last_week,2018-07-30,2018-08-13,3,RJ,bed_bath_table,10.0
base,last_week,2018-07-30,2018-08-20,4,RJ,bed_bath_table,0.0
base,last_week,2018-07-30,2018-07-30,1,RJ,computers_accessories,0.0
base,last_week,2018-07-30,2018-08-06,2,RJ,computers_accessories,0.0
base,last_week,2018-07-30,2018-08-13,3,RJ,computers_accessories,0.0
base,last_week,2018-07-30,2018-08-20,4,RJ,computers_accessories,0.0
base,last_week,2018-07-30,2018-07-30,1,RJ,furniture_decor,5.0
base,last_week,2018-07-30,2018-08-06,2,RJ,furniture_decor,5.0
base,last_week,2018-07-30,2018-08-13,3,RJ,furniture_decor,5.0
base,last_week,2018-07-30,2018-08-20,4,RJ,furniture_decor,0.0
base,last_week,2018-07-30,2018-07-30,1,RJ,garden_tools,4.0
base,last_week,2018-07-30,2018-08-06,2,RJ,garden_tools,4.0
base,last_week,2018-07-30,2018-08-13,3,RJ,garden_tools,4.0
base,last_week,2018-07-30,2018-08-20,4,RJ,garden_tools,0.0
base,last_week,2018-07-30,2018-07-30,1,RJ,health_beauty,0.0
base,last_week,2018-07-30,2018-08-06,2,RJ,health_beauty,0.0
base,last_week,2018-07-30,2018-08-13,3,RJ,health_beauty,0.0
base,last_week,2018-07-30,2018-08-20,4,RJ,health_beauty,0.0
base,last_week,2018-07-30,2018-07-30,1,RJ,housewares,8.0
base,last_week,2018-07-30,2018-08-06,2,RJ,housewares,8.0
base,last_week,2018-07-30,2018-08-13,3,RJ,housewares,8.0
base,last_week,2018-07-30,2018-08-20,4,RJ,housewares,0.0
base,last_week,2018-07-30,2018-07-30,1,RJ,sports_leisure,18.0
base,last_week,2018-07-30,2018-08-06,2,RJ,sports_leisure,18.0
base,last_week,2018-07-30,2018-08-13,3,RJ,sports_leisure,18.0
base,last_week,2018-07-30,2018-08-20,4,RJ,sports_leisure,0.0
base,last_week,2018-07-30,2018-07-30,1,RJ,telephony,6.0
base,last_week,2018-07-30,2018-08-06,2,RJ,telephony,6.0
base,last_week,2018-07-30,2018-08-13,3,RJ,telephony,6.0
base,last_week,2018-07-30,2018-08-20,4,RJ,telephony,0.0
base,last_week,2018-07-30,2018-07-30,1,RJ,watches_gifts,0.0
base,last_week,2018-07-30,2018-08-06,2,RJ,watches_gifts,0.0
base,last_week,2018-07-30,2018-08-13,3,RJ,watches_gifts,0.0
base,last_week,2018-07-30,2018-08-20,4,RJ,watches_gifts,0.0
base,last_week,2018-07-30,2018-07-30,1,RS,auto,3.0
base,last_week,2018-07-30,2018-08-06,2,RS,auto,3.0
base,last_week,2018-07-30,2018-08-13,3,RS,auto,3.0
base,last_week,2018-07-30,2018-08-20,4,RS,auto,0.0
base,last_week,2018-07-30,2018-07-30,1,RS,bed_bath_table,6.0
base,last_week,2018-07-30,2018-08-06,2,RS,bed_bath_table,6.0
base,last_week,2018-07-30,2018-08-13,3,RS,bed_bath_table,6.0
base,last_week,2018-07-30,2018-08-20,4,RS,bed_bath_table,0.0
base,last_week,2018-07-30,2018-07-30,1,RS,computers_accessories,9.0
base,last_week,2018-07-30,2018-08-06,2,RS,computers_accessories,9.0
base,last_week,2018-07-30,2018-08-13,3,RS,computers_accessories,9.0
base,last_week,2018-07-30,2018-08-20,4,RS,computers_accessories,0.0
base,last_week,2018-07-30,2018-07-30,1,RS,furniture_decor,5.0
base,last_week,2018-07-30,2018-08-06,2,RS,furniture_decor,5.0
base,last_week,2018-07-30,2018-08-13,3,RS,furniture_decor,5.0
base,last_week,2018-07-30,2018-08-20,4,RS,furniture_decor,0.0
base,last_week,2018-07-30,2018-07-30,1,RS,garden_tools,1.0
base,last_week,2018-07-30,2018-08-06,2,RS,garden_tools,1.0
base,last_week,2018-07-30,2018-08-13,3,RS,garden_tools,1.0
base,last_week,2018-07-30,2018-08-20,4,RS,garden_tools,0.0
base,last_week,2018-07-30,2018-07-30,1,RS,health_beauty,8.0
base,last_week,2018-07-30,2018-08-06,2,RS,health_beauty,8.0
base,last_week,2018-07-30,2018-08-13,3,RS,health_beauty,8.0
base,last_week,2018-07-30,2018-08-20,4,RS,health_beauty,0.0
base,last_week,2018-07-30,2018-07-30,1,RS,housewares,11.0
base,last_week,2018-07-30,2018-08-06,2,RS,housewares,11.0
base,last_week,2018-07-30,2018-08-13,3,RS,housewares,11.0
base,last_week,2018-07-30,2018-08-20,4,RS,housewares,0.0
base,last_week,2018-07-30,2018-07-30,1,RS,sports_leisure,0.0
base,last_week,2018-07-30,2018-08-06,2,RS,sports_leisure,0.0
base,last_week,2018-07-30,2018-08-13,3,RS,sports_leisure,0.0
base,last_week,2018-07-30,2018-08-20,4,RS,sports_leisure,0.0
base,last_week,2018-07-30,2018-07-30,1,RS,telephony,5.0
base,last_week,2018-07-30,2018-08-06,2,RS,telephony,5.0
base,last_week,2018-07-30,2018-08-13,3,RS,telephony,5.0
base,last_week,2018-07-30,2018-08-20,4,RS,telephony,0.0
base,last_week,2018-07-30,2018-07-30,1,RS,watches_gifts,0.0
base,last_week,2018-07-30,2018-08-06,2,RS,watches_gifts,0.0
base,last_week,2018-07-30,2018-08-13,3,RS,watches_gifts,0.0
base,last_week,2018-07-30,2018-08-20,4,RS,watches_gifts,0.0
base,last_week,2018-07-30,2018-07-30,1,SC,auto,0.0
base,last_week,2018-07-30,2018-08-06,2,SC,auto,0.0
base,last_week,2018-07-30,2018-08-13,3,SC,auto,0.0
base,last_week,2018-07-30,2018-08-20,4,SC,auto,0.0
base,last_week,2018-07-30,2018-07-30,1,SC,bed_bath_table,5.0
base,last_week,2018-07-30,2018-08-06,2,SC,bed_bath_table,8.0
base,last_week,2018-07-30,2018-08-13,3,SC,bed_bath_table,8.0
base,last_week,2018-07-30,2018-08-20,4,SC,bed_bath_table,0.0
base,last_week,2018-07-30,2018-07-30,1,SC,computers_accessories,9.0
base,last_week,2018-07-30,2018-08-06,2,SC,computers_accessories,9.0
base,last_week,2018-07-30,2018-08-13,3,SC,computers_accessories,9.0
base,last_week,2018-07-30,2018-08-20,4,SC,computers_accessories,0.0
base,last_week,2018-07-30,2018-07-30,1,SC,furniture_decor,6.0
base,last_week,2018-07-30,2018-08-06,2,SC,furniture_decor,6.0
base,last_week,2018-07-30,2018-08-13,3,SC,furniture_decor,6.0
base,last_week,2018-07-30,2018-08-20,4,SC,furniture_decor,0.0
base,last_week,2018-07-30,2018-07-30,1,SC,garden_tools,8.0
base,last_week,2018-07-30,2018-08-06,2,SC,garden_tools,8.0
base,last_week,2018-07-30,2018-08-13,3,SC,garden_tools,8.0
base,last_week,2018-07-30,2018-08-20,4,SC,garden_tools,0.0
base,last_week,2018-07-30,2018-07-30,1,SC,health_beauty,0.0
base,last_week,2018-07-30,2018-08-06,2,SC,health_beauty,0.0
base,last_week,2018-07-30,2018-08-13,3,SC,health_beauty,0.0
base,last_week,2018-07-30,2018-08-20,4,SC,health_beauty,0.0
base,last_week,2018-07-30,2018-07-30,1,SC,housewares,0.0
base,last_week,2018-07-30,2018-08-06,2,SC,housewares,0.0
base,last_week,2018-07-30,2018-08-13,3,SC,housewares,0.0
base,last_week,2018-07-30,2018-08-20,4,SC,housewares,0.0
base,last_week,2018-07-30,2018-07-30,1,SC,sports_leisure,18.0
base,last_week,2018-07-30,2018-08-06,2,SC,sports_leisure,18.0
base,last_week,2018-07-30,2018-08-13,3,SC,sports_leisure,18.0
base,last_week,2018-07-30,2018-08-20,4,SC,sports_leisure,0.0
base,last_week,2018-07-30,2018-07-30,1,SC,telephony,0.0
base,last_week,2018-07-30,2018-08-06,2,SC,telephony,0.0
base,last_week,2018-07-30,2018-08-13,3,SC,telephony,0.0
base,last_week,2018-07-30,2018-08-20,4,SC,telephony,0.0
base,last_week,2018-07-30,2018-07-30,1,SC,watches_gifts,0.0
base,last_week,2018-07-30,2018-08-06,2,SC,watches_gifts,6.0
base,last_week,2018-07-30,2018-08-13,3,SC,watches_gifts,6.0
base,last_week,2018-07-30,2018-08-20,4,SC,watches_gifts,0.0
base,last_week,2018-07-30,2018-07-30,1,SP,auto,101.0
base,last_week,2018-07-30,2018-08-06,2,SP,auto,101.0
base,last_week,2018-07-30,2018-08-13,3,SP,auto,101.0
base,last_week,2018-07-30,2018-08-20,4,SP,auto,0.0
base,last_week,2018-07-30,2018-07-30,1,SP,bed_bath_table,123.0
base,last_week,2018-07-30,2018-08-06,2,SP,bed_bath_table,150.0
base,last_week,2018-07-30,2018-08-13,3,SP,bed_bath_table,150.0
base,last_week,2018-07-30,2018-08-20,4,SP,bed_bath_table,0.0
base,last_week,2018-07-30,2018-07-30,1,SP,computers_accessories,108.0
base,last_week,2018-07-30,2018-08-06,2,SP,computers_accessories,108.0
base,last_week,2018-07-30,2018-08-13,3,SP,computers_accessories,108.0
base,last_week,2018-07-30,2018-08-20,4,SP,computers_accessories,0.0
base,last_week,2018-07-30,2018-07-30,1,SP,furniture_decor,102.0
base,last_week,2018-07-30,2018-08-06,2,SP,furniture_decor,102.0
base,last_week,2018-07-30,2018-08-13,3,SP,furniture_decor,102.0
base,last_week,2018-07-30,2018-08-20,4,SP,furniture_decor,0.0
base,last_week,2018-07-30,2018-07-30,1,SP,garden_tools,62.0
base,last_week,2018-07-30,2018-08-06,2,SP,garden_tools,62.0
base,last_week,2018-07-30,2018-08-13,3,SP,garden_tools,62.0
base,last_week,2018-07-30,2018-08-20,4,SP,garden_tools,0.0
base,last_week,2018-07-30,2018-07-30,1,SP,health_beauty,123.0
base,last_week,2018-07-30,2018-08-06,2,SP,health_beauty,168.0
base,last_week,2018-07-30,2018-08-13,3,SP,health_beauty,168.0
base,last_week,2018-07-30,2018-08-20,4,SP,health_beauty,0.0
base,last_week,2018-07-30,2018-07-30,1,SP,housewares,159.0
base,last_week,2018-07-30,2018-08-06,2,SP,housewares,159.0
base,last_week,2018-07-30,2018-08-13,3,SP,housewares,159.0
base,last_week,2018-07-30,2018-08-20,4,SP,housewares,0.0
base,last_week,2018-07-30,2018-07-30,1,SP,sports_leisure,100.0
base,last_week,2018-07-30,2018-08-06,2,SP,sports_leisure,100.0
base,last_week,2018-07-30,2018-08-13,3,SP,sports_leisure,100.0
base,last_week,2018-07-30,2018-08-20,4,SP,sports_leisure,0.0
base,last_week,2018-07-30,2018-07-30,1,SP,telephony,64.0
base,last_week,2018-07-30,2018-08-06,2,SP,telephony,64.0
base,last_week,2018-07-30,2018-08-13,3,SP,telephony,64.0
base,last_week,2018-07-30,2018-08-20,4,SP,telephony,0.0
base,last_week,2018-07-30,2018-07-30,1,SP,watches_gifts,85.0
base,last_week,2018-07-30,2018-08-06,2,SP,watches_gifts,124.0
base,last_week,2018-07-30,2018-08-13,3,SP,watches_gifts,124.0
base,last_week,2018-07-30,2018-08-20,4,SP,watches_gifts,0.0
base,last_week,2018-08-06,2018-08-06,1,MG,auto,0.0
base,last_week,2018-08-06,2018-08-13,2,MG,auto,0.0
base,last_week,2018-08-06,2018-08-20,3,MG,auto,0.0
base,last_week,2018-08-06,2018-08-27,4,MG,auto,0.0
base,last_week,2018-08-06,2018-08-06,1,MG,bed_bath_table,14.0
base,last_week,2018-08-06,2018-08-13,2,MG,bed_bath_table,14.0
base,last_week,2018-08-06,2018-08-20,3,MG,bed_bath_table,14.0
base,last_week,2018-08-06,2018-08-27,4,MG,bed_bath_table,0.0
base,last_week,2018-08-06,2018-08-06,1,MG,computers_accessories,45.0
base,last_week,2018-08-06,2018-08-13,2,MG,computers_accessories,45.0
base,last_week,2018-08-06,2018-08-20,3,MG,computers_accessories,45.0
base,last_week,2018-08-06,2018-08-27,4,MG,computers_accessories,0.0
base,last_week,2018-08-06,2018-08-06,1,MG,furniture_decor,15.0
base,last_week,2018-08-06,2018-08-13,2,MG,furniture_decor,15.0
base,last_week,2018-08-06,2018-08-20,3,MG,furniture_decor,15.0
base,last_week,2018-08-06,2018-08-27,4,MG,furniture_decor,0.0
base,last_week,2018-08-06,2018-08-06,1,MG,garden_tools,0.0
base,last_week,2018-08-06,2018-08-13,2,MG,garden_tools,0.0
base,last_week,2018-08-06,2018-08-20,3,MG,garden_tools,0.0
base,last_week,2018-08-06,2018-08-27,4,MG,garden_tools,0.0
base,last_week,2018-08-06,2018-08-06,1,MG,health_beauty,14.0
base,last_week,2018-08-06,2018-08-13,2,MG,health_beauty,14.0
base,last_week,2018-08-06,2018-08-20,3,MG,health_beauty,14.0
base,last_week,2018-08-06,2018-08-27,4,MG,health_beauty,0.0
base,last_week,2018-08-06,2018-08-06,1,MG,housewares,25.0
base,last_week,2018-08-06,2018-08-13,2,MG,housewares,25.0
base,last_week,2018-08-06,2018-08-20,3,MG,housewares,25.0
base,last_week,2018-08-06,2018-08-27,4,MG,housewares,0.0
base,last_week,2018-08-06,2018-08-06,1,MG,sports_leisure,16.0
base,last_week,2018-08-06,2018-08-13,2,MG,sports_leisure,16.0
base,last_week,2018-08-06,2018-08-20,3,MG,sports_leisure,16.0
base,last_week,2018-08-06,2018-08-27,4,MG,sports_leisure,0.0
base,last_week,2018-08-06,2018-08-06,1,MG,telephony,5.0
base,last_week,2018-08-06,2018-08-13,2,MG,telephony,5.0
base,last_week,2018-08-06,2018-08-20,3,MG,telephony,5.0
base,last_week,2018-08-06,2018-08-27,4,MG,telephony,0.0
base,last_week,2018-08-06,2018-08-06,1,MG,watches_gifts,10.0
base,last_week,2018-08-06,2018-08-13,2,MG,watches_gifts,10.0
base,last_week,2018-08-06,2018-08-20,3,MG,watches_gifts,10.0
base,last_week,2018-08-06,2018-08-27,4,MG,watches_gifts,0.0
base,last_week,2018-08-06,2018-08-06,1,PR,auto,8.0
base,last_week,2018-08-06,2018-08-13,2,PR,auto,8.0
base,last_week,2018-08-06,2018-08-20,3,PR,auto,8.0
base,last_week,2018-08-06,2018-08-27,4,PR,auto,0.0
base,last_week,2018-08-06,2018-08-06,1,PR,bed_bath_table,0.0
base,last_week,2018-08-06,2018-08-13,2,PR,bed_bath_table,0.0
base,last_week,2018-08-06,2018-08-20,3,PR,bed_bath_table,0.0
base,last_week,2018-08-06,2018-08-27,4,PR,bed_bath_table,0.0
base,last_week,2018-08-06,2018-08-06,1,PR,computers_accessories,0.0
base,last_week,2018-08-06,2018-08-13,2,PR,computers_accessories,0.0
base,last_week,2018-08-06,2018-08-20,3,PR,computers_accessories,0.0
base,last_week,2018-08-06,2018-08-27,4,PR,computers_accessories,0.0
base,last_week,2018-08-06,2018-08-06,1,PR,furniture_decor,16.0
base,last_week,2018-08-06,2018-08-13,2,PR,furniture_decor,16.0
base,last_week,2018-08-06,2018-08-20,3,PR,furniture_decor,16.0
base,last_week,2018-08-06,2018-08-27,4,PR,furniture_decor,0.0
base,last_week,2018-08-06,2018-08-06,1,PR,garden_tools,0.0
base,last_week,2018-08-06,2018-08-13,2,PR,garden_tools,0.0
base,last_week,2018-08-06,2018-08-20,3,PR,garden_tools,0.0
base,last_week,2018-08-06,2018-08-27,4,PR,garden_tools,0.0
base,last_week,2018-08-06,2018-08-06,1,PR,health_beauty,16.0
base,last_week,2018-08-06,2018-08-13,2,PR,health_beauty,16.0
base,last_week,2018-08-06,2018-08-20,3,PR,health_beauty,16.0
base,last_week,2018-08-06,2018-08-27,4,PR,health_beauty,0.0
base,last_week,2018-08-06,2018-08-06,1,PR,housewares,17.0
base,last_week,2018-08-06,2018-08-13,2,PR,housewares,17.0
base,last_week,2018-08-06,2018-08-20,3,PR,housewares,17.0
base,last_week,2018-08-06,2018-08-27,4,PR,housewares,0.0
base,last_week,2018-08-06,2018-08-06,1,PR,sports_leisure,3.0
base,last_week,2018-08-06,2018-08-13,2,PR,sports_leisure,3.0
base,last_week,2018-08-06,2018-08-20,3,PR,sports_leisure,3.0
base,last_week,2018-08-06,2018-08-27,4,PR,sports_leisure,0.0
base,last_week,2018-08-06,2018-08-06,1,PR,telephony,0.0
base,last_week,2018-08-06,2018-08-13,2,PR,telephony,0.0
base,last_week,2018-08-06,2018-08-20,3,PR,telephony,0.0
base,last_week,2018-08-06,2018-08-27,4,PR,telephony,0.0
base,last_week,2018-08-06,2018-08-06,1,PR,watches_gifts,8.0
base,last_week,2018-08-06,2018-08-13,2,PR,watches_gifts,8.0
base,last_week,2018-08-06,2018-08-20,3,PR,watches_gifts,8.0
base,last_week,2018-08-06,2018-08-27,4,PR,watches_gifts,0.0
base,last_week,2018-08-06,2018-08-06,1,RJ,auto,6.0
base,last_week,2018-08-06,2018-08-13,2,RJ,auto,6.0
base,last_week,2018-08-06,2018-08-20,3,RJ,auto,6.0
base,last_week,2018-08-06,2018-08-27,4,RJ,auto,0.0
base,last_week,2018-08-06,2018-08-06,1,RJ,bed_bath_table,10.0
base,last_week,2018-08-06,2018-08-13,2,RJ,bed_bath_table,10.0
base,last_week,2018-08-06,2018-08-20,3,RJ,bed_bath_table,10.0
base,last_week,2018-08-06,2018-08-27,4,RJ,bed_bath_table,0.0
base,last_week,2018-08-06,2018-08-06,1,RJ,computers_accessories,0.0
base,last_week,2018-08-06,2018-08-13,2,RJ,computers_accessories,0.0
base,last_week,2018-08-06,2018-08-20,3,RJ,computers_accessories,0.0
base,last_week,2018-08-06,2018-08-27,4,RJ,computers_accessories,0.0
base,last_week,2018-08-06,2018-08-06,1,RJ,furniture_decor,5.0
base,last_week,2018-08-06,2018-08-13,2,RJ,furniture_decor,5.0
base,last_week,2018-08-06,2018-08-20,3,RJ,furniture_decor,5.0
base,last_week,2018-08-06,2018-08-27,4,RJ,furniture_decor,0.0
base,last_week,2018-08-06,2018-08-06,1,RJ,garden_tools,4.0
base,last_week,2018-08-06,2018-08-13,2,RJ,garden_tools,4.0
base,last_week,2018-08-06,2018-08-20,3,RJ,garden_tools,4.0
base,last_week,2018-08-06,2018-08-27,4,RJ,garden_tools,0.0
base,last_week,2018-08-06,2018-08-06,1,RJ,health_beauty,37.0
base,last_week,2018-08-06,2018-08-13,2,RJ,health_beauty,37.0
base,last_week,2018-08-06,2018-08-20,3,RJ,health_beauty,37.0
base,last_week,2018-08-06,2018-08-27,4,RJ,health_beauty,0.0
base,last_week,2018-08-06,2018-08-06,1,RJ,housewares,8.0
base,last_week,2018-08-06,2018-08-13,2,RJ,housewares,8.0
base,last_week,2018-08-06,2018-08-20,3,RJ,housewares,8.0
base,last_week,2018-08-06,2018-08-27,4,RJ,housewares,0.0
base,last_week,2018-08-06,2018-08-06,1,RJ,sports_leisure,18.0
base,last_week,2018-08-06,2018-08-13,2,RJ,sports_leisure,18.0
base,last_week,2018-08-06,2018-08-20,3,RJ,sports_leisure,18.0
base,last_week,2018-08-06,2018-08-27,4,RJ,sports_leisure,0.0
base,last_week,2018-08-06,2018-08-06,1,RJ,telephony,6.0
base,last_week,2018-08-06,2018-08-13,2,RJ,telephony,6.0
base,last_week,2018-08-06,2018-08-20,3,RJ,telephony,6.0
base,last_week,2018-08-06,2018-08-27,4,RJ,telephony,0.0
base,last_week,2018-08-06,2018-08-06,1,RJ,watches_gifts,0.0
base,last_week,2018-08-06,2018-08-13,2,RJ,watches_gifts,0.0
base,last_week,2018-08-06,2018-08-20,3,RJ,watches_gifts,0.0
base,last_week,2018-08-06,2018-08-27,4,RJ,watches_gifts,0.0
base,last_week,2018-08-06,2018-08-06,1,RS,auto,3.0
base,last_week,2018-08-06,2018-08-13,2,RS,auto,3.0
base,last_week,2018-08-06,2018-08-20,3,RS,auto,3.0
base,last_week,2018-08-06,2018-08-27,4,RS,auto,0.0
base,last_week,2018-08-06,2018-08-06,1,RS,bed_bath_table,6.0
base,last_week,2018-08-06,2018-08-13,2,RS,bed_bath_table,6.0
base,last_week,2018-08-06,2018-08-20,3,RS,bed_bath_table,6.0
base,last_week,2018-08-06,2018-08-27,4,RS,bed_bath_table,0.0
base,last_week,2018-08-06,2018-08-06,1,RS,computers_accessories,7.0
base,last_week,2018-08-06,2018-08-13,2,RS,computers_accessories,7.0
base,last_week,2018-08-06,2018-08-20,3,RS,computers_accessories,7.0
base,last_week,2018-08-06,2018-08-27,4,RS,computers_accessories,0.0
base,last_week,2018-08-06,2018-08-06,1,RS,furniture_decor,5.0
base,last_week,2018-08-06,2018-08-13,2,RS,furniture_decor,5.0
base,last_week,2018-08-06,2018-08-20,3,RS,furniture_decor,5.0
base,last_week,2018-08-06,2018-08-27,4,RS,furniture_decor,0.0
base,last_week,2018-08-06,2018-08-06,1,RS,garden_tools,0.0
base,last_week,2018-08-06,2018-08-13,2,RS,garden_tools,0.0
base,last_week,2018-08-06,2018-08-20,3,RS,garden_tools,1.0
base,last_week,2018-08-06,2018-08-27,4,RS,garden_tools,0.0
base,last_week,2018-08-06,2018-08-06,1,RS,health_beauty,8.0
base,last_week,2018-08-06,2018-08-13,2,RS,health_beauty,8.0
base,last_week,2018-08-06,2018-08-20,3,RS,health_beauty,8.0
base,last_week,2018-08-06,2018-08-27,4,RS,health_beauty,0.0
base,last_week,2018-08-06,2018-08-06,1,RS,housewares,11.0
base,last_week,2018-08-06,2018-08-13,2,RS,housewares,11.0
base,last_week,2018-08-06,2018-08-20,3,RS,housewares,11.0
base,last_week,2018-08-06,2018-08-27,4,RS,housewares,0.0
base,last_week,2018-08-06,2018-08-06,1,RS,sports_leisure,0.0
base,last_week,2018-08-06,2018-08-13,2,RS,sports_leisure,0.0
base,last_week,2018-08-06,2018-08-20,3,RS,sports_leisure,0.0
base,last_week,2018-08-06,2018-08-27,4,RS,sports_leisure,0.0
base,last_week,2018-08-06,2018-08-06,1,RS,telephony,5.0
base,last_week,2018-08-06,2018-08-13,2,RS,telephony,5.0
base,last_week,2018-08-06,2018-08-20,3,RS,telephony,5.0
base,last_week,2018-08-06,2018-08-27,4,RS,telephony,0.0
base,last_week,2018-08-06,2018-08-06,1,RS,watches_gifts,3.0
base,last_week,2018-08-06,2018-08-13,2,RS,watches_gifts,3.0
base,last_week,2018-08-06,2018-08-20,3,RS,watches_gifts,3.0
base,last_week,2018-08-06,2018-08-27,4,RS,watches_gifts,0.0
base,last_week,2018-08-06,2018-08-06,1,SC,auto,0.0
base,last_week,2018-08-06,2018-08-13,2,SC,auto,0.0
base,last_week,2018-08-06,2018-08-20,3,SC,auto,0.0
base,last_week,2018-08-06,2018-08-27,4,SC,auto,0.0
base,last_week,2018-08-06,2018-08-06,1,SC,bed_bath_table,2.0
base,last_week,2018-08-06,2018-08-13,2,SC,bed_bath_table,2.0
base,last_week,2018-08-06,2018-08-20,3,SC,bed_bath_table,2.0
base,last_week,2018-08-06,2018-08-27,4,SC,bed_bath_table,0.0
base,last_week,2018-08-06,2018-08-06,1,SC,computers_accessories,9.0
base,last_week,2018-08-06,2018-08-13,2,SC,computers_accessories,9.0
base,last_week,2018-08-06,2018-08-20,3,SC,computers_accessories,9.0
base,last_week,2018-08-06,2018-08-27,4,SC,computers_accessories,0.0
base,last_week,2018-08-06,2018-08-06,1,SC,furniture_decor,6.0
base,last_week,2018-08-06,2018-08-13,2,SC,furniture_decor,6.0
base,last_week,2018-08-06,2018-08-20,3,SC,furniture_decor,6.0
base,last_week,2018-08-06,2018-08-27,4,SC,furniture_decor,0.0
base,last_week,2018-08-06,2018-08-06,1,SC,garden_tools,8.0
base,last_week,2018-08-06,2018-08-13,2,SC,garden_tools,8.0
base,last_week,2018-08-06,2018-08-20,3,SC,garden_tools,8.0
base,last_week,2018-08-06,2018-08-27,4,SC,garden_tools,0.0
base,last_week,2018-08-06,2018-08-06,1,SC,health_beauty,0.0
base,last_week,2018-08-06,2018-08-13,2,SC,health_beauty,0.0
base,last_week,2018-08-06,2018-08-20,3,SC,health_beauty,0.0
base,last_week,2018-08-06,2018-08-27,4,SC,health_beauty,0.0
base,last_week,2018-08-06,2018-08-06,1,SC,housewares,10.0
base,last_week,2018-08-06,2018-08-13,2,SC,housewares,10.0
base,last_week,2018-08-06,2018-08-20,3,SC,housewares,10.0
base,last_week,2018-08-06,2018-08-27,4,SC,housewares,0.0
base,last_week,2018-08-06,2018-08-06,1,SC,sports_leisure,18.0
base,last_week,2018-08-06,2018-08-13,2,SC,sports_leisure,18.0
base,last_week,2018-08-06,2018-08-20,3,SC,sports_leisure,18.0
base,last_week,2018-08-06,2018-08-27,4,SC,sports_leisure,0.0
base,last_week,2018-08-06,2018-08-06,1,SC,telephony,0.0
base,last_week,2018-08-06,2018-08-13,2,SC,telephony,0.0
base,last_week,2018-08-06,2018-08-20,3,SC,telephony,0.0
base,last_week,2018-08-06,2018-08-27,4,SC,telephony,0.0
base,last_week,2018-08-06,2018-08-06,1,SC,watches_gifts,9.0
base,last_week,2018-08-06,2018-08-13,2,SC,watches_gifts,9.0
base,last_week,2018-08-06,2018-08-20,3,SC,watches_gifts,9.0
base,last_week,2018-08-06,2018-08-27,4,SC,watches_gifts,0.0
base,last_week,2018-08-06,2018-08-06,1,SP,auto,89.0
base,last_week,2018-08-06,2018-08-13,2,SP,auto,102.0
base,last_week,2018-08-06,2018-08-20,3,SP,auto,102.0
base,last_week,2018-08-06,2018-08-27,4,SP,auto,0.0
base,last_week,2018-08-06,2018-08-06,1,SP,bed_bath_table,204.0
base,last_week,2018-08-06,2018-08-13,2,SP,bed_bath_table,204.0
base,last_week,2018-08-06,2018-08-20,3,SP,bed_bath_table,204.0
base,last_week,2018-08-06,2018-08-27,4,SP,bed_bath_table,0.0
base,last_week,2018-08-06,2018-08-06,1,SP,computers_accessories,108.0
base,last_week,2018-08-06,2018-08-13,2,SP,computers_accessories,108.0
base,last_week,2018-08-06,2018-08-20,3,SP,computers_accessories,108.0
base,last_week,2018-08-06,2018-08-27,4,SP,computers_accessories,0.0
base,last_week,2018-08-06,2018-08-06,1,SP,furniture_decor,127.0
base,last_week,2018-08-06,2018-08-13,2,SP,furniture_decor,127.0
base,last_week,2018-08-06,2018-08-20,3,SP,furniture_decor,127.0
base,last_week,2018-08-06,2018-08-27,4,SP,furniture_decor,0.0
base,last_week,2018-08-06,2018-08-06,1,SP,garden_tools,0.0
base,last_week,2018-08-06,2018-08-13,2,SP,garden_tools,29.0
base,last_week,2018-08-06,2018-08-20,3,SP,garden_tools,37.0
base,last_week,2018-08-06,2018-08-27,4,SP,garden_tools,0.0
base,last_week,2018-08-06,2018-08-06,1,SP,health_beauty,198.0
base,last_week,2018-08-06,2018-08-13,2,SP,health_beauty,198.0
base,last_week,2018-08-06,2018-08-20,3,SP,health_beauty,198.0
base,last_week,2018-08-06,2018-08-27,4,SP,health_beauty,0.0
base,last_week,2018-08-06,2018-08-06,1,SP,housewares,159.0
base,last_week,2018-08-06,2018-08-13,2,SP,housewares,159.0
base,last_week,2018-08-06,2018-08-20,3,SP,housewares,159.0
base,last_week,2018-08-06,2018-08-27,4,SP,housewares,0.0
base,last_week,2018-08-06,2018-08-06,1,SP,sports_leisure,117.0
base,last_week,2018-08-06,2018-08-13,2,SP,sports_leisure,117.0
base,last_week,2018-08-06,2018-08-20,3,SP,sports_leisure,117.0
base,last_week,2018-08-06,2018-08-27,4,SP,sports_leisure,0.0
base,last_week,2018-08-06,2018-08-06,1,SP,telephony,104.0
base,last_week,2018-08-06,2018-08-13,2,SP,telephony,104.0
base,last_week,2018-08-06,2018-08-20,3,SP,telephony,104.0
base,last_week,2018-08-06,2018-08-27,4,SP,telephony,0.0
base,last_week,2018-08-06,2018-08-06,1,SP,watches_gifts,151.0
base,last_week,2018-08-06,2018-08-13,2,SP,watches_gifts,151.0
base,last_week,2018-08-06,2018-08-20,3,SP,watches_gifts,151.0
base,last_week,2018-08-06,2018-08-27,4,SP,watches_gifts,0.0
base,last_week,2018-08-13,2018-08-13,1,MG,auto,11.0
base,last_week,2018-08-13,2018-08-20,2,MG,auto,11.0
base,last_week,2018-08-13,2018-08-27,3,MG,auto,11.0
base,last_week,2018-08-13,2018-09-03,4,MG,auto,0.0
base,last_week,2018-08-13,2018-08-13,1,MG,bed_bath_table,14.0
base,last_week,2018-08-13,2018-08-20,2,MG,bed_bath_table,14.0
base,last_week,2018-08-13,2018-08-27,3,MG,bed_bath_table,14.0
base,last_week,2018-08-13,2018-09-03,4,MG,bed_bath_table,0.0
base,last_week,2018-08-13,2018-08-13,1,MG,computers_accessories,0.0
base,last_week,2018-08-13,2018-08-20,2,MG,computers_accessories,1.0
base,last_week,2018-08-13,2018-08-27,3,MG,computers_accessories,16.0
base,last_week,2018-08-13,2018-09-03,4,MG,computers_accessories,0.0
base,last_week,2018-08-13,2018-08-13,1,MG,furniture_decor,0.0
base,last_week,2018-08-13,2018-08-20,2,MG,furniture_decor,7.0
base,last_week,2018-08-13,2018-08-27,3,MG,furniture_decor,9.0
base,last_week,2018-08-13,2018-09-03,4,MG,furniture_decor,0.0
base,last_week,2018-08-13,2018-08-13,1,MG,garden_tools,0.0
base,last_week,2018-08-13,2018-08-20,2,MG,garden_tools,0.0
base,last_week,2018-08-13,2018-08-27,3,MG,garden_tools,0.0
base,last_week,2018-08-13,2018-09-03,4,MG,garden_tools,0.0
base,last_week,2018-08-13,2018-08-13,1,MG,health_beauty,14.0
base,last_week,2018-08-13,2018-08-20,2,MG,health_beauty,14.0
base,last_week,2018-08-13,2018-08-27,3,MG,health_beauty,14.0
base,last_week,2018-08-13,2018-09-03,4,MG,health_beauty,0.0
base,last_week,2018-08-13,2018-08-13,1,MG,housewares,0.0
base,last_week,2018-08-13,2018-08-20,2,MG,housewares,0.0
base,last_week,2018-08-13,2018-08-27,3,MG,housewares,0.0
base,last_week,2018-08-13,2018-09-03,4,MG,housewares,0.0
base,last_week,2018-08-13,2018-08-13,1,MG,sports_leisure,4.0
base,last_week,2018-08-13,2018-08-20,2,MG,sports_leisure,12.0
base,last_week,2018-08-13,2018-08-27,3,MG,sports_leisure,12.0
base,last_week,2018-08-13,2018-09-03,4,MG,sports_leisure,0.0
base,last_week,2018-08-13,2018-08-13,1,MG,telephony,5.0
base,last_week,2018-08-13,2018-08-20,2,MG,telephony,5.0
base,last_week,2018-08-13,2018-08-27,3,MG,telephony,5.0
base,last_week,2018-08-13,2018-09-03,4,MG,telephony,0.0
base,last_week,2018-08-13,2018-08-13,1,MG,watches_gifts,0.0
base,last_week,2018-08-13,2018-08-20,2,MG,watches_gifts,0.0
base,last_week,2018-08-13,2018-08-27,3,MG,watches_gifts,0.0
base,last_week,2018-08-13,2018-09-03,4,MG,watches_gifts,0.0
base,last_week,2018-08-13,2018-08-13,1,PR,auto,8.0
base,last_week,2018-08-13,2018-08-20,2,PR,auto,8.0
base,last_week,2018-08-13,2018-08-27,3,PR,auto,8.0
base,last_week,2018-08-13,2018-09-03,4,PR,auto,0.0
base,last_week,2018-08-13,2018-08-13,1,PR,bed_bath_table,0.0
base,last_week,2018-08-13,2018-08-20,2,PR,bed_bath_table,0.0
base,last_week,2018-08-13,2018-08-27,3,PR,bed_bath_table,0.0
base,last_week,2018-08-13,2018-09-03,4,PR,bed_bath_table,0.0
base,last_week,2018-08-13,2018-08-13,1,PR,computers_accessories,1.0
base,last_week,2018-08-13,2018-08-20,2,PR,computers_accessories,1.0
base,last_week,2018-08-13,2018-08-27,3,PR,computers_accessories,1.0
base,last_week,2018-08-13,2018-09-03,4,PR,computers_accessories,0.0
base,last_week,2018-08-13,2018-08-13,1,PR,furniture_decor,36.0
base,last_week,2018-08-13,2018-08-20,2,PR,furniture_decor,36.0
base,last_week,2018-08-13,2018-08-27,3,PR,furniture_decor,36.0
base,last_week,2018-08-13,2018-09-03,4,PR,furniture_decor,0.0
base,last_week,2018-08-13,2018-08-13,1,PR,garden_tools,0.0
base,last_week,2018-08-13,2018-08-20,2,PR,garden_tools,0.0
base,last_week,2018-08-13,2018-08-27,3,PR,garden_tools,0.0
base,last_week,2018-08-13,2018-09-03,4,PR,garden_tools,0.0
base,last_week,2018-08-13,2018-08-13,1,PR,health_beauty,21.0
base,last_week,2018-08-13,2018-08-20,2,PR,health_beauty,21.0
base,last_week,2018-08-13,2018-08-27,3,PR,health_beauty,21.0
base,last_week,2018-08-13,2018-09-03,4,PR,health_beauty,0.0
base,last_week,2018-08-13,2018-08-13,1,PR,housewares,17.0
base,last_week,2018-08-13,2018-08-20,2,PR,housewares,17.0
base,last_week,2018-08-13,2018-08-27,3,PR,housewares,17.0
base,last_week,2018-08-13,2018-09-03,4,PR,housewares,0.0
base,last_week,2018-08-13,2018-08-13,1,PR,sports_leisure,14.0
base,last_week,2018-08-13,2018-08-20,2,PR,sports_leisure,14.0
base,last_week,2018-08-13,2018-08-27,3,PR,sports_leisure,14.0
base,last_week,2018-08-13,2018-09-03,4,PR,sports_leisure,0.0
base,last_week,2018-08-13,2018-08-13,1,PR,telephony,0.0
base,last_week,2018-08-13,2018-08-20,2,PR,telephony,0.0
base,last_week,2018-08-13,2018-08-27,3,PR,telephony,0.0
base,last_week,2018-08-13,2018-09-03,4,PR,telephony,0.0
base,last_week,2018-08-13,2018-08-13,1,PR,watches_gifts,8.0
base,last_week,2018-08-13,2018-08-20,2,PR,watches_gifts,8.0
base,last_week,2018-08-13,2018-08-27,3,PR,watches_gifts,8.0
base,last_week,2018-08-13,2018-09-03,4,PR,watches_gifts,0.0
base,last_week,2018-08-13,2018-08-13,1,RJ,auto,6.0
base,last_week,2018-08-13,2018-08-20,2,RJ,auto,6.0
base,last_week,2018-08-13,2018-08-27,3,RJ,auto,6.0
base,last_week,2018-08-13,2018-09-03,4,RJ,auto,0.0
base,last_week,2018-08-13,2018-08-13,1,RJ,bed_bath_table,10.0
base,last_week,2018-08-13,2018-08-20,2,RJ,bed_bath_table,10.0
base,last_week,2018-08-13,2018-08-27,3,RJ,bed_bath_table,10.0
base,last_week,2018-08-13,2018-09-03,4,RJ,bed_bath_table,0.0
base,last_week,2018-08-13,2018-08-13,1,RJ,computers_accessories,0.0
base,last_week,2018-08-13,2018-08-20,2,RJ,computers_accessories,0.0
base,last_week,2018-08-13,2018-08-27,3,RJ,computers_accessories,0.0
base,last_week,2018-08-13,2018-09-03,4,RJ,computers_accessories,0.0
base,last_week,2018-08-13,2018-08-13,1,RJ,furniture_decor,5.0
base,last_week,2018-08-13,2018-08-20,2,RJ,furniture_decor,5.0
base,last_week,2018-08-13,2018-08-27,3,RJ,furniture_decor,5.0
base,last_week,2018-08-13,2018-09-03,4,RJ,furniture_decor,0.0
base,last_week,2018-08-13,2018-08-13,1,RJ,garden_tools,3.0
base,last_week,2018-08-13,2018-08-20,2,RJ,garden_tools,3.0
base,last_week,2018-08-13,2018-08-27,3,RJ,garden_tools,3.0
base,last_week,2018-08-13,2018-09-03,4,RJ,garden_tools,0.0
base,last_week,2018-08-13,2018-08-13,1,RJ,health_beauty,44.0
base,last_week,2018-08-13,2018-08-20,2,RJ,health_beauty,44.0
base,last_week,2018-08-13,2018-08-27,3,RJ,health_beauty,44.0
base,last_week,2018-08-13,2018-09-03,4,RJ,health_beauty,0.0
base,last_week,2018-08-13,2018-08-13,1,RJ,housewares,8.0
base,last_week,2018-08-13,2018-08-20,2,RJ,housewares,8.0
base,last_week,2018-08-13,2018-08-27,3,RJ,housewares,8.0
base,last_week,2018-08-13,2018-09-03,4,RJ,housewares,0.0
base,last_week,2018-08-13,2018-08-13,1,RJ,sports_leisure,0.0
base,last_week,2018-08-13,2018-08-20,2,RJ,sports_leisure,11.0
base,last_week,2018-08-13,2018-08-27,3,RJ,sports_leisure,13.0
base,last_week,2018-08-13,2018-09-03,4,RJ,sports_leisure,0.0
base,last_week,2018-08-13,2018-08-13,1,RJ,telephony,6.0
base,last_week,2018-08-13,2018-08-20,2,RJ,telephony,6.0
base,last_week,2018-08-13,2018-08-27,3,RJ,telephony,6.0
base,last_week,2018-08-13,2018-09-03,4,RJ,telephony,0.0
base,last_week,2018-08-13,2018-08-13,1,RJ,watches_gifts,0.0
base,last_week,2018-08-13,2018-08-20,2,RJ,watches_gifts,0.0
base,last_week,2018-08-13,2018-08-27,3,RJ,watches_gifts,0.0
base,last_week,2018-08-13,2018-09-03,4,RJ,watches_gifts,0.0
base,last_week,2018-08-13,2018-08-13,1,RS,auto,3.0
base,last_week,2018-08-13,2018-08-20,2,RS,auto,3.0
base,last_week,2018-08-13,2018-08-27,3,RS,auto,3.0
base,last_week,2018-08-13,2018-09-03,4,RS,auto,0.0
base,last_week,2018-08-13,2018-08-13,1,RS,bed_bath_table,6.0
base,last_week,2018-08-13,2018-08-20,2,RS,bed_bath_table,6.0
base,last_week,2018-08-13,2018-08-27,3,RS,bed_bath_table,6.0
base,last_week,2018-08-13,2018-09-03,4,RS,bed_bath_table,0.0
base,last_week,2018-08-13,2018-08-13,1,RS,computers_accessories,14.0
base,last_week,2018-08-13,2018-08-20,2,RS,computers_accessories,14.0
base,last_week,2018-08-13,2018-08-27,3,RS,computers_accessories,14.0
base,last_week,2018-08-13,2018-09-03,4,RS,computers_accessories,0.0
base,last_week,2018-08-13,2018-08-13,1,RS,furniture_decor,5.0
base,last_week,2018-08-13,2018-08-20,2,RS,furniture_decor,5.0
base,last_week,2018-08-13,2018-08-27,3,RS,furniture_decor,5.0
base,last_week,2018-08-13,2018-09-03,4,RS,furniture_decor,0.0
base,last_week,2018-08-13,2018-08-13,1,RS,garden_tools,1.0
base,last_week,2018-08-13,2018-08-20,2,RS,garden_tools,1.0
base,last_week,2018-08-13,2018-08-27,3,RS,garden_tools,1.0
base,last_week,2018-08-13,2018-09-03,4,RS,garden_tools,0.0
base,last_week,2018-08-13,2018-08-13,1,RS,health_beauty,8.0
base,last_week,2018-08-13,2018-08-20,2,RS,health_beauty,8.0
base,last_week,2018-08-13,2018-08-27,3,RS,health_beauty,8.0
base,last_week,2018-08-13,2018-09-03,4,RS,health_beauty,0.0
base,last_week,2018-08-13,2018-08-13,1,RS,housewares,11.0
base,last_week,2018-08-13,2018-08-20,2,RS,housewares,11.0
base,last_week,2018-08-13,2018-08-27,3,RS,housewares,11.0
base,last_week,2018-08-13,2018-09-03,4,RS,housewares,0.0
base,last_week,2018-08-13,2018-08-13,1,RS,sports_leisure,0.0
base,last_week,2018-08-13,2018-08-20,2,RS,sports_leisure,0.0
base,last_week,2018-08-13,2018-08-27,3,RS,sports_leisure,0.0
base,last_week,2018-08-13,2018-09-03,4,RS,sports_leisure,0.0
base,last_week,2018-08-13,2018-08-13,1,RS,telephony,5.0
base,last_week,2018-08-13,2018-08-20,2,RS,telephony,5.0
base,last_week,2018-08-13,2018-08-27,3,RS,telephony,5.0
base,last_week,2018-08-13,2018-09-03,4,RS,telephony,0.0
base,last_week,2018-08-13,2018-08-13,1,RS,watches_gifts,1.0
base,last_week,2018-08-13,2018-08-20,2,RS,watches_gifts,2.0
base,last_week,2018-08-13,2018-08-27,3,RS,watches_gifts,2.0
base,last_week,2018-08-13,2018-09-03,4,RS,watches_gifts,0.0
base,last_week,2018-08-13,2018-08-13,1,SC,auto,9.0
base,last_week,2018-08-13,2018-08-20,2,SC,auto,9.0
base,last_week,2018-08-13,2018-08-27,3,SC,auto,9.0
base,last_week,2018-08-13,2018-09-03,4,SC,auto,0.0
base,last_week,2018-08-13,2018-08-13,1,SC,bed_bath_table,21.0
base,last_week,2018-08-13,2018-08-20,2,SC,bed_bath_table,21.0
base,last_week,2018-08-13,2018-08-27,3,SC,bed_bath_table,21.0
base,last_week,2018-08-13,2018-09-03,4,SC,bed_bath_table,0.0
base,last_week,2018-08-13,2018-08-13,1,SC,computers_accessories,9.0
base,last_week,2018-08-13,2018-08-20,2,SC,computers_accessories,9.0
base,last_week,2018-08-13,2018-08-27,3,SC,computers_accessories,9.0
base,last_week,2018-08-13,2018-09-03,4,SC,computers_accessories,0.0
base,last_week,2018-08-13,2018-08-13,1,SC,furniture_decor,6.0
base,last_week,2018-08-13,2018-08-20,2,SC,furniture_decor,6.0
base,last_week,2018-08-13,2018-08-27,3,SC,furniture_decor,6.0
base,last_week,2018-08-13,2018-09-03,4,SC,furniture_decor,0.0
base,last_week,2018-08-13,2018-08-13,1,SC,garden_tools,8.0
base,last_week,2018-08-13,2018-08-20,2,SC,garden_tools,8.0
base,last_week,2018-08-13,2018-08-27,3,SC,garden_tools,8.0
base,last_week,2018-08-13,2018-09-03,4,SC,garden_tools,0.0
base,last_week,2018-08-13,2018-08-13,1,SC,health_beauty,9.0
base,last_week,2018-08-13,2018-08-20,2,SC,health_beauty,9.0
base,last_week,2018-08-13,2018-08-27,3,SC,health_beauty,9.0
base,last_week,2018-08-13,2018-09-03,4,SC,health_beauty,0.0
base,last_week,2018-08-13,2018-08-13,1,SC,housewares,0.0
base,last_week,2018-08-13,2018-08-20,2,SC,housewares,0.0
base,last_week,2018-08-13,2018-08-27,3,SC,housewares,0.0
base,last_week,2018-08-13,2018-09-03,4,SC,housewares,0.0
base,last_week,2018-08-13,2018-08-13,1,SC,sports_leisure,18.0
base,last_week,2018-08-13,2018-08-20,2,SC,sports_leisure,18.0
base,last_week,2018-08-13,2018-08-27,3,SC,sports_leisure,18.0
base,last_week,2018-08-13,2018-09-03,4,SC,sports_leisure,0.0
base,last_week,2018-08-13,2018-08-13,1,SC,telephony,0.0
base,last_week,2018-08-13,2018-08-20,2,SC,telephony,0.0
base,last_week,2018-08-13,2018-08-27,3,SC,telephony,0.0
base,last_week,2018-08-13,2018-09-03,4,SC,telephony,0.0
base,last_week,2018-08-13,2018-08-13,1,SC,watches_gifts,9.0
base,last_week,2018-08-13,2018-08-20,2,SC,watches_gifts,9.0
base,last_week,2018-08-13,2018-08-27,3,SC,watches_gifts,9.0
base,last_week,2018-08-13,2018-09-03,4,SC,watches_gifts,0.0
base,last_week,2018-08-13,2018-08-13,1,SP,auto,113.0
base,last_week,2018-08-13,2018-08-20,2,SP,auto,113.0
base,last_week,2018-08-13,2018-08-27,3,SP,auto,113.0
base,last_week,2018-08-13,2018-09-03,4,SP,auto,0.0
base,last_week,2018-08-13,2018-08-13,1,SP,bed_bath_table,175.0
base,last_week,2018-08-13,2018-08-20,2,SP,bed_bath_table,180.0
base,last_week,2018-08-13,2018-08-27,3,SP,bed_bath_table,180.0
base,last_week,2018-08-13,2018-09-03,4,SP,bed_bath_table,0.0
base,last_week,2018-08-13,2018-08-13,1,SP,computers_accessories,108.0
base,last_week,2018-08-13,2018-08-20,2,SP,computers_accessories,108.0
base,last_week,2018-08-13,2018-08-27,3,SP,computers_accessories,108.0
base,last_week,2018-08-13,2018-09-03,4,SP,computers_accessories,0.0
base,last_week,2018-08-13,2018-08-13,1,SP,furniture_decor,114.0
base,last_week,2018-08-13,2018-08-20,2,SP,furniture_decor,114.0
base,last_week,2018-08-13,2018-08-27,3,SP,furniture_decor,114.0
base,last_week,2018-08-13,2018-09-03,4,SP,furniture_decor,0.0
base,last_week,2018-08-13,2018-08-13,1,SP,garden_tools,56.0
base,last_week,2018-08-13,2018-08-20,2,SP,garden_tools,56.0
base,last_week,2018-08-13,2018-08-27,3,SP,garden_tools,56.0
base,last_week,2018-08-13,2018-09-03,4,SP,garden_tools,0.0
base,last_week,2018-08-13,2018-08-13,1,SP,health_beauty,198.0
base,last_week,2018-08-13,2018-08-20,2,SP,health_beauty,198.0
base,last_week,2018-08-13,2018-08-27,3,SP,health_beauty,198.0
base,last_week,2018-08-13,2018-09-03,4,SP,health_beauty,0.0
base,last_week,2018-08-13,2018-08-13,1,SP,housewares,131.0
base,last_week,2018-08-13,2018-08-20,2,SP,housewares,159.0
base,last_week,2018-08-13,2018-08-27,3,SP,housewares,159.0
base,last_week,2018-08-13,2018-09-03,4,SP,housewares,0.0
base,last_week,2018-08-13,2018-08-13,1,SP,sports_leisure,68.0
base,last_week,2018-08-13,2018-08-20,2,SP,sports_leisure,94.0
base,last_week,2018-08-13,2018-08-27,3,SP,sports_leisure,94.0
base,last_week,2018-08-13,2018-09-03,4,SP,sports_leisure,0.0
base,last_week,2018-08-13,2018-08-13,1,SP,telephony,113.0
base,last_week,2018-08-13,2018-08-20,2,SP,telephony,113.0
base,last_week,2018-08-13,2018-08-27,3,SP,telephony,113.0
base,last_week,2018-08-13,2018-09-03,4,SP,telephony,0.0
base,last_week,2018-08-13,2018-08-13,1,SP,watches_gifts,93.0
base,last_week,2018-08-13,2018-08-20,2,SP,watches_gifts,127.0
base,last_week,2018-08-13,2018-08-27,3,SP,watches_gifts,127.0
base,last_week,2018-08-13,2018-09-03,4,SP,watches_gifts,0.0
base,last_week,2018-08-20,2018-08-20,1,MG,auto,0.0
base,last_week,2018-08-20,2018-08-27,2,MG,auto,0.0
base,last_week,2018-08-20,2018-09-03,3,MG,auto,0.0
base,last_week,2018-08-20,2018-09-10,4,MG,auto,0.0
base,last_week,2018-08-20,2018-08-20,1,MG,bed_bath_table,14.0
base,last_week,2018-08-20,2018-08-27,2,MG,bed_bath_table,14.0
base,last_week,2018-08-20,2018-09-03,3,MG,bed_bath_table,14.0
base,last_week,2018-08-20,2018-09-10,4,MG,bed_bath_table,0.0
base,last_week,2018-08-20,2018-08-20,1,MG,computers_accessories,0.0
base,last_week,2018-08-20,2018-08-27,2,MG,computers_accessories,8.0
base,last_week,2018-08-20,2018-09-03,3,MG,computers_accessories,20.0
base,last_week,2018-08-20,2018-09-10,4,MG,computers_accessories,0.0
base,last_week,2018-08-20,2018-08-20,1,MG,furniture_decor,16.0
base,last_week,2018-08-20,2018-08-27,2,MG,furniture_decor,16.0
base,last_week,2018-08-20,2018-09-03,3,MG,furniture_decor,16.0
base,last_week,2018-08-20,2018-09-10,4,MG,furniture_decor,0.0
base,last_week,2018-08-20,2018-08-20,1,MG,garden_tools,0.0
base,last_week,2018-08-20,2018-08-27,2,MG,garden_tools,0.0
base,last_week,2018-08-20,2018-09-03,3,MG,garden_tools,0.0
base,last_week,2018-08-20,2018-09-10,4,MG,garden_tools,0.0
base,last_week,2018-08-20,2018-08-20,1,MG,health_beauty,14.0
base,last_week,2018-08-20,2018-08-27,2,MG,health_beauty,14.0
base,last_week,2018-08-20,2018-09-03,3,MG,health_beauty,14.0
base,last_week,2018-08-20,2018-09-10,4,MG,health_beauty,0.0
base,last_week,2018-08-20,2018-08-20,1,MG,housewares,26.0
base,last_week,2018-08-20,2018-08-27,2,MG,housewares,26.0
base,last_week,2018-08-20,2018-09-03,3,MG,housewares,26.0
base,last_week,2018-08-20,2018-09-10,4,MG,housewares,0.0
base,last_week,2018-08-20,2018-08-20,1,MG,sports_leisure,9.0
base,last_week,2018-08-20,2018-08-27,2,MG,sports_leisure,9.0
base,last_week,2018-08-20,2018-09-03,3,MG,sports_leisure,9.0
base,last_week,2018-08-20,2018-09-10,4,MG,sports_leisure,0.0
base,last_week,2018-08-20,2018-08-20,1,MG,telephony,5.0
base,last_week,2018-08-20,2018-08-27,2,MG,telephony,5.0
base,last_week,2018-08-20,2018-09-03,3,MG,telephony,5.0
base,last_week,2018-08-20,2018-09-10,4,MG,telephony,0.0
base,last_week,2018-08-20,2018-08-20,1,MG,watches_gifts,0.0
base,last_week,2018-08-20,2018-08-27,2,MG,watches_gifts,0.0
base,last_week,2018-08-20,2018-09-03,3,MG,watches_gifts,0.0
base,last_week,2018-08-20,2018-09-10,4,MG,watches_gifts,0.0
base,last_week,2018-08-20,2018-08-20,1,PR,auto,8.0
base,last_week,2018-08-20,2018-08-27,2,PR,auto,8.0
base,last_week,2018-08-20,2018-09-03,3,PR,auto,8.0
base,last_week,2018-08-20,2018-09-10,4,PR,auto,0.0
base,last_week,2018-08-20,2018-08-20,1,PR,bed_bath_table,0.0
base,last_week,2018-08-20,2018-08-27,2,PR,bed_bath_table,0.0
base,last_week,2018-08-20,2018-09-03,3,PR,bed_bath_table,0.0
base,last_week,2018-08-20,2018-09-10,4,PR,bed_bath_table,0.0
base,last_week,2018-08-20,2018-08-20,1,PR,computers_accessories,0.0
base,last_week,2018-08-20,2018-08-27,2,PR,computers_accessories,0.0
base,last_week,2018-08-20,2018-09-03,3,PR,computers_accessories,0.0
base,last_week,2018-08-20,2018-09-10,4,PR,computers_accessories,0.0
base,last_week,2018-08-20,2018-08-20,1,PR,furniture_decor,0.0
base,last_week,2018-08-20,2018-08-27,2,PR,furniture_decor,10.0
base,last_week,2018-08-20,2018-09-03,3,PR,furniture_decor,17.0
base,last_week,2018-08-20,2018-09-10,4,PR,furniture_decor,0.0
base,last_week,2018-08-20,2018-08-20,1,PR,garden_tools,0.0
base,last_week,2018-08-20,2018-08-27,2,PR,garden_tools,0.0
base,last_week,2018-08-20,2018-09-03,3,PR,garden_tools,0.0
base,last_week,2018-08-20,2018-09-10,4,PR,garden_tools,0.0
base,last_week,2018-08-20,2018-08-20,1,PR,health_beauty,21.0
base,last_week,2018-08-20,2018-08-27,2,PR,health_beauty,21.0
base,last_week,2018-08-20,2018-09-03,3,PR,health_beauty,21.0
base,last_week,2018-08-20,2018-09-10,4,PR,health_beauty,0.0
base,last_week,2018-08-20,2018-08-20,1,PR,housewares,17.0
base,last_week,2018-08-20,2018-08-27,2,PR,housewares,17.0
base,last_week,2018-08-20,2018-09-03,3,PR,housewares,17.0
base,last_week,2018-08-20,2018-09-10,4,PR,housewares,0.0
base,last_week,2018-08-20,2018-08-20,1,PR,sports_leisure,1.0
base,last_week,2018-08-20,2018-08-27,2,PR,sports_leisure,1.0
base,last_week,2018-08-20,2018-09-03,3,PR,sports_leisure,1.0
base,last_week,2018-08-20,2018-09-10,4,PR,sports_leisure,0.0
base,last_week,2018-08-20,2018-08-20,1,PR,telephony,0.0
base,last_week,2018-08-20,2018-08-27,2,PR,telephony,0.0
base,last_week,2018-08-20,2018-09-03,3,PR,telephony,0.0
base,last_week,2018-08-20,2018-09-10,4,PR,telephony,0.0
base,last_week,2018-08-20,2018-08-20,1,PR,watches_gifts,4.0
base,last_week,2018-08-20,2018-08-27,2,PR,watches_gifts,8.0
base,last_week,2018-08-20,2018-09-03,3,PR,watches_gifts,8.0
base,last_week,2018-08-20,2018-09-10,4,PR,watches_gifts,0.0
base,last_week,2018-08-20,2018-08-20,1,RJ,auto,6.0
base,last_week,2018-08-20,2018-08-27,2,RJ,auto,6.0
base,last_week,2018-08-20,2018-09-03,3,RJ,auto,6.0
base,last_week,2018-08-20,2018-09-10,4,RJ,auto,0.0
base,last_week,2018-08-20,2018-08-20,1,RJ,bed_bath_table,10.0
base,last_week,2018-08-20,2018-08-27,2,RJ,bed_bath_table,10.0
base,last_week,2018-08-20,2018-09-03,3,RJ,bed_bath_table,10.0
base,last_week,2018-08-20,2018-09-10,4,RJ,bed_bath_table,0.0
base,last_week,2018-08-20,2018-08-20,1,RJ,computers_accessories,0.0
base,last_week,2018-08-20,2018-08-27,2,RJ,computers_accessories,0.0
base,last_week,2018-08-20,2018-09-03,3,RJ,computers_accessories,0.0
base,last_week,2018-08-20,2018-09-10,4,RJ,computers_accessories,0.0
base,last_week,2018-08-20,2018-08-20,1,RJ,furniture_decor,5.0
base,last_week,2018-08-20,2018-08-27,2,RJ,furniture_decor,5.0
base,last_week,2018-08-20,2018-09-03,3,RJ,furniture_decor,5.0
base,last_week,2018-08-20,2018-09-10,4,RJ,furniture_decor,0.0
base,last_week,2018-08-20,2018-08-20,1,RJ,garden_tools,4.0
base,last_week,2018-08-20,2018-08-27,2,RJ,garden_tools,4.0
base,last_week,2018-08-20,2018-09-03,3,RJ,garden_tools,4.0
base,last_week,2018-08-20,2018-09-10,4,RJ,garden_tools,0.0
base,last_week,2018-08-20,2018-08-20,1,RJ,health_beauty,0.0
base,last_week,2018-08-20,2018-08-27,2,RJ,health_beauty,0.0
base,last_week,2018-08-20,2018-09-03,3,RJ,health_beauty,6.0
base,last_week,2018-08-20,2018-09-10,4,RJ,health_beauty,0.0
base,last_week,2018-08-20,2018-08-20,1,RJ,housewares,8.0
base,last_week,2018-08-20,2018-08-27,2,RJ,housewares,8.0
base,last_week,2018-08-20,2018-09-03,3,RJ,housewares,8.0
base,last_week,2018-08-20,2018-09-10,4,RJ,housewares,0.0
base,last_week,2018-08-20,2018-08-20,1,RJ,sports_leisure,14.0
base,last_week,2018-08-20,2018-08-27,2,RJ,sports_leisure,14.0
base,last_week,2018-08-20,2018-09-03,3,RJ,sports_leisure,14.0
base,last_week,2018-08-20,2018-09-10,4,RJ,sports_leisure,0.0
base,last_week,2018-08-20,2018-08-20,1,RJ,telephony,6.0
base,last_week,2018-08-20,2018-08-27,2,RJ,telephony,6.0
base,last_week,2018-08-20,2018-09-03,3,RJ,telephony,6.0
base,last_week,2018-08-20,2018-09-10,4,RJ,telephony,0.0
base,last_week,2018-08-20,2018-08-20,1,RJ,watches_gifts,0.0
base,last_week,2018-08-20,2018-08-27,2,RJ,watches_gifts,0.0
base,last_week,2018-08-20,2018-09-03,3,RJ,watches_gifts,0.0
base,last_week,2018-08-20,2018-09-10,4,RJ,watches_gifts,0.0
base,last_week,2018-08-20,2018-08-20,1,RS,auto,3.0
base,last_week,2018-08-20,2018-08-27,2,RS,auto,3.0
base,last_week,2018-08-20,2018-09-03,3,RS,auto,3.0
base,last_week,2018-08-20,2018-09-10,4,RS,auto,0.0
base,last_week,2018-08-20,2018-08-20,1,RS,bed_bath_table,6.0
base,last_week,2018-08-20,2018-08-27,2,RS,bed_bath_table,6.0
base,last_week,2018-08-20,2018-09-03,3,RS,bed_bath_table,6.0
base,last_week,2018-08-20,2018-09-10,4,RS,bed_bath_table,0.0
base,last_week,2018-08-20,2018-08-20,1,RS,computers_accessories,0.0
base,last_week,2018-08-20,2018-08-27,2,RS,computers_accessories,7.0
base,last_week,2018-08-20,2018-09-03,3,RS,computers_accessories,7.0
base,last_week,2018-08-20,2018-09-10,4,RS,computers_accessories,0.0
base,last_week,2018-08-20,2018-08-20,1,RS,furniture_decor,5.0
base,last_week,2018-08-20,2018-08-27,2,RS,furniture_decor,5.0
base,last_week,2018-08-20,2018-09-03,3,RS,furniture_decor,5.0
base,last_week,2018-08-20,2018-09-10,4,RS,furniture_decor,0.0
base,last_week,2018-08-20,2018-08-20,1,RS,garden_tools,0.0
base,last_week,2018-08-20,2018-08-27,2,RS,garden_tools,1.0
base,last_week,2018-08-20,2018-09-03,3,RS,garden_tools,1.0
base,last_week,2018-08-20,2018-09-10,4,RS,garden_tools,0.0
base,last_week,2018-08-20,2018-08-20,1,RS,health_beauty,8.0
base,last_week,2018-08-20,2018-08-27,2,RS,health_beauty,8.0
base,last_week,2018-08-20,2018-09-03,3,RS,health_beauty,8.0
base,last_week,2018-08-20,2018-09-10,4,RS,health_beauty,0.0
base,last_week,2018-08-20,2018-08-20,1,RS,housewares,11.0
base,last_week,2018-08-20,2018-08-27,2,RS,housewares,11.0
base,last_week,2018-08-20,2018-09-03,3,RS,housewares,11.0
base,last_week,2018-08-20,2018-09-10,4,RS,housewares,0.0
base,last_week,2018-08-20,2018-08-20,1,RS,sports_leisure,0.0
base,last_week,2018-08-20,2018-08-27,2,RS,sports_leisure,0.0
base,last_week,2018-08-20,2018-09-03,3,RS,sports_leisure,0.0
base,last_week,2018-08-20,2018-09-10,4,RS,sports_leisure,0.0
base,last_week,2018-08-20,2018-08-20,1,RS,telephony,5.0
base,last_week,2018-08-20,2018-08-27,2,RS,telephony,5.0
base,last_week,2018-08-20,2018-09-03,3,RS,telephony,5.0
base,last_week,2018-08-20,2018-09-10,4,RS,telephony,0.0
base,last_week,2018-08-20,2018-08-20,1,RS,watches_gifts,0.0
base,last_week,2018-08-20,2018-08-27,2,RS,watches_gifts,0.0
base,last_week,2018-08-20,2018-09-03,3,RS,watches_gifts,0.0
base,last_week,2018-08-20,2018-09-10,4,RS,watches_gifts,0.0
base,last_week,2018-08-20,2018-08-20,1,SC,auto,0.0
base,last_week,2018-08-20,2018-08-27,2,SC,auto,0.0
base,last_week,2018-08-20,2018-09-03,3,SC,auto,0.0
base,last_week,2018-08-20,2018-09-10,4,SC,auto,0.0
base,last_week,2018-08-20,2018-08-20,1,SC,bed_bath_table,14.0
base,last_week,2018-08-20,2018-08-27,2,SC,bed_bath_table,15.0
base,last_week,2018-08-20,2018-09-03,3,SC,bed_bath_table,15.0
base,last_week,2018-08-20,2018-09-10,4,SC,bed_bath_table,0.0
base,last_week,2018-08-20,2018-08-20,1,SC,computers_accessories,5.0
base,last_week,2018-08-20,2018-08-27,2,SC,computers_accessories,9.0
base,last_week,2018-08-20,2018-09-03,3,SC,computers_accessories,9.0
base,last_week,2018-08-20,2018-09-10,4,SC,computers_accessories,0.0
base,last_week,2018-08-20,2018-08-20,1,SC,furniture_decor,0.0
base,last_week,2018-08-20,2018-08-27,2,SC,furniture_decor,6.0
base,last_week,2018-08-20,2018-09-03,3,SC,furniture_decor,6.0
base,last_week,2018-08-20,2018-09-10,4,SC,furniture_decor,0.0
base,last_week,2018-08-20,2018-08-20,1,SC,garden_tools,8.0
base,last_week,2018-08-20,2018-08-27,2,SC,garden_tools,8.0
base,last_week,2018-08-20,2018-09-03,3,SC,garden_tools,8.0
base,last_week,2018-08-20,2018-09-10,4,SC,garden_tools,0.0
base,last_week,2018-08-20,2018-08-20,1,SC,health_beauty,10.0
base,last_week,2018-08-20,2018-08-27,2,SC,health_beauty,10.0
base,last_week,2018-08-20,2018-09-03,3,SC,health_beauty,10.0
base,last_week,2018-08-20,2018-09-10,4,SC,health_beauty,0.0
base,last_week,2018-08-20,2018-08-20,1,SC,housewares,0.0
base,last_week,2018-08-20,2018-08-27,2,SC,housewares,1.0
base,last_week,2018-08-20,2018-09-03,3,SC,housewares,1.0
base,last_week,2018-08-20,2018-09-10,4,SC,housewares,0.0
base,last_week,2018-08-20,2018-08-20,1,SC,sports_leisure,18.0
base,last_week,2018-08-20,2018-08-27,2,SC,sports_leisure,18.0
base,last_week,2018-08-20,2018-09-03,3,SC,sports_leisure,18.0
base,last_week,2018-08-20,2018-09-10,4,SC,sports_leisure,0.0
base,last_week,2018-08-20,2018-08-20,1,SC,telephony,0.0
base,last_week,2018-08-20,2018-08-27,2,SC,telephony,0.0
base,last_week,2018-08-20,2018-09-03,3,SC,telephony,0.0
base,last_week,2018-08-20,2018-09-10,4,SC,telephony,0.0
base,last_week,2018-08-20,2018-08-20,1,SC,watches_gifts,0.0
base,last_week,2018-08-20,2018-08-27,2,SC,watches_gifts,7.0
base,last_week,2018-08-20,2018-09-03,3,SC,watches_gifts,7.0
base,last_week,2018-08-20,2018-09-10,4,SC,watches_gifts,0.0
base,last_week,2018-08-20,2018-08-20,1,SP,auto,85.0
base,last_week,2018-08-20,2018-08-27,2,SP,auto,109.0
base,last_week,2018-08-20,2018-09-03,3,SP,auto,109.0
base,last_week,2018-08-20,2018-09-10,4,SP,auto,0.0
base,last_week,2018-08-20,2018-08-20,1,SP,bed_bath_table,204.0
base,last_week,2018-08-20,2018-08-27,2,SP,bed_bath_table,204.0
base,last_week,2018-08-20,2018-09-03,3,SP,bed_bath_table,204.0
base,last_week,2018-08-20,2018-09-10,4,SP,bed_bath_table,0.0
base,last_week,2018-08-20,2018-08-20,1,SP,computers_accessories,108.0
base,last_week,2018-08-20,2018-08-27,2,SP,computers_accessories,108.0
base,last_week,2018-08-20,2018-09-03,3,SP,computers_accessories,108.0
base,last_week,2018-08-20,2018-09-10,4,SP,computers_accessories,0.0
base,last_week,2018-08-20,2018-08-20,1,SP,furniture_decor,68.0
base,last_week,2018-08-20,2018-08-27,2,SP,furniture_decor,108.0
base,last_week,2018-08-20,2018-09-03,3,SP,furniture_decor,108.0
base,last_week,2018-08-20,2018-09-10,4,SP,furniture_decor,0.0
base,last_week,2018-08-20,2018-08-20,1,SP,garden_tools,18.0
base,last_week,2018-08-20,2018-08-27,2,SP,garden_tools,44.0
base,last_week,2018-08-20,2018-09-03,3,SP,garden_tools,44.0
base,last_week,2018-08-20,2018-09-10,4,SP,garden_tools,0.0
base,last_week,2018-08-20,2018-08-20,1,SP,health_beauty,198.0
base,last_week,2018-08-20,2018-08-27,2,SP,health_beauty,198.0
base,last_week,2018-08-20,2018-09-03,3,SP,health_beauty,198.0
base,last_week,2018-08-20,2018-09-10,4,SP,health_beauty,0.0
base,last_week,2018-08-20,2018-08-20,1,SP,housewares,159.0
base,last_week,2018-08-20,2018-08-27,2,SP,housewares,159.0
base,last_week,2018-08-20,2018-09-03,3,SP,housewares,159.0
base,last_week,2018-08-20,2018-09-10,4,SP,housewares,0.0
base,last_week,2018-08-20,2018-08-20,1,SP,sports_leisure,132.0
base,last_week,2018-08-20,2018-08-27,2,SP,sports_leisure,132.0
base,last_week,2018-08-20,2018-09-03,3,SP,sports_leisure,132.0
base,last_week,2018-08-20,2018-09-10,4,SP,sports_leisure,0.0
base,last_week,2018-08-20,2018-08-20,1,SP,telephony,0.0
base,last_week,2018-08-20,2018-08-27,2,SP,telephony,41.0
base,last_week,2018-08-20,2018-09-03,3,SP,telephony,69.0
base,last_week,2018-08-20,2018-09-10,4,SP,telephony,0.0
base,last_week,2018-08-20,2018-08-20,1,SP,watches_gifts,91.0
base,last_week,2018-08-20,2018-08-27,2,SP,watches_gifts,122.0
base,last_week,2018-08-20,2018-09-03,3,SP,watches_gifts,122.0
base,last_week,2018-08-20,2018-09-10,4,SP,watches_gifts,0.0
base,moving_average,2018-05-28,2018-05-28,1,MG,auto,0.0
base,moving_average,2018-05-28,2018-06-04,2,MG,auto,0.0
base,moving_average,2018-05-28,2018-06-11,3,MG,auto,0.0
base,moving_average,2018-05-28,2018-06-18,4,MG,auto,0.0
base,moving_average,2018-05-28,2018-05-28,1,MG,bed_bath_table,14.0
base,moving_average,2018-05-28,2018-06-04,2,MG,bed_bath_table,14.0
base,moving_average,2018-05-28,2018-06-11,3,MG,bed_bath_table,14.0
base,moving_average,2018-05-28,2018-06-18,4,MG,bed_bath_table,0.0
base,moving_average,2018-05-28,2018-05-28,1,MG,computers_accessories,0.0
base,moving_average,2018-05-28,2018-06-04,2,MG,computers_accessories,14.0
base,moving_average,2018-05-28,2018-06-11,3,MG,computers_accessories,14.0
base,moving_average,2018-05-28,2018-06-18,4,MG,computers_accessories,0.0
base,moving_average,2018-05-28,2018-05-28,1,MG,furniture_decor,18.0
base,moving_average,2018-05-28,2018-06-04,2,MG,furniture_decor,17.0
base,moving_average,2018-05-28,2018-06-11,3,MG,furniture_decor,17.0
base,moving_average,2018-05-28,2018-06-18,4,MG,furniture_decor,0.0
base,moving_average,2018-05-28,2018-05-28,1,MG,garden_tools,0.0
base,moving_average,2018-05-28,2018-06-04,2,MG,garden_tools,0.0
base,moving_average,2018-05-28,2018-06-11,3,MG,garden_tools,0.0
base,moving_average,2018-05-28,2018-06-18,4,MG,garden_tools,0.0
base,moving_average,2018-05-28,2018-05-28,1,MG,health_beauty,14.0
base,moving_average,2018-05-28,2018-06-04,2,MG,health_beauty,14.0
base,moving_average,2018-05-28,2018-06-11,3,MG,health_beauty,14.0
base,moving_average,2018-05-28,2018-06-18,4,MG,health_beauty,0.0
base,moving_average,2018-05-28,2018-05-28,1,MG,housewares,0.0
base,moving_average,2018-05-28,2018-06-04,2,MG,housewares,0.0
base,moving_average,2018-05-28,2018-06-11,3,MG,housewares,0.0
base,moving_average,2018-05-28,2018-06-18,4,MG,housewares,0.0
base,moving_average,2018-05-28,2018-05-28,1,MG,sports_leisure,7.0
base,moving_average,2018-05-28,2018-06-04,2,MG,sports_leisure,7.0
base,moving_average,2018-05-28,2018-06-11,3,MG,sports_leisure,7.0
base,moving_average,2018-05-28,2018-06-18,4,MG,sports_leisure,0.0
base,moving_average,2018-05-28,2018-05-28,1,MG,telephony,5.0
base,moving_average,2018-05-28,2018-06-04,2,MG,telephony,5.0
base,moving_average,2018-05-28,2018-06-11,3,MG,telephony,5.0
base,moving_average,2018-05-28,2018-06-18,4,MG,telephony,0.0
base,moving_average,2018-05-28,2018-05-28,1,MG,watches_gifts,13.0
base,moving_average,2018-05-28,2018-06-04,2,MG,watches_gifts,0.0
base,moving_average,2018-05-28,2018-06-11,3,MG,watches_gifts,0.0
base,moving_average,2018-05-28,2018-06-18,4,MG,watches_gifts,0.0
base,moving_average,2018-05-28,2018-05-28,1,PR,auto,8.0
base,moving_average,2018-05-28,2018-06-04,2,PR,auto,8.0
base,moving_average,2018-05-28,2018-06-11,3,PR,auto,8.0
base,moving_average,2018-05-28,2018-06-18,4,PR,auto,0.0
base,moving_average,2018-05-28,2018-05-28,1,PR,bed_bath_table,0.0
base,moving_average,2018-05-28,2018-06-04,2,PR,bed_bath_table,0.0
base,moving_average,2018-05-28,2018-06-11,3,PR,bed_bath_table,0.0
base,moving_average,2018-05-28,2018-06-18,4,PR,bed_bath_table,0.0
base,moving_average,2018-05-28,2018-05-28,1,PR,computers_accessories,0.0
base,moving_average,2018-05-28,2018-06-04,2,PR,computers_accessories,0.0
base,moving_average,2018-05-28,2018-06-11,3,PR,computers_accessories,0.0
base,moving_average,2018-05-28,2018-06-18,4,PR,computers_accessories,0.0
base,moving_average,2018-05-28,2018-05-28,1,PR,furniture_decor,23.0
base,moving_average,2018-05-28,2018-06-04,2,PR,furniture_decor,22.0
base,moving_average,2018-05-28,2018-06-11,3,PR,furniture_decor,19.0
base,moving_average,2018-05-28,2018-06-18,4,PR,furniture_decor,0.0
base,moving_average,2018-05-28,2018-05-28,1,PR,garden_tools,0.0
base,moving_average,2018-05-28,2018-06-04,2,PR,garden_tools,0.0
base,moving_average,2018-05-28,2018-06-11,3,PR,garden_tools,0.0
base,moving_average,2018-05-28,2018-06-18,4,PR,garden_tools,0.0
base,moving_average,2018-05-28,2018-05-28,1,PR,health_beauty,12.0
base,moving_average,2018-05-28,2018-06-04,2,PR,health_beauty,11.0
base,moving_average,2018-05-28,2018-06-11,3,PR,health_beauty,12.0
base,moving_average,2018-05-28,2018-06-18,4,PR,health_beauty,0.0
base,moving_average,2018-05-28,2018-05-28,1,PR,housewares,17.0
base,moving_average,2018-05-28,2018-06-04,2,PR,housewares,17.0
base,moving_average,2018-05-28,2018-06-11,3,PR,housewares,17.0
base,moving_average,2018-05-28,2018-06-18,4,PR,housewares,0.0
base,moving_average,2018-05-28,2018-05-28,1,PR,sports_leisure,0.0
base,moving_average,2018-05-28,2018-06-04,2,PR,sports_leisure,0.0
base,moving_average,2018-05-28,2018-06-11,3,PR,sports_leisure,0.0
base,moving_average,2018-05-28,2018-06-18,4,PR,sports_leisure,0.0
base,moving_average,2018-05-28,2018-05-28,1,PR,telephony,0.0
base,moving_average,2018-05-28,2018-06-04,2,PR,telephony,0.0
base,moving_average,2018-05-28,2018-06-11,3,PR,telephony,0.0
base,moving_average,2018-05-28,2018-06-18,4,PR,telephony,0.0
base,moving_average,2018-05-28,2018-05-28,1,PR,watches_gifts,8.0
base,moving_average,2018-05-28,2018-06-04,2,PR,watches_gifts,8.0
base,moving_average,2018-05-28,2018-06-11,3,PR,watches_gifts,8.0
base,moving_average,2018-05-28,2018-06-18,4,PR,watches_gifts,0.0
base,moving_average,2018-05-28,2018-05-28,1,RJ,auto,6.0
base,moving_average,2018-05-28,2018-06-04,2,RJ,auto,6.0
base,moving_average,2018-05-28,2018-06-11,3,RJ,auto,6.0
base,moving_average,2018-05-28,2018-06-18,4,RJ,auto,0.0
base,moving_average,2018-05-28,2018-05-28,1,RJ,bed_bath_table,10.0
base,moving_average,2018-05-28,2018-06-04,2,RJ,bed_bath_table,10.0
base,moving_average,2018-05-28,2018-06-11,3,RJ,bed_bath_table,10.0
base,moving_average,2018-05-28,2018-06-18,4,RJ,bed_bath_table,0.0
base,moving_average,2018-05-28,2018-05-28,1,RJ,computers_accessories,0.0
base,moving_average,2018-05-28,2018-06-04,2,RJ,computers_accessories,0.0
base,moving_average,2018-05-28,2018-06-11,3,RJ,computers_accessories,0.0
base,moving_average,2018-05-28,2018-06-18,4,RJ,computers_accessories,0.0
base,moving_average,2018-05-28,2018-05-28,1,RJ,furniture_decor,5.0
base,moving_average,2018-05-28,2018-06-04,2,RJ,furniture_decor,5.0
base,moving_average,2018-05-28,2018-06-11,3,RJ,furniture_decor,5.0
base,moving_average,2018-05-28,2018-06-18,4,RJ,furniture_decor,0.0
base,moving_average,2018-05-28,2018-05-28,1,RJ,garden_tools,4.0
base,moving_average,2018-05-28,2018-06-04,2,RJ,garden_tools,4.0
base,moving_average,2018-05-28,2018-06-11,3,RJ,garden_tools,4.0
base,moving_average,2018-05-28,2018-06-18,4,RJ,garden_tools,0.0
base,moving_average,2018-05-28,2018-05-28,1,RJ,health_beauty,0.0
base,moving_average,2018-05-28,2018-06-04,2,RJ,health_beauty,0.0
base,moving_average,2018-05-28,2018-06-11,3,RJ,health_beauty,0.0
base,moving_average,2018-05-28,2018-06-18,4,RJ,health_beauty,0.0
base,moving_average,2018-05-28,2018-05-28,1,RJ,housewares,8.0
base,moving_average,2018-05-28,2018-06-04,2,RJ,housewares,8.0
base,moving_average,2018-05-28,2018-06-11,3,RJ,housewares,8.0
base,moving_average,2018-05-28,2018-06-18,4,RJ,housewares,0.0
base,moving_average,2018-05-28,2018-05-28,1,RJ,sports_leisure,11.0
base,moving_average,2018-05-28,2018-06-04,2,RJ,sports_leisure,10.0
base,moving_average,2018-05-28,2018-06-11,3,RJ,sports_leisure,10.0
base,moving_average,2018-05-28,2018-06-18,4,RJ,sports_leisure,0.0
base,moving_average,2018-05-28,2018-05-28,1,RJ,telephony,6.0
base,moving_average,2018-05-28,2018-06-04,2,RJ,telephony,6.0
base,moving_average,2018-05-28,2018-06-11,3,RJ,telephony,6.0
base,moving_average,2018-05-28,2018-06-18,4,RJ,telephony,0.0
base,moving_average,2018-05-28,2018-05-28,1,RJ,watches_gifts,0.0
base,moving_average,2018-05-28,2018-06-04,2,RJ,watches_gifts,0.0
base,moving_average,2018-05-28,2018-06-11,3,RJ,watches_gifts,0.0
base,moving_average,2018-05-28,2018-06-18,4,RJ,watches_gifts,0.0
base,moving_average,2018-05-28,2018-05-28,1,RS,auto,3.0
base,moving_average,2018-05-28,2018-06-04,2,RS,auto,3.0
base,moving_average,2018-05-28,2018-06-11,3,RS,auto,3.0
base,moving_average,2018-05-28,2018-06-18,4,RS,auto,0.0
base,moving_average,2018-05-28,2018-05-28,1,RS,bed_bath_table,6.0
base,moving_average,2018-05-28,2018-06-04,2,RS,bed_bath_table,6.0
base,moving_average,2018-05-28,2018-06-11,3,RS,bed_bath_table,6.0
base,moving_average,2018-05-28,2018-06-18,4,RS,bed_bath_table,0.0
base,moving_average,2018-05-28,2018-05-28,1,RS,computers_accessories,0.0
base,moving_average,2018-05-28,2018-06-04,2,RS,computers_accessories,0.0
base,moving_average,2018-05-28,2018-06-11,3,RS,computers_accessories,9.0
base,moving_average,2018-05-28,2018-06-18,4,RS,computers_accessories,0.0
base,moving_average,2018-05-28,2018-05-28,1,RS,furniture_decor,5.0
base,moving_average,2018-05-28,2018-06-04,2,RS,furniture_decor,5.0
base,moving_average,2018-05-28,2018-06-11,3,RS,furniture_decor,5.0
base,moving_average,2018-05-28,2018-06-18,4,RS,furniture_decor,0.0
base,moving_average,2018-05-28,2018-05-28,1,RS,garden_tools,2.0
base,moving_average,2018-05-28,2018-06-04,2,RS,garden_tools,2.0
base,moving_average,2018-05-28,2018-06-11,3,RS,garden_tools,2.0
base,moving_average,2018-05-28,2018-06-18,4,RS,garden_tools,0.0
base,moving_average,2018-05-28,2018-05-28,1,RS,health_beauty,8.0
base,moving_average,2018-05-28,2018-06-04,2,RS,health_beauty,8.0
base,moving_average,2018-05-28,2018-06-11,3,RS,health_beauty,8.0
base,moving_average,2018-05-28,2018-06-18,4,RS,health_beauty,0.0
base,moving_average,2018-05-28,2018-05-28,1,RS,housewares,10.0
base,moving_average,2018-05-28,2018-06-04,2,RS,housewares,8.0
base,moving_average,2018-05-28,2018-06-11,3,RS,housewares,6.0
base,moving_average,2018-05-28,2018-06-18,4,RS,housewares,0.0
base,moving_average,2018-05-28,2018-05-28,1,RS,sports_leisure,0.0
base,moving_average,2018-05-28,2018-06-04,2,RS,sports_leisure,0.0
base,moving_average,2018-05-28,2018-06-11,3,RS,sports_leisure,0.0
base,moving_average,2018-05-28,2018-06-18,4,RS,sports_leisure,0.0
base,moving_average,2018-05-28,2018-05-28,1,RS,telephony,5.0
base,moving_average,2018-05-28,2018-06-04,2,RS,telephony,5.0
base,moving_average,2018-05-28,2018-06-11,3,RS,telephony,5.0
base,moving_average,2018-05-28,2018-06-18,4,RS,telephony,0.0
base,moving_average,2018-05-28,2018-05-28,1,RS,watches_gifts,0.0
base,moving_average,2018-05-28,2018-06-04,2,RS,watches_gifts,0.0
base,moving_average,2018-05-28,2018-06-11,3,RS,watches_gifts,0.0
base,moving_average,2018-05-28,2018-06-18,4,RS,watches_gifts,0.0
base,moving_average,2018-05-28,2018-05-28,1,SC,auto,0.0
base,moving_average,2018-05-28,2018-06-04,2,SC,auto,0.0
base,moving_average,2018-05-28,2018-06-11,3,SC,auto,0.0
base,moving_average,2018-05-28,2018-06-18,4,SC,auto,0.0
base,moving_average,2018-05-28,2018-05-28,1,SC,bed_bath_table,9.0
base,moving_average,2018-05-28,2018-06-04,2,SC,bed_bath_table,9.0
base,moving_average,2018-05-28,2018-06-11,3,SC,bed_bath_table,8.0
base,moving_average,2018-05-28,2018-06-18,4,SC,bed_bath_table,0.0
base,moving_average,2018-05-28,2018-05-28,1,SC,computers_accessories,0.0
base,moving_average,2018-05-28,2018-06-04,2,SC,computers_accessories,3.0
base,moving_average,2018-05-28,2018-06-11,3,SC,computers_accessories,9.0
base,moving_average,2018-05-28,2018-06-18,4,SC,computers_accessories,0.0
base,moving_average,2018-05-28,2018-05-28,1,SC,furniture_decor,6.0
base,moving_average,2018-05-28,2018-06-04,2,SC,furniture_decor,6.0
base,moving_average,2018-05-28,2018-06-11,3,SC,furniture_decor,6.0
base,moving_average,2018-05-28,2018-06-18,4,SC,furniture_decor,0.0
base,moving_average,2018-05-28,2018-05-28,1,SC,garden_tools,8.0
base,moving_average,2018-05-28,2018-06-04,2,SC,garden_tools,8.0
base,moving_average,2018-05-28,2018-06-11,3,SC,garden_tools,8.0
base,moving_average,2018-05-28,2018-06-18,4,SC,garden_tools,0.0
base,moving_average,2018-05-28,2018-05-28,1,SC,health_beauty,0.0
base,moving_average,2018-05-28,2018-06-04,2,SC,health_beauty,0.0
base,moving_average,2018-05-28,2018-06-11,3,SC,health_beauty,0.0
base,moving_average,2018-05-28,2018-06-18,4,SC,health_beauty,0.0
base,moving_average,2018-05-28,2018-05-28,1,SC,housewares,0.0
base,moving_average,2018-05-28,2018-06-04,2,SC,housewares,0.0
base,moving_average,2018-05-28,2018-06-11,3,SC,housewares,0.0
base,moving_average,2018-05-28,2018-06-18,4,SC,housewares,0.0
base,moving_average,2018-05-28,2018-05-28,1,SC,sports_leisure,0.0
base,moving_average,2018-05-28,2018-06-04,2,SC,sports_leisure,9.0
base,moving_average,2018-05-28,2018-06-11,3,SC,sports_leisure,17.0
base,moving_average,2018-05-28,2018-06-18,4,SC,sports_leisure,0.0
base,moving_average,2018-05-28,2018-05-28,1,SC,telephony,0.0
base,moving_average,2018-05-28,2018-06-04,2,SC,telephony,0.0
base,moving_average,2018-05-28,2018-06-11,3,SC,telephony,0.0
base,moving_average,2018-05-28,2018-06-18,4,SC,telephony,0.0
base,moving_average,2018-05-28,2018-05-28,1,SC,watches_gifts,9.0
base,moving_average,2018-05-28,2018-06-04,2,SC,watches_gifts,7.0
base,moving_average,2018-05-28,2018-06-11,3,SC,watches_gifts,7.0
base,moving_average,2018-05-28,2018-06-18,4,SC,watches_gifts,0.0
base,moving_average,2018-05-28,2018-05-28,1,SP,auto,67.0
base,moving_average,2018-05-28,2018-06-04,2,SP,auto,70.0
base,moving_average,2018-05-28,2018-06-11,3,SP,auto,63.0
base,moving_average,2018-05-28,2018-06-18,4,SP,auto,0.0
base,moving_average,2018-05-28,2018-05-28,1,SP,bed_bath_table,92.0
base,moving_average,2018-05-28,2018-06-04,2,SP,bed_bath_table,157.0
base,moving_average,2018-05-28,2018-06-11,3,SP,bed_bath_table,147.0
base,moving_average,2018-05-28,2018-06-18,4,SP,bed_bath_table,0.0
base,moving_average,2018-05-28,2018-05-28,1,SP,computers_accessories,101.0
base,moving_average,2018-05-28,2018-06-04,2,SP,computers_accessories,96.0
base,moving_average,2018-05-28,2018-06-11,3,SP,computers_accessories,90.0
base,moving_average,2018-05-28,2018-06-18,4,SP,computers_accessories,0.0
base,moving_average,2018-05-28,2018-05-28,1,SP,furniture_decor,85.0
base,moving_average,2018-05-28,2018-06-04,2,SP,furniture_decor,105.0
base,moving_average,2018-05-28,2018-06-11,3,SP,furniture_decor,100.0
base,moving_average,2018-05-28,2018-06-18,4,SP,furniture_decor,0.0
base,moving_average,2018-05-28,2018-05-28,1,SP,garden_tools,59.0
base,moving_average,2018-05-28,2018-06-04,2,SP,garden_tools,71.0
base,moving_average,2018-05-28,2018-06-11,3,SP,garden_tools,66.0
base,moving_average,2018-05-28,2018-06-18,4,SP,garden_tools,0.0
base,moving_average,2018-05-28,2018-05-28,1,SP,health_beauty,170.0
base,moving_average,2018-05-28,2018-06-04,2,SP,health_beauty,158.0
base,moving_average,2018-05-28,2018-06-11,3,SP,health_beauty,155.0
base,moving_average,2018-05-28,2018-06-18,4,SP,health_beauty,0.0
base,moving_average,2018-05-28,2018-05-28,1,SP,housewares,134.0
base,moving_average,2018-05-28,2018-06-04,2,SP,housewares,127.0
base,moving_average,2018-05-28,2018-06-11,3,SP,housewares,119.0
base,moving_average,2018-05-28,2018-06-18,4,SP,housewares,0.0
base,moving_average,2018-05-28,2018-05-28,1,SP,sports_leisure,67.0
base,moving_average,2018-05-28,2018-06-04,2,SP,sports_leisure,92.0
base,moving_average,2018-05-28,2018-06-11,3,SP,sports_leisure,86.0
base,moving_average,2018-05-28,2018-06-18,4,SP,sports_leisure,0.0
base,moving_average,2018-05-28,2018-05-28,1,SP,telephony,27.0
base,moving_average,2018-05-28,2018-06-04,2,SP,telephony,52.0
base,moving_average,2018-05-28,2018-06-11,3,SP,telephony,52.0
base,moving_average,2018-05-28,2018-06-18,4,SP,telephony,0.0
base,moving_average,2018-05-28,2018-05-28,1,SP,watches_gifts,151.0
base,moving_average,2018-05-28,2018-06-04,2,SP,watches_gifts,144.0
base,moving_average,2018-05-28,2018-06-11,3,SP,watches_gifts,144.0
base,moving_average,2018-05-28,2018-06-18,4,SP,watches_gifts,0.0
base,moving_average,2018-06-04,2018-06-04,1,MG,auto,0.0
base,moving_average,2018-06-04,2018-06-11,2,MG,auto,0.0
base,moving_average,2018-06-04,2018-06-18,3,MG,auto,0.0
base,moving_average,2018-06-04,2018-06-25,4,MG,auto,0.0
base,moving_average,2018-06-04,2018-06-04,1,MG,bed_bath_table,14.0
base,moving_average,2018-06-04,2018-06-11,2,MG,bed_bath_table,14.0
base,moving_average,2018-06-04,2018-06-18,3,MG,bed_bath_table,14.0
base,moving_average,2018-06-04,2018-06-25,4,MG,bed_bath_table,0.0
base,moving_average,2018-06-04,2018-06-04,1,MG,computers_accessories,0.0
base,moving_average,2018-06-04,2018-06-11,2,MG,computers_accessories,4.0
base,moving_average,2018-06-04,2018-06-18,3,MG,computers_accessories,12.0
base,moving_average,2018-06-04,2018-06-25,4,MG,computers_accessories,0.0
base,moving_average,2018-06-04,2018-06-04,1,MG,furniture_decor,15.0
base,moving_average,2018-06-04,2018-06-11,2,MG,furniture_decor,16.0
base,moving_average,2018-06-04,2018-06-18,3,MG,furniture_decor,17.0
base,moving_average,2018-06-04,2018-06-25,4,MG,furniture_decor,0.0
base,moving_average,2018-06-04,2018-06-04,1,MG,garden_tools,0.0
base,moving_average,2018-06-04,2018-06-11,2,MG,garden_tools,0.0
base,moving_average,2018-06-04,2018-06-18,3,MG,garden_tools,0.0
base,moving_average,2018-06-04,2018-06-25,4,MG,garden_tools,0.0
base,moving_average,2018-06-04,2018-06-04,1,MG,health_beauty,14.0
base,moving_average,2018-06-04,2018-06-11,2,MG,health_beauty,14.0
base,moving_average,2018-06-04,2018-06-18,3,MG,health_beauty,14.0
base,moving_average,2018-06-04,2018-06-25,4,MG,health_beauty,0.0
base,moving_average,2018-06-04,2018-06-04,1,MG,housewares,0.0
base,moving_average,2018-06-04,2018-06-11,2,MG,housewares,0.0
base,moving_average,2018-06-04,2018-06-18,3,MG,housewares,0.0
base,moving_average,2018-06-04,2018-06-25,4,MG,housewares,0.0
base,moving_average,2018-06-04,2018-06-04,1,MG,sports_leisure,1.0
base,moving_average,2018-06-04,2018-06-11,2,MG,sports_leisure,7.0
base,moving_average,2018-06-04,2018-06-18,3,MG,sports_leisure,7.0
base,moving_average,2018-06-04,2018-06-25,4,MG,sports_leisure,0.0
base,moving_average,2018-06-04,2018-06-04,1,MG,telephony,5.0
base,moving_average,2018-06-04,2018-06-11,2,MG,telephony,5.0
base,moving_average,2018-06-04,2018-06-18,3,MG,telephony,5.0
base,moving_average,2018-06-04,2018-06-25,4,MG,telephony,0.0
base,moving_average,2018-06-04,2018-06-04,1,MG,watches_gifts,0.0
base,moving_average,2018-06-04,2018-06-11,2,MG,watches_gifts,0.0
base,moving_average,2018-06-04,2018-06-18,3,MG,watches_gifts,0.0
base,moving_average,2018-06-04,2018-06-25,4,MG,watches_gifts,0.0
base,moving_average,2018-06-04,2018-06-04,1,PR,auto,8.0
base,moving_average,2018-06-04,2018-06-11,2,PR,auto,8.0
base,moving_average,2018-06-04,2018-06-18,3,PR,auto,8.0
base,moving_average,2018-06-04,2018-06-25,4,PR,auto,0.0
base,moving_average,2018-06-04,2018-06-04,1,PR,bed_bath_table,0.0
base,moving_average,2018-06-04,2018-06-11,2,PR,bed_bath_table,0.0
base,moving_average,2018-06-04,2018-06-18,3,PR,bed_bath_table,0.0
base,moving_average,2018-06-04,2018-06-25,4,PR,bed_bath_table,0.0
base,moving_average,2018-06-04,2018-06-04,1,PR,computers_accessories,0.0
base,moving_average,2018-06-04,2018-06-11,2,PR,computers_accessories,0.0
base,moving_average,2018-06-04,2018-06-18,3,PR,computers_accessories,0.0
base,moving_average,2018-06-04,2018-06-25,4,PR,computers_accessories,0.0
base,moving_average,2018-06-04,2018-06-04,1,PR,furniture_decor,0.0
base,moving_average,2018-06-04,2018-06-11,2,PR,furniture_decor,13.0
base,moving_average,2018-06-04,2018-06-18,3,PR,furniture_decor,16.0
base,moving_average,2018-06-04,2018-06-25,4,PR,furniture_decor,0.0
base,moving_average,2018-06-04,2018-06-04,1,PR,garden_tools,0.0
base,moving_average,2018-06-04,2018-06-11,2,PR,garden_tools,0.0
base,moving_average,2018-06-04,2018-06-18,3,PR,garden_tools,0.0
base,moving_average,2018-06-04,2018-06-25,4,PR,garden_tools,0.0
base,moving_average,2018-06-04,2018-06-04,1,PR,health_beauty,0.0
base,moving_average,2018-06-04,2018-06-11,2,PR,health_beauty,9.0
base,moving_average,2018-06-04,2018-06-18,3,PR,health_beauty,10.0
base,moving_average,2018-06-04,2018-06-25,4,PR,health_beauty,0.0
base,moving_average,2018-06-04,2018-06-04,1,PR,housewares,9.0
base,moving_average,2018-06-04,2018-06-11,2,PR,housewares,17.0
base,moving_average,2018-06-04,2018-06-18,3,PR,housewares,17.0
base,moving_average,2018-06-04,2018-06-25,4,PR,housewares,0.0
base,moving_average,2018-06-04,2018-06-04,1,PR,sports_leisure,0.0
base,moving_average,2018-06-04,2018-06-11,2,PR,sports_leisure,0.0
base,moving_average,2018-06-04,2018-06-18,3,PR,sports_leisure,2.0
base,moving_average,2018-06-04,2018-06-25,4,PR,sports_leisure,0.0
base,moving_average,2018-06-04,2018-06-04,1,PR,telephony,0.0
base,moving_average,2018-06-04,2018-06-11,2,PR,telephony,0.0
base,moving_average,2018-06-04,2018-06-18,3,PR,telephony,0.0
base,moving_average,2018-06-04,2018-06-25,4,PR,telephony,0.0
base,moving_average,2018-06-04,2018-06-04,1,PR,watches_gifts,3.0
base,moving_average,2018-06-04,2018-06-11,2,PR,watches_gifts,8.0
base,moving_average,2018-06-04,2018-06-18,3,PR,watches_gifts,8.0
base,moving_average,2018-06-04,2018-06-25,4,PR,watches_gifts,0.0
base,moving_average,2018-06-04,2018-06-04,1,RJ,auto,6.0
base,moving_average,2018-06-04,2018-06-11,2,RJ,auto,6.0
base,moving_average,2018-06-04,2018-06-18,3,RJ,auto,6.0
base,moving_average,2018-06-04,2018-06-25,4,RJ,auto,0.0
base,moving_average,2018-06-04,2018-06-04,1,RJ,bed_bath_table,10.0
base,moving_average,2018-06-04,2018-06-11,2,RJ,bed_bath_table,10.0
base,moving_average,2018-06-04,2018-06-18,3,RJ,bed_bath_table,10.0
base,moving_average,2018-06-04,2018-06-25,4,RJ,bed_bath_table,0.0
base,moving_average,2018-06-04,2018-06-04,1,RJ,computers_accessories,0.0
base,moving_average,2018-06-04,2018-06-11,2,RJ,computers_accessories,0.0
base,moving_average,2018-06-04,2018-06-18,3,RJ,computers_accessories,0.0
base,moving_average,2018-06-04,2018-06-25,4,RJ,computers_accessories,0.0
base,moving_average,2018-06-04,2018-06-04,1,RJ,furniture_decor,5.0
base,moving_average,2018-06-04,2018-06-11,2,RJ,furniture_decor,5.0
base,moving_average,2018-06-04,2018-06-18,3,RJ,furniture_decor,5.0
base,moving_average,2018-06-04,2018-06-25,4,RJ,furniture_decor,0.0
base,moving_average,2018-06-04,2018-06-04,1,RJ,garden_tools,4.0
base,moving_average,2018-06-04,2018-06-11,2,RJ,garden_tools,4.0
base,moving_average,2018-06-04,2018-06-18,3,RJ,garden_tools,4.0
base,moving_average,2018-06-04,2018-06-25,4,RJ,garden_tools,0.0
base,moving_average,2018-06-04,2018-06-04,1,RJ,health_beauty,0.0
base,moving_average,2018-06-04,2018-06-11,2,RJ,health_beauty,0.0
base,moving_average,2018-06-04,2018-06-18,3,RJ,health_beauty,0.0
base,moving_average,2018-06-04,2018-06-25,4,RJ,health_beauty,0.0
base,moving_average,2018-06-04,2018-06-04,1,RJ,housewares,8.0
base,moving_average,2018-06-04,2018-06-11,2,RJ,housewares,8.0
base,moving_average,2018-06-04,2018-06-18,3,RJ,housewares,8.0
base,moving_average,2018-06-04,2018-06-25,4,RJ,housewares,0.0
base,moving_average,2018-06-04,2018-06-04,1,RJ,sports_leisure,11.0
base,moving_average,2018-06-04,2018-06-11,2,RJ,sports_leisure,10.0
base,moving_average,2018-06-04,2018-06-18,3,RJ,sports_leisure,11.0
base,moving_average,2018-06-04,2018-06-25,4,RJ,sports_leisure,0.0
base,moving_average,2018-06-04,2018-06-04,1,RJ,telephony,6.0
base,moving_average,2018-06-04,2018-06-11,2,RJ,telephony,6.0
base,moving_average,2018-06-04,2018-06-18,3,RJ,telephony,6.0
base,moving_average,2018-06-04,2018-06-25,4,RJ,telephony,0.0
base,moving_average,2018-06-04,2018-06-04,1,RJ,watches_gifts,0.0
base,moving_average,2018-06-04,2018-06-11,2,RJ,watches_gifts,0.0
base,moving_average,2018-06-04,2018-06-18,3,RJ,watches_gifts,0.0
base,moving_average,2018-06-04,2018-06-25,4,RJ,watches_gifts,0.0
base,moving_average,2018-06-04,2018-06-04,1,RS,auto,3.0
base,moving_average,2018-06-04,2018-06-11,2,RS,auto,3.0
base,moving_average,2018-06-04,2018-06-18,3,RS,auto,3.0
base,moving_average,2018-06-04,2018-06-25,4,RS,auto,0.0
base,moving_average,2018-06-04,2018-06-04,1,RS,bed_bath_table,6.0
base,moving_average,2018-06-04,2018-06-11,2,RS,bed_bath_table,6.0
base,moving_average,2018-06-04,2018-06-18,3,RS,bed_bath_table,6.0
base,moving_average,2018-06-04,2018-06-25,4,RS,bed_bath_table,0.0
base,moving_average,2018-06-04,2018-06-04,1,RS,computers_accessories,0.0
base,moving_average,2018-06-04,2018-06-11,2,RS,computers_accessories,0.0
base,moving_average,2018-06-04,2018-06-18,3,RS,computers_accessories,3.0
base,moving_average,2018-06-04,2018-06-25,4,RS,computers_accessories,0.0
base,moving_average,2018-06-04,2018-06-04,1,RS,furniture_decor,3.0
base,moving_average,2018-06-04,2018-06-11,2,RS,furniture_decor,5.0
base,moving_average,2018-06-04,2018-06-18,3,RS,furniture_decor,5.0
base,moving_average,2018-06-04,2018-06-25,4,RS,furniture_decor,0.0
base,moving_average,2018-06-04,2018-06-04,1,RS,garden_tools,1.0
base,moving_average,2018-06-04,2018-06-11,2,RS,garden_tools,1.0
base,moving_average,2018-06-04,2018-06-18,3,RS,garden_tools,2.0
base,moving_average,2018-06-04,2018-06-25,4,RS,garden_tools,0.0
base,moving_average,2018-06-04,2018-06-04,1,RS,health_beauty,1.0
base,moving_average,2018-06-04,2018-06-11,2,RS,health_beauty,8.0
base,moving_average,2018-06-04,2018-06-18,3,RS,health_beauty,8.0
base,moving_average,2018-06-04,2018-06-25,4,RS,health_beauty,0.0
base,moving_average,2018-06-04,2018-06-04,1,RS,housewares,0.0
base,moving_average,2018-06-04,2018-06-11,2,RS,housewares,2.0
base,moving_average,2018-06-04,2018-06-18,3,RS,housewares,3.0
base,moving_average,2018-06-04,2018-06-25,4,RS,housewares,0.0
base,moving_average,2018-06-04,2018-06-04,1,RS,sports_leisure,0.0
base,moving_average,2018-06-04,2018-06-11,2,RS,sports_leisure,0.0
base,moving_average,2018-06-04,2018-06-18,3,RS,sports_leisure,0.0
base,moving_average,2018-06-04,2018-06-25,4,RS,sports_leisure,0.0
base,moving_average,2018-06-04,2018-06-04,1,RS,telephony,5.0
base,moving_average,2018-06-04,2018-06-11,2,RS,telephony,5.0
base,moving_average,2018-06-04,2018-06-18,3,RS,telephony,5.0
base,moving_average,2018-06-04,2018-06-25,4,RS,telephony,0.0
base,moving_average,2018-06-04,2018-06-04,1,RS,watches_gifts,0.0
base,moving_average,2018-06-04,2018-06-11,2,RS,watches_gifts,0.0
base,moving_average,2018-06-04,2018-06-18,3,RS,watches_gifts,0.0
base,moving_average,2018-06-04,2018-06-25,4,RS,watches_gifts,0.0
base,moving_average,2018-06-04,2018-06-04,1,SC,auto,0.0
base,moving_average,2018-06-04,2018-06-11,2,SC,auto,0.0
base,moving_average,2018-06-04,2018-06-18,3,SC,auto,0.0
base,moving_average,2018-06-04,2018-06-25,4,SC,auto,0.0
base,moving_average,2018-06-04,2018-06-04,1,SC,bed_bath_table,0.0
base,moving_average,2018-06-04,2018-06-11,2,SC,bed_bath_table,2.0
base,moving_average,2018-06-04,2018-06-18,3,SC,bed_bath_table,5.0
base,moving_average,2018-06-04,2018-06-25,4,SC,bed_bath_table,0.0
base,moving_average,2018-06-04,2018-06-04,1,SC,computers_accessories,0.0
base,moving_average,2018-06-04,2018-06-11,2,SC,computers_accessories,0.0
base,moving_average,2018-06-04,2018-06-18,3,SC,computers_accessories,9.0
base,moving_average,2018-06-04,2018-06-25,4,SC,computers_accessories,0.0
base,moving_average,2018-06-04,2018-06-04,1,SC,furniture_decor,6.0
base,moving_average,2018-06-04,2018-06-11,2,SC,furniture_decor,6.0
base,moving_average,2018-06-04,2018-06-18,3,SC,furniture_decor,6.0
base,moving_average,2018-06-04,2018-06-25,4,SC,furniture_decor,0.0
base,moving_average,2018-06-04,2018-06-04,1,SC,garden_tools,8.0
base,moving_average,2018-06-04,2018-06-11,2,SC,garden_tools,8.0
base,moving_average,2018-06-04,2018-06-18,3,SC,garden_tools,8.0
base,moving_average,2018-06-04,2018-06-25,4,SC,garden_tools,0.0
base,moving_average,2018-06-04,2018-06-04,1,SC,health_beauty,0.0
base,moving_average,2018-06-04,2018-06-11,2,SC,health_beauty,0.0
base,moving_average,2018-06-04,2018-06-18,3,SC,health_beauty,0.0
base,moving_average,2018-06-04,2018-06-25,4,SC,health_beauty,0.0
base,moving_average,2018-06-04,2018-06-04,1,SC,housewares,0.0
base,moving_average,2018-06-04,2018-06-11,2,SC,housewares,0.0
base,moving_average,2018-06-04,2018-06-18,3,SC,housewares,0.0
base,moving_average,2018-06-04,2018-06-25,4,SC,housewares,0.0
base,moving_average,2018-06-04,2018-06-04,1,SC,sports_leisure,8.0
base,moving_average,2018-06-04,2018-06-11,2,SC,sports_leisure,18.0
base,moving_average,2018-06-04,2018-06-18,3,SC,sports_leisure,18.0
base,moving_average,2018-06-04,2018-06-25,4,SC,sports_leisure,0.0
base,moving_average,2018-06-04,2018-06-04,1,SC,telephony,0.0
base,moving_average,2018-06-04,2018-06-11,2,SC,telephony,0.0
base,moving_average,2018-06-04,2018-06-18,3,SC,telephony,0.0
base,moving_average,2018-06-04,2018-06-25,4,SC,telephony,0.0
base,moving_average,2018-06-04,2018-06-04,1,SC,watches_gifts,0.0
base,moving_average,2018-06-04,2018-06-11,2,SC,watches_gifts,4.0
base,moving_average,2018-06-04,2018-06-18,3,SC,watches_gifts,4.0
base,moving_average,2018-06-04,2018-06-25,4,SC,watches_gifts,0.0
base,moving_average,2018-06-04,2018-06-04,1,SP,auto,4.0
base,moving_average,2018-06-04,2018-06-11,2,SP,auto,51.0
base,moving_average,2018-06-04,2018-06-18,3,SP,auto,56.0
base,moving_average,2018-06-04,2018-06-25,4,SP,auto,0.0
base,moving_average,2018-06-04,2018-06-04,1,SP,bed_bath_table,82.0
base,moving_average,2018-06-04,2018-06-11,2,SP,bed_bath_table,134.0
base,moving_average,2018-06-04,2018-06-18,3,SP,bed_bath_table,138.0
base,moving_average,2018-06-04,2018-06-25,4,SP,bed_bath_table,0.0
base,moving_average,2018-06-04,2018-06-04,1,SP,computers_accessories,27.0
base,moving_average,2018-06-04,2018-06-11,2,SP,computers_accessories,75.0
base,moving_average,2018-06-04,2018-06-18,3,SP,computers_accessories,77.0
base,moving_average,2018-06-04,2018-06-25,4,SP,computers_accessories,0.0
base,moving_average,2018-06-04,2018-06-04,1,SP,furniture_decor,27.0
base,moving_average,2018-06-04,2018-06-11,2,SP,furniture_decor,87.0
base,moving_average,2018-06-04,2018-06-18,3,SP,furniture_decor,89.0
base,moving_average,2018-06-04,2018-06-25,4,SP,furniture_decor,0.0
base,moving_average,2018-06-04,2018-06-04,1,SP,garden_tools,0.0
base,moving_average,2018-06-04,2018-06-11,2,SP,garden_tools,44.0
base,moving_average,2018-06-04,2018-06-18,3,SP,garden_tools,51.0
base,moving_average,2018-06-04,2018-06-25,4,SP,garden_tools,0.0
base,moving_average,2018-06-04,2018-06-04,1,SP,health_beauty,40.0
base,moving_average,2018-06-04,2018-06-11,2,SP,health_beauty,127.0
base,moving_average,2018-06-04,2018-06-18,3,SP,health_beauty,137.0
base,moving_average,2018-06-04,2018-06-25,4,SP,health_beauty,0.0
base,moving_average,2018-06-04,2018-06-04,1,SP,housewares,101.0
base,moving_average,2018-06-04,2018-06-11,2,SP,housewares,111.0
base,moving_average,2018-06-04,2018-06-18,3,SP,housewares,123.0
base,moving_average,2018-06-04,2018-06-25,4,SP,housewares,0.0
base,moving_average,2018-06-04,2018-06-04,1,SP,sports_leisure,26.0
base,moving_average,2018-06-04,2018-06-11,2,SP,sports_leisure,73.0
base,moving_average,2018-06-04,2018-06-18,3,SP,sports_leisure,77.0
base,moving_average,2018-06-04,2018-06-25,4,SP,sports_leisure,0.0
base,moving_average,2018-06-04,2018-06-04,1,SP,telephony,12.0
base,moving_average,2018-06-04,2018-06-11,2,SP,telephony,45.0
base,moving_average,2018-06-04,2018-06-18,3,SP,telephony,46.0
base,moving_average,2018-06-04,2018-06-25,4,SP,telephony,0.0
base,moving_average,2018-06-04,2018-06-04,1,SP,watches_gifts,75.0
base,moving_average,2018-06-04,2018-06-11,2,SP,watches_gifts,125.0
base,moving_average,2018-06-04,2018-06-18,3,SP,watches_gifts,133.0
base,moving_average,2018-06-04,2018-06-25,4,SP,watches_gifts,0.0
base,moving_average,2018-06-11,2018-06-11,1,MG,auto,0.0
base,moving_average,2018-06-11,2018-06-18,2,MG,auto,0.0
base,moving_average,2018-06-11,2018-06-25,3,MG,auto,0.0
base,moving_average,2018-06-11,2018-07-02,4,MG,auto,0.0
base,moving_average,2018-06-11,2018-06-11,1,MG,bed_bath_table,14.0
base,moving_average,2018-06-11,2018-06-18,2,MG,bed_bath_table,14.0
base,moving_average,2018-06-11,2018-06-25,3,MG,bed_bath_table,14.0
base,moving_average,2018-06-11,2018-07-02,4,MG,bed_bath_table,0.0
base,moving_average,2018-06-11,2018-06-11,1,MG,computers_accessories,11.0
base,moving_average,2018-06-11,2018-06-18,2,MG,computers_accessories,14.0
base,moving_average,2018-06-11,2018-06-25,3,MG,computers_accessories,15.0
base,moving_average,2018-06-11,2018-07-02,4,MG,computers_accessories,0.0
base,moving_average,2018-06-11,2018-06-11,1,MG,furniture_decor,0.0
base,moving_average,2018-06-11,2018-06-18,2,MG,furniture_decor,3.0
base,moving_average,2018-06-11,2018-06-25,3,MG,furniture_decor,11.0
base,moving_average,2018-06-11,2018-07-02,4,MG,furniture_decor,0.0
base,moving_average,2018-06-11,2018-06-11,1,MG,garden_tools,0.0
base,moving_average,2018-06-11,2018-06-18,2,MG,garden_tools,0.0
base,moving_average,2018-06-11,2018-06-25,3,MG,garden_tools,0.0
base,moving_average,2018-06-11,2018-07-02,4,MG,garden_tools,0.0
base,moving_average,2018-06-11,2018-06-11,1,MG,health_beauty,14.0
base,moving_average,2018-06-11,2018-06-18,2,MG,health_beauty,14.0
base,moving_average,2018-06-11,2018-06-25,3,MG,health_beauty,14.0
base,moving_average,2018-06-11,2018-07-02,4,MG,health_beauty,0.0
base,moving_average,2018-06-11,2018-06-11,1,MG,housewares,0.0
base,moving_average,2018-06-11,2018-06-18,2,MG,housewares,0.0
base,moving_average,2018-06-11,2018-06-25,3,MG,housewares,0.0
base,moving_average,2018-06-11,2018-07-02,4,MG,housewares,0.0
base,moving_average,2018-06-11,2018-06-11,1,MG,sports_leisure,8.0
base,moving_average,2018-06-11,2018-06-18,2,MG,sports_leisure,9.0
base,moving_average,2018-06-11,2018-06-25,3,MG,sports_leisure,9.0
base,moving_average,2018-06-11,2018-07-02,4,MG,sports_leisure,0.0
base,moving_average,2018-06-11,2018-06-11,1,MG,telephony,5.0
base,moving_average,2018-06-11,2018-06-18,2,MG,telephony,5.0
base,moving_average,2018-06-11,2018-06-25,3,MG,telephony,5.0
base,moving_average,2018-06-11,2018-07-02,4,MG,telephony,0.0
base,moving_average,2018-06-11,2018-06-11,1,MG,watches_gifts,0.0
base,moving_average,2018-06-11,2018-06-18,2,MG,watches_gifts,0.0
base,moving_average,2018-06-11,2018-06-25,3,MG,watches_gifts,0.0
base,moving_average,2018-06-11,2018-07-02,4,MG,watches_gifts,0.0
base,moving_average,2018-06-11,2018-06-11,1,PR,auto,8.0
base,moving_average,2018-06-11,2018-06-18,2,PR,auto,8.0
base,moving_average,2018-06-11,2018-06-25,3,PR,auto,8.0
base,moving_average,2018-06-11,2018-07-02,4,PR,auto,0.0
base,moving_average,2018-06-11,2018-06-11,1,PR,bed_bath_table,0.0
base,moving_average,2018-06-11,2018-06-18,2,PR,bed_bath_table,0.0
base,moving_average,2018-06-11,2018-06-25,3,PR,bed_bath_table,0.0
base,moving_average,2018-06-11,2018-07-02,4,PR,bed_bath_table,0.0
base,moving_average,2018-06-11,2018-06-11,1,PR,computers_accessories,0.0
base,moving_average,2018-06-11,2018-06-18,2,PR,computers_accessories,0.0
base,moving_average,2018-06-11,2018-06-25,3,PR,computers_accessories,0.0
base,moving_average,2018-06-11,2018-07-02,4,PR,computers_accessories,0.0
base,moving_average,2018-06-11,2018-06-11,1,PR,furniture_decor,2.0
base,moving_average,2018-06-11,2018-06-18,2,PR,furniture_decor,16.0
base,moving_average,2018-06-11,2018-06-25,3,PR,furniture_decor,17.0
base,moving_average,2018-06-11,2018-07-02,4,PR,furniture_decor,0.0
base,moving_average,2018-06-11,2018-06-11,1,PR,garden_tools,0.0
base,moving_average,2018-06-11,2018-06-18,2,PR,garden_tools,0.0
base,moving_average,2018-06-11,2018-06-25,3,PR,garden_tools,0.0
base,moving_average,2018-06-11,2018-07-02,4,PR,garden_tools,0.0
base,moving_average,2018-06-11,2018-06-11,1,PR,health_beauty,10.0
base,moving_average,2018-06-11,2018-06-18,2,PR,health_beauty,11.0
base,moving_average,2018-06-11,2018-06-25,3,PR,health_beauty,11.0
base,moving_average,2018-06-11,2018-07-02,4,PR,health_beauty,0.0
base,moving_average,2018-06-11,2018-06-11,1,PR,housewares,17.0
base,moving_average,2018-06-11,2018-06-18,2,PR,housewares,17.0
base,moving_average,2018-06-11,2018-06-25,3,PR,housewares,17.0
base,moving_average,2018-06-11,2018-07-02,4,PR,housewares,0.0
base,moving_average,2018-06-11,2018-06-11,1,PR,sports_leisure,0.0
base,moving_average,2018-06-11,2018-06-18,2,PR,sports_leisure,0.0
base,moving_average,2018-06-11,2018-06-25,3,PR,sports_leisure,0.0
base,moving_average,2018-06-11,2018-07-02,4,PR,sports_leisure,0.0
base,moving_average,2018-06-11,2018-06-11,1,PR,telephony,0.0
base,moving_average,2018-06-11,2018-06-18,2,PR,telephony,0.0
base,moving_average,2018-06-11,2018-06-25,3,PR,telephony,0.0
base,moving_average,2018-06-11,2018-07-02,4,PR,telephony,0.0
base,moving_average,2018-06-11,2018-06-11,1,PR,watches_gifts,6.0
base,moving_average,2018-06-11,2018-06-18,2,PR,watches_gifts,8.0
base,moving_average,2018-06-11,2018-06-25,3,PR,watches_gifts,8.0
base,moving_average,2018-06-11,2018-07-02,4,PR,watches_gifts,0.0
base,moving_average,2018-06-11,2018-06-11,1,RJ,auto,6.0
base,moving_average,2018-06-11,2018-06-18,2,RJ,auto,6.0
base,moving_average,2018-06-11,2018-06-25,3,RJ,auto,6.0
base,moving_average,2018-06-11,2018-07-02,4,RJ,auto,0.0
base,moving_average,2018-06-11,2018-06-11,1,RJ,bed_bath_table,10.0
base,moving_average,2018-06-11,2018-06-18,2,RJ,bed_bath_table,10.0
base,moving_average,2018-06-11,2018-06-25,3,RJ,bed_bath_table,10.0
base,moving_average,2018-06-11,2018-07-02,4,RJ,bed_bath_table,0.0
base,moving_average,2018-06-11,2018-06-11,1,RJ,computers_accessories,0.0
base,moving_average,2018-06-11,2018-06-18,2,RJ,computers_accessories,0.0
base,moving_average,2018-06-11,2018-06-25,3,RJ,computers_accessories,0.0
base,moving_average,2018-06-11,2018-07-02,4,RJ,computers_accessories,0.0
base,moving_average,2018-06-11,2018-06-11,1,RJ,furniture_decor,5.0
base,moving_average,2018-06-11,2018-06-18,2,RJ,furniture_decor,5.0
base,moving_average,2018-06-11,2018-06-25,3,RJ,furniture_decor,5.0
base,moving_average,2018-06-11,2018-07-02,4,RJ,furniture_decor,0.0
base,moving_average,2018-06-11,2018-06-11,1,RJ,garden_tools,4.0
base,moving_average,2018-06-11,2018-06-18,2,RJ,garden_tools,4.0
base,moving_average,2018-06-11,2018-06-25,3,RJ,garden_tools,4.0
base,moving_average,2018-06-11,2018-07-02,4,RJ,garden_tools,0.0
base,moving_average,2018-06-11,2018-06-11,1,RJ,health_beauty,0.0
base,moving_average,2018-06-11,2018-06-18,2,RJ,health_beauty,0.0
base,moving_average,2018-06-11,2018-06-25,3,RJ,health_beauty,0.0
base,moving_average,2018-06-11,2018-07-02,4,RJ,health_beauty,0.0
base,moving_average,2018-06-11,2018-06-11,1,RJ,housewares,8.0
base,moving_average,2018-06-11,2018-06-18,2,RJ,housewares,8.0
base,moving_average,2018-06-11,2018-06-25,3,RJ,housewares,8.0
base,moving_average,2018-06-11,2018-07-02,4,RJ,housewares,0.0
base,moving_average,2018-06-11,2018-06-11,1,RJ,sports_leisure,12.0
base,moving_average,2018-06-11,2018-06-18,2,RJ,sports_leisure,13.0
base,moving_average,2018-06-11,2018-06-25,3,RJ,sports_leisure,14.0
base,moving_average,2018-06-11,2018-07-02,4,RJ,sports_leisure,0.0
base,moving_average,2018-06-11,2018-06-11,1,RJ,telephony,6.0
base,moving_average,2018-06-11,2018-06-18,2,RJ,telephony,6.0
base,moving_average,2018-06-11,2018-06-25,3,RJ,telephony,6.0
base,moving_average,2018-06-11,2018-07-02,4,RJ,telephony,0.0
base,moving_average,2018-06-11,2018-06-11,1,RJ,watches_gifts,0.0
base,moving_average,2018-06-11,2018-06-18,2,RJ,watches_gifts,0.0
base,moving_average,2018-06-11,2018-06-25,3,RJ,watches_gifts,0.0
base,moving_average,2018-06-11,2018-07-02,4,RJ,watches_gifts,0.0
base,moving_average,2018-06-11,2018-06-11,1,RS,auto,3.0
base,moving_average,2018-06-11,2018-06-18,2,RS,auto,3.0
base,moving_average,2018-06-11,2018-06-25,3,RS,auto,3.0
base,moving_average,2018-06-11,2018-07-02,4,RS,auto,0.0
base,moving_average,2018-06-11,2018-06-11,1,RS,bed_bath_table,6.0
base,moving_average,2018-06-11,2018-06-18,2,RS,bed_bath_table,6.0
base,moving_average,2018-06-11,2018-06-25,3,RS,bed_bath_table,6.0
base,moving_average,2018-06-11,2018-07-02,4,RS,bed_bath_table,0.0
base,moving_average,2018-06-11,2018-06-11,1,RS,computers_accessories,0.0
base,moving_average,2018-06-11,2018-06-18,2,RS,computers_accessories,0.0
base,moving_average,2018-06-11,2018-06-25,3,RS,computers_accessories,5.0
base,moving_average,2018-06-11,2018-07-02,4,RS,computers_accessories,0.0
base,moving_average,2018-06-11,2018-06-11,1,RS,furniture_decor,5.0
base,moving_average,2018-06-11,2018-06-18,2,RS,furniture_decor,5.0
base,moving_average,2018-06-11,2018-06-25,3,RS,furniture_decor,5.0
base,moving_average,2018-06-11,2018-07-02,4,RS,furniture_decor,0.0
base,moving_average,2018-06-11,2018-06-11,1,RS,garden_tools,1.0
base,moving_average,2018-06-11,2018-06-18,2,RS,garden_tools,2.0
base,moving_average,2018-06-11,2018-06-25,3,RS,garden_tools,2.0
base,moving_average,2018-06-11,2018-07-02,4,RS,garden_tools,0.0
base,moving_average,2018-06-11,2018-06-11,1,RS,health_beauty,8.0
base,moving_average,2018-06-11,2018-06-18,2,RS,health_beauty,8.0
base,moving_average,2018-06-11,2018-06-25,3,RS,health_beauty,8.0
base,moving_average,2018-06-11,2018-07-02,4,RS,health_beauty,0.0
base,moving_average,2018-06-11,2018-06-11,1,RS,housewares,5.0
base,moving_average,2018-06-11,2018-06-18,2,RS,housewares,6.0
base,moving_average,2018-06-11,2018-06-25,3,RS,housewares,8.0
base,moving_average,2018-06-11,2018-07-02,4,RS,housewares,0.0
base,moving_average,2018-06-11,2018-06-11,1,RS,sports_leisure,0.0
base,moving_average,2018-06-11,2018-06-18,2,RS,sports_leisure,0.0
base,moving_average,2018-06-11,2018-06-25,3,RS,sports_leisure,0.0
base,moving_average,2018-06-11,2018-07-02,4,RS,sports_leisure,0.0
base,moving_average,2018-06-11,2018-06-11,1,RS,telephony,5.0
base,moving_average,2018-06-11,2018-06-18,2,RS,telephony,5.0
base,moving_average,2018-06-11,2018-06-25,3,RS,telephony,5.0
base,moving_average,2018-06-11,2018-07-02,4,RS,telephony,0.0
base,moving_average,2018-06-11,2018-06-11,1,RS,watches_gifts,0.0
base,moving_average,2018-06-11,2018-06-18,2,RS,watches_gifts,0.0
base,moving_average,2018-06-11,2018-06-25,3,RS,watches_gifts,0.0
base,moving_average,2018-06-11,2018-07-02,4,RS,watches_gifts,0.0
base,moving_average,2018-06-11,2018-06-11,1,SC,auto,0.0
base,moving_average,2018-06-11,2018-06-18,2,SC,auto,0.0
base,moving_average,2018-06-11,2018-06-25,3,SC,auto,0.0
base,moving_average,2018-06-11,2018-07-02,4,SC,auto,0.0
base,moving_average,2018-06-11,2018-06-11,1,SC,bed_bath_table,6.0
base,moving_average,2018-06-11,2018-06-18,2,SC,bed_bath_table,7.0
base,moving_average,2018-06-11,2018-06-25,3,SC,bed_bath_table,8.0
base,moving_average,2018-06-11,2018-07-02,4,SC,bed_bath_table,0.0
base,moving_average,2018-06-11,2018-06-11,1,SC,computers_accessories,0.0
base,moving_average,2018-06-11,2018-06-18,2,SC,computers_accessories,4.0
base,moving_average,2018-06-11,2018-06-25,3,SC,computers_accessories,9.0
base,moving_average,2018-06-11,2018-07-02,4,SC,computers_accessories,0.0
base,moving_average,2018-06-11,2018-06-11,1,SC,furniture_decor,6.0
base,moving_average,2018-06-11,2018-06-18,2,SC,furniture_decor,6.0
base,moving_average,2018-06-11,2018-06-25,3,SC,furniture_decor,6.0
base,moving_average,2018-06-11,2018-07-02,4,SC,furniture_decor,0.0
base,moving_average,2018-06-11,2018-06-11,1,SC,garden_tools,8.0
base,moving_average,2018-06-11,2018-06-18,2,SC,garden_tools,8.0
base,moving_average,2018-06-11,2018-06-25,3,SC,garden_tools,8.0
base,moving_average,2018-06-11,2018-07-02,4,SC,garden_tools,0.0
base,moving_average,2018-06-11,2018-06-11,1,SC,health_beauty,0.0
base,moving_average,2018-06-11,2018-06-18,2,SC,health_beauty,0.0
base,moving_average,2018-06-11,2018-06-25,3,SC,health_beauty,0.0
base,moving_average,2018-06-11,2018-07-02,4,SC,health_beauty,0.0
base,moving_average,2018-06-11,2018-06-11,1,SC,housewares,0.0
base,moving_average,2018-06-11,2018-06-18,2,SC,housewares,0.0
base,moving_average,2018-06-11,2018-06-25,3,SC,housewares,0.0
base,moving_average,2018-06-11,2018-07-02,4,SC,housewares,0.0
base,moving_average,2018-06-11,2018-06-11,1,SC,sports_leisure,0.0
base,moving_average,2018-06-11,2018-06-18,2,SC,sports_leisure,17.0
base,moving_average,2018-06-11,2018-06-25,3,SC,sports_leisure,15.0
base,moving_average,2018-06-11,2018-07-02,4,SC,sports_leisure,0.0
base,moving_average,2018-06-11,2018-06-11,1,SC,telephony,0.0
base,moving_average,2018-06-11,2018-06-18,2,SC,telephony,0.0
base,moving_average,2018-06-11,2018-06-25,3,SC,telephony,0.0
base,moving_average,2018-06-11,2018-07-02,4,SC,telephony,0.0
base,moving_average,2018-06-11,2018-06-11,1,SC,watches_gifts,0.0
base,moving_average,2018-06-11,2018-06-18,2,SC,watches_gifts,4.0
base,moving_average,2018-06-11,2018-06-25,3,SC,watches_gifts,5.0
base,moving_average,2018-06-11,2018-07-02,4,SC,watches_gifts,0.0
base,moving_average,2018-06-11,2018-06-11,1,SP,auto,55.0
base,moving_average,2018-06-11,2018-06-18,2,SP,auto,60.0
base,moving_average,2018-06-11,2018-06-25,3,SP,auto,66.0
base,moving_average,2018-06-11,2018-07-02,4,SP,auto,0.0
base,moving_average,2018-06-11,2018-06-11,1,SP,bed_bath_table,146.0
base,moving_average,2018-06-11,2018-06-18,2,SP,bed_bath_table,151.0
base,moving_average,2018-06-11,2018-06-25,3,SP,bed_bath_table,158.0
base,moving_average,2018-06-11,2018-07-02,4,SP,bed_bath_table,0.0
base,moving_average,2018-06-11,2018-06-11,1,SP,computers_accessories,71.0
base,moving_average,2018-06-11,2018-06-18,2,SP,computers_accessories,80.0
base,moving_average,2018-06-11,2018-06-25,3,SP,computers_accessories,86.0
base,moving_average,2018-06-11,2018-07-02,4,SP,computers_accessories,0.0
base,moving_average,2018-06-11,2018-06-11,1,SP,furniture_decor,3.0
base,moving_average,2018-06-11,2018-06-18,2,SP,furniture_decor,72.0
base,moving_average,2018-06-11,2018-06-25,3,SP,furniture_decor,72.0
base,moving_average,2018-06-11,2018-07-02,4,SP,furniture_decor,0.0
base,moving_average,2018-06-11,2018-06-11,1,SP,garden_tools,9.0
base,moving_average,2018-06-11,2018-06-18,2,SP,garden_tools,48.0
base,moving_average,2018-06-11,2018-06-25,3,SP,garden_tools,51.0
base,moving_average,2018-06-11,2018-07-02,4,SP,garden_tools,0.0
base,moving_average,2018-06-11,2018-06-11,1,SP,health_beauty,143.0
base,moving_average,2018-06-11,2018-06-18,2,SP,health_beauty,153.0
base,moving_average,2018-06-11,2018-06-25,3,SP,health_beauty,160.0
base,moving_average,2018-06-11,2018-07-02,4,SP,health_beauty,0.0
base,moving_average,2018-06-11,2018-06-11,1,SP,housewares,123.0
base,moving_average,2018-06-11,2018-06-18,2,SP,housewares,134.0
base,moving_average,2018-06-11,2018-06-25,3,SP,housewares,134.0
base,moving_average,2018-06-11,2018-07-02,4,SP,housewares,0.0
base,moving_average,2018-06-11,2018-06-11,1,SP,sports_leisure,26.0
base,moving_average,2018-06-11,2018-06-18,2,SP,sports_leisure,68.0
base,moving_average,2018-06-11,2018-06-25,3,SP,sports_leisure,68.0
base,moving_average,2018-06-11,2018-07-02,4,SP,sports_leisure,0.0
base,moving_average,2018-06-11,2018-06-11,1,SP,telephony,13.0
base,moving_average,2018-06-11,2018-06-18,2,SP,telephony,43.0
base,moving_average,2018-06-11,2018-06-25,3,SP,telephony,42.0
base,moving_average,2018-06-11,2018-07-02,4,SP,telephony,0.0
base,moving_average,2018-06-11,2018-06-11,1,SP,watches_gifts,37.0
base,moving_average,2018-06-11,2018-06-18,2,SP,watches_gifts,120.0
base,moving_average,2018-06-11,2018-06-25,3,SP,watches_gifts,120.0
base,moving_average,2018-06-11,2018-07-02,4,SP,watches_gifts,0.0
base,moving_average,2018-06-18,2018-06-18,1,MG,auto,0.0
base,moving_average,2018-06-18,2018-06-25,2,MG,auto,0.0
base,moving_average,2018-06-18,2018-07-02,3,MG,auto,0.0
base,moving_average,2018-06-18,2018-07-09,4,MG,auto,0.0
base,moving_average,2018-06-18,2018-06-18,1,MG,bed_bath_table,14.0
base,moving_average,2018-06-18,2018-06-25,2,MG,bed_bath_table,14.0
base,moving_average,2018-06-18,2018-07-02,3,MG,bed_bath_table,14.0
base,moving_average,2018-06-18,2018-07-09,4,MG,bed_bath_table,0.0
base,moving_average,2018-06-18,2018-06-18,1,MG,computers_accessories,8.0
base,moving_average,2018-06-18,2018-06-25,2,MG,computers_accessories,14.0
base,moving_average,2018-06-18,2018-07-02,3,MG,computers_accessories,13.0
base,moving_average,2018-06-18,2018-07-09,4,MG,computers_accessories,0.0
base,moving_average,2018-06-18,2018-06-18,1,MG,furniture_decor,0.0
base,moving_average,2018-06-18,2018-06-25,2,MG,furniture_decor,7.0
base,moving_average,2018-06-18,2018-07-02,3,MG,furniture_decor,12.0
base,moving_average,2018-06-18,2018-07-09,4,MG,furniture_decor,0.0
base,moving_average,2018-06-18,2018-06-18,1,MG,garden_tools,0.0
base,moving_average,2018-06-18,2018-06-25,2,MG,garden_tools,0.0
base,moving_average,2018-06-18,2018-07-02,3,MG,garden_tools,0.0
base,moving_average,2018-06-18,2018-07-09,4,MG,garden_tools,0.0
base,moving_average,2018-06-18,2018-06-18,1,MG,health_beauty,14.0
base,moving_average,2018-06-18,2018-06-25,2,MG,health_beauty,14.0
base,moving_average,2018-06-18,2018-07-02,3,MG,health_beauty,14.0
base,moving_average,2018-06-18,2018-07-09,4,MG,health_beauty,0.0
base,moving_average,2018-06-18,2018-06-18,1,MG,housewares,0.0
base,moving_average,2018-06-18,2018-06-25,2,MG,housewares,0.0
base,moving_average,2018-06-18,2018-07-02,3,MG,housewares,0.0
base,moving_average,2018-06-18,2018-07-09,4,MG,housewares,0.0
base,moving_average,2018-06-18,2018-06-18,1,MG,sports_leisure,11.0
base,moving_average,2018-06-18,2018-06-25,2,MG,sports_leisure,11.0
base,moving_average,2018-06-18,2018-07-02,3,MG,sports_leisure,11.0
base,moving_average,2018-06-18,2018-07-09,4,MG,sports_leisure,0.0
base,moving_average,2018-06-18,2018-06-18,1,MG,telephony,5.0
base,moving_average,2018-06-18,2018-06-25,2,MG,telephony,5.0
base,moving_average,2018-06-18,2018-07-02,3,MG,telephony,5.0
base,moving_average,2018-06-18,2018-07-09,4,MG,telephony,0.0
base,moving_average,2018-06-18,2018-06-18,1,MG,watches_gifts,0.0
base,moving_average,2018-06-18,2018-06-25,2,MG,watches_gifts,0.0
base,moving_average,2018-06-18,2018-07-02,3,MG,watches_gifts,0.0
base,moving_average,2018-06-18,2018-07-09,4,MG,watches_gifts,0.0
base,moving_average,2018-06-18,2018-06-18,1,PR,auto,8.0
base,moving_average,2018-06-18,2018-06-25,2,PR,auto,8.0
base,moving_average,2018-06-18,2018-07-02,3,PR,auto,8.0
base,moving_average,2018-06-18,2018-07-09,4,PR,auto,0.0
base,moving_average,2018-06-18,2018-06-18,1,PR,bed_bath_table,0.0
base,moving_average,2018-06-18,2018-06-25,2,PR,bed_bath_table,0.0
base,moving_average,2018-06-18,2018-07-02,3,PR,bed_bath_table,0.0
base,moving_average,2018-06-18,2018-07-09,4,PR,bed_bath_table,0.0
base,moving_average,2018-06-18,2018-06-18,1,PR,computers_accessories,0.0
base,moving_average,2018-06-18,2018-06-25,2,PR,computers_accessories,0.0
base,moving_average,2018-06-18,2018-07-02,3,PR,computers_accessories,0.0
base,moving_average,2018-06-18,2018-07-09,4,PR,computers_accessories,0.0
base,moving_average,2018-06-18,2018-06-18,1,PR,furniture_decor,8.0
base,moving_average,2018-06-18,2018-06-25,2,PR,furniture_decor,16.0
base,moving_average,2018-06-18,2018-07-02,3,PR,furniture_decor,15.0
base,moving_average,2018-06-18,2018-07-09,4,PR,furniture_decor,0.0
base,moving_average,2018-06-18,2018-06-18,1,PR,garden_tools,0.0
base,moving_average,2018-06-18,2018-06-25,2,PR,garden_tools,0.0
base,moving_average,2018-06-18,2018-07-02,3,PR,garden_tools,0.0
base,moving_average,2018-06-18,2018-07-09,4,PR,garden_tools,0.0
base,moving_average,2018-06-18,2018-06-18,1,PR,health_beauty,13.0
base,moving_average,2018-06-18,2018-06-25,2,PR,health_beauty,14.0
base,moving_average,2018-06-18,2018-07-02,3,PR,health_beauty,13.0
base,moving_average,2018-06-18,2018-07-09,4,PR,health_beauty,0.0
base,moving_average,2018-06-18,2018-06-18,1,PR,housewares,14.0
base,moving_average,2018-06-18,2018-06-25,2,PR,housewares,17.0
base,moving_average,2018-06-18,2018-07-02,3,PR,housewares,17.0
base,moving_average,2018-06-18,2018-07-09,4,PR,housewares,0.0
base,moving_average,2018-06-18,2018-06-18,1,PR,sports_leisure,0.0
base,moving_average,2018-06-18,2018-06-25,2,PR,sports_leisure,0.0
base,moving_average,2018-06-18,2018-07-02,3,PR,sports_leisure,0.0
base,moving_average,2018-06-18,2018-07-09,4,PR,sports_leisure,0.0
base,moving_average,2018-06-18,2018-06-18,1,PR,telephony,0.0
base,moving_average,2018-06-18,2018-06-25,2,PR,telephony,0.0
base,moving_average,2018-06-18,2018-07-02,3,PR,telephony,0.0
base,moving_average,2018-06-18,2018-07-09,4,PR,telephony,0.0
base,moving_average,2018-06-18,2018-06-18,1,PR,watches_gifts,8.0
base,moving_average,2018-06-18,2018-06-25,2,PR,watches_gifts,8.0
base,moving_average,2018-06-18,2018-07-02,3,PR,watches_gifts,8.0
base,moving_average,2018-06-18,2018-07-09,4,PR,watches_gifts,0.0
base,moving_average,2018-06-18,2018-06-18,1,RJ,auto,6.0
base,moving_average,2018-06-18,2018-06-25,2,RJ,auto,6.0
base,moving_average,2018-06-18,2018-07-02,3,RJ,auto,6.0
base,moving_average,2018-06-18,2018-07-09,4,RJ,auto,0.0
base,moving_average,2018-06-18,2018-06-18,1,RJ,bed_bath_table,10.0
base,moving_average,2018-06-18,2018-06-25,2,RJ,bed_bath_table,10.0
base,moving_average,2018-06-18,2018-07-02,3,RJ,bed_bath_table,10.0
base,moving_average,2018-06-18,2018-07-09,4,RJ,bed_bath_table,0.0
base,moving_average,2018-06-18,2018-06-18,1,RJ,computers_accessories,0.0
base,moving_average,2018-06-18,2018-06-25,2,RJ,computers_accessories,0.0
base,moving_average,2018-06-18,2018-07-02,3,RJ,computers_accessories,0.0
base,moving_average,2018-06-18,2018-07-09,4,RJ,computers_accessories,0.0
base,moving_average,2018-06-18,2018-06-18,1,RJ,furniture_decor,5.0
base,moving_average,2018-06-18,2018-06-25,2,RJ,furniture_decor,5.0
base,moving_average,2018-06-18,2018-07-02,3,RJ,furniture_decor,5.0
base,moving_average,2018-06-18,2018-07-09,4,RJ,furniture_decor,0.0
base,moving_average,2018-06-18,2018-06-18,1,RJ,garden_tools,4.0
base,moving_average,2018-06-18,2018-06-25,2,RJ,garden_tools,4.0
base,moving_average,2018-06-18,2018-07-02,3,RJ,garden_tools,4.0
base,moving_average,2018-06-18,2018-07-09,4,RJ,garden_tools,0.0
base,moving_average,2018-06-18,2018-06-18,1,RJ,health_beauty,0.0
base,moving_average,2018-06-18,2018-06-25,2,RJ,health_beauty,0.0
base,moving_average,2018-06-18,2018-07-02,3,RJ,health_beauty,0.0
base,moving_average,2018-06-18,2018-07-09,4,RJ,health_beauty,0.0
base,moving_average,2018-06-18,2018-06-18,1,RJ,housewares,8.0
base,moving_average,2018-06-18,2018-06-25,2,RJ,housewares,8.0
base,moving_average,2018-06-18,2018-07-02,3,RJ,housewares,8.0
base,moving_average,2018-06-18,2018-07-09,4,RJ,housewares,0.0
base,moving_average,2018-06-18,2018-06-18,1,RJ,sports_leisure,12.0
base,moving_average,2018-06-18,2018-06-25,2,RJ,sports_leisure,12.0
base,moving_average,2018-06-18,2018-07-02,3,RJ,sports_leisure,12.0
base,moving_average,2018-06-18,2018-07-09,4,RJ,sports_leisure,0.0
base,moving_average,2018-06-18,2018-06-18,1,RJ,telephony,6.0
base,moving_average,2018-06-18,2018-06-25,2,RJ,telephony,6.0
base,moving_average,2018-06-18,2018-07-02,3,RJ,telephony,6.0
base,moving_average,2018-06-18,2018-07-09,4,RJ,telephony,0.0
base,moving_average,2018-06-18,2018-06-18,1,RJ,watches_gifts,0.0
base,moving_average,2018-06-18,2018-06-25,2,RJ,watches_gifts,0.0
base,moving_average,2018-06-18,2018-07-02,3,RJ,watches_gifts,0.0
base,moving_average,2018-06-18,2018-07-09,4,RJ,watches_gifts,0.0
base,moving_average,2018-06-18,2018-06-18,1,RS,auto,3.0
base,moving_average,2018-06-18,2018-06-25,2,RS,auto,3.0
base,moving_average,2018-06-18,2018-07-02,3,RS,auto,3.0
base,moving_average,2018-06-18,2018-07-09,4,RS,auto,0.0
base,moving_average,2018-06-18,2018-06-18,1,RS,bed_bath_table,6.0
base,moving_average,2018-06-18,2018-06-25,2,RS,bed_bath_table,6.0
base,moving_average,2018-06-18,2018-07-02,3,RS,bed_bath_table,6.0
base,moving_average,2018-06-18,2018-07-09,4,RS,bed_bath_table,0.0
base,moving_average,2018-06-18,2018-06-18,1,RS,computers_accessories,0.0
base,moving_average,2018-06-18,2018-06-25,2,RS,computers_accessories,6.0
base,moving_average,2018-06-18,2018-07-02,3,RS,computers_accessories,6.0
base,moving_average,2018-06-18,2018-07-09,4,RS,computers_accessories,0.0
base,moving_average,2018-06-18,2018-06-18,1,RS,furniture_decor,5.0
base,moving_average,2018-06-18,2018-06-25,2,RS,furniture_decor,5.0
base,moving_average,2018-06-18,2018-07-02,3,RS,furniture_decor,5.0
base,moving_average,2018-06-18,2018-07-09,4,RS,furniture_decor,0.0
base,moving_average,2018-06-18,2018-06-18,1,RS,garden_tools,3.0
base,moving_average,2018-06-18,2018-06-25,2,RS,garden_tools,3.0
base,moving_average,2018-06-18,2018-07-02,3,RS,garden_tools,3.0
base,moving_average,2018-06-18,2018-07-09,4,RS,garden_tools,0.0
base,moving_average,2018-06-18,2018-06-18,1,RS,health_beauty,8.0
base,moving_average,2018-06-18,2018-06-25,2,RS,health_beauty,8.0
base,moving_average,2018-06-18,2018-07-02,3,RS,health_beauty,8.0
base,moving_average,2018-06-18,2018-07-09,4,RS,health_beauty,0.0
base,moving_average,2018-06-18,2018-06-18,1,RS,housewares,0.0
base,moving_average,2018-06-18,2018-06-25,2,RS,housewares,8.0
base,moving_average,2018-06-18,2018-07-02,3,RS,housewares,6.0
base,moving_average,2018-06-18,2018-07-09,4,RS,housewares,0.0
base,moving_average,2018-06-18,2018-06-18,1,RS,sports_leisure,0.0
base,moving_average,2018-06-18,2018-06-25,2,RS,sports_leisure,0.0
base,moving_average,2018-06-18,2018-07-02,3,RS,sports_leisure,0.0
base,moving_average,2018-06-18,2018-07-09,4,RS,sports_leisure,0.0
base,moving_average,2018-06-18,2018-06-18,1,RS,telephony,5.0
base,moving_average,2018-06-18,2018-06-25,2,RS,telephony,5.0
base,moving_average,2018-06-18,2018-07-02,3,RS,telephony,5.0
base,moving_average,2018-06-18,2018-07-09,4,RS,telephony,0.0
base,moving_average,2018-06-18,2018-06-18,1,RS,watches_gifts,0.0
base,moving_average,2018-06-18,2018-06-25,2,RS,watches_gifts,0.0
base,moving_average,2018-06-18,2018-07-02,3,RS,watches_gifts,0.0
base,moving_average,2018-06-18,2018-07-09,4,RS,watches_gifts,0.0
base,moving_average,2018-06-18,2018-06-18,1,SC,auto,0.0
base,moving_average,2018-06-18,2018-06-25,2,SC,auto,0.0
base,moving_average,2018-06-18,2018-07-02,3,SC,auto,0.0
base,moving_average,2018-06-18,2018-07-09,4,SC,auto,0.0
base,moving_average,2018-06-18,2018-06-18,1,SC,bed_bath_table,5.0
base,moving_average,2018-06-18,2018-06-25,2,SC,bed_bath_table,5.0
base,moving_average,2018-06-18,2018-07-02,3,SC,bed_bath_table,4.0
base,moving_average,2018-06-18,2018-07-09,4,SC,bed_bath_table,0.0
base,moving_average,2018-06-18,2018-06-18,1,SC,computers_accessories,4.0
base,moving_average,2018-06-18,2018-06-25,2,SC,computers_accessories,9.0
base,moving_average,2018-06-18,2018-07-02,3,SC,computers_accessories,9.0
base,moving_average,2018-06-18,2018-07-09,4,SC,computers_accessories,0.0
base,moving_average,2018-06-18,2018-06-18,1,SC,furniture_decor,6.0
base,moving_average,2018-06-18,2018-06-25,2,SC,furniture_decor,6.0
base,moving_average,2018-06-18,2018-07-02,3,SC,furniture_decor,6.0
base,moving_average,2018-06-18,2018-07-09,4,SC,furniture_decor,0.0
base,moving_average,2018-06-18,2018-06-18,1,SC,garden_tools,8.0
base,moving_average,2018-06-18,2018-06-25,2,SC,garden_tools,8.0
base,moving_average,2018-06-18,2018-07-02,3,SC,garden_tools,8.0
base,moving_average,2018-06-18,2018-07-09,4,SC,garden_tools,0.0
base,moving_average,2018-06-18,2018-06-18,1,SC,health_beauty,0.0
base,moving_average,2018-06-18,2018-06-25,2,SC,health_beauty,0.0
base,moving_average,2018-06-18,2018-07-02,3,SC,health_beauty,0.0
base,moving_average,2018-06-18,2018-07-09,4,SC,health_beauty,0.0
base,moving_average,2018-06-18,2018-06-18,1,SC,housewares,0.0
base,moving_average,2018-06-18,2018-06-25,2,SC,housewares,0.0
base,moving_average,2018-06-18,2018-07-02,3,SC,housewares,0.0
base,moving_average,2018-06-18,2018-07-09,4,SC,housewares,0.0
base,moving_average,2018-06-18,2018-06-18,1,SC,sports_leisure,17.0
base,moving_average,2018-06-18,2018-06-25,2,SC,sports_leisure,16.0
base,moving_average,2018-06-18,2018-07-02,3,SC,sports_leisure,17.0
base,moving_average,2018-06-18,2018-07-09,4,SC,sports_leisure,0.0
base,moving_average,2018-06-18,2018-06-18,1,SC,telephony,0.0
base,moving_average,2018-06-18,2018-06-25,2,SC,telephony,0.0
base,moving_average,2018-06-18,2018-07-02,3,SC,telephony,0.0
base,moving_average,2018-06-18,2018-07-09,4,SC,telephony,0.0
base,moving_average,2018-06-18,2018-06-18,1,SC,watches_gifts,7.0
base,moving_average,2018-06-18,2018-06-25,2,SC,watches_gifts,8.0
base,moving_average,2018-06-18,2018-07-02,3,SC,watches_gifts,8.0
base,moving_average,2018-06-18,2018-07-09,4,SC,watches_gifts,0.0
base,moving_average,2018-06-18,2018-06-18,1,SP,auto,32.0
base,moving_average,2018-06-18,2018-06-25,2,SP,auto,62.0
base,moving_average,2018-06-18,2018-07-02,3,SP,auto,59.0
base,moving_average,2018-06-18,2018-07-09,4,SP,auto,0.0
base,moving_average,2018-06-18,2018-06-18,1,SP,bed_bath_table,157.0
base,moving_average,2018-06-18,2018-06-25,2,SP,bed_bath_table,165.0
base,moving_average,2018-06-18,2018-07-02,3,SP,bed_bath_table,162.0
base,moving_average,2018-06-18,2018-07-09,4,SP,bed_bath_table,0.0
base,moving_average,2018-06-18,2018-06-18,1,SP,computers_accessories,46.0
base,moving_average,2018-06-18,2018-06-25,2,SP,computers_accessories,82.0
base,moving_average,2018-06-18,2018-07-02,3,SP,computers_accessories,76.0
base,moving_average,2018-06-18,2018-07-09,4,SP,computers_accessories,0.0
base,moving_average,2018-06-18,2018-06-18,1,SP,furniture_decor,50.0
base,moving_average,2018-06-18,2018-06-25,2,SP,furniture_decor,70.0
base,moving_average,2018-06-18,2018-07-02,3,SP,furniture_decor,74.0
base,moving_average,2018-06-18,2018-07-09,4,SP,furniture_decor,0.0
base,moving_average,2018-06-18,2018-06-18,1,SP,garden_tools,11.0
base,moving_average,2018-06-18,2018-06-25,2,SP,garden_tools,44.0
base,moving_average,2018-06-18,2018-07-02,3,SP,garden_tools,45.0
base,moving_average,2018-06-18,2018-07-09,4,SP,garden_tools,0.0
base,moving_average,2018-06-18,2018-06-18,1,SP,health_beauty,178.0
base,moving_average,2018-06-18,2018-06-25,2,SP,health_beauty,191.0
base,moving_average,2018-06-18,2018-07-02,3,SP,health_beauty,191.0
base,moving_average,2018-06-18,2018-07-09,4,SP,health_beauty,0.0
base,moving_average,2018-06-18,2018-06-18,1,SP,housewares,110.0
base,moving_average,2018-06-18,2018-06-25,2,SP,housewares,129.0
base,moving_average,2018-06-18,2018-07-02,3,SP,housewares,127.0
base,moving_average,2018-06-18,2018-07-09,4,SP,housewares,0.0
base,moving_average,2018-06-18,2018-06-18,1,SP,sports_leisure,73.0
base,moving_average,2018-06-18,2018-06-25,2,SP,sports_leisure,75.0
base,moving_average,2018-06-18,2018-07-02,3,SP,sports_leisure,78.0
base,moving_average,2018-06-18,2018-07-09,4,SP,sports_leisure,0.0
base,moving_average,2018-06-18,2018-06-18,1,SP,telephony,46.0
base,moving_average,2018-06-18,2018-06-25,2,SP,telephony,48.0
base,moving_average,2018-06-18,2018-07-02,3,SP,telephony,50.0
base,moving_average,2018-06-18,2018-07-09,4,SP,telephony,0.0
base,moving_average,2018-06-18,2018-06-18,1,SP,watches_gifts,132.0
base,moving_average,2018-06-18,2018-06-25,2,SP,watches_gifts,134.0
base,moving_average,2018-06-18,2018-07-02,3,SP,watches_gifts,138.0
base,moving_average,2018-06-18,2018-07-09,4,SP,watches_gifts,0.0
base,moving_average,2018-06-25,2018-06-25,1,MG,auto,0.0
base,moving_average,2018-06-25,2018-07-02,2,MG,auto,0.0
base,moving_average,2018-06-25,2018-07-09,3,MG,auto,0.0
base,moving_average,2018-06-25,2018-07-16,4,MG,auto,0.0
base,moving_average,2018-06-25,2018-06-25,1,MG,bed_bath_table,14.0
base,moving_average,2018-06-25,2018-07-02,2,MG,bed_bath_table,14.0
base,moving_average,2018-06-25,2018-07-09,3,MG,bed_bath_table,14.0
base,moving_average,2018-06-25,2018-07-16,4,MG,bed_bath_table,0.0
base,moving_average,2018-06-25,2018-06-25,1,MG,computers_accessories,14.0
base,moving_average,2018-06-25,2018-07-02,2,MG,computers_accessories,13.0
base,moving_average,2018-06-25,2018-07-09,3,MG,computers_accessories,13.0
base,moving_average,2018-06-25,2018-07-16,4,MG,computers_accessories,0.0
base,moving_average,2018-06-25,2018-06-25,1,MG,furniture_decor,5.0
base,moving_average,2018-06-25,2018-07-02,2,MG,furniture_decor,12.0
base,moving_average,2018-06-25,2018-07-09,3,MG,furniture_decor,12.0
base,moving_average,2018-06-25,2018-07-16,4,MG,furniture_decor,0.0
base,moving_average,2018-06-25,2018-06-25,1,MG,garden_tools,0.0
base,moving_average,2018-06-25,2018-07-02,2,MG,garden_tools,0.0
base,moving_average,2018-06-25,2018-07-09,3,MG,garden_tools,0.0
base,moving_average,2018-06-25,2018-07-16,4,MG,garden_tools,0.0
base,moving_average,2018-06-25,2018-06-25,1,MG,health_beauty,14.0
base,moving_average,2018-06-25,2018-07-02,2,MG,health_beauty,14.0
base,moving_average,2018-06-25,2018-07-09,3,MG,health_beauty,14.0
base,moving_average,2018-06-25,2018-07-16,4,MG,health_beauty,0.0
base,moving_average,2018-06-25,2018-06-25,1,MG,housewares,0.0
base,moving_average,2018-06-25,2018-07-02,2,MG,housewares,0.0
base,moving_average,2018-06-25,2018-07-09,3,MG,housewares,0.0
base,moving_average,2018-06-25,2018-07-16,4,MG,housewares,0.0
base,moving_average,2018-06-25,2018-06-25,1,MG,sports_leisure,12.0
base,moving_average,2018-06-25,2018-07-02,2,MG,sports_leisure,12.0
base,moving_average,2018-06-25,2018-07-09,3,MG,sports_leisure,12.0
base,moving_average,2018-06-25,2018-07-16,4,MG,sports_leisure,0.0
base,moving_average,2018-06-25,2018-06-25,1,MG,telephony,5.0
base,moving_average,2018-06-25,2018-07-02,2,MG,telephony,5.0
base,moving_average,2018-06-25,2018-07-09,3,MG,telephony,5.0
base,moving_average,2018-06-25,2018-07-16,4,MG,telephony,0.0
base,moving_average,2018-06-25,2018-06-25,1,MG,watches_gifts,0.0
base,moving_average,2018-06-25,2018-07-02,2,MG,watches_gifts,0.0
base,moving_average,2018-06-25,2018-07-09,3,MG,watches_gifts,0.0
base,moving_average,2018-06-25,2018-07-16,4,MG,watches_gifts,0.0
base,moving_average,2018-06-25,2018-06-25,1,PR,auto,8.0
base,moving_average,2018-06-25,2018-07-02,2,PR,auto,8.0
base,moving_average,2018-06-25,2018-07-09,3,PR,auto,8.0
base,moving_average,2018-06-25,2018-07-16,4,PR,auto,0.0
base,moving_average,2018-06-25,2018-06-25,1,PR,bed_bath_table,0.0
base,moving_average,2018-06-25,2018-07-02,2,PR,bed_bath_table,0.0
base,moving_average,2018-06-25,2018-07-09,3,PR,bed_bath_table,0.0
base,moving_average,2018-06-25,2018-07-16,4,PR,bed_bath_table,0.0
base,moving_average,2018-06-25,2018-06-25,1,PR,computers_accessories,0.0
base,moving_average,2018-06-25,2018-07-02,2,PR,computers_accessories,0.0
base,moving_average,2018-06-25,2018-07-09,3,PR,computers_accessories,0.0
base,moving_average,2018-06-25,2018-07-16,4,PR,computers_accessories,0.0
base,moving_average,2018-06-25,2018-06-25,1,PR,furniture_decor,18.0
base,moving_average,2018-06-25,2018-07-02,2,PR,furniture_decor,18.0
base,moving_average,2018-06-25,2018-07-09,3,PR,furniture_decor,18.0
base,moving_average,2018-06-25,2018-07-16,4,PR,furniture_decor,0.0
base,moving_average,2018-06-25,2018-06-25,1,PR,garden_tools,0.0
base,moving_average,2018-06-25,2018-07-02,2,PR,garden_tools,0.0
base,moving_average,2018-06-25,2018-07-09,3,PR,garden_tools,0.0
base,moving_average,2018-06-25,2018-07-16,4,PR,garden_tools,0.0
base,moving_average,2018-06-25,2018-06-25,1,PR,health_beauty,17.0
base,moving_average,2018-06-25,2018-07-02,2,PR,health_beauty,17.0
base,moving_average,2018-06-25,2018-07-09,3,PR,health_beauty,18.0
base,moving_average,2018-06-25,2018-07-16,4,PR,health_beauty,0.0
base,moving_average,2018-06-25,2018-06-25,1,PR,housewares,13.0
base,moving_average,2018-06-25,2018-07-02,2,PR,housewares,17.0
base,moving_average,2018-06-25,2018-07-09,3,PR,housewares,17.0
base,moving_average,2018-06-25,2018-07-16,4,PR,housewares,0.0
base,moving_average,2018-06-25,2018-06-25,1,PR,sports_leisure,0.0
base,moving_average,2018-06-25,2018-07-02,2,PR,sports_leisure,0.0
base,moving_average,2018-06-25,2018-07-09,3,PR,sports_leisure,0.0
base,moving_average,2018-06-25,2018-07-16,4,PR,sports_leisure,0.0
base,moving_average,2018-06-25,2018-06-25,1,PR,telephony,0.0
base,moving_average,2018-06-25,2018-07-02,2,PR,telephony,0.0
base,moving_average,2018-06-25,2018-07-09,3,PR,telephony,0.0
base,moving_average,2018-06-25,2018-07-16,4,PR,telephony,0.0
base,moving_average,2018-06-25,2018-06-25,1,PR,watches_gifts,8.0
base,moving_average,2018-06-25,2018-07-02,2,PR,watches_gifts,8.0
base,moving_average,2018-06-25,2018-07-09,3,PR,watches_gifts,8.0
base,moving_average,2018-06-25,2018-07-16,4,PR,watches_gifts,0.0
base,moving_average,2018-06-25,2018-06-25,1,RJ,auto,6.0
base,moving_average,2018-06-25,2018-07-02,2,RJ,auto,6.0
base,moving_average,2018-06-25,2018-07-09,3,RJ,auto,6.0
base,moving_average,2018-06-25,2018-07-16,4,RJ,auto,0.0
base,moving_average,2018-06-25,2018-06-25,1,RJ,bed_bath_table,10.0
base,moving_average,2018-06-25,2018-07-02,2,RJ,bed_bath_table,10.0
base,moving_average,2018-06-25,2018-07-09,3,RJ,bed_bath_table,10.0
base,moving_average,2018-06-25,2018-07-16,4,RJ,bed_bath_table,0.0
base,moving_average,2018-06-25,2018-06-25,1,RJ,computers_accessories,0.0
base,moving_average,2018-06-25,2018-07-02,2,RJ,computers_accessories,0.0
base,moving_average,2018-06-25,2018-07-09,3,RJ,computers_accessories,0.0
base,moving_average,2018-06-25,2018-07-16,4,RJ,computers_accessories,0.0
base,moving_average,2018-06-25,2018-06-25,1,RJ,furniture_decor,5.0
base,moving_average,2018-06-25,2018-07-02,2,RJ,furniture_decor,5.0
base,moving_average,2018-06-25,2018-07-09,3,RJ,furniture_decor,5.0
base,moving_average,2018-06-25,2018-07-16,4,RJ,furniture_decor,0.0
base,moving_average,2018-06-25,2018-06-25,1,RJ,garden_tools,2.0
base,moving_average,2018-06-25,2018-07-02,2,RJ,garden_tools,4.0
base,moving_average,2018-06-25,2018-07-09,3,RJ,garden_tools,4.0
base,moving_average,2018-06-25,2018-07-16,4,RJ,garden_tools,0.0
base,moving_average,2018-06-25,2018-06-25,1,RJ,health_beauty,15.0
base,moving_average,2018-06-25,2018-07-02,2,RJ,health_beauty,16.0
base,moving_average,2018-06-25,2018-07-09,3,RJ,health_beauty,13.0
base,moving_average,2018-06-25,2018-07-16,4,RJ,health_beauty,0.0
base,moving_average,2018-06-25,2018-06-25,1,RJ,housewares,8.0
base,moving_average,2018-06-25,2018-07-02,2,RJ,housewares,8.0
base,moving_average,2018-06-25,2018-07-09,3,RJ,housewares,8.0
base,moving_average,2018-06-25,2018-07-16,4,RJ,housewares,0.0
base,moving_average,2018-06-25,2018-06-25,1,RJ,sports_leisure,14.0
base,moving_average,2018-06-25,2018-07-02,2,RJ,sports_leisure,14.0
base,moving_average,2018-06-25,2018-07-09,3,RJ,sports_leisure,15.0
base,moving_average,2018-06-25,2018-07-16,4,RJ,sports_leisure,0.0
base,moving_average,2018-06-25,2018-06-25,1,RJ,telephony,6.0
base,moving_average,2018-06-25,2018-07-02,2,RJ,telephony,6.0
base,moving_average,2018-06-25,2018-07-09,3,RJ,telephony,6.0
base,moving_average,2018-06-25,2018-07-16,4,RJ,telephony,0.0
base,moving_average,2018-06-25,2018-06-25,1,RJ,watches_gifts,0.0
base,moving_average,2018-06-25,2018-07-02,2,RJ,watches_gifts,0.0
base,moving_average,2018-06-25,2018-07-09,3,RJ,watches_gifts,0.0
base,moving_average,2018-06-25,2018-07-16,4,RJ,watches_gifts,0.0
base,moving_average,2018-06-25,2018-06-25,1,RS,auto,3.0
base,moving_average,2018-06-25,2018-07-02,2,RS,auto,3.0
base,moving_average,2018-06-25,2018-07-09,3,RS,auto,3.0
base,moving_average,2018-06-25,2018-07-16,4,RS,auto,0.0
base,moving_average,2018-06-25,2018-06-25,1,RS,bed_bath_table,6.0
base,moving_average,2018-06-25,2018-07-02,2,RS,bed_bath_table,6.0
base,moving_average,2018-06-25,2018-07-09,3,RS,bed_bath_table,6.0
base,moving_average,2018-06-25,2018-07-16,4,RS,bed_bath_table,0.0
base,moving_average,2018-06-25,2018-06-25,1,RS,computers_accessories,9.0
base,moving_average,2018-06-25,2018-07-02,2,RS,computers_accessories,9.0
base,moving_average,2018-06-25,2018-07-09,3,RS,computers_accessories,9.0
base,moving_average,2018-06-25,2018-07-16,4,RS,computers_accessories,0.0
base,moving_average,2018-06-25,2018-06-25,1,RS,furniture_decor,5.0
base,moving_average,2018-06-25,2018-07-02,2,RS,furniture_decor,5.0
base,moving_average,2018-06-25,2018-07-09,3,RS,furniture_decor,5.0
base,moving_average,2018-06-25,2018-07-16,4,RS,furniture_decor,0.0
base,moving_average,2018-06-25,2018-06-25,1,RS,garden_tools,1.0
base,moving_average,2018-06-25,2018-07-02,2,RS,garden_tools,3.0
base,moving_average,2018-06-25,2018-07-09,3,RS,garden_tools,2.0
base,moving_average,2018-06-25,2018-07-16,4,RS,garden_tools,0.0
base,moving_average,2018-06-25,2018-06-25,1,RS,health_beauty,8.0
base,moving_average,2018-06-25,2018-07-02,2,RS,health_beauty,8.0
base,moving_average,2018-06-25,2018-07-09,3,RS,health_beauty,8.0
base,moving_average,2018-06-25,2018-07-16,4,RS,health_beauty,0.0
base,moving_average,2018-06-25,2018-06-25,1,RS,housewares,0.0
base,moving_average,2018-06-25,2018-07-02,2,RS,housewares,4.0
base,moving_average,2018-06-25,2018-07-09,3,RS,housewares,4.0
base,moving_average,2018-06-25,2018-07-16,4,RS,housewares,0.0
base,moving_average,2018-06-25,2018-06-25,1,RS,sports_leisure,0.0
base,moving_average,2018-06-25,2018-07-02,2,RS,sports_leisure,0.0
base,moving_average,2018-06-25,2018-07-09,3,RS,sports_leisure,0.0
base,moving_average,2018-06-25,2018-07-16,4,RS,sports_leisure,0.0
base,moving_average,2018-06-25,2018-06-25,1,RS,telephony,5.0
base,moving_average,2018-06-25,2018-07-02,2,RS,telephony,5.0
base,moving_average,2018-06-25,2018-07-09,3,RS,telephony,5.0
base,moving_average,2018-06-25,2018-07-16,4,RS,telephony,0.0
base,moving_average,2018-06-25,2018-06-25,1,RS,watches_gifts,0.0
base,moving_average,2018-06-25,2018-07-02,2,RS,watches_gifts,0.0
base,moving_average,2018-06-25,2018-07-09,3,RS,watches_gifts,0.0
base,moving_average,2018-06-25,2018-07-16,4,RS,watches_gifts,0.0
base,moving_average,2018-06-25,2018-06-25,1,SC,auto,0.0
base,moving_average,2018-06-25,2018-07-02,2,SC,auto,0.0
base,moving_average,2018-06-25,2018-07-09,3,SC,auto,0.0
base,moving_average,2018-06-25,2018-07-16,4,SC,auto,0.0
base,moving_average,2018-06-25,2018-06-25,1,SC,bed_bath_table,10.0
base,moving_average,2018-06-25,2018-07-02,2,SC,bed_bath_table,9.0
base,moving_average,2018-06-25,2018-07-09,3,SC,bed_bath_table,11.0
base,moving_average,2018-06-25,2018-07-16,4,SC,bed_bath_table,0.0
base,moving_average,2018-06-25,2018-06-25,1,SC,computers_accessories,9.0
base,moving_average,2018-06-25,2018-07-02,2,SC,computers_accessories,9.0
base,moving_average,2018-06-25,2018-07-09,3,SC,computers_accessories,9.0
base,moving_average,2018-06-25,2018-07-16,4,SC,computers_accessories,0.0
base,moving_average,2018-06-25,2018-06-25,1,SC,furniture_decor,6.0
base,moving_average,2018-06-25,2018-07-02,2,SC,furniture_decor,6.0
base,moving_average,2018-06-25,2018-07-09,3,SC,furniture_decor,6.0
base,moving_average,2018-06-25,2018-07-16,4,SC,furniture_decor,0.0
base,moving_average,2018-06-25,2018-06-25,1,SC,garden_tools,2.0
base,moving_average,2018-06-25,2018-07-02,2,SC,garden_tools,8.0
base,moving_average,2018-06-25,2018-07-09,3,SC,garden_tools,8.0
base,moving_average,2018-06-25,2018-07-16,4,SC,garden_tools,0.0
base,moving_average,2018-06-25,2018-06-25,1,SC,health_beauty,0.0
base,moving_average,2018-06-25,2018-07-02,2,SC,health_beauty,0.0
base,moving_average,2018-06-25,2018-07-09,3,SC,health_beauty,0.0
base,moving_average,2018-06-25,2018-07-16,4,SC,health_beauty,0.0
base,moving_average,2018-06-25,2018-06-25,1,SC,housewares,0.0
base,moving_average,2018-06-25,2018-07-02,2,SC,housewares,0.0
base,moving_average,2018-06-25,2018-07-09,3,SC,housewares,0.0
base,moving_average,2018-06-25,2018-07-16,4,SC,housewares,0.0
base,moving_average,2018-06-25,2018-06-25,1,SC,sports_leisure,16.0
base,moving_average,2018-06-25,2018-07-02,2,SC,sports_leisure,17.0
base,moving_average,2018-06-25,2018-07-09,3,SC,sports_leisure,17.0
base,moving_average,2018-06-25,2018-07-16,4,SC,sports_leisure,0.0
base,moving_average,2018-06-25,2018-06-25,1,SC,telephony,0.0
base,moving_average,2018-06-25,2018-07-02,2,SC,telephony,0.0
base,moving_average,2018-06-25,2018-07-09,3,SC,telephony,0.0
base,moving_average,2018-06-25,2018-07-16,4,SC,telephony,0.0
base,moving_average,2018-06-25,2018-06-25,1,SC,watches_gifts,8.0
base,moving_average,2018-06-25,2018-07-02,2,SC,watches_gifts,9.0
base,moving_average,2018-06-25,2018-07-09,3,SC,watches_gifts,8.0
base,moving_average,2018-06-25,2018-07-16,4,SC,watches_gifts,0.0
base,moving_average,2018-06-25,2018-06-25,1,SP,auto,68.0
base,moving_average,2018-06-25,2018-07-02,2,SP,auto,66.0
base,moving_average,2018-06-25,2018-07-09,3,SP,auto,67.0
base,moving_average,2018-06-25,2018-07-16,4,SP,auto,0.0
base,moving_average,2018-06-25,2018-06-25,1,SP,bed_bath_table,172.0
base,moving_average,2018-06-25,2018-07-02,2,SP,bed_bath_table,171.0
base,moving_average,2018-06-25,2018-07-09,3,SP,bed_bath_table,169.0
base,moving_average,2018-06-25,2018-07-16,4,SP,bed_bath_table,0.0
base,moving_average,2018-06-25,2018-06-25,1,SP,computers_accessories,87.0
base,moving_average,2018-06-25,2018-07-02,2,SP,computers_accessories,84.0
base,moving_average,2018-06-25,2018-07-09,3,SP,computers_accessories,86.0
base,moving_average,2018-06-25,2018-07-16,4,SP,computers_accessories,0.0
base,moving_average,2018-06-25,2018-06-25,1,SP,furniture_decor,45.0
base,moving_average,2018-06-25,2018-07-02,2,SP,furniture_decor,71.0
base,moving_average,2018-06-25,2018-07-09,3,SP,furniture_decor,69.0
base,moving_average,2018-06-25,2018-07-16,4,SP,furniture_decor,0.0
base,moving_average,2018-06-25,2018-06-25,1,SP,garden_tools,23.0
base,moving_average,2018-06-25,2018-07-02,2,SP,garden_tools,37.0
base,moving_average,2018-06-25,2018-07-09,3,SP,garden_tools,38.0
base,moving_average,2018-06-25,2018-07-16,4,SP,garden_tools,0.0
base,moving_average,2018-06-25,2018-06-25,1,SP,health_beauty,198.0
base,moving_average,2018-06-25,2018-07-02,2,SP,health_beauty,198.0
base,moving_average,2018-06-25,2018-07-09,3,SP,health_beauty,198.0
base,moving_average,2018-06-25,2018-07-16,4,SP,health_beauty,0.0
base,moving_average,2018-06-25,2018-06-25,1,SP,housewares,99.0
base,moving_average,2018-06-25,2018-07-02,2,SP,housewares,123.0
base,moving_average,2018-06-25,2018-07-09,3,SP,housewares,123.0
base,moving_average,2018-06-25,2018-07-16,4,SP,housewares,0.0
base,moving_average,2018-06-25,2018-06-25,1,SP,sports_leisure,80.0
base,moving_average,2018-06-25,2018-07-02,2,SP,sports_leisure,84.0
base,moving_average,2018-06-25,2018-07-09,3,SP,sports_leisure,82.0
base,moving_average,2018-06-25,2018-07-16,4,SP,sports_leisure,0.0
base,moving_average,2018-06-25,2018-06-25,1,SP,telephony,53.0
base,moving_average,2018-06-25,2018-07-02,2,SP,telephony,56.0
base,moving_average,2018-06-25,2018-07-09,3,SP,telephony,55.0
base,moving_average,2018-06-25,2018-07-16,4,SP,telephony,0.0
base,moving_average,2018-06-25,2018-06-25,1,SP,watches_gifts,129.0
base,moving_average,2018-06-25,2018-07-02,2,SP,watches_gifts,142.0
base,moving_average,2018-06-25,2018-07-09,3,SP,watches_gifts,138.0
base,moving_average,2018-06-25,2018-07-16,4,SP,watches_gifts,0.0
base,moving_average,2018-07-02,2018-07-02,1,MG,auto,0.0
base,moving_average,2018-07-02,2018-07-09,2,MG,auto,0.0
base,moving_average,2018-07-02,2018-07-16,3,MG,auto,0.0
base,moving_average,2018-07-02,2018-07-23,4,MG,auto,0.0
base,moving_average,2018-07-02,2018-07-02,1,MG,bed_bath_table,14.0
base,moving_average,2018-07-02,2018-07-09,2,MG,bed_bath_table,14.0
base,moving_average,2018-07-02,2018-07-16,3,MG,bed_bath_table,14.0
base,moving_average,2018-07-02,2018-07-23,4,MG,bed_bath_table,0.0
base,moving_average,2018-07-02,2018-07-02,1,MG,computers_accessories,12.0
base,moving_average,2018-07-02,2018-07-09,2,MG,computers_accessories,12.0
base,moving_average,2018-07-02,2018-07-16,3,MG,computers_accessories,12.0
base,moving_average,2018-07-02,2018-07-23,4,MG,computers_accessories,0.0
base,moving_average,2018-07-02,2018-07-02,1,MG,furniture_decor,14.0
base,moving_average,2018-07-02,2018-07-09,2,MG,furniture_decor,14.0
base,moving_average,2018-07-02,2018-07-16,3,MG,furniture_decor,14.0
base,moving_average,2018-07-02,2018-07-23,4,MG,furniture_decor,0.0
base,moving_average,2018-07-02,2018-07-02,1,MG,garden_tools,0.0
base,moving_average,2018-07-02,2018-07-09,2,MG,garden_tools,0.0
base,moving_average,2018-07-02,2018-07-16,3,MG,garden_tools,0.0
base,moving_average,2018-07-02,2018-07-23,4,MG,garden_tools,0.0
base,moving_average,2018-07-02,2018-07-02,1,MG,health_beauty,14.0
base,moving_average,2018-07-02,2018-07-09,2,MG,health_beauty,14.0
base,moving_average,2018-07-02,2018-07-16,3,MG,health_beauty,14.0
base,moving_average,2018-07-02,2018-07-23,4,MG,health_beauty,0.0
base,moving_average,2018-07-02,2018-07-02,1,MG,housewares,0.0
base,moving_average,2018-07-02,2018-07-09,2,MG,housewares,0.0
base,moving_average,2018-07-02,2018-07-16,3,MG,housewares,0.0
base,moving_average,2018-07-02,2018-07-23,4,MG,housewares,0.0
base,moving_average,2018-07-02,2018-07-02,1,MG,sports_leisure,6.0
base,moving_average,2018-07-02,2018-07-09,2,MG,sports_leisure,11.0
base,moving_average,2018-07-02,2018-07-16,3,MG,sports_leisure,10.0
base,moving_average,2018-07-02,2018-07-23,4,MG,sports_leisure,0.0
base,moving_average,2018-07-02,2018-07-02,1,MG,telephony,5.0
base,moving_average,2018-07-02,2018-07-09,2,MG,telephony,5.0
base,moving_average,2018-07-02,2018-07-16,3,MG,telephony,5.0
base,moving_average,2018-07-02,2018-07-23,4,MG,telephony,0.0
base,moving_average,2018-07-02,2018-07-02,1,MG,watches_gifts,0.0
base,moving_average,2018-07-02,2018-07-09,2,MG,watches_gifts,0.0
base,moving_average,2018-07-02,2018-07-16,3,MG,watches_gifts,0.0
base,moving_average,2018-07-02,2018-07-23,4,MG,watches_gifts,0.0
base,moving_average,2018-07-02,2018-07-02,1,PR,auto,8.0
base,moving_average,2018-07-02,2018-07-09,2,PR,auto,8.0
base,moving_average,2018-07-02,2018-07-16,3,PR,auto,8.0
base,moving_average,2018-07-02,2018-07-23,4,PR,auto,0.0
base,moving_average,2018-07-02,2018-07-02,1,PR,bed_bath_table,0.0
base,moving_average,2018-07-02,2018-07-09,2,PR,bed_bath_table,0.0
base,moving_average,2018-07-02,2018-07-16,3,PR,bed_bath_table,0.0
base,moving_average,2018-07-02,2018-07-23,4,PR,bed_bath_table,0.0
base,moving_average,2018-07-02,2018-07-02,1,PR,computers_accessories,0.0
base,moving_average,2018-07-02,2018-07-09,2,PR,computers_accessories,0.0
base,moving_average,2018-07-02,2018-07-16,3,PR,computers_accessories,0.0
base,moving_average,2018-07-02,2018-07-23,4,PR,computers_accessories,0.0
base,moving_average,2018-07-02,2018-07-02,1,PR,furniture_decor,18.0
base,moving_average,2018-07-02,2018-07-09,2,PR,furniture_decor,19.0
base,moving_average,2018-07-02,2018-07-16,3,PR,furniture_decor,19.0
base,moving_average,2018-07-02,2018-07-23,4,PR,furniture_decor,0.0
base,moving_average,2018-07-02,2018-07-02,1,PR,garden_tools,0.0
base,moving_average,2018-07-02,2018-07-09,2,PR,garden_tools,0.0
base,moving_average,2018-07-02,2018-07-16,3,PR,garden_tools,0.0
base,moving_average,2018-07-02,2018-07-23,4,PR,garden_tools,0.0
base,moving_average,2018-07-02,2018-07-02,1,PR,health_beauty,19.0
base,moving_average,2018-07-02,2018-07-09,2,PR,health_beauty,20.0
base,moving_average,2018-07-02,2018-07-16,3,PR,health_beauty,20.0
base,moving_average,2018-07-02,2018-07-23,4,PR,health_beauty,0.0
base,moving_average,2018-07-02,2018-07-02,1,PR,housewares,17.0
base,moving_average,2018-07-02,2018-07-09,2,PR,housewares,17.0
base,moving_average,2018-07-02,2018-07-16,3,PR,housewares,17.0
base,moving_average,2018-07-02,2018-07-23,4,PR,housewares,0.0
base,moving_average,2018-07-02,2018-07-02,1,PR,sports_leisure,0.0
base,moving_average,2018-07-02,2018-07-09,2,PR,sports_leisure,0.0
base,moving_average,2018-07-02,2018-07-16,3,PR,sports_leisure,0.0
base,moving_average,2018-07-02,2018-07-23,4,PR,sports_leisure,0.0
base,moving_average,2018-07-02,2018-07-02,1,PR,telephony,0.0
base,moving_average,2018-07-02,2018-07-09,2,PR,telephony,0.0
base,moving_average,2018-07-02,2018-07-16,3,PR,telephony,0.0
base,moving_average,2018-07-02,2018-07-23,4,PR,telephony,0.0
base,moving_average,2018-07-02,2018-07-02,1,PR,watches_gifts,8.0
base,moving_average,2018-07-02,2018-07-09,2,PR,watches_gifts,8.0
base,moving_average,2018-07-02,2018-07-16,3,PR,watches_gifts,8.0
base,moving_average,2018-07-02,2018-07-23,4,PR,watches_gifts,0.0
base,moving_average,2018-07-02,2018-07-02,1,RJ,auto,6.0
base,moving_average,2018-07-02,2018-07-09,2,RJ,auto,6.0
base,moving_average,2018-07-02,2018-07-16,3,RJ,auto,6.0
base,moving_average,2018-07-02,2018-07-23,4,RJ,auto,0.0
base,moving_average,2018-07-02,2018-07-02,1,RJ,bed_bath_table,10.0
base,moving_average,2018-07-02,2018-07-09,2,RJ,bed_bath_table,10.0
base,moving_average,2018-07-02,2018-07-16,3,RJ,bed_bath_table,10.0
base,moving_average,2018-07-02,2018-07-23,4,RJ,bed_bath_table,0.0
base,moving_average,2018-07-02,2018-07-02,1,RJ,computers_accessories,0.0
base,moving_average,2018-07-02,2018-07-09,2,RJ,computers_accessories,0.0
base,moving_average,2018-07-02,2018-07-16,3,RJ,computers_accessories,0.0
base,moving_average,2018-07-02,2018-07-23,4,RJ,computers_accessories,0.0
base,moving_average,2018-07-02,2018-07-02,1,RJ,furniture_decor,5.0
base,moving_average,2018-07-02,2018-07-09,2,RJ,furniture_decor,5.0
base,moving_average,2018-07-02,2018-07-16,3,RJ,furniture_decor,5.0
base,moving_average,2018-07-02,2018-07-23,4,RJ,furniture_decor,0.0
base,moving_average,2018-07-02,2018-07-02,1,RJ,garden_tools,4.0
base,moving_average,2018-07-02,2018-07-09,2,RJ,garden_tools,4.0
base,moving_average,2018-07-02,2018-07-16,3,RJ,garden_tools,4.0
base,moving_average,2018-07-02,2018-07-23,4,RJ,garden_tools,0.0
base,moving_average,2018-07-02,2018-07-02,1,RJ,health_beauty,0.0
base,moving_average,2018-07-02,2018-07-09,2,RJ,health_beauty,0.0
base,moving_average,2018-07-02,2018-07-16,3,RJ,health_beauty,0.0
base,moving_average,2018-07-02,2018-07-23,4,RJ,health_beauty,0.0
base,moving_average,2018-07-02,2018-07-02,1,RJ,housewares,8.0
base,moving_average,2018-07-02,2018-07-09,2,RJ,housewares,8.0
base,moving_average,2018-07-02,2018-07-16,3,RJ,housewares,8.0
base,moving_average,2018-07-02,2018-07-23,4,RJ,housewares,0.0
base,moving_average,2018-07-02,2018-07-02,1,RJ,sports_leisure,13.0
base,moving_average,2018-07-02,2018-07-09,2,RJ,sports_leisure,13.0
base,moving_average,2018-07-02,2018-07-16,3,RJ,sports_leisure,12.0
base,moving_average,2018-07-02,2018-07-23,4,RJ,sports_leisure,0.0
base,moving_average,2018-07-02,2018-07-02,1,RJ,telephony,0.0
base,moving_average,2018-07-02,2018-07-09,2,RJ,telephony,1.0
base,moving_average,2018-07-02,2018-07-16,3,RJ,telephony,4.0
base,moving_average,2018-07-02,2018-07-23,4,RJ,telephony,0.0
base,moving_average,2018-07-02,2018-07-02,1,RJ,watches_gifts,0.0
base,moving_average,2018-07-02,2018-07-09,2,RJ,watches_gifts,0.0
base,moving_average,2018-07-02,2018-07-16,3,RJ,watches_gifts,0.0
base,moving_average,2018-07-02,2018-07-23,4,RJ,watches_gifts,0.0
base,moving_average,2018-07-02,2018-07-02,1,RS,auto,3.0
base,moving_average,2018-07-02,2018-07-09,2,RS,auto,3.0
base,moving_average,2018-07-02,2018-07-16,3,RS,auto,3.0
base,moving_average,2018-07-02,2018-07-23,4,RS,auto,0.0
base,moving_average,2018-07-02,2018-07-02,1,RS,bed_bath_table,6.0
base,moving_average,2018-07-02,2018-07-09,2,RS,bed_bath_table,6.0
base,moving_average,2018-07-02,2018-07-16,3,RS,bed_bath_table,6.0
base,moving_average,2018-07-02,2018-07-23,4,RS,bed_bath_table,0.0
base,moving_average,2018-07-02,2018-07-02,1,RS,computers_accessories,11.0
base,moving_average,2018-07-02,2018-07-09,2,RS,computers_accessories,12.0
base,moving_average,2018-07-02,2018-07-16,3,RS,computers_accessories,12.0
base,moving_average,2018-07-02,2018-07-23,4,RS,computers_accessories,0.0
base,moving_average,2018-07-02,2018-07-02,1,RS,furniture_decor,5.0
base,moving_average,2018-07-02,2018-07-09,2,RS,furniture_decor,5.0
base,moving_average,2018-07-02,2018-07-16,3,RS,furniture_decor,5.0
base,moving_average,2018-07-02,2018-07-23,4,RS,furniture_decor,0.0
base,moving_average,2018-07-02,2018-07-02,1,RS,garden_tools,2.0
base,moving_average,2018-07-02,2018-07-09,2,RS,garden_tools,2.0
base,moving_average,2018-07-02,2018-07-16,3,RS,garden_tools,2.0
base,moving_average,2018-07-02,2018-07-23,4,RS,garden_tools,0.0
base,moving_average,2018-07-02,2018-07-02,1,RS,health_beauty,8.0
base,moving_average,2018-07-02,2018-07-09,2,RS,health_beauty,8.0
base,moving_average,2018-07-02,2018-07-16,3,RS,health_beauty,8.0
base,moving_average,2018-07-02,2018-07-23,4,RS,health_beauty,0.0
base,moving_average,2018-07-02,2018-07-02,1,RS,housewares,2.0
base,moving_average,2018-07-02,2018-07-09,2,RS,housewares,4.0
base,moving_average,2018-07-02,2018-07-16,3,RS,housewares,5.0
base,moving_average,2018-07-02,2018-07-23,4,RS,housewares,0.0
base,moving_average,2018-07-02,2018-07-02,1,RS,sports_leisure,0.0
base,moving_average,2018-07-02,2018-07-09,2,RS,sports_leisure,0.0
base,moving_average,2018-07-02,2018-07-16,3,RS,sports_leisure,0.0
base,moving_average,2018-07-02,2018-07-23,4,RS,sports_leisure,0.0
base,moving_average,2018-07-02,2018-07-02,1,RS,telephony,5.0
base,moving_average,2018-07-02,2018-07-09,2,RS,telephony,5.0
base,moving_average,2018-07-02,2018-07-16,3,RS,telephony,5.0
base,moving_average,2018-07-02,2018-07-23,4,RS,telephony,0.0
base,moving_average,2018-07-02,2018-07-02,1,RS,watches_gifts,0.0
base,moving_average,2018-07-02,2018-07-09,2,RS,watches_gifts,0.0
base,moving_average,2018-07-02,2018-07-16,3,RS,watches_gifts,0.0
base,moving_average,2018-07-02,2018-07-23,4,RS,watches_gifts,0.0
base,moving_average,2018-07-02,2018-07-02,1,SC,auto,0.0
base,moving_average,2018-07-02,2018-07-09,2,SC,auto,0.0
base,moving_average,2018-07-02,2018-07-16,3,SC,auto,0.0
base,moving_average,2018-07-02,2018-07-23,4,SC,auto,0.0
base,moving_average,2018-07-02,2018-07-02,1,SC,bed_bath_table,8.0
base,moving_average,2018-07-02,2018-07-09,2,SC,bed_bath_table,11.0
base,moving_average,2018-07-02,2018-07-16,3,SC,bed_bath_table,10.0
base,moving_average,2018-07-02,2018-07-23,4,SC,bed_bath_table,0.0
base,moving_average,2018-07-02,2018-07-02,1,SC,computers_accessories,9.0
base,moving_average,2018-07-02,2018-07-09,2,SC,computers_accessories,9.0
base,moving_average,2018-07-02,2018-07-16,3,SC,computers_accessories,9.0
base,moving_average,2018-07-02,2018-07-23,4,SC,computers_accessories,0.0
base,moving_average,2018-07-02,2018-07-02,1,SC,furniture_decor,6.0
base,moving_average,2018-07-02,2018-07-09,2,SC,furniture_decor,6.0
base,moving_average,2018-07-02,2018-07-16,3,SC,furniture_decor,6.0
base,moving_average,2018-07-02,2018-07-23,4,SC,furniture_decor,0.0
base,moving_average,2018-07-02,2018-07-02,1,SC,garden_tools,8.0
base,moving_average,2018-07-02,2018-07-09,2,SC,garden_tools,8.0
base,moving_average,2018-07-02,2018-07-16,3,SC,garden_tools,8.0
base,moving_average,2018-07-02,2018-07-23,4,SC,garden_tools,0.0
base,moving_average,2018-07-02,2018-07-02,1,SC,health_beauty,0.0
base,moving_average,2018-07-02,2018-07-09,2,SC,health_beauty,0.0
base,moving_average,2018-07-02,2018-07-16,3,SC,health_beauty,0.0
base,moving_average,2018-07-02,2018-07-23,4,SC,health_beauty,0.0
base,moving_average,2018-07-02,2018-07-02,1,SC,housewares,0.0
base,moving_average,2018-07-02,2018-07-09,2,SC,housewares,0.0
base,moving_average,2018-07-02,2018-07-16,3,SC,housewares,0.0
base,moving_average,2018-07-02,2018-07-23,4,SC,housewares,0.0
base,moving_average,2018-07-02,2018-07-02,1,SC,sports_leisure,13.0
base,moving_average,2018-07-02,2018-07-09,2,SC,sports_leisure,16.0
base,moving_average,2018-07-02,2018-07-16,3,SC,sports_leisure,16.0
base,moving_average,2018-07-02,2018-07-23,4,SC,sports_leisure,0.0
base,moving_average,2018-07-02,2018-07-02,1,SC,telephony,0.0
base,moving_average,2018-07-02,2018-07-09,2,SC,telephony,0.0
base,moving_average,2018-07-02,2018-07-16,3,SC,telephony,0.0
base,moving_average,2018-07-02,2018-07-23,4,SC,telephony,0.0
base,moving_average,2018-07-02,2018-07-02,1,SC,watches_gifts,7.0
base,moving_average,2018-07-02,2018-07-09,2,SC,watches_gifts,9.0
base,moving_average,2018-07-02,2018-07-16,3,SC,watches_gifts,9.0
base,moving_average,2018-07-02,2018-07-23,4,SC,watches_gifts,0.0
base,moving_average,2018-07-02,2018-07-02,1,SP,auto,67.0
base,moving_average,2018-07-02,2018-07-09,2,SP,auto,71.0
base,moving_average,2018-07-02,2018-07-16,3,SP,auto,69.0
base,moving_average,2018-07-02,2018-07-23,4,SP,auto,0.0
base,moving_average,2018-07-02,2018-07-02,1,SP,bed_bath_table,128.0
base,moving_average,2018-07-02,2018-07-09,2,SP,bed_bath_table,164.0
base,moving_average,2018-07-02,2018-07-16,3,SP,bed_bath_table,158.0
base,moving_average,2018-07-02,2018-07-23,4,SP,bed_bath_table,0.0
base,moving_average,2018-07-02,2018-07-02,1,SP,computers_accessories,87.0
base,moving_average,2018-07-02,2018-07-09,2,SP,computers_accessories,91.0
base,moving_average,2018-07-02,2018-07-16,3,SP,computers_accessories,91.0
base,moving_average,2018-07-02,2018-07-23,4,SP,computers_accessories,0.0
base,moving_average,2018-07-02,2018-07-02,1,SP,furniture_decor,82.0
base,moving_average,2018-07-02,2018-07-09,2,SP,furniture_decor,81.0
base,moving_average,2018-07-02,2018-07-16,3,SP,furniture_decor,85.0
base,moving_average,2018-07-02,2018-07-23,4,SP,furniture_decor,0.0
base,moving_average,2018-07-02,2018-07-02,1,SP,garden_tools,51.0
base,moving_average,2018-07-02,2018-07-09,2,SP,garden_tools,53.0
base,moving_average,2018-07-02,2018-07-16,3,SP,garden_tools,57.0
base,moving_average,2018-07-02,2018-07-23,4,SP,garden_tools,0.0
base,moving_average,2018-07-02,2018-07-02,1,SP,health_beauty,197.0
base,moving_average,2018-07-02,2018-07-09,2,SP,health_beauty,198.0
base,moving_average,2018-07-02,2018-07-16,3,SP,health_beauty,198.0
base,moving_average,2018-07-02,2018-07-23,4,SP,health_beauty,0.0
base,moving_average,2018-07-02,2018-07-02,1,SP,housewares,106.0
base,moving_average,2018-07-02,2018-07-09,2,SP,housewares,125.0
base,moving_average,2018-07-02,2018-07-16,3,SP,housewares,128.0
base,moving_average,2018-07-02,2018-07-23,4,SP,housewares,0.0
base,moving_average,2018-07-02,2018-07-02,1,SP,sports_leisure,89.0
base,moving_average,2018-07-02,2018-07-09,2,SP,sports_leisure,88.0
base,moving_average,2018-07-02,2018-07-16,3,SP,sports_leisure,88.0
base,moving_average,2018-07-02,2018-07-23,4,SP,sports_leisure,0.0
base,moving_average,2018-07-02,2018-07-02,1,SP,telephony,35.0
base,moving_average,2018-07-02,2018-07-09,2,SP,telephony,51.0
base,moving_average,2018-07-02,2018-07-16,3,SP,telephony,49.0
base,moving_average,2018-07-02,2018-07-23,4,SP,telephony,0.0
base,moving_average,2018-07-02,2018-07-02,1,SP,watches_gifts,95.0
base,moving_average,2018-07-02,2018-07-09,2,SP,watches_gifts,133.0
base,moving_average,2018-07-02,2018-07-16,3,SP,watches_gifts,132.0
base,moving_average,2018-07-02,2018-07-23,4,SP,watches_gifts,0.0
base,moving_average,2018-07-09,2018-07-09,1,MG,auto,0.0
base,moving_average,2018-07-09,2018-07-16,2,MG,auto,0.0
base,moving_average,2018-07-09,2018-07-23,3,MG,auto,0.0
base,moving_average,2018-07-09,2018-07-30,4,MG,auto,0.0
base,moving_average,2018-07-09,2018-07-09,1,MG,bed_bath_table,14.0
base,moving_average,2018-07-09,2018-07-16,2,MG,bed_bath_table,14.0
base,moving_average,2018-07-09,2018-07-23,3,MG,bed_bath_table,14.0
base,moving_average,2018-07-09,2018-07-30,4,MG,bed_bath_table,0.0
base,moving_average,2018-07-09,2018-07-09,1,MG,computers_accessories,5.0
base,moving_average,2018-07-09,2018-07-16,2,MG,computers_accessories,11.0
base,moving_average,2018-07-09,2018-07-23,3,MG,computers_accessories,11.0
base,moving_average,2018-07-09,2018-07-30,4,MG,computers_accessories,0.0
base,moving_average,2018-07-09,2018-07-09,1,MG,furniture_decor,11.0
base,moving_average,2018-07-09,2018-07-16,2,MG,furniture_decor,13.0
base,moving_average,2018-07-09,2018-07-23,3,MG,furniture_decor,12.0
base,moving_average,2018-07-09,2018-07-30,4,MG,furniture_decor,0.0
base,moving_average,2018-07-09,2018-07-09,1,MG,garden_tools,0.0
base,moving_average,2018-07-09,2018-07-16,2,MG,garden_tools,0.0
base,moving_average,2018-07-09,2018-07-23,3,MG,garden_tools,0.0
base,moving_average,2018-07-09,2018-07-30,4,MG,garden_tools,0.0
base,moving_average,2018-07-09,2018-07-09,1,MG,health_beauty,14.0
base,moving_average,2018-07-09,2018-07-16,2,MG,health_beauty,14.0
base,moving_average,2018-07-09,2018-07-23,3,MG,health_beauty,14.0
base,moving_average,2018-07-09,2018-07-30,4,MG,health_beauty,0.0
base,moving_average,2018-07-09,2018-07-09,1,MG,housewares,0.0
base,moving_average,2018-07-09,2018-07-16,2,MG,housewares,0.0
base,moving_average,2018-07-09,2018-07-23,3,MG,housewares,0.0
base,moving_average,2018-07-09,2018-07-30,4,MG,housewares,0.0
base,moving_average,2018-07-09,2018-07-09,1,MG,sports_leisure,11.0
base,moving_average,2018-07-09,2018-07-16,2,MG,sports_leisure,11.0
base,moving_average,2018-07-09,2018-07-23,3,MG,sports_leisure,11.0
base,moving_average,2018-07-09,2018-07-30,4,MG,sports_leisure,0.0
base,moving_average,2018-07-09,2018-07-09,1,MG,telephony,5.0
base,moving_average,2018-07-09,2018-07-16,2,MG,telephony,5.0
base,moving_average,2018-07-09,2018-07-23,3,MG,telephony,5.0
base,moving_average,2018-07-09,2018-07-30,4,MG,telephony,0.0
base,moving_average,2018-07-09,2018-07-09,1,MG,watches_gifts,0.0
base,moving_average,2018-07-09,2018-07-16,2,MG,watches_gifts,0.0
base,moving_average,2018-07-09,2018-07-23,3,MG,watches_gifts,0.0
base,moving_average,2018-07-09,2018-07-30,4,MG,watches_gifts,0.0
base,moving_average,2018-07-09,2018-07-09,1,PR,auto,8.0
base,moving_average,2018-07-09,2018-07-16,2,PR,auto,8.0
base,moving_average,2018-07-09,2018-07-23,3,PR,auto,8.0
base,moving_average,2018-07-09,2018-07-30,4,PR,auto,0.0
base,moving_average,2018-07-09,2018-07-09,1,PR,bed_bath_table,0.0
base,moving_average,2018-07-09,2018-07-16,2,PR,bed_bath_table,0.0
base,moving_average,2018-07-09,2018-07-23,3,PR,bed_bath_table,0.0
base,moving_average,2018-07-09,2018-07-30,4,PR,bed_bath_table,0.0
base,moving_average,2018-07-09,2018-07-09,1,PR,computers_accessories,0.0
base,moving_average,2018-07-09,2018-07-16,2,PR,computers_accessories,0.0
base,moving_average,2018-07-09,2018-07-23,3,PR,computers_accessories,0.0
base,moving_average,2018-07-09,2018-07-30,4,PR,computers_accessories,0.0
base,moving_average,2018-07-09,2018-07-09,1,PR,furniture_decor,0.0
base,moving_average,2018-07-09,2018-07-16,2,PR,furniture_decor,17.0
base,moving_average,2018-07-09,2018-07-23,3,PR,furniture_decor,16.0
base,moving_average,2018-07-09,2018-07-30,4,PR,furniture_decor,0.0
base,moving_average,2018-07-09,2018-07-09,1,PR,garden_tools,0.0
base,moving_average,2018-07-09,2018-07-16,2,PR,garden_tools,0.0
base,moving_average,2018-07-09,2018-07-23,3,PR,garden_tools,0.0
base,moving_average,2018-07-09,2018-07-30,4,PR,garden_tools,0.0
base,moving_average,2018-07-09,2018-07-09,1,PR,health_beauty,4.0
base,moving_average,2018-07-09,2018-07-16,2,PR,health_beauty,17.0
base,moving_average,2018-07-09,2018-07-23,3,PR,health_beauty,16.0
base,moving_average,2018-07-09,2018-07-30,4,PR,health_beauty,0.0
base,moving_average,2018-07-09,2018-07-09,1,PR,housewares,13.0
base,moving_average,2018-07-09,2018-07-16,2,PR,housewares,17.0
base,moving_average,2018-07-09,2018-07-23,3,PR,housewares,17.0
base,moving_average,2018-07-09,2018-07-30,4,PR,housewares,0.0
base,moving_average,2018-07-09,2018-07-09,1,PR,sports_leisure,0.0
base,moving_average,2018-07-09,2018-07-16,2,PR,sports_leisure,1.0
base,moving_average,2018-07-09,2018-07-23,3,PR,sports_leisure,1.0
base,moving_average,2018-07-09,2018-07-30,4,PR,sports_leisure,0.0
base,moving_average,2018-07-09,2018-07-09,1,PR,telephony,0.0
base,moving_average,2018-07-09,2018-07-16,2,PR,telephony,0.0
base,moving_average,2018-07-09,2018-07-23,3,PR,telephony,0.0
base,moving_average,2018-07-09,2018-07-30,4,PR,telephony,0.0
base,moving_average,2018-07-09,2018-07-09,1,PR,watches_gifts,8.0
base,moving_average,2018-07-09,2018-07-16,2,PR,watches_gifts,8.0
base,moving_average,2018-07-09,2018-07-23,3,PR,watches_gifts,8.0
base,moving_average,2018-07-09,2018-07-30,4,PR,watches_gifts,0.0
base,moving_average,2018-07-09,2018-07-09,1,RJ,auto,6.0
base,moving_average,2018-07-09,2018-07-16,2,RJ,auto,6.0
base,moving_average,2018-07-09,2018-07-23,3,RJ,auto,6.0
base,moving_average,2018-07-09,2018-07-30,4,RJ,auto,0.0
base,moving_average,2018-07-09,2018-07-09,1,RJ,bed_bath_table,10.0
base,moving_average,2018-07-09,2018-07-16,2,RJ,bed_bath_table,10.0
base,moving_average,2018-07-09,2018-07-23,3,RJ,bed_bath_table,10.0
base,moving_average,2018-07-09,2018-07-30,4,RJ,bed_bath_table,0.0
base,moving_average,2018-07-09,2018-07-09,1,RJ,computers_accessories,0.0
base,moving_average,2018-07-09,2018-07-16,2,RJ,computers_accessories,0.0
base,moving_average,2018-07-09,2018-07-23,3,RJ,computers_accessories,0.0
base,moving_average,2018-07-09,2018-07-30,4,RJ,computers_accessories,0.0
base,moving_average,2018-07-09,2018-07-09,1,RJ,furniture_decor,5.0
base,moving_average,2018-07-09,2018-07-16,2,RJ,furniture_decor,5.0
base,moving_average,2018-07-09,2018-07-23,3,RJ,furniture_decor,5.0
base,moving_average,2018-07-09,2018-07-30,4,RJ,furniture_decor,0.0
base,moving_average,2018-07-09,2018-07-09,1,RJ,garden_tools,4.0
base,moving_average,2018-07-09,2018-07-16,2,RJ,garden_tools,4.0
base,moving_average,2018-07-09,2018-07-23,3,RJ,garden_tools,4.0
base,moving_average,2018-07-09,2018-07-30,4,RJ,garden_tools,0.0
base,moving_average,2018-07-09,2018-07-09,1,RJ,health_beauty,0.0
base,moving_average,2018-07-09,2018-07-16,2,RJ,health_beauty,0.0
base,moving_average,2018-07-09,2018-07-23,3,RJ,health_beauty,0.0
base,moving_average,2018-07-09,2018-07-30,4,RJ,health_beauty,0.0
base,moving_average,2018-07-09,2018-07-09,1,RJ,housewares,8.0
base,moving_average,2018-07-09,2018-07-16,2,RJ,housewares,8.0
base,moving_average,2018-07-09,2018-07-23,3,RJ,housewares,8.0
base,moving_average,2018-07-09,2018-07-30,4,RJ,housewares,0.0
base,moving_average,2018-07-09,2018-07-09,1,RJ,sports_leisure,5.0
base,moving_average,2018-07-09,2018-07-16,2,RJ,sports_leisure,12.0
base,moving_average,2018-07-09,2018-07-23,3,RJ,sports_leisure,12.0
base,moving_average,2018-07-09,2018-07-30,4,RJ,sports_leisure,0.0
base,moving_average,2018-07-09,2018-07-09,1,RJ,telephony,0.0
base,moving_average,2018-07-09,2018-07-16,2,RJ,telephony,0.0
base,moving_average,2018-07-09,2018-07-23,3,RJ,telephony,4.0
base,moving_average,2018-07-09,2018-07-30,4,RJ,telephony,0.0
base,moving_average,2018-07-09,2018-07-09,1,RJ,watches_gifts,0.0
base,moving_average,2018-07-09,2018-07-16,2,RJ,watches_gifts,0.0
base,moving_average,2018-07-09,2018-07-23,3,RJ,watches_gifts,0.0
base,moving_average,2018-07-09,2018-07-30,4,RJ,watches_gifts,0.0
base,moving_average,2018-07-09,2018-07-09,1,RS,auto,3.0
base,moving_average,2018-07-09,2018-07-16,2,RS,auto,3.0
base,moving_average,2018-07-09,2018-07-23,3,RS,auto,3.0
base,moving_average,2018-07-09,2018-07-30,4,RS,auto,0.0
base,moving_average,2018-07-09,2018-07-09,1,RS,bed_bath_table,6.0
base,moving_average,2018-07-09,2018-07-16,2,RS,bed_bath_table,6.0
base,moving_average,2018-07-09,2018-07-23,3,RS,bed_bath_table,6.0
base,moving_average,2018-07-09,2018-07-30,4,RS,bed_bath_table,0.0
base,moving_average,2018-07-09,2018-07-09,1,RS,computers_accessories,2.0
base,moving_average,2018-07-09,2018-07-16,2,RS,computers_accessories,10.0
base,moving_average,2018-07-09,2018-07-23,3,RS,computers_accessories,9.0
base,moving_average,2018-07-09,2018-07-30,4,RS,computers_accessories,0.0
base,moving_average,2018-07-09,2018-07-09,1,RS,furniture_decor,3.0
base,moving_average,2018-07-09,2018-07-16,2,RS,furniture_decor,5.0
base,moving_average,2018-07-09,2018-07-23,3,RS,furniture_decor,5.0
base,moving_average,2018-07-09,2018-07-30,4,RS,furniture_decor,0.0
base,moving_average,2018-07-09,2018-07-09,1,RS,garden_tools,2.0
base,moving_average,2018-07-09,2018-07-16,2,RS,garden_tools,2.0
base,moving_average,2018-07-09,2018-07-23,3,RS,garden_tools,2.0
base,moving_average,2018-07-09,2018-07-30,4,RS,garden_tools,0.0
base,moving_average,2018-07-09,2018-07-09,1,RS,health_beauty,8.0
base,moving_average,2018-07-09,2018-07-16,2,RS,health_beauty,8.0
base,moving_average,2018-07-09,2018-07-23,3,RS,health_beauty,8.0
base,moving_average,2018-07-09,2018-07-30,4,RS,health_beauty,0.0
base,moving_average,2018-07-09,2018-07-09,1,RS,housewares,0.0
base,moving_average,2018-07-09,2018-07-16,2,RS,housewares,4.0
base,moving_average,2018-07-09,2018-07-23,3,RS,housewares,4.0
base,moving_average,2018-07-09,2018-07-30,4,RS,housewares,0.0
base,moving_average,2018-07-09,2018-07-09,1,RS,sports_leisure,0.0
base,moving_average,2018-07-09,2018-07-16,2,RS,sports_leisure,0.0
base,moving_average,2018-07-09,2018-07-23,3,RS,sports_leisure,0.0
base,moving_average,2018-07-09,2018-07-30,4,RS,sports_leisure,0.0
base,moving_average,2018-07-09,2018-07-09,1,RS,telephony,5.0
base,moving_average,2018-07-09,2018-07-16,2,RS,telephony,5.0
base,moving_average,2018-07-09,2018-07-23,3,RS,telephony,5.0
base,moving_average,2018-07-09,2018-07-30,4,RS,telephony,0.0
base,moving_average,2018-07-09,2018-07-09,1,RS,watches_gifts,0.0
base,moving_average,2018-07-09,2018-07-16,2,RS,watches_gifts,0.0
base,moving_average,2018-07-09,2018-07-23,3,RS,watches_gifts,0.0
base,moving_average,2018-07-09,2018-07-30,4,RS,watches_gifts,0.0
base,moving_average,2018-07-09,2018-07-09,1,SC,auto,0.0
base,moving_average,2018-07-09,2018-07-16,2,SC,auto,0.0
base,moving_average,2018-07-09,2018-07-23,3,SC,auto,0.0
base,moving_average,2018-07-09,2018-07-30,4,SC,auto,0.0
base,moving_average,2018-07-09,2018-07-09,1,SC,bed_bath_table,0.0
base,moving_average,2018-07-09,2018-07-16,2,SC,bed_bath_table,8.0
base,moving_average,2018-07-09,2018-07-23,3,SC,bed_bath_table,9.0
base,moving_average,2018-07-09,2018-07-30,4,SC,bed_bath_table,0.0
base,moving_average,2018-07-09,2018-07-09,1,SC,computers_accessories,9.0
base,moving_average,2018-07-09,2018-07-16,2,SC,computers_accessories,9.0
base,moving_average,2018-07-09,2018-07-23,3,SC,computers_accessories,9.0
base,moving_average,2018-07-09,2018-07-30,4,SC,computers_accessories,0.0
base,moving_average,2018-07-09,2018-07-09,1,SC,furniture_decor,6.0
base,moving_average,2018-07-09,2018-07-16,2,SC,furniture_decor,6.0
base,moving_average,2018-07-09,2018-07-23,3,SC,furniture_decor,6.0
base,moving_average,2018-07-09,2018-07-30,4,SC,furniture_decor,0.0
base,moving_average,2018-07-09,2018-07-09,1,SC,garden_tools,8.0
base,moving_average,2018-07-09,2018-07-16,2,SC,garden_tools,8.0
base,moving_average,2018-07-09,2018-07-23,3,SC,garden_tools,8.0
base,moving_average,2018-07-09,2018-07-30,4,SC,garden_tools,0.0
base,moving_average,2018-07-09,2018-07-09,1,SC,health_beauty,0.0
base,moving_average,2018-07-09,2018-07-16,2,SC,health_beauty,0.0
base,moving_average,2018-07-09,2018-07-23,3,SC,health_beauty,0.0
base,moving_average,2018-07-09,2018-07-30,4,SC,health_beauty,0.0
base,moving_average,2018-07-09,2018-07-09,1,SC,housewares,0.0
base,moving_average,2018-07-09,2018-07-16,2,SC,housewares,0.0
base,moving_average,2018-07-09,2018-07-23,3,SC,housewares,0.0
base,moving_average,2018-07-09,2018-07-30,4,SC,housewares,0.0
base,moving_average,2018-07-09,2018-07-09,1,SC,sports_leisure,18.0
base,moving_average,2018-07-09,2018-07-16,2,SC,sports_leisure,18.0
base,moving_average,2018-07-09,2018-07-23,3,SC,sports_leisure,18.0
base,moving_average,2018-07-09,2018-07-30,4,SC,sports_leisure,0.0
base,moving_average,2018-07-09,2018-07-09,1,SC,telephony,0.0
base,moving_average,2018-07-09,2018-07-16,2,SC,telephony,0.0
base,moving_average,2018-07-09,2018-07-23,3,SC,telephony,0.0
base,moving_average,2018-07-09,2018-07-30,4,SC,telephony,0.0
base,moving_average,2018-07-09,2018-07-09,1,SC,watches_gifts,2.0
base,moving_average,2018-07-09,2018-07-16,2,SC,watches_gifts,8.0
base,moving_average,2018-07-09,2018-07-23,3,SC,watches_gifts,8.0
base,moving_average,2018-07-09,2018-07-30,4,SC,watches_gifts,0.0
base,moving_average,2018-07-09,2018-07-09,1,SP,auto,37.0
base,moving_average,2018-07-09,2018-07-16,2,SP,auto,65.0
base,moving_average,2018-07-09,2018-07-23,3,SP,auto,64.0
base,moving_average,2018-07-09,2018-07-30,4,SP,auto,0.0
base,moving_average,2018-07-09,2018-07-09,1,SP,bed_bath_table,67.0
base,moving_average,2018-07-09,2018-07-16,2,SP,bed_bath_table,143.0
base,moving_average,2018-07-09,2018-07-23,3,SP,bed_bath_table,142.0
base,moving_average,2018-07-09,2018-07-30,4,SP,bed_bath_table,0.0
base,moving_average,2018-07-09,2018-07-09,1,SP,computers_accessories,57.0
base,moving_average,2018-07-09,2018-07-16,2,SP,computers_accessories,86.0
base,moving_average,2018-07-09,2018-07-23,3,SP,computers_accessories,83.0
base,moving_average,2018-07-09,2018-07-30,4,SP,computers_accessories,0.0
base,moving_average,2018-07-09,2018-07-09,1,SP,furniture_decor,80.0
base,moving_average,2018-07-09,2018-07-16,2,SP,furniture_decor,85.0
base,moving_average,2018-07-09,2018-07-23,3,SP,furniture_decor,81.0
base,moving_average,2018-07-09,2018-07-30,4,SP,furniture_decor,0.0
base,moving_average,2018-07-09,2018-07-09,1,SP,garden_tools,38.0
base,moving_average,2018-07-09,2018-07-16,2,SP,garden_tools,53.0
base,moving_average,2018-07-09,2018-07-23,3,SP,garden_tools,48.0
base,moving_average,2018-07-09,2018-07-30,4,SP,garden_tools,0.0
base,moving_average,2018-07-09,2018-07-09,1,SP,health_beauty,127.0
base,moving_average,2018-07-09,2018-07-16,2,SP,health_beauty,193.0
base,moving_average,2018-07-09,2018-07-23,3,SP,health_beauty,196.0
base,moving_average,2018-07-09,2018-07-30,4,SP,health_beauty,0.0
base,moving_average,2018-07-09,2018-07-09,1,SP,housewares,64.0
base,moving_average,2018-07-09,2018-07-16,2,SP,housewares,117.0
base,moving_average,2018-07-09,2018-07-23,3,SP,housewares,114.0
base,moving_average,2018-07-09,2018-07-30,4,SP,housewares,0.0
base,moving_average,2018-07-09,2018-07-09,1,SP,sports_leisure,90.0
base,moving_average,2018-07-09,2018-07-16,2,SP,sports_leisure,92.0
base,moving_average,2018-07-09,2018-07-23,3,SP,sports_leisure,91.0
base,moving_average,2018-07-09,2018-07-30,4,SP,sports_leisure,0.0
base,moving_average,2018-07-09,2018-07-09,1,SP,telephony,15.0
base,moving_average,2018-07-09,2018-07-16,2,SP,telephony,43.0
base,moving_average,2018-07-09,2018-07-23,3,SP,telephony,42.0
base,moving_average,2018-07-09,2018-07-30,4,SP,telephony,0.0
base,moving_average,2018-07-09,2018-07-09,1,SP,watches_gifts,56.0
base,moving_average,2018-07-09,2018-07-16,2,SP,watches_gifts,120.0
base,moving_average,2018-07-09,2018-07-23,3,SP,watches_gifts,118.0
base,moving_average,2018-07-09,2018-07-30,4,SP,watches_gifts,0.0
base,moving_average,2018-07-16,2018-07-16,1,MG,auto,0.0
base,moving_average,2018-07-16,2018-07-23,2,MG,auto,0.0
base,moving_average,2018-07-16,2018-07-30,3,MG,auto,0.0
base,moving_average,2018-07-16,2018-08-06,4,MG,auto,0.0
base,moving_average,2018-07-16,2018-07-16,1,MG,bed_bath_table,14.0
base,moving_average,2018-07-16,2018-07-23,2,MG,bed_bath_table,14.0
base,moving_average,2018-07-16,2018-07-30,3,MG,bed_bath_table,14.0
base,moving_average,2018-07-16,2018-08-06,4,MG,bed_bath_table,0.0
base,moving_average,2018-07-16,2018-07-16,1,MG,computers_accessories,10.0
base,moving_average,2018-07-16,2018-07-23,2,MG,computers_accessories,11.0
base,moving_average,2018-07-16,2018-07-30,3,MG,computers_accessories,12.0
base,moving_average,2018-07-16,2018-08-06,4,MG,computers_accessories,0.0
base,moving_average,2018-07-16,2018-07-16,1,MG,furniture_decor,0.0
base,moving_average,2018-07-16,2018-07-23,2,MG,furniture_decor,10.0
base,moving_average,2018-07-16,2018-07-30,3,MG,furniture_decor,10.0
base,moving_average,2018-07-16,2018-08-06,4,MG,furniture_decor,0.0
base,moving_average,2018-07-16,2018-07-16,1,MG,garden_tools,0.0
base,moving_average,2018-07-16,2018-07-23,2,MG,garden_tools,0.0
base,moving_average,2018-07-16,2018-07-30,3,MG,garden_tools,0.0
base,moving_average,2018-07-16,2018-08-06,4,MG,garden_tools,0.0
base,moving_average,2018-07-16,2018-07-16,1,MG,health_beauty,14.0
base,moving_average,2018-07-16,2018-07-23,2,MG,health_beauty,14.0
base,moving_average,2018-07-16,2018-07-30,3,MG,health_beauty,14.0
base,moving_average,2018-07-16,2018-08-06,4,MG,health_beauty,0.0
base,moving_average,2018-07-16,2018-07-16,1,MG,housewares,0.0
base,moving_average,2018-07-16,2018-07-23,2,MG,housewares,0.0
base,moving_average,2018-07-16,2018-07-30,3,MG,housewares,0.0
base,moving_average,2018-07-16,2018-08-06,4,MG,housewares,0.0
base,moving_average,2018-07-16,2018-07-16,1,MG,sports_leisure,7.0
base,moving_average,2018-07-16,2018-07-23,2,MG,sports_leisure,12.0
base,moving_average,2018-07-16,2018-07-30,3,MG,sports_leisure,11.0
base,moving_average,2018-07-16,2018-08-06,4,MG,sports_leisure,0.0
base,moving_average,2018-07-16,2018-07-16,1,MG,telephony,5.0
base,moving_average,2018-07-16,2018-07-23,2,MG,telephony,5.0
base,moving_average,2018-07-16,2018-07-30,3,MG,telephony,5.0
base,moving_average,2018-07-16,2018-08-06,4,MG,telephony,0.0
base,moving_average,2018-07-16,2018-07-16,1,MG,watches_gifts,0.0
base,moving_average,2018-07-16,2018-07-23,2,MG,watches_gifts,0.0
base,moving_average,2018-07-16,2018-07-30,3,MG,watches_gifts,0.0
base,moving_average,2018-07-16,2018-08-06,4,MG,watches_gifts,0.0
base,moving_average,2018-07-16,2018-07-16,1,PR,auto,8.0
base,moving_average,2018-07-16,2018-07-23,2,PR,auto,8.0
base,moving_average,2018-07-16,2018-07-30,3,PR,auto,8.0
base,moving_average,2018-07-16,2018-08-06,4,PR,auto,0.0
base,moving_average,2018-07-16,2018-07-16,1,PR,bed_bath_table,0.0
base,moving_average,2018-07-16,2018-07-23,2,PR,bed_bath_table,0.0
base,moving_average,2018-07-16,2018-07-30,3,PR,bed_bath_table,0.0
base,moving_average,2018-07-16,2018-08-06,4,PR,bed_bath_table,0.0
base,moving_average,2018-07-16,2018-07-16,1,PR,computers_accessories,0.0
base,moving_average,2018-07-16,2018-07-23,2,PR,computers_accessories,0.0
base,moving_average,2018-07-16,2018-07-30,3,PR,computers_accessories,0.0
base,moving_average,2018-07-16,2018-08-06,4,PR,computers_accessories,0.0
base,moving_average,2018-07-16,2018-07-16,1,PR,furniture_decor,0.0
base,moving_average,2018-07-16,2018-07-23,2,PR,furniture_decor,13.0
base,moving_average,2018-07-16,2018-07-30,3,PR,furniture_decor,12.0
base,moving_average,2018-07-16,2018-08-06,4,PR,furniture_decor,0.0
base,moving_average,2018-07-16,2018-07-16,1,PR,garden_tools,0.0
base,moving_average,2018-07-16,2018-07-23,2,PR,garden_tools,0.0
base,moving_average,2018-07-16,2018-07-30,3,PR,garden_tools,0.0
base,moving_average,2018-07-16,2018-08-06,4,PR,garden_tools,0.0
base,moving_average,2018-07-16,2018-07-16,1,PR,health_beauty,1.0
base,moving_average,2018-07-16,2018-07-23,2,PR,health_beauty,13.0
base,moving_average,2018-07-16,2018-07-30,3,PR,health_beauty,14.0
base,moving_average,2018-07-16,2018-08-06,4,PR,health_beauty,0.0
base,moving_average,2018-07-16,2018-07-16,1,PR,housewares,7.0
base,moving_average,2018-07-16,2018-07-23,2,PR,housewares,17.0
base,moving_average,2018-07-16,2018-07-30,3,PR,housewares,17.0
base,moving_average,2018-07-16,2018-08-06,4,PR,housewares,0.0
base,moving_average,2018-07-16,2018-07-16,1,PR,sports_leisure,0.0
base,moving_average,2018-07-16,2018-07-23,2,PR,sports_leisure,0.0
base,moving_average,2018-07-16,2018-07-30,3,PR,sports_leisure,0.0
base,moving_average,2018-07-16,2018-08-06,4,PR,sports_leisure,0.0
base,moving_average,2018-07-16,2018-07-16,1,PR,telephony,0.0
base,moving_average,2018-07-16,2018-07-23,2,PR,telephony,0.0
base,moving_average,2018-07-16,2018-07-30,3,PR,telephony,0.0
base,moving_average,2018-07-16,2018-08-06,4,PR,telephony,0.0
base,moving_average,2018-07-16,2018-07-16,1,PR,watches_gifts,8.0
base,moving_average,2018-07-16,2018-07-23,2,PR,watches_gifts,8.0
base,moving_average,2018-07-16,2018-07-30,3,PR,watches_gifts,8.0
base,moving_average,2018-07-16,2018-08-06,4,PR,watches_gifts,0.0
base,moving_average,2018-07-16,2018-07-16,1,RJ,auto,6.0
base,moving_average,2018-07-16,2018-07-23,2,RJ,auto,6.0
base,moving_average,2018-07-16,2018-07-30,3,RJ,auto,6.0
base,moving_average,2018-07-16,2018-08-06,4,RJ,auto,0.0
base,moving_average,2018-07-16,2018-07-16,1,RJ,bed_bath_table,10.0
base,moving_average,2018-07-16,2018-07-23,2,RJ,bed_bath_table,10.0
base,moving_average,2018-07-16,2018-07-30,3,RJ,bed_bath_table,10.0
base,moving_average,2018-07-16,2018-08-06,4,RJ,bed_bath_table,0.0
base,moving_average,2018-07-16,2018-07-16,1,RJ,computers_accessories,0.0
base,moving_average,2018-07-16,2018-07-23,2,RJ,computers_accessories,0.0
base,moving_average,2018-07-16,2018-07-30,3,RJ,computers_accessories,0.0
base,moving_average,2018-07-16,2018-08-06,4,RJ,computers_accessories,0.0
base,moving_average,2018-07-16,2018-07-16,1,RJ,furniture_decor,5.0
base,moving_average,2018-07-16,2018-07-23,2,RJ,furniture_decor,5.0
base,moving_average,2018-07-16,2018-07-30,3,RJ,furniture_decor,5.0
base,moving_average,2018-07-16,2018-08-06,4,RJ,furniture_decor,0.0
base,moving_average,2018-07-16,2018-07-16,1,RJ,garden_tools,4.0
base,moving_average,2018-07-16,2018-07-23,2,RJ,garden_tools,4.0
base,moving_average,2018-07-16,2018-07-30,3,RJ,garden_tools,4.0
base,moving_average,2018-07-16,2018-08-06,4,RJ,garden_tools,0.0
base,moving_average,2018-07-16,2018-07-16,1,RJ,health_beauty,0.0
base,moving_average,2018-07-16,2018-07-23,2,RJ,health_beauty,0.0
base,moving_average,2018-07-16,2018-07-30,3,RJ,health_beauty,0.0
base,moving_average,2018-07-16,2018-08-06,4,RJ,health_beauty,0.0
base,moving_average,2018-07-16,2018-07-16,1,RJ,housewares,8.0
base,moving_average,2018-07-16,2018-07-23,2,RJ,housewares,8.0
base,moving_average,2018-07-16,2018-07-30,3,RJ,housewares,8.0
base,moving_average,2018-07-16,2018-08-06,4,RJ,housewares,0.0
base,moving_average,2018-07-16,2018-07-16,1,RJ,sports_leisure,4.0
base,moving_average,2018-07-16,2018-07-23,2,RJ,sports_leisure,11.0
base,moving_average,2018-07-16,2018-07-30,3,RJ,sports_leisure,11.0
base,moving_average,2018-07-16,2018-08-06,4,RJ,sports_leisure,0.0
base,moving_average,2018-07-16,2018-07-16,1,RJ,telephony,0.0
base,moving_average,2018-07-16,2018-07-23,2,RJ,telephony,3.0
base,moving_average,2018-07-16,2018-07-30,3,RJ,telephony,5.0
base,moving_average,2018-07-16,2018-08-06,4,RJ,telephony,0.0
base,moving_average,2018-07-16,2018-07-16,1,RJ,watches_gifts,0.0
base,moving_average,2018-07-16,2018-07-23,2,RJ,watches_gifts,0.0
base,moving_average,2018-07-16,2018-07-30,3,RJ,watches_gifts,0.0
base,moving_average,2018-07-16,2018-08-06,4,RJ,watches_gifts,0.0
base,moving_average,2018-07-16,2018-07-16,1,RS,auto,3.0
base,moving_average,2018-07-16,2018-07-23,2,RS,auto,3.0
base,moving_average,2018-07-16,2018-07-30,3,RS,auto,3.0
base,moving_average,2018-07-16,2018-08-06,4,RS,auto,0.0
base,moving_average,2018-07-16,2018-07-16,1,RS,bed_bath_table,6.0
base,moving_average,2018-07-16,2018-07-23,2,RS,bed_bath_table,6.0
base,moving_average,2018-07-16,2018-07-30,3,RS,bed_bath_table,6.0
base,moving_average,2018-07-16,2018-08-06,4,RS,bed_bath_table,0.0
base,moving_average,2018-07-16,2018-07-16,1,RS,computers_accessories,7.0
base,moving_average,2018-07-16,2018-07-23,2,RS,computers_accessories,9.0
base,moving_average,2018-07-16,2018-07-30,3,RS,computers_accessories,10.0
base,moving_average,2018-07-16,2018-08-06,4,RS,computers_accessories,0.0
base,moving_average,2018-07-16,2018-07-16,1,RS,furniture_decor,0.0
base,moving_average,2018-07-16,2018-07-23,2,RS,furniture_decor,5.0
base,moving_average,2018-07-16,2018-07-30,3,RS,furniture_decor,5.0
base,moving_average,2018-07-16,2018-08-06,4,RS,furniture_decor,0.0
base,moving_average,2018-07-16,2018-07-16,1,RS,garden_tools,1.0
base,moving_average,2018-07-16,2018-07-23,2,RS,garden_tools,2.0
base,moving_average,2018-07-16,2018-07-30,3,RS,garden_tools,2.0
base,moving_average,2018-07-16,2018-08-06,4,RS,garden_tools,0.0
base,moving_average,2018-07-16,2018-07-16,1,RS,health_beauty,8.0
base,moving_average,2018-07-16,2018-07-23,2,RS,health_beauty,8.0
base,moving_average,2018-07-16,2018-07-30,3,RS,health_beauty,8.0
base,moving_average,2018-07-16,2018-08-06,4,RS,health_beauty,0.0
base,moving_average,2018-07-16,2018-07-16,1,RS,housewares,0.0
base,moving_average,2018-07-16,2018-07-23,2,RS,housewares,1.0
base,moving_average,2018-07-16,2018-07-30,3,RS,housewares,1.0
base,moving_average,2018-07-16,2018-08-06,4,RS,housewares,0.0
base,moving_average,2018-07-16,2018-07-16,1,RS,sports_leisure,0.0
base,moving_average,2018-07-16,2018-07-23,2,RS,sports_leisure,0.0
base,moving_average,2018-07-16,2018-07-30,3,RS,sports_leisure,0.0
base,moving_average,2018-07-16,2018-08-06,4,RS,sports_leisure,0.0
base,moving_average,2018-07-16,2018-07-16,1,RS,telephony,5.0
base,moving_average,2018-07-16,2018-07-23,2,RS,telephony,5.0
base,moving_average,2018-07-16,2018-07-30,3,RS,telephony,5.0
base,moving_average,2018-07-16,2018-08-06,4,RS,telephony,0.0
base,moving_average,2018-07-16,2018-07-16,1,RS,watches_gifts,0.0
base,moving_average,2018-07-16,2018-07-23,2,RS,watches_gifts,0.0
base,moving_average,2018-07-16,2018-07-30,3,RS,watches_gifts,1.0
base,moving_average,2018-07-16,2018-08-06,4,RS,watches_gifts,0.0
base,moving_average,2018-07-16,2018-07-16,1,SC,auto,0.0
base,moving_average,2018-07-16,2018-07-23,2,SC,auto,0.0
base,moving_average,2018-07-16,2018-07-30,3,SC,auto,0.0
base,moving_average,2018-07-16,2018-08-06,4,SC,auto,0.0
base,moving_average,2018-07-16,2018-07-16,1,SC,bed_bath_table,0.0
base,moving_average,2018-07-16,2018-07-23,2,SC,bed_bath_table,1.0
base,moving_average,2018-07-16,2018-07-30,3,SC,bed_bath_table,6.0
base,moving_average,2018-07-16,2018-08-06,4,SC,bed_bath_table,0.0
base,moving_average,2018-07-16,2018-07-16,1,SC,computers_accessories,9.0
base,moving_average,2018-07-16,2018-07-23,2,SC,computers_accessories,9.0
base,moving_average,2018-07-16,2018-07-30,3,SC,computers_accessories,9.0
base,moving_average,2018-07-16,2018-08-06,4,SC,computers_accessories,0.0
base,moving_average,2018-07-16,2018-07-16,1,SC,furniture_decor,3.0
base,moving_average,2018-07-16,2018-07-23,2,SC,furniture_decor,6.0
base,moving_average,2018-07-16,2018-07-30,3,SC,furniture_decor,6.0
base,moving_average,2018-07-16,2018-08-06,4,SC,furniture_decor,0.0
base,moving_average,2018-07-16,2018-07-16,1,SC,garden_tools,8.0
base,moving_average,2018-07-16,2018-07-23,2,SC,garden_tools,8.0
base,moving_average,2018-07-16,2018-07-30,3,SC,garden_tools,8.0
base,moving_average,2018-07-16,2018-08-06,4,SC,garden_tools,0.0
base,moving_average,2018-07-16,2018-07-16,1,SC,health_beauty,0.0
base,moving_average,2018-07-16,2018-07-23,2,SC,health_beauty,0.0
base,moving_average,2018-07-16,2018-07-30,3,SC,health_beauty,0.0
base,moving_average,2018-07-16,2018-08-06,4,SC,health_beauty,0.0
base,moving_average,2018-07-16,2018-07-16,1,SC,housewares,0.0
base,moving_average,2018-07-16,2018-07-23,2,SC,housewares,0.0
base,moving_average,2018-07-16,2018-07-30,3,SC,housewares,0.0
base,moving_average,2018-07-16,2018-08-06,4,SC,housewares,0.0
base,moving_average,2018-07-16,2018-07-16,1,SC,sports_leisure,5.0
base,moving_average,2018-07-16,2018-07-23,2,SC,sports_leisure,16.0
base,moving_average,2018-07-16,2018-07-30,3,SC,sports_leisure,15.0
base,moving_average,2018-07-16,2018-08-06,4,SC,sports_leisure,0.0
base,moving_average,2018-07-16,2018-07-16,1,SC,telephony,0.0
base,moving_average,2018-07-16,2018-07-23,2,SC,telephony,0.0
base,moving_average,2018-07-16,2018-07-30,3,SC,telephony,0.0
base,moving_average,2018-07-16,2018-08-06,4,SC,telephony,0.0
base,moving_average,2018-07-16,2018-07-16,1,SC,watches_gifts,9.0
base,moving_average,2018-07-16,2018-07-23,2,SC,watches_gifts,9.0
base,moving_average,2018-07-16,2018-07-30,3,SC,watches_gifts,9.0
base,moving_average,2018-07-16,2018-08-06,4,SC,watches_gifts,0.0
base,moving_average,2018-07-16,2018-07-16,1,SP,auto,36.0
base,moving_average,2018-07-16,2018-07-23,2,SP,auto,63.0
base,moving_average,2018-07-16,2018-07-30,3,SP,auto,63.0
base,moving_average,2018-07-16,2018-08-06,4,SP,auto,0.0
base,moving_average,2018-07-16,2018-07-16,1,SP,bed_bath_table,2.0
base,moving_average,2018-07-16,2018-07-23,2,SP,bed_bath_table,115.0
base,moving_average,2018-07-16,2018-07-30,3,SP,bed_bath_table,112.0
base,moving_average,2018-07-16,2018-08-06,4,SP,bed_bath_table,0.0
base,moving_average,2018-07-16,2018-07-16,1,SP,computers_accessories,28.0
base,moving_average,2018-07-16,2018-07-23,2,SP,computers_accessories,73.0
base,moving_average,2018-07-16,2018-07-30,3,SP,computers_accessories,72.0
base,moving_average,2018-07-16,2018-08-06,4,SP,computers_accessories,0.0
base,moving_average,2018-07-16,2018-07-16,1,SP,furniture_decor,9.0
base,moving_average,2018-07-16,2018-07-23,2,SP,furniture_decor,67.0
base,moving_average,2018-07-16,2018-07-30,3,SP,furniture_decor,64.0
base,moving_average,2018-07-16,2018-08-06,4,SP,furniture_decor,0.0
base,moving_average,2018-07-16,2018-07-16,1,SP,garden_tools,1.0
base,moving_average,2018-07-16,2018-07-23,2,SP,garden_tools,39.0
base,moving_average,2018-07-16,2018-07-30,3,SP,garden_tools,38.0
base,moving_average,2018-07-16,2018-08-06,4,SP,garden_tools,0.0
base,moving_average,2018-07-16,2018-07-16,1,SP,health_beauty,77.0
base,moving_average,2018-07-16,2018-07-23,2,SP,health_beauty,175.0
base,moving_average,2018-07-16,2018-07-30,3,SP,health_beauty,173.0
base,moving_average,2018-07-16,2018-08-06,4,SP,health_beauty,0.0
base,moving_average,2018-07-16,2018-07-16,1,SP,housewares,29.0
base,moving_average,2018-07-16,2018-07-23,2,SP,housewares,97.0
base,moving_average,2018-07-16,2018-07-30,3,SP,housewares,94.0
base,moving_average,2018-07-16,2018-08-06,4,SP,housewares,0.0
base,moving_average,2018-07-16,2018-07-16,1,SP,sports_leisure,20.0
base,moving_average,2018-07-16,2018-07-23,2,SP,sports_leisure,78.0
base,moving_average,2018-07-16,2018-07-30,3,SP,sports_leisure,74.0
base,moving_average,2018-07-16,2018-08-06,4,SP,sports_leisure,0.0
base,moving_average,2018-07-16,2018-07-16,1,SP,telephony,4.0
base,moving_average,2018-07-16,2018-07-23,2,SP,telephony,36.0
base,moving_average,2018-07-16,2018-07-30,3,SP,telephony,38.0
base,moving_average,2018-07-16,2018-08-06,4,SP,telephony,0.0
base,moving_average,2018-07-16,2018-07-16,1,SP,watches_gifts,96.0
base,moving_average,2018-07-16,2018-07-23,2,SP,watches_gifts,118.0
base,moving_average,2018-07-16,2018-07-30,3,SP,watches_gifts,123.0
base,moving_average,2018-07-16,2018-08-06,4,SP,watches_gifts,0.0
base,moving_average,2018-07-23,2018-07-23,1,MG,auto,0.0
base,moving_average,2018-07-23,2018-07-30,2,MG,auto,0.0
base,moving_average,2018-07-23,2018-08-06,3,MG,auto,0.0
base,moving_average,2018-07-23,2018-08-13,4,MG,auto,0.0
base,moving_average,2018-07-23,2018-07-23,1,MG,bed_bath_table,14.0
base,moving_average,2018-07-23,2018-07-30,2,MG,bed_bath_table,14.0
base,moving_average,2018-07-23,2018-08-06,3,MG,bed_bath_table,14.0
base,moving_average,2018-07-23,2018-08-13,4,MG,bed_bath_table,0.0
base,moving_average,2018-07-23,2018-07-23,1,MG,computers_accessories,9.0
base,moving_average,2018-07-23,2018-07-30,2,MG,computers_accessories,11.0
base,moving_average,2018-07-23,2018-08-06,3,MG,computers_accessories,11.0
base,moving_average,2018-07-23,2018-08-13,4,MG,computers_accessories,0.0
base,moving_average,2018-07-23,2018-07-23,1,MG,furniture_decor,10.0
base,moving_average,2018-07-23,2018-07-30,2,MG,furniture_decor,11.0
base,moving_average,2018-07-23,2018-08-06,3,MG,furniture_decor,11.0
base,moving_average,2018-07-23,2018-08-13,4,MG,furniture_decor,0.0
base,moving_average,2018-07-23,2018-07-23,1,MG,garden_tools,0.0
base,moving_average,2018-07-23,2018-07-30,2,MG,garden_tools,0.0
base,moving_average,2018-07-23,2018-08-06,3,MG,garden_tools,0.0
base,moving_average,2018-07-23,2018-08-13,4,MG,garden_tools,0.0
base,moving_average,2018-07-23,2018-07-23,1,MG,health_beauty,14.0
base,moving_average,2018-07-23,2018-07-30,2,MG,health_beauty,14.0
base,moving_average,2018-07-23,2018-08-06,3,MG,health_beauty,14.0
base,moving_average,2018-07-23,2018-08-13,4,MG,health_beauty,0.0
base,moving_average,2018-07-23,2018-07-23,1,MG,housewares,0.0
base,moving_average,2018-07-23,2018-07-30,2,MG,housewares,0.0
base,moving_average,2018-07-23,2018-08-06,3,MG,housewares,0.0
base,moving_average,2018-07-23,2018-08-13,4,MG,housewares,0.0
base,moving_average,2018-07-23,2018-07-23,1,MG,sports_leisure,15.0
base,moving_average,2018-07-23,2018-07-30,2,MG,sports_leisure,15.0
base,moving_average,2018-07-23,2018-08-06,3,MG,sports_leisure,16.0
base,moving_average,2018-07-23,2018-08-13,4,MG,sports_leisure,0.0
base,moving_average,2018-07-23,2018-07-23,1,MG,telephony,5.0
base,moving_average,2018-07-23,2018-07-30,2,MG,telephony,5.0
base,moving_average,2018-07-23,2018-08-06,3,MG,telephony,5.0
base,moving_average,2018-07-23,2018-08-13,4,MG,telephony,0.0
base,moving_average,2018-07-23,2018-07-23,1,MG,watches_gifts,0.0
base,moving_average,2018-07-23,2018-07-30,2,MG,watches_gifts,0.0
base,moving_average,2018-07-23,2018-08-06,3,MG,watches_gifts,0.0
base,moving_average,2018-07-23,2018-08-13,4,MG,watches_gifts,0.0
base,moving_average,2018-07-23,2018-07-23,1,PR,auto,8.0
base,moving_average,2018-07-23,2018-07-30,2,PR,auto,8.0
base,moving_average,2018-07-23,2018-08-06,3,PR,auto,8.0
base,moving_average,2018-07-23,2018-08-13,4,PR,auto,0.0
base,moving_average,2018-07-23,2018-07-23,1,PR,bed_bath_table,0.0
base,moving_average,2018-07-23,2018-07-30,2,PR,bed_bath_table,0.0
base,moving_average,2018-07-23,2018-08-06,3,PR,bed_bath_table,0.0
base,moving_average,2018-07-23,2018-08-13,4,PR,bed_bath_table,0.0
base,moving_average,2018-07-23,2018-07-23,1,PR,computers_accessories,0.0
base,moving_average,2018-07-23,2018-07-30,2,PR,computers_accessories,0.0
base,moving_average,2018-07-23,2018-08-06,3,PR,computers_accessories,0.0
base,moving_average,2018-07-23,2018-08-13,4,PR,computers_accessories,0.0
base,moving_average,2018-07-23,2018-07-23,1,PR,furniture_decor,13.0
base,moving_average,2018-07-23,2018-07-30,2,PR,furniture_decor,13.0
base,moving_average,2018-07-23,2018-08-06,3,PR,furniture_decor,16.0
base,moving_average,2018-07-23,2018-08-13,4,PR,furniture_decor,0.0
base,moving_average,2018-07-23,2018-07-23,1,PR,garden_tools,0.0
base,moving_average,2018-07-23,2018-07-30,2,PR,garden_tools,0.0
base,moving_average,2018-07-23,2018-08-06,3,PR,garden_tools,0.0
base,moving_average,2018-07-23,2018-08-13,4,PR,garden_tools,0.0
base,moving_average,2018-07-23,2018-07-23,1,PR,health_beauty,13.0
base,moving_average,2018-07-23,2018-07-30,2,PR,health_beauty,14.0
base,moving_average,2018-07-23,2018-08-06,3,PR,health_beauty,15.0
base,moving_average,2018-07-23,2018-08-13,4,PR,health_beauty,0.0
base,moving_average,2018-07-23,2018-07-23,1,PR,housewares,17.0
base,moving_average,2018-07-23,2018-07-30,2,PR,housewares,17.0
base,moving_average,2018-07-23,2018-08-06,3,PR,housewares,17.0
base,moving_average,2018-07-23,2018-08-13,4,PR,housewares,0.0
base,moving_average,2018-07-23,2018-07-23,1,PR,sports_leisure,0.0
base,moving_average,2018-07-23,2018-07-30,2,PR,sports_leisure,0.0
base,moving_average,2018-07-23,2018-08-06,3,PR,sports_leisure,0.0
base,moving_average,2018-07-23,2018-08-13,4,PR,sports_leisure,0.0
base,moving_average,2018-07-23,2018-07-23,1,PR,telephony,0.0
base,moving_average,2018-07-23,2018-07-30,2,PR,telephony,0.0
base,moving_average,2018-07-23,2018-08-06,3,PR,telephony,0.0
base,moving_average,2018-07-23,2018-08-13,4,PR,telephony,0.0
base,moving_average,2018-07-23,2018-07-23,1,PR,watches_gifts,8.0
base,moving_average,2018-07-23,2018-07-30,2,PR,watches_gifts,8.0
base,moving_average,2018-07-23,2018-08-06,3,PR,watches_gifts,8.0
base,moving_average,2018-07-23,2018-08-13,4,PR,watches_gifts,0.0
base,moving_average,2018-07-23,2018-07-23,1,RJ,auto,6.0
base,moving_average,2018-07-23,2018-07-30,2,RJ,auto,6.0
base,moving_average,2018-07-23,2018-08-06,3,RJ,auto,6.0
base,moving_average,2018-07-23,2018-08-13,4,RJ,auto,0.0
base,moving_average,2018-07-23,2018-07-23,1,RJ,bed_bath_table,10.0
base,moving_average,2018-07-23,2018-07-30,2,RJ,bed_bath_table,10.0
base,moving_average,2018-07-23,2018-08-06,3,RJ,bed_bath_table,10.0
base,moving_average,2018-07-23,2018-08-13,4,RJ,bed_bath_table,0.0
base,moving_average,2018-07-23,2018-07-23,1,RJ,computers_accessories,0.0
base,moving_average,2018-07-23,2018-07-30,2,RJ,computers_accessories,0.0
base,moving_average,2018-07-23,2018-08-06,3,RJ,computers_accessories,0.0
base,moving_average,2018-07-23,2018-08-13,4,RJ,computers_accessories,0.0
base,moving_average,2018-07-23,2018-07-23,1,RJ,furniture_decor,5.0
base,moving_average,2018-07-23,2018-07-30,2,RJ,furniture_decor,5.0
base,moving_average,2018-07-23,2018-08-06,3,RJ,furniture_decor,5.0
base,moving_average,2018-07-23,2018-08-13,4,RJ,furniture_decor,0.0
base,moving_average,2018-07-23,2018-07-23,1,RJ,garden_tools,4.0
base,moving_average,2018-07-23,2018-07-30,2,RJ,garden_tools,4.0
base,moving_average,2018-07-23,2018-08-06,3,RJ,garden_tools,4.0
base,moving_average,2018-07-23,2018-08-13,4,RJ,garden_tools,0.0
base,moving_average,2018-07-23,2018-07-23,1,RJ,health_beauty,0.0
base,moving_average,2018-07-23,2018-07-30,2,RJ,health_beauty,0.0
base,moving_average,2018-07-23,2018-08-06,3,RJ,health_beauty,0.0
base,moving_average,2018-07-23,2018-08-13,4,RJ,health_beauty,0.0
base,moving_average,2018-07-23,2018-07-23,1,RJ,housewares,8.0
base,moving_average,2018-07-23,2018-07-30,2,RJ,housewares,8.0
base,moving_average,2018-07-23,2018-08-06,3,RJ,housewares,8.0
base,moving_average,2018-07-23,2018-08-13,4,RJ,housewares,0.0
base,moving_average,2018-07-23,2018-07-23,1,RJ,sports_leisure,5.0
base,moving_average,2018-07-23,2018-07-30,2,RJ,sports_leisure,11.0
base,moving_average,2018-07-23,2018-08-06,3,RJ,sports_leisure,11.0
base,moving_average,2018-07-23,2018-08-13,4,RJ,sports_leisure,0.0
base,moving_average,2018-07-23,2018-07-23,1,RJ,telephony,5.0
base,moving_average,2018-07-23,2018-07-30,2,RJ,telephony,5.0
base,moving_average,2018-07-23,2018-08-06,3,RJ,telephony,4.0
base,moving_average,2018-07-23,2018-08-13,4,RJ,telephony,0.0
base,moving_average,2018-07-23,2018-07-23,1,RJ,watches_gifts,0.0
base,moving_average,2018-07-23,2018-07-30,2,RJ,watches_gifts,0.0
base,moving_average,2018-07-23,2018-08-06,3,RJ,watches_gifts,0.0
base,moving_average,2018-07-23,2018-08-13,4,RJ,watches_gifts,0.0
base,moving_average,2018-07-23,2018-07-23,1,RS,auto,3.0
base,moving_average,2018-07-23,2018-07-30,2,RS,auto,3.0
base,moving_average,2018-07-23,2018-08-06,3,RS,auto,3.0
base,moving_average,2018-07-23,2018-08-13,4,RS,auto,0.0
base,moving_average,2018-07-23,2018-07-23,1,RS,bed_bath_table,6.0
base,moving_average,2018-07-23,2018-07-30,2,RS,bed_bath_table,6.0
base,moving_average,2018-07-23,2018-08-06,3,RS,bed_bath_table,6.0
base,moving_average,2018-07-23,2018-08-13,4,RS,bed_bath_table,0.0
base,moving_average,2018-07-23,2018-07-23,1,RS,computers_accessories,7.0
base,moving_average,2018-07-23,2018-07-30,2,RS,computers_accessories,10.0
base,moving_average,2018-07-23,2018-08-06,3,RS,computers_accessories,10.0
base,moving_average,2018-07-23,2018-08-13,4,RS,computers_accessories,0.0
base,moving_average,2018-07-23,2018-07-23,1,RS,furniture_decor,5.0
base,moving_average,2018-07-23,2018-07-30,2,RS,furniture_decor,5.0
base,moving_average,2018-07-23,2018-08-06,3,RS,furniture_decor,5.0
base,moving_average,2018-07-23,2018-08-13,4,RS,furniture_decor,0.0
base,moving_average,2018-07-23,2018-07-23,1,RS,garden_tools,1.0
base,moving_average,2018-07-23,2018-07-30,2,RS,garden_tools,2.0
base,moving_average,2018-07-23,2018-08-06,3,RS,garden_tools,2.0
base,moving_average,2018-07-23,2018-08-13,4,RS,garden_tools,0.0
base,moving_average,2018-07-23,2018-07-23,1,RS,health_beauty,8.0
base,moving_average,2018-07-23,2018-07-30,2,RS,health_beauty,8.0
base,moving_average,2018-07-23,2018-08-06,3,RS,health_beauty,8.0
base,moving_average,2018-07-23,2018-08-13,4,RS,health_beauty,0.0
base,moving_average,2018-07-23,2018-07-23,1,RS,housewares,7.0
base,moving_average,2018-07-23,2018-07-30,2,RS,housewares,7.0
base,moving_average,2018-07-23,2018-08-06,3,RS,housewares,10.0
base,moving_average,2018-07-23,2018-08-13,4,RS,housewares,0.0
base,moving_average,2018-07-23,2018-07-23,1,RS,sports_leisure,0.0
base,moving_average,2018-07-23,2018-07-30,2,RS,sports_leisure,0.0
base,moving_average,2018-07-23,2018-08-06,3,RS,sports_leisure,0.0
base,moving_average,2018-07-23,2018-08-13,4,RS,sports_leisure,0.0
base,moving_average,2018-07-23,2018-07-23,1,RS,telephony,5.0
base,moving_average,2018-07-23,2018-07-30,2,RS,telephony,5.0
base,moving_average,2018-07-23,2018-08-06,3,RS,telephony,5.0
base,moving_average,2018-07-23,2018-08-13,4,RS,telephony,0.0
base,moving_average,2018-07-23,2018-07-23,1,RS,watches_gifts,2.0
base,moving_average,2018-07-23,2018-07-30,2,RS,watches_gifts,3.0
base,moving_average,2018-07-23,2018-08-06,3,RS,watches_gifts,3.0
base,moving_average,2018-07-23,2018-08-13,4,RS,watches_gifts,0.0
base,moving_average,2018-07-23,2018-07-23,1,SC,auto,0.0
base,moving_average,2018-07-23,2018-07-30,2,SC,auto,0.0
base,moving_average,2018-07-23,2018-08-06,3,SC,auto,0.0
base,moving_average,2018-07-23,2018-08-13,4,SC,auto,0.0
base,moving_average,2018-07-23,2018-07-23,1,SC,bed_bath_table,6.0
base,moving_average,2018-07-23,2018-07-30,2,SC,bed_bath_table,6.0
base,moving_average,2018-07-23,2018-08-06,3,SC,bed_bath_table,7.0
base,moving_average,2018-07-23,2018-08-13,4,SC,bed_bath_table,0.0
base,moving_average,2018-07-23,2018-07-23,1,SC,computers_accessories,9.0
base,moving_average,2018-07-23,2018-07-30,2,SC,computers_accessories,9.0
base,moving_average,2018-07-23,2018-08-06,3,SC,computers_accessories,9.0
base,moving_average,2018-07-23,2018-08-13,4,SC,computers_accessories,0.0
base,moving_average,2018-07-23,2018-07-23,1,SC,furniture_decor,6.0
base,moving_average,2018-07-23,2018-07-30,2,SC,furniture_decor,6.0
base,moving_average,2018-07-23,2018-08-06,3,SC,furniture_decor,6.0
base,moving_average,2018-07-23,2018-08-13,4,SC,furniture_decor,0.0
base,moving_average,2018-07-23,2018-07-23,1,SC,garden_tools,7.0
base,moving_average,2018-07-23,2018-07-30,2,SC,garden_tools,8.0
base,moving_average,2018-07-23,2018-08-06,3,SC,garden_tools,8.0
base,moving_average,2018-07-23,2018-08-13,4,SC,garden_tools,0.0
base,moving_average,2018-07-23,2018-07-23,1,SC,health_beauty,0.0
base,moving_average,2018-07-23,2018-07-30,2,SC,health_beauty,0.0
base,moving_average,2018-07-23,2018-08-06,3,SC,health_beauty,0.0
base,moving_average,2018-07-23,2018-08-13,4,SC,health_beauty,0.0
base,moving_average,2018-07-23,2018-07-23,1,SC,housewares,0.0
base,moving_average,2018-07-23,2018-07-30,2,SC,housewares,0.0
base,moving_average,2018-07-23,2018-08-06,3,SC,housewares,0.0
base,moving_average,2018-07-23,2018-08-13,4,SC,housewares,0.0
base,moving_average,2018-07-23,2018-07-23,1,SC,sports_leisure,17.0
base,moving_average,2018-07-23,2018-07-30,2,SC,sports_leisure,15.0
base,moving_average,2018-07-23,2018-08-06,3,SC,sports_leisure,17.0
base,moving_average,2018-07-23,2018-08-13,4,SC,sports_leisure,0.0
base,moving_average,2018-07-23,2018-07-23,1,SC,telephony,0.0
base,moving_average,2018-07-23,2018-07-30,2,SC,telephony,0.0
base,moving_average,2018-07-23,2018-08-06,3,SC,telephony,0.0
base,moving_average,2018-07-23,2018-08-13,4,SC,telephony,0.0
base,moving_average,2018-07-23,2018-07-23,1,SC,watches_gifts,9.0
base,moving_average,2018-07-23,2018-07-30,2,SC,watches_gifts,9.0
base,moving_average,2018-07-23,2018-08-06,3,SC,watches_gifts,9.0
base,moving_average,2018-07-23,2018-08-13,4,SC,watches_gifts,0.0
base,moving_average,2018-07-23,2018-07-23,1,SP,auto,70.0
base,moving_average,2018-07-23,2018-07-30,2,SP,auto,73.0
base,moving_average,2018-07-23,2018-08-06,3,SP,auto,79.0
base,moving_average,2018-07-23,2018-08-13,4,SP,auto,0.0
base,moving_average,2018-07-23,2018-07-23,1,SP,bed_bath_table,128.0
base,moving_average,2018-07-23,2018-07-30,2,SP,bed_bath_table,128.0
base,moving_average,2018-07-23,2018-08-06,3,SP,bed_bath_table,140.0
base,moving_average,2018-07-23,2018-08-13,4,SP,bed_bath_table,0.0
base,moving_average,2018-07-23,2018-07-23,1,SP,computers_accessories,74.0
base,moving_average,2018-07-23,2018-07-30,2,SP,computers_accessories,74.0
base,moving_average,2018-07-23,2018-08-06,3,SP,computers_accessories,80.0
base,moving_average,2018-07-23,2018-08-13,4,SP,computers_accessories,0.0
base,moving_average,2018-07-23,2018-07-23,1,SP,furniture_decor,72.0
base,moving_average,2018-07-23,2018-07-30,2,SP,furniture_decor,71.0
base,moving_average,2018-07-23,2018-08-06,3,SP,furniture_decor,78.0
base,moving_average,2018-07-23,2018-08-13,4,SP,furniture_decor,0.0
base,moving_average,2018-07-23,2018-07-23,1,SP,garden_tools,23.0
base,moving_average,2018-07-23,2018-07-30,2,SP,garden_tools,35.0
base,moving_average,2018-07-23,2018-08-06,3,SP,garden_tools,40.0
base,moving_average,2018-07-23,2018-08-13,4,SP,garden_tools,0.0
base,moving_average,2018-07-23,2018-07-23,1,SP,health_beauty,182.0
base,moving_average,2018-07-23,2018-07-30,2,SP,health_beauty,182.0
base,moving_average,2018-07-23,2018-08-06,3,SP,health_beauty,190.0
base,moving_average,2018-07-23,2018-08-13,4,SP,health_beauty,0.0
base,moving_average,2018-07-23,2018-07-23,1,SP,housewares,95.0
base,moving_average,2018-07-23,2018-07-30,2,SP,housewares,95.0
base,moving_average,2018-07-23,2018-08-06,3,SP,housewares,100.0
base,moving_average,2018-07-23,2018-08-13,4,SP,housewares,0.0
base,moving_average,2018-07-23,2018-07-23,1,SP,sports_leisure,60.0
base,moving_average,2018-07-23,2018-07-30,2,SP,sports_leisure,69.0
base,moving_average,2018-07-23,2018-08-06,3,SP,sports_leisure,74.0
base,moving_average,2018-07-23,2018-08-13,4,SP,sports_leisure,0.0
base,moving_average,2018-07-23,2018-07-23,1,SP,telephony,43.0
base,moving_average,2018-07-23,2018-07-30,2,SP,telephony,45.0
base,moving_average,2018-07-23,2018-08-06,3,SP,telephony,48.0
base,moving_average,2018-07-23,2018-08-13,4,SP,telephony,0.0
base,moving_average,2018-07-23,2018-07-23,1,SP,watches_gifts,121.0
base,moving_average,2018-07-23,2018-07-30,2,SP,watches_gifts,128.0
base,moving_average,2018-07-23,2018-08-06,3,SP,watches_gifts,127.0
base,moving_average,2018-07-23,2018-08-13,4,SP,watches_gifts,0.0
base,moving_average,2018-07-30,2018-07-30,1,MG,auto,0.0
base,moving_average,2018-07-30,2018-08-06,2,MG,auto,0.0
base,moving_average,2018-07-30,2018-08-13,3,MG,auto,0.0
base,moving_average,2018-07-30,2018-08-20,4,MG,auto,0.0
base,moving_average,2018-07-30,2018-07-30,1,MG,bed_bath_table,14.0
base,moving_average,2018-07-30,2018-08-06,2,MG,bed_bath_table,14.0
base,moving_average,2018-07-30,2018-08-13,3,MG,bed_bath_table,14.0
base,moving_average,2018-07-30,2018-08-20,4,MG,bed_bath_table,0.0
base,moving_average,2018-07-30,2018-07-30,1,MG,computers_accessories,11.0
base,moving_average,2018-07-30,2018-08-06,2,MG,computers_accessories,11.0
base,moving_average,2018-07-30,2018-08-13,3,MG,computers_accessories,11.0
base,moving_average,2018-07-30,2018-08-20,4,MG,computers_accessories,0.0
base,moving_average,2018-07-30,2018-07-30,1,MG,furniture_decor,11.0
base,moving_average,2018-07-30,2018-08-06,2,MG,furniture_decor,11.0
base,moving_average,2018-07-30,2018-08-13,3,MG,furniture_decor,11.0
base,moving_average,2018-07-30,2018-08-20,4,MG,furniture_decor,0.0
base,moving_average,2018-07-30,2018-07-30,1,MG,garden_tools,0.0
base,moving_average,2018-07-30,2018-08-06,2,MG,garden_tools,0.0
base,moving_average,2018-07-30,2018-08-13,3,MG,garden_tools,0.0
base,moving_average,2018-07-30,2018-08-20,4,MG,garden_tools,0.0
base,moving_average,2018-07-30,2018-07-30,1,MG,health_beauty,14.0
base,moving_average,2018-07-30,2018-08-06,2,MG,health_beauty,14.0
base,moving_average,2018-07-30,2018-08-13,3,MG,health_beauty,14.0
base,moving_average,2018-07-30,2018-08-20,4,MG,health_beauty,0.0
base,moving_average,2018-07-30,2018-07-30,1,MG,housewares,0.0
base,moving_average,2018-07-30,2018-08-06,2,MG,housewares,0.0
base,moving_average,2018-07-30,2018-08-13,3,MG,housewares,0.0
base,moving_average,2018-07-30,2018-08-20,4,MG,housewares,0.0
base,moving_average,2018-07-30,2018-07-30,1,MG,sports_leisure,14.0
base,moving_average,2018-07-30,2018-08-06,2,MG,sports_leisure,15.0
base,moving_average,2018-07-30,2018-08-13,3,MG,sports_leisure,13.0
base,moving_average,2018-07-30,2018-08-20,4,MG,sports_leisure,0.0
base,moving_average,2018-07-30,2018-07-30,1,MG,telephony,5.0
base,moving_average,2018-07-30,2018-08-06,2,MG,telephony,5.0
base,moving_average,2018-07-30,2018-08-13,3,MG,telephony,5.0
base,moving_average,2018-07-30,2018-08-20,4,MG,telephony,0.0
base,moving_average,2018-07-30,2018-07-30,1,MG,watches_gifts,0.0
base,moving_average,2018-07-30,2018-08-06,2,MG,watches_gifts,0.0
base,moving_average,2018-07-30,2018-08-13,3,MG,watches_gifts,0.0
base,moving_average,2018-07-30,2018-08-20,4,MG,watches_gifts,0.0
base,moving_average,2018-07-30,2018-07-30,1,PR,auto,8.0
base,moving_average,2018-07-30,2018-08-06,2,PR,auto,8.0
base,moving_average,2018-07-30,2018-08-13,3,PR,auto,8.0
base,moving_average,2018-07-30,2018-08-20,4,PR,auto,0.0
base,moving_average,2018-07-30,2018-07-30,1,PR,bed_bath_table,0.0
base,moving_average,2018-07-30,2018-08-06,2,PR,bed_bath_table,0.0
base,moving_average,2018-07-30,2018-08-13,3,PR,bed_bath_table,0.0
base,moving_average,2018-07-30,2018-08-20,4,PR,bed_bath_table,0.0
base,moving_average,2018-07-30,2018-07-30,1,PR,computers_accessories,0.0
base,moving_average,2018-07-30,2018-08-06,2,PR,computers_accessories,0.0
base,moving_average,2018-07-30,2018-08-13,3,PR,computers_accessories,0.0
base,moving_average,2018-07-30,2018-08-20,4,PR,computers_accessories,0.0
base,moving_average,2018-07-30,2018-07-30,1,PR,furniture_decor,18.0
base,moving_average,2018-07-30,2018-08-06,2,PR,furniture_decor,21.0
base,moving_average,2018-07-30,2018-08-13,3,PR,furniture_decor,20.0
base,moving_average,2018-07-30,2018-08-20,4,PR,furniture_decor,0.0
base,moving_average,2018-07-30,2018-07-30,1,PR,garden_tools,0.0
base,moving_average,2018-07-30,2018-08-06,2,PR,garden_tools,0.0
base,moving_average,2018-07-30,2018-08-13,3,PR,garden_tools,0.0
base,moving_average,2018-07-30,2018-08-20,4,PR,garden_tools,0.0
base,moving_average,2018-07-30,2018-07-30,1,PR,health_beauty,7.0
base,moving_average,2018-07-30,2018-08-06,2,PR,health_beauty,14.0
base,moving_average,2018-07-30,2018-08-13,3,PR,health_beauty,13.0
base,moving_average,2018-07-30,2018-08-20,4,PR,health_beauty,0.0
base,moving_average,2018-07-30,2018-07-30,1,PR,housewares,17.0
base,moving_average,2018-07-30,2018-08-06,2,PR,housewares,17.0
base,moving_average,2018-07-30,2018-08-13,3,PR,housewares,17.0
base,moving_average,2018-07-30,2018-08-20,4,PR,housewares,0.0
base,moving_average,2018-07-30,2018-07-30,1,PR,sports_leisure,0.0
base,moving_average,2018-07-30,2018-08-06,2,PR,sports_leisure,2.0
base,moving_average,2018-07-30,2018-08-13,3,PR,sports_leisure,2.0
base,moving_average,2018-07-30,2018-08-20,4,PR,sports_leisure,0.0
base,moving_average,2018-07-30,2018-07-30,1,PR,telephony,0.0
base,moving_average,2018-07-30,2018-08-06,2,PR,telephony,0.0
base,moving_average,2018-07-30,2018-08-13,3,PR,telephony,0.0
base,moving_average,2018-07-30,2018-08-20,4,PR,telephony,0.0
base,moving_average,2018-07-30,2018-07-30,1,PR,watches_gifts,8.0
base,moving_average,2018-07-30,2018-08-06,2,PR,watches_gifts,8.0
base,moving_average,2018-07-30,2018-08-13,3,PR,watches_gifts,8.0
base,moving_average,2018-07-30,2018-08-20,4,PR,watches_gifts,0.0
base,moving_average,2018-07-30,2018-07-30,1,RJ,auto,6.0
base,moving_average,2018-07-30,2018-08-06,2,RJ,auto,6.0
base,moving_average,2018-07-30,2018-08-13,3,RJ,auto,6.0
base,moving_average,2018-07-30,2018-08-20,4,RJ,auto,0.0
base,moving_average,2018-07-30,2018-07-30,1,RJ,bed_bath_table,10.0
base,moving_average,2018-07-30,2018-08-06,2,RJ,bed_bath_table,10.0
base,moving_average,2018-07-30,2018-08-13,3,RJ,bed_bath_table,10.0
base,moving_average,2018-07-30,2018-08-20,4,RJ,bed_bath_table,0.0
base,moving_average,2018-07-30,2018-07-30,1,RJ,computers_accessories,0.0
base,moving_average,2018-07-30,2018-08-06,2,RJ,computers_accessories,0.0
base,moving_average,2018-07-30,2018-08-13,3,RJ,computers_accessories,0.0
base,moving_average,2018-07-30,2018-08-20,4,RJ,computers_accessories,0.0
base,moving_average,2018-07-30,2018-07-30,1,RJ,furniture_decor,5.0
base,moving_average,2018-07-30,2018-08-06,2,RJ,furniture_decor,5.0
base,moving_average,2018-07-30,2018-08-13,3,RJ,furniture_decor,5.0
base,moving_average,2018-07-30,2018-08-20,4,RJ,furniture_decor,0.0
base,moving_average,2018-07-30,2018-07-30,1,RJ,garden_tools,4.0
base,moving_average,2018-07-30,2018-08-06,2,RJ,garden_tools,4.0
base,moving_average,2018-07-30,2018-08-13,3,RJ,garden_tools,4.0
base,moving_average,2018-07-30,2018-08-20,4,RJ,garden_tools,0.0
base,moving_average,2018-07-30,2018-07-30,1,RJ,health_beauty,0.0
base,moving_average,2018-07-30,2018-08-06,2,RJ,health_beauty,0.0
base,moving_average,2018-07-30,2018-08-13,3,RJ,health_beauty,0.0
base,moving_average,2018-07-30,2018-08-20,4,RJ,health_beauty,0.0
base,moving_average,2018-07-30,2018-07-30,1,RJ,housewares,8.0
base,moving_average,2018-07-30,2018-08-06,2,RJ,housewares,8.0
base,moving_average,2018-07-30,2018-08-13,3,RJ,housewares,8.0
base,moving_average,2018-07-30,2018-08-20,4,RJ,housewares,0.0
base,moving_average,2018-07-30,2018-07-30,1,RJ,sports_leisure,14.0
base,moving_average,2018-07-30,2018-08-06,2,RJ,sports_leisure,16.0
base,moving_average,2018-07-30,2018-08-13,3,RJ,sports_leisure,16.0
base,moving_average,2018-07-30,2018-08-20,4,RJ,sports_leisure,0.0
base,moving_average,2018-07-30,2018-07-30,1,RJ,telephony,6.0
base,moving_average,2018-07-30,2018-08-06,2,RJ,telephony,6.0
base,moving_average,2018-07-30,2018-08-13,3,RJ,telephony,6.0
base,moving_average,2018-07-30,2018-08-20,4,RJ,telephony,0.0
base,moving_average,2018-07-30,2018-07-30,1,RJ,watches_gifts,0.0
base,moving_average,2018-07-30,2018-08-06,2,RJ,watches_gifts,0.0
base,moving_average,2018-07-30,2018-08-13,3,RJ,watches_gifts,0.0
base,moving_average,2018-07-30,2018-08-20,4,RJ,watches_gifts,0.0
base,moving_average,2018-07-30,2018-07-30,1,RS,auto,3.0
base,moving_average,2018-07-30,2018-08-06,2,RS,auto,3.0
base,moving_average,2018-07-30,2018-08-13,3,RS,auto,3.0
base,moving_average,2018-07-30,2018-08-20,4,RS,auto,0.0
base,moving_average,2018-07-30,2018-07-30,1,RS,bed_bath_table,6.0
base,moving_average,2018-07-30,2018-08-06,2,RS,bed_bath_table,6.0
base,moving_average,2018-07-30,2018-08-13,3,RS,bed_bath_table,6.0
base,moving_average,2018-07-30,2018-08-20,4,RS,bed_bath_table,0.0
base,moving_average,2018-07-30,2018-07-30,1,RS,computers_accessories,9.0
base,moving_average,2018-07-30,2018-08-06,2,RS,computers_accessories,9.0
base,moving_average,2018-07-30,2018-08-13,3,RS,computers_accessories,9.0
base,moving_average,2018-07-30,2018-08-20,4,RS,computers_accessories,0.0
base,moving_average,2018-07-30,2018-07-30,1,RS,furniture_decor,5.0
base,moving_average,2018-07-30,2018-08-06,2,RS,furniture_decor,5.0
base,moving_average,2018-07-30,2018-08-13,3,RS,furniture_decor,5.0
base,moving_average,2018-07-30,2018-08-20,4,RS,furniture_decor,0.0
base,moving_average,2018-07-30,2018-07-30,1,RS,garden_tools,2.0
base,moving_average,2018-07-30,2018-08-06,2,RS,garden_tools,2.0
base,moving_average,2018-07-30,2018-08-13,3,RS,garden_tools,1.0
base,moving_average,2018-07-30,2018-08-20,4,RS,garden_tools,0.0
base,moving_average,2018-07-30,2018-07-30,1,RS,health_beauty,8.0
base,moving_average,2018-07-30,2018-08-06,2,RS,health_beauty,8.0
base,moving_average,2018-07-30,2018-08-13,3,RS,health_beauty,8.0
base,moving_average,2018-07-30,2018-08-20,4,RS,health_beauty,0.0
base,moving_average,2018-07-30,2018-07-30,1,RS,housewares,10.0
base,moving_average,2018-07-30,2018-08-06,2,RS,housewares,11.0
base,moving_average,2018-07-30,2018-08-13,3,RS,housewares,11.0
base,moving_average,2018-07-30,2018-08-20,4,RS,housewares,0.0
base,moving_average,2018-07-30,2018-07-30,1,RS,sports_leisure,0.0
base,moving_average,2018-07-30,2018-08-06,2,RS,sports_leisure,0.0
base,moving_average,2018-07-30,2018-08-13,3,RS,sports_leisure,0.0
base,moving_average,2018-07-30,2018-08-20,4,RS,sports_leisure,0.0
base,moving_average,2018-07-30,2018-07-30,1,RS,telephony,5.0
base,moving_average,2018-07-30,2018-08-06,2,RS,telephony,5.0
base,moving_average,2018-07-30,2018-08-13,3,RS,telephony,5.0
base,moving_average,2018-07-30,2018-08-20,4,RS,telephony,0.0
base,moving_average,2018-07-30,2018-07-30,1,RS,watches_gifts,0.0
base,moving_average,2018-07-30,2018-08-06,2,RS,watches_gifts,1.0
base,moving_average,2018-07-30,2018-08-13,3,RS,watches_gifts,0.0
base,moving_average,2018-07-30,2018-08-20,4,RS,watches_gifts,0.0
base,moving_average,2018-07-30,2018-07-30,1,SC,auto,0.0
base,moving_average,2018-07-30,2018-08-06,2,SC,auto,0.0
base,moving_average,2018-07-30,2018-08-13,3,SC,auto,0.0
base,moving_average,2018-07-30,2018-08-20,4,SC,auto,0.0
base,moving_average,2018-07-30,2018-07-30,1,SC,bed_bath_table,6.0
base,moving_average,2018-07-30,2018-08-06,2,SC,bed_bath_table,6.0
base,moving_average,2018-07-30,2018-08-13,3,SC,bed_bath_table,7.0
base,moving_average,2018-07-30,2018-08-20,4,SC,bed_bath_table,0.0
base,moving_average,2018-07-30,2018-07-30,1,SC,computers_accessories,9.0
base,moving_average,2018-07-30,2018-08-06,2,SC,computers_accessories,9.0
base,moving_average,2018-07-30,2018-08-13,3,SC,computers_accessories,9.0
base,moving_average,2018-07-30,2018-08-20,4,SC,computers_accessories,0.0
base,moving_average,2018-07-30,2018-07-30,1,SC,furniture_decor,6.0
base,moving_average,2018-07-30,2018-08-06,2,SC,furniture_decor,6.0
base,moving_average,2018-07-30,2018-08-13,3,SC,furniture_decor,6.0
base,moving_average,2018-07-30,2018-08-20,4,SC,furniture_decor,0.0
base,moving_average,2018-07-30,2018-07-30,1,SC,garden_tools,8.0
base,moving_average,2018-07-30,2018-08-06,2,SC,garden_tools,8.0
base,moving_average,2018-07-30,2018-08-13,3,SC,garden_tools,8.0
base,moving_average,2018-07-30,2018-08-20,4,SC,garden_tools,0.0
base,moving_average,2018-07-30,2018-07-30,1,SC,health_beauty,0.0
base,moving_average,2018-07-30,2018-08-06,2,SC,health_beauty,0.0
base,moving_average,2018-07-30,2018-08-13,3,SC,health_beauty,0.0
base,moving_average,2018-07-30,2018-08-20,4,SC,health_beauty,0.0
base,moving_average,2018-07-30,2018-07-30,1,SC,housewares,0.0
base,moving_average,2018-07-30,2018-08-06,2,SC,housewares,0.0
base,moving_average,2018-07-30,2018-08-13,3,SC,housewares,0.0
base,moving_average,2018-07-30,2018-08-20,4,SC,housewares,0.0
base,moving_average,2018-07-30,2018-07-30,1,SC,sports_leisure,18.0
base,moving_average,2018-07-30,2018-08-06,2,SC,sports_leisure,18.0
base,moving_average,2018-07-30,2018-08-13,3,SC,sports_leisure,18.0
base,moving_average,2018-07-30,2018-08-20,4,SC,sports_leisure,0.0
base,moving_average,2018-07-30,2018-07-30,1,SC,telephony,0.0
base,moving_average,2018-07-30,2018-08-06,2,SC,telephony,0.0
base,moving_average,2018-07-30,2018-08-13,3,SC,telephony,0.0
base,moving_average,2018-07-30,2018-08-20,4,SC,telephony,0.0
base,moving_average,2018-07-30,2018-07-30,1,SC,watches_gifts,2.0
base,moving_average,2018-07-30,2018-08-06,2,SC,watches_gifts,9.0
base,moving_average,2018-07-30,2018-08-13,3,SC,watches_gifts,9.0
base,moving_average,2018-07-30,2018-08-20,4,SC,watches_gifts,0.0
base,moving_average,2018-07-30,2018-07-30,1,SP,auto,81.0
base,moving_average,2018-07-30,2018-08-06,2,SP,auto,88.0
base,moving_average,2018-07-30,2018-08-13,3,SP,auto,86.0
base,moving_average,2018-07-30,2018-08-20,4,SP,auto,0.0
base,moving_average,2018-07-30,2018-07-30,1,SP,bed_bath_table,133.0
base,moving_average,2018-07-30,2018-08-06,2,SP,bed_bath_table,146.0
base,moving_average,2018-07-30,2018-08-13,3,SP,bed_bath_table,140.0
base,moving_average,2018-07-30,2018-08-20,4,SP,bed_bath_table,0.0
base,moving_average,2018-07-30,2018-07-30,1,SP,computers_accessories,82.0
base,moving_average,2018-07-30,2018-08-06,2,SP,computers_accessories,90.0
base,moving_average,2018-07-30,2018-08-13,3,SP,computers_accessories,90.0
base,moving_average,2018-07-30,2018-08-20,4,SP,computers_accessories,0.0
base,moving_average,2018-07-30,2018-07-30,1,SP,furniture_decor,77.0
base,moving_average,2018-07-30,2018-08-06,2,SP,furniture_decor,87.0
base,moving_average,2018-07-30,2018-08-13,3,SP,furniture_decor,85.0
base,moving_average,2018-07-30,2018-08-20,4,SP,furniture_decor,0.0
base,moving_average,2018-07-30,2018-07-30,1,SP,garden_tools,40.0
base,moving_average,2018-07-30,2018-08-06,2,SP,garden_tools,43.0
base,moving_average,2018-07-30,2018-08-13,3,SP,garden_tools,45.0
base,moving_average,2018-07-30,2018-08-20,4,SP,garden_tools,0.0
base,moving_average,2018-07-30,2018-07-30,1,SP,health_beauty,126.0
base,moving_average,2018-07-30,2018-08-06,2,SP,health_beauty,182.0
base,moving_average,2018-07-30,2018-08-13,3,SP,health_beauty,175.0
base,moving_average,2018-07-30,2018-08-20,4,SP,health_beauty,0.0
base,moving_average,2018-07-30,2018-07-30,1,SP,housewares,114.0
base,moving_average,2018-07-30,2018-08-06,2,SP,housewares,123.0
base,moving_average,2018-07-30,2018-08-13,3,SP,housewares,126.0
base,moving_average,2018-07-30,2018-08-20,4,SP,housewares,0.0
base,moving_average,2018-07-30,2018-07-30,1,SP,sports_leisure,75.0
base,moving_average,2018-07-30,2018-08-06,2,SP,sports_leisure,82.0
base,moving_average,2018-07-30,2018-08-13,3,SP,sports_leisure,84.0
base,moving_average,2018-07-30,2018-08-20,4,SP,sports_leisure,0.0
base,moving_average,2018-07-30,2018-07-30,1,SP,telephony,52.0
base,moving_average,2018-07-30,2018-08-06,2,SP,telephony,57.0
base,moving_average,2018-07-30,2018-08-13,3,SP,telephony,54.0
base,moving_average,2018-07-30,2018-08-20,4,SP,telephony,0.0
base,moving_average,2018-07-30,2018-07-30,1,SP,watches_gifts,116.0
base,moving_average,2018-07-30,2018-08-06,2,SP,watches_gifts,127.0
base,moving_average,2018-07-30,2018-08-13,3,SP,watches_gifts,123.0
base,moving_average,2018-07-30,2018-08-20,4,SP,watches_gifts,0.0
base,moving_average,2018-08-06,2018-08-06,1,MG,auto,0.0
base,moving_average,2018-08-06,2018-08-13,2,MG,auto,0.0
base,moving_average,2018-08-06,2018-08-20,3,MG,auto,0.0
base,moving_average,2018-08-06,2018-08-27,4,MG,auto,0.0
base,moving_average,2018-08-06,2018-08-06,1,MG,bed_bath_table,14.0
base,moving_average,2018-08-06,2018-08-13,2,MG,bed_bath_table,14.0
base,moving_average,2018-08-06,2018-08-20,3,MG,bed_bath_table,14.0
base,moving_average,2018-08-06,2018-08-27,4,MG,bed_bath_table,0.0
base,moving_average,2018-08-06,2018-08-06,1,MG,computers_accessories,15.0
base,moving_average,2018-08-06,2018-08-13,2,MG,computers_accessories,20.0
base,moving_average,2018-08-06,2018-08-20,3,MG,computers_accessories,21.0
base,moving_average,2018-08-06,2018-08-27,4,MG,computers_accessories,0.0
base,moving_average,2018-08-06,2018-08-06,1,MG,furniture_decor,12.0
base,moving_average,2018-08-06,2018-08-13,2,MG,furniture_decor,12.0
base,moving_average,2018-08-06,2018-08-20,3,MG,furniture_decor,12.0
base,moving_average,2018-08-06,2018-08-27,4,MG,furniture_decor,0.0
base,moving_average,2018-08-06,2018-08-06,1,MG,garden_tools,0.0
base,moving_average,2018-08-06,2018-08-13,2,MG,garden_tools,0.0
base,moving_average,2018-08-06,2018-08-20,3,MG,garden_tools,0.0
base,moving_average,2018-08-06,2018-08-27,4,MG,garden_tools,0.0
base,moving_average,2018-08-06,2018-08-06,1,MG,health_beauty,14.0
base,moving_average,2018-08-06,2018-08-13,2,MG,health_beauty,14.0
base,moving_average,2018-08-06,2018-08-20,3,MG,health_beauty,14.0
base,moving_average,2018-08-06,2018-08-27,4,MG,health_beauty,0.0
base,moving_average,2018-08-06,2018-08-06,1,MG,housewares,0.0
base,moving_average,2018-08-06,2018-08-13,2,MG,housewares,3.0
base,moving_average,2018-08-06,2018-08-20,3,MG,housewares,3.0
base,moving_average,2018-08-06,2018-08-27,4,MG,housewares,0.0
base,moving_average,2018-08-06,2018-08-06,1,MG,sports_leisure,15.0
base,moving_average,2018-08-06,2018-08-13,2,MG,sports_leisure,13.0
base,moving_average,2018-08-06,2018-08-20,3,MG,sports_leisure,14.0
base,moving_average,2018-08-06,2018-08-27,4,MG,sports_leisure,0.0
base,moving_average,2018-08-06,2018-08-06,1,MG,telephony,5.0
base,moving_average,2018-08-06,2018-08-13,2,MG,telephony,5.0
base,moving_average,2018-08-06,2018-08-20,3,MG,telephony,5.0
base,moving_average,2018-08-06,2018-08-27,4,MG,telephony,0.0
base,moving_average,2018-08-06,2018-08-06,1,MG,watches_gifts,0.0
base,moving_average,2018-08-06,2018-08-13,2,MG,watches_gifts,0.0
base,moving_average,2018-08-06,2018-08-20,3,MG,watches_gifts,0.0
base,moving_average,2018-08-06,2018-08-27,4,MG,watches_gifts,0.0
base,moving_average,2018-08-06,2018-08-06,1,PR,auto,8.0
base,moving_average,2018-08-06,2018-08-13,2,PR,auto,8.0
base,moving_average,2018-08-06,2018-08-20,3,PR,auto,8.0
base,moving_average,2018-08-06,2018-08-27,4,PR,auto,0.0
base,moving_average,2018-08-06,2018-08-06,1,PR,bed_bath_table,0.0
base,moving_average,2018-08-06,2018-08-13,2,PR,bed_bath_table,0.0
base,moving_average,2018-08-06,2018-08-20,3,PR,bed_bath_table,0.0
base,moving_average,2018-08-06,2018-08-27,4,PR,bed_bath_table,0.0
base,moving_average,2018-08-06,2018-08-06,1,PR,computers_accessories,0.0
base,moving_average,2018-08-06,2018-08-13,2,PR,computers_accessories,0.0
base,moving_average,2018-08-06,2018-08-20,3,PR,computers_accessories,0.0
base,moving_average,2018-08-06,2018-08-27,4,PR,computers_accessories,0.0
base,moving_average,2018-08-06,2018-08-06,1,PR,furniture_decor,21.0
base,moving_average,2018-08-06,2018-08-13,2,PR,furniture_decor,21.0
base,moving_average,2018-08-06,2018-08-20,3,PR,furniture_decor,19.0
base,moving_average,2018-08-06,2018-08-27,4,PR,furniture_decor,0.0
base,moving_average,2018-08-06,2018-08-06,1,PR,garden_tools,0.0
base,moving_average,2018-08-06,2018-08-13,2,PR,garden_tools,0.0
base,moving_average,2018-08-06,2018-08-20,3,PR,garden_tools,0.0
base,moving_average,2018-08-06,2018-08-27,4,PR,garden_tools,0.0
base,moving_average,2018-08-06,2018-08-06,1,PR,health_beauty,16.0
base,moving_average,2018-08-06,2018-08-13,2,PR,health_beauty,15.0
base,moving_average,2018-08-06,2018-08-20,3,PR,health_beauty,15.0
base,moving_average,2018-08-06,2018-08-27,4,PR,health_beauty,0.0
base,moving_average,2018-08-06,2018-08-06,1,PR,housewares,17.0
base,moving_average,2018-08-06,2018-08-13,2,PR,housewares,17.0
base,moving_average,2018-08-06,2018-08-20,3,PR,housewares,17.0
base,moving_average,2018-08-06,2018-08-27,4,PR,housewares,0.0
base,moving_average,2018-08-06,2018-08-06,1,PR,sports_leisure,2.0
base,moving_average,2018-08-06,2018-08-13,2,PR,sports_leisure,3.0
base,moving_average,2018-08-06,2018-08-20,3,PR,sports_leisure,2.0
base,moving_average,2018-08-06,2018-08-27,4,PR,sports_leisure,0.0
base,moving_average,2018-08-06,2018-08-06,1,PR,telephony,0.0
base,moving_average,2018-08-06,2018-08-13,2,PR,telephony,0.0
base,moving_average,2018-08-06,2018-08-20,3,PR,telephony,0.0
base,moving_average,2018-08-06,2018-08-27,4,PR,telephony,0.0
base,moving_average,2018-08-06,2018-08-06,1,PR,watches_gifts,8.0
base,moving_average,2018-08-06,2018-08-13,2,PR,watches_gifts,8.0
base,moving_average,2018-08-06,2018-08-20,3,PR,watches_gifts,8.0
base,moving_average,2018-08-06,2018-08-27,4,PR,watches_gifts,0.0
base,moving_average,2018-08-06,2018-08-06,1,RJ,auto,6.0
base,moving_average,2018-08-06,2018-08-13,2,RJ,auto,6.0
base,moving_average,2018-08-06,2018-08-20,3,RJ,auto,6.0
base,moving_average,2018-08-06,2018-08-27,4,RJ,auto,0.0
base,moving_average,2018-08-06,2018-08-06,1,RJ,bed_bath_table,10.0
base,moving_average,2018-08-06,2018-08-13,2,RJ,bed_bath_table,10.0
base,moving_average,2018-08-06,2018-08-20,3,RJ,bed_bath_table,10.0
base,moving_average,2018-08-06,2018-08-27,4,RJ,bed_bath_table,0.0
base,moving_average,2018-08-06,2018-08-06,1,RJ,computers_accessories,0.0
base,moving_average,2018-08-06,2018-08-13,2,RJ,computers_accessories,0.0
base,moving_average,2018-08-06,2018-08-20,3,RJ,computers_accessories,0.0
base,moving_average,2018-08-06,2018-08-27,4,RJ,computers_accessories,0.0
base,moving_average,2018-08-06,2018-08-06,1,RJ,furniture_decor,5.0
base,moving_average,2018-08-06,2018-08-13,2,RJ,furniture_decor,5.0
base,moving_average,2018-08-06,2018-08-20,3,RJ,furniture_decor,5.0
base,moving_average,2018-08-06,2018-08-27,4,RJ,furniture_decor,0.0
base,moving_average,2018-08-06,2018-08-06,1,RJ,garden_tools,4.0
base,moving_average,2018-08-06,2018-08-13,2,RJ,garden_tools,4.0
base,moving_average,2018-08-06,2018-08-20,3,RJ,garden_tools,4.0
base,moving_average,2018-08-06,2018-08-27,4,RJ,garden_tools,0.0
base,moving_average,2018-08-06,2018-08-06,1,RJ,health_beauty,3.0
base,moving_average,2018-08-06,2018-08-13,2,RJ,health_beauty,0.0
base,moving_average,2018-08-06,2018-08-20,3,RJ,health_beauty,7.0
base,moving_average,2018-08-06,2018-08-27,4,RJ,health_beauty,0.0
base,moving_average,2018-08-06,2018-08-06,1,RJ,housewares,8.0
base,moving_average,2018-08-06,2018-08-13,2,RJ,housewares,8.0
base,moving_average,2018-08-06,2018-08-20,3,RJ,housewares,8.0
base,moving_average,2018-08-06,2018-08-27,4,RJ,housewares,0.0
base,moving_average,2018-08-06,2018-08-06,1,RJ,sports_leisure,17.0
base,moving_average,2018-08-06,2018-08-13,2,RJ,sports_leisure,18.0
base,moving_average,2018-08-06,2018-08-20,3,RJ,sports_leisure,17.0
base,moving_average,2018-08-06,2018-08-27,4,RJ,sports_leisure,0.0
base,moving_average,2018-08-06,2018-08-06,1,RJ,telephony,6.0
base,moving_average,2018-08-06,2018-08-13,2,RJ,telephony,6.0
base,moving_average,2018-08-06,2018-08-20,3,RJ,telephony,6.0
base,moving_average,2018-08-06,2018-08-27,4,RJ,telephony,0.0
base,moving_average,2018-08-06,2018-08-06,1,RJ,watches_gifts,0.0
base,moving_average,2018-08-06,2018-08-13,2,RJ,watches_gifts,0.0
base,moving_average,2018-08-06,2018-08-20,3,RJ,watches_gifts,0.0
base,moving_average,2018-08-06,2018-08-27,4,RJ,watches_gifts,0.0
base,moving_average,2018-08-06,2018-08-06,1,RS,auto,3.0
base,moving_average,2018-08-06,2018-08-13,2,RS,auto,3.0
base,moving_average,2018-08-06,2018-08-20,3,RS,auto,3.0
base,moving_average,2018-08-06,2018-08-27,4,RS,auto,0.0
base,moving_average,2018-08-06,2018-08-06,1,RS,bed_bath_table,6.0
base,moving_average,2018-08-06,2018-08-13,2,RS,bed_bath_table,6.0
base,moving_average,2018-08-06,2018-08-20,3,RS,bed_bath_table,6.0
base,moving_average,2018-08-06,2018-08-27,4,RS,bed_bath_table,0.0
base,moving_average,2018-08-06,2018-08-06,1,RS,computers_accessories,9.0
base,moving_average,2018-08-06,2018-08-13,2,RS,computers_accessories,8.0
base,moving_average,2018-08-06,2018-08-20,3,RS,computers_accessories,8.0
base,moving_average,2018-08-06,2018-08-27,4,RS,computers_accessories,0.0
base,moving_average,2018-08-06,2018-08-06,1,RS,furniture_decor,5.0
base,moving_average,2018-08-06,2018-08-13,2,RS,furniture_decor,5.0
base,moving_average,2018-08-06,2018-08-20,3,RS,furniture_decor,5.0
base,moving_average,2018-08-06,2018-08-27,4,RS,furniture_decor,0.0
base,moving_average,2018-08-06,2018-08-06,1,RS,garden_tools,0.0
base,moving_average,2018-08-06,2018-08-13,2,RS,garden_tools,0.0
base,moving_average,2018-08-06,2018-08-20,3,RS,garden_tools,0.0
base,moving_average,2018-08-06,2018-08-27,4,RS,garden_tools,0.0
base,moving_average,2018-08-06,2018-08-06,1,RS,health_beauty,8.0
base,moving_average,2018-08-06,2018-08-13,2,RS,health_beauty,8.0
base,moving_average,2018-08-06,2018-08-20,3,RS,health_beauty,8.0
base,moving_average,2018-08-06,2018-08-27,4,RS,health_beauty,0.0
base,moving_average,2018-08-06,2018-08-06,1,RS,housewares,11.0
base,moving_average,2018-08-06,2018-08-13,2,RS,housewares,11.0
base,moving_average,2018-08-06,2018-08-20,3,RS,housewares,11.0
base,moving_average,2018-08-06,2018-08-27,4,RS,housewares,0.0
base,moving_average,2018-08-06,2018-08-06,1,RS,sports_leisure,0.0
base,moving_average,2018-08-06,2018-08-13,2,RS,sports_leisure,0.0
base,moving_average,2018-08-06,2018-08-20,3,RS,sports_leisure,0.0
base,moving_average,2018-08-06,2018-08-27,4,RS,sports_leisure,0.0
base,moving_average,2018-08-06,2018-08-06,1,RS,telephony,5.0
base,moving_average,2018-08-06,2018-08-13,2,RS,telephony,5.0
base,moving_average,2018-08-06,2018-08-20,3,RS,telephony,5.0
base,moving_average,2018-08-06,2018-08-27,4,RS,telephony,0.0
base,moving_average,2018-08-06,2018-08-06,1,RS,watches_gifts,2.0
base,moving_average,2018-08-06,2018-08-13,2,RS,watches_gifts,1.0
base,moving_average,2018-08-06,2018-08-20,3,RS,watches_gifts,2.0
base,moving_average,2018-08-06,2018-08-27,4,RS,watches_gifts,0.0
base,moving_average,2018-08-06,2018-08-06,1,SC,auto,0.0
base,moving_average,2018-08-06,2018-08-13,2,SC,auto,0.0
base,moving_average,2018-08-06,2018-08-20,3,SC,auto,0.0
base,moving_average,2018-08-06,2018-08-27,4,SC,auto,0.0
base,moving_average,2018-08-06,2018-08-06,1,SC,bed_bath_table,5.0
base,moving_average,2018-08-06,2018-08-13,2,SC,bed_bath_table,4.0
base,moving_average,2018-08-06,2018-08-20,3,SC,bed_bath_table,4.0
base,moving_average,2018-08-06,2018-08-27,4,SC,bed_bath_table,0.0
base,moving_average,2018-08-06,2018-08-06,1,SC,computers_accessories,9.0
base,moving_average,2018-08-06,2018-08-13,2,SC,computers_accessories,9.0
base,moving_average,2018-08-06,2018-08-20,3,SC,computers_accessories,9.0
base,moving_average,2018-08-06,2018-08-27,4,SC,computers_accessories,0.0
base,moving_average,2018-08-06,2018-08-06,1,SC,furniture_decor,6.0
base,moving_average,2018-08-06,2018-08-13,2,SC,furniture_decor,6.0
base,moving_average,2018-08-06,2018-08-20,3,SC,furniture_decor,6.0
base,moving_average,2018-08-06,2018-08-27,4,SC,furniture_decor,0.0
base,moving_average,2018-08-06,2018-08-06,1,SC,garden_tools,4.0
base,moving_average,2018-08-06,2018-08-13,2,SC,garden_tools,8.0
base,moving_average,2018-08-06,2018-08-20,3,SC,garden_tools,8.0
base,moving_average,2018-08-06,2018-08-27,4,SC,garden_tools,0.0
base,moving_average,2018-08-06,2018-08-06,1,SC,health_beauty,0.0
base,moving_average,2018-08-06,2018-08-13,2,SC,health_beauty,0.0
base,moving_average,2018-08-06,2018-08-20,3,SC,health_beauty,0.0
base,moving_average,2018-08-06,2018-08-27,4,SC,health_beauty,0.0
base,moving_average,2018-08-06,2018-08-06,1,SC,housewares,0.0
base,moving_average,2018-08-06,2018-08-13,2,SC,housewares,0.0
base,moving_average,2018-08-06,2018-08-20,3,SC,housewares,0.0
base,moving_average,2018-08-06,2018-08-27,4,SC,housewares,0.0
base,moving_average,2018-08-06,2018-08-06,1,SC,sports_leisure,18.0
base,moving_average,2018-08-06,2018-08-13,2,SC,sports_leisure,18.0
base,moving_average,2018-08-06,2018-08-20,3,SC,sports_leisure,18.0
base,moving_average,2018-08-06,2018-08-27,4,SC,sports_leisure,0.0
base,moving_average,2018-08-06,2018-08-06,1,SC,telephony,0.0
base,moving_average,2018-08-06,2018-08-13,2,SC,telephony,0.0
base,moving_average,2018-08-06,2018-08-20,3,SC,telephony,0.0
base,moving_average,2018-08-06,2018-08-27,4,SC,telephony,0.0
base,moving_average,2018-08-06,2018-08-06,1,SC,watches_gifts,9.0
base,moving_average,2018-08-06,2018-08-13,2,SC,watches_gifts,9.0
base,moving_average,2018-08-06,2018-08-20,3,SC,watches_gifts,9.0
base,moving_average,2018-08-06,2018-08-27,4,SC,watches_gifts,0.0
base,moving_average,2018-08-06,2018-08-06,1,SP,auto,96.0
base,moving_average,2018-08-06,2018-08-13,2,SP,auto,95.0
base,moving_average,2018-08-06,2018-08-20,3,SP,auto,95.0
base,moving_average,2018-08-06,2018-08-27,4,SP,auto,0.0
base,moving_average,2018-08-06,2018-08-06,1,SP,bed_bath_table,171.0
base,moving_average,2018-08-06,2018-08-13,2,SP,bed_bath_table,169.0
base,moving_average,2018-08-06,2018-08-20,3,SP,bed_bath_table,174.0
base,moving_average,2018-08-06,2018-08-27,4,SP,bed_bath_table,0.0
base,moving_average,2018-08-06,2018-08-06,1,SP,computers_accessories,108.0
base,moving_average,2018-08-06,2018-08-13,2,SP,computers_accessories,108.0
base,moving_average,2018-08-06,2018-08-20,3,SP,computers_accessories,108.0
base,moving_average,2018-08-06,2018-08-27,4,SP,computers_accessories,0.0
base,moving_average,2018-08-06,2018-08-06,1,SP,furniture_decor,101.0
base,moving_average,2018-08-06,2018-08-13,2,SP,furniture_decor,103.0
base,moving_average,2018-08-06,2018-08-20,3,SP,furniture_decor,104.0
base,moving_average,2018-08-06,2018-08-27,4,SP,furniture_decor,0.0
base,moving_average,2018-08-06,2018-08-06,1,SP,garden_tools,30.0
base,moving_average,2018-08-06,2018-08-13,2,SP,garden_tools,42.0
base,moving_average,2018-08-06,2018-08-20,3,SP,garden_tools,39.0
base,moving_average,2018-08-06,2018-08-27,4,SP,garden_tools,0.0
base,moving_average,2018-08-06,2018-08-06,1,SP,health_beauty,198.0
base,moving_average,2018-08-06,2018-08-13,2,SP,health_beauty,198.0
base,moving_average,2018-08-06,2018-08-20,3,SP,health_beauty,198.0
base,moving_average,2018-08-06,2018-08-27,4,SP,health_beauty,0.0
base,moving_average,2018-08-06,2018-08-06,1,SP,housewares,154.0
base,moving_average,2018-08-06,2018-08-13,2,SP,housewares,159.0
base,moving_average,2018-08-06,2018-08-20,3,SP,housewares,159.0
base,moving_average,2018-08-06,2018-08-27,4,SP,housewares,0.0
base,moving_average,2018-08-06,2018-08-06,1,SP,sports_leisure,95.0
base,moving_average,2018-08-06,2018-08-13,2,SP,sports_leisure,100.0
base,moving_average,2018-08-06,2018-08-20,3,SP,sports_leisure,99.0
base,moving_average,2018-08-06,2018-08-27,4,SP,sports_leisure,0.0
base,moving_average,2018-08-06,2018-08-06,1,SP,telephony,76.0
base,moving_average,2018-08-06,2018-08-13,2,SP,telephony,78.0
base,moving_average,2018-08-06,2018-08-20,3,SP,telephony,82.0
base,moving_average,2018-08-06,2018-08-27,4,SP,telephony,0.0
base,moving_average,2018-08-06,2018-08-06,1,SP,watches_gifts,140.0
base,moving_average,2018-08-06,2018-08-13,2,SP,watches_gifts,140.0
base,moving_average,2018-08-06,2018-08-20,3,SP,watches_gifts,143.0
base,moving_average,2018-08-06,2018-08-27,4,SP,watches_gifts,0.0
base,moving_average,2018-08-13,2018-08-13,1,MG,auto,2.0
base,moving_average,2018-08-13,2018-08-20,2,MG,auto,6.0
base,moving_average,2018-08-13,2018-08-27,3,MG,auto,6.0
base,moving_average,2018-08-13,2018-09-03,4,MG,auto,0.0
base,moving_average,2018-08-13,2018-08-13,1,MG,bed_bath_table,14.0
base,moving_average,2018-08-13,2018-08-20,2,MG,bed_bath_table,14.0
base,moving_average,2018-08-13,2018-08-27,3,MG,bed_bath_table,14.0
base,moving_average,2018-08-13,2018-09-03,4,MG,bed_bath_table,0.0
base,moving_average,2018-08-13,2018-08-13,1,MG,computers_accessories,23.0
base,moving_average,2018-08-13,2018-08-20,2,MG,computers_accessories,27.0
base,moving_average,2018-08-13,2018-08-27,3,MG,computers_accessories,21.0
base,moving_average,2018-08-13,2018-09-03,4,MG,computers_accessories,0.0
base,moving_average,2018-08-13,2018-08-13,1,MG,furniture_decor,11.0
base,moving_average,2018-08-13,2018-08-20,2,MG,furniture_decor,11.0
base,moving_average,2018-08-13,2018-08-27,3,MG,furniture_decor,11.0
base,moving_average,2018-08-13,2018-09-03,4,MG,furniture_decor,0.0
base,moving_average,2018-08-13,2018-08-13,1,MG,garden_tools,0.0
base,moving_average,2018-08-13,2018-08-20,2,MG,garden_tools,0.0
base,moving_average,2018-08-13,2018-08-27,3,MG,garden_tools,0.0
base,moving_average,2018-08-13,2018-09-03,4,MG,garden_tools,0.0
base,moving_average,2018-08-13,2018-08-13,1,MG,health_beauty,14.0
base,moving_average,2018-08-13,2018-08-20,2,MG,health_beauty,14.0
base,moving_average,2018-08-13,2018-08-27,3,MG,health_beauty,14.0
base,moving_average,2018-08-13,2018-09-03,4,MG,health_beauty,0.0
base,moving_average,2018-08-13,2018-08-13,1,MG,housewares,17.0
base,moving_average,2018-08-13,2018-08-20,2,MG,housewares,16.0
base,moving_average,2018-08-13,2018-08-27,3,MG,housewares,13.0
base,moving_average,2018-08-13,2018-09-03,4,MG,housewares,0.0
base,moving_average,2018-08-13,2018-08-13,1,MG,sports_leisure,12.0
base,moving_average,2018-08-13,2018-08-20,2,MG,sports_leisure,13.0
base,moving_average,2018-08-13,2018-08-27,3,MG,sports_leisure,13.0
base,moving_average,2018-08-13,2018-09-03,4,MG,sports_leisure,0.0
base,moving_average,2018-08-13,2018-08-13,1,MG,telephony,5.0
base,moving_average,2018-08-13,2018-08-20,2,MG,telephony,5.0
base,moving_average,2018-08-13,2018-08-27,3,MG,telephony,5.0
base,moving_average,2018-08-13,2018-09-03,4,MG,telephony,0.0
base,moving_average,2018-08-13,2018-08-13,1,MG,watches_gifts,0.0
base,moving_average,2018-08-13,2018-08-20,2,MG,watches_gifts,0.0
base,moving_average,2018-08-13,2018-08-27,3,MG,watches_gifts,0.0
base,moving_average,2018-08-13,2018-09-03,4,MG,watches_gifts,0.0
base,moving_average,2018-08-13,2018-08-13,1,PR,auto,8.0
base,moving_average,2018-08-13,2018-08-20,2,PR,auto,8.0
base,moving_average,2018-08-13,2018-08-27,3,PR,auto,8.0
base,moving_average,2018-08-13,2018-09-03,4,PR,auto,0.0
base,moving_average,2018-08-13,2018-08-13,1,PR,bed_bath_table,0.0
base,moving_average,2018-08-13,2018-08-20,2,PR,bed_bath_table,0.0
base,moving_average,2018-08-13,2018-08-27,3,PR,bed_bath_table,0.0
base,moving_average,2018-08-13,2018-09-03,4,PR,bed_bath_table,0.0
base,moving_average,2018-08-13,2018-08-13,1,PR,computers_accessories,0.0
base,moving_average,2018-08-13,2018-08-20,2,PR,computers_accessories,0.0
base,moving_average,2018-08-13,2018-08-27,3,PR,computers_accessories,0.0
base,moving_average,2018-08-13,2018-09-03,4,PR,computers_accessories,0.0
base,moving_average,2018-08-13,2018-08-13,1,PR,furniture_decor,33.0
base,moving_average,2018-08-13,2018-08-20,2,PR,furniture_decor,33.0
base,moving_average,2018-08-13,2018-08-27,3,PR,furniture_decor,36.0
base,moving_average,2018-08-13,2018-09-03,4,PR,furniture_decor,0.0
base,moving_average,2018-08-13,2018-08-13,1,PR,garden_tools,0.0
base,moving_average,2018-08-13,2018-08-20,2,PR,garden_tools,0.0
base,moving_average,2018-08-13,2018-08-27,3,PR,garden_tools,0.0
base,moving_average,2018-08-13,2018-09-03,4,PR,garden_tools,0.0
base,moving_average,2018-08-13,2018-08-13,1,PR,health_beauty,18.0
base,moving_average,2018-08-13,2018-08-20,2,PR,health_beauty,19.0
base,moving_average,2018-08-13,2018-08-27,3,PR,health_beauty,20.0
base,moving_average,2018-08-13,2018-09-03,4,PR,health_beauty,0.0
base,moving_average,2018-08-13,2018-08-13,1,PR,housewares,17.0
base,moving_average,2018-08-13,2018-08-20,2,PR,housewares,17.0
base,moving_average,2018-08-13,2018-08-27,3,PR,housewares,17.0
base,moving_average,2018-08-13,2018-09-03,4,PR,housewares,0.0
base,moving_average,2018-08-13,2018-08-13,1,PR,sports_leisure,7.0
base,moving_average,2018-08-13,2018-08-20,2,PR,sports_leisure,8.0
base,moving_average,2018-08-13,2018-08-27,3,PR,sports_leisure,9.0
base,moving_average,2018-08-13,2018-09-03,4,PR,sports_leisure,0.0
base,moving_average,2018-08-13,2018-08-13,1,PR,telephony,0.0
base,moving_average,2018-08-13,2018-08-20,2,PR,telephony,0.0
base,moving_average,2018-08-13,2018-08-27,3,PR,telephony,0.0
base,moving_average,2018-08-13,2018-09-03,4,PR,telephony,0.0
base,moving_average,2018-08-13,2018-08-13,1,PR,watches_gifts,8.0
base,moving_average,2018-08-13,2018-08-20,2,PR,watches_gifts,8.0
base,moving_average,2018-08-13,2018-08-27,3,PR,watches_gifts,8.0
base,moving_average,2018-08-13,2018-09-03,4,PR,watches_gifts,0.0
base,moving_average,2018-08-13,2018-08-13,1,RJ,auto,6.0
base,moving_average,2018-08-13,2018-08-20,2,RJ,auto,6.0
base,moving_average,2018-08-13,2018-08-27,3,RJ,auto,6.0
base,moving_average,2018-08-13,2018-09-03,4,RJ,auto,0.0
base,moving_average,2018-08-13,2018-08-13,1,RJ,bed_bath_table,10.0
base,moving_average,2018-08-13,2018-08-20,2,RJ,bed_bath_table,10.0
base,moving_average,2018-08-13,2018-08-27,3,RJ,bed_bath_table,10.0
base,moving_average,2018-08-13,2018-09-03,4,RJ,bed_bath_table,0.0
base,moving_average,2018-08-13,2018-08-13,1,RJ,computers_accessories,0.0
base,moving_average,2018-08-13,2018-08-20,2,RJ,computers_accessories,0.0
base,moving_average,2018-08-13,2018-08-27,3,RJ,computers_accessories,0.0
base,moving_average,2018-08-13,2018-09-03,4,RJ,computers_accessories,0.0
base,moving_average,2018-08-13,2018-08-13,1,RJ,furniture_decor,5.0
base,moving_average,2018-08-13,2018-08-20,2,RJ,furniture_decor,5.0
base,moving_average,2018-08-13,2018-08-27,3,RJ,furniture_decor,5.0
base,moving_average,2018-08-13,2018-09-03,4,RJ,furniture_decor,0.0
base,moving_average,2018-08-13,2018-08-13,1,RJ,garden_tools,4.0
base,moving_average,2018-08-13,2018-08-20,2,RJ,garden_tools,4.0
base,moving_average,2018-08-13,2018-08-27,3,RJ,garden_tools,4.0
base,moving_average,2018-08-13,2018-09-03,4,RJ,garden_tools,0.0
base,moving_average,2018-08-13,2018-08-13,1,RJ,health_beauty,18.0
base,moving_average,2018-08-13,2018-08-20,2,RJ,health_beauty,30.0
base,moving_average,2018-08-13,2018-08-27,3,RJ,health_beauty,29.0
base,moving_average,2018-08-13,2018-09-03,4,RJ,health_beauty,0.0
base,moving_average,2018-08-13,2018-08-13,1,RJ,housewares,8.0
base,moving_average,2018-08-13,2018-08-20,2,RJ,housewares,8.0
base,moving_average,2018-08-13,2018-08-27,3,RJ,housewares,8.0
base,moving_average,2018-08-13,2018-09-03,4,RJ,housewares,0.0
base,moving_average,2018-08-13,2018-08-13,1,RJ,sports_leisure,17.0
base,moving_average,2018-08-13,2018-08-20,2,RJ,sports_leisure,16.0
base,moving_average,2018-08-13,2018-08-27,3,RJ,sports_leisure,15.0
base,moving_average,2018-08-13,2018-09-03,4,RJ,sports_leisure,0.0
base,moving_average,2018-08-13,2018-08-13,1,RJ,telephony,6.0
base,moving_average,2018-08-13,2018-08-20,2,RJ,telephony,6.0
base,moving_average,2018-08-13,2018-08-27,3,RJ,telephony,6.0
base,moving_average,2018-08-13,2018-09-03,4,RJ,telephony,0.0
base,moving_average,2018-08-13,2018-08-13,1,RJ,watches_gifts,0.0
base,moving_average,2018-08-13,2018-08-20,2,RJ,watches_gifts,0.0
base,moving_average,2018-08-13,2018-08-27,3,RJ,watches_gifts,0.0
base,moving_average,2018-08-13,2018-09-03,4,RJ,watches_gifts,0.0
base,moving_average,2018-08-13,2018-08-13,1,RS,auto,3.0
base,moving_average,2018-08-13,2018-08-20,2,RS,auto,3.0
base,moving_average,2018-08-13,2018-08-27,3,RS,auto,3.0
base,moving_average,2018-08-13,2018-09-03,4,RS,auto,0.0
base,moving_average,2018-08-13,2018-08-13,1,RS,bed_bath_table,6.0
base,moving_average,2018-08-13,2018-08-20,2,RS,bed_bath_table,6.0
base,moving_average,2018-08-13,2018-08-27,3,RS,bed_bath_table,6.0
base,moving_average,2018-08-13,2018-09-03,4,RS,bed_bath_table,0.0
base,moving_average,2018-08-13,2018-08-13,1,RS,computers_accessories,10.0
base,moving_average,2018-08-13,2018-08-20,2,RS,computers_accessories,11.0
base,moving_average,2018-08-13,2018-08-27,3,RS,computers_accessories,11.0
base,moving_average,2018-08-13,2018-09-03,4,RS,computers_accessories,0.0
base,moving_average,2018-08-13,2018-08-13,1,RS,furniture_decor,5.0
base,moving_average,2018-08-13,2018-08-20,2,RS,furniture_decor,5.0
base,moving_average,2018-08-13,2018-08-27,3,RS,furniture_decor,5.0
base,moving_average,2018-08-13,2018-09-03,4,RS,furniture_decor,0.0
base,moving_average,2018-08-13,2018-08-13,1,RS,garden_tools,1.0
base,moving_average,2018-08-13,2018-08-20,2,RS,garden_tools,1.0
base,moving_average,2018-08-13,2018-08-27,3,RS,garden_tools,1.0
base,moving_average,2018-08-13,2018-09-03,4,RS,garden_tools,0.0
base,moving_average,2018-08-13,2018-08-13,1,RS,health_beauty,8.0
base,moving_average,2018-08-13,2018-08-20,2,RS,health_beauty,8.0
base,moving_average,2018-08-13,2018-08-27,3,RS,health_beauty,8.0
base,moving_average,2018-08-13,2018-09-03,4,RS,health_beauty,0.0
base,moving_average,2018-08-13,2018-08-13,1,RS,housewares,11.0
base,moving_average,2018-08-13,2018-08-20,2,RS,housewares,11.0
base,moving_average,2018-08-13,2018-08-27,3,RS,housewares,11.0
base,moving_average,2018-08-13,2018-09-03,4,RS,housewares,0.0
base,moving_average,2018-08-13,2018-08-13,1,RS,sports_leisure,0.0
base,moving_average,2018-08-13,2018-08-20,2,RS,sports_leisure,0.0
base,moving_average,2018-08-13,2018-08-27,3,RS,sports_leisure,0.0
base,moving_average,2018-08-13,2018-09-03,4,RS,sports_leisure,0.0
base,moving_average,2018-08-13,2018-08-13,1,RS,telephony,5.0
base,moving_average,2018-08-13,2018-08-20,2,RS,telephony,5.0
base,moving_average,2018-08-13,2018-08-27,3,RS,telephony,5.0
base,moving_average,2018-08-13,2018-09-03,4,RS,telephony,0.0
base,moving_average,2018-08-13,2018-08-13,1,RS,watches_gifts,0.0
base,moving_average,2018-08-13,2018-08-20,2,RS,watches_gifts,1.0
base,moving_average,2018-08-13,2018-08-27,3,RS,watches_gifts,1.0
base,moving_average,2018-08-13,2018-09-03,4,RS,watches_gifts,0.0
base,moving_average,2018-08-13,2018-08-13,1,SC,auto,0.0
base,moving_average,2018-08-13,2018-08-20,2,SC,auto,0.0
base,moving_average,2018-08-13,2018-08-27,3,SC,auto,0.0
base,moving_average,2018-08-13,2018-09-03,4,SC,auto,0.0
base,moving_average,2018-08-13,2018-08-13,1,SC,bed_bath_table,10.0
base,moving_average,2018-08-13,2018-08-20,2,SC,bed_bath_table,10.0
base,moving_average,2018-08-13,2018-08-27,3,SC,bed_bath_table,13.0
base,moving_average,2018-08-13,2018-09-03,4,SC,bed_bath_table,0.0
base,moving_average,2018-08-13,2018-08-13,1,SC,computers_accessories,9.0
base,moving_average,2018-08-13,2018-08-20,2,SC,computers_accessories,9.0
base,moving_average,2018-08-13,2018-08-27,3,SC,computers_accessories,9.0
base,moving_average,2018-08-13,2018-09-03,4,SC,computers_accessories,0.0
base,moving_average,2018-08-13,2018-08-13,1,SC,furniture_decor,6.0
base,moving_average,2018-08-13,2018-08-20,2,SC,furniture_decor,6.0
base,moving_average,2018-08-13,2018-08-27,3,SC,furniture_decor,6.0
base,moving_average,2018-08-13,2018-09-03,4,SC,furniture_decor,0.0
base,moving_average,2018-08-13,2018-08-13,1,SC,garden_tools,8.0
base,moving_average,2018-08-13,2018-08-20,2,SC,garden_tools,8.0
base,moving_average,2018-08-13,2018-08-27,3,SC,garden_tools,8.0
base,moving_average,2018-08-13,2018-09-03,4,SC,garden_tools,0.0
base,moving_average,2018-08-13,2018-08-13,1,SC,health_beauty,0.0
base,moving_average,2018-08-13,2018-08-20,2,SC,health_beauty,0.0
base,moving_average,2018-08-13,2018-08-27,3,SC,health_beauty,0.0
base,moving_average,2018-08-13,2018-09-03,4,SC,health_beauty,0.0
base,moving_average,2018-08-13,2018-08-13,1,SC,housewares,0.0
base,moving_average,2018-08-13,2018-08-20,2,SC,housewares,2.0
base,moving_average,2018-08-13,2018-08-27,3,SC,housewares,0.0
base,moving_average,2018-08-13,2018-09-03,4,SC,housewares,0.0
base,moving_average,2018-08-13,2018-08-13,1,SC,sports_leisure,18.0
base,moving_average,2018-08-13,2018-08-20,2,SC,sports_leisure,18.0
base,moving_average,2018-08-13,2018-08-27,3,SC,sports_leisure,18.0
base,moving_average,2018-08-13,2018-09-03,4,SC,sports_leisure,0.0
base,moving_average,2018-08-13,2018-08-13,1,SC,telephony,0.0
base,moving_average,2018-08-13,2018-08-20,2,SC,telephony,0.0
base,moving_average,2018-08-13,2018-08-27,3,SC,telephony,0.0
base,moving_average,2018-08-13,2018-09-03,4,SC,telephony,0.0
base,moving_average,2018-08-13,2018-08-13,1,SC,watches_gifts,8.0
base,moving_average,2018-08-13,2018-08-20,2,SC,watches_gifts,9.0
base,moving_average,2018-08-13,2018-08-27,3,SC,watches_gifts,9.0
base,moving_average,2018-08-13,2018-09-03,4,SC,watches_gifts,0.0
base,moving_average,2018-08-13,2018-08-13,1,SP,auto,113.0
base,moving_average,2018-08-13,2018-08-20,2,SP,auto,113.0
base,moving_average,2018-08-13,2018-08-27,3,SP,auto,113.0
base,moving_average,2018-08-13,2018-09-03,4,SP,auto,0.0
base,moving_average,2018-08-13,2018-08-13,1,SP,bed_bath_table,177.0
base,moving_average,2018-08-13,2018-08-20,2,SP,bed_bath_table,184.0
base,moving_average,2018-08-13,2018-08-27,3,SP,bed_bath_table,180.0
base,moving_average,2018-08-13,2018-09-03,4,SP,bed_bath_table,0.0
base,moving_average,2018-08-13,2018-08-13,1,SP,computers_accessories,108.0
base,moving_average,2018-08-13,2018-08-20,2,SP,computers_accessories,108.0
base,moving_average,2018-08-13,2018-08-27,3,SP,computers_accessories,108.0
base,moving_average,2018-08-13,2018-09-03,4,SP,computers_accessories,0.0
base,moving_average,2018-08-13,2018-08-13,1,SP,furniture_decor,105.0
base,moving_average,2018-08-13,2018-08-20,2,SP,furniture_decor,107.0
base,moving_average,2018-08-13,2018-08-27,3,SP,furniture_decor,104.0
base,moving_average,2018-08-13,2018-09-03,4,SP,furniture_decor,0.0
base,moving_average,2018-08-13,2018-08-13,1,SP,garden_tools,48.0
base,moving_average,2018-08-13,2018-08-20,2,SP,garden_tools,44.0
base,moving_average,2018-08-13,2018-08-27,3,SP,garden_tools,49.0
base,moving_average,2018-08-13,2018-09-03,4,SP,garden_tools,0.0
base,moving_average,2018-08-13,2018-08-13,1,SP,health_beauty,198.0
base,moving_average,2018-08-13,2018-08-20,2,SP,health_beauty,198.0
base,moving_average,2018-08-13,2018-08-27,3,SP,health_beauty,198.0
base,moving_average,2018-08-13,2018-09-03,4,SP,health_beauty,0.0
base,moving_average,2018-08-13,2018-08-13,1,SP,housewares,159.0
base,moving_average,2018-08-13,2018-08-20,2,SP,housewares,159.0
base,moving_average,2018-08-13,2018-08-27,3,SP,housewares,159.0
base,moving_average,2018-08-13,2018-09-03,4,SP,housewares,0.0
base,moving_average,2018-08-13,2018-08-13,1,SP,sports_leisure,102.0
base,moving_average,2018-08-13,2018-08-20,2,SP,sports_leisure,103.0
base,moving_average,2018-08-13,2018-08-27,3,SP,sports_leisure,99.0
base,moving_average,2018-08-13,2018-09-03,4,SP,sports_leisure,0.0
base,moving_average,2018-08-13,2018-08-13,1,SP,telephony,95.0
base,moving_average,2018-08-13,2018-08-20,2,SP,telephony,103.0
base,moving_average,2018-08-13,2018-08-27,3,SP,telephony,101.0
base,moving_average,2018-08-13,2018-09-03,4,SP,telephony,0.0
base,moving_average,2018-08-13,2018-08-13,1,SP,watches_gifts,126.0
base,moving_average,2018-08-13,2018-08-20,2,SP,watches_gifts,138.0
base,moving_average,2018-08-13,2018-08-27,3,SP,watches_gifts,133.0
base,moving_average,2018-08-13,2018-09-03,4,SP,watches_gifts,0.0
base,moving_average,2018-08-20,2018-08-20,1,MG,auto,0.0
base,moving_average,2018-08-20,2018-08-27,2,MG,auto,6.0
base,moving_average,2018-08-20,2018-09-03,3,MG,auto,2.0
base,moving_average,2018-08-20,2018-09-10,4,MG,auto,0.0
base,moving_average,2018-08-20,2018-08-20,1,MG,bed_bath_table,14.0
base,moving_average,2018-08-20,2018-08-27,2,MG,bed_bath_table,14.0
base,moving_average,2018-08-20,2018-09-03,3,MG,bed_bath_table,14.0
base,moving_average,2018-08-20,2018-09-10,4,MG,bed_bath_table,0.0
base,moving_average,2018-08-20,2018-08-20,1,MG,computers_accessories,16.0
base,moving_average,2018-08-20,2018-08-27,2,MG,computers_accessories,24.0
base,moving_average,2018-08-20,2018-09-03,3,MG,computers_accessories,24.0
base,moving_average,2018-08-20,2018-09-10,4,MG,computers_accessories,0.0
base,moving_average,2018-08-20,2018-08-20,1,MG,furniture_decor,12.0
base,moving_average,2018-08-20,2018-08-27,2,MG,furniture_decor,12.0
base,moving_average,2018-08-20,2018-09-03,3,MG,furniture_decor,12.0
base,moving_average,2018-08-20,2018-09-10,4,MG,furniture_decor,0.0
base,moving_average,2018-08-20,2018-08-20,1,MG,garden_tools,0.0
base,moving_average,2018-08-20,2018-08-27,2,MG,garden_tools,0.0
base,moving_average,2018-08-20,2018-09-03,3,MG,garden_tools,0.0
base,moving_average,2018-08-20,2018-09-10,4,MG,garden_tools,0.0
base,moving_average,2018-08-20,2018-08-20,1,MG,health_beauty,14.0
base,moving_average,2018-08-20,2018-08-27,2,MG,health_beauty,14.0
base,moving_average,2018-08-20,2018-09-03,3,MG,health_beauty,14.0
base,moving_average,2018-08-20,2018-09-10,4,MG,health_beauty,0.0
base,moving_average,2018-08-20,2018-08-20,1,MG,housewares,23.0
base,moving_average,2018-08-20,2018-08-27,2,MG,housewares,19.0
base,moving_average,2018-08-20,2018-09-03,3,MG,housewares,24.0
base,moving_average,2018-08-20,2018-09-10,4,MG,housewares,0.0
base,moving_average,2018-08-20,2018-08-20,1,MG,sports_leisure,12.0
base,moving_average,2018-08-20,2018-08-27,2,MG,sports_leisure,11.0
base,moving_average,2018-08-20,2018-09-03,3,MG,sports_leisure,11.0
base,moving_average,2018-08-20,2018-09-10,4,MG,sports_leisure,0.0
base,moving_average,2018-08-20,2018-08-20,1,MG,telephony,5.0
base,moving_average,2018-08-20,2018-08-27,2,MG,telephony,5.0
base,moving_average,2018-08-20,2018-09-03,3,MG,telephony,5.0
base,moving_average,2018-08-20,2018-09-10,4,MG,telephony,0.0
base,moving_average,2018-08-20,2018-08-20,1,MG,watches_gifts,0.0
base,moving_average,2018-08-20,2018-08-27,2,MG,watches_gifts,0.0
base,moving_average,2018-08-20,2018-09-03,3,MG,watches_gifts,0.0
base,moving_average,2018-08-20,2018-09-10,4,MG,watches_gifts,0.0
base,moving_average,2018-08-20,2018-08-20,1,PR,auto,8.0
base,moving_average,2018-08-20,2018-08-27,2,PR,auto,8.0
base,moving_average,2018-08-20,2018-09-03,3,PR,auto,8.0
base,moving_average,2018-08-20,2018-09-10,4,PR,auto,0.0
base,moving_average,2018-08-20,2018-08-20,1,PR,bed_bath_table,0.0
base,moving_average,2018-08-20,2018-08-27,2,PR,bed_bath_table,0.0
base,moving_average,2018-08-20,2018-09-03,3,PR,bed_bath_table,0.0
base,moving_average,2018-08-20,2018-09-10,4,PR,bed_bath_table,0.0
base,moving_average,2018-08-20,2018-08-20,1,PR,computers_accessories,0.0
base,moving_average,2018-08-20,2018-08-27,2,PR,computers_accessories,0.0
base,moving_average,2018-08-20,2018-09-03,3,PR,computers_accessories,0.0
base,moving_average,2018-08-20,2018-09-10,4,PR,computers_accessories,0.0
base,moving_average,2018-08-20,2018-08-20,1,PR,furniture_decor,8.0
base,moving_average,2018-08-20,2018-08-27,2,PR,furniture_decor,31.0
base,moving_average,2018-08-20,2018-09-03,3,PR,furniture_decor,26.0
base,moving_average,2018-08-20,2018-09-10,4,PR,furniture_decor,0.0
base,moving_average,2018-08-20,2018-08-20,1,PR,garden_tools,0.0
base,moving_average,2018-08-20,2018-08-27,2,PR,garden_tools,0.0
base,moving_average,2018-08-20,2018-09-03,3,PR,garden_tools,0.0
base,moving_average,2018-08-20,2018-09-10,4,PR,garden_tools,0.0
base,moving_average,2018-08-20,2018-08-20,1,PR,health_beauty,21.0
base,moving_average,2018-08-20,2018-08-27,2,PR,health_beauty,21.0
base,moving_average,2018-08-20,2018-09-03,3,PR,health_beauty,21.0
base,moving_average,2018-08-20,2018-09-10,4,PR,health_beauty,0.0
base,moving_average,2018-08-20,2018-08-20,1,PR,housewares,17.0
base,moving_average,2018-08-20,2018-08-27,2,PR,housewares,17.0
base,moving_average,2018-08-20,2018-09-03,3,PR,housewares,17.0
base,moving_average,2018-08-20,2018-09-10,4,PR,housewares,0.0
base,moving_average,2018-08-20,2018-08-20,1,PR,sports_leisure,6.0
base,moving_average,2018-08-20,2018-08-27,2,PR,sports_leisure,6.0
base,moving_average,2018-08-20,2018-09-03,3,PR,sports_leisure,5.0
base,moving_average,2018-08-20,2018-09-10,4,PR,sports_leisure,0.0
base,moving_average,2018-08-20,2018-08-20,1,PR,telephony,0.0
base,moving_average,2018-08-20,2018-08-27,2,PR,telephony,0.0
base,moving_average,2018-08-20,2018-09-03,3,PR,telephony,0.0
base,moving_average,2018-08-20,2018-09-10,4,PR,telephony,0.0
base,moving_average,2018-08-20,2018-08-20,1,PR,watches_gifts,8.0
base,moving_average,2018-08-20,2018-08-27,2,PR,watches_gifts,8.0
base,moving_average,2018-08-20,2018-09-03,3,PR,watches_gifts,8.0
base,moving_average,2018-08-20,2018-09-10,4,PR,watches_gifts,0.0
base,moving_average,2018-08-20,2018-08-20,1,RJ,auto,6.0
base,moving_average,2018-08-20,2018-08-27,2,RJ,auto,6.0
base,moving_average,2018-08-20,2018-09-03,3,RJ,auto,6.0
base,moving_average,2018-08-20,2018-09-10,4,RJ,auto,0.0
base,moving_average,2018-08-20,2018-08-20,1,RJ,bed_bath_table,10.0
base,moving_average,2018-08-20,2018-08-27,2,RJ,bed_bath_table,10.0
base,moving_average,2018-08-20,2018-09-03,3,RJ,bed_bath_table,10.0
base,moving_average,2018-08-20,2018-09-10,4,RJ,bed_bath_table,0.0
base,moving_average,2018-08-20,2018-08-20,1,RJ,computers_accessories,0.0
base,moving_average,2018-08-20,2018-08-27,2,RJ,computers_accessories,0.0
base,moving_average,2018-08-20,2018-09-03,3,RJ,computers_accessories,0.0
base,moving_average,2018-08-20,2018-09-10,4,RJ,computers_accessories,0.0
base,moving_average,2018-08-20,2018-08-20,1,RJ,furniture_decor,5.0
base,moving_average,2018-08-20,2018-08-27,2,RJ,furniture_decor,5.0
base,moving_average,2018-08-20,2018-09-03,3,RJ,furniture_decor,5.0
base,moving_average,2018-08-20,2018-09-10,4,RJ,furniture_decor,0.0
base,moving_average,2018-08-20,2018-08-20,1,RJ,garden_tools,4.0
base,moving_average,2018-08-20,2018-08-27,2,RJ,garden_tools,4.0
base,moving_average,2018-08-20,2018-09-03,3,RJ,garden_tools,4.0
base,moving_average,2018-08-20,2018-09-10,4,RJ,garden_tools,0.0
base,moving_average,2018-08-20,2018-08-20,1,RJ,health_beauty,29.0
base,moving_average,2018-08-20,2018-08-27,2,RJ,health_beauty,28.0
base,moving_average,2018-08-20,2018-09-03,3,RJ,health_beauty,23.0
base,moving_average,2018-08-20,2018-09-10,4,RJ,health_beauty,0.0
base,moving_average,2018-08-20,2018-08-20,1,RJ,housewares,8.0
base,moving_average,2018-08-20,2018-08-27,2,RJ,housewares,8.0
base,moving_average,2018-08-20,2018-09-03,3,RJ,housewares,8.0
base,moving_average,2018-08-20,2018-09-10,4,RJ,housewares,0.0
base,moving_average,2018-08-20,2018-08-20,1,RJ,sports_leisure,15.0
base,moving_average,2018-08-20,2018-08-27,2,RJ,sports_leisure,14.0
base,moving_average,2018-08-20,2018-09-03,3,RJ,sports_leisure,15.0
base,moving_average,2018-08-20,2018-09-10,4,RJ,sports_leisure,0.0
base,moving_average,2018-08-20,2018-08-20,1,RJ,telephony,6.0
base,moving_average,2018-08-20,2018-08-27,2,RJ,telephony,6.0
base,moving_average,2018-08-20,2018-09-03,3,RJ,telephony,6.0
base,moving_average,2018-08-20,2018-09-10,4,RJ,telephony,0.0
base,moving_average,2018-08-20,2018-08-20,1,RJ,watches_gifts,0.0
base,moving_average,2018-08-20,2018-08-27,2,RJ,watches_gifts,0.0
base,moving_average,2018-08-20,2018-09-03,3,RJ,watches_gifts,0.0
base,moving_average,2018-08-20,2018-09-10,4,RJ,watches_gifts,0.0
base,moving_average,2018-08-20,2018-08-20,1,RS,auto,3.0
base,moving_average,2018-08-20,2018-08-27,2,RS,auto,3.0
base,moving_average,2018-08-20,2018-09-03,3,RS,auto,3.0
base,moving_average,2018-08-20,2018-09-10,4,RS,auto,0.0
base,moving_average,2018-08-20,2018-08-20,1,RS,bed_bath_table,6.0
base,moving_average,2018-08-20,2018-08-27,2,RS,bed_bath_table,6.0
base,moving_average,2018-08-20,2018-09-03,3,RS,bed_bath_table,6.0
base,moving_average,2018-08-20,2018-09-10,4,RS,bed_bath_table,0.0
base,moving_average,2018-08-20,2018-08-20,1,RS,computers_accessories,3.0
base,moving_average,2018-08-20,2018-08-27,2,RS,computers_accessories,10.0
base,moving_average,2018-08-20,2018-09-03,3,RS,computers_accessories,9.0
base,moving_average,2018-08-20,2018-09-10,4,RS,computers_accessories,0.0
base,moving_average,2018-08-20,2018-08-20,1,RS,furniture_decor,5.0
base,moving_average,2018-08-20,2018-08-27,2,RS,furniture_decor,5.0
base,moving_average,2018-08-20,2018-09-03,3,RS,furniture_decor,5.0
base,moving_average,2018-08-20,2018-09-10,4,RS,furniture_decor,0.0
base,moving_average,2018-08-20,2018-08-20,1,RS,garden_tools,0.0
base,moving_average,2018-08-20,2018-08-27,2,RS,garden_tools,1.0
base,moving_average,2018-08-20,2018-09-03,3,RS,garden_tools,1.0
base,moving_average,2018-08-20,2018-09-10,4,RS,garden_tools,0.0
base,moving_average,2018-08-20,2018-08-20,1,RS,health_beauty,8.0
base,moving_average,2018-08-20,2018-08-27,2,RS,health_beauty,8.0
base,moving_average,2018-08-20,2018-09-03,3,RS,health_beauty,8.0
base,moving_average,2018-08-20,2018-09-10,4,RS,health_beauty,0.0
base,moving_average,2018-08-20,2018-08-20,1,RS,housewares,11.0
base,moving_average,2018-08-20,2018-08-27,2,RS,housewares,11.0
base,moving_average,2018-08-20,2018-09-03,3,RS,housewares,11.0
base,moving_average,2018-08-20,2018-09-10,4,RS,housewares,0.0
base,moving_average,2018-08-20,2018-08-20,1,RS,sports_leisure,0.0
base,moving_average,2018-08-20,2018-08-27,2,RS,sports_leisure,0.0
base,moving_average,2018-08-20,2018-09-03,3,RS,sports_leisure,0.0
base,moving_average,2018-08-20,2018-09-10,4,RS,sports_leisure,0.0
base,moving_average,2018-08-20,2018-08-20,1,RS,telephony,5.0
base,moving_average,2018-08-20,2018-08-27,2,RS,telephony,5.0
base,moving_average,2018-08-20,2018-09-03,3,RS,telephony,5.0
base,moving_average,2018-08-20,2018-09-10,4,RS,telephony,0.0
base,moving_average,2018-08-20,2018-08-20,1,RS,watches_gifts,0.0
base,moving_average,2018-08-20,2018-08-27,2,RS,watches_gifts,0.0
base,moving_average,2018-08-20,2018-09-03,3,RS,watches_gifts,0.0
base,moving_average,2018-08-20,2018-09-10,4,RS,watches_gifts,0.0
base,moving_average,2018-08-20,2018-08-20,1,SC,auto,0.0
base,moving_average,2018-08-20,2018-08-27,2,SC,auto,0.0
base,moving_average,2018-08-20,2018-09-03,3,SC,auto,0.0
base,moving_average,2018-08-20,2018-09-10,4,SC,auto,0.0
base,moving_average,2018-08-20,2018-08-20,1,SC,bed_bath_table,11.0
base,moving_average,2018-08-20,2018-08-27,2,SC,bed_bath_table,14.0
base,moving_average,2018-08-20,2018-09-03,3,SC,bed_bath_table,12.0
base,moving_average,2018-08-20,2018-09-10,4,SC,bed_bath_table,0.0
base,moving_average,2018-08-20,2018-08-20,1,SC,computers_accessories,9.0
base,moving_average,2018-08-20,2018-08-27,2,SC,computers_accessories,9.0
base,moving_average,2018-08-20,2018-09-03,3,SC,computers_accessories,9.0
base,moving_average,2018-08-20,2018-09-10,4,SC,computers_accessories,0.0
base,moving_average,2018-08-20,2018-08-20,1,SC,furniture_decor,6.0
base,moving_average,2018-08-20,2018-08-27,2,SC,furniture_decor,6.0
base,moving_average,2018-08-20,2018-09-03,3,SC,furniture_decor,6.0
base,moving_average,2018-08-20,2018-09-10,4,SC,furniture_decor,0.0
base,moving_average,2018-08-20,2018-08-20,1,SC,garden_tools,8.0
base,moving_average,2018-08-20,2018-08-27,2,SC,garden_tools,8.0
base,moving_average,2018-08-20,2018-09-03,3,SC,garden_tools,8.0
base,moving_average,2018-08-20,2018-09-10,4,SC,garden_tools,0.0
base,moving_average,2018-08-20,2018-08-20,1,SC,health_beauty,2.0
base,moving_average,2018-08-20,2018-08-27,2,SC,health_beauty,4.0
base,moving_average,2018-08-20,2018-09-03,3,SC,health_beauty,4.0
base,moving_average,2018-08-20,2018-09-10,4,SC,health_beauty,0.0
base,moving_average,2018-08-20,2018-08-20,1,SC,housewares,5.0
base,moving_average,2018-08-20,2018-08-27,2,SC,housewares,3.0
base,moving_average,2018-08-20,2018-09-03,3,SC,housewares,3.0
base,moving_average,2018-08-20,2018-09-10,4,SC,housewares,0.0
base,moving_average,2018-08-20,2018-08-20,1,SC,sports_leisure,18.0
base,moving_average,2018-08-20,2018-08-27,2,SC,sports_leisure,18.0
base,moving_average,2018-08-20,2018-09-03,3,SC,sports_leisure,18.0
base,moving_average,2018-08-20,2018-09-10,4,SC,sports_leisure,0.0
base,moving_average,2018-08-20,2018-08-20,1,SC,telephony,0.0
base,moving_average,2018-08-20,2018-08-27,2,SC,telephony,0.0
base,moving_average,2018-08-20,2018-09-03,3,SC,telephony,0.0
base,moving_average,2018-08-20,2018-09-10,4,SC,telephony,0.0
base,moving_average,2018-08-20,2018-08-20,1,SC,watches_gifts,2.0
base,moving_average,2018-08-20,2018-08-27,2,SC,watches_gifts,9.0
base,moving_average,2018-08-20,2018-09-03,3,SC,watches_gifts,8.0
base,moving_average,2018-08-20,2018-09-10,4,SC,watches_gifts,0.0
base,moving_average,2018-08-20,2018-08-20,1,SP,auto,109.0
base,moving_average,2018-08-20,2018-08-27,2,SP,auto,113.0
base,moving_average,2018-08-20,2018-09-03,3,SP,auto,113.0
base,moving_average,2018-08-20,2018-09-10,4,SP,auto,0.0
base,moving_average,2018-08-20,2018-08-20,1,SP,bed_bath_table,193.0
base,moving_average,2018-08-20,2018-08-27,2,SP,bed_bath_table,189.0
base,moving_average,2018-08-20,2018-09-03,3,SP,bed_bath_table,191.0
base,moving_average,2018-08-20,2018-09-10,4,SP,bed_bath_table,0.0
base,moving_average,2018-08-20,2018-08-20,1,SP,computers_accessories,108.0
base,moving_average,2018-08-20,2018-08-27,2,SP,computers_accessories,108.0
base,moving_average,2018-08-20,2018-09-03,3,SP,computers_accessories,108.0
base,moving_average,2018-08-20,2018-09-10,4,SP,computers_accessories,0.0
base,moving_average,2018-08-20,2018-08-20,1,SP,furniture_decor,103.0
base,moving_average,2018-08-20,2018-08-27,2,SP,furniture_decor,105.0
base,moving_average,2018-08-20,2018-09-03,3,SP,furniture_decor,107.0
base,moving_average,2018-08-20,2018-09-10,4,SP,furniture_decor,0.0
base,moving_average,2018-08-20,2018-08-20,1,SP,garden_tools,27.0
base,moving_average,2018-08-20,2018-08-27,2,SP,garden_tools,44.0
base,moving_average,2018-08-20,2018-09-03,3,SP,garden_tools,43.0
base,moving_average,2018-08-20,2018-09-10,4,SP,garden_tools,0.0
base,moving_average,2018-08-20,2018-08-20,1,SP,health_beauty,198.0
base,moving_average,2018-08-20,2018-08-27,2,SP,health_beauty,198.0
base,moving_average,2018-08-20,2018-09-03,3,SP,health_beauty,198.0
base,moving_average,2018-08-20,2018-09-10,4,SP,health_beauty,0.0
base,moving_average,2018-08-20,2018-08-20,1,SP,housewares,159.0
base,moving_average,2018-08-20,2018-08-27,2,SP,housewares,159.0
base,moving_average,2018-08-20,2018-09-03,3,SP,housewares,159.0
base,moving_average,2018-08-20,2018-09-10,4,SP,housewares,0.0
base,moving_average,2018-08-20,2018-08-20,1,SP,sports_leisure,115.0
base,moving_average,2018-08-20,2018-08-27,2,SP,sports_leisure,114.0
base,moving_average,2018-08-20,2018-09-03,3,SP,sports_leisure,118.0
base,moving_average,2018-08-20,2018-09-10,4,SP,sports_leisure,0.0
base,moving_average,2018-08-20,2018-08-20,1,SP,telephony,60.0
base,moving_average,2018-08-20,2018-08-27,2,SP,telephony,92.0
base,moving_average,2018-08-20,2018-09-03,3,SP,telephony,86.0
base,moving_average,2018-08-20,2018-09-10,4,SP,telephony,0.0
base,moving_average,2018-08-20,2018-08-20,1,SP,watches_gifts,94.0
base,moving_average,2018-08-20,2018-08-27,2,SP,watches_gifts,126.0
base,moving_average,2018-08-20,2018-09-03,3,SP,watches_gifts,126.0
base,moving_average,2018-08-20,2018-09-10,4,SP,watches_gifts,0.0
base,ridge,2018-05-28,2018-05-28,1,MG,auto,0.0
base,ridge,2018-05-28,2018-06-04,2,MG,auto,0.0
base,ridge,2018-05-28,2018-06-11,3,MG,auto,0.0
base,ridge,2018-05-28,2018-06-18,4,MG,auto,0.0
base,ridge,2018-05-28,2018-05-28,1,MG,bed_bath_table,14.0
base,ridge,2018-05-28,2018-06-04,2,MG,bed_bath_table,14.0
base,ridge,2018-05-28,2018-06-11,3,MG,bed_bath_table,14.0
base,ridge,2018-05-28,2018-06-18,4,MG,bed_bath_table,0.0
base,ridge,2018-05-28,2018-05-28,1,MG,computers_accessories,0.0
base,ridge,2018-05-28,2018-06-04,2,MG,computers_accessories,7.0
base,ridge,2018-05-28,2018-06-11,3,MG,computers_accessories,13.0
base,ridge,2018-05-28,2018-06-18,4,MG,computers_accessories,0.0
base,ridge,2018-05-28,2018-05-28,1,MG,furniture_decor,15.0
base,ridge,2018-05-28,2018-06-04,2,MG,furniture_decor,15.0
base,ridge,2018-05-28,2018-06-11,3,MG,furniture_decor,16.0
base,ridge,2018-05-28,2018-06-18,4,MG,furniture_decor,0.0
base,ridge,2018-05-28,2018-05-28,1,MG,garden_tools,0.0
base,ridge,2018-05-28,2018-06-04,2,MG,garden_tools,0.0
base,ridge,2018-05-28,2018-06-11,3,MG,garden_tools,0.0
base,ridge,2018-05-28,2018-06-18,4,MG,garden_tools,0.0
base,ridge,2018-05-28,2018-05-28,1,MG,health_beauty,14.0
base,ridge,2018-05-28,2018-06-04,2,MG,health_beauty,14.0
base,ridge,2018-05-28,2018-06-11,3,MG,health_beauty,14.0
base,ridge,2018-05-28,2018-06-18,4,MG,health_beauty,0.0
base,ridge,2018-05-28,2018-05-28,1,MG,housewares,0.0
base,ridge,2018-05-28,2018-06-04,2,MG,housewares,0.0
base,ridge,2018-05-28,2018-06-11,3,MG,housewares,0.0
base,ridge,2018-05-28,2018-06-18,4,MG,housewares,0.0
base,ridge,2018-05-28,2018-05-28,1,MG,sports_leisure,8.0
base,ridge,2018-05-28,2018-06-04,2,MG,sports_leisure,9.0
base,ridge,2018-05-28,2018-06-11,3,MG,sports_leisure,10.0
base,ridge,2018-05-28,2018-06-18,4,MG,sports_leisure,0.0
base,ridge,2018-05-28,2018-05-28,1,MG,telephony,5.0
base,ridge,2018-05-28,2018-06-04,2,MG,telephony,5.0
base,ridge,2018-05-28,2018-06-11,3,MG,telephony,5.0
base,ridge,2018-05-28,2018-06-18,4,MG,telephony,0.0
base,ridge,2018-05-28,2018-05-28,1,MG,watches_gifts,0.0
base,ridge,2018-05-28,2018-06-04,2,MG,watches_gifts,0.0
base,ridge,2018-05-28,2018-06-11,3,MG,watches_gifts,0.0
base,ridge,2018-05-28,2018-06-18,4,MG,watches_gifts,0.0
base,ridge,2018-05-28,2018-05-28,1,PR,auto,8.0
base,ridge,2018-05-28,2018-06-04,2,PR,auto,8.0
base,ridge,2018-05-28,2018-06-11,3,PR,auto,8.0
base,ridge,2018-05-28,2018-06-18,4,PR,auto,0.0
base,ridge,2018-05-28,2018-05-28,1,PR,bed_bath_table,0.0
base,ridge,2018-05-28,2018-06-04,2,PR,bed_bath_table,0.0
base,ridge,2018-05-28,2018-06-11,3,PR,bed_bath_table,0.0
base,ridge,2018-05-28,2018-06-18,4,PR,bed_bath_table,0.0
base,ridge,2018-05-28,2018-05-28,1,PR,computers_accessories,0.0
base,ridge,2018-05-28,2018-06-04,2,PR,computers_accessories,0.0
base,ridge,2018-05-28,2018-06-11,3,PR,computers_accessories,0.0
base,ridge,2018-05-28,2018-06-18,4,PR,computers_accessories,0.0
base,ridge,2018-05-28,2018-05-28,1,PR,furniture_decor,13.0
base,ridge,2018-05-28,2018-06-04,2,PR,furniture_decor,21.0
base,ridge,2018-05-28,2018-06-11,3,PR,furniture_decor,20.0
base,ridge,2018-05-28,2018-06-18,4,PR,furniture_decor,0.0
base,ridge,2018-05-28,2018-05-28,1,PR,garden_tools,0.0
base,ridge,2018-05-28,2018-06-04,2,PR,garden_tools,0.0
base,ridge,2018-05-28,2018-06-11,3,PR,garden_tools,0.0
base,ridge,2018-05-28,2018-06-18,4,PR,garden_tools,0.0
base,ridge,2018-05-28,2018-05-28,1,PR,health_beauty,1.0
base,ridge,2018-05-28,2018-06-04,2,PR,health_beauty,13.0
base,ridge,2018-05-28,2018-06-11,3,PR,health_beauty,13.0
base,ridge,2018-05-28,2018-06-18,4,PR,health_beauty,0.0
base,ridge,2018-05-28,2018-05-28,1,PR,housewares,17.0
base,ridge,2018-05-28,2018-06-04,2,PR,housewares,17.0
base,ridge,2018-05-28,2018-06-11,3,PR,housewares,17.0
base,ridge,2018-05-28,2018-06-18,4,PR,housewares,0.0
base,ridge,2018-05-28,2018-05-28,1,PR,sports_leisure,0.0
base,ridge,2018-05-28,2018-06-04,2,PR,sports_leisure,0.0
base,ridge,2018-05-28,2018-06-11,3,PR,sports_leisure,1.0
base,ridge,2018-05-28,2018-06-18,4,PR,sports_leisure,0.0
base,ridge,2018-05-28,2018-05-28,1,PR,telephony,0.0
base,ridge,2018-05-28,2018-06-04,2,PR,telephony,0.0
base,ridge,2018-05-28,2018-06-11,3,PR,telephony,0.0
base,ridge,2018-05-28,2018-06-18,4,PR,telephony,0.0
base,ridge,2018-05-28,2018-05-28,1,PR,watches_gifts,8.0
base,ridge,2018-05-28,2018-06-04,2,PR,watches_gifts,8.0
base,ridge,2018-05-28,2018-06-11,3,PR,watches_gifts,8.0
base,ridge,2018-05-28,2018-06-18,4,PR,watches_gifts,0.0
base,ridge,2018-05-28,2018-05-28,1,RJ,auto,6.0
base,ridge,2018-05-28,2018-06-04,2,RJ,auto,6.0
base,ridge,2018-05-28,2018-06-11,3,RJ,auto,6.0
base,ridge,2018-05-28,2018-06-18,4,RJ,auto,0.0
base,ridge,2018-05-28,2018-05-28,1,RJ,bed_bath_table,10.0
base,ridge,2018-05-28,2018-06-04,2,RJ,bed_bath_table,10.0
base,ridge,2018-05-28,2018-06-11,3,RJ,bed_bath_table,10.0
base,ridge,2018-05-28,2018-06-18,4,RJ,bed_bath_table,0.0
base,ridge,2018-05-28,2018-05-28,1,RJ,computers_accessories,0.0
base,ridge,2018-05-28,2018-06-04,2,RJ,computers_accessories,0.0
base,ridge,2018-05-28,2018-06-11,3,RJ,computers_accessories,0.0
base,ridge,2018-05-28,2018-06-18,4,RJ,computers_accessories,0.0
base,ridge,2018-05-28,2018-05-28,1,RJ,furniture_decor,5.0
base,ridge,2018-05-28,2018-06-04,2,RJ,furniture_decor,5.0
base,ridge,2018-05-28,2018-06-11,3,RJ,furniture_decor,5.0
base,ridge,2018-05-28,2018-06-18,4,RJ,furniture_decor,0.0
base,ridge,2018-05-28,2018-05-28,1,RJ,garden_tools,4.0
base,ridge,2018-05-28,2018-06-04,2,RJ,garden_tools,4.0
base,ridge,2018-05-28,2018-06-11,3,RJ,garden_tools,4.0
base,ridge,2018-05-28,2018-06-18,4,RJ,garden_tools,0.0
base,ridge,2018-05-28,2018-05-28,1,RJ,health_beauty,0.0
base,ridge,2018-05-28,2018-06-04,2,RJ,health_beauty,0.0
base,ridge,2018-05-28,2018-06-11,3,RJ,health_beauty,0.0
base,ridge,2018-05-28,2018-06-18,4,RJ,health_beauty,0.0
base,ridge,2018-05-28,2018-05-28,1,RJ,housewares,8.0
base,ridge,2018-05-28,2018-06-04,2,RJ,housewares,8.0
base,ridge,2018-05-28,2018-06-11,3,RJ,housewares,8.0
base,ridge,2018-05-28,2018-06-18,4,RJ,housewares,0.0
base,ridge,2018-05-28,2018-05-28,1,RJ,sports_leisure,11.0
base,ridge,2018-05-28,2018-06-04,2,RJ,sports_leisure,11.0
base,ridge,2018-05-28,2018-06-11,3,RJ,sports_leisure,11.0
base,ridge,2018-05-28,2018-06-18,4,RJ,sports_leisure,0.0
base,ridge,2018-05-28,2018-05-28,1,RJ,telephony,4.0
base,ridge,2018-05-28,2018-06-04,2,RJ,telephony,5.0
base,ridge,2018-05-28,2018-06-11,3,RJ,telephony,4.0
base,ridge,2018-05-28,2018-06-18,4,RJ,telephony,0.0
base,ridge,2018-05-28,2018-05-28,1,RJ,watches_gifts,0.0
base,ridge,2018-05-28,2018-06-04,2,RJ,watches_gifts,0.0
base,ridge,2018-05-28,2018-06-11,3,RJ,watches_gifts,0.0
base,ridge,2018-05-28,2018-06-18,4,RJ,watches_gifts,0.0
base,ridge,2018-05-28,2018-05-28,1,RS,auto,3.0
base,ridge,2018-05-28,2018-06-04,2,RS,auto,3.0
base,ridge,2018-05-28,2018-06-11,3,RS,auto,3.0
base,ridge,2018-05-28,2018-06-18,4,RS,auto,0.0
base,ridge,2018-05-28,2018-05-28,1,RS,bed_bath_table,6.0
base,ridge,2018-05-28,2018-06-04,2,RS,bed_bath_table,6.0
base,ridge,2018-05-28,2018-06-11,3,RS,bed_bath_table,6.0
base,ridge,2018-05-28,2018-06-18,4,RS,bed_bath_table,0.0
base,ridge,2018-05-28,2018-05-28,1,RS,computers_accessories,0.0
base,ridge,2018-05-28,2018-06-04,2,RS,computers_accessories,0.0
base,ridge,2018-05-28,2018-06-11,3,RS,computers_accessories,9.0
base,ridge,2018-05-28,2018-06-18,4,RS,computers_accessories,0.0
base,ridge,2018-05-28,2018-05-28,1,RS,furniture_decor,5.0
base,ridge,2018-05-28,2018-06-04,2,RS,furniture_decor,5.0
base,ridge,2018-05-28,2018-06-11,3,RS,furniture_decor,5.0
base,ridge,2018-05-28,2018-06-18,4,RS,furniture_decor,0.0
base,ridge,2018-05-28,2018-05-28,1,RS,garden_tools,1.0
base,ridge,2018-05-28,2018-06-04,2,RS,garden_tools,1.0
base,ridge,2018-05-28,2018-06-11,3,RS,garden_tools,1.0
base,ridge,2018-05-28,2018-06-18,4,RS,garden_tools,0.0
base,ridge,2018-05-28,2018-05-28,1,RS,health_beauty,8.0
base,ridge,2018-05-28,2018-06-04,2,RS,health_beauty,8.0
base,ridge,2018-05-28,2018-06-11,3,RS,health_beauty,8.0
base,ridge,2018-05-28,2018-06-18,4,RS,health_beauty,0.0
base,ridge,2018-05-28,2018-05-28,1,RS,housewares,0.0
base,ridge,2018-05-28,2018-06-04,2,RS,housewares,3.0
base,ridge,2018-05-28,2018-06-11,3,RS,housewares,3.0
base,ridge,2018-05-28,2018-06-18,4,RS,housewares,0.0
base,ridge,2018-05-28,2018-05-28,1,RS,sports_leisure,0.0
base,ridge,2018-05-28,2018-06-04,2,RS,sports_leisure,0.0
base,ridge,2018-05-28,2018-06-11,3,RS,sports_leisure,0.0
base,ridge,2018-05-28,2018-06-18,4,RS,sports_leisure,0.0
base,ridge,2018-05-28,2018-05-28,1,RS,telephony,5.0
base,ridge,2018-05-28,2018-06-04,2,RS,telephony,5.0
base,ridge,2018-05-28,2018-06-11,3,RS,telephony,5.0
base,ridge,2018-05-28,2018-06-18,4,RS,telephony,0.0
base,ridge,2018-05-28,2018-05-28,1,RS,watches_gifts,0.0
base,ridge,2018-05-28,2018-06-04,2,RS,watches_gifts,0.0
base,ridge,2018-05-28,2018-06-11,3,RS,watches_gifts,1.0
base,ridge,2018-05-28,2018-06-18,4,RS,watches_gifts,0.0
base,ridge,2018-05-28,2018-05-28,1,SC,auto,0.0
base,ridge,2018-05-28,2018-06-04,2,SC,auto,0.0
base,ridge,2018-05-28,2018-06-11,3,SC,auto,0.0
base,ridge,2018-05-28,2018-06-18,4,SC,auto,0.0
base,ridge,2018-05-28,2018-05-28,1,SC,bed_bath_table,10.0
base,ridge,2018-05-28,2018-06-04,2,SC,bed_bath_table,12.0
base,ridge,2018-05-28,2018-06-11,3,SC,bed_bath_table,12.0
base,ridge,2018-05-28,2018-06-18,4,SC,bed_bath_table,0.0
base,ridge,2018-05-28,2018-05-28,1,SC,computers_accessories,0.0
base,ridge,2018-05-28,2018-06-04,2,SC,computers_accessories,1.0
base,ridge,2018-05-28,2018-06-11,3,SC,computers_accessories,9.0
base,ridge,2018-05-28,2018-06-18,4,SC,computers_accessories,0.0
base,ridge,2018-05-28,2018-05-28,1,SC,furniture_decor,6.0
base,ridge,2018-05-28,2018-06-04,2,SC,furniture_decor,6.0
base,ridge,2018-05-28,2018-06-11,3,SC,furniture_decor,6.0
base,ridge,2018-05-28,2018-06-18,4,SC,furniture_decor,0.0
base,ridge,2018-05-28,2018-05-28,1,SC,garden_tools,8.0
base,ridge,2018-05-28,2018-06-04,2,SC,garden_tools,8.0
base,ridge,2018-05-28,2018-06-11,3,SC,garden_tools,8.0
base,ridge,2018-05-28,2018-06-18,4,SC,garden_tools,0.0
base,ridge,2018-05-28,2018-05-28,1,SC,health_beauty,0.0
base,ridge,2018-05-28,2018-06-04,2,SC,health_beauty,0.0
base,ridge,2018-05-28,2018-06-11,3,SC,health_beauty,0.0
base,ridge,2018-05-28,2018-06-18,4,SC,health_beauty,0.0
base,ridge,2018-05-28,2018-05-28,1,SC,housewares,0.0
base,ridge,2018-05-28,2018-06-04,2,SC,housewares,0.0
base,ridge,2018-05-28,2018-06-11,3,SC,housewares,0.0
base,ridge,2018-05-28,2018-06-18,4,SC,housewares,0.0
base,ridge,2018-05-28,2018-05-28,1,SC,sports_leisure,0.0
base,ridge,2018-05-28,2018-06-04,2,SC,sports_leisure,6.0
base,ridge,2018-05-28,2018-06-11,3,SC,sports_leisure,18.0
base,ridge,2018-05-28,2018-06-18,4,SC,sports_leisure,0.0
base,ridge,2018-05-28,2018-05-28,1,SC,telephony,0.0
base,ridge,2018-05-28,2018-06-04,2,SC,telephony,0.0
base,ridge,2018-05-28,2018-06-11,3,SC,telephony,0.0
base,ridge,2018-05-28,2018-06-18,4,SC,telephony,0.0
base,ridge,2018-05-28,2018-05-28,1,SC,watches_gifts,8.0
base,ridge,2018-05-28,2018-06-04,2,SC,watches_gifts,8.0
base,ridge,2018-05-28,2018-06-11,3,SC,watches_gifts,9.0
base,ridge,2018-05-28,2018-06-18,4,SC,watches_gifts,0.0
base,ridge,2018-05-28,2018-05-28,1,SP,auto,41.0
base,ridge,2018-05-28,2018-06-04,2,SP,auto,66.0
base,ridge,2018-05-28,2018-06-11,3,SP,auto,66.0
base,ridge,2018-05-28,2018-06-18,4,SP,auto,0.0
base,ridge,2018-05-28,2018-05-28,1,SP,bed_bath_table,61.0
base,ridge,2018-05-28,2018-06-04,2,SP,bed_bath_table,141.0
base,ridge,2018-05-28,2018-06-11,3,SP,bed_bath_table,140.0
base,ridge,2018-05-28,2018-06-18,4,SP,bed_bath_table,0.0
base,ridge,2018-05-28,2018-05-28,1,SP,computers_accessories,99.0
base,ridge,2018-05-28,2018-06-04,2,SP,computers_accessories,102.0
base,ridge,2018-05-28,2018-06-11,3,SP,computers_accessories,100.0
base,ridge,2018-05-28,2018-06-18,4,SP,computers_accessories,0.0
base,ridge,2018-05-28,2018-05-28,1,SP,furniture_decor,48.0
base,ridge,2018-05-28,2018-06-04,2,SP,furniture_decor,99.0
base,ridge,2018-05-28,2018-06-11,3,SP,furniture_decor,97.0
base,ridge,2018-05-28,2018-06-18,4,SP,furniture_decor,0.0
base,ridge,2018-05-28,2018-05-28,1,SP,garden_tools,35.0
base,ridge,2018-05-28,2018-06-04,2,SP,garden_tools,68.0
base,ridge,2018-05-28,2018-06-11,3,SP,garden_tools,70.0
base,ridge,2018-05-28,2018-06-18,4,SP,garden_tools,0.0
base,ridge,2018-05-28,2018-05-28,1,SP,health_beauty,98.0
base,ridge,2018-05-28,2018-06-04,2,SP,health_beauty,135.0
base,ridge,2018-05-28,2018-06-11,3,SP,health_beauty,146.0
base,ridge,2018-05-28,2018-06-18,4,SP,health_beauty,0.0
base,ridge,2018-05-28,2018-05-28,1,SP,housewares,82.0
base,ridge,2018-05-28,2018-06-04,2,SP,housewares,103.0
base,ridge,2018-05-28,2018-06-11,3,SP,housewares,108.0
base,ridge,2018-05-28,2018-06-18,4,SP,housewares,0.0
base,ridge,2018-05-28,2018-05-28,1,SP,sports_leisure,43.0
base,ridge,2018-05-28,2018-06-04,2,SP,sports_leisure,91.0
base,ridge,2018-05-28,2018-06-11,3,SP,sports_leisure,92.0
base,ridge,2018-05-28,2018-06-18,4,SP,sports_leisure,0.0
base,ridge,2018-05-28,2018-05-28,1,SP,telephony,17.0
base,ridge,2018-05-28,2018-06-04,2,SP,telephony,58.0
base,ridge,2018-05-28,2018-06-11,3,SP,telephony,58.0
base,ridge,2018-05-28,2018-06-18,4,SP,telephony,0.0
base,ridge,2018-05-28,2018-05-28,1,SP,watches_gifts,112.0
base,ridge,2018-05-28,2018-06-04,2,SP,watches_gifts,128.0
base,ridge,2018-05-28,2018-06-11,3,SP,watches_gifts,136.0
base,ridge,2018-05-28,2018-06-18,4,SP,watches_gifts,0.0
base,ridge,2018-06-04,2018-06-04,1,MG,auto,0.0
base,ridge,2018-06-04,2018-06-11,2,MG,auto,0.0
base,ridge,2018-06-04,2018-06-18,3,MG,auto,0.0
base,ridge,2018-06-04,2018-06-25,4,MG,auto,0.0
base,ridge,2018-06-04,2018-06-04,1,MG,bed_bath_table,14.0
base,ridge,2018-06-04,2018-06-11,2,MG,bed_bath_table,14.0
base,ridge,2018-06-04,2018-06-18,3,MG,bed_bath_table,14.0
base,ridge,2018-06-04,2018-06-25,4,MG,bed_bath_table,0.0
base,ridge,2018-06-04,2018-06-04,1,MG,computers_accessories,0.0
base,ridge,2018-06-04,2018-06-11,2,MG,computers_accessories,2.0
base,ridge,2018-06-04,2018-06-18,3,MG,computers_accessories,12.0
base,ridge,2018-06-04,2018-06-25,4,MG,computers_accessories,0.0
base,ridge,2018-06-04,2018-06-04,1,MG,furniture_decor,12.0
base,ridge,2018-06-04,2018-06-11,2,MG,furniture_decor,15.0
base,ridge,2018-06-04,2018-06-18,3,MG,furniture_decor,15.0
base,ridge,2018-06-04,2018-06-25,4,MG,furniture_decor,0.0
base,ridge,2018-06-04,2018-06-04,1,MG,garden_tools,0.0
base,ridge,2018-06-04,2018-06-11,2,MG,garden_tools,0.0
base,ridge,2018-06-04,2018-06-18,3,MG,garden_tools,0.0
base,ridge,2018-06-04,2018-06-25,4,MG,garden_tools,0.0
base,ridge,2018-06-04,2018-06-04,1,MG,health_beauty,14.0
base,ridge,2018-06-04,2018-06-11,2,MG,health_beauty,14.0
base,ridge,2018-06-04,2018-06-18,3,MG,health_beauty,14.0
base,ridge,2018-06-04,2018-06-25,4,MG,health_beauty,0.0
base,ridge,2018-06-04,2018-06-04,1,MG,housewares,0.0
base,ridge,2018-06-04,2018-06-11,2,MG,housewares,0.0
base,ridge,2018-06-04,2018-06-18,3,MG,housewares,0.0
base,ridge,2018-06-04,2018-06-25,4,MG,housewares,0.0
base,ridge,2018-06-04,2018-06-04,1,MG,sports_leisure,4.0
base,ridge,2018-06-04,2018-06-11,2,MG,sports_leisure,10.0
base,ridge,2018-06-04,2018-06-18,3,MG,sports_leisure,9.0
base,ridge,2018-06-04,2018-06-25,4,MG,sports_leisure,0.0
base,ridge,2018-06-04,2018-06-04,1,MG,telephony,5.0
base,ridge,2018-06-04,2018-06-11,2,MG,telephony,5.0
base,ridge,2018-06-04,2018-06-18,3,MG,telephony,5.0
base,ridge,2018-06-04,2018-06-25,4,MG,telephony,0.0
base,ridge,2018-06-04,2018-06-04,1,MG,watches_gifts,0.0
base,ridge,2018-06-04,2018-06-11,2,MG,watches_gifts,0.0
base,ridge,2018-06-04,2018-06-18,3,MG,watches_gifts,0.0
base,ridge,2018-06-04,2018-06-25,4,MG,watches_gifts,0.0
base,ridge,2018-06-04,2018-06-04,1,PR,auto,4.0
base,ridge,2018-06-04,2018-06-11,2,PR,auto,8.0
base,ridge,2018-06-04,2018-06-18,3,PR,auto,8.0
base,ridge,2018-06-04,2018-06-25,4,PR,auto,0.0
base,ridge,2018-06-04,2018-06-04,1,PR,bed_bath_table,0.0
base,ridge,2018-06-04,2018-06-11,2,PR,bed_bath_table,0.0
base,ridge,2018-06-04,2018-06-18,3,PR,bed_bath_table,0.0
base,ridge,2018-06-04,2018-06-25,4,PR,bed_bath_table,0.0
base,ridge,2018-06-04,2018-06-04,1,PR,computers_accessories,0.0
base,ridge,2018-06-04,2018-06-11,2,PR,computers_accessories,0.0
base,ridge,2018-06-04,2018-06-18,3,PR,computers_accessories,0.0
base,ridge,2018-06-04,2018-06-25,4,PR,computers_accessories,0.0
base,ridge,2018-06-04,2018-06-04,1,PR,furniture_decor,3.0
base,ridge,2018-06-04,2018-06-11,2,PR,furniture_decor,19.0
base,ridge,2018-06-04,2018-06-18,3,PR,furniture_decor,19.0
base,ridge,2018-06-04,2018-06-25,4,PR,furniture_decor,0.0
base,ridge,2018-06-04,2018-06-04,1,PR,garden_tools,0.0
base,ridge,2018-06-04,2018-06-11,2,PR,garden_tools,0.0
base,ridge,2018-06-04,2018-06-18,3,PR,garden_tools,0.0
base,ridge,2018-06-04,2018-06-25,4,PR,garden_tools,0.0
base,ridge,2018-06-04,2018-06-04,1,PR,health_beauty,6.0
base,ridge,2018-06-04,2018-06-11,2,PR,health_beauty,14.0
base,ridge,2018-06-04,2018-06-18,3,PR,health_beauty,14.0
base,ridge,2018-06-04,2018-06-25,4,PR,health_beauty,0.0
base,ridge,2018-06-04,2018-06-04,1,PR,housewares,17.0
base,ridge,2018-06-04,2018-06-11,2,PR,housewares,17.0
base,ridge,2018-06-04,2018-06-18,3,PR,housewares,17.0
base,ridge,2018-06-04,2018-06-25,4,PR,housewares,0.0
base,ridge,2018-06-04,2018-06-04,1,PR,sports_leisure,0.0
base,ridge,2018-06-04,2018-06-11,2,PR,sports_leisure,3.0
base,ridge,2018-06-04,2018-06-18,3,PR,sports_leisure,2.0
base,ridge,2018-06-04,2018-06-25,4,PR,sports_leisure,0.0
base,ridge,2018-06-04,2018-06-04,1,PR,telephony,0.0
base,ridge,2018-06-04,2018-06-11,2,PR,telephony,0.0
base,ridge,2018-06-04,2018-06-18,3,PR,telephony,0.0
base,ridge,2018-06-04,2018-06-25,4,PR,telephony,0.0
base,ridge,2018-06-04,2018-06-04,1,PR,watches_gifts,5.0
base,ridge,2018-06-04,2018-06-11,2,PR,watches_gifts,8.0
base,ridge,2018-06-04,2018-06-18,3,PR,watches_gifts,8.0
base,ridge,2018-06-04,2018-06-25,4,PR,watches_gifts,0.0
base,ridge,2018-06-04,2018-06-04,1,RJ,auto,6.0
base,ridge,2018-06-04,2018-06-11,2,RJ,auto,6.0
base,ridge,2018-06-04,2018-06-18,3,RJ,auto,6.0
base,ridge,2018-06-04,2018-06-25,4,RJ,auto,0.0
base,ridge,2018-06-04,2018-06-04,1,RJ,bed_bath_table,10.0
base,ridge,2018-06-04,2018-06-11,2,RJ,bed_bath_table,10.0
base,ridge,2018-06-04,2018-06-18,3,RJ,bed_bath_table,10.0
base,ridge,2018-06-04,2018-06-25,4,RJ,bed_bath_table,0.0
base,ridge,2018-06-04,2018-06-04,1,RJ,computers_accessories,0.0
base,ridge,2018-06-04,2018-06-11,2,RJ,computers_accessories,0.0
base,ridge,2018-06-04,2018-06-18,3,RJ,computers_accessories,0.0
base,ridge,2018-06-04,2018-06-25,4,RJ,computers_accessories,0.0
base,ridge,2018-06-04,2018-06-04,1,RJ,furniture_decor,5.0
base,ridge,2018-06-04,2018-06-11,2,RJ,furniture_decor,5.0
base,ridge,2018-06-04,2018-06-18,3,RJ,furniture_decor,5.0
base,ridge,2018-06-04,2018-06-25,4,RJ,furniture_decor,0.0
base,ridge,2018-06-04,2018-06-04,1,RJ,garden_tools,4.0
base,ridge,2018-06-04,2018-06-11,2,RJ,garden_tools,4.0
base,ridge,2018-06-04,2018-06-18,3,RJ,garden_tools,4.0
base,ridge,2018-06-04,2018-06-25,4,RJ,garden_tools,0.0
base,ridge,2018-06-04,2018-06-04,1,RJ,health_beauty,0.0
base,ridge,2018-06-04,2018-06-11,2,RJ,health_beauty,0.0
base,ridge,2018-06-04,2018-06-18,3,RJ,health_beauty,0.0
base,ridge,2018-06-04,2018-06-25,4,RJ,health_beauty,0.0
base,ridge,2018-06-04,2018-06-04,1,RJ,housewares,8.0
base,ridge,2018-06-04,2018-06-11,2,RJ,housewares,8.0
base,ridge,2018-06-04,2018-06-18,3,RJ,housewares,8.0
base,ridge,2018-06-04,2018-06-25,4,RJ,housewares,0.0
base,ridge,2018-06-04,2018-06-04,1,RJ,sports_leisure,11.0
base,ridge,2018-06-04,2018-06-11,2,RJ,sports_leisure,11.0
base,ridge,2018-06-04,2018-06-18,3,RJ,sports_leisure,11.0
base,ridge,2018-06-04,2018-06-25,4,RJ,sports_leisure,0.0
base,ridge,2018-06-04,2018-06-04,1,RJ,telephony,6.0
base,ridge,2018-06-04,2018-06-11,2,RJ,telephony,6.0
base,ridge,2018-06-04,2018-06-18,3,RJ,telephony,5.0
base,ridge,2018-06-04,2018-06-25,4,RJ,telephony,0.0
base,ridge,2018-06-04,2018-06-04,1,RJ,watches_gifts,0.0
base,ridge,2018-06-04,2018-06-11,2,RJ,watches_gifts,0.0
base,ridge,2018-06-04,2018-06-18,3,RJ,watches_gifts,0.0
base,ridge,2018-06-04,2018-06-25,4,RJ,watches_gifts,0.0
base,ridge,2018-06-04,2018-06-04,1,RS,auto,3.0
base,ridge,2018-06-04,2018-06-11,2,RS,auto,3.0
base,ridge,2018-06-04,2018-06-18,3,RS,auto,3.0
base,ridge,2018-06-04,2018-06-25,4,RS,auto,0.0
base,ridge,2018-06-04,2018-06-04,1,RS,bed_bath_table,6.0
base,ridge,2018-06-04,2018-06-11,2,RS,bed_bath_table,6.0
base,ridge,2018-06-04,2018-06-18,3,RS,bed_bath_table,6.0
base,ridge,2018-06-04,2018-06-25,4,RS,bed_bath_table,0.0
base,ridge,2018-06-04,2018-06-04,1,RS,computers_accessories,0.0
base,ridge,2018-06-04,2018-06-11,2,RS,computers_accessories,0.0
base,ridge,2018-06-04,2018-06-18,3,RS,computers_accessories,1.0
base,ridge,2018-06-04,2018-06-25,4,RS,computers_accessories,0.0
base,ridge,2018-06-04,2018-06-04,1,RS,furniture_decor,5.0
base,ridge,2018-06-04,2018-06-11,2,RS,furniture_decor,5.0
base,ridge,2018-06-04,2018-06-18,3,RS,furniture_decor,5.0
base,ridge,2018-06-04,2018-06-25,4,RS,furniture_decor,0.0
base,ridge,2018-06-04,2018-06-04,1,RS,garden_tools,0.0
base,ridge,2018-06-04,2018-06-11,2,RS,garden_tools,1.0
base,ridge,2018-06-04,2018-06-18,3,RS,garden_tools,1.0
base,ridge,2018-06-04,2018-06-25,4,RS,garden_tools,0.0
base,ridge,2018-06-04,2018-06-04,1,RS,health_beauty,8.0
base,ridge,2018-06-04,2018-06-11,2,RS,health_beauty,8.0
base,ridge,2018-06-04,2018-06-18,3,RS,health_beauty,8.0
base,ridge,2018-06-04,2018-06-25,4,RS,health_beauty,0.0
base,ridge,2018-06-04,2018-06-04,1,RS,housewares,0.0
base,ridge,2018-06-04,2018-06-11,2,RS,housewares,3.0
base,ridge,2018-06-04,2018-06-18,3,RS,housewares,4.0
base,ridge,2018-06-04,2018-06-25,4,RS,housewares,0.0
base,ridge,2018-06-04,2018-06-04,1,RS,sports_leisure,0.0
base,ridge,2018-06-04,2018-06-11,2,RS,sports_leisure,0.0
base,ridge,2018-06-04,2018-06-18,3,RS,sports_leisure,0.0
base,ridge,2018-06-04,2018-06-25,4,RS,sports_leisure,0.0
base,ridge,2018-06-04,2018-06-04,1,RS,telephony,5.0
base,ridge,2018-06-04,2018-06-11,2,RS,telephony,5.0
base,ridge,2018-06-04,2018-06-18,3,RS,telephony,5.0
base,ridge,2018-06-04,2018-06-25,4,RS,telephony,0.0
base,ridge,2018-06-04,2018-06-04,1,RS,watches_gifts,0.0
base,ridge,2018-06-04,2018-06-11,2,RS,watches_gifts,0.0
base,ridge,2018-06-04,2018-06-18,3,RS,watches_gifts,0.0
base,ridge,2018-06-04,2018-06-25,4,RS,watches_gifts,0.0
base,ridge,2018-06-04,2018-06-04,1,SC,auto,0.0
base,ridge,2018-06-04,2018-06-11,2,SC,auto,0.0
base,ridge,2018-06-04,2018-06-18,3,SC,auto,0.0
base,ridge,2018-06-04,2018-06-25,4,SC,auto,0.0
base,ridge,2018-06-04,2018-06-04,1,SC,bed_bath_table,3.0
base,ridge,2018-06-04,2018-06-11,2,SC,bed_bath_table,11.0
base,ridge,2018-06-04,2018-06-18,3,SC,bed_bath_table,11.0
base,ridge,2018-06-04,2018-06-25,4,SC,bed_bath_table,0.0
base,ridge,2018-06-04,2018-06-04,1,SC,computers_accessories,0.0
base,ridge,2018-06-04,2018-06-11,2,SC,computers_accessories,0.0
base,ridge,2018-06-04,2018-06-18,3,SC,computers_accessories,9.0
base,ridge,2018-06-04,2018-06-25,4,SC,computers_accessories,0.0
base,ridge,2018-06-04,2018-06-04,1,SC,furniture_decor,6.0
base,ridge,2018-06-04,2018-06-11,2,SC,furniture_decor,6.0
base,ridge,2018-06-04,2018-06-18,3,SC,furniture_decor,6.0
base,ridge,2018-06-04,2018-06-25,4,SC,furniture_decor,0.0
base,ridge,2018-06-04,2018-06-04,1,SC,garden_tools,8.0
base,ridge,2018-06-04,2018-06-11,2,SC,garden_tools,8.0
base,ridge,2018-06-04,2018-06-18,3,SC,garden_tools,8.0
base,ridge,2018-06-04,2018-06-25,4,SC,garden_tools,0.0
base,ridge,2018-06-04,2018-06-04,1,SC,health_beauty,0.0
base,ridge,2018-06-04,2018-06-11,2,SC,health_beauty,0.0
base,ridge,2018-06-04,2018-06-18,3,SC,health_beauty,0.0
base,ridge,2018-06-04,2018-06-25,4,SC,health_beauty,0.0
base,ridge,2018-06-04,2018-06-04,1,SC,housewares,0.0
base,ridge,2018-06-04,2018-06-11,2,SC,housewares,0.0
base,ridge,2018-06-04,2018-06-18,3,SC,housewares,0.0
base,ridge,2018-06-04,2018-06-25,4,SC,housewares,0.0
base,ridge,2018-06-04,2018-06-04,1,SC,sports_leisure,11.0
base,ridge,2018-06-04,2018-06-11,2,SC,sports_leisure,18.0
base,ridge,2018-06-04,2018-06-18,3,SC,sports_leisure,18.0
base,ridge,2018-06-04,2018-06-25,4,SC,sports_leisure,0.0
base,ridge,2018-06-04,2018-06-04,1,SC,telephony,0.0
base,ridge,2018-06-04,2018-06-11,2,SC,telephony,0.0
base,ridge,2018-06-04,2018-06-18,3,SC,telephony,0.0
base,ridge,2018-06-04,2018-06-25,4,SC,telephony,0.0
base,ridge,2018-06-04,2018-06-04,1,SC,watches_gifts,0.0
base,ridge,2018-06-04,2018-06-11,2,SC,watches_gifts,9.0
base,ridge,2018-06-04,2018-06-18,3,SC,watches_gifts,8.0
base,ridge,2018-06-04,2018-06-25,4,SC,watches_gifts,0.0
base,ridge,2018-06-04,2018-06-04,1,SP,auto,16.0
base,ridge,2018-06-04,2018-06-11,2,SP,auto,62.0
base,ridge,2018-06-04,2018-06-18,3,SP,auto,63.0
base,ridge,2018-06-04,2018-06-25,4,SP,auto,0.0
base,ridge,2018-06-04,2018-06-04,1,SP,bed_bath_table,87.0
base,ridge,2018-06-04,2018-06-11,2,SP,bed_bath_table,137.0
base,ridge,2018-06-04,2018-06-18,3,SP,bed_bath_table,138.0
base,ridge,2018-06-04,2018-06-25,4,SP,bed_bath_table,0.0
base,ridge,2018-06-04,2018-06-04,1,SP,computers_accessories,22.0
base,ridge,2018-06-04,2018-06-11,2,SP,computers_accessories,92.0
base,ridge,2018-06-04,2018-06-18,3,SP,computers_accessories,94.0
base,ridge,2018-06-04,2018-06-25,4,SP,computers_accessories,0.0
base,ridge,2018-06-04,2018-06-04,1,SP,furniture_decor,41.0
base,ridge,2018-06-04,2018-06-11,2,SP,furniture_decor,93.0
base,ridge,2018-06-04,2018-06-18,3,SP,furniture_decor,95.0
base,ridge,2018-06-04,2018-06-25,4,SP,furniture_decor,0.0
base,ridge,2018-06-04,2018-06-04,1,SP,garden_tools,5.0
base,ridge,2018-06-04,2018-06-11,2,SP,garden_tools,60.0
base,ridge,2018-06-04,2018-06-18,3,SP,garden_tools,64.0
base,ridge,2018-06-04,2018-06-25,4,SP,garden_tools,0.0
base,ridge,2018-06-04,2018-06-04,1,SP,health_beauty,79.0
base,ridge,2018-06-04,2018-06-11,2,SP,health_beauty,139.0
base,ridge,2018-06-04,2018-06-18,3,SP,health_beauty,148.0
base,ridge,2018-06-04,2018-06-25,4,SP,health_beauty,0.0
base,ridge,2018-06-04,2018-06-04,1,SP,housewares,115.0
base,ridge,2018-06-04,2018-06-11,2,SP,housewares,119.0
base,ridge,2018-06-04,2018-06-18,3,SP,housewares,118.0
base,ridge,2018-06-04,2018-06-25,4,SP,housewares,0.0
base,ridge,2018-06-04,2018-06-04,1,SP,sports_leisure,43.0
base,ridge,2018-06-04,2018-06-11,2,SP,sports_leisure,90.0
base,ridge,2018-06-04,2018-06-18,3,SP,sports_leisure,91.0
base,ridge,2018-06-04,2018-06-25,4,SP,sports_leisure,0.0
base,ridge,2018-06-04,2018-06-04,1,SP,telephony,21.0
base,ridge,2018-06-04,2018-06-11,2,SP,telephony,53.0
base,ridge,2018-06-04,2018-06-18,3,SP,telephony,54.0
base,ridge,2018-06-04,2018-06-25,4,SP,telephony,0.0
base,ridge,2018-06-04,2018-06-04,1,SP,watches_gifts,98.0
base,ridge,2018-06-04,2018-06-11,2,SP,watches_gifts,140.0
base,ridge,2018-06-04,2018-06-18,3,SP,watches_gifts,141.0
base,ridge,2018-06-04,2018-06-25,4,SP,watches_gifts,0.0
base,ridge,2018-06-11,2018-06-11,1,MG,auto,0.0
base,ridge,2018-06-11,2018-06-18,2,MG,auto,0.0
base,ridge,2018-06-11,2018-06-25,3,MG,auto,0.0
base,ridge,2018-06-11,2018-07-02,4,MG,auto,0.0
base,ridge,2018-06-11,2018-06-11,1,MG,bed_bath_table,14.0
base,ridge,2018-06-11,2018-06-18,2,MG,bed_bath_table,14.0
base,ridge,2018-06-11,2018-06-25,3,MG,bed_bath_table,14.0
base,ridge,2018-06-11,2018-07-02,4,MG,bed_bath_table,0.0
base,ridge,2018-06-11,2018-06-11,1,MG,computers_accessories,15.0
base,ridge,2018-06-11,2018-06-18,2,MG,computers_accessories,15.0
base,ridge,2018-06-11,2018-06-25,3,MG,computers_accessories,13.0
base,ridge,2018-06-11,2018-07-02,4,MG,computers_accessories,0.0
base,ridge,2018-06-11,2018-06-11,1,MG,furniture_decor,0.0
base,ridge,2018-06-11,2018-06-18,2,MG,furniture_decor,10.0
base,ridge,2018-06-11,2018-06-25,3,MG,furniture_decor,14.0
base,ridge,2018-06-11,2018-07-02,4,MG,furniture_decor,0.0
base,ridge,2018-06-11,2018-06-11,1,MG,garden_tools,0.0
base,ridge,2018-06-11,2018-06-18,2,MG,garden_tools,0.0
base,ridge,2018-06-11,2018-06-25,3,MG,garden_tools,0.0
base,ridge,2018-06-11,2018-07-02,4,MG,garden_tools,0.0
base,ridge,2018-06-11,2018-06-11,1,MG,health_beauty,14.0
base,ridge,2018-06-11,2018-06-18,2,MG,health_beauty,14.0
base,ridge,2018-06-11,2018-06-25,3,MG,health_beauty,14.0
base,ridge,2018-06-11,2018-07-02,4,MG,health_beauty,0.0
base,ridge,2018-06-11,2018-06-11,1,MG,housewares,0.0
base,ridge,2018-06-11,2018-06-18,2,MG,housewares,0.0
base,ridge,2018-06-11,2018-06-25,3,MG,housewares,0.0
base,ridge,2018-06-11,2018-07-02,4,MG,housewares,0.0
base,ridge,2018-06-11,2018-06-11,1,MG,sports_leisure,11.0
base,ridge,2018-06-11,2018-06-18,2,MG,sports_leisure,10.0
base,ridge,2018-06-11,2018-06-25,3,MG,sports_leisure,9.0
base,ridge,2018-06-11,2018-07-02,4,MG,sports_leisure,0.0
base,ridge,2018-06-11,2018-06-11,1,MG,telephony,5.0
base,ridge,2018-06-11,2018-06-18,2,MG,telephony,5.0
base,ridge,2018-06-11,2018-06-25,3,MG,telephony,5.0
base,ridge,2018-06-11,2018-07-02,4,MG,telephony,0.0
base,ridge,2018-06-11,2018-06-11,1,MG,watches_gifts,0.0
base,ridge,2018-06-11,2018-06-18,2,MG,watches_gifts,0.0
base,ridge,2018-06-11,2018-06-25,3,MG,watches_gifts,0.0
base,ridge,2018-06-11,2018-07-02,4,MG,watches_gifts,0.0
base,ridge,2018-06-11,2018-06-11,1,PR,auto,8.0
base,ridge,2018-06-11,2018-06-18,2,PR,auto,8.0
base,ridge,2018-06-11,2018-06-25,3,PR,auto,8.0
base,ridge,2018-06-11,2018-07-02,4,PR,auto,0.0
base,ridge,2018-06-11,2018-06-11,1,PR,bed_bath_table,0.0
base,ridge,2018-06-11,2018-06-18,2,PR,bed_bath_table,0.0
base,ridge,2018-06-11,2018-06-25,3,PR,bed_bath_table,0.0
base,ridge,2018-06-11,2018-07-02,4,PR,bed_bath_table,0.0
base,ridge,2018-06-11,2018-06-11,1,PR,computers_accessories,0.0
base,ridge,2018-06-11,2018-06-18,2,PR,computers_accessories,0.0
base,ridge,2018-06-11,2018-06-25,3,PR,computers_accessories,0.0
base,ridge,2018-06-11,2018-07-02,4,PR,computers_accessories,0.0
base,ridge,2018-06-11,2018-06-11,1,PR,furniture_decor,20.0
base,ridge,2018-06-11,2018-06-18,2,PR,furniture_decor,21.0
base,ridge,2018-06-11,2018-06-25,3,PR,furniture_decor,18.0
base,ridge,2018-06-11,2018-07-02,4,PR,furniture_decor,0.0
base,ridge,2018-06-11,2018-06-11,1,PR,garden_tools,0.0
base,ridge,2018-06-11,2018-06-18,2,PR,garden_tools,0.0
base,ridge,2018-06-11,2018-06-25,3,PR,garden_tools,0.0
base,ridge,2018-06-11,2018-07-02,4,PR,garden_tools,0.0
base,ridge,2018-06-11,2018-06-11,1,PR,health_beauty,17.0
base,ridge,2018-06-11,2018-06-18,2,PR,health_beauty,16.0
base,ridge,2018-06-11,2018-06-25,3,PR,health_beauty,14.0
base,ridge,2018-06-11,2018-07-02,4,PR,health_beauty,0.0
base,ridge,2018-06-11,2018-06-11,1,PR,housewares,17.0
base,ridge,2018-06-11,2018-06-18,2,PR,housewares,17.0
base,ridge,2018-06-11,2018-06-25,3,PR,housewares,17.0
base,ridge,2018-06-11,2018-07-02,4,PR,housewares,0.0
base,ridge,2018-06-11,2018-06-11,1,PR,sports_leisure,0.0
base,ridge,2018-06-11,2018-06-18,2,PR,sports_leisure,1.0
base,ridge,2018-06-11,2018-06-25,3,PR,sports_leisure,2.0
base,ridge,2018-06-11,2018-07-02,4,PR,sports_leisure,0.0
base,ridge,2018-06-11,2018-06-11,1,PR,telephony,0.0
base,ridge,2018-06-11,2018-06-18,2,PR,telephony,0.0
base,ridge,2018-06-11,2018-06-25,3,PR,telephony,0.0
base,ridge,2018-06-11,2018-07-02,4,PR,telephony,0.0
base,ridge,2018-06-11,2018-06-11,1,PR,watches_gifts,8.0
base,ridge,2018-06-11,2018-06-18,2,PR,watches_gifts,8.0
base,ridge,2018-06-11,2018-06-25,3,PR,watches_gifts,8.0
base,ridge,2018-06-11,2018-07-02,4,PR,watches_gifts,0.0
base,ridge,2018-06-11,2018-06-11,1,RJ,auto,6.0
base,ridge,2018-06-11,2018-06-18,2,RJ,auto,6.0
base,ridge,2018-06-11,2018-06-25,3,RJ,auto,6.0
base,ridge,2018-06-11,2018-07-02,4,RJ,auto,0.0
base,ridge,2018-06-11,2018-06-11,1,RJ,bed_bath_table,10.0
base,ridge,2018-06-11,2018-06-18,2,RJ,bed_bath_table,10.0
base,ridge,2018-06-11,2018-06-25,3,RJ,bed_bath_table,10.0
base,ridge,2018-06-11,2018-07-02,4,RJ,bed_bath_table,0.0
base,ridge,2018-06-11,2018-06-11,1,RJ,computers_accessories,0.0
base,ridge,2018-06-11,2018-06-18,2,RJ,computers_accessories,0.0
base,ridge,2018-06-11,2018-06-25,3,RJ,computers_accessories,0.0
base,ridge,2018-06-11,2018-07-02,4,RJ,computers_accessories,0.0
base,ridge,2018-06-11,2018-06-11,1,RJ,furniture_decor,5.0
base,ridge,2018-06-11,2018-06-18,2,RJ,furniture_decor,5.0
base,ridge,2018-06-11,2018-06-25,3,RJ,furniture_decor,5.0
base,ridge,2018-06-11,2018-07-02,4,RJ,furniture_decor,0.0
base,ridge,2018-06-11,2018-06-11,1,RJ,garden_tools,4.0
base,ridge,2018-06-11,2018-06-18,2,RJ,garden_tools,4.0
base,ridge,2018-06-11,2018-06-25,3,RJ,garden_tools,4.0
base,ridge,2018-06-11,2018-07-02,4,RJ,garden_tools,0.0
base,ridge,2018-06-11,2018-06-11,1,RJ,health_beauty,0.0
base,ridge,2018-06-11,2018-06-18,2,RJ,health_beauty,0.0
base,ridge,2018-06-11,2018-06-25,3,RJ,health_beauty,0.0
base,ridge,2018-06-11,2018-07-02,4,RJ,health_beauty,0.0
base,ridge,2018-06-11,2018-06-11,1,RJ,housewares,8.0
base,ridge,2018-06-11,2018-06-18,2,RJ,housewares,8.0
base,ridge,2018-06-11,2018-06-25,3,RJ,housewares,8.0
base,ridge,2018-06-11,2018-07-02,4,RJ,housewares,0.0
base,ridge,2018-06-11,2018-06-11,1,RJ,sports_leisure,13.0
base,ridge,2018-06-11,2018-06-18,2,RJ,sports_leisure,11.0
base,ridge,2018-06-11,2018-06-25,3,RJ,sports_leisure,11.0
base,ridge,2018-06-11,2018-07-02,4,RJ,sports_leisure,0.0
base,ridge,2018-06-11,2018-06-11,1,RJ,telephony,6.0
base,ridge,2018-06-11,2018-06-18,2,RJ,telephony,6.0
base,ridge,2018-06-11,2018-06-25,3,RJ,telephony,6.0
base,ridge,2018-06-11,2018-07-02,4,RJ,telephony,0.0
base,ridge,2018-06-11,2018-06-11,1,RJ,watches_gifts,0.0
base,ridge,2018-06-11,2018-06-18,2,RJ,watches_gifts,0.0
base,ridge,2018-06-11,2018-06-25,3,RJ,watches_gifts,0.0
base,ridge,2018-06-11,2018-07-02,4,RJ,watches_gifts,0.0
base,ridge,2018-06-11,2018-06-11,1,RS,auto,3.0
base,ridge,2018-06-11,2018-06-18,2,RS,auto,3.0
base,ridge,2018-06-11,2018-06-25,3,RS,auto,3.0
base,ridge,2018-06-11,2018-07-02,4,RS,auto,0.0
base,ridge,2018-06-11,2018-06-11,1,RS,bed_bath_table,6.0
base,ridge,2018-06-11,2018-06-18,2,RS,bed_bath_table,6.0
base,ridge,2018-06-11,2018-06-25,3,RS,bed_bath_table,6.0
base,ridge,2018-06-11,2018-07-02,4,RS,bed_bath_table,0.0
base,ridge,2018-06-11,2018-06-11,1,RS,computers_accessories,1.0
base,ridge,2018-06-11,2018-06-18,2,RS,computers_accessories,8.0
base,ridge,2018-06-11,2018-06-25,3,RS,computers_accessories,8.0
base,ridge,2018-06-11,2018-07-02,4,RS,computers_accessories,0.0
base,ridge,2018-06-11,2018-06-11,1,RS,furniture_decor,5.0
base,ridge,2018-06-11,2018-06-18,2,RS,furniture_decor,5.0
base,ridge,2018-06-11,2018-06-25,3,RS,furniture_decor,5.0
base,ridge,2018-06-11,2018-07-02,4,RS,furniture_decor,0.0
base,ridge,2018-06-11,2018-06-11,1,RS,garden_tools,1.0
base,ridge,2018-06-11,2018-06-18,2,RS,garden_tools,1.0
base,ridge,2018-06-11,2018-06-25,3,RS,garden_tools,1.0
base,ridge,2018-06-11,2018-07-02,4,RS,garden_tools,0.0
base,ridge,2018-06-11,2018-06-11,1,RS,health_beauty,8.0
base,ridge,2018-06-11,2018-06-18,2,RS,health_beauty,8.0
base,ridge,2018-06-11,2018-06-25,3,RS,health_beauty,8.0
base,ridge,2018-06-11,2018-07-02,4,RS,health_beauty,0.0
base,ridge,2018-06-11,2018-06-11,1,RS,housewares,10.0
base,ridge,2018-06-11,2018-06-18,2,RS,housewares,9.0
base,ridge,2018-06-11,2018-06-25,3,RS,housewares,7.0
base,ridge,2018-06-11,2018-07-02,4,RS,housewares,0.0
base,ridge,2018-06-11,2018-06-11,1,RS,sports_leisure,0.0
base,ridge,2018-06-11,2018-06-18,2,RS,sports_leisure,0.0
base,ridge,2018-06-11,2018-06-25,3,RS,sports_leisure,0.0
base,ridge,2018-06-11,2018-07-02,4,RS,sports_leisure,0.0
base,ridge,2018-06-11,2018-06-11,1,RS,telephony,5.0
base,ridge,2018-06-11,2018-06-18,2,RS,telephony,5.0
base,ridge,2018-06-11,2018-06-25,3,RS,telephony,5.0
base,ridge,2018-06-11,2018-07-02,4,RS,telephony,0.0
base,ridge,2018-06-11,2018-06-11,1,RS,watches_gifts,0.0
base,ridge,2018-06-11,2018-06-18,2,RS,watches_gifts,0.0
base,ridge,2018-06-11,2018-06-25,3,RS,watches_gifts,0.0
base,ridge,2018-06-11,2018-07-02,4,RS,watches_gifts,0.0
base,ridge,2018-06-11,2018-06-11,1,SC,auto,0.0
base,ridge,2018-06-11,2018-06-18,2,SC,auto,0.0
base,ridge,2018-06-11,2018-06-25,3,SC,auto,0.0
base,ridge,2018-06-11,2018-07-02,4,SC,auto,0.0
base,ridge,2018-06-11,2018-06-11,1,SC,bed_bath_table,15.0
base,ridge,2018-06-11,2018-06-18,2,SC,bed_bath_table,15.0
base,ridge,2018-06-11,2018-06-25,3,SC,bed_bath_table,14.0
base,ridge,2018-06-11,2018-07-02,4,SC,bed_bath_table,0.0
base,ridge,2018-06-11,2018-06-11,1,SC,computers_accessories,9.0
base,ridge,2018-06-11,2018-06-18,2,SC,computers_accessories,9.0
base,ridge,2018-06-11,2018-06-25,3,SC,computers_accessories,9.0
base,ridge,2018-06-11,2018-07-02,4,SC,computers_accessories,0.0
base,ridge,2018-06-11,2018-06-11,1,SC,furniture_decor,6.0
base,ridge,2018-06-11,2018-06-18,2,SC,furniture_decor,6.0
base,ridge,2018-06-11,2018-06-25,3,SC,furniture_decor,6.0
base,ridge,2018-06-11,2018-07-02,4,SC,furniture_decor,0.0
base,ridge,2018-06-11,2018-06-11,1,SC,garden_tools,8.0
base,ridge,2018-06-11,2018-06-18,2,SC,garden_tools,8.0
base,ridge,2018-06-11,2018-06-25,3,SC,garden_tools,8.0
base,ridge,2018-06-11,2018-07-02,4,SC,garden_tools,0.0
base,ridge,2018-06-11,2018-06-11,1,SC,health_beauty,0.0
base,ridge,2018-06-11,2018-06-18,2,SC,health_beauty,0.0
base,ridge,2018-06-11,2018-06-25,3,SC,health_beauty,0.0
base,ridge,2018-06-11,2018-07-02,4,SC,health_beauty,0.0
base,ridge,2018-06-11,2018-06-11,1,SC,housewares,0.0
base,ridge,2018-06-11,2018-06-18,2,SC,housewares,0.0
base,ridge,2018-06-11,2018-06-25,3,SC,housewares,0.0
base,ridge,2018-06-11,2018-07-02,4,SC,housewares,0.0
base,ridge,2018-06-11,2018-06-11,1,SC,sports_leisure,0.0
base,ridge,2018-06-11,2018-06-18,2,SC,sports_leisure,18.0
base,ridge,2018-06-11,2018-06-25,3,SC,sports_leisure,18.0
base,ridge,2018-06-11,2018-07-02,4,SC,sports_leisure,0.0
base,ridge,2018-06-11,2018-06-11,1,SC,telephony,0.0
base,ridge,2018-06-11,2018-06-18,2,SC,telephony,0.0
base,ridge,2018-06-11,2018-06-25,3,SC,telephony,0.0
base,ridge,2018-06-11,2018-07-02,4,SC,telephony,0.0
base,ridge,2018-06-11,2018-06-11,1,SC,watches_gifts,8.0
base,ridge,2018-06-11,2018-06-18,2,SC,watches_gifts,9.0
base,ridge,2018-06-11,2018-06-25,3,SC,watches_gifts,8.0
base,ridge,2018-06-11,2018-07-02,4,SC,watches_gifts,0.0
base,ridge,2018-06-11,2018-06-11,1,SP,auto,75.0
base,ridge,2018-06-11,2018-06-18,2,SP,auto,73.0
base,ridge,2018-06-11,2018-06-25,3,SP,auto,68.0
base,ridge,2018-06-11,2018-07-02,4,SP,auto,0.0
base,ridge,2018-06-11,2018-06-11,1,SP,bed_bath_table,161.0
base,ridge,2018-06-11,2018-06-18,2,SP,bed_bath_table,157.0
base,ridge,2018-06-11,2018-06-25,3,SP,bed_bath_table,152.0
base,ridge,2018-06-11,2018-07-02,4,SP,bed_bath_table,0.0
base,ridge,2018-06-11,2018-06-11,1,SP,computers_accessories,103.0
base,ridge,2018-06-11,2018-06-18,2,SP,computers_accessories,102.0
base,ridge,2018-06-11,2018-06-25,3,SP,computers_accessories,98.0
base,ridge,2018-06-11,2018-07-02,4,SP,computers_accessories,0.0
base,ridge,2018-06-11,2018-06-11,1,SP,furniture_decor,28.0
base,ridge,2018-06-11,2018-06-18,2,SP,furniture_decor,94.0
base,ridge,2018-06-11,2018-06-25,3,SP,furniture_decor,95.0
base,ridge,2018-06-11,2018-07-02,4,SP,furniture_decor,0.0
base,ridge,2018-06-11,2018-06-11,1,SP,garden_tools,52.0
base,ridge,2018-06-11,2018-06-18,2,SP,garden_tools,67.0
base,ridge,2018-06-11,2018-06-25,3,SP,garden_tools,64.0
base,ridge,2018-06-11,2018-07-02,4,SP,garden_tools,0.0
base,ridge,2018-06-11,2018-06-11,1,SP,health_beauty,180.0
base,ridge,2018-06-11,2018-06-18,2,SP,health_beauty,174.0
base,ridge,2018-06-11,2018-06-25,3,SP,health_beauty,160.0
base,ridge,2018-06-11,2018-07-02,4,SP,health_beauty,0.0
base,ridge,2018-06-11,2018-06-11,1,SP,housewares,137.0
base,ridge,2018-06-11,2018-06-18,2,SP,housewares,132.0
base,ridge,2018-06-11,2018-06-25,3,SP,housewares,128.0
base,ridge,2018-06-11,2018-07-02,4,SP,housewares,0.0
base,ridge,2018-06-11,2018-06-11,1,SP,sports_leisure,58.0
base,ridge,2018-06-11,2018-06-18,2,SP,sports_leisure,91.0
base,ridge,2018-06-11,2018-06-25,3,SP,sports_leisure,89.0
base,ridge,2018-06-11,2018-07-02,4,SP,sports_leisure,0.0
base,ridge,2018-06-11,2018-06-11,1,SP,telephony,34.0
base,ridge,2018-06-11,2018-06-18,2,SP,telephony,55.0
base,ridge,2018-06-11,2018-06-25,3,SP,telephony,55.0
base,ridge,2018-06-11,2018-07-02,4,SP,telephony,0.0
base,ridge,2018-06-11,2018-06-11,1,SP,watches_gifts,110.0
base,ridge,2018-06-11,2018-06-18,2,SP,watches_gifts,146.0
base,ridge,2018-06-11,2018-06-25,3,SP,watches_gifts,136.0
base,ridge,2018-06-11,2018-07-02,4,SP,watches_gifts,0.0
base,ridge,2018-06-18,2018-06-18,1,MG,auto,0.0
base,ridge,2018-06-18,2018-06-25,2,MG,auto,0.0
base,ridge,2018-06-18,2018-07-02,3,MG,auto,0.0
base,ridge,2018-06-18,2018-07-09,4,MG,auto,0.0
base,ridge,2018-06-18,2018-06-18,1,MG,bed_bath_table,14.0
base,ridge,2018-06-18,2018-06-25,2,MG,bed_bath_table,14.0
base,ridge,2018-06-18,2018-07-02,3,MG,bed_bath_table,14.0
base,ridge,2018-06-18,2018-07-09,4,MG,bed_bath_table,0.0
base,ridge,2018-06-18,2018-06-18,1,MG,computers_accessories,4.0
base,ridge,2018-06-18,2018-06-25,2,MG,computers_accessories,13.0
base,ridge,2018-06-18,2018-07-02,3,MG,computers_accessories,13.0
base,ridge,2018-06-18,2018-07-09,4,MG,computers_accessories,0.0
base,ridge,2018-06-18,2018-06-18,1,MG,furniture_decor,10.0
base,ridge,2018-06-18,2018-06-25,2,MG,furniture_decor,15.0
base,ridge,2018-06-18,2018-07-02,3,MG,furniture_decor,13.0
base,ridge,2018-06-18,2018-07-09,4,MG,furniture_decor,0.0
base,ridge,2018-06-18,2018-06-18,1,MG,garden_tools,0.0
base,ridge,2018-06-18,2018-06-25,2,MG,garden_tools,0.0
base,ridge,2018-06-18,2018-07-02,3,MG,garden_tools,0.0
base,ridge,2018-06-18,2018-07-09,4,MG,garden_tools,0.0
base,ridge,2018-06-18,2018-06-18,1,MG,health_beauty,14.0
base,ridge,2018-06-18,2018-06-25,2,MG,health_beauty,14.0
base,ridge,2018-06-18,2018-07-02,3,MG,health_beauty,14.0
base,ridge,2018-06-18,2018-07-09,4,MG,health_beauty,0.0
base,ridge,2018-06-18,2018-06-18,1,MG,housewares,0.0
base,ridge,2018-06-18,2018-06-25,2,MG,housewares,0.0
base,ridge,2018-06-18,2018-07-02,3,MG,housewares,0.0
base,ridge,2018-06-18,2018-07-09,4,MG,housewares,0.0
base,ridge,2018-06-18,2018-06-18,1,MG,sports_leisure,11.0
base,ridge,2018-06-18,2018-06-25,2,MG,sports_leisure,10.0
base,ridge,2018-06-18,2018-07-02,3,MG,sports_leisure,9.0
base,ridge,2018-06-18,2018-07-09,4,MG,sports_leisure,0.0
base,ridge,2018-06-18,2018-06-18,1,MG,telephony,5.0
base,ridge,2018-06-18,2018-06-25,2,MG,telephony,5.0
base,ridge,2018-06-18,2018-07-02,3,MG,telephony,5.0
base,ridge,2018-06-18,2018-07-09,4,MG,telephony,0.0
base,ridge,2018-06-18,2018-06-18,1,MG,watches_gifts,0.0
base,ridge,2018-06-18,2018-06-25,2,MG,watches_gifts,0.0
base,ridge,2018-06-18,2018-07-02,3,MG,watches_gifts,0.0
base,ridge,2018-06-18,2018-07-09,4,MG,watches_gifts,0.0
base,ridge,2018-06-18,2018-06-18,1,PR,auto,8.0
base,ridge,2018-06-18,2018-06-25,2,PR,auto,8.0
base,ridge,2018-06-18,2018-07-02,3,PR,auto,8.0
base,ridge,2018-06-18,2018-07-09,4,PR,auto,0.0
base,ridge,2018-06-18,2018-06-18,1,PR,bed_bath_table,0.0
base,ridge,2018-06-18,2018-06-25,2,PR,bed_bath_table,0.0
base,ridge,2018-06-18,2018-07-02,3,PR,bed_bath_table,0.0
base,ridge,2018-06-18,2018-07-09,4,PR,bed_bath_table,0.0
base,ridge,2018-06-18,2018-06-18,1,PR,computers_accessories,0.0
base,ridge,2018-06-18,2018-06-25,2,PR,computers_accessories,0.0
base,ridge,2018-06-18,2018-07-02,3,PR,computers_accessories,0.0
base,ridge,2018-06-18,2018-07-09,4,PR,computers_accessories,0.0
base,ridge,2018-06-18,2018-06-18,1,PR,furniture_decor,7.0
base,ridge,2018-06-18,2018-06-25,2,PR,furniture_decor,18.0
base,ridge,2018-06-18,2018-07-02,3,PR,furniture_decor,16.0
base,ridge,2018-06-18,2018-07-09,4,PR,furniture_decor,0.0
base,ridge,2018-06-18,2018-06-18,1,PR,garden_tools,0.0
base,ridge,2018-06-18,2018-06-25,2,PR,garden_tools,0.0
base,ridge,2018-06-18,2018-07-02,3,PR,garden_tools,0.0
base,ridge,2018-06-18,2018-07-09,4,PR,garden_tools,0.0
base,ridge,2018-06-18,2018-06-18,1,PR,health_beauty,15.0
base,ridge,2018-06-18,2018-06-25,2,PR,health_beauty,13.0
base,ridge,2018-06-18,2018-07-02,3,PR,health_beauty,12.0
base,ridge,2018-06-18,2018-07-09,4,PR,health_beauty,0.0
base,ridge,2018-06-18,2018-06-18,1,PR,housewares,17.0
base,ridge,2018-06-18,2018-06-25,2,PR,housewares,17.0
base,ridge,2018-06-18,2018-07-02,3,PR,housewares,17.0
base,ridge,2018-06-18,2018-07-09,4,PR,housewares,0.0
base,ridge,2018-06-18,2018-06-18,1,PR,sports_leisure,2.0
base,ridge,2018-06-18,2018-06-25,2,PR,sports_leisure,2.0
base,ridge,2018-06-18,2018-07-02,3,PR,sports_leisure,0.0
base,ridge,2018-06-18,2018-07-09,4,PR,sports_leisure,0.0
base,ridge,2018-06-18,2018-06-18,1,PR,telephony,0.0
base,ridge,2018-06-18,2018-06-25,2,PR,telephony,0.0
base,ridge,2018-06-18,2018-07-02,3,PR,telephony,0.0
base,ridge,2018-06-18,2018-07-09,4,PR,telephony,0.0
base,ridge,2018-06-18,2018-06-18,1,PR,watches_gifts,8.0
base,ridge,2018-06-18,2018-06-25,2,PR,watches_gifts,8.0
base,ridge,2018-06-18,2018-07-02,3,PR,watches_gifts,8.0
base,ridge,2018-06-18,2018-07-09,4,PR,watches_gifts,0.0
base,ridge,2018-06-18,2018-06-18,1,RJ,auto,6.0
base,ridge,2018-06-18,2018-06-25,2,RJ,auto,6.0
base,ridge,2018-06-18,2018-07-02,3,RJ,auto,6.0
base,ridge,2018-06-18,2018-07-09,4,RJ,auto,0.0
base,ridge,2018-06-18,2018-06-18,1,RJ,bed_bath_table,10.0
base,ridge,2018-06-18,2018-06-25,2,RJ,bed_bath_table,10.0
base,ridge,2018-06-18,2018-07-02,3,RJ,bed_bath_table,10.0
base,ridge,2018-06-18,2018-07-09,4,RJ,bed_bath_table,0.0
base,ridge,2018-06-18,2018-06-18,1,RJ,computers_accessories,0.0
base,ridge,2018-06-18,2018-06-25,2,RJ,computers_accessories,0.0
base,ridge,2018-06-18,2018-07-02,3,RJ,computers_accessories,0.0
base,ridge,2018-06-18,2018-07-09,4,RJ,computers_accessories,0.0
base,ridge,2018-06-18,2018-06-18,1,RJ,furniture_decor,5.0
base,ridge,2018-06-18,2018-06-25,2,RJ,furniture_decor,5.0
base,ridge,2018-06-18,2018-07-02,3,RJ,furniture_decor,5.0
base,ridge,2018-06-18,2018-07-09,4,RJ,furniture_decor,0.0
base,ridge,2018-06-18,2018-06-18,1,RJ,garden_tools,1.0
base,ridge,2018-06-18,2018-06-25,2,RJ,garden_tools,4.0
base,ridge,2018-06-18,2018-07-02,3,RJ,garden_tools,3.0
base,ridge,2018-06-18,2018-07-09,4,RJ,garden_tools,0.0
base,ridge,2018-06-18,2018-06-18,1,RJ,health_beauty,0.0
base,ridge,2018-06-18,2018-06-25,2,RJ,health_beauty,0.0
base,ridge,2018-06-18,2018-07-02,3,RJ,health_beauty,0.0
base,ridge,2018-06-18,2018-07-09,4,RJ,health_beauty,0.0
base,ridge,2018-06-18,2018-06-18,1,RJ,housewares,8.0
base,ridge,2018-06-18,2018-06-25,2,RJ,housewares,8.0
base,ridge,2018-06-18,2018-07-02,3,RJ,housewares,8.0
base,ridge,2018-06-18,2018-07-09,4,RJ,housewares,0.0
base,ridge,2018-06-18,2018-06-18,1,RJ,sports_leisure,10.0
base,ridge,2018-06-18,2018-06-25,2,RJ,sports_leisure,10.0
base,ridge,2018-06-18,2018-07-02,3,RJ,sports_leisure,11.0
base,ridge,2018-06-18,2018-07-09,4,RJ,sports_leisure,0.0
base,ridge,2018-06-18,2018-06-18,1,RJ,telephony,5.0
base,ridge,2018-06-18,2018-06-25,2,RJ,telephony,5.0
base,ridge,2018-06-18,2018-07-02,3,RJ,telephony,4.0
base,ridge,2018-06-18,2018-07-09,4,RJ,telephony,0.0
base,ridge,2018-06-18,2018-06-18,1,RJ,watches_gifts,0.0
base,ridge,2018-06-18,2018-06-25,2,RJ,watches_gifts,0.0
base,ridge,2018-06-18,2018-07-02,3,RJ,watches_gifts,0.0
base,ridge,2018-06-18,2018-07-09,4,RJ,watches_gifts,0.0
base,ridge,2018-06-18,2018-06-18,1,RS,auto,3.0
base,ridge,2018-06-18,2018-06-25,2,RS,auto,3.0
base,ridge,2018-06-18,2018-07-02,3,RS,auto,3.0
base,ridge,2018-06-18,2018-07-09,4,RS,auto,0.0
base,ridge,2018-06-18,2018-06-18,1,RS,bed_bath_table,6.0
base,ridge,2018-06-18,2018-06-25,2,RS,bed_bath_table,6.0
base,ridge,2018-06-18,2018-07-02,3,RS,bed_bath_table,6.0
base,ridge,2018-06-18,2018-07-09,4,RS,bed_bath_table,0.0
base,ridge,2018-06-18,2018-06-18,1,RS,computers_accessories,0.0
base,ridge,2018-06-18,2018-06-25,2,RS,computers_accessories,7.0
base,ridge,2018-06-18,2018-07-02,3,RS,computers_accessories,7.0
base,ridge,2018-06-18,2018-07-09,4,RS,computers_accessories,0.0
base,ridge,2018-06-18,2018-06-18,1,RS,furniture_decor,5.0
base,ridge,2018-06-18,2018-06-25,2,RS,furniture_decor,5.0
base,ridge,2018-06-18,2018-07-02,3,RS,furniture_decor,5.0
base,ridge,2018-06-18,2018-07-09,4,RS,furniture_decor,0.0
base,ridge,2018-06-18,2018-06-18,1,RS,garden_tools,1.0
base,ridge,2018-06-18,2018-06-25,2,RS,garden_tools,1.0
base,ridge,2018-06-18,2018-07-02,3,RS,garden_tools,1.0
base,ridge,2018-06-18,2018-07-09,4,RS,garden_tools,0.0
base,ridge,2018-06-18,2018-06-18,1,RS,health_beauty,8.0
base,ridge,2018-06-18,2018-06-25,2,RS,health_beauty,8.0
base,ridge,2018-06-18,2018-07-02,3,RS,health_beauty,8.0
base,ridge,2018-06-18,2018-07-09,4,RS,health_beauty,0.0
base,ridge,2018-06-18,2018-06-18,1,RS,housewares,6.0
base,ridge,2018-06-18,2018-06-25,2,RS,housewares,6.0
base,ridge,2018-06-18,2018-07-02,3,RS,housewares,5.0
base,ridge,2018-06-18,2018-07-09,4,RS,housewares,0.0
base,ridge,2018-06-18,2018-06-18,1,RS,sports_leisure,0.0
base,ridge,2018-06-18,2018-06-25,2,RS,sports_leisure,0.0
base,ridge,2018-06-18,2018-07-02,3,RS,sports_leisure,0.0
base,ridge,2018-06-18,2018-07-09,4,RS,sports_leisure,0.0
base,ridge,2018-06-18,2018-06-18,1,RS,telephony,5.0
base,ridge,2018-06-18,2018-06-25,2,RS,telephony,5.0
base,ridge,2018-06-18,2018-07-02,3,RS,telephony,5.0
base,ridge,2018-06-18,2018-07-09,4,RS,telephony,0.0
base,ridge,2018-06-18,2018-06-18,1,RS,watches_gifts,0.0
base,ridge,2018-06-18,2018-06-25,2,RS,watches_gifts,0.0
base,ridge,2018-06-18,2018-07-02,3,RS,watches_gifts,0.0
base,ridge,2018-06-18,2018-07-09,4,RS,watches_gifts,0.0
base,ridge,2018-06-18,2018-06-18,1,SC,auto,0.0
base,ridge,2018-06-18,2018-06-25,2,SC,auto,0.0
base,ridge,2018-06-18,2018-07-02,3,SC,auto,0.0
base,ridge,2018-06-18,2018-07-09,4,SC,auto,0.0
base,ridge,2018-06-18,2018-06-18,1,SC,bed_bath_table,10.0
base,ridge,2018-06-18,2018-06-25,2,SC,bed_bath_table,10.0
base,ridge,2018-06-18,2018-07-02,3,SC,bed_bath_table,11.0
base,ridge,2018-06-18,2018-07-09,4,SC,bed_bath_table,0.0
base,ridge,2018-06-18,2018-06-18,1,SC,computers_accessories,0.0
base,ridge,2018-06-18,2018-06-25,2,SC,computers_accessories,9.0
base,ridge,2018-06-18,2018-07-02,3,SC,computers_accessories,9.0
base,ridge,2018-06-18,2018-07-09,4,SC,computers_accessories,0.0
base,ridge,2018-06-18,2018-06-18,1,SC,furniture_decor,6.0
base,ridge,2018-06-18,2018-06-25,2,SC,furniture_decor,6.0
base,ridge,2018-06-18,2018-07-02,3,SC,furniture_decor,6.0
base,ridge,2018-06-18,2018-07-09,4,SC,furniture_decor,0.0
base,ridge,2018-06-18,2018-06-18,1,SC,garden_tools,8.0
base,ridge,2018-06-18,2018-06-25,2,SC,garden_tools,8.0
base,ridge,2018-06-18,2018-07-02,3,SC,garden_tools,8.0
base,ridge,2018-06-18,2018-07-09,4,SC,garden_tools,0.0
base,ridge,2018-06-18,2018-06-18,1,SC,health_beauty,0.0
base,ridge,2018-06-18,2018-06-25,2,SC,health_beauty,0.0
base,ridge,2018-06-18,2018-07-02,3,SC,health_beauty,0.0
base,ridge,2018-06-18,2018-07-09,4,SC,health_beauty,0.0
base,ridge,2018-06-18,2018-06-18,1,SC,housewares,0.0
base,ridge,2018-06-18,2018-06-25,2,SC,housewares,0.0
base,ridge,2018-06-18,2018-07-02,3,SC,housewares,0.0
base,ridge,2018-06-18,2018-07-09,4,SC,housewares,0.0
base,ridge,2018-06-18,2018-06-18,1,SC,sports_leisure,18.0
base,ridge,2018-06-18,2018-06-25,2,SC,sports_leisure,18.0
base,ridge,2018-06-18,2018-07-02,3,SC,sports_leisure,18.0
base,ridge,2018-06-18,2018-07-09,4,SC,sports_leisure,0.0
base,ridge,2018-06-18,2018-06-18,1,SC,telephony,0.0
base,ridge,2018-06-18,2018-06-25,2,SC,telephony,0.0
base,ridge,2018-06-18,2018-07-02,3,SC,telephony,0.0
base,ridge,2018-06-18,2018-07-09,4,SC,telephony,0.0
base,ridge,2018-06-18,2018-06-18,1,SC,watches_gifts,9.0
base,ridge,2018-06-18,2018-06-25,2,SC,watches_gifts,8.0
base,ridge,2018-06-18,2018-07-02,3,SC,watches_gifts,6.0
base,ridge,2018-06-18,2018-07-09,4,SC,watches_gifts,0.0
base,ridge,2018-06-18,2018-06-18,1,SP,auto,52.0
base,ridge,2018-06-18,2018-06-25,2,SP,auto,64.0
base,ridge,2018-06-18,2018-07-02,3,SP,auto,60.0
base,ridge,2018-06-18,2018-07-09,4,SP,auto,0.0
base,ridge,2018-06-18,2018-06-18,1,SP,bed_bath_table,163.0
base,ridge,2018-06-18,2018-06-25,2,SP,bed_bath_table,156.0
base,ridge,2018-06-18,2018-07-02,3,SP,bed_bath_table,153.0
base,ridge,2018-06-18,2018-07-09,4,SP,bed_bath_table,0.0
base,ridge,2018-06-18,2018-06-18,1,SP,computers_accessories,53.0
base,ridge,2018-06-18,2018-06-25,2,SP,computers_accessories,92.0
base,ridge,2018-06-18,2018-07-02,3,SP,computers_accessories,90.0
base,ridge,2018-06-18,2018-07-09,4,SP,computers_accessories,0.0
base,ridge,2018-06-18,2018-06-18,1,SP,furniture_decor,90.0
base,ridge,2018-06-18,2018-06-25,2,SP,furniture_decor,96.0
base,ridge,2018-06-18,2018-07-02,3,SP,furniture_decor,89.0
base,ridge,2018-06-18,2018-07-09,4,SP,furniture_decor,0.0
base,ridge,2018-06-18,2018-06-18,1,SP,garden_tools,22.0
base,ridge,2018-06-18,2018-06-25,2,SP,garden_tools,58.0
base,ridge,2018-06-18,2018-07-02,3,SP,garden_tools,57.0
base,ridge,2018-06-18,2018-07-09,4,SP,garden_tools,0.0
base,ridge,2018-06-18,2018-06-18,1,SP,health_beauty,189.0
base,ridge,2018-06-18,2018-06-25,2,SP,health_beauty,169.0
base,ridge,2018-06-18,2018-07-02,3,SP,health_beauty,160.0
base,ridge,2018-06-18,2018-07-09,4,SP,health_beauty,0.0
base,ridge,2018-06-18,2018-06-18,1,SP,housewares,111.0
base,ridge,2018-06-18,2018-06-25,2,SP,housewares,126.0
base,ridge,2018-06-18,2018-07-02,3,SP,housewares,123.0
base,ridge,2018-06-18,2018-07-09,4,SP,housewares,0.0
base,ridge,2018-06-18,2018-06-18,1,SP,sports_leisure,96.0
base,ridge,2018-06-18,2018-06-25,2,SP,sports_leisure,92.0
base,ridge,2018-06-18,2018-07-02,3,SP,sports_leisure,85.0
base,ridge,2018-06-18,2018-07-09,4,SP,sports_leisure,0.0
base,ridge,2018-06-18,2018-06-18,1,SP,telephony,58.0
base,ridge,2018-06-18,2018-06-25,2,SP,telephony,54.0
base,ridge,2018-06-18,2018-07-02,3,SP,telephony,52.0
base,ridge,2018-06-18,2018-07-09,4,SP,telephony,0.0
base,ridge,2018-06-18,2018-06-18,1,SP,watches_gifts,144.0
base,ridge,2018-06-18,2018-06-25,2,SP,watches_gifts,138.0
base,ridge,2018-06-18,2018-07-02,3,SP,watches_gifts,126.0
base,ridge,2018-06-18,2018-07-09,4,SP,watches_gifts,0.0
base,ridge,2018-06-25,2018-06-25,1,MG,auto,0.0
base,ridge,2018-06-25,2018-07-02,2,MG,auto,0.0
base,ridge,2018-06-25,2018-07-09,3,MG,auto,0.0
base,ridge,2018-06-25,2018-07-16,4,MG,auto,0.0
base,ridge,2018-06-25,2018-06-25,1,MG,bed_bath_table,14.0
base,ridge,2018-06-25,2018-07-02,2,MG,bed_bath_table,14.0
base,ridge,2018-06-25,2018-07-09,3,MG,bed_bath_table,14.0
base,ridge,2018-06-25,2018-07-16,4,MG,bed_bath_table,0.0
base,ridge,2018-06-25,2018-06-25,1,MG,computers_accessories,7.0
base,ridge,2018-06-25,2018-07-02,2,MG,computers_accessories,12.0
base,ridge,2018-06-25,2018-07-09,3,MG,computers_accessories,12.0
base,ridge,2018-06-25,2018-07-16,4,MG,computers_accessories,0.0
base,ridge,2018-06-25,2018-06-25,1,MG,furniture_decor,6.0
base,ridge,2018-06-25,2018-07-02,2,MG,furniture_decor,12.0
base,ridge,2018-06-25,2018-07-09,3,MG,furniture_decor,11.0
base,ridge,2018-06-25,2018-07-16,4,MG,furniture_decor,0.0
base,ridge,2018-06-25,2018-06-25,1,MG,garden_tools,0.0
base,ridge,2018-06-25,2018-07-02,2,MG,garden_tools,0.0
base,ridge,2018-06-25,2018-07-09,3,MG,garden_tools,0.0
base,ridge,2018-06-25,2018-07-16,4,MG,garden_tools,0.0
base,ridge,2018-06-25,2018-06-25,1,MG,health_beauty,14.0
base,ridge,2018-06-25,2018-07-02,2,MG,health_beauty,14.0
base,ridge,2018-06-25,2018-07-09,3,MG,health_beauty,14.0
base,ridge,2018-06-25,2018-07-16,4,MG,health_beauty,0.0
base,ridge,2018-06-25,2018-06-25,1,MG,housewares,0.0
base,ridge,2018-06-25,2018-07-02,2,MG,housewares,0.0
base,ridge,2018-06-25,2018-07-09,3,MG,housewares,0.0
base,ridge,2018-06-25,2018-07-16,4,MG,housewares,0.0
base,ridge,2018-06-25,2018-06-25,1,MG,sports_leisure,9.0
base,ridge,2018-06-25,2018-07-02,2,MG,sports_leisure,9.0
base,ridge,2018-06-25,2018-07-09,3,MG,sports_leisure,9.0
base,ridge,2018-06-25,2018-07-16,4,MG,sports_leisure,0.0
base,ridge,2018-06-25,2018-06-25,1,MG,telephony,5.0
base,ridge,2018-06-25,2018-07-02,2,MG,telephony,5.0
base,ridge,2018-06-25,2018-07-09,3,MG,telephony,5.0
base,ridge,2018-06-25,2018-07-16,4,MG,telephony,0.0
base,ridge,2018-06-25,2018-06-25,1,MG,watches_gifts,0.0
base,ridge,2018-06-25,2018-07-02,2,MG,watches_gifts,0.0
base,ridge,2018-06-25,2018-07-09,3,MG,watches_gifts,0.0
base,ridge,2018-06-25,2018-07-16,4,MG,watches_gifts,0.0
base,ridge,2018-06-25,2018-06-25,1,PR,auto,8.0
base,ridge,2018-06-25,2018-07-02,2,PR,auto,8.0
base,ridge,2018-06-25,2018-07-09,3,PR,auto,8.0
base,ridge,2018-06-25,2018-07-16,4,PR,auto,0.0
base,ridge,2018-06-25,2018-06-25,1,PR,bed_bath_table,0.0
base,ridge,2018-06-25,2018-07-02,2,PR,bed_bath_table,0.0
base,ridge,2018-06-25,2018-07-09,3,PR,bed_bath_table,0.0
base,ridge,2018-06-25,2018-07-16,4,PR,bed_bath_table,0.0
base,ridge,2018-06-25,2018-06-25,1,PR,computers_accessories,0.0
base,ridge,2018-06-25,2018-07-02,2,PR,computers_accessories,0.0
base,ridge,2018-06-25,2018-07-09,3,PR,computers_accessories,0.0
base,ridge,2018-06-25,2018-07-16,4,PR,computers_accessories,0.0
base,ridge,2018-06-25,2018-06-25,1,PR,furniture_decor,4.0
base,ridge,2018-06-25,2018-07-02,2,PR,furniture_decor,14.0
base,ridge,2018-06-25,2018-07-09,3,PR,furniture_decor,13.0
base,ridge,2018-06-25,2018-07-16,4,PR,furniture_decor,0.0
base,ridge,2018-06-25,2018-06-25,1,PR,garden_tools,0.0
base,ridge,2018-06-25,2018-07-02,2,PR,garden_tools,0.0
base,ridge,2018-06-25,2018-07-09,3,PR,garden_tools,0.0
base,ridge,2018-06-25,2018-07-16,4,PR,garden_tools,0.0
base,ridge,2018-06-25,2018-06-25,1,PR,health_beauty,14.0
base,ridge,2018-06-25,2018-07-02,2,PR,health_beauty,13.0
base,ridge,2018-06-25,2018-07-09,3,PR,health_beauty,12.0
base,ridge,2018-06-25,2018-07-16,4,PR,health_beauty,0.0
base,ridge,2018-06-25,2018-06-25,1,PR,housewares,4.0
base,ridge,2018-06-25,2018-07-02,2,PR,housewares,17.0
base,ridge,2018-06-25,2018-07-09,3,PR,housewares,17.0
base,ridge,2018-06-25,2018-07-16,4,PR,housewares,0.0
base,ridge,2018-06-25,2018-06-25,1,PR,sports_leisure,0.0
base,ridge,2018-06-25,2018-07-02,2,PR,sports_leisure,0.0
base,ridge,2018-06-25,2018-07-09,3,PR,sports_leisure,0.0
base,ridge,2018-06-25,2018-07-16,4,PR,sports_leisure,0.0
base,ridge,2018-06-25,2018-06-25,1,PR,telephony,0.0
base,ridge,2018-06-25,2018-07-02,2,PR,telephony,0.0
base,ridge,2018-06-25,2018-07-09,3,PR,telephony,0.0
base,ridge,2018-06-25,2018-07-16,4,PR,telephony,0.0
base,ridge,2018-06-25,2018-06-25,1,PR,watches_gifts,3.0
base,ridge,2018-06-25,2018-07-02,2,PR,watches_gifts,8.0
base,ridge,2018-06-25,2018-07-09,3,PR,watches_gifts,8.0
base,ridge,2018-06-25,2018-07-16,4,PR,watches_gifts,0.0
base,ridge,2018-06-25,2018-06-25,1,RJ,auto,6.0
base,ridge,2018-06-25,2018-07-02,2,RJ,auto,6.0
base,ridge,2018-06-25,2018-07-09,3,RJ,auto,6.0
base,ridge,2018-06-25,2018-07-16,4,RJ,auto,0.0
base,ridge,2018-06-25,2018-06-25,1,RJ,bed_bath_table,10.0
base,ridge,2018-06-25,2018-07-02,2,RJ,bed_bath_table,10.0
base,ridge,2018-06-25,2018-07-09,3,RJ,bed_bath_table,10.0
base,ridge,2018-06-25,2018-07-16,4,RJ,bed_bath_table,0.0
base,ridge,2018-06-25,2018-06-25,1,RJ,computers_accessories,0.0
base,ridge,2018-06-25,2018-07-02,2,RJ,computers_accessories,0.0
base,ridge,2018-06-25,2018-07-09,3,RJ,computers_accessories,0.0
base,ridge,2018-06-25,2018-07-16,4,RJ,computers_accessories,0.0
base,ridge,2018-06-25,2018-06-25,1,RJ,furniture_decor,5.0
base,ridge,2018-06-25,2018-07-02,2,RJ,furniture_decor,5.0
base,ridge,2018-06-25,2018-07-09,3,RJ,furniture_decor,5.0
base,ridge,2018-06-25,2018-07-16,4,RJ,furniture_decor,0.0
base,ridge,2018-06-25,2018-06-25,1,RJ,garden_tools,0.0
base,ridge,2018-06-25,2018-07-02,2,RJ,garden_tools,3.0
base,ridge,2018-06-25,2018-07-09,3,RJ,garden_tools,3.0
base,ridge,2018-06-25,2018-07-16,4,RJ,garden_tools,0.0
base,ridge,2018-06-25,2018-06-25,1,RJ,health_beauty,0.0
base,ridge,2018-06-25,2018-07-02,2,RJ,health_beauty,0.0
base,ridge,2018-06-25,2018-07-09,3,RJ,health_beauty,0.0
base,ridge,2018-06-25,2018-07-16,4,RJ,health_beauty,0.0
base,ridge,2018-06-25,2018-06-25,1,RJ,housewares,8.0
base,ridge,2018-06-25,2018-07-02,2,RJ,housewares,8.0
base,ridge,2018-06-25,2018-07-09,3,RJ,housewares,8.0
base,ridge,2018-06-25,2018-07-16,4,RJ,housewares,0.0
base,ridge,2018-06-25,2018-06-25,1,RJ,sports_leisure,11.0
base,ridge,2018-06-25,2018-07-02,2,RJ,sports_leisure,12.0
base,ridge,2018-06-25,2018-07-09,3,RJ,sports_leisure,11.0
base,ridge,2018-06-25,2018-07-16,4,RJ,sports_leisure,0.0
base,ridge,2018-06-25,2018-06-25,1,RJ,telephony,0.0
base,ridge,2018-06-25,2018-07-02,2,RJ,telephony,0.0
base,ridge,2018-06-25,2018-07-09,3,RJ,telephony,3.0
base,ridge,2018-06-25,2018-07-16,4,RJ,telephony,0.0
base,ridge,2018-06-25,2018-06-25,1,RJ,watches_gifts,0.0
base,ridge,2018-06-25,2018-07-02,2,RJ,watches_gifts,0.0
base,ridge,2018-06-25,2018-07-09,3,RJ,watches_gifts,0.0
base,ridge,2018-06-25,2018-07-16,4,RJ,watches_gifts,0.0
base,ridge,2018-06-25,2018-06-25,1,RS,auto,3.0
base,ridge,2018-06-25,2018-07-02,2,RS,auto,3.0
base,ridge,2018-06-25,2018-07-09,3,RS,auto,3.0
base,ridge,2018-06-25,2018-07-16,4,RS,auto,0.0
base,ridge,2018-06-25,2018-06-25,1,RS,bed_bath_table,6.0
base,ridge,2018-06-25,2018-07-02,2,RS,bed_bath_table,6.0
base,ridge,2018-06-25,2018-07-09,3,RS,bed_bath_table,6.0
base,ridge,2018-06-25,2018-07-16,4,RS,bed_bath_table,0.0
base,ridge,2018-06-25,2018-06-25,1,RS,computers_accessories,9.0
base,ridge,2018-06-25,2018-07-02,2,RS,computers_accessories,7.0
base,ridge,2018-06-25,2018-07-09,3,RS,computers_accessories,6.0
base,ridge,2018-06-25,2018-07-16,4,RS,computers_accessories,0.0
base,ridge,2018-06-25,2018-06-25,1,RS,furniture_decor,5.0
base,ridge,2018-06-25,2018-07-02,2,RS,furniture_decor,5.0
base,ridge,2018-06-25,2018-07-09,3,RS,furniture_decor,5.0
base,ridge,2018-06-25,2018-07-16,4,RS,furniture_decor,0.0
base,ridge,2018-06-25,2018-06-25,1,RS,garden_tools,0.0
base,ridge,2018-06-25,2018-07-02,2,RS,garden_tools,1.0
base,ridge,2018-06-25,2018-07-09,3,RS,garden_tools,1.0
base,ridge,2018-06-25,2018-07-16,4,RS,garden_tools,0.0
base,ridge,2018-06-25,2018-06-25,1,RS,health_beauty,8.0
base,ridge,2018-06-25,2018-07-02,2,RS,health_beauty,8.0
base,ridge,2018-06-25,2018-07-09,3,RS,health_beauty,8.0
base,ridge,2018-06-25,2018-07-16,4,RS,health_beauty,0.0
base,ridge,2018-06-25,2018-06-25,1,RS,housewares,0.0
base,ridge,2018-06-25,2018-07-02,2,RS,housewares,4.0
base,ridge,2018-06-25,2018-07-09,3,RS,housewares,4.0
base,ridge,2018-06-25,2018-07-16,4,RS,housewares,0.0
base,ridge,2018-06-25,2018-06-25,1,RS,sports_leisure,0.0
base,ridge,2018-06-25,2018-07-02,2,RS,sports_leisure,0.0
base,ridge,2018-06-25,2018-07-09,3,RS,sports_leisure,0.0
base,ridge,2018-06-25,2018-07-16,4,RS,sports_leisure,0.0
base,ridge,2018-06-25,2018-06-25,1,RS,telephony,5.0
base,ridge,2018-06-25,2018-07-02,2,RS,telephony,5.0
base,ridge,2018-06-25,2018-07-09,3,RS,telephony,5.0
base,ridge,2018-06-25,2018-07-16,4,RS,telephony,0.0
base,ridge,2018-06-25,2018-06-25,1,RS,watches_gifts,0.0
base,ridge,2018-06-25,2018-07-02,2,RS,watches_gifts,0.0
base,ridge,2018-06-25,2018-07-09,3,RS,watches_gifts,0.0
base,ridge,2018-06-25,2018-07-16,4,RS,watches_gifts,0.0
base,ridge,2018-06-25,2018-06-25,1,SC,auto,0.0
base,ridge,2018-06-25,2018-07-02,2,SC,auto,0.0
base,ridge,2018-06-25,2018-07-09,3,SC,auto,0.0
base,ridge,2018-06-25,2018-07-16,4,SC,auto,0.0
base,ridge,2018-06-25,2018-06-25,1,SC,bed_bath_table,13.0
base,ridge,2018-06-25,2018-07-02,2,SC,bed_bath_table,13.0
base,ridge,2018-06-25,2018-07-09,3,SC,bed_bath_table,12.0
base,ridge,2018-06-25,2018-07-16,4,SC,bed_bath_table,0.0
base,ridge,2018-06-25,2018-06-25,1,SC,computers_accessories,9.0
base,ridge,2018-06-25,2018-07-02,2,SC,computers_accessories,9.0
base,ridge,2018-06-25,2018-07-09,3,SC,computers_accessories,9.0
base,ridge,2018-06-25,2018-07-16,4,SC,computers_accessories,0.0
base,ridge,2018-06-25,2018-06-25,1,SC,furniture_decor,6.0
base,ridge,2018-06-25,2018-07-02,2,SC,furniture_decor,6.0
base,ridge,2018-06-25,2018-07-09,3,SC,furniture_decor,6.0
base,ridge,2018-06-25,2018-07-16,4,SC,furniture_decor,0.0
base,ridge,2018-06-25,2018-06-25,1,SC,garden_tools,1.0
base,ridge,2018-06-25,2018-07-02,2,SC,garden_tools,8.0
base,ridge,2018-06-25,2018-07-09,3,SC,garden_tools,8.0
base,ridge,2018-06-25,2018-07-16,4,SC,garden_tools,0.0
base,ridge,2018-06-25,2018-06-25,1,SC,health_beauty,0.0
base,ridge,2018-06-25,2018-07-02,2,SC,health_beauty,0.0
base,ridge,2018-06-25,2018-07-09,3,SC,health_beauty,0.0
base,ridge,2018-06-25,2018-07-16,4,SC,health_beauty,0.0
base,ridge,2018-06-25,2018-06-25,1,SC,housewares,0.0
base,ridge,2018-06-25,2018-07-02,2,SC,housewares,0.0
base,ridge,2018-06-25,2018-07-09,3,SC,housewares,0.0
base,ridge,2018-06-25,2018-07-16,4,SC,housewares,0.0
base,ridge,2018-06-25,2018-06-25,1,SC,sports_leisure,7.0
base,ridge,2018-06-25,2018-07-02,2,SC,sports_leisure,17.0
base,ridge,2018-06-25,2018-07-09,3,SC,sports_leisure,17.0
base,ridge,2018-06-25,2018-07-16,4,SC,sports_leisure,0.0
base,ridge,2018-06-25,2018-06-25,1,SC,telephony,0.0
base,ridge,2018-06-25,2018-07-02,2,SC,telephony,0.0
base,ridge,2018-06-25,2018-07-09,3,SC,telephony,0.0
base,ridge,2018-06-25,2018-07-16,4,SC,telephony,0.0
base,ridge,2018-06-25,2018-06-25,1,SC,watches_gifts,0.0
base,ridge,2018-06-25,2018-07-02,2,SC,watches_gifts,4.0
base,ridge,2018-06-25,2018-07-09,3,SC,watches_gifts,4.0
base,ridge,2018-06-25,2018-07-16,4,SC,watches_gifts,0.0
base,ridge,2018-06-25,2018-06-25,1,SP,auto,59.0
base,ridge,2018-06-25,2018-07-02,2,SP,auto,62.0
base,ridge,2018-06-25,2018-07-09,3,SP,auto,58.0
base,ridge,2018-06-25,2018-07-16,4,SP,auto,0.0
base,ridge,2018-06-25,2018-06-25,1,SP,bed_bath_table,152.0
base,ridge,2018-06-25,2018-07-02,2,SP,bed_bath_table,155.0
base,ridge,2018-06-25,2018-07-09,3,SP,bed_bath_table,153.0
base,ridge,2018-06-25,2018-07-16,4,SP,bed_bath_table,0.0
base,ridge,2018-06-25,2018-06-25,1,SP,computers_accessories,87.0
base,ridge,2018-06-25,2018-07-02,2,SP,computers_accessories,89.0
base,ridge,2018-06-25,2018-07-09,3,SP,computers_accessories,86.0
base,ridge,2018-06-25,2018-07-16,4,SP,computers_accessories,0.0
base,ridge,2018-06-25,2018-06-25,1,SP,furniture_decor,35.0
base,ridge,2018-06-25,2018-07-02,2,SP,furniture_decor,83.0
base,ridge,2018-06-25,2018-07-09,3,SP,furniture_decor,80.0
base,ridge,2018-06-25,2018-07-16,4,SP,furniture_decor,0.0
base,ridge,2018-06-25,2018-06-25,1,SP,garden_tools,11.0
base,ridge,2018-06-25,2018-07-02,2,SP,garden_tools,50.0
base,ridge,2018-06-25,2018-07-09,3,SP,garden_tools,51.0
base,ridge,2018-06-25,2018-07-16,4,SP,garden_tools,0.0
base,ridge,2018-06-25,2018-06-25,1,SP,health_beauty,176.0
base,ridge,2018-06-25,2018-07-02,2,SP,health_beauty,162.0
base,ridge,2018-06-25,2018-07-09,3,SP,health_beauty,162.0
base,ridge,2018-06-25,2018-07-16,4,SP,health_beauty,0.0
base,ridge,2018-06-25,2018-06-25,1,SP,housewares,74.0
base,ridge,2018-06-25,2018-07-02,2,SP,housewares,118.0
base,ridge,2018-06-25,2018-07-09,3,SP,housewares,119.0
base,ridge,2018-06-25,2018-07-16,4,SP,housewares,0.0
base,ridge,2018-06-25,2018-06-25,1,SP,sports_leisure,62.0
base,ridge,2018-06-25,2018-07-02,2,SP,sports_leisure,82.0
base,ridge,2018-06-25,2018-07-09,3,SP,sports_leisure,79.0
base,ridge,2018-06-25,2018-07-16,4,SP,sports_leisure,0.0
base,ridge,2018-06-25,2018-06-25,1,SP,telephony,49.0
base,ridge,2018-06-25,2018-07-02,2,SP,telephony,52.0
base,ridge,2018-06-25,2018-07-09,3,SP,telephony,52.0
base,ridge,2018-06-25,2018-07-16,4,SP,telephony,0.0
base,ridge,2018-06-25,2018-06-25,1,SP,watches_gifts,61.0
base,ridge,2018-06-25,2018-07-02,2,SP,watches_gifts,117.0
base,ridge,2018-06-25,2018-07-09,3,SP,watches_gifts,115.0
base,ridge,2018-06-25,2018-07-16,4,SP,watches_gifts,0.0
base,ridge,2018-07-02,2018-07-02,1,MG,auto,0.0
base,ridge,2018-07-02,2018-07-09,2,MG,auto,0.0
base,ridge,2018-07-02,2018-07-16,3,MG,auto,0.0
base,ridge,2018-07-02,2018-07-23,4,MG,auto,0.0
base,ridge,2018-07-02,2018-07-02,1,MG,bed_bath_table,14.0
base,ridge,2018-07-02,2018-07-09,2,MG,bed_bath_table,14.0
base,ridge,2018-07-02,2018-07-16,3,MG,bed_bath_table,14.0
base,ridge,2018-07-02,2018-07-23,4,MG,bed_bath_table,0.0
base,ridge,2018-07-02,2018-07-02,1,MG,computers_accessories,7.0
base,ridge,2018-07-02,2018-07-09,2,MG,computers_accessories,12.0
base,ridge,2018-07-02,2018-07-16,3,MG,computers_accessories,12.0
base,ridge,2018-07-02,2018-07-23,4,MG,computers_accessories,0.0
base,ridge,2018-07-02,2018-07-02,1,MG,furniture_decor,14.0
base,ridge,2018-07-02,2018-07-09,2,MG,furniture_decor,12.0
base,ridge,2018-07-02,2018-07-16,3,MG,furniture_decor,12.0
base,ridge,2018-07-02,2018-07-23,4,MG,furniture_decor,0.0
base,ridge,2018-07-02,2018-07-02,1,MG,garden_tools,0.0
base,ridge,2018-07-02,2018-07-09,2,MG,garden_tools,0.0
base,ridge,2018-07-02,2018-07-16,3,MG,garden_tools,0.0
base,ridge,2018-07-02,2018-07-23,4,MG,garden_tools,0.0
base,ridge,2018-07-02,2018-07-02,1,MG,health_beauty,14.0
base,ridge,2018-07-02,2018-07-09,2,MG,health_beauty,14.0
base,ridge,2018-07-02,2018-07-16,3,MG,health_beauty,14.0
base,ridge,2018-07-02,2018-07-23,4,MG,health_beauty,0.0
base,ridge,2018-07-02,2018-07-02,1,MG,housewares,0.0
base,ridge,2018-07-02,2018-07-09,2,MG,housewares,0.0
base,ridge,2018-07-02,2018-07-16,3,MG,housewares,0.0
base,ridge,2018-07-02,2018-07-23,4,MG,housewares,0.0
base,ridge,2018-07-02,2018-07-02,1,MG,sports_leisure,0.0
base,ridge,2018-07-02,2018-07-09,2,MG,sports_leisure,9.0
base,ridge,2018-07-02,2018-07-16,3,MG,sports_leisure,10.0
base,ridge,2018-07-02,2018-07-23,4,MG,sports_leisure,0.0
base,ridge,2018-07-02,2018-07-02,1,MG,telephony,0.0
base,ridge,2018-07-02,2018-07-09,2,MG,telephony,4.0
base,ridge,2018-07-02,2018-07-16,3,MG,telephony,5.0
base,ridge,2018-07-02,2018-07-23,4,MG,telephony,0.0
base,ridge,2018-07-02,2018-07-02,1,MG,watches_gifts,0.0
base,ridge,2018-07-02,2018-07-09,2,MG,watches_gifts,0.0
base,ridge,2018-07-02,2018-07-16,3,MG,watches_gifts,0.0
base,ridge,2018-07-02,2018-07-23,4,MG,watches_gifts,0.0
base,ridge,2018-07-02,2018-07-02,1,PR,auto,7.0
base,ridge,2018-07-02,2018-07-09,2,PR,auto,8.0
base,ridge,2018-07-02,2018-07-16,3,PR,auto,8.0
base,ridge,2018-07-02,2018-07-23,4,PR,auto,0.0
base,ridge,2018-07-02,2018-07-02,1,PR,bed_bath_table,0.0
base,ridge,2018-07-02,2018-07-09,2,PR,bed_bath_table,0.0
base,ridge,2018-07-02,2018-07-16,3,PR,bed_bath_table,0.0
base,ridge,2018-07-02,2018-07-23,4,PR,bed_bath_table,0.0
base,ridge,2018-07-02,2018-07-02,1,PR,computers_accessories,0.0
base,ridge,2018-07-02,2018-07-09,2,PR,computers_accessories,0.0
base,ridge,2018-07-02,2018-07-16,3,PR,computers_accessories,0.0
base,ridge,2018-07-02,2018-07-23,4,PR,computers_accessories,0.0
base,ridge,2018-07-02,2018-07-02,1,PR,furniture_decor,15.0
base,ridge,2018-07-02,2018-07-09,2,PR,furniture_decor,14.0
base,ridge,2018-07-02,2018-07-16,3,PR,furniture_decor,14.0
base,ridge,2018-07-02,2018-07-23,4,PR,furniture_decor,0.0
base,ridge,2018-07-02,2018-07-02,1,PR,garden_tools,0.0
base,ridge,2018-07-02,2018-07-09,2,PR,garden_tools,0.0
base,ridge,2018-07-02,2018-07-16,3,PR,garden_tools,0.0
base,ridge,2018-07-02,2018-07-23,4,PR,garden_tools,0.0
base,ridge,2018-07-02,2018-07-02,1,PR,health_beauty,13.0
base,ridge,2018-07-02,2018-07-09,2,PR,health_beauty,13.0
base,ridge,2018-07-02,2018-07-16,3,PR,health_beauty,14.0
base,ridge,2018-07-02,2018-07-23,4,PR,health_beauty,0.0
base,ridge,2018-07-02,2018-07-02,1,PR,housewares,17.0
base,ridge,2018-07-02,2018-07-09,2,PR,housewares,17.0
base,ridge,2018-07-02,2018-07-16,3,PR,housewares,17.0
base,ridge,2018-07-02,2018-07-23,4,PR,housewares,0.0
base,ridge,2018-07-02,2018-07-02,1,PR,sports_leisure,0.0
base,ridge,2018-07-02,2018-07-09,2,PR,sports_leisure,0.0
base,ridge,2018-07-02,2018-07-16,3,PR,sports_leisure,0.0
base,ridge,2018-07-02,2018-07-23,4,PR,sports_leisure,0.0
base,ridge,2018-07-02,2018-07-02,1,PR,telephony,0.0
base,ridge,2018-07-02,2018-07-09,2,PR,telephony,0.0
base,ridge,2018-07-02,2018-07-16,3,PR,telephony,0.0
base,ridge,2018-07-02,2018-07-23,4,PR,telephony,0.0
base,ridge,2018-07-02,2018-07-02,1,PR,watches_gifts,8.0
base,ridge,2018-07-02,2018-07-09,2,PR,watches_gifts,8.0
base,ridge,2018-07-02,2018-07-16,3,PR,watches_gifts,8.0
base,ridge,2018-07-02,2018-07-23,4,PR,watches_gifts,0.0
base,ridge,2018-07-02,2018-07-02,1,RJ,auto,6.0
base,ridge,2018-07-02,2018-07-09,2,RJ,auto,6.0
base,ridge,2018-07-02,2018-07-16,3,RJ,auto,6.0
base,ridge,2018-07-02,2018-07-23,4,RJ,auto,0.0
base,ridge,2018-07-02,2018-07-02,1,RJ,bed_bath_table,10.0
base,ridge,2018-07-02,2018-07-09,2,RJ,bed_bath_table,10.0
base,ridge,2018-07-02,2018-07-16,3,RJ,bed_bath_table,10.0
base,ridge,2018-07-02,2018-07-23,4,RJ,bed_bath_table,0.0
base,ridge,2018-07-02,2018-07-02,1,RJ,computers_accessories,0.0
base,ridge,2018-07-02,2018-07-09,2,RJ,computers_accessories,0.0
base,ridge,2018-07-02,2018-07-16,3,RJ,computers_accessories,0.0
base,ridge,2018-07-02,2018-07-23,4,RJ,computers_accessories,0.0
base,ridge,2018-07-02,2018-07-02,1,RJ,furniture_decor,5.0
base,ridge,2018-07-02,2018-07-09,2,RJ,furniture_decor,5.0
base,ridge,2018-07-02,2018-07-16,3,RJ,furniture_decor,5.0
base,ridge,2018-07-02,2018-07-23,4,RJ,furniture_decor,0.0
base,ridge,2018-07-02,2018-07-02,1,RJ,garden_tools,4.0
base,ridge,2018-07-02,2018-07-09,2,RJ,garden_tools,4.0
base,ridge,2018-07-02,2018-07-16,3,RJ,garden_tools,4.0
base,ridge,2018-07-02,2018-07-23,4,RJ,garden_tools,0.0
base,ridge,2018-07-02,2018-07-02,1,RJ,health_beauty,0.0
base,ridge,2018-07-02,2018-07-09,2,RJ,health_beauty,0.0
base,ridge,2018-07-02,2018-07-16,3,RJ,health_beauty,0.0
base,ridge,2018-07-02,2018-07-23,4,RJ,health_beauty,0.0
base,ridge,2018-07-02,2018-07-02,1,RJ,housewares,8.0
base,ridge,2018-07-02,2018-07-09,2,RJ,housewares,8.0
base,ridge,2018-07-02,2018-07-16,3,RJ,housewares,8.0
base,ridge,2018-07-02,2018-07-23,4,RJ,housewares,0.0
base,ridge,2018-07-02,2018-07-02,1,RJ,sports_leisure,0.0
base,ridge,2018-07-02,2018-07-09,2,RJ,sports_leisure,11.0
base,ridge,2018-07-02,2018-07-16,3,RJ,sports_leisure,12.0
base,ridge,2018-07-02,2018-07-23,4,RJ,sports_leisure,0.0
base,ridge,2018-07-02,2018-07-02,1,RJ,telephony,0.0
base,ridge,2018-07-02,2018-07-09,2,RJ,telephony,0.0
base,ridge,2018-07-02,2018-07-16,3,RJ,telephony,0.0
base,ridge,2018-07-02,2018-07-23,4,RJ,telephony,0.0
base,ridge,2018-07-02,2018-07-02,1,RJ,watches_gifts,0.0
base,ridge,2018-07-02,2018-07-09,2,RJ,watches_gifts,0.0
base,ridge,2018-07-02,2018-07-16,3,RJ,watches_gifts,0.0
base,ridge,2018-07-02,2018-07-23,4,RJ,watches_gifts,0.0
base,ridge,2018-07-02,2018-07-02,1,RS,auto,3.0
base,ridge,2018-07-02,2018-07-09,2,RS,auto,3.0
base,ridge,2018-07-02,2018-07-16,3,RS,auto,3.0
base,ridge,2018-07-02,2018-07-23,4,RS,auto,0.0
base,ridge,2018-07-02,2018-07-02,1,RS,bed_bath_table,6.0
base,ridge,2018-07-02,2018-07-09,2,RS,bed_bath_table,6.0
base,ridge,2018-07-02,2018-07-16,3,RS,bed_bath_table,6.0
base,ridge,2018-07-02,2018-07-23,4,RS,bed_bath_table,0.0
base,ridge,2018-07-02,2018-07-02,1,RS,computers_accessories,8.0
base,ridge,2018-07-02,2018-07-09,2,RS,computers_accessories,7.0
base,ridge,2018-07-02,2018-07-16,3,RS,computers_accessories,7.0
base,ridge,2018-07-02,2018-07-23,4,RS,computers_accessories,0.0
base,ridge,2018-07-02,2018-07-02,1,RS,furniture_decor,5.0
base,ridge,2018-07-02,2018-07-09,2,RS,furniture_decor,5.0
base,ridge,2018-07-02,2018-07-16,3,RS,furniture_decor,5.0
base,ridge,2018-07-02,2018-07-23,4,RS,furniture_decor,0.0
base,ridge,2018-07-02,2018-07-02,1,RS,garden_tools,1.0
base,ridge,2018-07-02,2018-07-09,2,RS,garden_tools,1.0
base,ridge,2018-07-02,2018-07-16,3,RS,garden_tools,1.0
base,ridge,2018-07-02,2018-07-23,4,RS,garden_tools,0.0
base,ridge,2018-07-02,2018-07-02,1,RS,health_beauty,8.0
base,ridge,2018-07-02,2018-07-09,2,RS,health_beauty,8.0
base,ridge,2018-07-02,2018-07-16,3,RS,health_beauty,8.0
base,ridge,2018-07-02,2018-07-23,4,RS,health_beauty,0.0
base,ridge,2018-07-02,2018-07-02,1,RS,housewares,4.0
base,ridge,2018-07-02,2018-07-09,2,RS,housewares,4.0
base,ridge,2018-07-02,2018-07-16,3,RS,housewares,4.0
base,ridge,2018-07-02,2018-07-23,4,RS,housewares,0.0
base,ridge,2018-07-02,2018-07-02,1,RS,sports_leisure,0.0
base,ridge,2018-07-02,2018-07-09,2,RS,sports_leisure,0.0
base,ridge,2018-07-02,2018-07-16,3,RS,sports_leisure,0.0
base,ridge,2018-07-02,2018-07-23,4,RS,sports_leisure,0.0
base,ridge,2018-07-02,2018-07-02,1,RS,telephony,5.0
base,ridge,2018-07-02,2018-07-09,2,RS,telephony,5.0
base,ridge,2018-07-02,2018-07-16,3,RS,telephony,5.0
base,ridge,2018-07-02,2018-07-23,4,RS,telephony,0.0
base,ridge,2018-07-02,2018-07-02,1,RS,watches_gifts,0.0
base,ridge,2018-07-02,2018-07-09,2,RS,watches_gifts,0.0
base,ridge,2018-07-02,2018-07-16,3,RS,watches_gifts,0.0
base,ridge,2018-07-02,2018-07-23,4,RS,watches_gifts,0.0
base,ridge,2018-07-02,2018-07-02,1,SC,auto,0.0
base,ridge,2018-07-02,2018-07-09,2,SC,auto,0.0
base,ridge,2018-07-02,2018-07-16,3,SC,auto,0.0
base,ridge,2018-07-02,2018-07-23,4,SC,auto,0.0
base,ridge,2018-07-02,2018-07-02,1,SC,bed_bath_table,0.0
base,ridge,2018-07-02,2018-07-09,2,SC,bed_bath_table,12.0
base,ridge,2018-07-02,2018-07-16,3,SC,bed_bath_table,13.0
base,ridge,2018-07-02,2018-07-23,4,SC,bed_bath_table,0.0
base,ridge,2018-07-02,2018-07-02,1,SC,computers_accessories,9.0
base,ridge,2018-07-02,2018-07-09,2,SC,computers_accessories,9.0
base,ridge,2018-07-02,2018-07-16,3,SC,computers_accessories,9.0
base,ridge,2018-07-02,2018-07-23,4,SC,computers_accessories,0.0
base,ridge,2018-07-02,2018-07-02,1,SC,furniture_decor,6.0
base,ridge,2018-07-02,2018-07-09,2,SC,furniture_decor,6.0
base,ridge,2018-07-02,2018-07-16,3,SC,furniture_decor,6.0
base,ridge,2018-07-02,2018-07-23,4,SC,furniture_decor,0.0
base,ridge,2018-07-02,2018-07-02,1,SC,garden_tools,8.0
base,ridge,2018-07-02,2018-07-09,2,SC,garden_tools,8.0
base,ridge,2018-07-02,2018-07-16,3,SC,garden_tools,8.0
base,ridge,2018-07-02,2018-07-23,4,SC,garden_tools,0.0
base,ridge,2018-07-02,2018-07-02,1,SC,health_beauty,0.0
base,ridge,2018-07-02,2018-07-09,2,SC,health_beauty,0.0
base,ridge,2018-07-02,2018-07-16,3,SC,health_beauty,0.0
base,ridge,2018-07-02,2018-07-23,4,SC,health_beauty,0.0
base,ridge,2018-07-02,2018-07-02,1,SC,housewares,0.0
base,ridge,2018-07-02,2018-07-09,2,SC,housewares,0.0
base,ridge,2018-07-02,2018-07-16,3,SC,housewares,0.0
base,ridge,2018-07-02,2018-07-23,4,SC,housewares,0.0
base,ridge,2018-07-02,2018-07-02,1,SC,sports_leisure,12.0
base,ridge,2018-07-02,2018-07-09,2,SC,sports_leisure,17.0
base,ridge,2018-07-02,2018-07-16,3,SC,sports_leisure,17.0
base,ridge,2018-07-02,2018-07-23,4,SC,sports_leisure,0.0
base,ridge,2018-07-02,2018-07-02,1,SC,telephony,0.0
base,ridge,2018-07-02,2018-07-09,2,SC,telephony,0.0
base,ridge,2018-07-02,2018-07-16,3,SC,telephony,0.0
base,ridge,2018-07-02,2018-07-23,4,SC,telephony,0.0
base,ridge,2018-07-02,2018-07-02,1,SC,watches_gifts,2.0
base,ridge,2018-07-02,2018-07-09,2,SC,watches_gifts,4.0
base,ridge,2018-07-02,2018-07-16,3,SC,watches_gifts,5.0
base,ridge,2018-07-02,2018-07-23,4,SC,watches_gifts,0.0
base,ridge,2018-07-02,2018-07-02,1,SP,auto,43.0
base,ridge,2018-07-02,2018-07-09,2,SP,auto,57.0
base,ridge,2018-07-02,2018-07-16,3,SP,auto,59.0
base,ridge,2018-07-02,2018-07-23,4,SP,auto,0.0
base,ridge,2018-07-02,2018-07-02,1,SP,bed_bath_table,93.0
base,ridge,2018-07-02,2018-07-09,2,SP,bed_bath_table,149.0
base,ridge,2018-07-02,2018-07-16,3,SP,bed_bath_table,154.0
base,ridge,2018-07-02,2018-07-23,4,SP,bed_bath_table,0.0
base,ridge,2018-07-02,2018-07-02,1,SP,computers_accessories,71.0
base,ridge,2018-07-02,2018-07-09,2,SP,computers_accessories,86.0
base,ridge,2018-07-02,2018-07-16,3,SP,computers_accessories,87.0
base,ridge,2018-07-02,2018-07-23,4,SP,computers_accessories,0.0
base,ridge,2018-07-02,2018-07-02,1,SP,furniture_decor,88.0
base,ridge,2018-07-02,2018-07-09,2,SP,furniture_decor,83.0
base,ridge,2018-07-02,2018-07-16,3,SP,furniture_decor,79.0
base,ridge,2018-07-02,2018-07-23,4,SP,furniture_decor,0.0
base,ridge,2018-07-02,2018-07-02,1,SP,garden_tools,59.0
base,ridge,2018-07-02,2018-07-09,2,SP,garden_tools,55.0
base,ridge,2018-07-02,2018-07-16,3,SP,garden_tools,52.0
base,ridge,2018-07-02,2018-07-23,4,SP,garden_tools,0.0
base,ridge,2018-07-02,2018-07-02,1,SP,health_beauty,107.0
base,ridge,2018-07-02,2018-07-09,2,SP,health_beauty,154.0
base,ridge,2018-07-02,2018-07-16,3,SP,health_beauty,164.0
base,ridge,2018-07-02,2018-07-23,4,SP,health_beauty,0.0
base,ridge,2018-07-02,2018-07-02,1,SP,housewares,120.0
base,ridge,2018-07-02,2018-07-09,2,SP,housewares,121.0
base,ridge,2018-07-02,2018-07-16,3,SP,housewares,121.0
base,ridge,2018-07-02,2018-07-23,4,SP,housewares,0.0
base,ridge,2018-07-02,2018-07-02,1,SP,sports_leisure,72.0
base,ridge,2018-07-02,2018-07-09,2,SP,sports_leisure,79.0
base,ridge,2018-07-02,2018-07-16,3,SP,sports_leisure,80.0
base,ridge,2018-07-02,2018-07-23,4,SP,sports_leisure,0.0
base,ridge,2018-07-02,2018-07-02,1,SP,telephony,11.0
base,ridge,2018-07-02,2018-07-09,2,SP,telephony,49.0
base,ridge,2018-07-02,2018-07-16,3,SP,telephony,52.0
base,ridge,2018-07-02,2018-07-23,4,SP,telephony,0.0
base,ridge,2018-07-02,2018-07-02,1,SP,watches_gifts,57.0
base,ridge,2018-07-02,2018-07-09,2,SP,watches_gifts,108.0
base,ridge,2018-07-02,2018-07-16,3,SP,watches_gifts,111.0
base,ridge,2018-07-02,2018-07-23,4,SP,watches_gifts,0.0
base,ridge,2018-07-09,2018-07-09,1,MG,auto,0.0
base,ridge,2018-07-09,2018-07-16,2,MG,auto,0.0
base,ridge,2018-07-09,2018-07-23,3,MG,auto,0.0
base,ridge,2018-07-09,2018-07-30,4,MG,auto,0.0
base,ridge,2018-07-09,2018-07-09,1,MG,bed_bath_table,14.0
base,ridge,2018-07-09,2018-07-16,2,MG,bed_bath_table,14.0
base,ridge,2018-07-09,2018-07-23,3,MG,bed_bath_table,14.0
base,ridge,2018-07-09,2018-07-30,4,MG,bed_bath_table,0.0
base,ridge,2018-07-09,2018-07-09,1,MG,computers_accessories,10.0
base,ridge,2018-07-09,2018-07-16,2,MG,computers_accessories,12.0
base,ridge,2018-07-09,2018-07-23,3,MG,computers_accessories,12.0
base,ridge,2018-07-09,2018-07-30,4,MG,computers_accessories,0.0
base,ridge,2018-07-09,2018-07-09,1,MG,furniture_decor,0.0
base,ridge,2018-07-09,2018-07-16,2,MG,furniture_decor,2.0
base,ridge,2018-07-09,2018-07-23,3,MG,furniture_decor,11.0
base,ridge,2018-07-09,2018-07-30,4,MG,furniture_decor,0.0
base,ridge,2018-07-09,2018-07-09,1,MG,garden_tools,0.0
base,ridge,2018-07-09,2018-07-16,2,MG,garden_tools,0.0
base,ridge,2018-07-09,2018-07-23,3,MG,garden_tools,0.0
base,ridge,2018-07-09,2018-07-30,4,MG,garden_tools,0.0
base,ridge,2018-07-09,2018-07-09,1,MG,health_beauty,14.0
base,ridge,2018-07-09,2018-07-16,2,MG,health_beauty,14.0
base,ridge,2018-07-09,2018-07-23,3,MG,health_beauty,14.0
base,ridge,2018-07-09,2018-07-30,4,MG,health_beauty,0.0
base,ridge,2018-07-09,2018-07-09,1,MG,housewares,0.0
base,ridge,2018-07-09,2018-07-16,2,MG,housewares,0.0
base,ridge,2018-07-09,2018-07-23,3,MG,housewares,0.0
base,ridge,2018-07-09,2018-07-30,4,MG,housewares,0.0
base,ridge,2018-07-09,2018-07-09,1,MG,sports_leisure,10.0
base,ridge,2018-07-09,2018-07-16,2,MG,sports_leisure,11.0
base,ridge,2018-07-09,2018-07-23,3,MG,sports_leisure,11.0
base,ridge,2018-07-09,2018-07-30,4,MG,sports_leisure,0.0
base,ridge,2018-07-09,2018-07-09,1,MG,telephony,5.0
base,ridge,2018-07-09,2018-07-16,2,MG,telephony,5.0
base,ridge,2018-07-09,2018-07-23,3,MG,telephony,5.0
base,ridge,2018-07-09,2018-07-30,4,MG,telephony,0.0
base,ridge,2018-07-09,2018-07-09,1,MG,watches_gifts,0.0
base,ridge,2018-07-09,2018-07-16,2,MG,watches_gifts,0.0
base,ridge,2018-07-09,2018-07-23,3,MG,watches_gifts,0.0
base,ridge,2018-07-09,2018-07-30,4,MG,watches_gifts,0.0
base,ridge,2018-07-09,2018-07-09,1,PR,auto,8.0
base,ridge,2018-07-09,2018-07-16,2,PR,auto,8.0
base,ridge,2018-07-09,2018-07-23,3,PR,auto,8.0
base,ridge,2018-07-09,2018-07-30,4,PR,auto,0.0
base,ridge,2018-07-09,2018-07-09,1,PR,bed_bath_table,0.0
base,ridge,2018-07-09,2018-07-16,2,PR,bed_bath_table,0.0
base,ridge,2018-07-09,2018-07-23,3,PR,bed_bath_table,0.0
base,ridge,2018-07-09,2018-07-30,4,PR,bed_bath_table,0.0
base,ridge,2018-07-09,2018-07-09,1,PR,computers_accessories,0.0
base,ridge,2018-07-09,2018-07-16,2,PR,computers_accessories,0.0
base,ridge,2018-07-09,2018-07-23,3,PR,computers_accessories,0.0
base,ridge,2018-07-09,2018-07-30,4,PR,computers_accessories,0.0
base,ridge,2018-07-09,2018-07-09,1,PR,furniture_decor,0.0
base,ridge,2018-07-09,2018-07-16,2,PR,furniture_decor,12.0
base,ridge,2018-07-09,2018-07-23,3,PR,furniture_decor,13.0
base,ridge,2018-07-09,2018-07-30,4,PR,furniture_decor,0.0
base,ridge,2018-07-09,2018-07-09,1,PR,garden_tools,0.0
base,ridge,2018-07-09,2018-07-16,2,PR,garden_tools,0.0
base,ridge,2018-07-09,2018-07-23,3,PR,garden_tools,0.0
base,ridge,2018-07-09,2018-07-30,4,PR,garden_tools,0.0
base,ridge,2018-07-09,2018-07-09,1,PR,health_beauty,0.0
base,ridge,2018-07-09,2018-07-16,2,PR,health_beauty,12.0
base,ridge,2018-07-09,2018-07-23,3,PR,health_beauty,14.0
base,ridge,2018-07-09,2018-07-30,4,PR,health_beauty,0.0
base,ridge,2018-07-09,2018-07-09,1,PR,housewares,15.0
base,ridge,2018-07-09,2018-07-16,2,PR,housewares,17.0
base,ridge,2018-07-09,2018-07-23,3,PR,housewares,17.0
base,ridge,2018-07-09,2018-07-30,4,PR,housewares,0.0
base,ridge,2018-07-09,2018-07-09,1,PR,sports_leisure,0.0
base,ridge,2018-07-09,2018-07-16,2,PR,sports_leisure,0.0
base,ridge,2018-07-09,2018-07-23,3,PR,sports_leisure,0.0
base,ridge,2018-07-09,2018-07-30,4,PR,sports_leisure,0.0
base,ridge,2018-07-09,2018-07-09,1,PR,telephony,0.0
base,ridge,2018-07-09,2018-07-16,2,PR,telephony,0.0
base,ridge,2018-07-09,2018-07-23,3,PR,telephony,0.0
base,ridge,2018-07-09,2018-07-30,4,PR,telephony,0.0
base,ridge,2018-07-09,2018-07-09,1,PR,watches_gifts,8.0
base,ridge,2018-07-09,2018-07-16,2,PR,watches_gifts,8.0
base,ridge,2018-07-09,2018-07-23,3,PR,watches_gifts,8.0
base,ridge,2018-07-09,2018-07-30,4,PR,watches_gifts,0.0
base,ridge,2018-07-09,2018-07-09,1,RJ,auto,6.0
base,ridge,2018-07-09,2018-07-16,2,RJ,auto,6.0
base,ridge,2018-07-09,2018-07-23,3,RJ,auto,6.0
base,ridge,2018-07-09,2018-07-30,4,RJ,auto,0.0
base,ridge,2018-07-09,2018-07-09,1,RJ,bed_bath_table,10.0
base,ridge,2018-07-09,2018-07-16,2,RJ,bed_bath_table,10.0
base,ridge,2018-07-09,2018-07-23,3,RJ,bed_bath_table,10.0
base,ridge,2018-07-09,2018-07-30,4,RJ,bed_bath_table,0.0
base,ridge,2018-07-09,2018-07-09,1,RJ,computers_accessories,0.0
base,ridge,2018-07-09,2018-07-16,2,RJ,computers_accessories,0.0
base,ridge,2018-07-09,2018-07-23,3,RJ,computers_accessories,0.0
base,ridge,2018-07-09,2018-07-30,4,RJ,computers_accessories,0.0
base,ridge,2018-07-09,2018-07-09,1,RJ,furniture_decor,5.0
base,ridge,2018-07-09,2018-07-16,2,RJ,furniture_decor,5.0
base,ridge,2018-07-09,2018-07-23,3,RJ,furniture_decor,5.0
base,ridge,2018-07-09,2018-07-30,4,RJ,furniture_decor,0.0
base,ridge,2018-07-09,2018-07-09,1,RJ,garden_tools,4.0
base,ridge,2018-07-09,2018-07-16,2,RJ,garden_tools,3.0
base,ridge,2018-07-09,2018-07-23,3,RJ,garden_tools,3.0
base,ridge,2018-07-09,2018-07-30,4,RJ,garden_tools,0.0
base,ridge,2018-07-09,2018-07-09,1,RJ,health_beauty,0.0
base,ridge,2018-07-09,2018-07-16,2,RJ,health_beauty,0.0
base,ridge,2018-07-09,2018-07-23,3,RJ,health_beauty,0.0
base,ridge,2018-07-09,2018-07-30,4,RJ,health_beauty,0.0
base,ridge,2018-07-09,2018-07-09,1,RJ,housewares,8.0
base,ridge,2018-07-09,2018-07-16,2,RJ,housewares,8.0
base,ridge,2018-07-09,2018-07-23,3,RJ,housewares,8.0
base,ridge,2018-07-09,2018-07-30,4,RJ,housewares,0.0
base,ridge,2018-07-09,2018-07-09,1,RJ,sports_leisure,11.0
base,ridge,2018-07-09,2018-07-16,2,RJ,sports_leisure,11.0
base,ridge,2018-07-09,2018-07-23,3,RJ,sports_leisure,11.0
base,ridge,2018-07-09,2018-07-30,4,RJ,sports_leisure,0.0
base,ridge,2018-07-09,2018-07-09,1,RJ,telephony,0.0
base,ridge,2018-07-09,2018-07-16,2,RJ,telephony,2.0
base,ridge,2018-07-09,2018-07-23,3,RJ,telephony,2.0
base,ridge,2018-07-09,2018-07-30,4,RJ,telephony,0.0
base,ridge,2018-07-09,2018-07-09,1,RJ,watches_gifts,0.0
base,ridge,2018-07-09,2018-07-16,2,RJ,watches_gifts,0.0
base,ridge,2018-07-09,2018-07-23,3,RJ,watches_gifts,0.0
base,ridge,2018-07-09,2018-07-30,4,RJ,watches_gifts,0.0
base,ridge,2018-07-09,2018-07-09,1,RS,auto,3.0
base,ridge,2018-07-09,2018-07-16,2,RS,auto,3.0
base,ridge,2018-07-09,2018-07-23,3,RS,auto,3.0
base,ridge,2018-07-09,2018-07-30,4,RS,auto,0.0
base,ridge,2018-07-09,2018-07-09,1,RS,bed_bath_table,6.0
base,ridge,2018-07-09,2018-07-16,2,RS,bed_bath_table,6.0
base,ridge,2018-07-09,2018-07-23,3,RS,bed_bath_table,6.0
base,ridge,2018-07-09,2018-07-30,4,RS,bed_bath_table,0.0
base,ridge,2018-07-09,2018-07-09,1,RS,computers_accessories,0.0
base,ridge,2018-07-09,2018-07-16,2,RS,computers_accessories,6.0
base,ridge,2018-07-09,2018-07-23,3,RS,computers_accessories,7.0
base,ridge,2018-07-09,2018-07-30,4,RS,computers_accessories,0.0
base,ridge,2018-07-09,2018-07-09,1,RS,furniture_decor,0.0
base,ridge,2018-07-09,2018-07-16,2,RS,furniture_decor,5.0
base,ridge,2018-07-09,2018-07-23,3,RS,furniture_decor,5.0
base,ridge,2018-07-09,2018-07-30,4,RS,furniture_decor,0.0
base,ridge,2018-07-09,2018-07-09,1,RS,garden_tools,0.0
base,ridge,2018-07-09,2018-07-16,2,RS,garden_tools,1.0
base,ridge,2018-07-09,2018-07-23,3,RS,garden_tools,1.0
base,ridge,2018-07-09,2018-07-30,4,RS,garden_tools,0.0
base,ridge,2018-07-09,2018-07-09,1,RS,health_beauty,7.0
base,ridge,2018-07-09,2018-07-16,2,RS,health_beauty,8.0
base,ridge,2018-07-09,2018-07-23,3,RS,health_beauty,8.0
base,ridge,2018-07-09,2018-07-30,4,RS,health_beauty,0.0
base,ridge,2018-07-09,2018-07-09,1,RS,housewares,0.0
base,ridge,2018-07-09,2018-07-16,2,RS,housewares,4.0
base,ridge,2018-07-09,2018-07-23,3,RS,housewares,3.0
base,ridge,2018-07-09,2018-07-30,4,RS,housewares,0.0
base,ridge,2018-07-09,2018-07-09,1,RS,sports_leisure,0.0
base,ridge,2018-07-09,2018-07-16,2,RS,sports_leisure,0.0
base,ridge,2018-07-09,2018-07-23,3,RS,sports_leisure,0.0
base,ridge,2018-07-09,2018-07-30,4,RS,sports_leisure,0.0
base,ridge,2018-07-09,2018-07-09,1,RS,telephony,5.0
base,ridge,2018-07-09,2018-07-16,2,RS,telephony,5.0
base,ridge,2018-07-09,2018-07-23,3,RS,telephony,5.0
base,ridge,2018-07-09,2018-07-30,4,RS,telephony,0.0
base,ridge,2018-07-09,2018-07-09,1,RS,watches_gifts,0.0
base,ridge,2018-07-09,2018-07-16,2,RS,watches_gifts,0.0
base,ridge,2018-07-09,2018-07-23,3,RS,watches_gifts,0.0
base,ridge,2018-07-09,2018-07-30,4,RS,watches_gifts,0.0
base,ridge,2018-07-09,2018-07-09,1,SC,auto,0.0
base,ridge,2018-07-09,2018-07-16,2,SC,auto,0.0
base,ridge,2018-07-09,2018-07-23,3,SC,auto,0.0
base,ridge,2018-07-09,2018-07-30,4,SC,auto,0.0
base,ridge,2018-07-09,2018-07-09,1,SC,bed_bath_table,0.0
base,ridge,2018-07-09,2018-07-16,2,SC,bed_bath_table,8.0
base,ridge,2018-07-09,2018-07-23,3,SC,bed_bath_table,12.0
base,ridge,2018-07-09,2018-07-30,4,SC,bed_bath_table,0.0
base,ridge,2018-07-09,2018-07-09,1,SC,computers_accessories,4.0
base,ridge,2018-07-09,2018-07-16,2,SC,computers_accessories,9.0
base,ridge,2018-07-09,2018-07-23,3,SC,computers_accessories,9.0
base,ridge,2018-07-09,2018-07-30,4,SC,computers_accessories,0.0
base,ridge,2018-07-09,2018-07-09,1,SC,furniture_decor,4.0
base,ridge,2018-07-09,2018-07-16,2,SC,furniture_decor,6.0
base,ridge,2018-07-09,2018-07-23,3,SC,furniture_decor,6.0
base,ridge,2018-07-09,2018-07-30,4,SC,furniture_decor,0.0
base,ridge,2018-07-09,2018-07-09,1,SC,garden_tools,8.0
base,ridge,2018-07-09,2018-07-16,2,SC,garden_tools,8.0
base,ridge,2018-07-09,2018-07-23,3,SC,garden_tools,8.0
base,ridge,2018-07-09,2018-07-30,4,SC,garden_tools,0.0
base,ridge,2018-07-09,2018-07-09,1,SC,health_beauty,0.0
base,ridge,2018-07-09,2018-07-16,2,SC,health_beauty,0.0
base,ridge,2018-07-09,2018-07-23,3,SC,health_beauty,0.0
base,ridge,2018-07-09,2018-07-30,4,SC,health_beauty,0.0
base,ridge,2018-07-09,2018-07-09,1,SC,housewares,0.0
base,ridge,2018-07-09,2018-07-16,2,SC,housewares,0.0
base,ridge,2018-07-09,2018-07-23,3,SC,housewares,0.0
base,ridge,2018-07-09,2018-07-30,4,SC,housewares,0.0
base,ridge,2018-07-09,2018-07-09,1,SC,sports_leisure,18.0
base,ridge,2018-07-09,2018-07-16,2,SC,sports_leisure,18.0
base,ridge,2018-07-09,2018-07-23,3,SC,sports_leisure,18.0
base,ridge,2018-07-09,2018-07-30,4,SC,sports_leisure,0.0
base,ridge,2018-07-09,2018-07-09,1,SC,telephony,0.0
base,ridge,2018-07-09,2018-07-16,2,SC,telephony,0.0
base,ridge,2018-07-09,2018-07-23,3,SC,telephony,0.0
base,ridge,2018-07-09,2018-07-30,4,SC,telephony,0.0
base,ridge,2018-07-09,2018-07-09,1,SC,watches_gifts,1.0
base,ridge,2018-07-09,2018-07-16,2,SC,watches_gifts,5.0
base,ridge,2018-07-09,2018-07-23,3,SC,watches_gifts,6.0
base,ridge,2018-07-09,2018-07-30,4,SC,watches_gifts,0.0
base,ridge,2018-07-09,2018-07-09,1,SP,auto,31.0
base,ridge,2018-07-09,2018-07-16,2,SP,auto,54.0
base,ridge,2018-07-09,2018-07-23,3,SP,auto,58.0
base,ridge,2018-07-09,2018-07-30,4,SP,auto,0.0
base,ridge,2018-07-09,2018-07-09,1,SP,bed_bath_table,73.0
base,ridge,2018-07-09,2018-07-16,2,SP,bed_bath_table,148.0
base,ridge,2018-07-09,2018-07-23,3,SP,bed_bath_table,152.0
base,ridge,2018-07-09,2018-07-30,4,SP,bed_bath_table,0.0
base,ridge,2018-07-09,2018-07-09,1,SP,computers_accessories,40.0
base,ridge,2018-07-09,2018-07-16,2,SP,computers_accessories,84.0
base,ridge,2018-07-09,2018-07-23,3,SP,computers_accessories,86.0
base,ridge,2018-07-09,2018-07-30,4,SP,computers_accessories,0.0
base,ridge,2018-07-09,2018-07-09,1,SP,furniture_decor,42.0
base,ridge,2018-07-09,2018-07-16,2,SP,furniture_decor,74.0
base,ridge,2018-07-09,2018-07-23,3,SP,furniture_decor,76.0
base,ridge,2018-07-09,2018-07-30,4,SP,furniture_decor,0.0
base,ridge,2018-07-09,2018-07-09,1,SP,garden_tools,17.0
base,ridge,2018-07-09,2018-07-16,2,SP,garden_tools,46.0
base,ridge,2018-07-09,2018-07-23,3,SP,garden_tools,50.0
base,ridge,2018-07-09,2018-07-30,4,SP,garden_tools,0.0
base,ridge,2018-07-09,2018-07-09,1,SP,health_beauty,154.0
base,ridge,2018-07-09,2018-07-16,2,SP,health_beauty,165.0
base,ridge,2018-07-09,2018-07-23,3,SP,health_beauty,172.0
base,ridge,2018-07-09,2018-07-30,4,SP,health_beauty,0.0
base,ridge,2018-07-09,2018-07-09,1,SP,housewares,60.0
base,ridge,2018-07-09,2018-07-16,2,SP,housewares,116.0
base,ridge,2018-07-09,2018-07-23,3,SP,housewares,115.0
base,ridge,2018-07-09,2018-07-30,4,SP,housewares,0.0
base,ridge,2018-07-09,2018-07-09,1,SP,sports_leisure,77.0
base,ridge,2018-07-09,2018-07-16,2,SP,sports_leisure,80.0
base,ridge,2018-07-09,2018-07-23,3,SP,sports_leisure,83.0
base,ridge,2018-07-09,2018-07-30,4,SP,sports_leisure,0.0
base,ridge,2018-07-09,2018-07-09,1,SP,telephony,12.0
base,ridge,2018-07-09,2018-07-16,2,SP,telephony,47.0
base,ridge,2018-07-09,2018-07-23,3,SP,telephony,50.0
base,ridge,2018-07-09,2018-07-30,4,SP,telephony,0.0
base,ridge,2018-07-09,2018-07-09,1,SP,watches_gifts,47.0
base,ridge,2018-07-09,2018-07-16,2,SP,watches_gifts,103.0
base,ridge,2018-07-09,2018-07-23,3,SP,watches_gifts,108.0
base,ridge,2018-07-09,2018-07-30,4,SP,watches_gifts,0.0
base,ridge,2018-07-16,2018-07-16,1,MG,auto,0.0
base,ridge,2018-07-16,2018-07-23,2,MG,auto,0.0
base,ridge,2018-07-16,2018-07-30,3,MG,auto,0.0
base,ridge,2018-07-16,2018-08-06,4,MG,auto,0.0
base,ridge,2018-07-16,2018-07-16,1,MG,bed_bath_table,14.0
base,ridge,2018-07-16,2018-07-23,2,MG,bed_bath_table,14.0
base,ridge,2018-07-16,2018-07-30,3,MG,bed_bath_table,14.0
base,ridge,2018-07-16,2018-08-06,4,MG,bed_bath_table,0.0
base,ridge,2018-07-16,2018-07-16,1,MG,computers_accessories,10.0
base,ridge,2018-07-16,2018-07-23,2,MG,computers_accessories,12.0
base,ridge,2018-07-16,2018-07-30,3,MG,computers_accessories,11.0
base,ridge,2018-07-16,2018-08-06,4,MG,computers_accessories,0.0
base,ridge,2018-07-16,2018-07-16,1,MG,furniture_decor,0.0
base,ridge,2018-07-16,2018-07-23,2,MG,furniture_decor,2.0
base,ridge,2018-07-16,2018-07-30,3,MG,furniture_decor,10.0
base,ridge,2018-07-16,2018-08-06,4,MG,furniture_decor,0.0
base,ridge,2018-07-16,2018-07-16,1,MG,garden_tools,0.0
base,ridge,2018-07-16,2018-07-23,2,MG,garden_tools,0.0
base,ridge,2018-07-16,2018-07-30,3,MG,garden_tools,0.0
base,ridge,2018-07-16,2018-08-06,4,MG,garden_tools,0.0
base,ridge,2018-07-16,2018-07-16,1,MG,health_beauty,14.0
base,ridge,2018-07-16,2018-07-23,2,MG,health_beauty,14.0
base,ridge,2018-07-16,2018-07-30,3,MG,health_beauty,14.0
base,ridge,2018-07-16,2018-08-06,4,MG,health_beauty,0.0
base,ridge,2018-07-16,2018-07-16,1,MG,housewares,0.0
base,ridge,2018-07-16,2018-07-23,2,MG,housewares,0.0
base,ridge,2018-07-16,2018-07-30,3,MG,housewares,0.0
base,ridge,2018-07-16,2018-08-06,4,MG,housewares,0.0
base,ridge,2018-07-16,2018-07-16,1,MG,sports_leisure,11.0
base,ridge,2018-07-16,2018-07-23,2,MG,sports_leisure,11.0
base,ridge,2018-07-16,2018-07-30,3,MG,sports_leisure,11.0
base,ridge,2018-07-16,2018-08-06,4,MG,sports_leisure,0.0
base,ridge,2018-07-16,2018-07-16,1,MG,telephony,5.0
base,ridge,2018-07-16,2018-07-23,2,MG,telephony,5.0
base,ridge,2018-07-16,2018-07-30,3,MG,telephony,5.0
base,ridge,2018-07-16,2018-08-06,4,MG,telephony,0.0
base,ridge,2018-07-16,2018-07-16,1,MG,watches_gifts,0.0
base,ridge,2018-07-16,2018-07-23,2,MG,watches_gifts,0.0
base,ridge,2018-07-16,2018-07-30,3,MG,watches_gifts,0.0
base,ridge,2018-07-16,2018-08-06,4,MG,watches_gifts,0.0
base,ridge,2018-07-16,2018-07-16,1,PR,auto,8.0
base,ridge,2018-07-16,2018-07-23,2,PR,auto,8.0
base,ridge,2018-07-16,2018-07-30,3,PR,auto,8.0
base,ridge,2018-07-16,2018-08-06,4,PR,auto,0.0
base,ridge,2018-07-16,2018-07-16,1,PR,bed_bath_table,0.0
base,ridge,2018-07-16,2018-07-23,2,PR,bed_bath_table,0.0
base,ridge,2018-07-16,2018-07-30,3,PR,bed_bath_table,0.0
base,ridge,2018-07-16,2018-08-06,4,PR,bed_bath_table,0.0
base,ridge,2018-07-16,2018-07-16,1,PR,computers_accessories,0.0
base,ridge,2018-07-16,2018-07-23,2,PR,computers_accessories,0.0
base,ridge,2018-07-16,2018-07-30,3,PR,computers_accessories,0.0
base,ridge,2018-07-16,2018-08-06,4,PR,computers_accessories,0.0
base,ridge,2018-07-16,2018-07-16,1,PR,furniture_decor,0.0
base,ridge,2018-07-16,2018-07-23,2,PR,furniture_decor,11.0
base,ridge,2018-07-16,2018-07-30,3,PR,furniture_decor,12.0
base,ridge,2018-07-16,2018-08-06,4,PR,furniture_decor,0.0
base,ridge,2018-07-16,2018-07-16,1,PR,garden_tools,0.0
base,ridge,2018-07-16,2018-07-23,2,PR,garden_tools,0.0
base,ridge,2018-07-16,2018-07-30,3,PR,garden_tools,0.0
base,ridge,2018-07-16,2018-08-06,4,PR,garden_tools,0.0
base,ridge,2018-07-16,2018-07-16,1,PR,health_beauty,7.0
base,ridge,2018-07-16,2018-07-23,2,PR,health_beauty,13.0
base,ridge,2018-07-16,2018-07-30,3,PR,health_beauty,13.0
base,ridge,2018-07-16,2018-08-06,4,PR,health_beauty,0.0
base,ridge,2018-07-16,2018-07-16,1,PR,housewares,3.0
base,ridge,2018-07-16,2018-07-23,2,PR,housewares,17.0
base,ridge,2018-07-16,2018-07-30,3,PR,housewares,17.0
base,ridge,2018-07-16,2018-08-06,4,PR,housewares,0.0
base,ridge,2018-07-16,2018-07-16,1,PR,sports_leisure,0.0
base,ridge,2018-07-16,2018-07-23,2,PR,sports_leisure,0.0
base,ridge,2018-07-16,2018-07-30,3,PR,sports_leisure,0.0
base,ridge,2018-07-16,2018-08-06,4,PR,sports_leisure,0.0
base,ridge,2018-07-16,2018-07-16,1,PR,telephony,0.0
base,ridge,2018-07-16,2018-07-23,2,PR,telephony,0.0
base,ridge,2018-07-16,2018-07-30,3,PR,telephony,0.0
base,ridge,2018-07-16,2018-08-06,4,PR,telephony,0.0
base,ridge,2018-07-16,2018-07-16,1,PR,watches_gifts,8.0
base,ridge,2018-07-16,2018-07-23,2,PR,watches_gifts,8.0
base,ridge,2018-07-16,2018-07-30,3,PR,watches_gifts,8.0
base,ridge,2018-07-16,2018-08-06,4,PR,watches_gifts,0.0
base,ridge,2018-07-16,2018-07-16,1,RJ,auto,6.0
base,ridge,2018-07-16,2018-07-23,2,RJ,auto,6.0
base,ridge,2018-07-16,2018-07-30,3,RJ,auto,6.0
base,ridge,2018-07-16,2018-08-06,4,RJ,auto,0.0
base,ridge,2018-07-16,2018-07-16,1,RJ,bed_bath_table,10.0
base,ridge,2018-07-16,2018-07-23,2,RJ,bed_bath_table,10.0
base,ridge,2018-07-16,2018-07-30,3,RJ,bed_bath_table,10.0
base,ridge,2018-07-16,2018-08-06,4,RJ,bed_bath_table,0.0
base,ridge,2018-07-16,2018-07-16,1,RJ,computers_accessories,0.0
base,ridge,2018-07-16,2018-07-23,2,RJ,computers_accessories,0.0
base,ridge,2018-07-16,2018-07-30,3,RJ,computers_accessories,0.0
base,ridge,2018-07-16,2018-08-06,4,RJ,computers_accessories,0.0
base,ridge,2018-07-16,2018-07-16,1,RJ,furniture_decor,5.0
base,ridge,2018-07-16,2018-07-23,2,RJ,furniture_decor,5.0
base,ridge,2018-07-16,2018-07-30,3,RJ,furniture_decor,5.0
base,ridge,2018-07-16,2018-08-06,4,RJ,furniture_decor,0.0
base,ridge,2018-07-16,2018-07-16,1,RJ,garden_tools,2.0
base,ridge,2018-07-16,2018-07-23,2,RJ,garden_tools,3.0
base,ridge,2018-07-16,2018-07-30,3,RJ,garden_tools,3.0
base,ridge,2018-07-16,2018-08-06,4,RJ,garden_tools,0.0
base,ridge,2018-07-16,2018-07-16,1,RJ,health_beauty,0.0
base,ridge,2018-07-16,2018-07-23,2,RJ,health_beauty,0.0
base,ridge,2018-07-16,2018-07-30,3,RJ,health_beauty,0.0
base,ridge,2018-07-16,2018-08-06,4,RJ,health_beauty,0.0
base,ridge,2018-07-16,2018-07-16,1,RJ,housewares,8.0
base,ridge,2018-07-16,2018-07-23,2,RJ,housewares,8.0
base,ridge,2018-07-16,2018-07-30,3,RJ,housewares,8.0
base,ridge,2018-07-16,2018-08-06,4,RJ,housewares,0.0
base,ridge,2018-07-16,2018-07-16,1,RJ,sports_leisure,3.0
base,ridge,2018-07-16,2018-07-23,2,RJ,sports_leisure,11.0
base,ridge,2018-07-16,2018-07-30,3,RJ,sports_leisure,11.0
base,ridge,2018-07-16,2018-08-06,4,RJ,sports_leisure,0.0
base,ridge,2018-07-16,2018-07-16,1,RJ,telephony,1.0
base,ridge,2018-07-16,2018-07-23,2,RJ,telephony,2.0
base,ridge,2018-07-16,2018-07-30,3,RJ,telephony,2.0
base,ridge,2018-07-16,2018-08-06,4,RJ,telephony,0.0
base,ridge,2018-07-16,2018-07-16,1,RJ,watches_gifts,0.0
base,ridge,2018-07-16,2018-07-23,2,RJ,watches_gifts,0.0
base,ridge,2018-07-16,2018-07-30,3,RJ,watches_gifts,0.0
base,ridge,2018-07-16,2018-08-06,4,RJ,watches_gifts,0.0
base,ridge,2018-07-16,2018-07-16,1,RS,auto,3.0
base,ridge,2018-07-16,2018-07-23,2,RS,auto,3.0
base,ridge,2018-07-16,2018-07-30,3,RS,auto,3.0
base,ridge,2018-07-16,2018-08-06,4,RS,auto,0.0
base,ridge,2018-07-16,2018-07-16,1,RS,bed_bath_table,6.0
base,ridge,2018-07-16,2018-07-23,2,RS,bed_bath_table,6.0
base,ridge,2018-07-16,2018-07-30,3,RS,bed_bath_table,6.0
base,ridge,2018-07-16,2018-08-06,4,RS,bed_bath_table,0.0
base,ridge,2018-07-16,2018-07-16,1,RS,computers_accessories,7.0
base,ridge,2018-07-16,2018-07-23,2,RS,computers_accessories,8.0
base,ridge,2018-07-16,2018-07-30,3,RS,computers_accessories,8.0
base,ridge,2018-07-16,2018-08-06,4,RS,computers_accessories,0.0
base,ridge,2018-07-16,2018-07-16,1,RS,furniture_decor,2.0
base,ridge,2018-07-16,2018-07-23,2,RS,furniture_decor,5.0
base,ridge,2018-07-16,2018-07-30,3,RS,furniture_decor,5.0
base,ridge,2018-07-16,2018-08-06,4,RS,furniture_decor,0.0
base,ridge,2018-07-16,2018-07-16,1,RS,garden_tools,1.0
base,ridge,2018-07-16,2018-07-23,2,RS,garden_tools,1.0
base,ridge,2018-07-16,2018-07-30,3,RS,garden_tools,1.0
base,ridge,2018-07-16,2018-08-06,4,RS,garden_tools,0.0
base,ridge,2018-07-16,2018-07-16,1,RS,health_beauty,8.0
base,ridge,2018-07-16,2018-07-23,2,RS,health_beauty,8.0
base,ridge,2018-07-16,2018-07-30,3,RS,health_beauty,8.0
base,ridge,2018-07-16,2018-08-06,4,RS,health_beauty,0.0
base,ridge,2018-07-16,2018-07-16,1,RS,housewares,0.0
base,ridge,2018-07-16,2018-07-23,2,RS,housewares,1.0
base,ridge,2018-07-16,2018-07-30,3,RS,housewares,2.0
base,ridge,2018-07-16,2018-08-06,4,RS,housewares,0.0
base,ridge,2018-07-16,2018-07-16,1,RS,sports_leisure,0.0
base,ridge,2018-07-16,2018-07-23,2,RS,sports_leisure,0.0
base,ridge,2018-07-16,2018-07-30,3,RS,sports_leisure,0.0
base,ridge,2018-07-16,2018-08-06,4,RS,sports_leisure,0.0
base,ridge,2018-07-16,2018-07-16,1,RS,telephony,5.0
base,ridge,2018-07-16,2018-07-23,2,RS,telephony,5.0
base,ridge,2018-07-16,2018-07-30,3,RS,telephony,5.0
base,ridge,2018-07-16,2018-08-06,4,RS,telephony,0.0
base,ridge,2018-07-16,2018-07-16,1,RS,watches_gifts,0.0
base,ridge,2018-07-16,2018-07-23,2,RS,watches_gifts,0.0
base,ridge,2018-07-16,2018-07-30,3,RS,watches_gifts,0.0
base,ridge,2018-07-16,2018-08-06,4,RS,watches_gifts,0.0
base,ridge,2018-07-16,2018-07-16,1,SC,auto,0.0
base,ridge,2018-07-16,2018-07-23,2,SC,auto,0.0
base,ridge,2018-07-16,2018-07-30,3,SC,auto,0.0
base,ridge,2018-07-16,2018-08-06,4,SC,auto,0.0
base,ridge,2018-07-16,2018-07-16,1,SC,bed_bath_table,0.0
base,ridge,2018-07-16,2018-07-23,2,SC,bed_bath_table,2.0
base,ridge,2018-07-16,2018-07-30,3,SC,bed_bath_table,12.0
base,ridge,2018-07-16,2018-08-06,4,SC,bed_bath_table,0.0
base,ridge,2018-07-16,2018-07-16,1,SC,computers_accessories,9.0
base,ridge,2018-07-16,2018-07-23,2,SC,computers_accessories,9.0
base,ridge,2018-07-16,2018-07-30,3,SC,computers_accessories,9.0
base,ridge,2018-07-16,2018-08-06,4,SC,computers_accessories,0.0
base,ridge,2018-07-16,2018-07-16,1,SC,furniture_decor,0.0
base,ridge,2018-07-16,2018-07-23,2,SC,furniture_decor,6.0
base,ridge,2018-07-16,2018-07-30,3,SC,furniture_decor,6.0
base,ridge,2018-07-16,2018-08-06,4,SC,furniture_decor,0.0
base,ridge,2018-07-16,2018-07-16,1,SC,garden_tools,0.0
base,ridge,2018-07-16,2018-07-23,2,SC,garden_tools,7.0
base,ridge,2018-07-16,2018-07-30,3,SC,garden_tools,8.0
base,ridge,2018-07-16,2018-08-06,4,SC,garden_tools,0.0
base,ridge,2018-07-16,2018-07-16,1,SC,health_beauty,0.0
base,ridge,2018-07-16,2018-07-23,2,SC,health_beauty,0.0
base,ridge,2018-07-16,2018-07-30,3,SC,health_beauty,0.0
base,ridge,2018-07-16,2018-08-06,4,SC,health_beauty,0.0
base,ridge,2018-07-16,2018-07-16,1,SC,housewares,0.0
base,ridge,2018-07-16,2018-07-23,2,SC,housewares,0.0
base,ridge,2018-07-16,2018-07-30,3,SC,housewares,0.0
base,ridge,2018-07-16,2018-08-06,4,SC,housewares,0.0
base,ridge,2018-07-16,2018-07-16,1,SC,sports_leisure,0.0
base,ridge,2018-07-16,2018-07-23,2,SC,sports_leisure,16.0
base,ridge,2018-07-16,2018-07-30,3,SC,sports_leisure,17.0
base,ridge,2018-07-16,2018-08-06,4,SC,sports_leisure,0.0
base,ridge,2018-07-16,2018-07-16,1,SC,telephony,0.0
base,ridge,2018-07-16,2018-07-23,2,SC,telephony,0.0
base,ridge,2018-07-16,2018-07-30,3,SC,telephony,0.0
base,ridge,2018-07-16,2018-08-06,4,SC,telephony,0.0
base,ridge,2018-07-16,2018-07-16,1,SC,watches_gifts,7.0
base,ridge,2018-07-16,2018-07-23,2,SC,watches_gifts,7.0
base,ridge,2018-07-16,2018-07-30,3,SC,watches_gifts,6.0
base,ridge,2018-07-16,2018-08-06,4,SC,watches_gifts,0.0
base,ridge,2018-07-16,2018-07-16,1,SP,auto,37.0
base,ridge,2018-07-16,2018-07-23,2,SP,auto,60.0
base,ridge,2018-07-16,2018-07-30,3,SP,auto,62.0
base,ridge,2018-07-16,2018-08-06,4,SP,auto,0.0
base,ridge,2018-07-16,2018-07-16,1,SP,bed_bath_table,20.0
base,ridge,2018-07-16,2018-07-23,2,SP,bed_bath_table,137.0
base,ridge,2018-07-16,2018-07-30,3,SP,bed_bath_table,139.0
base,ridge,2018-07-16,2018-08-06,4,SP,bed_bath_table,0.0
base,ridge,2018-07-16,2018-07-16,1,SP,computers_accessories,25.0
base,ridge,2018-07-16,2018-07-23,2,SP,computers_accessories,80.0
base,ridge,2018-07-16,2018-07-30,3,SP,computers_accessories,84.0
base,ridge,2018-07-16,2018-08-06,4,SP,computers_accessories,0.0
base,ridge,2018-07-16,2018-07-16,1,SP,furniture_decor,0.0
base,ridge,2018-07-16,2018-07-23,2,SP,furniture_decor,60.0
base,ridge,2018-07-16,2018-07-30,3,SP,furniture_decor,73.0
base,ridge,2018-07-16,2018-08-06,4,SP,furniture_decor,0.0
base,ridge,2018-07-16,2018-07-16,1,SP,garden_tools,1.0
base,ridge,2018-07-16,2018-07-23,2,SP,garden_tools,44.0
base,ridge,2018-07-16,2018-07-30,3,SP,garden_tools,47.0
base,ridge,2018-07-16,2018-08-06,4,SP,garden_tools,0.0
base,ridge,2018-07-16,2018-07-16,1,SP,health_beauty,105.0
base,ridge,2018-07-16,2018-07-23,2,SP,health_beauty,165.0
base,ridge,2018-07-16,2018-07-30,3,SP,health_beauty,166.0
base,ridge,2018-07-16,2018-08-06,4,SP,health_beauty,0.0
base,ridge,2018-07-16,2018-07-16,1,SP,housewares,24.0
base,ridge,2018-07-16,2018-07-23,2,SP,housewares,105.0
base,ridge,2018-07-16,2018-07-30,3,SP,housewares,107.0
base,ridge,2018-07-16,2018-08-06,4,SP,housewares,0.0
base,ridge,2018-07-16,2018-07-16,1,SP,sports_leisure,8.0
base,ridge,2018-07-16,2018-07-23,2,SP,sports_leisure,77.0
base,ridge,2018-07-16,2018-07-30,3,SP,sports_leisure,81.0
base,ridge,2018-07-16,2018-08-06,4,SP,sports_leisure,0.0
base,ridge,2018-07-16,2018-07-16,1,SP,telephony,19.0
base,ridge,2018-07-16,2018-07-23,2,SP,telephony,48.0
base,ridge,2018-07-16,2018-07-30,3,SP,telephony,49.0
base,ridge,2018-07-16,2018-08-06,4,SP,telephony,0.0
base,ridge,2018-07-16,2018-07-16,1,SP,watches_gifts,111.0
base,ridge,2018-07-16,2018-07-23,2,SP,watches_gifts,112.0
base,ridge,2018-07-16,2018-07-30,3,SP,watches_gifts,107.0
base,ridge,2018-07-16,2018-08-06,4,SP,watches_gifts,0.0
base,ridge,2018-07-23,2018-07-23,1,MG,auto,0.0
base,ridge,2018-07-23,2018-07-30,2,MG,auto,0.0
base,ridge,2018-07-23,2018-08-06,3,MG,auto,0.0
base,ridge,2018-07-23,2018-08-13,4,MG,auto,0.0
base,ridge,2018-07-23,2018-07-23,1,MG,bed_bath_table,14.0
base,ridge,2018-07-23,2018-07-30,2,MG,bed_bath_table,14.0
base,ridge,2018-07-23,2018-08-06,3,MG,bed_bath_table,14.0
base,ridge,2018-07-23,2018-08-13,4,MG,bed_bath_table,0.0
base,ridge,2018-07-23,2018-07-23,1,MG,computers_accessories,12.0
base,ridge,2018-07-23,2018-07-30,2,MG,computers_accessories,12.0
base,ridge,2018-07-23,2018-08-06,3,MG,computers_accessories,12.0
base,ridge,2018-07-23,2018-08-13,4,MG,computers_accessories,0.0
base,ridge,2018-07-23,2018-07-23,1,MG,furniture_decor,12.0
base,ridge,2018-07-23,2018-07-30,2,MG,furniture_decor,12.0
base,ridge,2018-07-23,2018-08-06,3,MG,furniture_decor,12.0
base,ridge,2018-07-23,2018-08-13,4,MG,furniture_decor,0.0
base,ridge,2018-07-23,2018-07-23,1,MG,garden_tools,0.0
base,ridge,2018-07-23,2018-07-30,2,MG,garden_tools,0.0
base,ridge,2018-07-23,2018-08-06,3,MG,garden_tools,0.0
base,ridge,2018-07-23,2018-08-13,4,MG,garden_tools,0.0
base,ridge,2018-07-23,2018-07-23,1,MG,health_beauty,14.0
base,ridge,2018-07-23,2018-07-30,2,MG,health_beauty,14.0
base,ridge,2018-07-23,2018-08-06,3,MG,health_beauty,14.0
base,ridge,2018-07-23,2018-08-13,4,MG,health_beauty,0.0
base,ridge,2018-07-23,2018-07-23,1,MG,housewares,0.0
base,ridge,2018-07-23,2018-07-30,2,MG,housewares,0.0
base,ridge,2018-07-23,2018-08-06,3,MG,housewares,0.0
base,ridge,2018-07-23,2018-08-13,4,MG,housewares,0.0
base,ridge,2018-07-23,2018-07-23,1,MG,sports_leisure,15.0
base,ridge,2018-07-23,2018-07-30,2,MG,sports_leisure,14.0
base,ridge,2018-07-23,2018-08-06,3,MG,sports_leisure,13.0
base,ridge,2018-07-23,2018-08-13,4,MG,sports_leisure,0.0
base,ridge,2018-07-23,2018-07-23,1,MG,telephony,5.0
base,ridge,2018-07-23,2018-07-30,2,MG,telephony,5.0
base,ridge,2018-07-23,2018-08-06,3,MG,telephony,5.0
base,ridge,2018-07-23,2018-08-13,4,MG,telephony,0.0
base,ridge,2018-07-23,2018-07-23,1,MG,watches_gifts,0.0
base,ridge,2018-07-23,2018-07-30,2,MG,watches_gifts,0.0
base,ridge,2018-07-23,2018-08-06,3,MG,watches_gifts,0.0
base,ridge,2018-07-23,2018-08-13,4,MG,watches_gifts,0.0
base,ridge,2018-07-23,2018-07-23,1,PR,auto,8.0
base,ridge,2018-07-23,2018-07-30,2,PR,auto,8.0
base,ridge,2018-07-23,2018-08-06,3,PR,auto,8.0
base,ridge,2018-07-23,2018-08-13,4,PR,auto,0.0
base,ridge,2018-07-23,2018-07-23,1,PR,bed_bath_table,0.0
base,ridge,2018-07-23,2018-07-30,2,PR,bed_bath_table,0.0
base,ridge,2018-07-23,2018-08-06,3,PR,bed_bath_table,0.0
base,ridge,2018-07-23,2018-08-13,4,PR,bed_bath_table,0.0
base,ridge,2018-07-23,2018-07-23,1,PR,computers_accessories,0.0
base,ridge,2018-07-23,2018-07-30,2,PR,computers_accessories,0.0
base,ridge,2018-07-23,2018-08-06,3,PR,computers_accessories,0.0
base,ridge,2018-07-23,2018-08-13,4,PR,computers_accessories,0.0
base,ridge,2018-07-23,2018-07-23,1,PR,furniture_decor,15.0
base,ridge,2018-07-23,2018-07-30,2,PR,furniture_decor,15.0
base,ridge,2018-07-23,2018-08-06,3,PR,furniture_decor,13.0
base,ridge,2018-07-23,2018-08-13,4,PR,furniture_decor,0.0
base,ridge,2018-07-23,2018-07-23,1,PR,garden_tools,0.0
base,ridge,2018-07-23,2018-07-30,2,PR,garden_tools,0.0
base,ridge,2018-07-23,2018-08-06,3,PR,garden_tools,0.0
base,ridge,2018-07-23,2018-08-13,4,PR,garden_tools,0.0
base,ridge,2018-07-23,2018-07-23,1,PR,health_beauty,16.0
base,ridge,2018-07-23,2018-07-30,2,PR,health_beauty,16.0
base,ridge,2018-07-23,2018-08-06,3,PR,health_beauty,15.0
base,ridge,2018-07-23,2018-08-13,4,PR,health_beauty,0.0
base,ridge,2018-07-23,2018-07-23,1,PR,housewares,17.0
base,ridge,2018-07-23,2018-07-30,2,PR,housewares,17.0
base,ridge,2018-07-23,2018-08-06,3,PR,housewares,17.0
base,ridge,2018-07-23,2018-08-13,4,PR,housewares,0.0
base,ridge,2018-07-23,2018-07-23,1,PR,sports_leisure,0.0
base,ridge,2018-07-23,2018-07-30,2,PR,sports_leisure,0.0
base,ridge,2018-07-23,2018-08-06,3,PR,sports_leisure,0.0
base,ridge,2018-07-23,2018-08-13,4,PR,sports_leisure,0.0
base,ridge,2018-07-23,2018-07-23,1,PR,telephony,0.0
base,ridge,2018-07-23,2018-07-30,2,PR,telephony,0.0
base,ridge,2018-07-23,2018-08-06,3,PR,telephony,0.0
base,ridge,2018-07-23,2018-08-13,4,PR,telephony,0.0
base,ridge,2018-07-23,2018-07-23,1,PR,watches_gifts,8.0
base,ridge,2018-07-23,2018-07-30,2,PR,watches_gifts,8.0
base,ridge,2018-07-23,2018-08-06,3,PR,watches_gifts,8.0
base,ridge,2018-07-23,2018-08-13,4,PR,watches_gifts,0.0
base,ridge,2018-07-23,2018-07-23,1,RJ,auto,6.0
base,ridge,2018-07-23,2018-07-30,2,RJ,auto,6.0
base,ridge,2018-07-23,2018-08-06,3,RJ,auto,6.0
base,ridge,2018-07-23,2018-08-13,4,RJ,auto,0.0
base,ridge,2018-07-23,2018-07-23,1,RJ,bed_bath_table,10.0
base,ridge,2018-07-23,2018-07-30,2,RJ,bed_bath_table,10.0
base,ridge,2018-07-23,2018-08-06,3,RJ,bed_bath_table,10.0
base,ridge,2018-07-23,2018-08-13,4,RJ,bed_bath_table,0.0
base,ridge,2018-07-23,2018-07-23,1,RJ,computers_accessories,0.0
base,ridge,2018-07-23,2018-07-30,2,RJ,computers_accessories,0.0
base,ridge,2018-07-23,2018-08-06,3,RJ,computers_accessories,0.0
base,ridge,2018-07-23,2018-08-13,4,RJ,computers_accessories,0.0
base,ridge,2018-07-23,2018-07-23,1,RJ,furniture_decor,5.0
base,ridge,2018-07-23,2018-07-30,2,RJ,furniture_decor,5.0
base,ridge,2018-07-23,2018-08-06,3,RJ,furniture_decor,5.0
base,ridge,2018-07-23,2018-08-13,4,RJ,furniture_decor,0.0
base,ridge,2018-07-23,2018-07-23,1,RJ,garden_tools,4.0
base,ridge,2018-07-23,2018-07-30,2,RJ,garden_tools,4.0
base,ridge,2018-07-23,2018-08-06,3,RJ,garden_tools,4.0
base,ridge,2018-07-23,2018-08-13,4,RJ,garden_tools,0.0
base,ridge,2018-07-23,2018-07-23,1,RJ,health_beauty,0.0
base,ridge,2018-07-23,2018-07-30,2,RJ,health_beauty,0.0
base,ridge,2018-07-23,2018-08-06,3,RJ,health_beauty,0.0
base,ridge,2018-07-23,2018-08-13,4,RJ,health_beauty,0.0
base,ridge,2018-07-23,2018-07-23,1,RJ,housewares,8.0
base,ridge,2018-07-23,2018-07-30,2,RJ,housewares,8.0
base,ridge,2018-07-23,2018-08-06,3,RJ,housewares,8.0
base,ridge,2018-07-23,2018-08-13,4,RJ,housewares,0.0
base,ridge,2018-07-23,2018-07-23,1,RJ,sports_leisure,12.0
base,ridge,2018-07-23,2018-07-30,2,RJ,sports_leisure,13.0
base,ridge,2018-07-23,2018-08-06,3,RJ,sports_leisure,12.0
base,ridge,2018-07-23,2018-08-13,4,RJ,sports_leisure,0.0
base,ridge,2018-07-23,2018-07-23,1,RJ,telephony,2.0
base,ridge,2018-07-23,2018-07-30,2,RJ,telephony,2.0
base,ridge,2018-07-23,2018-08-06,3,RJ,telephony,2.0
base,ridge,2018-07-23,2018-08-13,4,RJ,telephony,0.0
base,ridge,2018-07-23,2018-07-23,1,RJ,watches_gifts,0.0
base,ridge,2018-07-23,2018-07-30,2,RJ,watches_gifts,0.0
base,ridge,2018-07-23,2018-08-06,3,RJ,watches_gifts,0.0
base,ridge,2018-07-23,2018-08-13,4,RJ,watches_gifts,0.0
base,ridge,2018-07-23,2018-07-23,1,RS,auto,3.0
base,ridge,2018-07-23,2018-07-30,2,RS,auto,3.0
base,ridge,2018-07-23,2018-08-06,3,RS,auto,3.0
base,ridge,2018-07-23,2018-08-13,4,RS,auto,0.0
base,ridge,2018-07-23,2018-07-23,1,RS,bed_bath_table,6.0
base,ridge,2018-07-23,2018-07-30,2,RS,bed_bath_table,6.0
base,ridge,2018-07-23,2018-08-06,3,RS,bed_bath_table,6.0
base,ridge,2018-07-23,2018-08-13,4,RS,bed_bath_table,0.0
base,ridge,2018-07-23,2018-07-23,1,RS,computers_accessories,10.0
base,ridge,2018-07-23,2018-07-30,2,RS,computers_accessories,10.0
base,ridge,2018-07-23,2018-08-06,3,RS,computers_accessories,10.0
base,ridge,2018-07-23,2018-08-13,4,RS,computers_accessories,0.0
base,ridge,2018-07-23,2018-07-23,1,RS,furniture_decor,5.0
base,ridge,2018-07-23,2018-07-30,2,RS,furniture_decor,5.0
base,ridge,2018-07-23,2018-08-06,3,RS,furniture_decor,5.0
base,ridge,2018-07-23,2018-08-13,4,RS,furniture_decor,0.0
base,ridge,2018-07-23,2018-07-23,1,RS,garden_tools,1.0
base,ridge,2018-07-23,2018-07-30,2,RS,garden_tools,1.0
base,ridge,2018-07-23,2018-08-06,3,RS,garden_tools,1.0
base,ridge,2018-07-23,2018-08-13,4,RS,garden_tools,0.0
base,ridge,2018-07-23,2018-07-23,1,RS,health_beauty,8.0
base,ridge,2018-07-23,2018-07-30,2,RS,health_beauty,8.0
base,ridge,2018-07-23,2018-08-06,3,RS,health_beauty,8.0
base,ridge,2018-07-23,2018-08-13,4,RS,health_beauty,0.0
base,ridge,2018-07-23,2018-07-23,1,RS,housewares,9.0
base,ridge,2018-07-23,2018-07-30,2,RS,housewares,7.0
base,ridge,2018-07-23,2018-08-06,3,RS,housewares,6.0
base,ridge,2018-07-23,2018-08-13,4,RS,housewares,0.0
base,ridge,2018-07-23,2018-07-23,1,RS,sports_leisure,0.0
base,ridge,2018-07-23,2018-07-30,2,RS,sports_leisure,0.0
base,ridge,2018-07-23,2018-08-06,3,RS,sports_leisure,0.0
base,ridge,2018-07-23,2018-08-13,4,RS,sports_leisure,0.0
base,ridge,2018-07-23,2018-07-23,1,RS,telephony,5.0
base,ridge,2018-07-23,2018-07-30,2,RS,telephony,5.0
base,ridge,2018-07-23,2018-08-06,3,RS,telephony,5.0
base,ridge,2018-07-23,2018-08-13,4,RS,telephony,0.0
base,ridge,2018-07-23,2018-07-23,1,RS,watches_gifts,1.0
base,ridge,2018-07-23,2018-07-30,2,RS,watches_gifts,0.0
base,ridge,2018-07-23,2018-08-06,3,RS,watches_gifts,0.0
base,ridge,2018-07-23,2018-08-13,4,RS,watches_gifts,0.0
base,ridge,2018-07-23,2018-07-23,1,SC,auto,0.0
base,ridge,2018-07-23,2018-07-30,2,SC,auto,0.0
base,ridge,2018-07-23,2018-08-06,3,SC,auto,0.0
base,ridge,2018-07-23,2018-08-13,4,SC,auto,0.0
base,ridge,2018-07-23,2018-07-23,1,SC,bed_bath_table,13.0
base,ridge,2018-07-23,2018-07-30,2,SC,bed_bath_table,15.0
base,ridge,2018-07-23,2018-08-06,3,SC,bed_bath_table,13.0
base,ridge,2018-07-23,2018-08-13,4,SC,bed_bath_table,0.0
base,ridge,2018-07-23,2018-07-23,1,SC,computers_accessories,9.0
base,ridge,2018-07-23,2018-07-30,2,SC,computers_accessories,9.0
base,ridge,2018-07-23,2018-08-06,3,SC,computers_accessories,9.0
base,ridge,2018-07-23,2018-08-13,4,SC,computers_accessories,0.0
base,ridge,2018-07-23,2018-07-23,1,SC,furniture_decor,6.0
base,ridge,2018-07-23,2018-07-30,2,SC,furniture_decor,6.0
base,ridge,2018-07-23,2018-08-06,3,SC,furniture_decor,6.0
base,ridge,2018-07-23,2018-08-13,4,SC,furniture_decor,0.0
base,ridge,2018-07-23,2018-07-23,1,SC,garden_tools,7.0
base,ridge,2018-07-23,2018-07-30,2,SC,garden_tools,8.0
base,ridge,2018-07-23,2018-08-06,3,SC,garden_tools,8.0
base,ridge,2018-07-23,2018-08-13,4,SC,garden_tools,0.0
base,ridge,2018-07-23,2018-07-23,1,SC,health_beauty,0.0
base,ridge,2018-07-23,2018-07-30,2,SC,health_beauty,0.0
base,ridge,2018-07-23,2018-08-06,3,SC,health_beauty,0.0
base,ridge,2018-07-23,2018-08-13,4,SC,health_beauty,0.0
base,ridge,2018-07-23,2018-07-23,1,SC,housewares,0.0
base,ridge,2018-07-23,2018-07-30,2,SC,housewares,0.0
base,ridge,2018-07-23,2018-08-06,3,SC,housewares,0.0
base,ridge,2018-07-23,2018-08-13,4,SC,housewares,0.0
base,ridge,2018-07-23,2018-07-23,1,SC,sports_leisure,18.0
base,ridge,2018-07-23,2018-07-30,2,SC,sports_leisure,18.0
base,ridge,2018-07-23,2018-08-06,3,SC,sports_leisure,18.0
base,ridge,2018-07-23,2018-08-13,4,SC,sports_leisure,0.0
base,ridge,2018-07-23,2018-07-23,1,SC,telephony,0.0
base,ridge,2018-07-23,2018-07-30,2,SC,telephony,0.0
base,ridge,2018-07-23,2018-08-06,3,SC,telephony,0.0
base,ridge,2018-07-23,2018-08-13,4,SC,telephony,0.0
base,ridge,2018-07-23,2018-07-23,1,SC,watches_gifts,9.0
base,ridge,2018-07-23,2018-07-30,2,SC,watches_gifts,9.0
base,ridge,2018-07-23,2018-08-06,3,SC,watches_gifts,9.0
base,ridge,2018-07-23,2018-08-13,4,SC,watches_gifts,0.0
base,ridge,2018-07-23,2018-07-23,1,SP,auto,76.0
base,ridge,2018-07-23,2018-07-30,2,SP,auto,74.0
base,ridge,2018-07-23,2018-08-06,3,SP,auto,71.0
base,ridge,2018-07-23,2018-08-13,4,SP,auto,0.0
base,ridge,2018-07-23,2018-07-23,1,SP,bed_bath_table,162.0
base,ridge,2018-07-23,2018-07-30,2,SP,bed_bath_table,157.0
base,ridge,2018-07-23,2018-08-06,3,SP,bed_bath_table,142.0
base,ridge,2018-07-23,2018-08-13,4,SP,bed_bath_table,0.0
base,ridge,2018-07-23,2018-07-23,1,SP,computers_accessories,89.0
base,ridge,2018-07-23,2018-07-30,2,SP,computers_accessories,90.0
base,ridge,2018-07-23,2018-08-06,3,SP,computers_accessories,86.0
base,ridge,2018-07-23,2018-08-13,4,SP,computers_accessories,0.0
base,ridge,2018-07-23,2018-07-23,1,SP,furniture_decor,81.0
base,ridge,2018-07-23,2018-07-30,2,SP,furniture_decor,81.0
base,ridge,2018-07-23,2018-08-06,3,SP,furniture_decor,79.0
base,ridge,2018-07-23,2018-08-13,4,SP,furniture_decor,0.0
base,ridge,2018-07-23,2018-07-23,1,SP,garden_tools,42.0
base,ridge,2018-07-23,2018-07-30,2,SP,garden_tools,48.0
base,ridge,2018-07-23,2018-08-06,3,SP,garden_tools,51.0
base,ridge,2018-07-23,2018-08-13,4,SP,garden_tools,0.0
base,ridge,2018-07-23,2018-07-23,1,SP,health_beauty,192.0
base,ridge,2018-07-23,2018-07-30,2,SP,health_beauty,186.0
base,ridge,2018-07-23,2018-08-06,3,SP,health_beauty,177.0
base,ridge,2018-07-23,2018-08-13,4,SP,health_beauty,0.0
base,ridge,2018-07-23,2018-07-23,1,SP,housewares,112.0
base,ridge,2018-07-23,2018-07-30,2,SP,housewares,113.0
base,ridge,2018-07-23,2018-08-06,3,SP,housewares,109.0
base,ridge,2018-07-23,2018-08-13,4,SP,housewares,0.0
base,ridge,2018-07-23,2018-07-23,1,SP,sports_leisure,78.0
base,ridge,2018-07-23,2018-07-30,2,SP,sports_leisure,81.0
base,ridge,2018-07-23,2018-08-06,3,SP,sports_leisure,79.0
base,ridge,2018-07-23,2018-08-13,4,SP,sports_leisure,0.0
base,ridge,2018-07-23,2018-07-23,1,SP,telephony,60.0
base,ridge,2018-07-23,2018-07-30,2,SP,telephony,58.0
base,ridge,2018-07-23,2018-08-06,3,SP,telephony,54.0
base,ridge,2018-07-23,2018-08-13,4,SP,telephony,0.0
base,ridge,2018-07-23,2018-07-23,1,SP,watches_gifts,125.0
base,ridge,2018-07-23,2018-07-30,2,SP,watches_gifts,118.0
base,ridge,2018-07-23,2018-08-06,3,SP,watches_gifts,115.0
base,ridge,2018-07-23,2018-08-13,4,SP,watches_gifts,0.0
base,ridge,2018-07-30,2018-07-30,1,MG,auto,0.0
base,ridge,2018-07-30,2018-08-06,2,MG,auto,0.0
base,ridge,2018-07-30,2018-08-13,3,MG,auto,0.0
base,ridge,2018-07-30,2018-08-20,4,MG,auto,0.0
base,ridge,2018-07-30,2018-07-30,1,MG,bed_bath_table,14.0
base,ridge,2018-07-30,2018-08-06,2,MG,bed_bath_table,14.0
base,ridge,2018-07-30,2018-08-13,3,MG,bed_bath_table,14.0
base,ridge,2018-07-30,2018-08-20,4,MG,bed_bath_table,0.0
base,ridge,2018-07-30,2018-07-30,1,MG,computers_accessories,12.0
base,ridge,2018-07-30,2018-08-06,2,MG,computers_accessories,12.0
base,ridge,2018-07-30,2018-08-13,3,MG,computers_accessories,12.0
base,ridge,2018-07-30,2018-08-20,4,MG,computers_accessories,0.0
base,ridge,2018-07-30,2018-07-30,1,MG,furniture_decor,13.0
base,ridge,2018-07-30,2018-08-06,2,MG,furniture_decor,13.0
base,ridge,2018-07-30,2018-08-13,3,MG,furniture_decor,14.0
base,ridge,2018-07-30,2018-08-20,4,MG,furniture_decor,0.0
base,ridge,2018-07-30,2018-07-30,1,MG,garden_tools,0.0
base,ridge,2018-07-30,2018-08-06,2,MG,garden_tools,0.0
base,ridge,2018-07-30,2018-08-13,3,MG,garden_tools,0.0
base,ridge,2018-07-30,2018-08-20,4,MG,garden_tools,0.0
base,ridge,2018-07-30,2018-07-30,1,MG,health_beauty,14.0
base,ridge,2018-07-30,2018-08-06,2,MG,health_beauty,14.0
base,ridge,2018-07-30,2018-08-13,3,MG,health_beauty,14.0
base,ridge,2018-07-30,2018-08-20,4,MG,health_beauty,0.0
base,ridge,2018-07-30,2018-07-30,1,MG,housewares,0.0
base,ridge,2018-07-30,2018-08-06,2,MG,housewares,0.0
base,ridge,2018-07-30,2018-08-13,3,MG,housewares,0.0
base,ridge,2018-07-30,2018-08-20,4,MG,housewares,0.0
base,ridge,2018-07-30,2018-07-30,1,MG,sports_leisure,12.0
base,ridge,2018-07-30,2018-08-06,2,MG,sports_leisure,13.0
base,ridge,2018-07-30,2018-08-13,3,MG,sports_leisure,14.0
base,ridge,2018-07-30,2018-08-20,4,MG,sports_leisure,0.0
base,ridge,2018-07-30,2018-07-30,1,MG,telephony,5.0
base,ridge,2018-07-30,2018-08-06,2,MG,telephony,5.0
base,ridge,2018-07-30,2018-08-13,3,MG,telephony,5.0
base,ridge,2018-07-30,2018-08-20,4,MG,telephony,0.0
base,ridge,2018-07-30,2018-07-30,1,MG,watches_gifts,0.0
base,ridge,2018-07-30,2018-08-06,2,MG,watches_gifts,0.0
base,ridge,2018-07-30,2018-08-13,3,MG,watches_gifts,0.0
base,ridge,2018-07-30,2018-08-20,4,MG,watches_gifts,0.0
base,ridge,2018-07-30,2018-07-30,1,PR,auto,8.0
base,ridge,2018-07-30,2018-08-06,2,PR,auto,8.0
base,ridge,2018-07-30,2018-08-13,3,PR,auto,8.0
base,ridge,2018-07-30,2018-08-20,4,PR,auto,0.0
base,ridge,2018-07-30,2018-07-30,1,PR,bed_bath_table,0.0
base,ridge,2018-07-30,2018-08-06,2,PR,bed_bath_table,0.0
base,ridge,2018-07-30,2018-08-13,3,PR,bed_bath_table,0.0
base,ridge,2018-07-30,2018-08-20,4,PR,bed_bath_table,0.0
base,ridge,2018-07-30,2018-07-30,1,PR,computers_accessories,0.0
base,ridge,2018-07-30,2018-08-06,2,PR,computers_accessories,0.0
base,ridge,2018-07-30,2018-08-13,3,PR,computers_accessories,0.0
base,ridge,2018-07-30,2018-08-20,4,PR,computers_accessories,0.0
base,ridge,2018-07-30,2018-07-30,1,PR,furniture_decor,20.0
base,ridge,2018-07-30,2018-08-06,2,PR,furniture_decor,17.0
base,ridge,2018-07-30,2018-08-13,3,PR,furniture_decor,16.0
base,ridge,2018-07-30,2018-08-20,4,PR,furniture_decor,0.0
base,ridge,2018-07-30,2018-07-30,1,PR,garden_tools,0.0
base,ridge,2018-07-30,2018-08-06,2,PR,garden_tools,0.0
base,ridge,2018-07-30,2018-08-13,3,PR,garden_tools,0.0
base,ridge,2018-07-30,2018-08-20,4,PR,garden_tools,0.0
base,ridge,2018-07-30,2018-07-30,1,PR,health_beauty,14.0
base,ridge,2018-07-30,2018-08-06,2,PR,health_beauty,15.0
base,ridge,2018-07-30,2018-08-13,3,PR,health_beauty,15.0
base,ridge,2018-07-30,2018-08-20,4,PR,health_beauty,0.0
base,ridge,2018-07-30,2018-07-30,1,PR,housewares,17.0
base,ridge,2018-07-30,2018-08-06,2,PR,housewares,17.0
base,ridge,2018-07-30,2018-08-13,3,PR,housewares,17.0
base,ridge,2018-07-30,2018-08-20,4,PR,housewares,0.0
base,ridge,2018-07-30,2018-07-30,1,PR,sports_leisure,3.0
base,ridge,2018-07-30,2018-08-06,2,PR,sports_leisure,2.0
base,ridge,2018-07-30,2018-08-13,3,PR,sports_leisure,2.0
base,ridge,2018-07-30,2018-08-20,4,PR,sports_leisure,0.0
base,ridge,2018-07-30,2018-07-30,1,PR,telephony,0.0
base,ridge,2018-07-30,2018-08-06,2,PR,telephony,0.0
base,ridge,2018-07-30,2018-08-13,3,PR,telephony,0.0
base,ridge,2018-07-30,2018-08-20,4,PR,telephony,0.0
base,ridge,2018-07-30,2018-07-30,1,PR,watches_gifts,8.0
base,ridge,2018-07-30,2018-08-06,2,PR,watches_gifts,8.0
base,ridge,2018-07-30,2018-08-13,3,PR,watches_gifts,8.0
base,ridge,2018-07-30,2018-08-20,4,PR,watches_gifts,0.0
base,ridge,2018-07-30,2018-07-30,1,RJ,auto,6.0
base,ridge,2018-07-30,2018-08-06,2,RJ,auto,6.0
base,ridge,2018-07-30,2018-08-13,3,RJ,auto,6.0
base,ridge,2018-07-30,2018-08-20,4,RJ,auto,0.0
base,ridge,2018-07-30,2018-07-30,1,RJ,bed_bath_table,10.0
base,ridge,2018-07-30,2018-08-06,2,RJ,bed_bath_table,10.0
base,ridge,2018-07-30,2018-08-13,3,RJ,bed_bath_table,10.0
base,ridge,2018-07-30,2018-08-20,4,RJ,bed_bath_table,0.0
base,ridge,2018-07-30,2018-07-30,1,RJ,computers_accessories,0.0
base,ridge,2018-07-30,2018-08-06,2,RJ,computers_accessories,0.0
base,ridge,2018-07-30,2018-08-13,3,RJ,computers_accessories,0.0
base,ridge,2018-07-30,2018-08-20,4,RJ,computers_accessories,0.0
base,ridge,2018-07-30,2018-07-30,1,RJ,furniture_decor,5.0
base,ridge,2018-07-30,2018-08-06,2,RJ,furniture_decor,5.0
base,ridge,2018-07-30,2018-08-13,3,RJ,furniture_decor,5.0
base,ridge,2018-07-30,2018-08-20,4,RJ,furniture_decor,0.0
base,ridge,2018-07-30,2018-07-30,1,RJ,garden_tools,4.0
base,ridge,2018-07-30,2018-08-06,2,RJ,garden_tools,4.0
base,ridge,2018-07-30,2018-08-13,3,RJ,garden_tools,4.0
base,ridge,2018-07-30,2018-08-20,4,RJ,garden_tools,0.0
base,ridge,2018-07-30,2018-07-30,1,RJ,health_beauty,0.0
base,ridge,2018-07-30,2018-08-06,2,RJ,health_beauty,0.0
base,ridge,2018-07-30,2018-08-13,3,RJ,health_beauty,0.0
base,ridge,2018-07-30,2018-08-20,4,RJ,health_beauty,0.0
base,ridge,2018-07-30,2018-07-30,1,RJ,housewares,8.0
base,ridge,2018-07-30,2018-08-06,2,RJ,housewares,8.0
base,ridge,2018-07-30,2018-08-13,3,RJ,housewares,8.0
base,ridge,2018-07-30,2018-08-20,4,RJ,housewares,0.0
base,ridge,2018-07-30,2018-07-30,1,RJ,sports_leisure,16.0
base,ridge,2018-07-30,2018-08-06,2,RJ,sports_leisure,16.0
base,ridge,2018-07-30,2018-08-13,3,RJ,sports_leisure,15.0
base,ridge,2018-07-30,2018-08-20,4,RJ,sports_leisure,0.0
base,ridge,2018-07-30,2018-07-30,1,RJ,telephony,6.0
base,ridge,2018-07-30,2018-08-06,2,RJ,telephony,6.0
base,ridge,2018-07-30,2018-08-13,3,RJ,telephony,5.0
base,ridge,2018-07-30,2018-08-20,4,RJ,telephony,0.0
base,ridge,2018-07-30,2018-07-30,1,RJ,watches_gifts,0.0
base,ridge,2018-07-30,2018-08-06,2,RJ,watches_gifts,0.0
base,ridge,2018-07-30,2018-08-13,3,RJ,watches_gifts,0.0
base,ridge,2018-07-30,2018-08-20,4,RJ,watches_gifts,0.0
base,ridge,2018-07-30,2018-07-30,1,RS,auto,3.0
base,ridge,2018-07-30,2018-08-06,2,RS,auto,3.0
base,ridge,2018-07-30,2018-08-13,3,RS,auto,3.0
base,ridge,2018-07-30,2018-08-20,4,RS,auto,0.0
base,ridge,2018-07-30,2018-07-30,1,RS,bed_bath_table,6.0
base,ridge,2018-07-30,2018-08-06,2,RS,bed_bath_table,6.0
base,ridge,2018-07-30,2018-08-13,3,RS,bed_bath_table,6.0
base,ridge,2018-07-30,2018-08-20,4,RS,bed_bath_table,0.0
base,ridge,2018-07-30,2018-07-30,1,RS,computers_accessories,10.0
base,ridge,2018-07-30,2018-08-06,2,RS,computers_accessories,10.0
base,ridge,2018-07-30,2018-08-13,3,RS,computers_accessories,10.0
base,ridge,2018-07-30,2018-08-20,4,RS,computers_accessories,0.0
base,ridge,2018-07-30,2018-07-30,1,RS,furniture_decor,5.0
base,ridge,2018-07-30,2018-08-06,2,RS,furniture_decor,5.0
base,ridge,2018-07-30,2018-08-13,3,RS,furniture_decor,5.0
base,ridge,2018-07-30,2018-08-20,4,RS,furniture_decor,0.0
base,ridge,2018-07-30,2018-07-30,1,RS,garden_tools,1.0
base,ridge,2018-07-30,2018-08-06,2,RS,garden_tools,1.0
base,ridge,2018-07-30,2018-08-13,3,RS,garden_tools,1.0
base,ridge,2018-07-30,2018-08-20,4,RS,garden_tools,0.0
base,ridge,2018-07-30,2018-07-30,1,RS,health_beauty,8.0
base,ridge,2018-07-30,2018-08-06,2,RS,health_beauty,8.0
base,ridge,2018-07-30,2018-08-13,3,RS,health_beauty,8.0
base,ridge,2018-07-30,2018-08-20,4,RS,health_beauty,0.0
base,ridge,2018-07-30,2018-07-30,1,RS,housewares,8.0
base,ridge,2018-07-30,2018-08-06,2,RS,housewares,7.0
base,ridge,2018-07-30,2018-08-13,3,RS,housewares,7.0
base,ridge,2018-07-30,2018-08-20,4,RS,housewares,0.0
base,ridge,2018-07-30,2018-07-30,1,RS,sports_leisure,0.0
base,ridge,2018-07-30,2018-08-06,2,RS,sports_leisure,0.0
base,ridge,2018-07-30,2018-08-13,3,RS,sports_leisure,0.0
base,ridge,2018-07-30,2018-08-20,4,RS,sports_leisure,0.0
base,ridge,2018-07-30,2018-07-30,1,RS,telephony,5.0
base,ridge,2018-07-30,2018-08-06,2,RS,telephony,5.0
base,ridge,2018-07-30,2018-08-13,3,RS,telephony,5.0
base,ridge,2018-07-30,2018-08-20,4,RS,telephony,0.0
base,ridge,2018-07-30,2018-07-30,1,RS,watches_gifts,0.0
base,ridge,2018-07-30,2018-08-06,2,RS,watches_gifts,0.0
base,ridge,2018-07-30,2018-08-13,3,RS,watches_gifts,0.0
base,ridge,2018-07-30,2018-08-20,4,RS,watches_gifts,0.0
base,ridge,2018-07-30,2018-07-30,1,SC,auto,0.0
base,ridge,2018-07-30,2018-08-06,2,SC,auto,0.0
base,ridge,2018-07-30,2018-08-13,3,SC,auto,0.0
base,ridge,2018-07-30,2018-08-20,4,SC,auto,0.0
base,ridge,2018-07-30,2018-07-30,1,SC,bed_bath_table,11.0
base,ridge,2018-07-30,2018-08-06,2,SC,bed_bath_table,14.0
base,ridge,2018-07-30,2018-08-13,3,SC,bed_bath_table,14.0
base,ridge,2018-07-30,2018-08-20,4,SC,bed_bath_table,0.0
base,ridge,2018-07-30,2018-07-30,1,SC,computers_accessories,9.0
base,ridge,2018-07-30,2018-08-06,2,SC,computers_accessories,9.0
base,ridge,2018-07-30,2018-08-13,3,SC,computers_accessories,9.0
base,ridge,2018-07-30,2018-08-20,4,SC,computers_accessories,0.0
base,ridge,2018-07-30,2018-07-30,1,SC,furniture_decor,6.0
base,ridge,2018-07-30,2018-08-06,2,SC,furniture_decor,6.0
base,ridge,2018-07-30,2018-08-13,3,SC,furniture_decor,6.0
base,ridge,2018-07-30,2018-08-20,4,SC,furniture_decor,0.0
base,ridge,2018-07-30,2018-07-30,1,SC,garden_tools,8.0
base,ridge,2018-07-30,2018-08-06,2,SC,garden_tools,8.0
base,ridge,2018-07-30,2018-08-13,3,SC,garden_tools,8.0
base,ridge,2018-07-30,2018-08-20,4,SC,garden_tools,0.0
base,ridge,2018-07-30,2018-07-30,1,SC,health_beauty,0.0
base,ridge,2018-07-30,2018-08-06,2,SC,health_beauty,0.0
base,ridge,2018-07-30,2018-08-13,3,SC,health_beauty,0.0
base,ridge,2018-07-30,2018-08-20,4,SC,health_beauty,0.0
base,ridge,2018-07-30,2018-07-30,1,SC,housewares,0.0
base,ridge,2018-07-30,2018-08-06,2,SC,housewares,0.0
base,ridge,2018-07-30,2018-08-13,3,SC,housewares,0.0
base,ridge,2018-07-30,2018-08-20,4,SC,housewares,0.0
base,ridge,2018-07-30,2018-07-30,1,SC,sports_leisure,18.0
base,ridge,2018-07-30,2018-08-06,2,SC,sports_leisure,18.0
base,ridge,2018-07-30,2018-08-13,3,SC,sports_leisure,18.0
base,ridge,2018-07-30,2018-08-20,4,SC,sports_leisure,0.0
base,ridge,2018-07-30,2018-07-30,1,SC,telephony,0.0
base,ridge,2018-07-30,2018-08-06,2,SC,telephony,0.0
base,ridge,2018-07-30,2018-08-13,3,SC,telephony,0.0
base,ridge,2018-07-30,2018-08-20,4,SC,telephony,0.0
base,ridge,2018-07-30,2018-07-30,1,SC,watches_gifts,0.0
base,ridge,2018-07-30,2018-08-06,2,SC,watches_gifts,8.0
base,ridge,2018-07-30,2018-08-13,3,SC,watches_gifts,9.0
base,ridge,2018-07-30,2018-08-20,4,SC,watches_gifts,0.0
base,ridge,2018-07-30,2018-07-30,1,SP,auto,79.0
base,ridge,2018-07-30,2018-08-06,2,SP,auto,74.0
base,ridge,2018-07-30,2018-08-13,3,SP,auto,75.0
base,ridge,2018-07-30,2018-08-20,4,SP,auto,0.0
base,ridge,2018-07-30,2018-07-30,1,SP,bed_bath_table,140.0
base,ridge,2018-07-30,2018-08-06,2,SP,bed_bath_table,138.0
base,ridge,2018-07-30,2018-08-13,3,SP,bed_bath_table,136.0
base,ridge,2018-07-30,2018-08-20,4,SP,bed_bath_table,0.0
base,ridge,2018-07-30,2018-07-30,1,SP,computers_accessories,96.0
base,ridge,2018-07-30,2018-08-06,2,SP,computers_accessories,90.0
base,ridge,2018-07-30,2018-08-13,3,SP,computers_accessories,89.0
base,ridge,2018-07-30,2018-08-20,4,SP,computers_accessories,0.0
base,ridge,2018-07-30,2018-07-30,1,SP,furniture_decor,87.0
base,ridge,2018-07-30,2018-08-06,2,SP,furniture_decor,83.0
base,ridge,2018-07-30,2018-08-13,3,SP,furniture_decor,80.0
base,ridge,2018-07-30,2018-08-20,4,SP,furniture_decor,0.0
base,ridge,2018-07-30,2018-07-30,1,SP,garden_tools,55.0
base,ridge,2018-07-30,2018-08-06,2,SP,garden_tools,55.0
base,ridge,2018-07-30,2018-08-13,3,SP,garden_tools,52.0
base,ridge,2018-07-30,2018-08-20,4,SP,garden_tools,0.0
base,ridge,2018-07-30,2018-07-30,1,SP,health_beauty,160.0
base,ridge,2018-07-30,2018-08-06,2,SP,health_beauty,170.0
base,ridge,2018-07-30,2018-08-13,3,SP,health_beauty,171.0
base,ridge,2018-07-30,2018-08-20,4,SP,health_beauty,0.0
base,ridge,2018-07-30,2018-07-30,1,SP,housewares,129.0
base,ridge,2018-07-30,2018-08-06,2,SP,housewares,121.0
base,ridge,2018-07-30,2018-08-13,3,SP,housewares,115.0
base,ridge,2018-07-30,2018-08-20,4,SP,housewares,0.0
base,ridge,2018-07-30,2018-07-30,1,SP,sports_leisure,89.0
base,ridge,2018-07-30,2018-08-06,2,SP,sports_leisure,85.0
base,ridge,2018-07-30,2018-08-13,3,SP,sports_leisure,81.0
base,ridge,2018-07-30,2018-08-20,4,SP,sports_leisure,0.0
base,ridge,2018-07-30,2018-07-30,1,SP,telephony,56.0
base,ridge,2018-07-30,2018-08-06,2,SP,telephony,53.0
base,ridge,2018-07-30,2018-08-13,3,SP,telephony,54.0
base,ridge,2018-07-30,2018-08-20,4,SP,telephony,0.0
base,ridge,2018-07-30,2018-07-30,1,SP,watches_gifts,107.0
base,ridge,2018-07-30,2018-08-06,2,SP,watches_gifts,114.0
base,ridge,2018-07-30,2018-08-13,3,SP,watches_gifts,117.0
base,ridge,2018-07-30,2018-08-20,4,SP,watches_gifts,0.0
base,ridge,2018-08-06,2018-08-06,1,MG,auto,0.0
base,ridge,2018-08-06,2018-08-13,2,MG,auto,0.0
base,ridge,2018-08-06,2018-08-20,3,MG,auto,0.0
base,ridge,2018-08-06,2018-08-27,4,MG,auto,0.0
base,ridge,2018-08-06,2018-08-06,1,MG,bed_bath_table,14.0
base,ridge,2018-08-06,2018-08-13,2,MG,bed_bath_table,14.0
base,ridge,2018-08-06,2018-08-20,3,MG,bed_bath_table,14.0
base,ridge,2018-08-06,2018-08-27,4,MG,bed_bath_table,0.0
base,ridge,2018-08-06,2018-08-06,1,MG,computers_accessories,13.0
base,ridge,2018-08-06,2018-08-13,2,MG,computers_accessories,13.0
base,ridge,2018-08-06,2018-08-20,3,MG,computers_accessories,13.0
base,ridge,2018-08-06,2018-08-27,4,MG,computers_accessories,0.0
base,ridge,2018-08-06,2018-08-06,1,MG,furniture_decor,14.0
base,ridge,2018-08-06,2018-08-13,2,MG,furniture_decor,14.0
base,ridge,2018-08-06,2018-08-20,3,MG,furniture_decor,15.0
base,ridge,2018-08-06,2018-08-27,4,MG,furniture_decor,0.0
base,ridge,2018-08-06,2018-08-06,1,MG,garden_tools,0.0
base,ridge,2018-08-06,2018-08-13,2,MG,garden_tools,0.0
base,ridge,2018-08-06,2018-08-20,3,MG,garden_tools,0.0
base,ridge,2018-08-06,2018-08-27,4,MG,garden_tools,0.0
base,ridge,2018-08-06,2018-08-06,1,MG,health_beauty,14.0
base,ridge,2018-08-06,2018-08-13,2,MG,health_beauty,14.0
base,ridge,2018-08-06,2018-08-20,3,MG,health_beauty,14.0
base,ridge,2018-08-06,2018-08-27,4,MG,health_beauty,0.0
base,ridge,2018-08-06,2018-08-06,1,MG,housewares,0.0
base,ridge,2018-08-06,2018-08-13,2,MG,housewares,0.0
base,ridge,2018-08-06,2018-08-20,3,MG,housewares,0.0
base,ridge,2018-08-06,2018-08-27,4,MG,housewares,0.0
base,ridge,2018-08-06,2018-08-06,1,MG,sports_leisure,14.0
base,ridge,2018-08-06,2018-08-13,2,MG,sports_leisure,16.0
base,ridge,2018-08-06,2018-08-20,3,MG,sports_leisure,16.0
base,ridge,2018-08-06,2018-08-27,4,MG,sports_leisure,0.0
base,ridge,2018-08-06,2018-08-06,1,MG,telephony,5.0
base,ridge,2018-08-06,2018-08-13,2,MG,telephony,5.0
base,ridge,2018-08-06,2018-08-20,3,MG,telephony,5.0
base,ridge,2018-08-06,2018-08-27,4,MG,telephony,0.0
base,ridge,2018-08-06,2018-08-06,1,MG,watches_gifts,0.0
base,ridge,2018-08-06,2018-08-13,2,MG,watches_gifts,0.0
base,ridge,2018-08-06,2018-08-20,3,MG,watches_gifts,0.0
base,ridge,2018-08-06,2018-08-27,4,MG,watches_gifts,0.0
base,ridge,2018-08-06,2018-08-06,1,PR,auto,8.0
base,ridge,2018-08-06,2018-08-13,2,PR,auto,8.0
base,ridge,2018-08-06,2018-08-20,3,PR,auto,8.0
base,ridge,2018-08-06,2018-08-27,4,PR,auto,0.0
base,ridge,2018-08-06,2018-08-06,1,PR,bed_bath_table,0.0
base,ridge,2018-08-06,2018-08-13,2,PR,bed_bath_table,0.0
base,ridge,2018-08-06,2018-08-20,3,PR,bed_bath_table,0.0
base,ridge,2018-08-06,2018-08-27,4,PR,bed_bath_table,0.0
base,ridge,2018-08-06,2018-08-06,1,PR,computers_accessories,0.0
base,ridge,2018-08-06,2018-08-13,2,PR,computers_accessories,0.0
base,ridge,2018-08-06,2018-08-20,3,PR,computers_accessories,0.0
base,ridge,2018-08-06,2018-08-27,4,PR,computers_accessories,0.0
base,ridge,2018-08-06,2018-08-06,1,PR,furniture_decor,15.0
base,ridge,2018-08-06,2018-08-13,2,PR,furniture_decor,15.0
base,ridge,2018-08-06,2018-08-20,3,PR,furniture_decor,17.0
base,ridge,2018-08-06,2018-08-27,4,PR,furniture_decor,0.0
base,ridge,2018-08-06,2018-08-06,1,PR,garden_tools,0.0
base,ridge,2018-08-06,2018-08-13,2,PR,garden_tools,0.0
base,ridge,2018-08-06,2018-08-20,3,PR,garden_tools,0.0
base,ridge,2018-08-06,2018-08-27,4,PR,garden_tools,0.0
base,ridge,2018-08-06,2018-08-06,1,PR,health_beauty,16.0
base,ridge,2018-08-06,2018-08-13,2,PR,health_beauty,16.0
base,ridge,2018-08-06,2018-08-20,3,PR,health_beauty,16.0
base,ridge,2018-08-06,2018-08-27,4,PR,health_beauty,0.0
base,ridge,2018-08-06,2018-08-06,1,PR,housewares,17.0
base,ridge,2018-08-06,2018-08-13,2,PR,housewares,17.0
base,ridge,2018-08-06,2018-08-20,3,PR,housewares,17.0
base,ridge,2018-08-06,2018-08-27,4,PR,housewares,0.0
base,ridge,2018-08-06,2018-08-06,1,PR,sports_leisure,1.0
base,ridge,2018-08-06,2018-08-13,2,PR,sports_leisure,2.0
base,ridge,2018-08-06,2018-08-20,3,PR,sports_leisure,2.0
base,ridge,2018-08-06,2018-08-27,4,PR,sports_leisure,0.0
base,ridge,2018-08-06,2018-08-06,1,PR,telephony,0.0
base,ridge,2018-08-06,2018-08-13,2,PR,telephony,0.0
base,ridge,2018-08-06,2018-08-20,3,PR,telephony,0.0
base,ridge,2018-08-06,2018-08-27,4,PR,telephony,0.0
base,ridge,2018-08-06,2018-08-06,1,PR,watches_gifts,8.0
base,ridge,2018-08-06,2018-08-13,2,PR,watches_gifts,8.0
base,ridge,2018-08-06,2018-08-20,3,PR,watches_gifts,8.0
base,ridge,2018-08-06,2018-08-27,4,PR,watches_gifts,0.0
base,ridge,2018-08-06,2018-08-06,1,RJ,auto,6.0
base,ridge,2018-08-06,2018-08-13,2,RJ,auto,6.0
base,ridge,2018-08-06,2018-08-20,3,RJ,auto,6.0
base,ridge,2018-08-06,2018-08-27,4,RJ,auto,0.0
base,ridge,2018-08-06,2018-08-06,1,RJ,bed_bath_table,10.0
base,ridge,2018-08-06,2018-08-13,2,RJ,bed_bath_table,10.0
base,ridge,2018-08-06,2018-08-20,3,RJ,bed_bath_table,10.0
base,ridge,2018-08-06,2018-08-27,4,RJ,bed_bath_table,0.0
base,ridge,2018-08-06,2018-08-06,1,RJ,computers_accessories,0.0
base,ridge,2018-08-06,2018-08-13,2,RJ,computers_accessories,0.0
base,ridge,2018-08-06,2018-08-20,3,RJ,computers_accessories,0.0
base,ridge,2018-08-06,2018-08-27,4,RJ,computers_accessories,0.0
base,ridge,2018-08-06,2018-08-06,1,RJ,furniture_decor,5.0
base,ridge,2018-08-06,2018-08-13,2,RJ,furniture_decor,5.0
base,ridge,2018-08-06,2018-08-20,3,RJ,furniture_decor,5.0
base,ridge,2018-08-06,2018-08-27,4,RJ,furniture_decor,0.0
base,ridge,2018-08-06,2018-08-06,1,RJ,garden_tools,4.0
base,ridge,2018-08-06,2018-08-13,2,RJ,garden_tools,4.0
base,ridge,2018-08-06,2018-08-20,3,RJ,garden_tools,4.0
base,ridge,2018-08-06,2018-08-27,4,RJ,garden_tools,0.0
base,ridge,2018-08-06,2018-08-06,1,RJ,health_beauty,0.0
base,ridge,2018-08-06,2018-08-13,2,RJ,health_beauty,0.0
base,ridge,2018-08-06,2018-08-20,3,RJ,health_beauty,0.0
base,ridge,2018-08-06,2018-08-27,4,RJ,health_beauty,0.0
base,ridge,2018-08-06,2018-08-06,1,RJ,housewares,8.0
base,ridge,2018-08-06,2018-08-13,2,RJ,housewares,8.0
base,ridge,2018-08-06,2018-08-20,3,RJ,housewares,8.0
base,ridge,2018-08-06,2018-08-27,4,RJ,housewares,0.0
base,ridge,2018-08-06,2018-08-06,1,RJ,sports_leisure,16.0
base,ridge,2018-08-06,2018-08-13,2,RJ,sports_leisure,16.0
base,ridge,2018-08-06,2018-08-20,3,RJ,sports_leisure,17.0
base,ridge,2018-08-06,2018-08-27,4,RJ,sports_leisure,0.0
base,ridge,2018-08-06,2018-08-06,1,RJ,telephony,6.0
base,ridge,2018-08-06,2018-08-13,2,RJ,telephony,6.0
base,ridge,2018-08-06,2018-08-20,3,RJ,telephony,6.0
base,ridge,2018-08-06,2018-08-27,4,RJ,telephony,0.0
base,ridge,2018-08-06,2018-08-06,1,RJ,watches_gifts,0.0
base,ridge,2018-08-06,2018-08-13,2,RJ,watches_gifts,0.0
base,ridge,2018-08-06,2018-08-20,3,RJ,watches_gifts,0.0
base,ridge,2018-08-06,2018-08-27,4,RJ,watches_gifts,0.0
base,ridge,2018-08-06,2018-08-06,1,RS,auto,3.0
base,ridge,2018-08-06,2018-08-13,2,RS,auto,3.0
base,ridge,2018-08-06,2018-08-20,3,RS,auto,3.0
base,ridge,2018-08-06,2018-08-27,4,RS,auto,0.0
base,ridge,2018-08-06,2018-08-06,1,RS,bed_bath_table,6.0
base,ridge,2018-08-06,2018-08-13,2,RS,bed_bath_table,6.0
base,ridge,2018-08-06,2018-08-20,3,RS,bed_bath_table,6.0
base,ridge,2018-08-06,2018-08-27,4,RS,bed_bath_table,0.0
base,ridge,2018-08-06,2018-08-06,1,RS,computers_accessories,9.0
base,ridge,2018-08-06,2018-08-13,2,RS,computers_accessories,10.0
base,ridge,2018-08-06,2018-08-20,3,RS,computers_accessories,11.0
base,ridge,2018-08-06,2018-08-27,4,RS,computers_accessories,0.0
base,ridge,2018-08-06,2018-08-06,1,RS,furniture_decor,5.0
base,ridge,2018-08-06,2018-08-13,2,RS,furniture_decor,5.0
base,ridge,2018-08-06,2018-08-20,3,RS,furniture_decor,5.0
base,ridge,2018-08-06,2018-08-27,4,RS,furniture_decor,0.0
base,ridge,2018-08-06,2018-08-06,1,RS,garden_tools,0.0
base,ridge,2018-08-06,2018-08-13,2,RS,garden_tools,1.0
base,ridge,2018-08-06,2018-08-20,3,RS,garden_tools,1.0
base,ridge,2018-08-06,2018-08-27,4,RS,garden_tools,0.0
base,ridge,2018-08-06,2018-08-06,1,RS,health_beauty,8.0
base,ridge,2018-08-06,2018-08-13,2,RS,health_beauty,8.0
base,ridge,2018-08-06,2018-08-20,3,RS,health_beauty,8.0
base,ridge,2018-08-06,2018-08-27,4,RS,health_beauty,0.0
base,ridge,2018-08-06,2018-08-06,1,RS,housewares,11.0
base,ridge,2018-08-06,2018-08-13,2,RS,housewares,10.0
base,ridge,2018-08-06,2018-08-20,3,RS,housewares,10.0
base,ridge,2018-08-06,2018-08-27,4,RS,housewares,0.0
base,ridge,2018-08-06,2018-08-06,1,RS,sports_leisure,0.0
base,ridge,2018-08-06,2018-08-13,2,RS,sports_leisure,0.0
base,ridge,2018-08-06,2018-08-20,3,RS,sports_leisure,0.0
base,ridge,2018-08-06,2018-08-27,4,RS,sports_leisure,0.0
base,ridge,2018-08-06,2018-08-06,1,RS,telephony,5.0
base,ridge,2018-08-06,2018-08-13,2,RS,telephony,5.0
base,ridge,2018-08-06,2018-08-20,3,RS,telephony,5.0
base,ridge,2018-08-06,2018-08-27,4,RS,telephony,0.0
base,ridge,2018-08-06,2018-08-06,1,RS,watches_gifts,1.0
base,ridge,2018-08-06,2018-08-13,2,RS,watches_gifts,2.0
base,ridge,2018-08-06,2018-08-20,3,RS,watches_gifts,2.0
base,ridge,2018-08-06,2018-08-27,4,RS,watches_gifts,0.0
base,ridge,2018-08-06,2018-08-06,1,SC,auto,0.0
base,ridge,2018-08-06,2018-08-13,2,SC,auto,0.0
base,ridge,2018-08-06,2018-08-20,3,SC,auto,0.0
base,ridge,2018-08-06,2018-08-27,4,SC,auto,0.0
base,ridge,2018-08-06,2018-08-06,1,SC,bed_bath_table,12.0
base,ridge,2018-08-06,2018-08-13,2,SC,bed_bath_table,13.0
base,ridge,2018-08-06,2018-08-20,3,SC,bed_bath_table,14.0
base,ridge,2018-08-06,2018-08-27,4,SC,bed_bath_table,0.0
base,ridge,2018-08-06,2018-08-06,1,SC,computers_accessories,9.0
base,ridge,2018-08-06,2018-08-13,2,SC,computers_accessories,9.0
base,ridge,2018-08-06,2018-08-20,3,SC,computers_accessories,9.0
base,ridge,2018-08-06,2018-08-27,4,SC,computers_accessories,0.0
base,ridge,2018-08-06,2018-08-06,1,SC,furniture_decor,6.0
base,ridge,2018-08-06,2018-08-13,2,SC,furniture_decor,6.0
base,ridge,2018-08-06,2018-08-20,3,SC,furniture_decor,6.0
base,ridge,2018-08-06,2018-08-27,4,SC,furniture_decor,0.0
base,ridge,2018-08-06,2018-08-06,1,SC,garden_tools,8.0
base,ridge,2018-08-06,2018-08-13,2,SC,garden_tools,8.0
base,ridge,2018-08-06,2018-08-20,3,SC,garden_tools,8.0
base,ridge,2018-08-06,2018-08-27,4,SC,garden_tools,0.0
base,ridge,2018-08-06,2018-08-06,1,SC,health_beauty,0.0
base,ridge,2018-08-06,2018-08-13,2,SC,health_beauty,0.0
base,ridge,2018-08-06,2018-08-20,3,SC,health_beauty,0.0
base,ridge,2018-08-06,2018-08-27,4,SC,health_beauty,0.0
base,ridge,2018-08-06,2018-08-06,1,SC,housewares,0.0
base,ridge,2018-08-06,2018-08-13,2,SC,housewares,0.0
base,ridge,2018-08-06,2018-08-20,3,SC,housewares,0.0
base,ridge,2018-08-06,2018-08-27,4,SC,housewares,0.0
base,ridge,2018-08-06,2018-08-06,1,SC,sports_leisure,18.0
base,ridge,2018-08-06,2018-08-13,2,SC,sports_leisure,18.0
base,ridge,2018-08-06,2018-08-20,3,SC,sports_leisure,18.0
base,ridge,2018-08-06,2018-08-27,4,SC,sports_leisure,0.0
base,ridge,2018-08-06,2018-08-06,1,SC,telephony,0.0
base,ridge,2018-08-06,2018-08-13,2,SC,telephony,0.0
base,ridge,2018-08-06,2018-08-20,3,SC,telephony,0.0
base,ridge,2018-08-06,2018-08-27,4,SC,telephony,0.0
base,ridge,2018-08-06,2018-08-06,1,SC,watches_gifts,9.0
base,ridge,2018-08-06,2018-08-13,2,SC,watches_gifts,9.0
base,ridge,2018-08-06,2018-08-20,3,SC,watches_gifts,9.0
base,ridge,2018-08-06,2018-08-27,4,SC,watches_gifts,0.0
base,ridge,2018-08-06,2018-08-06,1,SP,auto,82.0
base,ridge,2018-08-06,2018-08-13,2,SP,auto,80.0
base,ridge,2018-08-06,2018-08-20,3,SP,auto,84.0
base,ridge,2018-08-06,2018-08-27,4,SP,auto,0.0
base,ridge,2018-08-06,2018-08-06,1,SP,bed_bath_table,158.0
base,ridge,2018-08-06,2018-08-13,2,SP,bed_bath_table,148.0
base,ridge,2018-08-06,2018-08-20,3,SP,bed_bath_table,146.0
base,ridge,2018-08-06,2018-08-27,4,SP,bed_bath_table,0.0
base,ridge,2018-08-06,2018-08-06,1,SP,computers_accessories,108.0
base,ridge,2018-08-06,2018-08-13,2,SP,computers_accessories,99.0
base,ridge,2018-08-06,2018-08-20,3,SP,computers_accessories,99.0
base,ridge,2018-08-06,2018-08-27,4,SP,computers_accessories,0.0
base,ridge,2018-08-06,2018-08-06,1,SP,furniture_decor,96.0
base,ridge,2018-08-06,2018-08-13,2,SP,furniture_decor,88.0
base,ridge,2018-08-06,2018-08-20,3,SP,furniture_decor,86.0
base,ridge,2018-08-06,2018-08-27,4,SP,furniture_decor,0.0
base,ridge,2018-08-06,2018-08-06,1,SP,garden_tools,19.0
base,ridge,2018-08-06,2018-08-13,2,SP,garden_tools,50.0
base,ridge,2018-08-06,2018-08-20,3,SP,garden_tools,53.0
base,ridge,2018-08-06,2018-08-27,4,SP,garden_tools,0.0
base,ridge,2018-08-06,2018-08-06,1,SP,health_beauty,192.0
base,ridge,2018-08-06,2018-08-13,2,SP,health_beauty,186.0
base,ridge,2018-08-06,2018-08-20,3,SP,health_beauty,181.0
base,ridge,2018-08-06,2018-08-27,4,SP,health_beauty,0.0
base,ridge,2018-08-06,2018-08-06,1,SP,housewares,140.0
base,ridge,2018-08-06,2018-08-13,2,SP,housewares,128.0
base,ridge,2018-08-06,2018-08-20,3,SP,housewares,126.0
base,ridge,2018-08-06,2018-08-27,4,SP,housewares,0.0
base,ridge,2018-08-06,2018-08-06,1,SP,sports_leisure,94.0
base,ridge,2018-08-06,2018-08-13,2,SP,sports_leisure,88.0
base,ridge,2018-08-06,2018-08-20,3,SP,sports_leisure,85.0
base,ridge,2018-08-06,2018-08-27,4,SP,sports_leisure,0.0
base,ridge,2018-08-06,2018-08-06,1,SP,telephony,71.0
base,ridge,2018-08-06,2018-08-13,2,SP,telephony,67.0
base,ridge,2018-08-06,2018-08-20,3,SP,telephony,68.0
base,ridge,2018-08-06,2018-08-27,4,SP,telephony,0.0
base,ridge,2018-08-06,2018-08-06,1,SP,watches_gifts,132.0
base,ridge,2018-08-06,2018-08-13,2,SP,watches_gifts,129.0
base,ridge,2018-08-06,2018-08-20,3,SP,watches_gifts,131.0
base,ridge,2018-08-06,2018-08-27,4,SP,watches_gifts,0.0
base,ridge,2018-08-13,2018-08-13,1,MG,auto,0.0
base,ridge,2018-08-13,2018-08-20,2,MG,auto,0.0
base,ridge,2018-08-13,2018-08-27,3,MG,auto,0.0
base,ridge,2018-08-13,2018-09-03,4,MG,auto,0.0
base,ridge,2018-08-13,2018-08-13,1,MG,bed_bath_table,14.0
base,ridge,2018-08-13,2018-08-20,2,MG,bed_bath_table,14.0
base,ridge,2018-08-13,2018-08-27,3,MG,bed_bath_table,14.0
base,ridge,2018-08-13,2018-09-03,4,MG,bed_bath_table,0.0
base,ridge,2018-08-13,2018-08-13,1,MG,computers_accessories,10.0
base,ridge,2018-08-13,2018-08-20,2,MG,computers_accessories,12.0
base,ridge,2018-08-13,2018-08-27,3,MG,computers_accessories,13.0
base,ridge,2018-08-13,2018-09-03,4,MG,computers_accessories,0.0
base,ridge,2018-08-13,2018-08-13,1,MG,furniture_decor,13.0
base,ridge,2018-08-13,2018-08-20,2,MG,furniture_decor,14.0
base,ridge,2018-08-13,2018-08-27,3,MG,furniture_decor,16.0
base,ridge,2018-08-13,2018-09-03,4,MG,furniture_decor,0.0
base,ridge,2018-08-13,2018-08-13,1,MG,garden_tools,0.0
base,ridge,2018-08-13,2018-08-20,2,MG,garden_tools,0.0
base,ridge,2018-08-13,2018-08-27,3,MG,garden_tools,0.0
base,ridge,2018-08-13,2018-09-03,4,MG,garden_tools,0.0
base,ridge,2018-08-13,2018-08-13,1,MG,health_beauty,14.0
base,ridge,2018-08-13,2018-08-20,2,MG,health_beauty,14.0
base,ridge,2018-08-13,2018-08-27,3,MG,health_beauty,14.0
base,ridge,2018-08-13,2018-09-03,4,MG,health_beauty,0.0
base,ridge,2018-08-13,2018-08-13,1,MG,housewares,0.0
base,ridge,2018-08-13,2018-08-20,2,MG,housewares,0.0
base,ridge,2018-08-13,2018-08-27,3,MG,housewares,0.0
base,ridge,2018-08-13,2018-09-03,4,MG,housewares,0.0
base,ridge,2018-08-13,2018-08-13,1,MG,sports_leisure,14.0
base,ridge,2018-08-13,2018-08-20,2,MG,sports_leisure,16.0
base,ridge,2018-08-13,2018-08-27,3,MG,sports_leisure,17.0
base,ridge,2018-08-13,2018-09-03,4,MG,sports_leisure,0.0
base,ridge,2018-08-13,2018-08-13,1,MG,telephony,5.0
base,ridge,2018-08-13,2018-08-20,2,MG,telephony,5.0
base,ridge,2018-08-13,2018-08-27,3,MG,telephony,5.0
base,ridge,2018-08-13,2018-09-03,4,MG,telephony,0.0
base,ridge,2018-08-13,2018-08-13,1,MG,watches_gifts,0.0
base,ridge,2018-08-13,2018-08-20,2,MG,watches_gifts,0.0
base,ridge,2018-08-13,2018-08-27,3,MG,watches_gifts,0.0
base,ridge,2018-08-13,2018-09-03,4,MG,watches_gifts,0.0
base,ridge,2018-08-13,2018-08-13,1,PR,auto,8.0
base,ridge,2018-08-13,2018-08-20,2,PR,auto,8.0
base,ridge,2018-08-13,2018-08-27,3,PR,auto,8.0
base,ridge,2018-08-13,2018-09-03,4,PR,auto,0.0
base,ridge,2018-08-13,2018-08-13,1,PR,bed_bath_table,0.0
base,ridge,2018-08-13,2018-08-20,2,PR,bed_bath_table,0.0
base,ridge,2018-08-13,2018-08-27,3,PR,bed_bath_table,0.0
base,ridge,2018-08-13,2018-09-03,4,PR,bed_bath_table,0.0
base,ridge,2018-08-13,2018-08-13,1,PR,computers_accessories,0.0
base,ridge,2018-08-13,2018-08-20,2,PR,computers_accessories,0.0
base,ridge,2018-08-13,2018-08-27,3,PR,computers_accessories,0.0
base,ridge,2018-08-13,2018-09-03,4,PR,computers_accessories,0.0
base,ridge,2018-08-13,2018-08-13,1,PR,furniture_decor,30.0
base,ridge,2018-08-13,2018-08-20,2,PR,furniture_decor,27.0
base,ridge,2018-08-13,2018-08-27,3,PR,furniture_decor,26.0
base,ridge,2018-08-13,2018-09-03,4,PR,furniture_decor,0.0
base,ridge,2018-08-13,2018-08-13,1,PR,garden_tools,0.0
base,ridge,2018-08-13,2018-08-20,2,PR,garden_tools,0.0
base,ridge,2018-08-13,2018-08-27,3,PR,garden_tools,0.0
base,ridge,2018-08-13,2018-09-03,4,PR,garden_tools,0.0
base,ridge,2018-08-13,2018-08-13,1,PR,health_beauty,19.0
base,ridge,2018-08-13,2018-08-20,2,PR,health_beauty,18.0
base,ridge,2018-08-13,2018-08-27,3,PR,health_beauty,19.0
base,ridge,2018-08-13,2018-09-03,4,PR,health_beauty,0.0
base,ridge,2018-08-13,2018-08-13,1,PR,housewares,17.0
base,ridge,2018-08-13,2018-08-20,2,PR,housewares,17.0
base,ridge,2018-08-13,2018-08-27,3,PR,housewares,17.0
base,ridge,2018-08-13,2018-09-03,4,PR,housewares,0.0
base,ridge,2018-08-13,2018-08-13,1,PR,sports_leisure,6.0
base,ridge,2018-08-13,2018-08-20,2,PR,sports_leisure,5.0
base,ridge,2018-08-13,2018-08-27,3,PR,sports_leisure,6.0
base,ridge,2018-08-13,2018-09-03,4,PR,sports_leisure,0.0
base,ridge,2018-08-13,2018-08-13,1,PR,telephony,0.0
base,ridge,2018-08-13,2018-08-20,2,PR,telephony,0.0
base,ridge,2018-08-13,2018-08-27,3,PR,telephony,0.0
base,ridge,2018-08-13,2018-09-03,4,PR,telephony,0.0
base,ridge,2018-08-13,2018-08-13,1,PR,watches_gifts,8.0
base,ridge,2018-08-13,2018-08-20,2,PR,watches_gifts,8.0
base,ridge,2018-08-13,2018-08-27,3,PR,watches_gifts,8.0
base,ridge,2018-08-13,2018-09-03,4,PR,watches_gifts,0.0
base,ridge,2018-08-13,2018-08-13,1,RJ,auto,6.0
base,ridge,2018-08-13,2018-08-20,2,RJ,auto,6.0
base,ridge,2018-08-13,2018-08-27,3,RJ,auto,6.0
base,ridge,2018-08-13,2018-09-03,4,RJ,auto,0.0
base,ridge,2018-08-13,2018-08-13,1,RJ,bed_bath_table,10.0
base,ridge,2018-08-13,2018-08-20,2,RJ,bed_bath_table,10.0
base,ridge,2018-08-13,2018-08-27,3,RJ,bed_bath_table,10.0
base,ridge,2018-08-13,2018-09-03,4,RJ,bed_bath_table,0.0
base,ridge,2018-08-13,2018-08-13,1,RJ,computers_accessories,0.0
base,ridge,2018-08-13,2018-08-20,2,RJ,computers_accessories,0.0
base,ridge,2018-08-13,2018-08-27,3,RJ,computers_accessories,0.0
base,ridge,2018-08-13,2018-09-03,4,RJ,computers_accessories,0.0
base,ridge,2018-08-13,2018-08-13,1,RJ,furniture_decor,5.0
base,ridge,2018-08-13,2018-08-20,2,RJ,furniture_decor,5.0
base,ridge,2018-08-13,2018-08-27,3,RJ,furniture_decor,5.0
base,ridge,2018-08-13,2018-09-03,4,RJ,furniture_decor,0.0
base,ridge,2018-08-13,2018-08-13,1,RJ,garden_tools,4.0
base,ridge,2018-08-13,2018-08-20,2,RJ,garden_tools,4.0
base,ridge,2018-08-13,2018-08-27,3,RJ,garden_tools,4.0
base,ridge,2018-08-13,2018-09-03,4,RJ,garden_tools,0.0
base,ridge,2018-08-13,2018-08-13,1,RJ,health_beauty,4.0
base,ridge,2018-08-13,2018-08-20,2,RJ,health_beauty,0.0
base,ridge,2018-08-13,2018-08-27,3,RJ,health_beauty,0.0
base,ridge,2018-08-13,2018-09-03,4,RJ,health_beauty,0.0
base,ridge,2018-08-13,2018-08-13,1,RJ,housewares,8.0
base,ridge,2018-08-13,2018-08-20,2,RJ,housewares,8.0
base,ridge,2018-08-13,2018-08-27,3,RJ,housewares,8.0
base,ridge,2018-08-13,2018-09-03,4,RJ,housewares,0.0
base,ridge,2018-08-13,2018-08-13,1,RJ,sports_leisure,5.0
base,ridge,2018-08-13,2018-08-20,2,RJ,sports_leisure,17.0
base,ridge,2018-08-13,2018-08-27,3,RJ,sports_leisure,18.0
base,ridge,2018-08-13,2018-09-03,4,RJ,sports_leisure,0.0
base,ridge,2018-08-13,2018-08-13,1,RJ,telephony,6.0
base,ridge,2018-08-13,2018-08-20,2,RJ,telephony,6.0
base,ridge,2018-08-13,2018-08-27,3,RJ,telephony,6.0
base,ridge,2018-08-13,2018-09-03,4,RJ,telephony,0.0
base,ridge,2018-08-13,2018-08-13,1,RJ,watches_gifts,0.0
base,ridge,2018-08-13,2018-08-20,2,RJ,watches_gifts,0.0
base,ridge,2018-08-13,2018-08-27,3,RJ,watches_gifts,0.0
base,ridge,2018-08-13,2018-09-03,4,RJ,watches_gifts,0.0
base,ridge,2018-08-13,2018-08-13,1,RS,auto,3.0
base,ridge,2018-08-13,2018-08-20,2,RS,auto,3.0
base,ridge,2018-08-13,2018-08-27,3,RS,auto,3.0
base,ridge,2018-08-13,2018-09-03,4,RS,auto,0.0
base,ridge,2018-08-13,2018-08-13,1,RS,bed_bath_table,6.0
base,ridge,2018-08-13,2018-08-20,2,RS,bed_bath_table,6.0
base,ridge,2018-08-13,2018-08-27,3,RS,bed_bath_table,6.0
base,ridge,2018-08-13,2018-09-03,4,RS,bed_bath_table,0.0
base,ridge,2018-08-13,2018-08-13,1,RS,computers_accessories,12.0
base,ridge,2018-08-13,2018-08-20,2,RS,computers_accessories,13.0
base,ridge,2018-08-13,2018-08-27,3,RS,computers_accessories,12.0
base,ridge,2018-08-13,2018-09-03,4,RS,computers_accessories,0.0
base,ridge,2018-08-13,2018-08-13,1,RS,furniture_decor,5.0
base,ridge,2018-08-13,2018-08-20,2,RS,furniture_decor,5.0
base,ridge,2018-08-13,2018-08-27,3,RS,furniture_decor,5.0
base,ridge,2018-08-13,2018-09-03,4,RS,furniture_decor,0.0
base,ridge,2018-08-13,2018-08-13,1,RS,garden_tools,0.0
base,ridge,2018-08-13,2018-08-20,2,RS,garden_tools,1.0
base,ridge,2018-08-13,2018-08-27,3,RS,garden_tools,1.0
base,ridge,2018-08-13,2018-09-03,4,RS,garden_tools,0.0
base,ridge,2018-08-13,2018-08-13,1,RS,health_beauty,8.0
base,ridge,2018-08-13,2018-08-20,2,RS,health_beauty,8.0
base,ridge,2018-08-13,2018-08-27,3,RS,health_beauty,8.0
base,ridge,2018-08-13,2018-09-03,4,RS,health_beauty,0.0
base,ridge,2018-08-13,2018-08-13,1,RS,housewares,11.0
base,ridge,2018-08-13,2018-08-20,2,RS,housewares,11.0
base,ridge,2018-08-13,2018-08-27,3,RS,housewares,11.0
base,ridge,2018-08-13,2018-09-03,4,RS,housewares,0.0
base,ridge,2018-08-13,2018-08-13,1,RS,sports_leisure,0.0
base,ridge,2018-08-13,2018-08-20,2,RS,sports_leisure,0.0
base,ridge,2018-08-13,2018-08-27,3,RS,sports_leisure,0.0
base,ridge,2018-08-13,2018-09-03,4,RS,sports_leisure,0.0
base,ridge,2018-08-13,2018-08-13,1,RS,telephony,5.0
base,ridge,2018-08-13,2018-08-20,2,RS,telephony,5.0
base,ridge,2018-08-13,2018-08-27,3,RS,telephony,5.0
base,ridge,2018-08-13,2018-09-03,4,RS,telephony,0.0
base,ridge,2018-08-13,2018-08-13,1,RS,watches_gifts,2.0
base,ridge,2018-08-13,2018-08-20,2,RS,watches_gifts,3.0
base,ridge,2018-08-13,2018-08-27,3,RS,watches_gifts,3.0
base,ridge,2018-08-13,2018-09-03,4,RS,watches_gifts,0.0
base,ridge,2018-08-13,2018-08-13,1,SC,auto,0.0
base,ridge,2018-08-13,2018-08-20,2,SC,auto,0.0
base,ridge,2018-08-13,2018-08-27,3,SC,auto,0.0
base,ridge,2018-08-13,2018-09-03,4,SC,auto,0.0
base,ridge,2018-08-13,2018-08-13,1,SC,bed_bath_table,19.0
base,ridge,2018-08-13,2018-08-20,2,SC,bed_bath_table,18.0
base,ridge,2018-08-13,2018-08-27,3,SC,bed_bath_table,17.0
base,ridge,2018-08-13,2018-09-03,4,SC,bed_bath_table,0.0
base,ridge,2018-08-13,2018-08-13,1,SC,computers_accessories,9.0
base,ridge,2018-08-13,2018-08-20,2,SC,computers_accessories,9.0
base,ridge,2018-08-13,2018-08-27,3,SC,computers_accessories,9.0
base,ridge,2018-08-13,2018-09-03,4,SC,computers_accessories,0.0
base,ridge,2018-08-13,2018-08-13,1,SC,furniture_decor,6.0
base,ridge,2018-08-13,2018-08-20,2,SC,furniture_decor,6.0
base,ridge,2018-08-13,2018-08-27,3,SC,furniture_decor,6.0
base,ridge,2018-08-13,2018-09-03,4,SC,furniture_decor,0.0
base,ridge,2018-08-13,2018-08-13,1,SC,garden_tools,8.0
base,ridge,2018-08-13,2018-08-20,2,SC,garden_tools,8.0
base,ridge,2018-08-13,2018-08-27,3,SC,garden_tools,8.0
base,ridge,2018-08-13,2018-09-03,4,SC,garden_tools,0.0
base,ridge,2018-08-13,2018-08-13,1,SC,health_beauty,0.0
base,ridge,2018-08-13,2018-08-20,2,SC,health_beauty,0.0
base,ridge,2018-08-13,2018-08-27,3,SC,health_beauty,0.0
base,ridge,2018-08-13,2018-09-03,4,SC,health_beauty,0.0
base,ridge,2018-08-13,2018-08-13,1,SC,housewares,0.0
base,ridge,2018-08-13,2018-08-20,2,SC,housewares,0.0
base,ridge,2018-08-13,2018-08-27,3,SC,housewares,0.0
base,ridge,2018-08-13,2018-09-03,4,SC,housewares,0.0
base,ridge,2018-08-13,2018-08-13,1,SC,sports_leisure,18.0
base,ridge,2018-08-13,2018-08-20,2,SC,sports_leisure,18.0
base,ridge,2018-08-13,2018-08-27,3,SC,sports_leisure,18.0
base,ridge,2018-08-13,2018-09-03,4,SC,sports_leisure,0.0
base,ridge,2018-08-13,2018-08-13,1,SC,telephony,0.0
base,ridge,2018-08-13,2018-08-20,2,SC,telephony,0.0
base,ridge,2018-08-13,2018-08-27,3,SC,telephony,0.0
base,ridge,2018-08-13,2018-09-03,4,SC,telephony,0.0
base,ridge,2018-08-13,2018-08-13,1,SC,watches_gifts,9.0
base,ridge,2018-08-13,2018-08-20,2,SC,watches_gifts,9.0
base,ridge,2018-08-13,2018-08-27,3,SC,watches_gifts,9.0
base,ridge,2018-08-13,2018-09-03,4,SC,watches_gifts,0.0
base,ridge,2018-08-13,2018-08-13,1,SP,auto,102.0
base,ridge,2018-08-13,2018-08-20,2,SP,auto,99.0
base,ridge,2018-08-13,2018-08-27,3,SP,auto,102.0
base,ridge,2018-08-13,2018-09-03,4,SP,auto,0.0
base,ridge,2018-08-13,2018-08-13,1,SP,bed_bath_table,149.0
base,ridge,2018-08-13,2018-08-20,2,SP,bed_bath_table,146.0
base,ridge,2018-08-13,2018-08-27,3,SP,bed_bath_table,158.0
base,ridge,2018-08-13,2018-09-03,4,SP,bed_bath_table,0.0
base,ridge,2018-08-13,2018-08-13,1,SP,computers_accessories,99.0
base,ridge,2018-08-13,2018-08-20,2,SP,computers_accessories,98.0
base,ridge,2018-08-13,2018-08-27,3,SP,computers_accessories,107.0
base,ridge,2018-08-13,2018-09-03,4,SP,computers_accessories,0.0
base,ridge,2018-08-13,2018-08-13,1,SP,furniture_decor,85.0
base,ridge,2018-08-13,2018-08-20,2,SP,furniture_decor,85.0
base,ridge,2018-08-13,2018-08-27,3,SP,furniture_decor,94.0
base,ridge,2018-08-13,2018-09-03,4,SP,furniture_decor,0.0
base,ridge,2018-08-13,2018-08-13,1,SP,garden_tools,53.0
base,ridge,2018-08-13,2018-08-20,2,SP,garden_tools,54.0
base,ridge,2018-08-13,2018-08-27,3,SP,garden_tools,58.0
base,ridge,2018-08-13,2018-09-03,4,SP,garden_tools,0.0
base,ridge,2018-08-13,2018-08-13,1,SP,health_beauty,198.0
base,ridge,2018-08-13,2018-08-20,2,SP,health_beauty,192.0
base,ridge,2018-08-13,2018-08-27,3,SP,health_beauty,195.0
base,ridge,2018-08-13,2018-09-03,4,SP,health_beauty,0.0
base,ridge,2018-08-13,2018-08-13,1,SP,housewares,131.0
base,ridge,2018-08-13,2018-08-20,2,SP,housewares,129.0
base,ridge,2018-08-13,2018-08-27,3,SP,housewares,142.0
base,ridge,2018-08-13,2018-09-03,4,SP,housewares,0.0
base,ridge,2018-08-13,2018-08-13,1,SP,sports_leisure,84.0
base,ridge,2018-08-13,2018-08-20,2,SP,sports_leisure,83.0
base,ridge,2018-08-13,2018-08-27,3,SP,sports_leisure,90.0
base,ridge,2018-08-13,2018-09-03,4,SP,sports_leisure,0.0
base,ridge,2018-08-13,2018-08-13,1,SP,telephony,81.0
base,ridge,2018-08-13,2018-08-20,2,SP,telephony,79.0
base,ridge,2018-08-13,2018-08-27,3,SP,telephony,85.0
base,ridge,2018-08-13,2018-09-03,4,SP,telephony,0.0
base,ridge,2018-08-13,2018-08-13,1,SP,watches_gifts,119.0
base,ridge,2018-08-13,2018-08-20,2,SP,watches_gifts,129.0
base,ridge,2018-08-13,2018-08-27,3,SP,watches_gifts,137.0
base,ridge,2018-08-13,2018-09-03,4,SP,watches_gifts,0.0
base,ridge,2018-08-20,2018-08-20,1,MG,auto,0.0
base,ridge,2018-08-20,2018-08-27,2,MG,auto,0.0
base,ridge,2018-08-20,2018-09-03,3,MG,auto,0.0
base,ridge,2018-08-20,2018-09-10,4,MG,auto,0.0
base,ridge,2018-08-20,2018-08-20,1,MG,bed_bath_table,14.0
base,ridge,2018-08-20,2018-08-27,2,MG,bed_bath_table,14.0
base,ridge,2018-08-20,2018-09-03,3,MG,bed_bath_table,14.0
base,ridge,2018-08-20,2018-09-10,4,MG,bed_bath_table,0.0
base,ridge,2018-08-20,2018-08-20,1,MG,computers_accessories,14.0
base,ridge,2018-08-20,2018-08-27,2,MG,computers_accessories,14.0
base,ridge,2018-08-20,2018-09-03,3,MG,computers_accessories,22.0
base,ridge,2018-08-20,2018-09-10,4,MG,computers_accessories,0.0
base,ridge,2018-08-20,2018-08-20,1,MG,furniture_decor,15.0
base,ridge,2018-08-20,2018-08-27,2,MG,furniture_decor,17.0
base,ridge,2018-08-20,2018-09-03,3,MG,furniture_decor,17.0
base,ridge,2018-08-20,2018-09-10,4,MG,furniture_decor,0.0
base,ridge,2018-08-20,2018-08-20,1,MG,garden_tools,0.0
base,ridge,2018-08-20,2018-08-27,2,MG,garden_tools,0.0
base,ridge,2018-08-20,2018-09-03,3,MG,garden_tools,0.0
base,ridge,2018-08-20,2018-09-10,4,MG,garden_tools,0.0
base,ridge,2018-08-20,2018-08-20,1,MG,health_beauty,14.0
base,ridge,2018-08-20,2018-08-27,2,MG,health_beauty,14.0
base,ridge,2018-08-20,2018-09-03,3,MG,health_beauty,14.0
base,ridge,2018-08-20,2018-09-10,4,MG,health_beauty,0.0
base,ridge,2018-08-20,2018-08-20,1,MG,housewares,0.0
base,ridge,2018-08-20,2018-08-27,2,MG,housewares,0.0
base,ridge,2018-08-20,2018-09-03,3,MG,housewares,5.0
base,ridge,2018-08-20,2018-09-10,4,MG,housewares,0.0
base,ridge,2018-08-20,2018-08-20,1,MG,sports_leisure,14.0
base,ridge,2018-08-20,2018-08-27,2,MG,sports_leisure,17.0
base,ridge,2018-08-20,2018-09-03,3,MG,sports_leisure,17.0
base,ridge,2018-08-20,2018-09-10,4,MG,sports_leisure,0.0
base,ridge,2018-08-20,2018-08-20,1,MG,telephony,5.0
base,ridge,2018-08-20,2018-08-27,2,MG,telephony,5.0
base,ridge,2018-08-20,2018-09-03,3,MG,telephony,5.0
base,ridge,2018-08-20,2018-09-10,4,MG,telephony,0.0
base,ridge,2018-08-20,2018-08-20,1,MG,watches_gifts,0.0
base,ridge,2018-08-20,2018-08-27,2,MG,watches_gifts,0.0
base,ridge,2018-08-20,2018-09-03,3,MG,watches_gifts,0.0
base,ridge,2018-08-20,2018-09-10,4,MG,watches_gifts,0.0
base,ridge,2018-08-20,2018-08-20,1,PR,auto,8.0
base,ridge,2018-08-20,2018-08-27,2,PR,auto,8.0
base,ridge,2018-08-20,2018-09-03,3,PR,auto,8.0
base,ridge,2018-08-20,2018-09-10,4,PR,auto,0.0
base,ridge,2018-08-20,2018-08-20,1,PR,bed_bath_table,0.0
base,ridge,2018-08-20,2018-08-27,2,PR,bed_bath_table,0.0
base,ridge,2018-08-20,2018-09-03,3,PR,bed_bath_table,0.0
base,ridge,2018-08-20,2018-09-10,4,PR,bed_bath_table,0.0
base,ridge,2018-08-20,2018-08-20,1,PR,computers_accessories,0.0
base,ridge,2018-08-20,2018-08-27,2,PR,computers_accessories,0.0
base,ridge,2018-08-20,2018-09-03,3,PR,computers_accessories,0.0
base,ridge,2018-08-20,2018-09-10,4,PR,computers_accessories,0.0
base,ridge,2018-08-20,2018-08-20,1,PR,furniture_decor,4.0
base,ridge,2018-08-20,2018-08-27,2,PR,furniture_decor,23.0
base,ridge,2018-08-20,2018-09-03,3,PR,furniture_decor,27.0
base,ridge,2018-08-20,2018-09-10,4,PR,furniture_decor,0.0
base,ridge,2018-08-20,2018-08-20,1,PR,garden_tools,0.0
base,ridge,2018-08-20,2018-08-27,2,PR,garden_tools,0.0
base,ridge,2018-08-20,2018-09-03,3,PR,garden_tools,0.0
base,ridge,2018-08-20,2018-09-10,4,PR,garden_tools,0.0
base,ridge,2018-08-20,2018-08-20,1,PR,health_beauty,21.0
base,ridge,2018-08-20,2018-08-27,2,PR,health_beauty,21.0
base,ridge,2018-08-20,2018-09-03,3,PR,health_beauty,21.0
base,ridge,2018-08-20,2018-09-10,4,PR,health_beauty,0.0
base,ridge,2018-08-20,2018-08-20,1,PR,housewares,17.0
base,ridge,2018-08-20,2018-08-27,2,PR,housewares,17.0
base,ridge,2018-08-20,2018-09-03,3,PR,housewares,17.0
base,ridge,2018-08-20,2018-09-10,4,PR,housewares,0.0
base,ridge,2018-08-20,2018-08-20,1,PR,sports_leisure,3.0
base,ridge,2018-08-20,2018-08-27,2,PR,sports_leisure,5.0
base,ridge,2018-08-20,2018-09-03,3,PR,sports_leisure,7.0
base,ridge,2018-08-20,2018-09-10,4,PR,sports_leisure,0.0
base,ridge,2018-08-20,2018-08-20,1,PR,telephony,0.0
base,ridge,2018-08-20,2018-08-27,2,PR,telephony,0.0
base,ridge,2018-08-20,2018-09-03,3,PR,telephony,0.0
base,ridge,2018-08-20,2018-09-10,4,PR,telephony,0.0
base,ridge,2018-08-20,2018-08-20,1,PR,watches_gifts,8.0
base,ridge,2018-08-20,2018-08-27,2,PR,watches_gifts,8.0
base,ridge,2018-08-20,2018-09-03,3,PR,watches_gifts,8.0
base,ridge,2018-08-20,2018-09-10,4,PR,watches_gifts,0.0
base,ridge,2018-08-20,2018-08-20,1,RJ,auto,6.0
base,ridge,2018-08-20,2018-08-27,2,RJ,auto,6.0
base,ridge,2018-08-20,2018-09-03,3,RJ,auto,6.0
base,ridge,2018-08-20,2018-09-10,4,RJ,auto,0.0
base,ridge,2018-08-20,2018-08-20,1,RJ,bed_bath_table,10.0
base,ridge,2018-08-20,2018-08-27,2,RJ,bed_bath_table,10.0
base,ridge,2018-08-20,2018-09-03,3,RJ,bed_bath_table,10.0
base,ridge,2018-08-20,2018-09-10,4,RJ,bed_bath_table,0.0
base,ridge,2018-08-20,2018-08-20,1,RJ,computers_accessories,0.0
base,ridge,2018-08-20,2018-08-27,2,RJ,computers_accessories,0.0
base,ridge,2018-08-20,2018-09-03,3,RJ,computers_accessories,0.0
base,ridge,2018-08-20,2018-09-10,4,RJ,computers_accessories,0.0
base,ridge,2018-08-20,2018-08-20,1,RJ,furniture_decor,5.0
base,ridge,2018-08-20,2018-08-27,2,RJ,furniture_decor,5.0
base,ridge,2018-08-20,2018-09-03,3,RJ,furniture_decor,5.0
base,ridge,2018-08-20,2018-09-10,4,RJ,furniture_decor,0.0
base,ridge,2018-08-20,2018-08-20,1,RJ,garden_tools,4.0
base,ridge,2018-08-20,2018-08-27,2,RJ,garden_tools,4.0
base,ridge,2018-08-20,2018-09-03,3,RJ,garden_tools,4.0
base,ridge,2018-08-20,2018-09-10,4,RJ,garden_tools,0.0
base,ridge,2018-08-20,2018-08-20,1,RJ,health_beauty,0.0
base,ridge,2018-08-20,2018-08-27,2,RJ,health_beauty,0.0
base,ridge,2018-08-20,2018-09-03,3,RJ,health_beauty,0.0
base,ridge,2018-08-20,2018-09-10,4,RJ,health_beauty,0.0
base,ridge,2018-08-20,2018-08-20,1,RJ,housewares,8.0
base,ridge,2018-08-20,2018-08-27,2,RJ,housewares,8.0
base,ridge,2018-08-20,2018-09-03,3,RJ,housewares,8.0
base,ridge,2018-08-20,2018-09-10,4,RJ,housewares,0.0
base,ridge,2018-08-20,2018-08-20,1,RJ,sports_leisure,16.0
base,ridge,2018-08-20,2018-08-27,2,RJ,sports_leisure,18.0
base,ridge,2018-08-20,2018-09-03,3,RJ,sports_leisure,18.0
base,ridge,2018-08-20,2018-09-10,4,RJ,sports_leisure,0.0
base,ridge,2018-08-20,2018-08-20,1,RJ,telephony,6.0
base,ridge,2018-08-20,2018-08-27,2,RJ,telephony,6.0
base,ridge,2018-08-20,2018-09-03,3,RJ,telephony,6.0
base,ridge,2018-08-20,2018-09-10,4,RJ,telephony,0.0
base,ridge,2018-08-20,2018-08-20,1,RJ,watches_gifts,0.0
base,ridge,2018-08-20,2018-08-27,2,RJ,watches_gifts,0.0
base,ridge,2018-08-20,2018-09-03,3,RJ,watches_gifts,0.0
base,ridge,2018-08-20,2018-09-10,4,RJ,watches_gifts,0.0
base,ridge,2018-08-20,2018-08-20,1,RS,auto,3.0
base,ridge,2018-08-20,2018-08-27,2,RS,auto,3.0
base,ridge,2018-08-20,2018-09-03,3,RS,auto,3.0
base,ridge,2018-08-20,2018-09-10,4,RS,auto,0.0
base,ridge,2018-08-20,2018-08-20,1,RS,bed_bath_table,6.0
base,ridge,2018-08-20,2018-08-27,2,RS,bed_bath_table,6.0
base,ridge,2018-08-20,2018-09-03,3,RS,bed_bath_table,6.0
base,ridge,2018-08-20,2018-09-10,4,RS,bed_bath_table,0.0
base,ridge,2018-08-20,2018-08-20,1,RS,computers_accessories,2.0
base,ridge,2018-08-20,2018-08-27,2,RS,computers_accessories,11.0
base,ridge,2018-08-20,2018-09-03,3,RS,computers_accessories,12.0
base,ridge,2018-08-20,2018-09-10,4,RS,computers_accessories,0.0
base,ridge,2018-08-20,2018-08-20,1,RS,furniture_decor,5.0
base,ridge,2018-08-20,2018-08-27,2,RS,furniture_decor,5.0
base,ridge,2018-08-20,2018-09-03,3,RS,furniture_decor,5.0
base,ridge,2018-08-20,2018-09-10,4,RS,furniture_decor,0.0
base,ridge,2018-08-20,2018-08-20,1,RS,garden_tools,0.0
base,ridge,2018-08-20,2018-08-27,2,RS,garden_tools,1.0
base,ridge,2018-08-20,2018-09-03,3,RS,garden_tools,1.0
base,ridge,2018-08-20,2018-09-10,4,RS,garden_tools,0.0
base,ridge,2018-08-20,2018-08-20,1,RS,health_beauty,8.0
base,ridge,2018-08-20,2018-08-27,2,RS,health_beauty,8.0
base,ridge,2018-08-20,2018-09-03,3,RS,health_beauty,8.0
base,ridge,2018-08-20,2018-09-10,4,RS,health_beauty,0.0
base,ridge,2018-08-20,2018-08-20,1,RS,housewares,11.0
base,ridge,2018-08-20,2018-08-27,2,RS,housewares,11.0
base,ridge,2018-08-20,2018-09-03,3,RS,housewares,11.0
base,ridge,2018-08-20,2018-09-10,4,RS,housewares,0.0
base,ridge,2018-08-20,2018-08-20,1,RS,sports_leisure,0.0
base,ridge,2018-08-20,2018-08-27,2,RS,sports_leisure,0.0
base,ridge,2018-08-20,2018-09-03,3,RS,sports_leisure,0.0
base,ridge,2018-08-20,2018-09-10,4,RS,sports_leisure,0.0
base,ridge,2018-08-20,2018-08-20,1,RS,telephony,5.0
base,ridge,2018-08-20,2018-08-27,2,RS,telephony,5.0
base,ridge,2018-08-20,2018-09-03,3,RS,telephony,5.0
base,ridge,2018-08-20,2018-09-10,4,RS,telephony,0.0
base,ridge,2018-08-20,2018-08-20,1,RS,watches_gifts,0.0
base,ridge,2018-08-20,2018-08-27,2,RS,watches_gifts,3.0
base,ridge,2018-08-20,2018-09-03,3,RS,watches_gifts,3.0
base,ridge,2018-08-20,2018-09-10,4,RS,watches_gifts,0.0
base,ridge,2018-08-20,2018-08-20,1,SC,auto,0.0
base,ridge,2018-08-20,2018-08-27,2,SC,auto,0.0
base,ridge,2018-08-20,2018-09-03,3,SC,auto,0.0
base,ridge,2018-08-20,2018-09-10,4,SC,auto,0.0
base,ridge,2018-08-20,2018-08-20,1,SC,bed_bath_table,17.0
base,ridge,2018-08-20,2018-08-27,2,SC,bed_bath_table,17.0
base,ridge,2018-08-20,2018-09-03,3,SC,bed_bath_table,18.0
base,ridge,2018-08-20,2018-09-10,4,SC,bed_bath_table,0.0
base,ridge,2018-08-20,2018-08-20,1,SC,computers_accessories,9.0
base,ridge,2018-08-20,2018-08-27,2,SC,computers_accessories,9.0
base,ridge,2018-08-20,2018-09-03,3,SC,computers_accessories,9.0
base,ridge,2018-08-20,2018-09-10,4,SC,computers_accessories,0.0
base,ridge,2018-08-20,2018-08-20,1,SC,furniture_decor,6.0
base,ridge,2018-08-20,2018-08-27,2,SC,furniture_decor,6.0
base,ridge,2018-08-20,2018-09-03,3,SC,furniture_decor,6.0
base,ridge,2018-08-20,2018-09-10,4,SC,furniture_decor,0.0
base,ridge,2018-08-20,2018-08-20,1,SC,garden_tools,8.0
base,ridge,2018-08-20,2018-08-27,2,SC,garden_tools,8.0
base,ridge,2018-08-20,2018-09-03,3,SC,garden_tools,8.0
base,ridge,2018-08-20,2018-09-10,4,SC,garden_tools,0.0
base,ridge,2018-08-20,2018-08-20,1,SC,health_beauty,2.0
base,ridge,2018-08-20,2018-08-27,2,SC,health_beauty,1.0
base,ridge,2018-08-20,2018-09-03,3,SC,health_beauty,1.0
base,ridge,2018-08-20,2018-09-10,4,SC,health_beauty,0.0
base,ridge,2018-08-20,2018-08-20,1,SC,housewares,0.0
base,ridge,2018-08-20,2018-08-27,2,SC,housewares,0.0
base,ridge,2018-08-20,2018-09-03,3,SC,housewares,0.0
base,ridge,2018-08-20,2018-09-10,4,SC,housewares,0.0
base,ridge,2018-08-20,2018-08-20,1,SC,sports_leisure,18.0
base,ridge,2018-08-20,2018-08-27,2,SC,sports_leisure,18.0
base,ridge,2018-08-20,2018-09-03,3,SC,sports_leisure,18.0
base,ridge,2018-08-20,2018-09-10,4,SC,sports_leisure,0.0
base,ridge,2018-08-20,2018-08-20,1,SC,telephony,0.0
base,ridge,2018-08-20,2018-08-27,2,SC,telephony,0.0
base,ridge,2018-08-20,2018-09-03,3,SC,telephony,0.0
base,ridge,2018-08-20,2018-09-10,4,SC,telephony,0.0
base,ridge,2018-08-20,2018-08-20,1,SC,watches_gifts,2.0
base,ridge,2018-08-20,2018-08-27,2,SC,watches_gifts,9.0
base,ridge,2018-08-20,2018-09-03,3,SC,watches_gifts,9.0
base,ridge,2018-08-20,2018-09-10,4,SC,watches_gifts,0.0
base,ridge,2018-08-20,2018-08-20,1,SP,auto,100.0
base,ridge,2018-08-20,2018-08-27,2,SP,auto,104.0
base,ridge,2018-08-20,2018-09-03,3,SP,auto,112.0
base,ridge,2018-08-20,2018-09-10,4,SP,auto,0.0
base,ridge,2018-08-20,2018-08-20,1,SP,bed_bath_table,163.0
base,ridge,2018-08-20,2018-08-27,2,SP,bed_bath_table,169.0
base,ridge,2018-08-20,2018-09-03,3,SP,bed_bath_table,173.0
base,ridge,2018-08-20,2018-09-10,4,SP,bed_bath_table,0.0
base,ridge,2018-08-20,2018-08-20,1,SP,computers_accessories,99.0
base,ridge,2018-08-20,2018-08-27,2,SP,computers_accessories,108.0
base,ridge,2018-08-20,2018-09-03,3,SP,computers_accessories,108.0
base,ridge,2018-08-20,2018-09-10,4,SP,computers_accessories,0.0
base,ridge,2018-08-20,2018-08-20,1,SP,furniture_decor,91.0
base,ridge,2018-08-20,2018-08-27,2,SP,furniture_decor,97.0
base,ridge,2018-08-20,2018-09-03,3,SP,furniture_decor,102.0
base,ridge,2018-08-20,2018-09-10,4,SP,furniture_decor,0.0
base,ridge,2018-08-20,2018-08-20,1,SP,garden_tools,19.0
base,ridge,2018-08-20,2018-08-27,2,SP,garden_tools,56.0
base,ridge,2018-08-20,2018-09-03,3,SP,garden_tools,60.0
base,ridge,2018-08-20,2018-09-10,4,SP,garden_tools,0.0
base,ridge,2018-08-20,2018-08-20,1,SP,health_beauty,198.0
base,ridge,2018-08-20,2018-08-27,2,SP,health_beauty,198.0
base,ridge,2018-08-20,2018-09-03,3,SP,health_beauty,198.0
base,ridge,2018-08-20,2018-09-10,4,SP,health_beauty,0.0
base,ridge,2018-08-20,2018-08-20,1,SP,housewares,148.0
base,ridge,2018-08-20,2018-08-27,2,SP,housewares,155.0
base,ridge,2018-08-20,2018-09-03,3,SP,housewares,159.0
base,ridge,2018-08-20,2018-09-10,4,SP,housewares,0.0
base,ridge,2018-08-20,2018-08-20,1,SP,sports_leisure,100.0
base,ridge,2018-08-20,2018-08-27,2,SP,sports_leisure,100.0
base,ridge,2018-08-20,2018-09-03,3,SP,sports_leisure,103.0
base,ridge,2018-08-20,2018-09-10,4,SP,sports_leisure,0.0
base,ridge,2018-08-20,2018-08-20,1,SP,telephony,34.0
base,ridge,2018-08-20,2018-08-27,2,SP,telephony,79.0
base,ridge,2018-08-20,2018-09-03,3,SP,telephony,89.0
base,ridge,2018-08-20,2018-09-10,4,SP,telephony,0.0
base,ridge,2018-08-20,2018-08-20,1,SP,watches_gifts,101.0
base,ridge,2018-08-20,2018-08-27,2,SP,watches_gifts,135.0
base,ridge,2018-08-20,2018-09-03,3,SP,watches_gifts,139.0
base,ridge,2018-08-20,2018-09-10,4,SP,watches_gifts,0.0
