week,category,region,demand
2017-01-02,auto,Central-West,0
2017-01-02,auto,North,0
2017-01-02,auto,Northeast,0
2017-01-02,auto,South,2
2017-01-02,auto,Southeast,0
2017-01-02,bed_bath_table,Central-West,0
2017-01-02,bed_bath_table,North,0
2017-01-02,bed_bath_table,Northeast,0
2017-01-02,bed_bath_table,South,0
2017-01-02,bed_bath_table,Southeast,1
2017-01-02,computers_accessories,Central-West,0
2017-01-02,computers_accessories,North,0
2017-01-02,computers_accessories,Northeast,0
2017-01-02,computers_accessories,South,0
2017-01-02,computers_accessories,Southeast,0
2017-01-02,furniture_decor,Central-West,0
2017-01-02,furniture_decor,North,0
2017-01-02,furniture_decor,Northeast,0
2017-01-02,furniture_decor,South,0
2017-01-02,furniture_decor,Southeast,3
2017-01-02,garden_tools,Central-West,0
2017-01-02,garden_tools,North,0
2017-01-02,garden_tools,Northeast,1
2017-01-02,garden_tools,South,1
2017-01-02,garden_tools,Southeast,0
2017-01-02,health_beauty,Central-West,0
2017-01-02,health_beauty,North,0
2017-01-02,health_beauty,Northeast,1
2017-01-02,health_beauty,South,0
2017-01-02,health_beauty,Southeast,1
2017-01-02,housewares,Central-West,0
2017-01-02,housewares,North,0
2017-01-02,housewares,Northeast,0
2017-01-02,housewares,South,0
2017-01-02,housewares,Southeast,0
2017-01-02,sports_leisure,Central-West,0
2017-01-02,sports_leisure,North,0
2017-01-02,sports_leisure,Northeast,0
2017-01-02,sports_leisure,South,0
2017-01-02,sports_leisure,Southeast,0
2017-01-02,telephony,Central-West,0
2017-01-02,telephony,North,0
2017-01-02,telephony,Northeast,0
2017-01-02,telephony,South,0
2017-01-02,telephony,Southeast,0
2017-01-02,watches_gifts,Central-West,0
2017-01-02,watches_gifts,North,0
2017-01-02,watches_gifts,Northeast,0
2017-01-02,watches_gifts,South,0
2017-01-02,watches_gifts,Southeast,1
2017-01-09,auto,Central-West,0
2017-01-09,auto,North,0
2017-01-09,auto,Northeast,0
2017-01-09,auto,South,0
2017-01-09,auto,Southeast,0
2017-01-09,bed_bath_table,Central-West,0
2017-01-09,bed_bath_table,North,0
2017-01-09,bed_bath_table,Northeast,1
2017-01-09,bed_bath_table,South,0
2017-01-09,bed_bath_table,Southeast,4
2017-01-09,computers_accessories,Central-West,2
2017-01-09,computers_accessories,North,0
2017-01-09,computers_accessories,Northeast,0
2017-01-09,computers_accessories,South,1
2017-01-09,computers_accessories,Southeast,1
2017-01-09,furniture_decor,Central-West,1
2017-01-09,furniture_decor,North,1
2017-01-09,furniture_decor,Northeast,0
2017-01-09,furniture_decor,South,6
2017-01-09,furniture_decor,Southeast,23
2017-01-09,garden_tools,Central-West,0
2017-01-09,garden_tools,North,0
2017-01-09,garden_tools,Northeast,0
2017-01-09,garden_tools,South,1
2017-01-09,garden_tools,Southeast,8
2017-01-09,health_beauty,Central-West,0
2017-01-09,health_beauty,North,0
2017-01-09,health_beauty,Northeast,1
2017-01-09,health_beauty,South,0
2017-01-09,health_beauty,Southeast,3
2017-01-09,housewares,Central-West,0
2017-01-09,housewares,North,0
2017-01-09,housewares,Northeast,0
2017-01-09,housewares,South,1
2017-01-09,housewares,Southeast,1
2017-01-09,sports_leisure,Central-West,3
2017-01-09,sports_leisure,North,1
2017-01-09,sports_leisure,Northeast,0
2017-01-09,sports_leisure,South,2
2017-01-09,sports_leisure,Southeast,2
2017-01-09,telephony,Central-West,0
2017-01-09,telephony,North,0
2017-01-09,telephony,Northeast,0
2017-01-09,telephony,South,1
2017-01-09,telephony,Southeast,4
2017-01-09,watches_gifts,Central-West,0
2017-01-09,watches_gifts,North,0
2017-01-09,watches_gifts,Northeast,1
2017-01-09,watches_gifts,South,0
2017-01-09,watches_gifts,Southeast,2
2017-01-16,auto,Central-West,0
2017-01-16,auto,North,0
2017-01-16,auto,Northeast,0
2017-01-16,auto,South,5
2017-01-16,auto,Southeast,6
2017-01-16,bed_bath_table,Central-West,0
2017-01-16,bed_bath_table,North,3
2017-01-16,bed_bath_table,Northeast,0
2017-01-16,bed_bath_table,South,1
2017-01-16,bed_bath_table,Southeast,7
2017-01-16,computers_accessories,Central-West,1
2017-01-16,computers_accessories,North,0
2017-01-16,computers_accessories,Northeast,0
2017-01-16,computers_accessories,South,0
2017-01-16,computers_accessories,Southeast,4
2017-01-16,furniture_decor,Central-West,0
2017-01-16,furniture_decor,North,1
2017-01-16,furniture_decor,Northeast,7
2017-01-16,furniture_decor,South,2
2017-01-16,furniture_decor,Southeast,60
2017-01-16,garden_tools,Central-West,0
2017-01-16,garden_tools,North,0
2017-01-16,garden_tools,Northeast,0
2017-01-16,garden_tools,South,4
2017-01-16,garden_tools,Southeast,3
2017-01-16,health_beauty,Central-West,2
2017-01-16,health_beauty,North,0
2017-01-16,health_beauty,Northeast,2
2017-01-16,health_beauty,South,2
2017-01-16,health_beauty,Southeast,12
2017-01-16,housewares,Central-West,0
2017-01-16,housewares,North,0
2017-01-16,housewares,Northeast,0
2017-01-16,housewares,South,1
2017-01-16,housewares,Southeast,3
2017-01-16,sports_leisure,Central-West,2
2017-01-16,sports_leisure,North,0
2017-01-16,sports_leisure,Northeast,2
2017-01-16,sports_leisure,South,3
2017-01-16,sports_leisure,Southeast,14
2017-01-16,telephony,Central-West,1
2017-01-16,telephony,North,0
2017-01-16,telephony,Northeast,0
2017-01-16,telephony,South,0
2017-01-16,telephony,Southeast,1
2017-01-16,watches_gifts,Central-West,0
2017-01-16,watches_gifts,North,1
2017-01-16,watches_gifts,Northeast,0
2017-01-16,watches_gifts,South,0
2017-01-16,watches_gifts,Southeast,1
2017-01-23,auto,Central-West,1
2017-01-23,auto,North,0
2017-01-23,auto,Northeast,1
2017-01-23,auto,South,4
2017-01-23,auto,Southeast,9
2017-01-23,bed_bath_table,Central-West,0
2017-01-23,bed_bath_table,North,0
2017-01-23,bed_bath_table,Northeast,1
2017-01-23,bed_bath_table,South,5
2017-01-23,bed_bath_table,Southeast,12
2017-01-23,computers_accessories,Central-West,0
2017-01-23,computers_accessories,North,0
2017-01-23,computers_accessories,Northeast,2
2017-01-23,computers_accessories,South,3
2017-01-23,computers_accessories,Southeast,12
2017-01-23,furniture_decor,Central-West,2
2017-01-23,furniture_decor,North,0
2017-01-23,furniture_decor,Northeast,4
2017-01-23,furniture_decor,South,12
2017-01-23,furniture_decor,Southeast,39
2017-01-23,garden_tools,Central-West,2
2017-01-23,garden_tools,North,1
2017-01-23,garden_tools,Northeast,3
2017-01-23,garden_tools,South,2
2017-01-23,garden_tools,Southeast,14
2017-01-23,health_beauty,Central-West,3
2017-01-23,health_beauty,North,1
2017-01-23,health_beauty,Northeast,3
2017-01-23,health_beauty,South,11
2017-01-23,health_beauty,Southeast,27
2017-01-23,housewares,Central-West,2
2017-01-23,housewares,North,0
2017-01-23,housewares,Northeast,5
2017-01-23,housewares,South,1
2017-01-23,housewares,Southeast,11
2017-01-23,sports_leisure,Central-West,4
2017-01-23,sports_leisure,North,0
2017-01-23,sports_leisure,Northeast,4
2017-01-23,sports_leisure,South,8
2017-01-23,sports_leisure,Southeast,25
2017-01-23,telephony,Central-West,1
2017-01-23,telephony,North,0
2017-01-23,telephony,Northeast,0
2017-01-23,telephony,South,2
2017-01-23,telephony,Southeast,8
2017-01-23,watches_gifts,Central-West,1
2017-01-23,watches_gifts,North,0
2017-01-23,watches_gifts,Northeast,0
2017-01-23,watches_gifts,South,0
2017-01-23,watches_gifts,Southeast,2
2017-01-30,auto,Central-West,1
2017-01-30,auto,North,0
2017-01-30,auto,Northeast,4
2017-01-30,auto,South,1
2017-01-30,auto,Southeast,10
2017-01-30,bed_bath_table,Central-West,0
2017-01-30,bed_bath_table,North,1
2017-01-30,bed_bath_table,Northeast,0
2017-01-30,bed_bath_table,South,9
2017-01-30,bed_bath_table,Southeast,24
2017-01-30,computers_accessories,Central-West,1
2017-01-30,computers_accessories,North,2
2017-01-30,computers_accessories,Northeast,0
2017-01-30,computers_accessories,South,1
2017-01-30,computers_accessories,Southeast,15
2017-01-30,furniture_decor,Central-West,0
2017-01-30,furniture_decor,North,0
2017-01-30,furniture_decor,Northeast,3
2017-01-30,furniture_decor,South,8
2017-01-30,furniture_decor,Southeast,59
2017-01-30,garden_tools,Central-West,17
2017-01-30,garden_tools,North,0
2017-01-30,garden_tools,Northeast,2
2017-01-30,garden_tools,South,2
2017-01-30,garden_tools,Southeast,8
2017-01-30,health_beauty,Central-West,0
2017-01-30,health_beauty,North,5
2017-01-30,health_beauty,Northeast,12
2017-01-30,health_beauty,South,8
2017-01-30,health_beauty,Southeast,39
2017-01-30,housewares,Central-West,0
2017-01-30,housewares,North,0
2017-01-30,housewares,Northeast,0
2017-01-30,housewares,South,1
2017-01-30,housewares,Southeast,4
2017-01-30,sports_leisure,Central-West,0
2017-01-30,sports_leisure,North,1
2017-01-30,sports_leisure,Northeast,3
2017-01-30,sports_leisure,South,13
2017-01-30,sports_leisure,Southeast,20
2017-01-30,telephony,Central-West,3
2017-01-30,telephony,North,0
2017-01-30,telephony,Northeast,6
2017-01-30,telephony,South,5
2017-01-30,telephony,Southeast,13
2017-01-30,watches_gifts,Central-West,0
2017-01-30,watches_gifts,North,0
2017-01-30,watches_gifts,Northeast,1
2017-01-30,watches_gifts,South,2
2017-01-30,watches_gifts,Southeast,9
2017-02-06,auto,Central-West,3
2017-02-06,auto,North,2
2017-02-06,auto,Northeast,1
2017-02-06,auto,South,5
2017-02-06,auto,Southeast,24
2017-02-06,bed_bath_table,Central-West,0
2017-02-06,bed_bath_table,North,2
2017-02-06,bed_bath_table,Northeast,1
2017-02-06,bed_bath_table,South,6
2017-02-06,bed_bath_table,Southeast,39
2017-02-06,computers_accessories,Central-West,1
2017-02-06,computers_accessories,North,1
2017-02-06,computers_accessories,Northeast,1
2017-02-06,computers_accessories,South,2
2017-02-06,computers_accessories,Southeast,23
2017-02-06,furniture_decor,Central-West,0
2017-02-06,furniture_decor,North,1
2017-02-06,furniture_decor,Northeast,4
2017-02-06,furniture_decor,South,11
2017-02-06,furniture_decor,Southeast,42
2017-02-06,garden_tools,Central-West,0
2017-02-06,garden_tools,North,1
2017-02-06,garden_tools,Northeast,1
2017-02-06,garden_tools,South,0
2017-02-06,garden_tools,Southeast,10
2017-02-06,health_beauty,Central-West,6
2017-02-06,health_beauty,North,2
2017-02-06,health_beauty,Northeast,2
2017-02-06,health_beauty,South,6
2017-02-06,health_beauty,Southeast,35
2017-02-06,housewares,Central-West,1
2017-02-06,housewares,North,0
2017-02-06,housewares,Northeast,1
2017-02-06,housewares,South,7
2017-02-06,housewares,Southeast,20
2017-02-06,sports_leisure,Central-West,3
2017-02-06,sports_leisure,North,0
2017-02-06,sports_leisure,Northeast,7
2017-02-06,sports_leisure,South,5
2017-02-06,sports_leisure,Southeast,45
2017-02-06,telephony,Central-West,1
2017-02-06,telephony,North,3
2017-02-06,telephony,Northeast,6
2017-02-06,telephony,South,6
2017-02-06,telephony,Southeast,18
2017-02-06,watches_gifts,Central-West,0
2017-02-06,watches_gifts,North,0
2017-02-06,watches_gifts,Northeast,0
2017-02-06,watches_gifts,South,2
2017-02-06,watches_gifts,Southeast,6
2017-02-13,auto,Central-West,0
2017-02-13,auto,North,0
2017-02-13,auto,Northeast,4
2017-02-13,auto,South,5
2017-02-13,auto,Southeast,12
2017-02-13,bed_bath_table,Central-West,3
2017-02-13,bed_bath_table,North,1
2017-02-13,bed_bath_table,Northeast,1
2017-02-13,bed_bath_table,South,10
2017-02-13,bed_bath_table,Southeast,33
2017-02-13,computers_accessories,Central-West,0
2017-02-13,computers_accessories,North,4
2017-02-13,computers_accessories,Northeast,3
2017-02-13,computers_accessories,South,2
2017-02-13,computers_accessories,Southeast,22
2017-02-13,furniture_decor,Central-West,0
2017-02-13,furniture_decor,North,3
2017-02-13,furniture_decor,Northeast,4
2017-02-13,furniture_decor,South,9
2017-02-13,furniture_decor,Southeast,49
2017-02-13,garden_tools,Central-West,0
2017-02-13,garden_tools,North,1
2017-02-13,garden_tools,Northeast,4
2017-02-13,garden_tools,South,4
2017-02-13,garden_tools,Southeast,17
2017-02-13,health_beauty,Central-West,1
2017-02-13,health_beauty,North,1
2017-02-13,health_beauty,Northeast,4
2017-02-13,health_beauty,South,7
2017-02-13,health_beauty,Southeast,14
2017-02-13,housewares,Central-West,0
2017-02-13,housewares,North,2
2017-02-13,housewares,Northeast,1
2017-02-13,housewares,South,2
2017-02-13,housewares,Southeast,14
2017-02-13,sports_leisure,Central-West,3
2017-02-13,sports_leisure,North,0
2017-02-13,sports_leisure,Northeast,1
2017-02-13,sports_leisure,South,1
2017-02-13,sports_leisure,Southeast,19
2017-02-13,telephony,Central-West,4
2017-02-13,telephony,North,1
2017-02-13,telephony,Northeast,3
2017-02-13,telephony,South,4
2017-02-13,telephony,Southeast,16
2017-02-13,watches_gifts,Central-West,0
2017-02-13,watches_gifts,North,0
2017-02-13,watches_gifts,Northeast,0
2017-02-13,watches_gifts,South,1
2017-02-13,watches_gifts,Southeast,2
2017-02-20,auto,Central-West,0
2017-02-20,auto,North,1
2017-02-20,auto,Northeast,3
2017-02-20,auto,South,4
2017-02-20,auto,Southeast,11
2017-02-20,bed_bath_table,Central-West,1
2017-02-20,bed_bath_table,North,0
2017-02-20,bed_bath_table,Northeast,4
2017-02-20,bed_bath_table,South,1
2017-02-20,bed_bath_table,Southeast,30
2017-02-20,computers_accessories,Central-West,1
2017-02-20,computers_accessories,North,2
2017-02-20,computers_accessories,Northeast,3
2017-02-20,computers_accessories,South,5
2017-02-20,computers_accessories,Southeast,18
2017-02-20,furniture_decor,Central-West,5
2017-02-20,furniture_decor,North,2
2017-02-20,furniture_decor,Northeast,7
2017-02-20,furniture_decor,South,5
2017-02-20,furniture_decor,Southeast,54
2017-02-20,garden_tools,Central-West,1
2017-02-20,garden_tools,North,0
2017-02-20,garden_tools,Northeast,1
2017-02-20,garden_tools,South,4
2017-02-20,garden_tools,Southeast,12
2017-02-20,health_beauty,Central-West,2
2017-02-20,health_beauty,North,2
2017-02-20,health_beauty,Northeast,4
2017-02-20,health_beauty,South,3
2017-02-20,health_beauty,Southeast,27
2017-02-20,housewares,Central-West,0
2017-02-20,housewares,North,0
2017-02-20,housewares,Northeast,1
2017-02-20,housewares,South,3
2017-02-20,housewares,Southeast,22
2017-02-20,sports_leisure,Central-West,3
2017-02-20,sports_leisure,North,1
2017-02-20,sports_leisure,Northeast,0
2017-02-20,sports_leisure,South,4
2017-02-20,sports_leisure,Southeast,25
2017-02-20,telephony,Central-West,2
2017-02-20,telephony,North,0
2017-02-20,telephony,Northeast,0
2017-02-20,telephony,South,8
2017-02-20,telephony,Southeast,17
2017-02-20,watches_gifts,Central-West,1
2017-02-20,watches_gifts,North,0
2017-02-20,watches_gifts,Northeast,0
2017-02-20,watches_gifts,South,0
2017-02-20,watches_gifts,Southeast,8
2017-02-27,auto,Central-West,0
2017-02-27,auto,North,1
2017-02-27,auto,Northeast,0
2017-02-27,auto,South,2
2017-02-27,auto,Southeast,8
2017-02-27,bed_bath_table,Central-West,3
2017-02-27,bed_bath_table,North,1
2017-02-27,bed_bath_table,Northeast,3
2017-02-27,bed_bath_table,South,8
2017-02-27,bed_bath_table,Southeast,40
2017-02-27,computers_accessories,Central-West,1
2017-02-27,computers_accessories,North,1
2017-02-27,computers_accessories,Northeast,3
2017-02-27,computers_accessories,South,2
2017-02-27,computers_accessories,Southeast,18
2017-02-27,furniture_decor,Central-West,6
2017-02-27,furniture_decor,North,4
2017-02-27,furniture_decor,Northeast,13
2017-02-27,furniture_decor,South,16
2017-02-27,furniture_decor,Southeast,68
2017-02-27,garden_tools,Central-West,2
2017-02-27,garden_tools,North,2
2017-02-27,garden_tools,Northeast,1
2017-02-27,garden_tools,South,3
2017-02-27,garden_tools,Southeast,11
2017-02-27,health_beauty,Central-West,1
2017-02-27,health_beauty,North,1
2017-02-27,health_beauty,Northeast,2
2017-02-27,health_beauty,South,4
2017-02-27,health_beauty,Southeast,22
2017-02-27,housewares,Central-West,3
2017-02-27,housewares,North,0
2017-02-27,housewares,Northeast,1
2017-02-27,housewares,South,3
2017-02-27,housewares,Southeast,24
2017-02-27,sports_leisure,Central-West,1
2017-02-27,sports_leisure,North,2
2017-02-27,sports_leisure,Northeast,7
2017-02-27,sports_leisure,South,9
2017-02-27,sports_leisure,Southeast,27
2017-02-27,telephony,Central-West,0
2017-02-27,telephony,North,0
2017-02-27,telephony,Northeast,1
2017-02-27,telephony,South,3
2017-02-27,telephony,Southeast,17
2017-02-27,watches_gifts,Central-West,2
2017-02-27,watches_gifts,North,2
2017-02-27,watches_gifts,Northeast,3
2017-02-27,watches_gifts,South,0
2017-02-27,watches_gifts,Southeast,11
2017-03-06,auto,Central-West,0
2017-03-06,auto,North,0
2017-03-06,auto,Northeast,4
2017-03-06,auto,South,2
2017-03-06,auto,Southeast,16
2017-03-06,bed_bath_table,Central-West,0
2017-03-06,bed_bath_table,North,2
2017-03-06,bed_bath_table,Northeast,2
2017-03-06,bed_bath_table,South,6
2017-03-06,bed_bath_table,Southeast,60
2017-03-06,computers_accessories,Central-West,3
2017-03-06,computers_accessories,North,8
2017-03-06,computers_accessories,Northeast,4
2017-03-06,computers_accessories,South,4
2017-03-06,computers_accessories,Southeast,32
2017-03-06,furniture_decor,Central-West,2
2017-03-06,furniture_decor,North,0
2017-03-06,furniture_decor,Northeast,3
2017-03-06,furniture_decor,South,9
2017-03-06,furniture_decor,Southeast,55
2017-03-06,garden_tools,Central-West,3
2017-03-06,garden_tools,North,2
2017-03-06,garden_tools,Northeast,5
2017-03-06,garden_tools,South,3
2017-03-06,garden_tools,Southeast,16
2017-03-06,health_beauty,Central-West,2
2017-03-06,health_beauty,North,0
2017-03-06,health_beauty,Northeast,5
2017-03-06,health_beauty,South,4
2017-03-06,health_beauty,Southeast,32
2017-03-06,housewares,Central-West,3
2017-03-06,housewares,North,1
2017-03-06,housewares,Northeast,12
2017-03-06,housewares,South,5
2017-03-06,housewares,Southeast,23
2017-03-06,sports_leisure,Central-West,5
2017-03-06,sports_leisure,North,0
2017-03-06,sports_leisure,Northeast,5
2017-03-06,sports_leisure,South,6
2017-03-06,sports_leisure,Southeast,20
2017-03-06,telephony,Central-West,4
2017-03-06,telephony,North,1
2017-03-06,telephony,Northeast,4
2017-03-06,telephony,South,5
2017-03-06,telephony,Southeast,18
2017-03-06,watches_gifts,Central-West,1
2017-03-06,watches_gifts,North,0
2017-03-06,watches_gifts,Northeast,2
2017-03-06,watches_gifts,South,2
2017-03-06,watches_gifts,Southeast,11
2017-03-13,auto,Central-West,1
2017-03-13,auto,North,1
2017-03-13,auto,Northeast,4
2017-03-13,auto,South,2
2017-03-13,auto,Southeast,7
2017-03-13,bed_bath_table,Central-West,5
2017-03-13,bed_bath_table,North,0
2017-03-13,bed_bath_table,Northeast,4
2017-03-13,bed_bath_table,South,6
2017-03-13,bed_bath_table,Southeast,44
2017-03-13,computers_accessories,Central-West,5
2017-03-13,computers_accessories,North,0
2017-03-13,computers_accessories,Northeast,1
2017-03-13,computers_accessories,South,5
2017-03-13,computers_accessories,Southeast,17
2017-03-13,furniture_decor,Central-West,2
2017-03-13,furniture_decor,North,2
2017-03-13,furniture_decor,Northeast,4
2017-03-13,furniture_decor,South,12
2017-03-13,furniture_decor,Southeast,54
2017-03-13,garden_tools,Central-West,2
2017-03-13,garden_tools,North,1
2017-03-13,garden_tools,Northeast,5
2017-03-13,garden_tools,South,11
2017-03-13,garden_tools,Southeast,34
2017-03-13,health_beauty,Central-West,1
2017-03-13,health_beauty,North,0
2017-03-13,health_beauty,Northeast,8
2017-03-13,health_beauty,South,5
2017-03-13,health_beauty,Southeast,38
2017-03-13,housewares,Central-West,8
2017-03-13,housewares,North,0
2017-03-13,housewares,Northeast,3
2017-03-13,housewares,South,7
2017-03-13,housewares,Southeast,32
2017-03-13,sports_leisure,Central-West,1
2017-03-13,sports_leisure,North,1
2017-03-13,sports_leisure,Northeast,7
2017-03-13,sports_leisure,South,3
2017-03-13,sports_leisure,Southeast,29
2017-03-13,telephony,Central-West,3
2017-03-13,telephony,North,0
2017-03-13,telephony,Northeast,3
2017-03-13,telephony,South,1
2017-03-13,telephony,Southeast,15
2017-03-13,watches_gifts,Central-West,1
2017-03-13,watches_gifts,North,1
2017-03-13,watches_gifts,Northeast,2
2017-03-13,watches_gifts,South,6
2017-03-13,watches_gifts,Southeast,19
2017-03-20,auto,Central-West,2
2017-03-20,auto,North,0
2017-03-20,auto,Northeast,2
2017-03-20,auto,South,1
2017-03-20,auto,Southeast,15
2017-03-20,bed_bath_table,Central-West,1
2017-03-20,bed_bath_table,North,0
2017-03-20,bed_bath_table,Northeast,3
2017-03-20,bed_bath_table,South,6
2017-03-20,bed_bath_table,Southeast,63
2017-03-20,computers_accessories,Central-West,2
2017-03-20,computers_accessories,North,0
2017-03-20,computers_accessories,Northeast,6
2017-03-20,computers_accessories,South,3
2017-03-20,computers_accessories,Southeast,28
2017-03-20,furniture_decor,Central-West,5
2017-03-20,furniture_decor,North,1
2017-03-20,furniture_decor,Northeast,1
2017-03-20,furniture_decor,South,8
2017-03-20,furniture_decor,Southeast,49
2017-03-20,garden_tools,Central-West,4
2017-03-20,garden_tools,North,0
2017-03-20,garden_tools,Northeast,2
2017-03-20,garden_tools,South,2
2017-03-20,garden_tools,Southeast,29
2017-03-20,health_beauty,Central-West,3
2017-03-20,health_beauty,North,1
2017-03-20,health_beauty,Northeast,6
2017-03-20,health_beauty,South,12
2017-03-20,health_beauty,Southeast,34
2017-03-20,housewares,Central-West,4
2017-03-20,housewares,North,0
2017-03-20,housewares,Northeast,1
2017-03-20,housewares,South,4
2017-03-20,housewares,Southeast,48
2017-03-20,sports_leisure,Central-West,4
2017-03-20,sports_leisure,North,0
2017-03-20,sports_leisure,Northeast,8
2017-03-20,sports_leisure,South,6
2017-03-20,sports_leisure,Southeast,38
2017-03-20,telephony,Central-West,3
2017-03-20,telephony,North,5
2017-03-20,telephony,Northeast,9
2017-03-20,telephony,South,13
2017-03-20,telephony,Southeast,30
2017-03-20,watches_gifts,Central-West,1
2017-03-20,watches_gifts,North,0
2017-03-20,watches_gifts,Northeast,2
2017-03-20,watches_gifts,South,0
2017-03-20,watches_gifts,Southeast,12
2017-03-27,auto,Central-West,0
2017-03-27,auto,North,2
2017-03-27,auto,Northeast,3
2017-03-27,auto,South,1
2017-03-27,auto,Southeast,21
2017-03-27,bed_bath_table,Central-West,7
2017-03-27,bed_bath_table,North,2
2017-03-27,bed_bath_table,Northeast,1
2017-03-27,bed_bath_table,South,10
2017-03-27,bed_bath_table,Southeast,55
2017-03-27,computers_accessories,Central-West,1
2017-03-27,computers_accessories,North,3
2017-03-27,computers_accessories,Northeast,2
2017-03-27,computers_accessories,South,9
2017-03-27,computers_accessories,Southeast,23
2017-03-27,furniture_decor,Central-West,1
2017-03-27,furniture_decor,North,0
2017-03-27,furniture_decor,Northeast,2
2017-03-27,furniture_decor,South,4
2017-03-27,furniture_decor,Southeast,37
2017-03-27,garden_tools,Central-West,0
2017-03-27,garden_tools,North,0
2017-03-27,garden_tools,Northeast,3
2017-03-27,garden_tools,South,3
2017-03-27,garden_tools,Southeast,15
2017-03-27,health_beauty,Central-West,3
2017-03-27,health_beauty,North,2
2017-03-27,health_beauty,Northeast,6
2017-03-27,health_beauty,South,6
2017-03-27,health_beauty,Southeast,27
2017-03-27,housewares,Central-West,0
2017-03-27,housewares,North,1
2017-03-27,housewares,Northeast,3
2017-03-27,housewares,South,5
2017-03-27,housewares,Southeast,22
2017-03-27,sports_leisure,Central-West,1
2017-03-27,sports_leisure,North,4
2017-03-27,sports_leisure,Northeast,2
2017-03-27,sports_leisure,South,6
2017-03-27,sports_leisure,Southeast,26
2017-03-27,telephony,Central-West,1
2017-03-27,telephony,North,1
2017-03-27,telephony,Northeast,7
2017-03-27,telephony,South,11
2017-03-27,telephony,Southeast,27
2017-03-27,watches_gifts,Central-West,0
2017-03-27,watches_gifts,North,1
2017-03-27,watches_gifts,Northeast,1
2017-03-27,watches_gifts,South,1
2017-03-27,watches_gifts,Southeast,14
2017-04-03,auto,Central-West,1
2017-04-03,auto,North,1
2017-04-03,auto,Northeast,2
2017-04-03,auto,South,4
2017-04-03,auto,Southeast,11
2017-04-03,bed_bath_table,Central-West,2
2017-04-03,bed_bath_table,North,2
2017-04-03,bed_bath_table,Northeast,0
2017-04-03,bed_bath_table,South,8
2017-04-03,bed_bath_table,Southeast,64
2017-04-03,computers_accessories,Central-West,1
2017-04-03,computers_accessories,North,0
2017-04-03,computers_accessories,Northeast,4
2017-04-03,computers_accessories,South,5
2017-04-03,computers_accessories,Southeast,12
2017-04-03,furniture_decor,Central-West,1
2017-04-03,furniture_decor,North,5
2017-04-03,furniture_decor,Northeast,1
2017-04-03,furniture_decor,South,9
2017-04-03,furniture_decor,Southeast,35
2017-04-03,garden_tools,Central-West,2
2017-04-03,garden_tools,North,0
2017-04-03,garden_tools,Northeast,5
2017-04-03,garden_tools,South,7
2017-04-03,garden_tools,Southeast,15
2017-04-03,health_beauty,Central-West,0
2017-04-03,health_beauty,North,1
2017-04-03,health_beauty,Northeast,7
2017-04-03,health_beauty,South,2
2017-04-03,health_beauty,Southeast,27
2017-04-03,housewares,Central-West,1
2017-04-03,housewares,North,0
2017-04-03,housewares,Northeast,2
2017-04-03,housewares,South,6
2017-04-03,housewares,Southeast,32
2017-04-03,sports_leisure,Central-West,1
2017-04-03,sports_leisure,North,3
2017-04-03,sports_leisure,Northeast,2
2017-04-03,sports_leisure,South,8
2017-04-03,sports_leisure,Southeast,39
2017-04-03,telephony,Central-West,0
2017-04-03,telephony,North,1
2017-04-03,telephony,Northeast,7
2017-04-03,telephony,South,4
2017-04-03,telephony,Southeast,24
2017-04-03,watches_gifts,Central-West,0
2017-04-03,watches_gifts,North,1
2017-04-03,watches_gifts,Northeast,6
2017-04-03,watches_gifts,South,1
2017-04-03,watches_gifts,Southeast,19
2017-04-10,auto,Central-West,1
2017-04-10,auto,North,0
2017-04-10,auto,Northeast,2
2017-04-10,auto,South,7
2017-04-10,auto,Southeast,15
2017-04-10,bed_bath_table,Central-West,2
2017-04-10,bed_bath_table,North,1
2017-04-10,bed_bath_table,Northeast,6
2017-04-10,bed_bath_table,South,5
2017-04-10,bed_bath_table,Southeast,19
2017-04-10,computers_accessories,Central-West,1
2017-04-10,computers_accessories,North,2
2017-04-10,computers_accessories,Northeast,5
2017-04-10,computers_accessories,South,3
2017-04-10,computers_accessories,Southeast,16
2017-04-10,furniture_decor,Central-West,1
2017-04-10,furniture_decor,North,0
2017-04-10,furniture_decor,Northeast,3
2017-04-10,furniture_decor,South,5
2017-04-10,furniture_decor,Southeast,22
2017-04-10,garden_tools,Central-West,3
2017-04-10,garden_tools,North,0
2017-04-10,garden_tools,Northeast,2
2017-04-10,garden_tools,South,4
2017-04-10,garden_tools,Southeast,21
2017-04-10,health_beauty,Central-West,2
2017-04-10,health_beauty,North,1
2017-04-10,health_beauty,Northeast,7
2017-04-10,health_beauty,South,4
2017-04-10,health_beauty,Southeast,22
2017-04-10,housewares,Central-West,1
2017-04-10,housewares,North,3
2017-04-10,housewares,Northeast,5
2017-04-10,housewares,South,4
2017-04-10,housewares,Southeast,12
2017-04-10,sports_leisure,Central-West,5
2017-04-10,sports_leisure,North,0
2017-04-10,sports_leisure,Northeast,8
2017-04-10,sports_leisure,South,5
2017-04-10,sports_leisure,Southeast,26
2017-04-10,telephony,Central-West,0
2017-04-10,telephony,North,1
2017-04-10,telephony,Northeast,8
2017-04-10,telephony,South,2
2017-04-10,telephony,Southeast,13
2017-04-10,watches_gifts,Central-West,0
2017-04-10,watches_gifts,North,0
2017-04-10,watches_gifts,Northeast,3
2017-04-10,watches_gifts,South,3
2017-04-10,watches_gifts,Southeast,7
2017-04-17,auto,Central-West,1
2017-04-17,auto,North,0
2017-04-17,auto,Northeast,3
2017-04-17,auto,South,2
2017-04-17,auto,Southeast,10
2017-04-17,bed_bath_table,Central-West,3
2017-04-17,bed_bath_table,North,0
2017-04-17,bed_bath_table,Northeast,10
2017-04-17,bed_bath_table,South,13
2017-04-17,bed_bath_table,Southeast,50
2017-04-17,computers_accessories,Central-West,2
2017-04-17,computers_accessories,North,0
2017-04-17,computers_accessories,Northeast,4
2017-04-17,computers_accessories,South,7
2017-04-17,computers_accessories,Southeast,24
2017-04-17,furniture_decor,Central-West,2
2017-04-17,furniture_decor,North,1
2017-04-17,furniture_decor,Northeast,7
2017-04-17,furniture_decor,South,18
2017-04-17,furniture_decor,Southeast,30
2017-04-17,garden_tools,Central-West,3
2017-04-17,garden_tools,North,0
2017-04-17,garden_tools,Northeast,2
2017-04-17,garden_tools,South,2
2017-04-17,garden_tools,Southeast,17
2017-04-17,health_beauty,Central-West,0
2017-04-17,health_beauty,North,3
2017-04-17,health_beauty,Northeast,9
2017-04-17,health_beauty,South,15
2017-04-17,health_beauty,Southeast,24
2017-04-17,housewares,Central-West,1
2017-04-17,housewares,North,0
2017-04-17,housewares,Northeast,0
2017-04-17,housewares,South,11
2017-04-17,housewares,Southeast,18
2017-04-17,sports_leisure,Central-West,5
2017-04-17,sports_leisure,North,2
2017-04-17,sports_leisure,Northeast,6
2017-04-17,sports_leisure,South,3
2017-04-17,sports_leisure,Southeast,30
2017-04-17,telephony,Central-West,2
2017-04-17,telephony,North,0
2017-04-17,telephony,Northeast,3
2017-04-17,telephony,South,8
2017-04-17,telephony,Southeast,19
2017-04-17,watches_gifts,Central-West,1
2017-04-17,watches_gifts,North,3
2017-04-17,watches_gifts,Northeast,1
2017-04-17,watches_gifts,South,0
2017-04-17,watches_gifts,Southeast,19
2017-04-24,auto,Central-West,1
2017-04-24,auto,North,0
2017-04-24,auto,Northeast,3
2017-04-24,auto,South,2
2017-04-24,auto,Southeast,15
2017-04-24,bed_bath_table,Central-West,5
2017-04-24,bed_bath_table,North,1
2017-04-24,bed_bath_table,Northeast,6
2017-04-24,bed_bath_table,South,7
2017-04-24,bed_bath_table,Southeast,39
2017-04-24,computers_accessories,Central-West,4
2017-04-24,computers_accessories,North,5
2017-04-24,computers_accessories,Northeast,7
2017-04-24,computers_accessories,South,9
2017-04-24,computers_accessories,Southeast,22
2017-04-24,furniture_decor,Central-West,1
2017-04-24,furniture_decor,North,1
2017-04-24,furniture_decor,Northeast,9
2017-04-24,furniture_decor,South,11
2017-04-24,furniture_decor,Southeast,32
2017-04-24,garden_tools,Central-West,3
2017-04-24,garden_tools,North,0
2017-04-24,garden_tools,Northeast,3
2017-04-24,garden_tools,South,10
2017-04-24,garden_tools,Southeast,16
2017-04-24,health_beauty,Central-West,3
2017-04-24,health_beauty,North,1
2017-04-24,health_beauty,Northeast,7
2017-04-24,health_beauty,South,8
2017-04-24,health_beauty,Southeast,34
2017-04-24,housewares,Central-West,6
2017-04-24,housewares,North,5
2017-04-24,housewares,Northeast,4
2017-04-24,housewares,South,9
2017-04-24,housewares,Southeast,59
2017-04-24,sports_leisure,Central-West,5
2017-04-24,sports_leisure,North,1
2017-04-24,sports_leisure,Northeast,8
2017-04-24,sports_leisure,South,11
2017-04-24,sports_leisure,Southeast,43
2017-04-24,telephony,Central-West,3
2017-04-24,telephony,North,4
2017-04-24,telephony,Northeast,8
2017-04-24,telephony,South,3
2017-04-24,telephony,Southeast,28
2017-04-24,watches_gifts,Central-West,1
2017-04-24,watches_gifts,North,1
2017-04-24,watches_gifts,Northeast,6
2017-04-24,watches_gifts,South,1
2017-04-24,watches_gifts,Southeast,17
2017-05-01,auto,Central-West,1
2017-05-01,auto,North,0
2017-05-01,auto,Northeast,6
2017-05-01,auto,South,1
2017-05-01,auto,Southeast,16
2017-05-01,bed_bath_table,Central-West,1
2017-05-01,bed_bath_table,North,2
2017-05-01,bed_bath_table,Northeast,6
2017-05-01,bed_bath_table,South,9
2017-05-01,bed_bath_table,Southeast,50
2017-05-01,computers_accessories,Central-West,5
2017-05-01,computers_accessories,North,1
2017-05-01,computers_accessories,Northeast,4
2017-05-01,computers_accessories,South,5
2017-05-01,computers_accessories,Southeast,27
2017-05-01,furniture_decor,Central-West,3
2017-05-01,furniture_decor,North,1
2017-05-01,furniture_decor,Northeast,3
2017-05-01,furniture_decor,South,12
2017-05-01,furniture_decor,Southeast,45
2017-05-01,garden_tools,Central-West,3
2017-05-01,garden_tools,North,1
2017-05-01,garden_tools,Northeast,11
2017-05-01,garden_tools,South,4
2017-05-01,garden_tools,Southeast,22
2017-05-01,health_beauty,Central-West,2
2017-05-01,health_beauty,North,3
2017-05-01,health_beauty,Northeast,11
2017-05-01,health_beauty,South,8
2017-05-01,health_beauty,Southeast,47
2017-05-01,housewares,Central-West,1
2017-05-01,housewares,North,0
2017-05-01,housewares,Northeast,3
2017-05-01,housewares,South,12
2017-05-01,housewares,Southeast,47
2017-05-01,sports_leisure,Central-West,5
2017-05-01,sports_leisure,North,0
2017-05-01,sports_leisure,Northeast,10
2017-05-01,sports_leisure,South,9
2017-05-01,sports_leisure,Southeast,54
2017-05-01,telephony,Central-West,3
2017-05-01,telephony,North,3
2017-05-01,telephony,Northeast,11
2017-05-01,telephony,South,4
2017-05-01,telephony,Southeast,31
2017-05-01,watches_gifts,Central-West,1
2017-05-01,watches_gifts,North,1
2017-05-01,watches_gifts,Northeast,1
2017-05-01,watches_gifts,South,2
2017-05-01,watches_gifts,Southeast,12
2017-05-08,auto,Central-West,3
2017-05-08,auto,North,0
2017-05-08,auto,Northeast,3
2017-05-08,auto,South,1
2017-05-08,auto,Southeast,17
2017-05-08,bed_bath_table,Central-West,4
2017-05-08,bed_bath_table,North,0
2017-05-08,bed_bath_table,Northeast,5
2017-05-08,bed_bath_table,South,14
2017-05-08,bed_bath_table,Southeast,60
2017-05-08,computers_accessories,Central-West,4
2017-05-08,computers_accessories,North,3
2017-05-08,computers_accessories,Northeast,12
2017-05-08,computers_accessories,South,22
2017-05-08,computers_accessories,Southeast,52
2017-05-08,furniture_decor,Central-West,1
2017-05-08,furniture_decor,North,3
2017-05-08,furniture_decor,Northeast,10
2017-05-08,furniture_decor,South,9
2017-05-08,furniture_decor,Southeast,35
2017-05-08,garden_tools,Central-West,2
2017-05-08,garden_tools,North,1
2017-05-08,garden_tools,Northeast,3
2017-05-08,garden_tools,South,8
2017-05-08,garden_tools,Southeast,19
2017-05-08,health_beauty,Central-West,2
2017-05-08,health_beauty,North,2
2017-05-08,health_beauty,Northeast,11
2017-05-08,health_beauty,South,7
2017-05-08,health_beauty,Southeast,43
2017-05-08,housewares,Central-West,0
2017-05-08,housewares,North,1
2017-05-08,housewares,Northeast,4
2017-05-08,housewares,South,9
2017-05-08,housewares,Southeast,32
2017-05-08,sports_leisure,Central-West,5
2017-05-08,sports_leisure,North,0
2017-05-08,sports_leisure,Northeast,11
2017-05-08,sports_leisure,South,18
2017-05-08,sports_leisure,Southeast,25
2017-05-08,telephony,Central-West,2
2017-05-08,telephony,North,2
2017-05-08,telephony,Northeast,7
2017-05-08,telephony,South,6
2017-05-08,telephony,Southeast,30
2017-05-08,watches_gifts,Central-West,3
2017-05-08,watches_gifts,North,2
2017-05-08,watches_gifts,Northeast,7
2017-05-08,watches_gifts,South,6
2017-05-08,watches_gifts,Southeast,16
2017-05-15,auto,Central-West,5
2017-05-15,auto,North,1
2017-05-15,auto,Northeast,5
2017-05-15,auto,South,2
2017-05-15,auto,Southeast,15
2017-05-15,bed_bath_table,Central-West,7
2017-05-15,bed_bath_table,North,3
2017-05-15,bed_bath_table,Northeast,2
2017-05-15,bed_bath_table,South,8
2017-05-15,bed_bath_table,Southeast,61
2017-05-15,computers_accessories,Central-West,3
2017-05-15,computers_accessories,North,1
2017-05-15,computers_accessories,Northeast,9
2017-05-15,computers_accessories,South,14
2017-05-15,computers_accessories,Southeast,60
2017-05-15,furniture_decor,Central-West,5
2017-05-15,furniture_decor,North,0
2017-05-15,furniture_decor,Northeast,3
2017-05-15,furniture_decor,South,16
2017-05-15,furniture_decor,Southeast,53
2017-05-15,garden_tools,Central-West,1
2017-05-15,garden_tools,North,0
2017-05-15,garden_tools,Northeast,0
2017-05-15,garden_tools,South,4
2017-05-15,garden_tools,Southeast,25
2017-05-15,health_beauty,Central-West,2
2017-05-15,health_beauty,North,0
2017-05-15,health_beauty,Northeast,7
2017-05-15,health_beauty,South,8
2017-05-15,health_beauty,Southeast,44
2017-05-15,housewares,Central-West,4
2017-05-15,housewares,North,0
2017-05-15,housewares,Northeast,5
2017-05-15,housewares,South,11
2017-05-15,housewares,Southeast,75
2017-05-15,sports_leisure,Central-West,1
2017-05-15,sports_leisure,North,2
2017-05-15,sports_leisure,Northeast,10
2017-05-15,sports_leisure,South,13
2017-05-15,sports_leisure,Southeast,61
2017-05-15,telephony,Central-West,1
2017-05-15,telephony,North,3
2017-05-15,telephony,Northeast,12
2017-05-15,telephony,South,6
2017-05-15,telephony,Southeast,31
2017-05-15,watches_gifts,Central-West,1
2017-05-15,watches_gifts,North,2
2017-05-15,watches_gifts,Northeast,4
2017-05-15,watches_gifts,South,10
2017-05-15,watches_gifts,Southeast,18
2017-05-22,auto,Central-West,0
2017-05-22,auto,North,1
2017-05-22,auto,Northeast,7
2017-05-22,auto,South,2
2017-05-22,auto,Southeast,22
2017-05-22,bed_bath_table,Central-West,7
2017-05-22,bed_bath_table,North,1
2017-05-22,bed_bath_table,Northeast,6
2017-05-22,bed_bath_table,South,17
2017-05-22,bed_bath_table,Southeast,70
2017-05-22,computers_accessories,Central-West,6
2017-05-22,computers_accessories,North,0
2017-05-22,computers_accessories,Northeast,4
2017-05-22,computers_accessories,South,4
2017-05-22,computers_accessories,Southeast,48
2017-05-22,furniture_decor,Central-West,1
2017-05-22,furniture_decor,North,1
2017-05-22,furniture_decor,Northeast,2
2017-05-22,furniture_decor,South,11
2017-05-22,furniture_decor,Southeast,34
2017-05-22,garden_tools,Central-West,2
2017-05-22,garden_tools,North,0
2017-05-22,garden_tools,Northeast,3
2017-05-22,garden_tools,South,7
2017-05-22,garden_tools,Southeast,15
2017-05-22,health_beauty,Central-West,3
2017-05-22,health_beauty,North,2
2017-05-22,health_beauty,Northeast,14
2017-05-22,health_beauty,South,6
2017-05-22,health_beauty,Southeast,32
2017-05-22,housewares,Central-West,4
2017-05-22,housewares,North,0
2017-05-22,housewares,Northeast,2
2017-05-22,housewares,South,13
2017-05-22,housewares,Southeast,39
2017-05-22,sports_leisure,Central-West,6
2017-05-22,sports_leisure,North,0
2017-05-22,sports_leisure,Northeast,9
2017-05-22,sports_leisure,South,7
2017-05-22,sports_leisure,Southeast,57
2017-05-22,telephony,Central-West,3
2017-05-22,telephony,North,4
2017-05-22,telephony,Northeast,9
2017-05-22,telephony,South,8
2017-05-22,telephony,Southeast,23
2017-05-22,watches_gifts,Central-West,3
2017-05-22,watches_gifts,North,1
2017-05-22,watches_gifts,Northeast,4
2017-05-22,watches_gifts,South,3
2017-05-22,watches_gifts,Southeast,23
2017-05-29,auto,Central-West,5
2017-05-29,auto,North,1
2017-05-29,auto,Northeast,2
2017-05-29,auto,South,4
2017-05-29,auto,Southeast,12
2017-05-29,bed_bath_table,Central-West,3
2017-05-29,bed_bath_table,North,0
2017-05-29,bed_bath_table,Northeast,5
2017-05-29,bed_bath_table,South,14
2017-05-29,bed_bath_table,Southeast,54
2017-05-29,computers_accessories,Central-West,1
2017-05-29,computers_accessories,North,2
2017-05-29,computers_accessories,Northeast,7
2017-05-29,computers_accessories,South,10
2017-05-29,computers_accessories,Southeast,52
2017-05-29,furniture_decor,Central-West,1
2017-05-29,furniture_decor,North,2
2017-05-29,furniture_decor,Northeast,3
2017-05-29,furniture_decor,South,13
2017-05-29,furniture_decor,Southeast,39
2017-05-29,garden_tools,Central-West,3
2017-05-29,garden_tools,North,0
2017-05-29,garden_tools,Northeast,3
2017-05-29,garden_tools,South,4
2017-05-29,garden_tools,Southeast,15
2017-05-29,health_beauty,Central-West,8
2017-05-29,health_beauty,North,1
2017-05-29,health_beauty,Northeast,11
2017-05-29,health_beauty,South,10
2017-05-29,health_beauty,Southeast,50
2017-05-29,housewares,Central-West,7
2017-05-29,housewares,North,1
2017-05-29,housewares,Northeast,3
2017-05-29,housewares,South,15
2017-05-29,housewares,Southeast,55
2017-05-29,sports_leisure,Central-West,0
2017-05-29,sports_leisure,North,1
2017-05-29,sports_leisure,Northeast,1
2017-05-29,sports_leisure,South,5
2017-05-29,sports_leisure,Southeast,40
2017-05-29,telephony,Central-West,2
2017-05-29,telephony,North,0
2017-05-29,telephony,Northeast,6
2017-05-29,telephony,South,5
2017-05-29,telephony,Southeast,32
2017-05-29,watches_gifts,Central-West,2
2017-05-29,watches_gifts,North,4
2017-05-29,watches_gifts,Northeast,2
2017-05-29,watches_gifts,South,3
2017-05-29,watches_gifts,Southeast,20
2017-06-05,auto,Central-West,1
2017-06-05,auto,North,0
2017-06-05,auto,Northeast,1
2017-06-05,auto,South,5
2017-06-05,auto,Southeast,25
2017-06-05,bed_bath_table,Central-West,14
2017-06-05,bed_bath_table,North,0
2017-06-05,bed_bath_table,Northeast,4
2017-06-05,bed_bath_table,South,21
2017-06-05,bed_bath_table,Southeast,63
2017-06-05,computers_accessories,Central-West,5
2017-06-05,computers_accessories,North,1
2017-06-05,computers_accessories,Northeast,10
2017-06-05,computers_accessories,South,21
2017-06-05,computers_accessories,Southeast,33
2017-06-05,furniture_decor,Central-West,2
2017-06-05,furniture_decor,North,3
2017-06-05,furniture_decor,Northeast,3
2017-06-05,furniture_decor,South,10
2017-06-05,furniture_decor,Southeast,45
2017-06-05,garden_tools,Central-West,3
2017-06-05,garden_tools,North,0
2017-06-05,garden_tools,Northeast,2
2017-06-05,garden_tools,South,6
2017-06-05,garden_tools,Southeast,21
2017-06-05,health_beauty,Central-West,1
2017-06-05,health_beauty,North,0
2017-06-05,health_beauty,Northeast,10
2017-06-05,health_beauty,South,9
2017-06-05,health_beauty,Southeast,35
2017-06-05,housewares,Central-West,2
2017-06-05,housewares,North,0
2017-06-05,housewares,Northeast,1
2017-06-05,housewares,South,23
2017-06-05,housewares,Southeast,41
2017-06-05,sports_leisure,Central-West,3
2017-06-05,sports_leisure,North,2
2017-06-05,sports_leisure,Northeast,3
2017-06-05,sports_leisure,South,12
2017-06-05,sports_leisure,Southeast,52
2017-06-05,telephony,Central-West,6
2017-06-05,telephony,North,4
2017-06-05,telephony,Northeast,5
2017-06-05,telephony,South,9
2017-06-05,telephony,Southeast,31
2017-06-05,watches_gifts,Central-West,1
2017-06-05,watches_gifts,North,0
2017-06-05,watches_gifts,Northeast,3
2017-06-05,watches_gifts,South,6
2017-06-05,watches_gifts,Southeast,27
2017-06-12,auto,Central-West,2
2017-06-12,auto,North,0
2017-06-12,auto,Northeast,3
2017-06-12,auto,South,5
2017-06-12,auto,Southeast,18
2017-06-12,bed_bath_table,Central-West,10
2017-06-12,bed_bath_table,North,2
2017-06-12,bed_bath_table,Northeast,3
2017-06-12,bed_bath_table,South,4
2017-06-12,bed_bath_table,Southeast,79
2017-06-12,computers_accessories,Central-West,2
2017-06-12,computers_accessories,North,2
2017-06-12,computers_accessories,Northeast,10
2017-06-12,computers_accessories,South,13
2017-06-12,computers_accessories,Southeast,49
2017-06-12,furniture_decor,Central-West,5
2017-06-12,furniture_decor,North,0
2017-06-12,furniture_decor,Northeast,2
2017-06-12,furniture_decor,South,13
2017-06-12,furniture_decor,Southeast,23
2017-06-12,garden_tools,Central-West,0
2017-06-12,garden_tools,North,0
2017-06-12,garden_tools,Northeast,4
2017-06-12,garden_tools,South,4
2017-06-12,garden_tools,Southeast,26
2017-06-12,health_beauty,Central-West,2
2017-06-12,health_beauty,North,2
2017-06-12,health_beauty,Northeast,4
2017-06-12,health_beauty,South,10
2017-06-12,health_beauty,Southeast,36
2017-06-12,housewares,Central-West,5
2017-06-12,housewares,North,0
2017-06-12,housewares,Northeast,3
2017-06-12,housewares,South,8
2017-06-12,housewares,Southeast,50
2017-06-12,sports_leisure,Central-West,8
2017-06-12,sports_leisure,North,2
2017-06-12,sports_leisure,Northeast,7
2017-06-12,sports_leisure,South,7
2017-06-12,sports_leisure,Southeast,48
2017-06-12,telephony,Central-West,4
2017-06-12,telephony,North,1
2017-06-12,telephony,Northeast,4
2017-06-12,telephony,South,8
2017-06-12,telephony,Southeast,26
2017-06-12,watches_gifts,Central-West,0
2017-06-12,watches_gifts,North,0
2017-06-12,watches_gifts,Northeast,2
2017-06-12,watches_gifts,South,2
2017-06-12,watches_gifts,Southeast,21
2017-06-19,auto,Central-West,0
2017-06-19,auto,North,0
2017-06-19,auto,Northeast,2
2017-06-19,auto,South,4
2017-06-19,auto,Southeast,18
2017-06-19,bed_bath_table,Central-West,4
2017-06-19,bed_bath_table,North,0
2017-06-19,bed_bath_table,Northeast,2
2017-06-19,bed_bath_table,South,15
2017-06-19,bed_bath_table,Southeast,55
2017-06-19,computers_accessories,Central-West,2
2017-06-19,computers_accessories,North,1
2017-06-19,computers_accessories,Northeast,1
2017-06-19,computers_accessories,South,16
2017-06-19,computers_accessories,Southeast,32
2017-06-19,furniture_decor,Central-West,3
2017-06-19,furniture_decor,North,0
2017-06-19,furniture_decor,Northeast,2
2017-06-19,furniture_decor,South,17
2017-06-19,furniture_decor,Southeast,35
2017-06-19,garden_tools,Central-West,0
2017-06-19,garden_tools,North,0
2017-06-19,garden_tools,Northeast,2
2017-06-19,garden_tools,South,1
2017-06-19,garden_tools,Southeast,14
2017-06-19,health_beauty,Central-West,3
2017-06-19,health_beauty,North,1
2017-06-19,health_beauty,Northeast,8
2017-06-19,health_beauty,South,4
2017-06-19,health_beauty,Southeast,44
2017-06-19,housewares,Central-West,5
2017-06-19,housewares,North,3
2017-06-19,housewares,Northeast,4
2017-06-19,housewares,South,8
2017-06-19,housewares,Southeast,67
2017-06-19,sports_leisure,Central-West,2
2017-06-19,sports_leisure,North,1
2017-06-19,sports_leisure,Northeast,2
2017-06-19,sports_leisure,South,1
2017-06-19,sports_leisure,Southeast,42
2017-06-19,telephony,Central-West,1
2017-06-19,telephony,North,2
2017-06-19,telephony,Northeast,2
2017-06-19,telephony,South,3
2017-06-19,telephony,Southeast,15
2017-06-19,watches_gifts,Central-West,3
2017-06-19,watches_gifts,North,0
2017-06-19,watches_gifts,Northeast,1
2017-06-19,watches_gifts,South,10
2017-06-19,watches_gifts,Southeast,19
2017-06-26,auto,Central-West,1
2017-06-26,auto,North,0
2017-06-26,auto,Northeast,5
2017-06-26,auto,South,6
2017-06-26,auto,Southeast,13
2017-06-26,bed_bath_table,Central-West,7
2017-06-26,bed_bath_table,North,0
2017-06-26,bed_bath_table,Northeast,7
2017-06-26,bed_bath_table,South,7
2017-06-26,bed_bath_table,Southeast,70
2017-06-26,computers_accessories,Central-West,3
2017-06-26,computers_accessories,North,4
2017-06-26,computers_accessories,Northeast,5
2017-06-26,computers_accessories,South,0
2017-06-26,computers_accessories,Southeast,24
2017-06-26,furniture_decor,Central-West,2
2017-06-26,furniture_decor,North,0
2017-06-26,furniture_decor,Northeast,3
2017-06-26,furniture_decor,South,11
2017-06-26,furniture_decor,Southeast,49
2017-06-26,garden_tools,Central-West,1
2017-06-26,garden_tools,North,0
2017-06-26,garden_tools,Northeast,0
2017-06-26,garden_tools,South,3
2017-06-26,garden_tools,Southeast,16
2017-06-26,health_beauty,Central-West,8
2017-06-26,health_beauty,North,2
2017-06-26,health_beauty,Northeast,4
2017-06-26,health_beauty,South,9
2017-06-26,health_beauty,Southeast,39
2017-06-26,housewares,Central-West,5
2017-06-26,housewares,North,0
2017-06-26,housewares,Northeast,4
2017-06-26,housewares,South,11
2017-06-26,housewares,Southeast,69
2017-06-26,sports_leisure,Central-West,3
2017-06-26,sports_leisure,North,6
2017-06-26,sports_leisure,Northeast,4
2017-06-26,sports_leisure,South,15
2017-06-26,sports_leisure,Southeast,44
2017-06-26,telephony,Central-West,2
2017-06-26,telephony,North,2
2017-06-26,telephony,Northeast,3
2017-06-26,telephony,South,8
2017-06-26,telephony,Southeast,10
2017-06-26,watches_gifts,Central-West,0
2017-06-26,watches_gifts,North,0
2017-06-26,watches_gifts,Northeast,6
2017-06-26,watches_gifts,South,3
2017-06-26,watches_gifts,Southeast,14
2017-07-03,auto,Central-West,2
2017-07-03,auto,North,0
2017-07-03,auto,Northeast,3
2017-07-03,auto,South,5
2017-07-03,auto,Southeast,10
2017-07-03,bed_bath_table,Central-West,7
2017-07-03,bed_bath_table,North,0
2017-07-03,bed_bath_table,Northeast,9
2017-07-03,bed_bath_table,South,20
2017-07-03,bed_bath_table,Southeast,93
2017-07-03,computers_accessories,Central-West,8
2017-07-03,computers_accessories,North,4
2017-07-03,computers_accessories,Northeast,4
2017-07-03,computers_accessories,South,11
2017-07-03,computers_accessories,Southeast,35
2017-07-03,furniture_decor,Central-West,4
2017-07-03,furniture_decor,North,0
2017-07-03,furniture_decor,Northeast,8
2017-07-03,furniture_decor,South,11
2017-07-03,furniture_decor,Southeast,54
2017-07-03,garden_tools,Central-West,2
2017-07-03,garden_tools,North,1
2017-07-03,garden_tools,Northeast,3
2017-07-03,garden_tools,South,2
2017-07-03,garden_tools,Southeast,23
2017-07-03,health_beauty,Central-West,5
2017-07-03,health_beauty,North,3
2017-07-03,health_beauty,Northeast,7
2017-07-03,health_beauty,South,5
2017-07-03,health_beauty,Southeast,42
2017-07-03,housewares,Central-West,2
2017-07-03,housewares,North,1
2017-07-03,housewares,Northeast,3
2017-07-03,housewares,South,14
2017-07-03,housewares,Southeast,35
2017-07-03,sports_leisure,Central-West,7
2017-07-03,sports_leisure,North,1
2017-07-03,sports_leisure,Northeast,6
2017-07-03,sports_leisure,South,11
2017-07-03,sports_leisure,Southeast,52
2017-07-03,telephony,Central-West,2
2017-07-03,telephony,North,2
2017-07-03,telephony,Northeast,4
2017-07-03,telephony,South,1
2017-07-03,telephony,Southeast,20
2017-07-03,watches_gifts,Central-West,3
2017-07-03,watches_gifts,North,2
2017-07-03,watches_gifts,Northeast,2
2017-07-03,watches_gifts,South,2
2017-07-03,watches_gifts,Southeast,15
2017-07-10,auto,Central-West,0
2017-07-10,auto,North,1
2017-07-10,auto,Northeast,2
2017-07-10,auto,South,8
2017-07-10,auto,Southeast,24
2017-07-10,bed_bath_table,Central-West,8
2017-07-10,bed_bath_table,North,2
2017-07-10,bed_bath_table,Northeast,16
2017-07-10,bed_bath_table,South,18
2017-07-10,bed_bath_table,Southeast,94
2017-07-10,computers_accessories,Central-West,0
2017-07-10,computers_accessories,North,3
2017-07-10,computers_accessories,Northeast,15
2017-07-10,computers_accessories,South,17
2017-07-10,computers_accessories,Southeast,41
2017-07-10,furniture_decor,Central-West,2
2017-07-10,furniture_decor,North,0
2017-07-10,furniture_decor,Northeast,7
2017-07-10,furniture_decor,South,13
2017-07-10,furniture_decor,Southeast,45
2017-07-10,garden_tools,Central-West,4
2017-07-10,garden_tools,North,0
2017-07-10,garden_tools,Northeast,1
2017-07-10,garden_tools,South,3
2017-07-10,garden_tools,Southeast,20
2017-07-10,health_beauty,Central-West,5
2017-07-10,health_beauty,North,1
2017-07-10,health_beauty,Northeast,5
2017-07-10,health_beauty,South,16
2017-07-10,health_beauty,Southeast,64
2017-07-10,housewares,Central-West,1
2017-07-10,housewares,North,0
2017-07-10,housewares,Northeast,1
2017-07-10,housewares,South,8
2017-07-10,housewares,Southeast,41
2017-07-10,sports_leisure,Central-West,4
2017-07-10,sports_leisure,North,2
2017-07-10,sports_leisure,Northeast,16
2017-07-10,sports_leisure,South,18
2017-07-10,sports_leisure,Southeast,57
2017-07-10,telephony,Central-West,0
2017-07-10,telephony,North,0
2017-07-10,telephony,Northeast,6
2017-07-10,telephony,South,5
2017-07-10,telephony,Southeast,14
2017-07-10,watches_gifts,Central-West,5
2017-07-10,watches_gifts,North,1
2017-07-10,watches_gifts,Northeast,4
2017-07-10,watches_gifts,South,3
2017-07-10,watches_gifts,Southeast,31
2017-07-17,auto,Central-West,1
2017-07-17,auto,North,0
2017-07-17,auto,Northeast,4
2017-07-17,auto,South,2
2017-07-17,auto,Southeast,20
2017-07-17,bed_bath_table,Central-West,3
2017-07-17,bed_bath_table,North,2
2017-07-17,bed_bath_table,Northeast,11
2017-07-17,bed_bath_table,South,20
2017-07-17,bed_bath_table,Southeast,121
2017-07-17,computers_accessories,Central-West,8
2017-07-17,computers_accessories,North,3
2017-07-17,computers_accessories,Northeast,6
2017-07-17,computers_accessories,South,15
2017-07-17,computers_accessories,Southeast,50
2017-07-17,furniture_decor,Central-West,5
2017-07-17,furniture_decor,North,0
2017-07-17,furniture_decor,Northeast,4
2017-07-17,furniture_decor,South,10
2017-07-17,furniture_decor,Southeast,39
2017-07-17,garden_tools,Central-West,10
2017-07-17,garden_tools,North,1
2017-07-17,garden_tools,Northeast,6
2017-07-17,garden_tools,South,11
2017-07-17,garden_tools,Southeast,61
2017-07-17,health_beauty,Central-West,5
2017-07-17,health_beauty,North,1
2017-07-17,health_beauty,Northeast,15
2017-07-17,health_beauty,South,8
2017-07-17,health_beauty,Southeast,42
2017-07-17,housewares,Central-West,2
2017-07-17,housewares,North,0
2017-07-17,housewares,Northeast,3
2017-07-17,housewares,South,7
2017-07-17,housewares,Southeast,45
2017-07-17,sports_leisure,Central-West,3
2017-07-17,sports_leisure,North,0
2017-07-17,sports_leisure,Northeast,10
2017-07-17,sports_leisure,South,21
2017-07-17,sports_leisure,Southeast,41
2017-07-17,telephony,Central-West,5
2017-07-17,telephony,North,3
2017-07-17,telephony,Northeast,2
2017-07-17,telephony,South,2
2017-07-17,telephony,Southeast,23
2017-07-17,watches_gifts,Central-West,2
2017-07-17,watches_gifts,North,0
2017-07-17,watches_gifts,Northeast,3
2017-07-17,watches_gifts,South,4
2017-07-17,watches_gifts,Southeast,35
2017-07-24,auto,Central-West,0
2017-07-24,auto,North,1
2017-07-24,auto,Northeast,4
2017-07-24,auto,South,4
2017-07-24,auto,Southeast,20
2017-07-24,bed_bath_table,Central-West,12
2017-07-24,bed_bath_table,North,0
2017-07-24,bed_bath_table,Northeast,12
2017-07-24,bed_bath_table,South,18
2017-07-24,bed_bath_table,Southeast,76
2017-07-24,computers_accessories,Central-West,2
2017-07-24,computers_accessories,North,0
2017-07-24,computers_accessories,Northeast,8
2017-07-24,computers_accessories,South,13
2017-07-24,computers_accessories,Southeast,58
2017-07-24,furniture_decor,Central-West,3
2017-07-24,furniture_decor,North,0
2017-07-24,furniture_decor,Northeast,5
2017-07-24,furniture_decor,South,15
2017-07-24,furniture_decor,Southeast,61
2017-07-24,garden_tools,Central-West,0
2017-07-24,garden_tools,North,1
2017-07-24,garden_tools,Northeast,4
2017-07-24,garden_tools,South,4
2017-07-24,garden_tools,Southeast,21
2017-07-24,health_beauty,Central-West,8
2017-07-24,health_beauty,North,1
2017-07-24,health_beauty,Northeast,9
2017-07-24,health_beauty,South,8
2017-07-24,health_beauty,Southeast,42
2017-07-24,housewares,Central-West,5
2017-07-24,housewares,North,0
2017-07-24,housewares,Northeast,3
2017-07-24,housewares,South,18
2017-07-24,housewares,Southeast,54
2017-07-24,sports_leisure,Central-West,5
2017-07-24,sports_leisure,North,1
2017-07-24,sports_leisure,Northeast,9
2017-07-24,sports_leisure,South,20
2017-07-24,sports_leisure,Southeast,68
2017-07-24,telephony,Central-West,5
2017-07-24,telephony,North,1
2017-07-24,telephony,Northeast,2
2017-07-24,telephony,South,11
2017-07-24,telephony,Southeast,23
2017-07-24,watches_gifts,Central-West,2
2017-07-24,watches_gifts,North,1
2017-07-24,watches_gifts,Northeast,8
2017-07-24,watches_gifts,South,7
2017-07-24,watches_gifts,Southeast,23
2017-07-31,auto,Central-West,6
2017-07-31,auto,North,1
2017-07-31,auto,Northeast,4
2017-07-31,auto,South,7
2017-07-31,auto,Southeast,25
2017-07-31,bed_bath_table,Central-West,5
2017-07-31,bed_bath_table,North,0
2017-07-31,bed_bath_table,Northeast,9
2017-07-31,bed_bath_table,South,15
2017-07-31,bed_bath_table,Southeast,65
2017-07-31,computers_accessories,Central-West,1
2017-07-31,computers_accessories,North,2
2017-07-31,computers_accessories,Northeast,6
2017-07-31,computers_accessories,South,10
2017-07-31,computers_accessories,Southeast,67
2017-07-31,furniture_decor,Central-West,2
2017-07-31,furniture_decor,North,0
2017-07-31,furniture_decor,Northeast,17
2017-07-31,furniture_decor,South,18
2017-07-31,furniture_decor,Southeast,69
2017-07-31,garden_tools,Central-West,3
2017-07-31,garden_tools,North,0
2017-07-31,garden_tools,Northeast,3
2017-07-31,garden_tools,South,7
2017-07-31,garden_tools,Southeast,32
2017-07-31,health_beauty,Central-West,3
2017-07-31,health_beauty,North,4
2017-07-31,health_beauty,Northeast,11
2017-07-31,health_beauty,South,11
2017-07-31,health_beauty,Southeast,51
2017-07-31,housewares,Central-West,9
2017-07-31,housewares,North,5
2017-07-31,housewares,Northeast,3
2017-07-31,housewares,South,12
2017-07-31,housewares,Southeast,50
2017-07-31,sports_leisure,Central-West,5
2017-07-31,sports_leisure,North,1
2017-07-31,sports_leisure,Northeast,15
2017-07-31,sports_leisure,South,15
2017-07-31,sports_leisure,Southeast,54
2017-07-31,telephony,Central-West,2
2017-07-31,telephony,North,2
2017-07-31,telephony,Northeast,5
2017-07-31,telephony,South,7
2017-07-31,telephony,Southeast,23
2017-07-31,watches_gifts,Central-West,2
2017-07-31,watches_gifts,North,0
2017-07-31,watches_gifts,Northeast,7
2017-07-31,watches_gifts,South,10
2017-07-31,watches_gifts,Southeast,35
2017-08-07,auto,Central-West,1
2017-08-07,auto,North,1
2017-08-07,auto,Northeast,2
2017-08-07,auto,South,9
2017-08-07,auto,Southeast,12
2017-08-07,bed_bath_table,Central-West,9
2017-08-07,bed_bath_table,North,1
2017-08-07,bed_bath_table,Northeast,15
2017-08-07,bed_bath_table,South,18
2017-08-07,bed_bath_table,Southeast,92
2017-08-07,computers_accessories,Central-West,1
2017-08-07,computers_accessories,North,1
2017-08-07,computers_accessories,Northeast,10
2017-08-07,computers_accessories,South,18
2017-08-07,computers_accessories,Southeast,45
2017-08-07,furniture_decor,Central-West,2
2017-08-07,furniture_decor,North,0
2017-08-07,furniture_decor,Northeast,3
2017-08-07,furniture_decor,South,11
2017-08-07,furniture_decor,Southeast,62
2017-08-07,garden_tools,Central-West,3
2017-08-07,garden_tools,North,0
2017-08-07,garden_tools,Northeast,3
2017-08-07,garden_tools,South,5
2017-08-07,garden_tools,Southeast,39
2017-08-07,health_beauty,Central-West,2
2017-08-07,health_beauty,North,5
2017-08-07,health_beauty,Northeast,6
2017-08-07,health_beauty,South,13
2017-08-07,health_beauty,Southeast,42
2017-08-07,housewares,Central-West,3
2017-08-07,housewares,North,0
2017-08-07,housewares,Northeast,1
2017-08-07,housewares,South,14
2017-08-07,housewares,Southeast,44
2017-08-07,sports_leisure,Central-West,7
2017-08-07,sports_leisure,North,1
2017-08-07,sports_leisure,Northeast,8
2017-08-07,sports_leisure,South,15
2017-08-07,sports_leisure,Southeast,69
2017-08-07,telephony,Central-West,2
2017-08-07,telephony,North,0
2017-08-07,telephony,Northeast,7
2017-08-07,telephony,South,5
2017-08-07,telephony,Southeast,13
2017-08-07,watches_gifts,Central-West,3
2017-08-07,watches_gifts,North,1
2017-08-07,watches_gifts,Northeast,5
2017-08-07,watches_gifts,South,8
2017-08-07,watches_gifts,Southeast,21
2017-08-14,auto,Central-West,2
2017-08-14,auto,North,0
2017-08-14,auto,Northeast,4
2017-08-14,auto,South,3
2017-08-14,auto,Southeast,30
2017-08-14,bed_bath_table,Central-West,9
2017-08-14,bed_bath_table,North,1
2017-08-14,bed_bath_table,Northeast,14
2017-08-14,bed_bath_table,South,14
2017-08-14,bed_bath_table,Southeast,105
2017-08-14,computers_accessories,Central-West,4
2017-08-14,computers_accessories,North,1
2017-08-14,computers_accessories,Northeast,11
2017-08-14,computers_accessories,South,7
2017-08-14,computers_accessories,Southeast,66
2017-08-14,furniture_decor,Central-West,14
2017-08-14,furniture_decor,North,1
2017-08-14,furniture_decor,Northeast,6
2017-08-14,furniture_decor,South,16
2017-08-14,furniture_decor,Southeast,63
2017-08-14,garden_tools,Central-West,1
2017-08-14,garden_tools,North,1
2017-08-14,garden_tools,Northeast,8
2017-08-14,garden_tools,South,12
2017-08-14,garden_tools,Southeast,51
2017-08-14,health_beauty,Central-West,8
2017-08-14,health_beauty,North,3
2017-08-14,health_beauty,Northeast,15
2017-08-14,health_beauty,South,11
2017-08-14,health_beauty,Southeast,48
2017-08-14,housewares,Central-West,3
2017-08-14,housewares,North,1
2017-08-14,housewares,Northeast,0
2017-08-14,housewares,South,12
2017-08-14,housewares,Southeast,49
2017-08-14,sports_leisure,Central-West,6
2017-08-14,sports_leisure,North,0
2017-08-14,sports_leisure,Northeast,13
2017-08-14,sports_leisure,South,25
2017-08-14,sports_leisure,Southeast,60
2017-08-14,telephony,Central-West,0
2017-08-14,telephony,North,1
2017-08-14,telephony,Northeast,3
2017-08-14,telephony,South,7
2017-08-14,telephony,Southeast,20
2017-08-14,watches_gifts,Central-West,4
2017-08-14,watches_gifts,North,2
2017-08-14,watches_gifts,Northeast,5
2017-08-14,watches_gifts,South,5
2017-08-14,watches_gifts,Southeast,27
2017-08-21,auto,Central-West,22
2017-08-21,auto,North,0
2017-08-21,auto,Northeast,3
2017-08-21,auto,South,3
2017-08-21,auto,Southeast,16
2017-08-21,bed_bath_table,Central-West,6
2017-08-21,bed_bath_table,North,2
2017-08-21,bed_bath_table,Northeast,4
2017-08-21,bed_bath_table,South,21
2017-08-21,bed_bath_table,Southeast,66
2017-08-21,computers_accessories,Central-West,4
2017-08-21,computers_accessories,North,2
2017-08-21,computers_accessories,Northeast,1
2017-08-21,computers_accessories,South,11
2017-08-21,computers_accessories,Southeast,57
2017-08-21,furniture_decor,Central-West,1
2017-08-21,furniture_decor,North,0
2017-08-21,furniture_decor,Northeast,5
2017-08-21,furniture_decor,South,11
2017-08-21,furniture_decor,Southeast,88
2017-08-21,garden_tools,Central-West,2
2017-08-21,garden_tools,North,0
2017-08-21,garden_tools,Northeast,5
2017-08-21,garden_tools,South,10
2017-08-21,garden_tools,Southeast,18
2017-08-21,health_beauty,Central-West,9
2017-08-21,health_beauty,North,1
2017-08-21,health_beauty,Northeast,10
2017-08-21,health_beauty,South,9
2017-08-21,health_beauty,Southeast,49
2017-08-21,housewares,Central-West,1
2017-08-21,housewares,North,0
2017-08-21,housewares,Northeast,3
2017-08-21,housewares,South,6
2017-08-21,housewares,Southeast,41
2017-08-21,sports_leisure,Central-West,2
2017-08-21,sports_leisure,North,3
2017-08-21,sports_leisure,Northeast,11
2017-08-21,sports_leisure,South,19
2017-08-21,sports_leisure,Southeast,59
2017-08-21,telephony,Central-West,2
2017-08-21,telephony,North,4
2017-08-21,telephony,Northeast,6
2017-08-21,telephony,South,7
2017-08-21,telephony,Southeast,10
2017-08-21,watches_gifts,Central-West,6
2017-08-21,watches_gifts,North,2
2017-08-21,watches_gifts,Northeast,7
2017-08-21,watches_gifts,South,11
2017-08-21,watches_gifts,Southeast,23
2017-08-28,auto,Central-West,1
2017-08-28,auto,North,0
2017-08-28,auto,Northeast,3
2017-08-28,auto,South,5
2017-08-28,auto,Southeast,14
2017-08-28,bed_bath_table,Central-West,4
2017-08-28,bed_bath_table,North,4
2017-08-28,bed_bath_table,Northeast,4
2017-08-28,bed_bath_table,South,13
2017-08-28,bed_bath_table,Southeast,65
2017-08-28,computers_accessories,Central-West,4
2017-08-28,computers_accessories,North,1
2017-08-28,computers_accessories,Northeast,13
2017-08-28,computers_accessories,South,11
2017-08-28,computers_accessories,Southeast,30
2017-08-28,furniture_decor,Central-West,5
2017-08-28,furniture_decor,North,4
2017-08-28,furniture_decor,Northeast,9
2017-08-28,furniture_decor,South,14
2017-08-28,furniture_decor,Southeast,66
2017-08-28,garden_tools,Central-West,3
2017-08-28,garden_tools,North,0
2017-08-28,garden_tools,Northeast,11
2017-08-28,garden_tools,South,8
2017-08-28,garden_tools,Southeast,44
2017-08-28,health_beauty,Central-West,4
2017-08-28,health_beauty,North,0
2017-08-28,health_beauty,Northeast,9
2017-08-28,health_beauty,South,7
2017-08-28,health_beauty,Southeast,70
2017-08-28,housewares,Central-West,5
2017-08-28,housewares,North,1
2017-08-28,housewares,Northeast,4
2017-08-28,housewares,South,14
2017-08-28,housewares,Southeast,54
2017-08-28,sports_leisure,Central-West,5
2017-08-28,sports_leisure,North,2
2017-08-28,sports_leisure,Northeast,11
2017-08-28,sports_leisure,South,16
2017-08-28,sports_leisure,Southeast,56
2017-08-28,telephony,Central-West,2
2017-08-28,telephony,North,1
2017-08-28,telephony,Northeast,8
2017-08-28,telephony,South,6
2017-08-28,telephony,Southeast,20
2017-08-28,watches_gifts,Central-West,3
2017-08-28,watches_gifts,North,1
2017-08-28,watches_gifts,Northeast,9
2017-08-28,watches_gifts,South,8
2017-08-28,watches_gifts,Southeast,45
2017-09-04,auto,Central-West,1
2017-09-04,auto,North,2
2017-09-04,auto,Northeast,3
2017-09-04,auto,South,5
2017-09-04,auto,Southeast,8
2017-09-04,bed_bath_table,Central-West,4
2017-09-04,bed_bath_table,North,0
2017-09-04,bed_bath_table,Northeast,7
2017-09-04,bed_bath_table,South,14
2017-09-04,bed_bath_table,Southeast,70
2017-09-04,computers_accessories,Central-West,4
2017-09-04,computers_accessories,North,3
2017-09-04,computers_accessories,Northeast,3
2017-09-04,computers_accessories,South,11
2017-09-04,computers_accessories,Southeast,35
2017-09-04,furniture_decor,Central-West,9
2017-09-04,furniture_decor,North,0
2017-09-04,furniture_decor,Northeast,15
2017-09-04,furniture_decor,South,17
2017-09-04,furniture_decor,Southeast,46
2017-09-04,garden_tools,Central-West,3
2017-09-04,garden_tools,North,1
2017-09-04,garden_tools,Northeast,4
2017-09-04,garden_tools,South,3
2017-09-04,garden_tools,Southeast,38
2017-09-04,health_beauty,Central-West,6
2017-09-04,health_beauty,North,0
2017-09-04,health_beauty,Northeast,11
2017-09-04,health_beauty,South,16
2017-09-04,health_beauty,Southeast,52
2017-09-04,housewares,Central-West,1
2017-09-04,housewares,North,0
2017-09-04,housewares,Northeast,5
2017-09-04,housewares,South,6
2017-09-04,housewares,Southeast,35
2017-09-04,sports_leisure,Central-West,8
2017-09-04,sports_leisure,North,4
2017-09-04,sports_leisure,Northeast,8
2017-09-04,sports_leisure,South,10
2017-09-04,sports_leisure,Southeast,58
2017-09-04,telephony,Central-West,4
2017-09-04,telephony,North,0
2017-09-04,telephony,Northeast,13
2017-09-04,telephony,South,4
2017-09-04,telephony,Southeast,33
2017-09-04,watches_gifts,Central-West,4
2017-09-04,watches_gifts,North,2
2017-09-04,watches_gifts,Northeast,10
2017-09-04,watches_gifts,South,6
2017-09-04,watches_gifts,Southeast,32
2017-09-11,auto,Central-West,2
2017-09-11,auto,North,1
2017-09-11,auto,Northeast,3
2017-09-11,auto,South,1
2017-09-11,auto,Southeast,15
2017-09-11,bed_bath_table,Central-West,12
2017-09-11,bed_bath_table,North,2
2017-09-11,bed_bath_table,Northeast,14
2017-09-11,bed_bath_table,South,21
2017-09-11,bed_bath_table,Southeast,117
2017-09-11,computers_accessories,Central-West,7
2017-09-11,computers_accessories,North,2
2017-09-11,computers_accessories,Northeast,3
2017-09-11,computers_accessories,South,11
2017-09-11,computers_accessories,Southeast,49
2017-09-11,furniture_decor,Central-West,4
2017-09-11,furniture_decor,North,0
2017-09-11,furniture_decor,Northeast,8
2017-09-11,furniture_decor,South,17
2017-09-11,furniture_decor,Southeast,48
2017-09-11,garden_tools,Central-West,0
2017-09-11,garden_tools,North,4
2017-09-11,garden_tools,Northeast,6
2017-09-11,garden_tools,South,11
2017-09-11,garden_tools,Southeast,40
2017-09-11,health_beauty,Central-West,11
2017-09-11,health_beauty,North,1
2017-09-11,health_beauty,Northeast,21
2017-09-11,health_beauty,South,17
2017-09-11,health_beauty,Southeast,56
2017-09-11,housewares,Central-West,5
2017-09-11,housewares,North,0
2017-09-11,housewares,Northeast,5
2017-09-11,housewares,South,9
2017-09-11,housewares,Southeast,61
2017-09-11,sports_leisure,Central-West,11
2017-09-11,sports_leisure,North,3
2017-09-11,sports_leisure,Northeast,16
2017-09-11,sports_leisure,South,22
2017-09-11,sports_leisure,Southeast,73
2017-09-11,telephony,Central-West,5
2017-09-11,telephony,North,1
2017-09-11,telephony,Northeast,13
2017-09-11,telephony,South,8
2017-09-11,telephony,Southeast,20
2017-09-11,watches_gifts,Central-West,1
2017-09-11,watches_gifts,North,1
2017-09-11,watches_gifts,Northeast,11
2017-09-11,watches_gifts,South,7
2017-09-11,watches_gifts,Southeast,45
2017-09-18,auto,Central-West,3
2017-09-18,auto,North,1
2017-09-18,auto,Northeast,2
2017-09-18,auto,South,2
2017-09-18,auto,Southeast,20
2017-09-18,bed_bath_table,Central-West,7
2017-09-18,bed_bath_table,North,1
2017-09-18,bed_bath_table,Northeast,8
2017-09-18,bed_bath_table,South,22
2017-09-18,bed_bath_table,Southeast,117
2017-09-18,computers_accessories,Central-West,0
2017-09-18,computers_accessories,North,0
2017-09-18,computers_accessories,Northeast,9
2017-09-18,computers_accessories,South,10
2017-09-18,computers_accessories,Southeast,34
2017-09-18,furniture_decor,Central-West,10
2017-09-18,furniture_decor,North,1
2017-09-18,furniture_decor,Northeast,9
2017-09-18,furniture_decor,South,12
2017-09-18,furniture_decor,Southeast,58
2017-09-18,garden_tools,Central-West,2
2017-09-18,garden_tools,North,1
2017-09-18,garden_tools,Northeast,5
2017-09-18,garden_tools,South,11
2017-09-18,garden_tools,Southeast,26
2017-09-18,health_beauty,Central-West,3
2017-09-18,health_beauty,North,1
2017-09-18,health_beauty,Northeast,10
2017-09-18,health_beauty,South,17
2017-09-18,health_beauty,Southeast,53
2017-09-18,housewares,Central-West,1
2017-09-18,housewares,North,1
2017-09-18,housewares,Northeast,2
2017-09-18,housewares,South,11
2017-09-18,housewares,Southeast,36
2017-09-18,sports_leisure,Central-West,9
2017-09-18,sports_leisure,North,6
2017-09-18,sports_leisure,Northeast,12
2017-09-18,sports_leisure,South,21
2017-09-18,sports_leisure,Southeast,74
2017-09-18,telephony,Central-West,0
2017-09-18,telephony,North,2
2017-09-18,telephony,Northeast,0
2017-09-18,telephony,South,6
2017-09-18,telephony,Southeast,17
2017-09-18,watches_gifts,Central-West,2
2017-09-18,watches_gifts,North,4
2017-09-18,watches_gifts,Northeast,9
2017-09-18,watches_gifts,South,9
2017-09-18,watches_gifts,Southeast,44
2017-09-25,auto,Central-West,1
2017-09-25,auto,North,1
2017-09-25,auto,Northeast,7
2017-09-25,auto,South,4
2017-09-25,auto,Southeast,24
2017-09-25,bed_bath_table,Central-West,7
2017-09-25,bed_bath_table,North,3
2017-09-25,bed_bath_table,Northeast,9
2017-09-25,bed_bath_table,South,11
2017-09-25,bed_bath_table,Southeast,69
2017-09-25,computers_accessories,Central-West,2
2017-09-25,computers_accessories,North,1
2017-09-25,computers_accessories,Northeast,11
2017-09-25,computers_accessories,South,13
2017-09-25,computers_accessories,Southeast,33
2017-09-25,furniture_decor,Central-West,2
2017-09-25,furniture_decor,North,2
2017-09-25,furniture_decor,Northeast,3
2017-09-25,furniture_decor,South,14
2017-09-25,furniture_decor,Southeast,42
2017-09-25,garden_tools,Central-West,3
2017-09-25,garden_tools,North,0
2017-09-25,garden_tools,Northeast,4
2017-09-25,garden_tools,South,17
2017-09-25,garden_tools,Southeast,35
2017-09-25,health_beauty,Central-West,5
2017-09-25,health_beauty,North,5
2017-09-25,health_beauty,Northeast,15
2017-09-25,health_beauty,South,9
2017-09-25,health_beauty,Southeast,46
2017-09-25,housewares,Central-West,6
2017-09-25,housewares,North,0
2017-09-25,housewares,Northeast,2
2017-09-25,housewares,South,3
2017-09-25,housewares,Southeast,41
2017-09-25,sports_leisure,Central-West,5
2017-09-25,sports_leisure,North,2
2017-09-25,sports_leisure,Northeast,7
2017-09-25,sports_leisure,South,17
2017-09-25,sports_leisure,Southeast,70
2017-09-25,telephony,Central-West,1
2017-09-25,telephony,North,0
2017-09-25,telephony,Northeast,8
2017-09-25,telephony,South,7
2017-09-25,telephony,Southeast,20
2017-09-25,watches_gifts,Central-West,6
2017-09-25,watches_gifts,North,1
2017-09-25,watches_gifts,Northeast,3
2017-09-25,watches_gifts,South,6
2017-09-25,watches_gifts,Southeast,40
2017-10-02,auto,Central-West,3
2017-10-02,auto,North,1
2017-10-02,auto,Northeast,5
2017-10-02,auto,South,3
2017-10-02,auto,Southeast,21
2017-10-02,bed_bath_table,Central-West,6
2017-10-02,bed_bath_table,North,1
2017-10-02,bed_bath_table,Northeast,5
2017-10-02,bed_bath_table,South,10
2017-10-02,bed_bath_table,Southeast,75
2017-10-02,computers_accessories,Central-West,3
2017-10-02,computers_accessories,North,4
2017-10-02,computers_accessories,Northeast,4
2017-10-02,computers_accessories,South,8
2017-10-02,computers_accessories,Southeast,46
2017-10-02,furniture_decor,Central-West,1
2017-10-02,furniture_decor,North,0
2017-10-02,furniture_decor,Northeast,5
2017-10-02,furniture_decor,South,9
2017-10-02,furniture_decor,Southeast,53
2017-10-02,garden_tools,Central-West,3
2017-10-02,garden_tools,North,5
2017-10-02,garden_tools,Northeast,6
2017-10-02,garden_tools,South,19
2017-10-02,garden_tools,Southeast,47
2017-10-02,health_beauty,Central-West,7
2017-10-02,health_beauty,North,1
2017-10-02,health_beauty,Northeast,9
2017-10-02,health_beauty,South,10
2017-10-02,health_beauty,Southeast,48
2017-10-02,housewares,Central-West,2
2017-10-02,housewares,North,0
2017-10-02,housewares,Northeast,2
2017-10-02,housewares,South,10
2017-10-02,housewares,Southeast,34
2017-10-02,sports_leisure,Central-West,11
2017-10-02,sports_leisure,North,2
2017-10-02,sports_leisure,Northeast,15
2017-10-02,sports_leisure,South,16
2017-10-02,sports_leisure,Southeast,73
2017-10-02,telephony,Central-West,1
2017-10-02,telephony,North,0
2017-10-02,telephony,Northeast,9
2017-10-02,telephony,South,7
2017-10-02,telephony,Southeast,31
2017-10-02,watches_gifts,Central-West,6
2017-10-02,watches_gifts,North,1
2017-10-02,watches_gifts,Northeast,6
2017-10-02,watches_gifts,South,6
2017-10-02,watches_gifts,Southeast,36
2017-10-09,auto,Central-West,3
2017-10-09,auto,North,4
2017-10-09,auto,Northeast,3
2017-10-09,auto,South,6
2017-10-09,auto,Southeast,25
2017-10-09,bed_bath_table,Central-West,9
2017-10-09,bed_bath_table,North,0
2017-10-09,bed_bath_table,Northeast,5
2017-10-09,bed_bath_table,South,15
2017-10-09,bed_bath_table,Southeast,92
2017-10-09,computers_accessories,Central-West,3
2017-10-09,computers_accessories,North,1
2017-10-09,computers_accessories,Northeast,3
2017-10-09,computers_accessories,South,20
2017-10-09,computers_accessories,Southeast,47
2017-10-09,furniture_decor,Central-West,2
2017-10-09,furniture_decor,North,1
2017-10-09,furniture_decor,Northeast,5
2017-10-09,furniture_decor,South,20
2017-10-09,furniture_decor,Southeast,49
2017-10-09,garden_tools,Central-West,3
2017-10-09,garden_tools,North,1
2017-10-09,garden_tools,Northeast,3
2017-10-09,garden_tools,South,9
2017-10-09,garden_tools,Southeast,30
2017-10-09,health_beauty,Central-West,5
2017-10-09,health_beauty,North,1
2017-10-09,health_beauty,Northeast,16
2017-10-09,health_beauty,South,9
2017-10-09,health_beauty,Southeast,38
2017-10-09,housewares,Central-West,0
2017-10-09,housewares,North,1
2017-10-09,housewares,Northeast,1
2017-10-09,housewares,South,8
2017-10-09,housewares,Southeast,53
2017-10-09,sports_leisure,Central-West,4
2017-10-09,sports_leisure,North,0
2017-10-09,sports_leisure,Northeast,12
2017-10-09,sports_leisure,South,10
2017-10-09,sports_leisure,Southeast,79
2017-10-09,telephony,Central-West,4
2017-10-09,telephony,North,2
2017-10-09,telephony,Northeast,15
2017-10-09,telephony,South,9
2017-10-09,telephony,Southeast,31
2017-10-09,watches_gifts,Central-West,5
2017-10-09,watches_gifts,North,0
2017-10-09,watches_gifts,Northeast,8
2017-10-09,watches_gifts,South,10
2017-10-09,watches_gifts,Southeast,43
2017-10-16,auto,Central-West,2
2017-10-16,auto,North,1
2017-10-16,auto,Northeast,7
2017-10-16,auto,South,4
2017-10-16,auto,Southeast,24
2017-10-16,bed_bath_table,Central-West,10
2017-10-16,bed_bath_table,North,0
2017-10-16,bed_bath_table,Northeast,7
2017-10-16,bed_bath_table,South,15
2017-10-16,bed_bath_table,Southeast,110
2017-10-16,computers_accessories,Central-West,1
2017-10-16,computers_accessories,North,3
2017-10-16,computers_accessories,Northeast,0
2017-10-16,computers_accessories,South,14
2017-10-16,computers_accessories,Southeast,55
2017-10-16,furniture_decor,Central-West,4
2017-10-16,furniture_decor,North,5
2017-10-16,furniture_decor,Northeast,6
2017-10-16,furniture_decor,South,14
2017-10-16,furniture_decor,Southeast,71
2017-10-16,garden_tools,Central-West,1
2017-10-16,garden_tools,North,4
2017-10-16,garden_tools,Northeast,6
2017-10-16,garden_tools,South,9
2017-10-16,garden_tools,Southeast,37
2017-10-16,health_beauty,Central-West,3
2017-10-16,health_beauty,North,2
2017-10-16,health_beauty,Northeast,13
2017-10-16,health_beauty,South,15
2017-10-16,health_beauty,Southeast,75
2017-10-16,housewares,Central-West,3
2017-10-16,housewares,North,0
2017-10-16,housewares,Northeast,5
2017-10-16,housewares,South,5
2017-10-16,housewares,Southeast,49
2017-10-16,sports_leisure,Central-West,9
2017-10-16,sports_leisure,North,2
2017-10-16,sports_leisure,Northeast,5
2017-10-16,sports_leisure,South,16
2017-10-16,sports_leisure,Southeast,79
2017-10-16,telephony,Central-West,1
2017-10-16,telephony,North,3
2017-10-16,telephony,Northeast,15
2017-10-16,telephony,South,6
2017-10-16,telephony,Southeast,50
2017-10-16,watches_gifts,Central-West,9
2017-10-16,watches_gifts,North,1
2017-10-16,watches_gifts,Northeast,10
2017-10-16,watches_gifts,South,16
2017-10-16,watches_gifts,Southeast,64
2017-10-23,auto,Central-West,5
2017-10-23,auto,North,0
2017-10-23,auto,Northeast,2
2017-10-23,auto,South,4
2017-10-23,auto,Southeast,17
2017-10-23,bed_bath_table,Central-West,5
2017-10-23,bed_bath_table,North,0
2017-10-23,bed_bath_table,Northeast,7
2017-10-23,bed_bath_table,South,22
2017-10-23,bed_bath_table,Southeast,98
2017-10-23,computers_accessories,Central-West,4
2017-10-23,computers_accessories,North,5
2017-10-23,computers_accessories,Northeast,6
2017-10-23,computers_accessories,South,8
2017-10-23,computers_accessories,Southeast,51
2017-10-23,furniture_decor,Central-West,10
2017-10-23,furniture_decor,North,1
2017-10-23,furniture_decor,Northeast,11
2017-10-23,furniture_decor,South,28
2017-10-23,furniture_decor,Southeast,47
2017-10-23,garden_tools,Central-West,3
2017-10-23,garden_tools,North,2
2017-10-23,garden_tools,Northeast,7
2017-10-23,garden_tools,South,9
2017-10-23,garden_tools,Southeast,41
2017-10-23,health_beauty,Central-West,6
2017-10-23,health_beauty,North,1
2017-10-23,health_beauty,Northeast,11
2017-10-23,health_beauty,South,15
2017-10-23,health_beauty,Southeast,53
2017-10-23,housewares,Central-West,1
2017-10-23,housewares,North,0
2017-10-23,housewares,Northeast,4
2017-10-23,housewares,South,6
2017-10-23,housewares,Southeast,35
2017-10-23,sports_leisure,Central-West,6
2017-10-23,sports_leisure,North,1
2017-10-23,sports_leisure,Northeast,6
2017-10-23,sports_leisure,South,11
2017-10-23,sports_leisure,Southeast,64
2017-10-23,telephony,Central-West,5
2017-10-23,telephony,North,4
2017-10-23,telephony,Northeast,10
2017-10-23,telephony,South,5
2017-10-23,telephony,Southeast,26
2017-10-23,watches_gifts,Central-West,12
2017-10-23,watches_gifts,North,2
2017-10-23,watches_gifts,Northeast,8
2017-10-23,watches_gifts,South,5
2017-10-23,watches_gifts,Southeast,45
2017-10-30,auto,Central-West,2
2017-10-30,auto,North,2
2017-10-30,auto,Northeast,5
2017-10-30,auto,South,2
2017-10-30,auto,Southeast,12
2017-10-30,bed_bath_table,Central-West,5
2017-10-30,bed_bath_table,North,0
2017-10-30,bed_bath_table,Northeast,10
2017-10-30,bed_bath_table,South,16
2017-10-30,bed_bath_table,Southeast,95
2017-10-30,computers_accessories,Central-West,6
2017-10-30,computers_accessories,North,0
2017-10-30,computers_accessories,Northeast,11
2017-10-30,computers_accessories,South,8
2017-10-30,computers_accessories,Southeast,43
2017-10-30,furniture_decor,Central-West,13
2017-10-30,furniture_decor,North,1
2017-10-30,furniture_decor,Northeast,7
2017-10-30,furniture_decor,South,11
2017-10-30,furniture_decor,Southeast,40
2017-10-30,garden_tools,Central-West,18
2017-10-30,garden_tools,North,0
2017-10-30,garden_tools,Northeast,7
2017-10-30,garden_tools,South,13
2017-10-30,garden_tools,Southeast,33
2017-10-30,health_beauty,Central-West,14
2017-10-30,health_beauty,North,6
2017-10-30,health_beauty,Northeast,7
2017-10-30,health_beauty,South,6
2017-10-30,health_beauty,Southeast,31
2017-10-30,housewares,Central-West,1
2017-10-30,housewares,North,1
2017-10-30,housewares,Northeast,5
2017-10-30,housewares,South,14
2017-10-30,housewares,Southeast,31
2017-10-30,sports_leisure,Central-West,9
2017-10-30,sports_leisure,North,2
2017-10-30,sports_leisure,Northeast,9
2017-10-30,sports_leisure,South,15
2017-10-30,sports_leisure,Southeast,68
2017-10-30,telephony,Central-West,2
2017-10-30,telephony,North,2
2017-10-30,telephony,Northeast,9
2017-10-30,telephony,South,9
2017-10-30,telephony,Southeast,21
2017-10-30,watches_gifts,Central-West,4
2017-10-30,watches_gifts,North,2
2017-10-30,watches_gifts,Northeast,8
2017-10-30,watches_gifts,South,10
2017-10-30,watches_gifts,Southeast,36
2017-11-06,auto,Central-West,2
2017-11-06,auto,North,1
2017-11-06,auto,Northeast,3
2017-11-06,auto,South,10
2017-11-06,auto,Southeast,30
2017-11-06,bed_bath_table,Central-West,4
2017-11-06,bed_bath_table,North,1
2017-11-06,bed_bath_table,Northeast,14
2017-11-06,bed_bath_table,South,17
2017-11-06,bed_bath_table,Southeast,119
2017-11-06,computers_accessories,Central-West,17
2017-11-06,computers_accessories,North,2
2017-11-06,computers_accessories,Northeast,6
2017-11-06,computers_accessories,South,12
2017-11-06,computers_accessories,Southeast,51
2017-11-06,furniture_decor,Central-West,6
2017-11-06,furniture_decor,North,1
2017-11-06,furniture_decor,Northeast,13
2017-11-06,furniture_decor,South,13
2017-11-06,furniture_decor,Southeast,82
2017-11-06,garden_tools,Central-West,1
2017-11-06,garden_tools,North,1
2017-11-06,garden_tools,Northeast,6
2017-11-06,garden_tools,South,13
2017-11-06,garden_tools,Southeast,53
2017-11-06,health_beauty,Central-West,5
2017-11-06,health_beauty,North,0
2017-11-06,health_beauty,Northeast,8
2017-11-06,health_beauty,South,15
2017-11-06,health_beauty,Southeast,59
2017-11-06,housewares,Central-West,2
2017-11-06,housewares,North,0
2017-11-06,housewares,Northeast,5
2017-11-06,housewares,South,10
2017-11-06,housewares,Southeast,45
2017-11-06,sports_leisure,Central-West,5
2017-11-06,sports_leisure,North,1
2017-11-06,sports_leisure,Northeast,8
2017-11-06,sports_leisure,South,24
2017-11-06,sports_leisure,Southeast,65
2017-11-06,telephony,Central-West,5
2017-11-06,telephony,North,0
2017-11-06,telephony,Northeast,12
2017-11-06,telephony,South,12
2017-11-06,telephony,Southeast,39
2017-11-06,watches_gifts,Central-West,5
2017-11-06,watches_gifts,North,5
2017-11-06,watches_gifts,Northeast,7
2017-11-06,watches_gifts,South,6
2017-11-06,watches_gifts,Southeast,75
2017-11-13,auto,Central-West,3
2017-11-13,auto,North,1
2017-11-13,auto,Northeast,7
2017-11-13,auto,South,5
2017-11-13,auto,Southeast,27
2017-11-13,bed_bath_table,Central-West,6
2017-11-13,bed_bath_table,North,0
2017-11-13,bed_bath_table,Northeast,6
2017-11-13,bed_bath_table,South,22
2017-11-13,bed_bath_table,Southeast,103
2017-11-13,computers_accessories,Central-West,5
2017-11-13,computers_accessories,North,1
2017-11-13,computers_accessories,Northeast,9
2017-11-13,computers_accessories,South,27
2017-11-13,computers_accessories,Southeast,57
2017-11-13,furniture_decor,Central-West,3
2017-11-13,furniture_decor,North,2
2017-11-13,furniture_decor,Northeast,12
2017-11-13,furniture_decor,South,19
2017-11-13,furniture_decor,Southeast,109
2017-11-13,garden_tools,Central-West,2
2017-11-13,garden_tools,North,4
2017-11-13,garden_tools,Northeast,7
2017-11-13,garden_tools,South,18
2017-11-13,garden_tools,Southeast,54
2017-11-13,health_beauty,Central-West,7
2017-11-13,health_beauty,North,1
2017-11-13,health_beauty,Northeast,11
2017-11-13,health_beauty,South,11
2017-11-13,health_beauty,Southeast,58
2017-11-13,housewares,Central-West,2
2017-11-13,housewares,North,0
2017-11-13,housewares,Northeast,5
2017-11-13,housewares,South,5
2017-11-13,housewares,Southeast,61
2017-11-13,sports_leisure,Central-West,5
2017-11-13,sports_leisure,North,0
2017-11-13,sports_leisure,Northeast,11
2017-11-13,sports_leisure,South,13
2017-11-13,sports_leisure,Southeast,69
2017-11-13,telephony,Central-West,2
2017-11-13,telephony,North,1
2017-11-13,telephony,Northeast,8
2017-11-13,telephony,South,11
2017-11-13,telephony,Southeast,34
2017-11-13,watches_gifts,Central-West,5
2017-11-13,watches_gifts,North,3
2017-11-13,watches_gifts,Northeast,23
2017-11-13,watches_gifts,South,7
2017-11-13,watches_gifts,Southeast,56
2017-11-20,auto,Central-West,4
2017-11-20,auto,North,1
2017-11-20,auto,Northeast,11
2017-11-20,auto,South,16
2017-11-20,auto,Southeast,71
2017-11-20,bed_bath_table,Central-West,25
2017-11-20,bed_bath_table,North,2
2017-11-20,bed_bath_table,Northeast,15
2017-11-20,bed_bath_table,South,52
2017-11-20,bed_bath_table,Southeast,344
2017-11-20,computers_accessories,Central-West,17
2017-11-20,computers_accessories,North,2
2017-11-20,computers_accessories,Northeast,29
2017-11-20,computers_accessories,South,31
2017-11-20,computers_accessories,Southeast,123
2017-11-20,furniture_decor,Central-West,10
2017-11-20,furniture_decor,North,3
2017-11-20,furniture_decor,Northeast,30
2017-11-20,furniture_decor,South,58
2017-11-20,furniture_decor,Southeast,255
2017-11-20,garden_tools,Central-West,8
2017-11-20,garden_tools,North,3
2017-11-20,garden_tools,Northeast,35
2017-11-20,garden_tools,South,40
2017-11-20,garden_tools,Southeast,182
2017-11-20,health_beauty,Central-West,27
2017-11-20,health_beauty,North,10
2017-11-20,health_beauty,Northeast,30
2017-11-20,health_beauty,South,27
2017-11-20,health_beauty,Southeast,148
2017-11-20,housewares,Central-West,11
2017-11-20,housewares,North,2
2017-11-20,housewares,Northeast,10
2017-11-20,housewares,South,25
2017-11-20,housewares,Southeast,125
2017-11-20,sports_leisure,Central-West,16
2017-11-20,sports_leisure,North,4
2017-11-20,sports_leisure,Northeast,21
2017-11-20,sports_leisure,South,30
2017-11-20,sports_leisure,Southeast,156
2017-11-20,telephony,Central-West,6
2017-11-20,telephony,North,5
2017-11-20,telephony,Northeast,31
2017-11-20,telephony,South,32
2017-11-20,telephony,Southeast,86
2017-11-20,watches_gifts,Central-West,16
2017-11-20,watches_gifts,North,3
2017-11-20,watches_gifts,Northeast,19
2017-11-20,watches_gifts,South,23
2017-11-20,watches_gifts,Southeast,106
2017-11-27,auto,Central-West,5
2017-11-27,auto,North,3
2017-11-27,auto,Northeast,4
2017-11-27,auto,South,9
2017-11-27,auto,Southeast,60
2017-11-27,bed_bath_table,Central-West,10
2017-11-27,bed_bath_table,North,2
2017-11-27,bed_bath_table,Northeast,10
2017-11-27,bed_bath_table,South,30
2017-11-27,bed_bath_table,Southeast,185
2017-11-27,computers_accessories,Central-West,5
2017-11-27,computers_accessories,North,1
2017-11-27,computers_accessories,Northeast,9
2017-11-27,computers_accessories,South,33
2017-11-27,computers_accessories,Southeast,93
2017-11-27,furniture_decor,Central-West,9
2017-11-27,furniture_decor,North,0
2017-11-27,furniture_decor,Northeast,16
2017-11-27,furniture_decor,South,26
2017-11-27,furniture_decor,Southeast,127
2017-11-27,garden_tools,Central-West,6
2017-11-27,garden_tools,North,0
2017-11-27,garden_tools,Northeast,6
2017-11-27,garden_tools,South,18
2017-11-27,garden_tools,Southeast,67
2017-11-27,health_beauty,Central-West,18
2017-11-27,health_beauty,North,3
2017-11-27,health_beauty,Northeast,24
2017-11-27,health_beauty,South,25
2017-11-27,health_beauty,Southeast,118
2017-11-27,housewares,Central-West,5
2017-11-27,housewares,North,0
2017-11-27,housewares,Northeast,4
2017-11-27,housewares,South,10
2017-11-27,housewares,Southeast,95
2017-11-27,sports_leisure,Central-West,8
2017-11-27,sports_leisure,North,1
2017-11-27,sports_leisure,Northeast,21
2017-11-27,sports_leisure,South,29
2017-11-27,sports_leisure,Southeast,122
2017-11-27,telephony,Central-West,6
2017-11-27,telephony,North,6
2017-11-27,telephony,Northeast,11
2017-11-27,telephony,South,13
2017-11-27,telephony,Southeast,63
2017-11-27,watches_gifts,Central-West,5
2017-11-27,watches_gifts,North,4
2017-11-27,watches_gifts,Northeast,11
2017-11-27,watches_gifts,South,13
2017-11-27,watches_gifts,Southeast,84
2017-12-04,auto,Central-West,7
2017-12-04,auto,North,5
2017-12-04,auto,Northeast,8
2017-12-04,auto,South,11
2017-12-04,auto,Southeast,58
2017-12-04,bed_bath_table,Central-West,9
2017-12-04,bed_bath_table,North,2
2017-12-04,bed_bath_table,Northeast,11
2017-12-04,bed_bath_table,South,19
2017-12-04,bed_bath_table,Southeast,96
2017-12-04,computers_accessories,Central-West,7
2017-12-04,computers_accessories,North,1
2017-12-04,computers_accessories,Northeast,4
2017-12-04,computers_accessories,South,9
2017-12-04,computers_accessories,Southeast,68
2017-12-04,furniture_decor,Central-West,1
2017-12-04,furniture_decor,North,1
2017-12-04,furniture_decor,Northeast,10
2017-12-04,furniture_decor,South,9
2017-12-04,furniture_decor,Southeast,88
2017-12-04,garden_tools,Central-West,4
2017-12-04,garden_tools,North,0
2017-12-04,garden_tools,Northeast,11
2017-12-04,garden_tools,South,19
2017-12-04,garden_tools,Southeast,73
2017-12-04,health_beauty,Central-West,13
2017-12-04,health_beauty,North,2
2017-12-04,health_beauty,Northeast,17
2017-12-04,health_beauty,South,17
2017-12-04,health_beauty,Southeast,90
2017-12-04,housewares,Central-West,8
2017-12-04,housewares,North,1
2017-12-04,housewares,Northeast,4
2017-12-04,housewares,South,10
2017-12-04,housewares,Southeast,65
2017-12-04,sports_leisure,Central-West,17
2017-12-04,sports_leisure,North,1
2017-12-04,sports_leisure,Northeast,12
2017-12-04,sports_leisure,South,19
2017-12-04,sports_leisure,Southeast,112
2017-12-04,telephony,Central-West,5
2017-12-04,telephony,North,4
2017-12-04,telephony,Northeast,10
2017-12-04,telephony,South,9
2017-12-04,telephony,Southeast,47
2017-12-04,watches_gifts,Central-West,5
2017-12-04,watches_gifts,North,2
2017-12-04,watches_gifts,Northeast,6
2017-12-04,watches_gifts,South,5
2017-12-04,watches_gifts,Southeast,62
2017-12-11,auto,Central-West,6
2017-12-11,auto,North,0
2017-12-11,auto,Northeast,6
2017-12-11,auto,South,5
2017-12-11,auto,Southeast,69
2017-12-11,bed_bath_table,Central-West,8
2017-12-11,bed_bath_table,North,2
2017-12-11,bed_bath_table,Northeast,7
2017-12-11,bed_bath_table,South,15
2017-12-11,bed_bath_table,Southeast,93
2017-12-11,computers_accessories,Central-West,4
2017-12-11,computers_accessories,North,2
2017-12-11,computers_accessories,Northeast,10
2017-12-11,computers_accessories,South,2
2017-12-11,computers_accessories,Southeast,38
2017-12-11,furniture_decor,Central-West,1
2017-12-11,furniture_decor,North,3
2017-12-11,furniture_decor,Northeast,7
2017-12-11,furniture_decor,South,8
2017-12-11,furniture_decor,Southeast,76
2017-12-11,garden_tools,Central-West,3
2017-12-11,garden_tools,North,0
2017-12-11,garden_tools,Northeast,11
2017-12-11,garden_tools,South,14
2017-12-11,garden_tools,Southeast,50
2017-12-11,health_beauty,Central-West,13
2017-12-11,health_beauty,North,2
2017-12-11,health_beauty,Northeast,15
2017-12-11,health_beauty,South,13
2017-12-11,health_beauty,Southeast,75
2017-12-11,housewares,Central-West,2
2017-12-11,housewares,North,1
2017-12-11,housewares,Northeast,3
2017-12-11,housewares,South,11
2017-12-11,housewares,Southeast,54
2017-12-11,sports_leisure,Central-West,7
2017-12-11,sports_leisure,North,0
2017-12-11,sports_leisure,Northeast,7
2017-12-11,sports_leisure,South,22
2017-12-11,sports_leisure,Southeast,94
2017-12-11,telephony,Central-West,4
2017-12-11,telephony,North,1
2017-12-11,telephony,Northeast,12
2017-12-11,telephony,South,12
2017-12-11,telephony,Southeast,25
2017-12-11,watches_gifts,Central-West,6
2017-12-11,watches_gifts,North,1
2017-12-11,watches_gifts,Northeast,13
2017-12-11,watches_gifts,South,14
2017-12-11,watches_gifts,Southeast,74
2017-12-18,auto,Central-West,3
2017-12-18,auto,North,1
2017-12-18,auto,Northeast,5
2017-12-18,auto,South,7
2017-12-18,auto,Southeast,30
2017-12-18,bed_bath_table,Central-West,1
2017-12-18,bed_bath_table,North,0
2017-12-18,bed_bath_table,Northeast,8
2017-12-18,bed_bath_table,South,14
2017-12-18,bed_bath_table,Southeast,84
2017-12-18,computers_accessories,Central-West,2
2017-12-18,computers_accessories,North,1
2017-12-18,computers_accessories,Northeast,14
2017-12-18,computers_accessories,South,7
2017-12-18,computers_accessories,Southeast,44
2017-12-18,furniture_decor,Central-West,7
2017-12-18,furniture_decor,North,1
2017-12-18,furniture_decor,Northeast,6
2017-12-18,furniture_decor,South,6
2017-12-18,furniture_decor,Southeast,46
2017-12-18,garden_tools,Central-West,0
2017-12-18,garden_tools,North,1
2017-12-18,garden_tools,Northeast,7
2017-12-18,garden_tools,South,14
2017-12-18,garden_tools,Southeast,25
2017-12-18,health_beauty,Central-West,9
2017-12-18,health_beauty,North,2
2017-12-18,health_beauty,Northeast,11
2017-12-18,health_beauty,South,10
2017-12-18,health_beauty,Southeast,49
2017-12-18,housewares,Central-West,0
2017-12-18,housewares,North,2
2017-12-18,housewares,Northeast,3
2017-12-18,housewares,South,10
2017-12-18,housewares,Southeast,49
2017-12-18,sports_leisure,Central-West,5
2017-12-18,sports_leisure,North,3
2017-12-18,sports_leisure,Northeast,9
2017-12-18,sports_leisure,South,12
2017-12-18,sports_leisure,Southeast,58
2017-12-18,telephony,Central-West,8
2017-12-18,telephony,North,1
2017-12-18,telephony,Northeast,3
2017-12-18,telephony,South,6
2017-12-18,telephony,Southeast,34
2017-12-18,watches_gifts,Central-West,3
2017-12-18,watches_gifts,North,1
2017-12-18,watches_gifts,Northeast,8
2017-12-18,watches_gifts,South,13
2017-12-18,watches_gifts,Southeast,46
2017-12-25,auto,Central-West,1
2017-12-25,auto,North,0
2017-12-25,auto,Northeast,1
2017-12-25,auto,South,3
2017-12-25,auto,Southeast,15
2017-12-25,bed_bath_table,Central-West,7
2017-12-25,bed_bath_table,North,2
2017-12-25,bed_bath_table,Northeast,6
2017-12-25,bed_bath_table,South,10
2017-12-25,bed_bath_table,Southeast,74
2017-12-25,computers_accessories,Central-West,2
2017-12-25,computers_accessories,North,0
2017-12-25,computers_accessories,Northeast,5
2017-12-25,computers_accessories,South,7
2017-12-25,computers_accessories,Southeast,24
2017-12-25,furniture_decor,Central-West,2
2017-12-25,furniture_decor,North,0
2017-12-25,furniture_decor,Northeast,3
2017-12-25,furniture_decor,South,15
2017-12-25,furniture_decor,Southeast,46
2017-12-25,garden_tools,Central-West,0
2017-12-25,garden_tools,North,0
2017-12-25,garden_tools,Northeast,11
2017-12-25,garden_tools,South,11
2017-12-25,garden_tools,Southeast,50
2017-12-25,health_beauty,Central-West,9
2017-12-25,health_beauty,North,3
2017-12-25,health_beauty,Northeast,6
2017-12-25,health_beauty,South,5
2017-12-25,health_beauty,Southeast,36
2017-12-25,housewares,Central-West,1
2017-12-25,housewares,North,2
2017-12-25,housewares,Northeast,4
2017-12-25,housewares,South,3
2017-12-25,housewares,Southeast,24
2017-12-25,sports_leisure,Central-West,1
2017-12-25,sports_leisure,North,0
2017-12-25,sports_leisure,Northeast,6
2017-12-25,sports_leisure,South,9
2017-12-25,sports_leisure,Southeast,35
2017-12-25,telephony,Central-West,2
2017-12-25,telephony,North,0
2017-12-25,telephony,Northeast,8
2017-12-25,telephony,South,7
2017-12-25,telephony,Southeast,40
2017-12-25,watches_gifts,Central-West,2
2017-12-25,watches_gifts,North,1
2017-12-25,watches_gifts,Northeast,8
2017-12-25,watches_gifts,South,8
2017-12-25,watches_gifts,Southeast,35
2018-01-01,auto,Central-West,4
2018-01-01,auto,North,2
2018-01-01,auto,Northeast,6
2018-01-01,auto,South,8
2018-01-01,auto,Southeast,34
2018-01-01,bed_bath_table,Central-West,9
2018-01-01,bed_bath_table,North,1
2018-01-01,bed_bath_table,Northeast,7
2018-01-01,bed_bath_table,South,16
2018-01-01,bed_bath_table,Southeast,127
2018-01-01,computers_accessories,Central-West,5
2018-01-01,computers_accessories,North,3
2018-01-01,computers_accessories,Northeast,4
2018-01-01,computers_accessories,South,11
2018-01-01,computers_accessories,Southeast,61
2018-01-01,furniture_decor,Central-West,13
2018-01-01,furniture_decor,North,2
2018-01-01,furniture_decor,Northeast,14
2018-01-01,furniture_decor,South,31
2018-01-01,furniture_decor,Southeast,84
2018-01-01,garden_tools,Central-West,1
2018-01-01,garden_tools,North,0
2018-01-01,garden_tools,Northeast,3
2018-01-01,garden_tools,South,3
2018-01-01,garden_tools,Southeast,30
2018-01-01,health_beauty,Central-West,5
2018-01-01,health_beauty,North,2
2018-01-01,health_beauty,Northeast,10
2018-01-01,health_beauty,South,15
2018-01-01,health_beauty,Southeast,78
2018-01-01,housewares,Central-West,1
2018-01-01,housewares,North,1
2018-01-01,housewares,Northeast,3
2018-01-01,housewares,South,5
2018-01-01,housewares,Southeast,47
2018-01-01,sports_leisure,Central-West,3
2018-01-01,sports_leisure,North,2
2018-01-01,sports_leisure,Northeast,11
2018-01-01,sports_leisure,South,22
2018-01-01,sports_leisure,Southeast,61
2018-01-01,telephony,Central-West,4
2018-01-01,telephony,North,2
2018-01-01,telephony,Northeast,8
2018-01-01,telephony,South,9
2018-01-01,telephony,Southeast,42
2018-01-01,watches_gifts,Central-West,1
2018-01-01,watches_gifts,North,2
2018-01-01,watches_gifts,Northeast,14
2018-01-01,watches_gifts,South,8
2018-01-01,watches_gifts,Southeast,45
2018-01-08,auto,Central-West,0
2018-01-08,auto,North,3
2018-01-08,auto,Northeast,6
2018-01-08,auto,South,2
2018-01-08,auto,Southeast,38
2018-01-08,bed_bath_table,Central-West,12
2018-01-08,bed_bath_table,North,3
2018-01-08,bed_bath_table,Northeast,6
2018-01-08,bed_bath_table,South,35
2018-01-08,bed_bath_table,Southeast,136
2018-01-08,computers_accessories,Central-West,7
2018-01-08,computers_accessories,North,5
2018-01-08,computers_accessories,Northeast,16
2018-01-08,computers_accessories,South,14
2018-01-08,computers_accessories,Southeast,136
2018-01-08,furniture_decor,Central-West,3
2018-01-08,furniture_decor,North,2
2018-01-08,furniture_decor,Northeast,12
2018-01-08,furniture_decor,South,13
2018-01-08,furniture_decor,Southeast,123
2018-01-08,garden_tools,Central-West,4
2018-01-08,garden_tools,North,1
2018-01-08,garden_tools,Northeast,6
2018-01-08,garden_tools,South,10
2018-01-08,garden_tools,Southeast,39
2018-01-08,health_beauty,Central-West,8
2018-01-08,health_beauty,North,1
2018-01-08,health_beauty,Northeast,15
2018-01-08,health_beauty,South,24
2018-01-08,health_beauty,Southeast,107
2018-01-08,housewares,Central-West,4
2018-01-08,housewares,North,1
2018-01-08,housewares,Northeast,6
2018-01-08,housewares,South,18
2018-01-08,housewares,Southeast,54
2018-01-08,sports_leisure,Central-West,11
2018-01-08,sports_leisure,North,1
2018-01-08,sports_leisure,Northeast,19
2018-01-08,sports_leisure,South,29
2018-01-08,sports_leisure,Southeast,102
2018-01-08,telephony,Central-West,8
2018-01-08,telephony,North,2
2018-01-08,telephony,Northeast,14
2018-01-08,telephony,South,14
2018-01-08,telephony,Southeast,45
2018-01-08,watches_gifts,Central-West,4
2018-01-08,watches_gifts,North,3
2018-01-08,watches_gifts,Northeast,6
2018-01-08,watches_gifts,South,18
2018-01-08,watches_gifts,Southeast,48
2018-01-15,auto,Central-West,9
2018-01-15,auto,North,1
2018-01-15,auto,Northeast,7
2018-01-15,auto,South,14
2018-01-15,auto,Southeast,50
2018-01-15,bed_bath_table,Central-West,6
2018-01-15,bed_bath_table,North,4
2018-01-15,bed_bath_table,Northeast,7
2018-01-15,bed_bath_table,South,19
2018-01-15,bed_bath_table,Southeast,145
2018-01-15,computers_accessories,Central-West,3
2018-01-15,computers_accessories,North,1
2018-01-15,computers_accessories,Northeast,19
2018-01-15,computers_accessories,South,9
2018-01-15,computers_accessories,Southeast,118
2018-01-15,furniture_decor,Central-West,13
2018-01-15,furniture_decor,North,0
2018-01-15,furniture_decor,Northeast,14
2018-01-15,furniture_decor,South,25
2018-01-15,furniture_decor,Southeast,123
2018-01-15,garden_tools,Central-West,3
2018-01-15,garden_tools,North,1
2018-01-15,garden_tools,Northeast,3
2018-01-15,garden_tools,South,9
2018-01-15,garden_tools,Southeast,36
2018-01-15,health_beauty,Central-West,13
2018-01-15,health_beauty,North,0
2018-01-15,health_beauty,Northeast,19
2018-01-15,health_beauty,South,20
2018-01-15,health_beauty,Southeast,107
2018-01-15,housewares,Central-West,4
2018-01-15,housewares,North,0
2018-01-15,housewares,Northeast,12
2018-01-15,housewares,South,9
2018-01-15,housewares,Southeast,60
2018-01-15,sports_leisure,Central-West,16
2018-01-15,sports_leisure,North,3
2018-01-15,sports_leisure,Northeast,13
2018-01-15,sports_leisure,South,22
2018-01-15,sports_leisure,Southeast,101
2018-01-15,telephony,Central-West,10
2018-01-15,telephony,North,5
2018-01-15,telephony,Northeast,14
2018-01-15,telephony,South,19
2018-01-15,telephony,Southeast,44
2018-01-15,watches_gifts,Central-West,5
2018-01-15,watches_gifts,North,5
2018-01-15,watches_gifts,Northeast,9
2018-01-15,watches_gifts,South,8
2018-01-15,watches_gifts,Southeast,51
2018-01-22,auto,Central-West,4
2018-01-22,auto,North,0
2018-01-22,auto,Northeast,5
2018-01-22,auto,South,6
2018-01-22,auto,Southeast,38
2018-01-22,bed_bath_table,Central-West,4
2018-01-22,bed_bath_table,North,0
2018-01-22,bed_bath_table,Northeast,8
2018-01-22,bed_bath_table,South,32
2018-01-22,bed_bath_table,Southeast,158
2018-01-22,computers_accessories,Central-West,9
2018-01-22,computers_accessories,North,3
2018-01-22,computers_accessories,Northeast,15
2018-01-22,computers_accessories,South,31
2018-01-22,computers_accessories,Southeast,119
2018-01-22,furniture_decor,Central-West,4
2018-01-22,furniture_decor,North,5
2018-01-22,furniture_decor,Northeast,7
2018-01-22,furniture_decor,South,18
2018-01-22,furniture_decor,Southeast,72
2018-01-22,garden_tools,Central-West,4
2018-01-22,garden_tools,North,1
2018-01-22,garden_tools,Northeast,6
2018-01-22,garden_tools,South,13
2018-01-22,garden_tools,Southeast,43
2018-01-22,health_beauty,Central-West,10
2018-01-22,health_beauty,North,0
2018-01-22,health_beauty,Northeast,20
2018-01-22,health_beauty,South,24
2018-01-22,health_beauty,Southeast,97
2018-01-22,housewares,Central-West,4
2018-01-22,housewares,North,0
2018-01-22,housewares,Northeast,4
2018-01-22,housewares,South,13
2018-01-22,housewares,Southeast,68
2018-01-22,sports_leisure,Central-West,8
2018-01-22,sports_leisure,North,7
2018-01-22,sports_leisure,Northeast,8
2018-01-22,sports_leisure,South,15
2018-01-22,sports_leisure,Southeast,97
2018-01-22,telephony,Central-West,9
2018-01-22,telephony,North,2
2018-01-22,telephony,Northeast,18
2018-01-22,telephony,South,11
2018-01-22,telephony,Southeast,44
2018-01-22,watches_gifts,Central-West,6
2018-01-22,watches_gifts,North,1
2018-01-22,watches_gifts,Northeast,8
2018-01-22,watches_gifts,South,12
2018-01-22,watches_gifts,Southeast,63
2018-01-29,auto,Central-West,10
2018-01-29,auto,North,2
2018-01-29,auto,Northeast,4
2018-01-29,auto,South,11
2018-01-29,auto,Southeast,47
2018-01-29,bed_bath_table,Central-West,21
2018-01-29,bed_bath_table,North,1
2018-01-29,bed_bath_table,Northeast,4
2018-01-29,bed_bath_table,South,11
2018-01-29,bed_bath_table,Southeast,170
2018-01-29,computers_accessories,Central-West,15
2018-01-29,computers_accessories,North,5
2018-01-29,computers_accessories,Northeast,15
2018-01-29,computers_accessories,South,33
2018-01-29,computers_accessories,Southeast,150
2018-01-29,furniture_decor,Central-West,5
2018-01-29,furniture_decor,North,0
2018-01-29,furniture_decor,Northeast,4
2018-01-29,furniture_decor,South,15
2018-01-29,furniture_decor,Southeast,55
2018-01-29,garden_tools,Central-West,3
2018-01-29,garden_tools,North,1
2018-01-29,garden_tools,Northeast,4
2018-01-29,garden_tools,South,18
2018-01-29,garden_tools,Southeast,34
2018-01-29,health_beauty,Central-West,11
2018-01-29,health_beauty,North,5
2018-01-29,health_beauty,Northeast,17
2018-01-29,health_beauty,South,17
2018-01-29,health_beauty,Southeast,85
2018-01-29,housewares,Central-West,6
2018-01-29,housewares,North,0
2018-01-29,housewares,Northeast,4
2018-01-29,housewares,South,20
2018-01-29,housewares,Southeast,56
2018-01-29,sports_leisure,Central-West,23
2018-01-29,sports_leisure,North,2
2018-01-29,sports_leisure,Northeast,11
2018-01-29,sports_leisure,South,29
2018-01-29,sports_leisure,Southeast,113
2018-01-29,telephony,Central-West,3
2018-01-29,telephony,North,5
2018-01-29,telephony,Northeast,12
2018-01-29,telephony,South,17
2018-01-29,telephony,Southeast,56
2018-01-29,watches_gifts,Central-West,5
2018-01-29,watches_gifts,North,6
2018-01-29,watches_gifts,Northeast,14
2018-01-29,watches_gifts,South,16
2018-01-29,watches_gifts,Southeast,58
2018-02-05,auto,Central-West,4
2018-02-05,auto,North,2
2018-02-05,auto,Northeast,8
2018-02-05,auto,South,10
2018-02-05,auto,Southeast,28
2018-02-05,bed_bath_table,Central-West,20
2018-02-05,bed_bath_table,North,3
2018-02-05,bed_bath_table,Northeast,15
2018-02-05,bed_bath_table,South,22
2018-02-05,bed_bath_table,Southeast,140
2018-02-05,computers_accessories,Central-West,10
2018-02-05,computers_accessories,North,1
2018-02-05,computers_accessories,Northeast,16
2018-02-05,computers_accessories,South,43
2018-02-05,computers_accessories,Southeast,140
2018-02-05,furniture_decor,Central-West,2
2018-02-05,furniture_decor,North,2
2018-02-05,furniture_decor,Northeast,6
2018-02-05,furniture_decor,South,10
2018-02-05,furniture_decor,Southeast,50
2018-02-05,garden_tools,Central-West,5
2018-02-05,garden_tools,North,0
2018-02-05,garden_tools,Northeast,4
2018-02-05,garden_tools,South,17
2018-02-05,garden_tools,Southeast,56
2018-02-05,health_beauty,Central-West,5
2018-02-05,health_beauty,North,1
2018-02-05,health_beauty,Northeast,21
2018-02-05,health_beauty,South,19
2018-02-05,health_beauty,Southeast,103
2018-02-05,housewares,Central-West,6
2018-02-05,housewares,North,2
2018-02-05,housewares,Northeast,4
2018-02-05,housewares,South,6
2018-02-05,housewares,Southeast,61
2018-02-05,sports_leisure,Central-West,12
2018-02-05,sports_leisure,North,6
2018-02-05,sports_leisure,Northeast,12
2018-02-05,sports_leisure,South,15
2018-02-05,sports_leisure,Southeast,118
2018-02-05,telephony,Central-West,10
2018-02-05,telephony,North,4
2018-02-05,telephony,Northeast,10
2018-02-05,telephony,South,16
2018-02-05,telephony,Southeast,57
2018-02-05,watches_gifts,Central-West,4
2018-02-05,watches_gifts,North,0
2018-02-05,watches_gifts,Northeast,13
2018-02-05,watches_gifts,South,6
2018-02-05,watches_gifts,Southeast,50
2018-02-12,auto,Central-West,8
2018-02-12,auto,North,2
2018-02-12,auto,Northeast,8
2018-02-12,auto,South,12
2018-02-12,auto,Southeast,66
2018-02-12,bed_bath_table,Central-West,13
2018-02-12,bed_bath_table,North,0
2018-02-12,bed_bath_table,Northeast,17
2018-02-12,bed_bath_table,South,21
2018-02-12,bed_bath_table,Southeast,131
2018-02-12,computers_accessories,Central-West,9
2018-02-12,computers_accessories,North,2
2018-02-12,computers_accessories,Northeast,8
2018-02-12,computers_accessories,South,37
2018-02-12,computers_accessories,Southeast,150
2018-02-12,furniture_decor,Central-West,7
2018-02-12,furniture_decor,North,1
2018-02-12,furniture_decor,Northeast,9
2018-02-12,furniture_decor,South,18
2018-02-12,furniture_decor,Southeast,87
2018-02-12,garden_tools,Central-West,12
2018-02-12,garden_tools,North,1
2018-02-12,garden_tools,Northeast,12
2018-02-12,garden_tools,South,13
2018-02-12,garden_tools,Southeast,54
2018-02-12,health_beauty,Central-West,17
2018-02-12,health_beauty,North,4
2018-02-12,health_beauty,Northeast,18
2018-02-12,health_beauty,South,15
2018-02-12,health_beauty,Southeast,117
2018-02-12,housewares,Central-West,4
2018-02-12,housewares,North,1
2018-02-12,housewares,Northeast,5
2018-02-12,housewares,South,14
2018-02-12,housewares,Southeast,81
2018-02-12,sports_leisure,Central-West,10
2018-02-12,sports_leisure,North,0
2018-02-12,sports_leisure,Northeast,15
2018-02-12,sports_leisure,South,24
2018-02-12,sports_leisure,Southeast,99
2018-02-12,telephony,Central-West,10
2018-02-12,telephony,North,0
2018-02-12,telephony,Northeast,13
2018-02-12,telephony,South,14
2018-02-12,telephony,Southeast,54
2018-02-12,watches_gifts,Central-West,1
2018-02-12,watches_gifts,North,2
2018-02-12,watches_gifts,Northeast,13
2018-02-12,watches_gifts,South,12
2018-02-12,watches_gifts,Southeast,41
2018-02-19,auto,Central-West,4
2018-02-19,auto,North,1
2018-02-19,auto,Northeast,6
2018-02-19,auto,South,16
2018-02-19,auto,Southeast,62
2018-02-19,bed_bath_table,Central-West,6
2018-02-19,bed_bath_table,North,0
2018-02-19,bed_bath_table,Northeast,11
2018-02-19,bed_bath_table,South,24
2018-02-19,bed_bath_table,Southeast,103
2018-02-19,computers_accessories,Central-West,19
2018-02-19,computers_accessories,North,8
2018-02-19,computers_accessories,Northeast,23
2018-02-19,computers_accessories,South,50
2018-02-19,computers_accessories,Southeast,201
2018-02-19,furniture_decor,Central-West,8
2018-02-19,furniture_decor,North,3
2018-02-19,furniture_decor,Northeast,11
2018-02-19,furniture_decor,South,13
2018-02-19,furniture_decor,Southeast,96
2018-02-19,garden_tools,Central-West,3
2018-02-19,garden_tools,North,1
2018-02-19,garden_tools,Northeast,6
2018-02-19,garden_tools,South,7
2018-02-19,garden_tools,Southeast,25
2018-02-19,health_beauty,Central-West,10
2018-02-19,health_beauty,North,3
2018-02-19,health_beauty,Northeast,15
2018-02-19,health_beauty,South,29
2018-02-19,health_beauty,Southeast,120
2018-02-19,housewares,Central-West,5
2018-02-19,housewares,North,0
2018-02-19,housewares,Northeast,9
2018-02-19,housewares,South,18
2018-02-19,housewares,Southeast,85
2018-02-19,sports_leisure,Central-West,9
2018-02-19,sports_leisure,North,4
2018-02-19,sports_leisure,Northeast,12
2018-02-19,sports_leisure,South,19
2018-02-19,sports_leisure,Southeast,128
2018-02-19,telephony,Central-West,5
2018-02-19,telephony,North,0
2018-02-19,telephony,Northeast,7
2018-02-19,telephony,South,13
2018-02-19,telephony,Southeast,74
2018-02-19,watches_gifts,Central-West,7
2018-02-19,watches_gifts,North,2
2018-02-19,watches_gifts,Northeast,20
2018-02-19,watches_gifts,South,16
2018-02-19,watches_gifts,Southeast,55
2018-02-26,auto,Central-West,4
2018-02-26,auto,North,2
2018-02-26,auto,Northeast,8
2018-02-26,auto,South,14
2018-02-26,auto,Southeast,48
2018-02-26,bed_bath_table,Central-West,11
2018-02-26,bed_bath_table,North,1
2018-02-26,bed_bath_table,Northeast,8
2018-02-26,bed_bath_table,South,22
2018-02-26,bed_bath_table,Southeast,128
2018-02-26,computers_accessories,Central-West,14
2018-02-26,computers_accessories,North,6
2018-02-26,computers_accessories,Northeast,10
2018-02-26,computers_accessories,South,50
2018-02-26,computers_accessories,Southeast,209
2018-02-26,furniture_decor,Central-West,12
2018-02-26,furniture_decor,North,3
2018-02-26,furniture_decor,Northeast,10
2018-02-26,furniture_decor,South,20
2018-02-26,furniture_decor,Southeast,107
2018-02-26,garden_tools,Central-West,3
2018-02-26,garden_tools,North,2
2018-02-26,garden_tools,Northeast,5
2018-02-26,garden_tools,South,10
2018-02-26,garden_tools,Southeast,57
2018-02-26,health_beauty,Central-West,14
2018-02-26,health_beauty,North,5
2018-02-26,health_beauty,Northeast,25
2018-02-26,health_beauty,South,37
2018-02-26,health_beauty,Southeast,112
2018-02-26,housewares,Central-West,9
2018-02-26,housewares,North,0
2018-02-26,housewares,Northeast,8
2018-02-26,housewares,South,21
2018-02-26,housewares,Southeast,63
2018-02-26,sports_leisure,Central-West,13
2018-02-26,sports_leisure,North,4
2018-02-26,sports_leisure,Northeast,13
2018-02-26,sports_leisure,South,39
2018-02-26,sports_leisure,Southeast,118
2018-02-26,telephony,Central-West,4
2018-02-26,telephony,North,5
2018-02-26,telephony,Northeast,13
2018-02-26,telephony,South,6
2018-02-26,telephony,Southeast,39
2018-02-26,watches_gifts,Central-West,7
2018-02-26,watches_gifts,North,1
2018-02-26,watches_gifts,Northeast,15
2018-02-26,watches_gifts,South,13
2018-02-26,watches_gifts,Southeast,63
2018-03-05,auto,Central-West,0
2018-03-05,auto,North,2
2018-03-05,auto,Northeast,12
2018-03-05,auto,South,5
2018-03-05,auto,Southeast,46
2018-03-05,bed_bath_table,Central-West,5
2018-03-05,bed_bath_table,North,0
2018-03-05,bed_bath_table,Northeast,11
2018-03-05,bed_bath_table,South,24
2018-03-05,bed_bath_table,Southeast,120
2018-03-05,computers_accessories,Central-West,4
2018-03-05,computers_accessories,North,1
2018-03-05,computers_accessories,Northeast,23
2018-03-05,computers_accessories,South,23
2018-03-05,computers_accessories,Southeast,125
2018-03-05,furniture_decor,Central-West,15
2018-03-05,furniture_decor,North,0
2018-03-05,furniture_decor,Northeast,24
2018-03-05,furniture_decor,South,24
2018-03-05,furniture_decor,Southeast,93
2018-03-05,garden_tools,Central-West,6
2018-03-05,garden_tools,North,0
2018-03-05,garden_tools,Northeast,2
2018-03-05,garden_tools,South,5
2018-03-05,garden_tools,Southeast,46
2018-03-05,health_beauty,Central-West,10
2018-03-05,health_beauty,North,5
2018-03-05,health_beauty,Northeast,20
2018-03-05,health_beauty,South,16
2018-03-05,health_beauty,Southeast,120
2018-03-05,housewares,Central-West,5
2018-03-05,housewares,North,1
2018-03-05,housewares,Northeast,12
2018-03-05,housewares,South,15
2018-03-05,housewares,Southeast,69
2018-03-05,sports_leisure,Central-West,5
2018-03-05,sports_leisure,North,1
2018-03-05,sports_leisure,Northeast,19
2018-03-05,sports_leisure,South,35
2018-03-05,sports_leisure,Southeast,124
2018-03-05,telephony,Central-West,4
2018-03-05,telephony,North,4
2018-03-05,telephony,Northeast,17
2018-03-05,telephony,South,8
2018-03-05,telephony,Southeast,40
2018-03-05,watches_gifts,Central-West,10
2018-03-05,watches_gifts,North,3
2018-03-05,watches_gifts,Northeast,9
2018-03-05,watches_gifts,South,15
2018-03-05,watches_gifts,Southeast,68
2018-03-12,auto,Central-West,4
2018-03-12,auto,North,2
2018-03-12,auto,Northeast,13
2018-03-12,auto,South,10
2018-03-12,auto,Southeast,55
2018-03-12,bed_bath_table,Central-West,11
2018-03-12,bed_bath_table,North,1
2018-03-12,bed_bath_table,Northeast,8
2018-03-12,bed_bath_table,South,20
2018-03-12,bed_bath_table,Southeast,135
2018-03-12,computers_accessories,Central-West,5
2018-03-12,computers_accessories,North,1
2018-03-12,computers_accessories,Northeast,18
2018-03-12,computers_accessories,South,27
2018-03-12,computers_accessories,Southeast,84
2018-03-12,furniture_decor,Central-West,6
2018-03-12,furniture_decor,North,1
2018-03-12,furniture_decor,Northeast,6
2018-03-12,furniture_decor,South,40
2018-03-12,furniture_decor,Southeast,61
2018-03-12,garden_tools,Central-West,5
2018-03-12,garden_tools,North,4
2018-03-12,garden_tools,Northeast,12
2018-03-12,garden_tools,South,3
2018-03-12,garden_tools,Southeast,34
2018-03-12,health_beauty,Central-West,9
2018-03-12,health_beauty,North,5
2018-03-12,health_beauty,Northeast,14
2018-03-12,health_beauty,South,14
2018-03-12,health_beauty,Southeast,101
2018-03-12,housewares,Central-West,3
2018-03-12,housewares,North,1
2018-03-12,housewares,Northeast,7
2018-03-12,housewares,South,7
2018-03-12,housewares,Southeast,65
2018-03-12,sports_leisure,Central-West,12
2018-03-12,sports_leisure,North,3
2018-03-12,sports_leisure,Northeast,15
2018-03-12,sports_leisure,South,38
2018-03-12,sports_leisure,Southeast,116
2018-03-12,telephony,Central-West,4
2018-03-12,telephony,North,5
2018-03-12,telephony,Northeast,9
2018-03-12,telephony,South,13
2018-03-12,telephony,Southeast,46
2018-03-12,watches_gifts,Central-West,8
2018-03-12,watches_gifts,North,1
2018-03-12,watches_gifts,Northeast,12
2018-03-12,watches_gifts,South,17
2018-03-12,watches_gifts,Southeast,76
2018-03-19,auto,Central-West,8
2018-03-19,auto,North,4
2018-03-19,auto,Northeast,14
2018-03-19,auto,South,12
2018-03-19,auto,Southeast,56
2018-03-19,bed_bath_table,Central-West,11
2018-03-19,bed_bath_table,North,0
2018-03-19,bed_bath_table,Northeast,9
2018-03-19,bed_bath_table,South,28
2018-03-19,bed_bath_table,Southeast,166
2018-03-19,computers_accessories,Central-West,4
2018-03-19,computers_accessories,North,3
2018-03-19,computers_accessories,Northeast,9
2018-03-19,computers_accessories,South,27
2018-03-19,computers_accessories,Southeast,138
2018-03-19,furniture_decor,Central-West,6
2018-03-19,furniture_decor,North,0
2018-03-19,furniture_decor,Northeast,13
2018-03-19,furniture_decor,South,26
2018-03-19,furniture_decor,Southeast,85
2018-03-19,garden_tools,Central-West,2
2018-03-19,garden_tools,North,0
2018-03-19,garden_tools,Northeast,2
2018-03-19,garden_tools,South,13
2018-03-19,garden_tools,Southeast,43
2018-03-19,health_beauty,Central-West,7
2018-03-19,health_beauty,North,1
2018-03-19,health_beauty,Northeast,16
2018-03-19,health_beauty,South,17
2018-03-19,health_beauty,Southeast,103
2018-03-19,housewares,Central-West,12
2018-03-19,housewares,North,3
2018-03-19,housewares,Northeast,4
2018-03-19,housewares,South,20
2018-03-19,housewares,Southeast,76
2018-03-19,sports_leisure,Central-West,5
2018-03-19,sports_leisure,North,1
2018-03-19,sports_leisure,Northeast,12
2018-03-19,sports_leisure,South,26
2018-03-19,sports_leisure,Southeast,125
2018-03-19,telephony,Central-West,6
2018-03-19,telephony,North,3
2018-03-19,telephony,Northeast,17
2018-03-19,telephony,South,14
2018-03-19,telephony,Southeast,47
2018-03-19,watches_gifts,Central-West,9
2018-03-19,watches_gifts,North,3
2018-03-19,watches_gifts,Northeast,15
2018-03-19,watches_gifts,South,9
2018-03-19,watches_gifts,Southeast,61
2018-03-26,auto,Central-West,11
2018-03-26,auto,North,0
2018-03-26,auto,Northeast,7
2018-03-26,auto,South,8
2018-03-26,auto,Southeast,50
2018-03-26,bed_bath_table,Central-West,6
2018-03-26,bed_bath_table,North,2
2018-03-26,bed_bath_table,Northeast,9
2018-03-26,bed_bath_table,South,25
2018-03-26,bed_bath_table,Southeast,126
2018-03-26,computers_accessories,Central-West,5
2018-03-26,computers_accessories,North,1
2018-03-26,computers_accessories,Northeast,10
2018-03-26,computers_accessories,South,29
2018-03-26,computers_accessories,Southeast,112
2018-03-26,furniture_decor,Central-West,11
2018-03-26,furniture_decor,North,2
2018-03-26,furniture_decor,Northeast,8
2018-03-26,furniture_decor,South,9
2018-03-26,furniture_decor,Southeast,95
2018-03-26,garden_tools,Central-West,6
2018-03-26,garden_tools,North,1
2018-03-26,garden_tools,Northeast,6
2018-03-26,garden_tools,South,10
2018-03-26,garden_tools,Southeast,41
2018-03-26,health_beauty,Central-West,1
2018-03-26,health_beauty,North,2
2018-03-26,health_beauty,Northeast,21
2018-03-26,health_beauty,South,11
2018-03-26,health_beauty,Southeast,99
2018-03-26,housewares,Central-West,3
2018-03-26,housewares,North,0
2018-03-26,housewares,Northeast,6
2018-03-26,housewares,South,12
2018-03-26,housewares,Southeast,59
2018-03-26,sports_leisure,Central-West,7
2018-03-26,sports_leisure,North,3
2018-03-26,sports_leisure,Northeast,9
2018-03-26,sports_leisure,South,31
2018-03-26,sports_leisure,Southeast,100
2018-03-26,telephony,Central-West,8
2018-03-26,telephony,North,0
2018-03-26,telephony,Northeast,11
2018-03-26,telephony,South,13
2018-03-26,telephony,Southeast,47
2018-03-26,watches_gifts,Central-West,8
2018-03-26,watches_gifts,North,2
2018-03-26,watches_gifts,Northeast,9
2018-03-26,watches_gifts,South,9
2018-03-26,watches_gifts,Southeast,51
2018-04-02,auto,Central-West,7
2018-04-02,auto,North,2
2018-04-02,auto,Northeast,9
2018-04-02,auto,South,18
2018-04-02,auto,Southeast,53
2018-04-02,bed_bath_table,Central-West,10
2018-04-02,bed_bath_table,North,2
2018-04-02,bed_bath_table,Northeast,7
2018-04-02,bed_bath_table,South,21
2018-04-02,bed_bath_table,Southeast,134
2018-04-02,computers_accessories,Central-West,10
2018-04-02,computers_accessories,North,4
2018-04-02,computers_accessories,Northeast,15
2018-04-02,computers_accessories,South,20
2018-04-02,computers_accessories,Southeast,110
2018-04-02,furniture_decor,Central-West,6
2018-04-02,furniture_decor,North,2
2018-04-02,furniture_decor,Northeast,12
2018-04-02,furniture_decor,South,23
2018-04-02,furniture_decor,Southeast,98
2018-04-02,garden_tools,Central-West,1
2018-04-02,garden_tools,North,0
2018-04-02,garden_tools,Northeast,4
2018-04-02,garden_tools,South,2
2018-04-02,garden_tools,Southeast,36
2018-04-02,health_beauty,Central-West,5
2018-04-02,health_beauty,North,2
2018-04-02,health_beauty,Northeast,19
2018-04-02,health_beauty,South,11
2018-04-02,health_beauty,Southeast,108
2018-04-02,housewares,Central-West,2
2018-04-02,housewares,North,0
2018-04-02,housewares,Northeast,2
2018-04-02,housewares,South,9
2018-04-02,housewares,Southeast,66
2018-04-02,sports_leisure,Central-West,8
2018-04-02,sports_leisure,North,7
2018-04-02,sports_leisure,Northeast,14
2018-04-02,sports_leisure,South,27
2018-04-02,sports_leisure,Southeast,105
2018-04-02,telephony,Central-West,1
2018-04-02,telephony,North,0
2018-04-02,telephony,Northeast,5
2018-04-02,telephony,South,6
2018-04-02,telephony,Southeast,39
2018-04-02,watches_gifts,Central-West,11
2018-04-02,watches_gifts,North,4
2018-04-02,watches_gifts,Northeast,14
2018-04-02,watches_gifts,South,8
2018-04-02,watches_gifts,Southeast,56
2018-04-09,auto,Central-West,8
2018-04-09,auto,North,0
2018-04-09,auto,Northeast,15
2018-04-09,auto,South,16
2018-04-09,auto,Southeast,48
2018-04-09,bed_bath_table,Central-West,10
2018-04-09,bed_bath_table,North,3
2018-04-09,bed_bath_table,Northeast,8
2018-04-09,bed_bath_table,South,20
2018-04-09,bed_bath_table,Southeast,142
2018-04-09,computers_accessories,Central-West,4
2018-04-09,computers_accessories,North,0
2018-04-09,computers_accessories,Northeast,10
2018-04-09,computers_accessories,South,9
2018-04-09,computers_accessories,Southeast,85
2018-04-09,furniture_decor,Central-West,6
2018-04-09,furniture_decor,North,1
2018-04-09,furniture_decor,Northeast,5
2018-04-09,furniture_decor,South,29
2018-04-09,furniture_decor,Southeast,80
2018-04-09,garden_tools,Central-West,1
2018-04-09,garden_tools,North,2
2018-04-09,garden_tools,Northeast,4
2018-04-09,garden_tools,South,6
2018-04-09,garden_tools,Southeast,37
2018-04-09,health_beauty,Central-West,12
2018-04-09,health_beauty,North,6
2018-04-09,health_beauty,Northeast,12
2018-04-09,health_beauty,South,15
2018-04-09,health_beauty,Southeast,120
2018-04-09,housewares,Central-West,6
2018-04-09,housewares,North,1
2018-04-09,housewares,Northeast,6
2018-04-09,housewares,South,15
2018-04-09,housewares,Southeast,86
2018-04-09,sports_leisure,Central-West,6
2018-04-09,sports_leisure,North,4
2018-04-09,sports_leisure,Northeast,9
2018-04-09,sports_leisure,South,25
2018-04-09,sports_leisure,Southeast,100
2018-04-09,telephony,Central-West,5
2018-04-09,telephony,North,0
2018-04-09,telephony,Northeast,8
2018-04-09,telephony,South,7
2018-04-09,telephony,Southeast,52
2018-04-09,watches_gifts,Central-West,8
2018-04-09,watches_gifts,North,2
2018-04-09,watches_gifts,Northeast,9
2018-04-09,watches_gifts,South,15
2018-04-09,watches_gifts,Southeast,43
2018-04-16,auto,Central-West,3
2018-04-16,auto,North,2
2018-04-16,auto,Northeast,2
2018-04-16,auto,South,15
2018-04-16,auto,Southeast,62
2018-04-16,bed_bath_table,Central-West,11
2018-04-16,bed_bath_table,North,0
2018-04-16,bed_bath_table,Northeast,15
2018-04-16,bed_bath_table,South,34
2018-04-16,bed_bath_table,Southeast,121
2018-04-16,computers_accessories,Central-West,5
2018-04-16,computers_accessories,North,3
2018-04-16,computers_accessories,Northeast,13
2018-04-16,computers_accessories,South,17
2018-04-16,computers_accessories,Southeast,108
2018-04-16,furniture_decor,Central-West,13
2018-04-16,furniture_decor,North,1
2018-04-16,furniture_decor,Northeast,8
2018-04-16,furniture_decor,South,36
2018-04-16,furniture_decor,Southeast,110
2018-04-16,garden_tools,Central-West,3
2018-04-16,garden_tools,North,0
2018-04-16,garden_tools,Northeast,16
2018-04-16,garden_tools,South,8
2018-04-16,garden_tools,Southeast,59
2018-04-16,health_beauty,Central-West,11
2018-04-16,health_beauty,North,2
2018-04-16,health_beauty,Northeast,17
2018-04-16,health_beauty,South,25
2018-04-16,health_beauty,Southeast,97
2018-04-16,housewares,Central-West,4
2018-04-16,housewares,North,1
2018-04-16,housewares,Northeast,10
2018-04-16,housewares,South,18
2018-04-16,housewares,Southeast,86
2018-04-16,sports_leisure,Central-West,8
2018-04-16,sports_leisure,North,4
2018-04-16,sports_leisure,Northeast,5
2018-04-16,sports_leisure,South,11
2018-04-16,sports_leisure,Southeast,90
2018-04-16,telephony,Central-West,12
2018-04-16,telephony,North,4
2018-04-16,telephony,Northeast,13
2018-04-16,telephony,South,11
2018-04-16,telephony,Southeast,40
2018-04-16,watches_gifts,Central-West,7
2018-04-16,watches_gifts,North,2
2018-04-16,watches_gifts,Northeast,23
2018-04-16,watches_gifts,South,11
2018-04-16,watches_gifts,Southeast,69
2018-04-23,auto,Central-West,5
2018-04-23,auto,North,0
2018-04-23,auto,Northeast,8
2018-04-23,auto,South,4
2018-04-23,auto,Southeast,57
2018-04-23,bed_bath_table,Central-West,8
2018-04-23,bed_bath_table,North,0
2018-04-23,bed_bath_table,Northeast,7
2018-04-23,bed_bath_table,South,24
2018-04-23,bed_bath_table,Southeast,122
2018-04-23,computers_accessories,Central-West,9
2018-04-23,computers_accessories,North,1
2018-04-23,computers_accessories,Northeast,14
2018-04-23,computers_accessories,South,9
2018-04-23,computers_accessories,Southeast,67
2018-04-23,furniture_decor,Central-West,7
2018-04-23,furniture_decor,North,0
2018-04-23,furniture_decor,Northeast,10
2018-04-23,furniture_decor,South,34
2018-04-23,furniture_decor,Southeast,80
2018-04-23,garden_tools,Central-West,5
2018-04-23,garden_tools,North,0
2018-04-23,garden_tools,Northeast,7
2018-04-23,garden_tools,South,16
2018-04-23,garden_tools,Southeast,48
2018-04-23,health_beauty,Central-West,11
2018-04-23,health_beauty,North,3
2018-04-23,health_beauty,Northeast,24
2018-04-23,health_beauty,South,21
2018-04-23,health_beauty,Southeast,121
2018-04-23,housewares,Central-West,5
2018-04-23,housewares,North,1
2018-04-23,housewares,Northeast,8
2018-04-23,housewares,South,13
2018-04-23,housewares,Southeast,102
2018-04-23,sports_leisure,Central-West,8
2018-04-23,sports_leisure,North,5
2018-04-23,sports_leisure,Northeast,14
2018-04-23,sports_leisure,South,18
2018-04-23,sports_leisure,Southeast,90
2018-04-23,telephony,Central-West,2
2018-04-23,telephony,North,0
2018-04-23,telephony,Northeast,4
2018-04-23,telephony,South,11
2018-04-23,telephony,Southeast,44
2018-04-23,watches_gifts,Central-West,13
2018-04-23,watches_gifts,North,4
2018-04-23,watches_gifts,Northeast,17
2018-04-23,watches_gifts,South,29
2018-04-23,watches_gifts,Southeast,121
2018-04-30,auto,Central-West,4
2018-04-30,auto,North,1
2018-04-30,auto,Northeast,5
2018-04-30,auto,South,11
2018-04-30,auto,Southeast,58
2018-04-30,bed_bath_table,Central-West,13
2018-04-30,bed_bath_table,North,1
2018-04-30,bed_bath_table,Northeast,11
2018-04-30,bed_bath_table,South,24
2018-04-30,bed_bath_table,Southeast,138
2018-04-30,computers_accessories,Central-West,5
2018-04-30,computers_accessories,North,3
2018-04-30,computers_accessories,Northeast,17
2018-04-30,computers_accessories,South,13
2018-04-30,computers_accessories,Southeast,68
2018-04-30,furniture_decor,Central-West,7
2018-04-30,furniture_decor,North,4
2018-04-30,furniture_decor,Northeast,9
2018-04-30,furniture_decor,South,37
2018-04-30,furniture_decor,Southeast,84
2018-04-30,garden_tools,Central-West,8
2018-04-30,garden_tools,North,3
2018-04-30,garden_tools,Northeast,9
2018-04-30,garden_tools,South,8
2018-04-30,garden_tools,Southeast,69
2018-04-30,health_beauty,Central-West,14
2018-04-30,health_beauty,North,4
2018-04-30,health_beauty,Northeast,17
2018-04-30,health_beauty,South,29
2018-04-30,health_beauty,Southeast,167
2018-04-30,housewares,Central-West,10
2018-04-30,housewares,North,1
2018-04-30,housewares,Northeast,11
2018-04-30,housewares,South,25
2018-04-30,housewares,Southeast,91
2018-04-30,sports_leisure,Central-West,10
2018-04-30,sports_leisure,North,2
2018-04-30,sports_leisure,Northeast,6
2018-04-30,sports_leisure,South,13
2018-04-30,sports_leisure,Southeast,99
2018-04-30,telephony,Central-West,2
2018-04-30,telephony,North,0
2018-04-30,telephony,Northeast,6
2018-04-30,telephony,South,15
2018-04-30,telephony,Southeast,36
2018-04-30,watches_gifts,Central-West,12
2018-04-30,watches_gifts,North,2
2018-04-30,watches_gifts,Northeast,28
2018-04-30,watches_gifts,South,19
2018-04-30,watches_gifts,Southeast,150
2018-05-07,auto,Central-West,5
2018-05-07,auto,North,2
2018-05-07,auto,Northeast,9
2018-05-07,auto,South,12
2018-05-07,auto,Southeast,64
2018-05-07,bed_bath_table,Central-West,6
2018-05-07,bed_bath_table,North,0
2018-05-07,bed_bath_table,Northeast,7
2018-05-07,bed_bath_table,South,23
2018-05-07,bed_bath_table,Southeast,128
2018-05-07,computers_accessories,Central-West,15
2018-05-07,computers_accessories,North,3
2018-05-07,computers_accessories,Northeast,13
2018-05-07,computers_accessories,South,21
2018-05-07,computers_accessories,Southeast,83
2018-05-07,furniture_decor,Central-West,11
2018-05-07,furniture_decor,North,2
2018-05-07,furniture_decor,Northeast,18
2018-05-07,furniture_decor,South,24
2018-05-07,furniture_decor,Southeast,121
2018-05-07,garden_tools,Central-West,4
2018-05-07,garden_tools,North,0
2018-05-07,garden_tools,Northeast,4
2018-05-07,garden_tools,South,8
2018-05-07,garden_tools,Southeast,46
2018-05-07,health_beauty,Central-West,19
2018-05-07,health_beauty,North,0
2018-05-07,health_beauty,Northeast,30
2018-05-07,health_beauty,South,31
2018-05-07,health_beauty,Southeast,165
2018-05-07,housewares,Central-West,11
2018-05-07,housewares,North,2
2018-05-07,housewares,Northeast,6
2018-05-07,housewares,South,27
2018-05-07,housewares,Southeast,126
2018-05-07,sports_leisure,Central-West,4
2018-05-07,sports_leisure,North,2
2018-05-07,sports_leisure,Northeast,9
2018-05-07,sports_leisure,South,26
2018-05-07,sports_leisure,Southeast,105
2018-05-07,telephony,Central-West,6
2018-05-07,telephony,North,2
2018-05-07,telephony,Northeast,17
2018-05-07,telephony,South,6
2018-05-07,telephony,Southeast,49
2018-05-07,watches_gifts,Central-West,12
2018-05-07,watches_gifts,North,4
2018-05-07,watches_gifts,Northeast,31
2018-05-07,watches_gifts,South,22
2018-05-07,watches_gifts,Southeast,157
2018-05-14,auto,Central-West,7
2018-05-14,auto,North,0
2018-05-14,auto,Northeast,3
2018-05-14,auto,South,14
2018-05-14,auto,Southeast,72
2018-05-14,bed_bath_table,Central-West,6
2018-05-14,bed_bath_table,North,0
2018-05-14,bed_bath_table,Northeast,10
2018-05-14,bed_bath_table,South,24
2018-05-14,bed_bath_table,Southeast,178
2018-05-14,computers_accessories,Central-West,4
2018-05-14,computers_accessories,North,3
2018-05-14,computers_accessories,Northeast,12
2018-05-14,computers_accessories,South,13
2018-05-14,computers_accessories,Southeast,98
2018-05-14,furniture_decor,Central-West,13
2018-05-14,furniture_decor,North,5
2018-05-14,furniture_decor,Northeast,6
2018-05-14,furniture_decor,South,37
2018-05-14,furniture_decor,Southeast,115
2018-05-14,garden_tools,Central-West,6
2018-05-14,garden_tools,North,2
2018-05-14,garden_tools,Northeast,1
2018-05-14,garden_tools,South,11
2018-05-14,garden_tools,Southeast,67
2018-05-14,health_beauty,Central-West,6
2018-05-14,health_beauty,North,2
2018-05-14,health_beauty,Northeast,9
2018-05-14,health_beauty,South,9
2018-05-14,health_beauty,Southeast,144
2018-05-14,housewares,Central-West,4
2018-05-14,housewares,North,0
2018-05-14,housewares,Northeast,18
2018-05-14,housewares,South,29
2018-05-14,housewares,Southeast,126
2018-05-14,sports_leisure,Central-West,9
2018-05-14,sports_leisure,North,0
2018-05-14,sports_leisure,Northeast,4
2018-05-14,sports_leisure,South,16
2018-05-14,sports_leisure,Southeast,104
2018-05-14,telephony,Central-West,0
2018-05-14,telephony,North,2
2018-05-14,telephony,Northeast,9
2018-05-14,telephony,South,8
2018-05-14,telephony,Southeast,42
2018-05-14,watches_gifts,Central-West,5
2018-05-14,watches_gifts,North,1
2018-05-14,watches_gifts,Northeast,17
2018-05-14,watches_gifts,South,8
2018-05-14,watches_gifts,Southeast,86
2018-05-21,auto,Central-West,1
2018-05-21,auto,North,0
2018-05-21,auto,Northeast,2
2018-05-21,auto,South,4
2018-05-21,auto,Southeast,30
2018-05-21,bed_bath_table,Central-West,4
2018-05-21,bed_bath_table,North,1
2018-05-21,bed_bath_table,Northeast,5
2018-05-21,bed_bath_table,South,13
2018-05-21,bed_bath_table,Southeast,110
2018-05-21,computers_accessories,Central-West,4
2018-05-21,computers_accessories,North,1
2018-05-21,computers_accessories,Northeast,11
2018-05-21,computers_accessories,South,12
2018-05-21,computers_accessories,Southeast,45
2018-05-21,furniture_decor,Central-West,8
2018-05-21,furniture_decor,North,1
2018-05-21,furniture_decor,Northeast,4
2018-05-21,furniture_decor,South,5
2018-05-21,furniture_decor,Southeast,66
2018-05-21,garden_tools,Central-West,1
2018-05-21,garden_tools,North,0
2018-05-21,garden_tools,Northeast,2
2018-05-21,garden_tools,South,12
2018-05-21,garden_tools,Southeast,30
2018-05-21,health_beauty,Central-West,4
2018-05-21,health_beauty,North,1
2018-05-21,health_beauty,Northeast,8
2018-05-21,health_beauty,South,7
2018-05-21,health_beauty,Southeast,78
2018-05-21,housewares,Central-West,0
2018-05-21,housewares,North,1
2018-05-21,housewares,Northeast,4
2018-05-21,housewares,South,10
2018-05-21,housewares,Southeast,67
2018-05-21,sports_leisure,Central-West,5
2018-05-21,sports_leisure,North,0
2018-05-21,sports_leisure,Northeast,3
2018-05-21,sports_leisure,South,5
2018-05-21,sports_leisure,Southeast,44
2018-05-21,telephony,Central-West,2
2018-05-21,telephony,North,2
2018-05-21,telephony,Northeast,1
2018-05-21,telephony,South,7
2018-05-21,telephony,Southeast,27
2018-05-21,watches_gifts,Central-West,3
2018-05-21,watches_gifts,North,0
2018-05-21,watches_gifts,Northeast,7
2018-05-21,watches_gifts,South,5
2018-05-21,watches_gifts,Southeast,47
2018-05-28,auto,Central-West,4
2018-05-28,auto,North,0
2018-05-28,auto,Northeast,7
2018-05-28,auto,South,6
2018-05-28,auto,Southeast,24
2018-05-28,bed_bath_table,Central-West,4
2018-05-28,bed_bath_table,North,0
2018-05-28,bed_bath_table,Northeast,5
2018-05-28,bed_bath_table,South,14
2018-05-28,bed_bath_table,Southeast,110
2018-05-28,computers_accessories,Central-West,2
2018-05-28,computers_accessories,North,0
2018-05-28,computers_accessories,Northeast,7
2018-05-28,computers_accessories,South,5
2018-05-28,computers_accessories,Southeast,37
2018-05-28,furniture_decor,Central-West,7
2018-05-28,furniture_decor,North,0
2018-05-28,furniture_decor,Northeast,8
2018-05-28,furniture_decor,South,13
2018-05-28,furniture_decor,Southeast,60
2018-05-28,garden_tools,Central-West,0
2018-05-28,garden_tools,North,0
2018-05-28,garden_tools,Northeast,6
2018-05-28,garden_tools,South,2
2018-05-28,garden_tools,Southeast,20
2018-05-28,health_beauty,Central-West,6
2018-05-28,health_beauty,North,1
2018-05-28,health_beauty,Northeast,15
2018-05-28,health_beauty,South,11
2018-05-28,health_beauty,Southeast,80
2018-05-28,housewares,Central-West,4
2018-05-28,housewares,North,1
2018-05-28,housewares,Northeast,6
2018-05-28,housewares,South,11
2018-05-28,housewares,Southeast,102
2018-05-28,sports_leisure,Central-West,6
2018-05-28,sports_leisure,North,3
2018-05-28,sports_leisure,Northeast,5
2018-05-28,sports_leisure,South,18
2018-05-28,sports_leisure,Southeast,52
2018-05-28,telephony,Central-West,2
2018-05-28,telephony,North,3
2018-05-28,telephony,Northeast,8
2018-05-28,telephony,South,8
2018-05-28,telephony,Southeast,20
2018-05-28,watches_gifts,Central-West,7
2018-05-28,watches_gifts,North,1
2018-05-28,watches_gifts,Northeast,11
2018-05-28,watches_gifts,South,4
2018-05-28,watches_gifts,Southeast,67
2018-06-04,auto,Central-West,8
2018-06-04,auto,North,3
2018-06-04,auto,Northeast,6
2018-06-04,auto,South,17
2018-06-04,auto,Southeast,45
2018-06-04,bed_bath_table,Central-West,7
2018-06-04,bed_bath_table,North,0
2018-06-04,bed_bath_table,Northeast,6
2018-06-04,bed_bath_table,South,24
2018-06-04,bed_bath_table,Southeast,162
2018-06-04,computers_accessories,Central-West,1
2018-06-04,computers_accessories,North,3
2018-06-04,computers_accessories,Northeast,16
2018-06-04,computers_accessories,South,13
2018-06-04,computers_accessories,Southeast,79
2018-06-04,furniture_decor,Central-West,4
2018-06-04,furniture_decor,North,6
2018-06-04,furniture_decor,Northeast,2
2018-06-04,furniture_decor,South,17
2018-06-04,furniture_decor,Southeast,39
2018-06-04,garden_tools,Central-West,2
2018-06-04,garden_tools,North,1
2018-06-04,garden_tools,Northeast,0
2018-06-04,garden_tools,South,8
2018-06-04,garden_tools,Southeast,36
2018-06-04,health_beauty,Central-West,14
2018-06-04,health_beauty,North,8
2018-06-04,health_beauty,Northeast,24
2018-06-04,health_beauty,South,17
2018-06-04,health_beauty,Southeast,134
2018-06-04,housewares,Central-West,10
2018-06-04,housewares,North,0
2018-06-04,housewares,Northeast,4
2018-06-04,housewares,South,26
2018-06-04,housewares,Southeast,126
2018-06-04,sports_leisure,Central-West,8
2018-06-04,sports_leisure,North,5
2018-06-04,sports_leisure,Northeast,9
2018-06-04,sports_leisure,South,7
2018-06-04,sports_leisure,Southeast,49
2018-06-04,telephony,Central-West,1
2018-06-04,telephony,North,3
2018-06-04,telephony,Northeast,7
2018-06-04,telephony,South,7
2018-06-04,telephony,Southeast,27
2018-06-04,watches_gifts,Central-West,5
2018-06-04,watches_gifts,North,1
2018-06-04,watches_gifts,Northeast,13
2018-06-04,watches_gifts,South,9
2018-06-04,watches_gifts,Southeast,63
2018-06-11,auto,Central-West,2
2018-06-11,auto,North,0
2018-06-11,auto,Northeast,6
2018-06-11,auto,South,11
2018-06-11,auto,Southeast,39
2018-06-11,bed_bath_table,Central-West,2
2018-06-11,bed_bath_table,North,0
2018-06-11,bed_bath_table,Northeast,10
2018-06-11,bed_bath_table,South,12
2018-06-11,bed_bath_table,Southeast,159
2018-06-11,computers_accessories,Central-West,5
2018-06-11,computers_accessories,North,3
2018-06-11,computers_accessories,Northeast,10
2018-06-11,computers_accessories,South,13
2018-06-11,computers_accessories,Southeast,50
2018-06-11,furniture_decor,Central-West,8
2018-06-11,furniture_decor,North,0
2018-06-11,furniture_decor,Northeast,5
2018-06-11,furniture_decor,South,20
2018-06-11,furniture_decor,Southeast,67
2018-06-11,garden_tools,Central-West,1
2018-06-11,garden_tools,North,3
2018-06-11,garden_tools,Northeast,4
2018-06-11,garden_tools,South,5
2018-06-11,garden_tools,Southeast,29
2018-06-11,health_beauty,Central-West,13
2018-06-11,health_beauty,North,3
2018-06-11,health_beauty,Northeast,22
2018-06-11,health_beauty,South,18
2018-06-11,health_beauty,Southeast,167
2018-06-11,housewares,Central-West,8
2018-06-11,housewares,North,3
2018-06-11,housewares,Northeast,5
2018-06-11,housewares,South,18
2018-06-11,housewares,Southeast,96
2018-06-11,sports_leisure,Central-West,3
2018-06-11,sports_leisure,North,3
2018-06-11,sports_leisure,Northeast,11
2018-06-11,sports_leisure,South,15
2018-06-11,sports_leisure,Southeast,80
2018-06-11,telephony,Central-West,4
2018-06-11,telephony,North,0
2018-06-11,telephony,Northeast,8
2018-06-11,telephony,South,7
2018-06-11,telephony,Southeast,43
2018-06-11,watches_gifts,Central-West,9
2018-06-11,watches_gifts,North,3
2018-06-11,watches_gifts,Northeast,18
2018-06-11,watches_gifts,South,15
2018-06-11,watches_gifts,Southeast,91
2018-06-18,auto,Central-West,4
2018-06-18,auto,North,0
2018-06-18,auto,Northeast,9
2018-06-18,auto,South,11
2018-06-18,auto,Southeast,50
2018-06-18,bed_bath_table,Central-West,6
2018-06-18,bed_bath_table,North,1
2018-06-18,bed_bath_table,Northeast,2
2018-06-18,bed_bath_table,South,27
2018-06-18,bed_bath_table,Southeast,158
2018-06-18,computers_accessories,Central-West,7
2018-06-18,computers_accessories,North,0
2018-06-18,computers_accessories,Northeast,9
2018-06-18,computers_accessories,South,19
2018-06-18,computers_accessories,Southeast,71
2018-06-18,furniture_decor,Central-West,6
2018-06-18,furniture_decor,North,0
2018-06-18,furniture_decor,Northeast,7
2018-06-18,furniture_decor,South,22
2018-06-18,furniture_decor,Southeast,52
2018-06-18,garden_tools,Central-West,0
2018-06-18,garden_tools,North,0
2018-06-18,garden_tools,Northeast,2
2018-06-18,garden_tools,South,3
2018-06-18,garden_tools,Southeast,25
2018-06-18,health_beauty,Central-West,10
2018-06-18,health_beauty,North,4
2018-06-18,health_beauty,Northeast,19
2018-06-18,health_beauty,South,23
2018-06-18,health_beauty,Southeast,171
2018-06-18,housewares,Central-West,9
2018-06-18,housewares,North,2
2018-06-18,housewares,Northeast,6
2018-06-18,housewares,South,12
2018-06-18,housewares,Southeast,85
2018-06-18,sports_leisure,Central-West,11
2018-06-18,sports_leisure,North,2
2018-06-18,sports_leisure,Northeast,10
2018-06-18,sports_leisure,South,12
2018-06-18,sports_leisure,Southeast,72
2018-06-18,telephony,Central-West,17
2018-06-18,telephony,North,0
2018-06-18,telephony,Northeast,7
2018-06-18,telephony,South,9
2018-06-18,telephony,Southeast,26
2018-06-18,watches_gifts,Central-West,7
2018-06-18,watches_gifts,North,2
2018-06-18,watches_gifts,Northeast,17
2018-06-18,watches_gifts,South,12
2018-06-18,watches_gifts,Southeast,79
2018-06-25,auto,Central-West,5
2018-06-25,auto,North,1
2018-06-25,auto,Northeast,5
2018-06-25,auto,South,9
2018-06-25,auto,Southeast,50
2018-06-25,bed_bath_table,Central-West,4
2018-06-25,bed_bath_table,North,0
2018-06-25,bed_bath_table,Northeast,19
2018-06-25,bed_bath_table,South,20
2018-06-25,bed_bath_table,Southeast,113
2018-06-25,computers_accessories,Central-West,2
2018-06-25,computers_accessories,North,0
2018-06-25,computers_accessories,Northeast,8
2018-06-25,computers_accessories,South,19
2018-06-25,computers_accessories,Southeast,76
2018-06-25,furniture_decor,Central-West,1
2018-06-25,furniture_decor,North,1
2018-06-25,furniture_decor,Northeast,14
2018-06-25,furniture_decor,South,20
2018-06-25,furniture_decor,Southeast,84
2018-06-25,garden_tools,Central-West,4
2018-06-25,garden_tools,North,1
2018-06-25,garden_tools,Northeast,5
2018-06-25,garden_tools,South,9
2018-06-25,garden_tools,Southeast,52
2018-06-25,health_beauty,Central-West,8
2018-06-25,health_beauty,North,7
2018-06-25,health_beauty,Northeast,20
2018-06-25,health_beauty,South,24
2018-06-25,health_beauty,Southeast,131
2018-06-25,housewares,Central-West,9
2018-06-25,housewares,North,3
2018-06-25,housewares,Northeast,18
2018-06-25,housewares,South,19
2018-06-25,housewares,Southeast,88
2018-06-25,sports_leisure,Central-West,6
2018-06-25,sports_leisure,North,0
2018-06-25,sports_leisure,Northeast,5
2018-06-25,sports_leisure,South,13
2018-06-25,sports_leisure,Southeast,78
2018-06-25,telephony,Central-West,4
2018-06-25,telephony,North,1
2018-06-25,telephony,Northeast,1
2018-06-25,telephony,South,8
2018-06-25,telephony,Southeast,24
2018-06-25,watches_gifts,Central-West,11
2018-06-25,watches_gifts,North,3
2018-06-25,watches_gifts,Northeast,7
2018-06-25,watches_gifts,South,12
2018-06-25,watches_gifts,Southeast,74
2018-07-02,auto,Central-West,0
2018-07-02,auto,North,2
2018-07-02,auto,Northeast,4
2018-07-02,auto,South,9
2018-07-02,auto,Southeast,44
2018-07-02,bed_bath_table,Central-West,9
2018-07-02,bed_bath_table,North,3
2018-07-02,bed_bath_table,Northeast,6
2018-07-02,bed_bath_table,South,14
2018-07-02,bed_bath_table,Southeast,96
2018-07-02,computers_accessories,Central-West,3
2018-07-02,computers_accessories,North,0
2018-07-02,computers_accessories,Northeast,9
2018-07-02,computers_accessories,South,11
2018-07-02,computers_accessories,Southeast,58
2018-07-02,furniture_decor,Central-West,4
2018-07-02,furniture_decor,North,1
2018-07-02,furniture_decor,Northeast,5
2018-07-02,furniture_decor,South,17
2018-07-02,furniture_decor,Southeast,63
2018-07-02,garden_tools,Central-West,0
2018-07-02,garden_tools,North,0
2018-07-02,garden_tools,Northeast,4
2018-07-02,garden_tools,South,5
2018-07-02,garden_tools,Southeast,27
2018-07-02,health_beauty,Central-West,6
2018-07-02,health_beauty,North,5
2018-07-02,health_beauty,Northeast,20
2018-07-02,health_beauty,South,13
2018-07-02,health_beauty,Southeast,138
2018-07-02,housewares,Central-West,4
2018-07-02,housewares,North,1
2018-07-02,housewares,Northeast,7
2018-07-02,housewares,South,17
2018-07-02,housewares,Southeast,82
2018-07-02,sports_leisure,Central-West,7
2018-07-02,sports_leisure,North,1
2018-07-02,sports_leisure,Northeast,10
2018-07-02,sports_leisure,South,18
2018-07-02,sports_leisure,Southeast,78
2018-07-02,telephony,Central-West,1
2018-07-02,telephony,North,0
2018-07-02,telephony,Northeast,7
2018-07-02,telephony,South,9
2018-07-02,telephony,Southeast,18
2018-07-02,watches_gifts,Central-West,5
2018-07-02,watches_gifts,North,2
2018-07-02,watches_gifts,Northeast,12
2018-07-02,watches_gifts,South,11
2018-07-02,watches_gifts,Southeast,56
2018-07-09,auto,Central-West,3
2018-07-09,auto,North,2
2018-07-09,auto,Northeast,19
2018-07-09,auto,South,12
2018-07-09,auto,Southeast,19
2018-07-09,bed_bath_table,Central-West,8
2018-07-09,bed_bath_table,North,0
2018-07-09,bed_bath_table,Northeast,9
2018-07-09,bed_bath_table,South,13
2018-07-09,bed_bath_table,Southeast,50
2018-07-09,computers_accessories,Central-West,1
2018-07-09,computers_accessories,North,1
2018-07-09,computers_accessories,Northeast,10
2018-07-09,computers_accessories,South,16
2018-07-09,computers_accessories,Southeast,38
2018-07-09,furniture_decor,Central-West,2
2018-07-09,furniture_decor,North,1
2018-07-09,furniture_decor,Northeast,6
2018-07-09,furniture_decor,South,8
2018-07-09,furniture_decor,Southeast,26
2018-07-09,garden_tools,Central-West,1
2018-07-09,garden_tools,North,1
2018-07-09,garden_tools,Northeast,3
2018-07-09,garden_tools,South,2
2018-07-09,garden_tools,Southeast,16
2018-07-09,health_beauty,Central-West,15
2018-07-09,health_beauty,North,6
2018-07-09,health_beauty,Northeast,27
2018-07-09,health_beauty,South,15
2018-07-09,health_beauty,Southeast,82
2018-07-09,housewares,Central-West,12
2018-07-09,housewares,North,0
2018-07-09,housewares,Northeast,5
2018-07-09,housewares,South,10
2018-07-09,housewares,Southeast,43
2018-07-09,sports_leisure,Central-West,4
2018-07-09,sports_leisure,North,2
2018-07-09,sports_leisure,Northeast,10
2018-07-09,sports_leisure,South,6
2018-07-09,sports_leisure,Southeast,38
2018-07-09,telephony,Central-West,1
2018-07-09,telephony,North,1
2018-07-09,telephony,Northeast,6
2018-07-09,telephony,South,12
2018-07-09,telephony,Southeast,12
2018-07-09,watches_gifts,Central-West,8
2018-07-09,watches_gifts,North,4
2018-07-09,watches_gifts,Northeast,28
2018-07-09,watches_gifts,South,16
2018-07-09,watches_gifts,Southeast,65
2018-07-16,auto,Central-West,7
2018-07-16,auto,North,5
2018-07-16,auto,Northeast,12
2018-07-16,auto,South,17
2018-07-16,auto,Southeast,55
2018-07-16,bed_bath_table,Central-West,11
2018-07-16,bed_bath_table,North,1
2018-07-16,bed_bath_table,Northeast,6
2018-07-16,bed_bath_table,South,20
2018-07-16,bed_bath_table,Southeast,144
2018-07-16,computers_accessories,Central-West,8
2018-07-16,computers_accessories,North,4
2018-07-16,computers_accessories,Northeast,9
2018-07-16,computers_accessories,South,17
2018-07-16,computers_accessories,Southeast,66
2018-07-16,furniture_decor,Central-West,3
2018-07-16,furniture_decor,North,3
2018-07-16,furniture_decor,Northeast,10
2018-07-16,furniture_decor,South,24
2018-07-16,furniture_decor,Southeast,77
2018-07-16,garden_tools,Central-West,3
2018-07-16,garden_tools,North,1
2018-07-16,garden_tools,Northeast,5
2018-07-16,garden_tools,South,3
2018-07-16,garden_tools,Southeast,28
2018-07-16,health_beauty,Central-West,14
2018-07-16,health_beauty,North,2
2018-07-16,health_beauty,Northeast,29
2018-07-16,health_beauty,South,22
2018-07-16,health_beauty,Southeast,153
2018-07-16,housewares,Central-West,11
2018-07-16,housewares,North,1
2018-07-16,housewares,Northeast,5
2018-07-16,housewares,South,31
2018-07-16,housewares,Southeast,82
2018-07-16,sports_leisure,Central-West,5
2018-07-16,sports_leisure,North,3
2018-07-16,sports_leisure,Northeast,18
2018-07-16,sports_leisure,South,16
2018-07-16,sports_leisure,Southeast,64
2018-07-16,telephony,Central-West,7
2018-07-16,telephony,North,3
2018-07-16,telephony,Northeast,4
2018-07-16,telephony,South,10
2018-07-16,telephony,Southeast,38
2018-07-16,watches_gifts,Central-West,8
2018-07-16,watches_gifts,North,3
2018-07-16,watches_gifts,Northeast,16
2018-07-16,watches_gifts,South,20
2018-07-16,watches_gifts,Southeast,98
2018-07-23,auto,Central-West,7
2018-07-23,auto,North,3
2018-07-23,auto,Northeast,10
2018-07-23,auto,South,12
2018-07-23,auto,Southeast,65
2018-07-23,bed_bath_table,Central-West,10
2018-07-23,bed_bath_table,North,2
2018-07-23,bed_bath_table,Northeast,6
2018-07-23,bed_bath_table,South,16
2018-07-23,bed_bath_table,Southeast,118
2018-07-23,computers_accessories,Central-West,6
2018-07-23,computers_accessories,North,6
2018-07-23,computers_accessories,Northeast,9
2018-07-23,computers_accessories,South,15
2018-07-23,computers_accessories,Southeast,81
2018-07-23,furniture_decor,Central-West,4
2018-07-23,furniture_decor,North,6
2018-07-23,furniture_decor,Northeast,9
2018-07-23,furniture_decor,South,28
2018-07-23,furniture_decor,Southeast,84
2018-07-23,garden_tools,Central-West,1
2018-07-23,garden_tools,North,0
2018-07-23,garden_tools,Northeast,6
2018-07-23,garden_tools,South,6
2018-07-23,garden_tools,Southeast,46
2018-07-23,health_beauty,Central-West,6
2018-07-23,health_beauty,North,6
2018-07-23,health_beauty,Northeast,22
2018-07-23,health_beauty,South,18
2018-07-23,health_beauty,Southeast,118
2018-07-23,housewares,Central-West,20
2018-07-23,housewares,North,0
2018-07-23,housewares,Northeast,6
2018-07-23,housewares,South,26
2018-07-23,housewares,Southeast,117
2018-07-23,sports_leisure,Central-West,11
2018-07-23,sports_leisure,North,6
2018-07-23,sports_leisure,Northeast,7
2018-07-23,sports_leisure,South,21
2018-07-23,sports_leisure,Southeast,88
2018-07-23,telephony,Central-West,4
2018-07-23,telephony,North,0
2018-07-23,telephony,Northeast,17
2018-07-23,telephony,South,6
2018-07-23,telephony,Southeast,36
2018-07-23,watches_gifts,Central-West,10
2018-07-23,watches_gifts,North,5
2018-07-23,watches_gifts,Northeast,21
2018-07-23,watches_gifts,South,11
2018-07-23,watches_gifts,Southeast,69
2018-07-30,auto,Central-West,4
2018-07-30,auto,North,1
2018-07-30,auto,Northeast,12
2018-07-30,auto,South,14
2018-07-30,auto,Southeast,70
2018-07-30,bed_bath_table,Central-West,6
2018-07-30,bed_bath_table,North,0
2018-07-30,bed_bath_table,Northeast,7
2018-07-30,bed_bath_table,South,12
2018-07-30,bed_bath_table,Southeast,174
2018-07-30,computers_accessories,Central-West,7
2018-07-30,computers_accessories,North,9
2018-07-30,computers_accessories,Northeast,12
2018-07-30,computers_accessories,South,13
2018-07-30,computers_accessories,Southeast,109
2018-07-30,furniture_decor,Central-West,6
2018-07-30,furniture_decor,North,0
2018-07-30,furniture_decor,Northeast,9
2018-07-30,furniture_decor,South,21
2018-07-30,furniture_decor,Southeast,111
2018-07-30,garden_tools,Central-West,1
2018-07-30,garden_tools,North,0
2018-07-30,garden_tools,Northeast,3
2018-07-30,garden_tools,South,4
2018-07-30,garden_tools,Southeast,26
2018-07-30,health_beauty,Central-West,15
2018-07-30,health_beauty,North,11
2018-07-30,health_beauty,Northeast,27
2018-07-30,health_beauty,South,21
2018-07-30,health_beauty,Southeast,166
2018-07-30,housewares,Central-West,18
2018-07-30,housewares,North,4
2018-07-30,housewares,Northeast,7
2018-07-30,housewares,South,33
2018-07-30,housewares,Southeast,141
2018-07-30,sports_leisure,Central-West,10
2018-07-30,sports_leisure,North,5
2018-07-30,sports_leisure,Northeast,12
2018-07-30,sports_leisure,South,17
2018-07-30,sports_leisure,Southeast,105
2018-07-30,telephony,Central-West,7
2018-07-30,telephony,North,1
2018-07-30,telephony,Northeast,16
2018-07-30,telephony,South,10
2018-07-30,telephony,Southeast,67
2018-07-30,watches_gifts,Central-West,9
2018-07-30,watches_gifts,North,2
2018-07-30,watches_gifts,Northeast,26
2018-07-30,watches_gifts,South,17
2018-07-30,watches_gifts,Southeast,104
2018-08-06,auto,Central-West,9
2018-08-06,auto,North,3
2018-08-06,auto,Northeast,21
2018-08-06,auto,South,13
2018-08-06,auto,Southeast,91
2018-08-06,bed_bath_table,Central-West,9
2018-08-06,bed_bath_table,North,0
2018-08-06,bed_bath_table,Northeast,3
2018-08-06,bed_bath_table,South,31
2018-08-06,bed_bath_table,Southeast,151
2018-08-06,computers_accessories,Central-West,11
2018-08-06,computers_accessories,North,0
2018-08-06,computers_accessories,Northeast,5
2018-08-06,computers_accessories,South,21
2018-08-06,computers_accessories,Southeast,91
2018-08-06,furniture_decor,Central-West,3
2018-08-06,furniture_decor,North,4
2018-08-06,furniture_decor,Northeast,6
2018-08-06,furniture_decor,South,50
2018-08-06,furniture_decor,Southeast,82
2018-08-06,garden_tools,Central-West,5
2018-08-06,garden_tools,North,0
2018-08-06,garden_tools,Northeast,2
2018-08-06,garden_tools,South,12
2018-08-06,garden_tools,Southeast,33
2018-08-06,health_beauty,Central-West,19
2018-08-06,health_beauty,North,7
2018-08-06,health_beauty,Northeast,23
2018-08-06,health_beauty,South,28
2018-08-06,health_beauty,Southeast,185
2018-08-06,housewares,Central-West,2
2018-08-06,housewares,North,0
2018-08-06,housewares,Northeast,7
2018-08-06,housewares,South,28
2018-08-06,housewares,Southeast,138
2018-08-06,sports_leisure,Central-West,7
2018-08-06,sports_leisure,North,1
2018-08-06,sports_leisure,Northeast,9
2018-08-06,sports_leisure,South,28
2018-08-06,sports_leisure,Southeast,83
2018-08-06,telephony,Central-West,8
2018-08-06,telephony,North,2
2018-08-06,telephony,Northeast,19
2018-08-06,telephony,South,32
2018-08-06,telephony,Southeast,46
2018-08-06,watches_gifts,Central-West,9
2018-08-06,watches_gifts,North,5
2018-08-06,watches_gifts,Northeast,18
2018-08-06,watches_gifts,South,16
2018-08-06,watches_gifts,Southeast,75
2018-08-13,auto,Central-West,7
2018-08-13,auto,North,1
2018-08-13,auto,Northeast,5
2018-08-13,auto,South,17
2018-08-13,auto,Southeast,76
2018-08-13,bed_bath_table,Central-West,11
2018-08-13,bed_bath_table,North,0
2018-08-13,bed_bath_table,Northeast,9
2018-08-13,bed_bath_table,South,25
2018-08-13,bed_bath_table,Southeast,167
2018-08-13,computers_accessories,Central-West,5
2018-08-13,computers_accessories,North,1
2018-08-13,computers_accessories,Northeast,12
2018-08-13,computers_accessories,South,13
2018-08-13,computers_accessories,Southeast,93
2018-08-13,furniture_decor,Central-West,7
2018-08-13,furniture_decor,North,3
2018-08-13,furniture_decor,Northeast,9
2018-08-13,furniture_decor,South,13
2018-08-13,furniture_decor,Southeast,93
2018-08-13,garden_tools,Central-West,4
2018-08-13,garden_tools,North,0
2018-08-13,garden_tools,Northeast,4
2018-08-13,garden_tools,South,6
2018-08-13,garden_tools,Southeast,27
2018-08-13,health_beauty,Central-West,22
2018-08-13,health_beauty,North,3
2018-08-13,health_beauty,Northeast,25
2018-08-13,health_beauty,South,35
2018-08-13,health_beauty,Southeast,153
2018-08-13,housewares,Central-West,9
2018-08-13,housewares,North,1
2018-08-13,housewares,Northeast,3
2018-08-13,housewares,South,23
2018-08-13,housewares,Southeast,159
2018-08-13,sports_leisure,Central-West,9
2018-08-13,sports_leisure,North,1
2018-08-13,sports_leisure,Northeast,6
2018-08-13,sports_leisure,South,14
2018-08-13,sports_leisure,Southeast,119
2018-08-13,telephony,Central-West,4
2018-08-13,telephony,North,0
2018-08-13,telephony,Northeast,7
2018-08-13,telephony,South,9
2018-08-13,telephony,Southeast,43
2018-08-13,watches_gifts,Central-West,7
2018-08-13,watches_gifts,North,0
2018-08-13,watches_gifts,Northeast,14
2018-08-13,watches_gifts,South,12
2018-08-13,watches_gifts,Southeast,80
2018-08-20,auto,Central-West,2
2018-08-20,auto,North,0
2018-08-20,auto,Northeast,3
2018-08-20,auto,South,9
2018-08-20,auto,Southeast,45
2018-08-20,bed_bath_table,Central-West,1
2018-08-20,bed_bath_table,North,0
2018-08-20,bed_bath_table,Northeast,2
2018-08-20,bed_bath_table,South,5
2018-08-20,bed_bath_table,Southeast,96
2018-08-20,computers_accessories,Central-West,3
2018-08-20,computers_accessories,North,0
2018-08-20,computers_accessories,Northeast,2
2018-08-20,computers_accessories,South,8
2018-08-20,computers_accessories,Southeast,45
2018-08-20,furniture_decor,Central-West,0
2018-08-20,furniture_decor,North,0
2018-08-20,furniture_decor,Northeast,0
2018-08-20,furniture_decor,South,7
2018-08-20,furniture_decor,Southeast,53
2018-08-20,garden_tools,Central-West,0
2018-08-20,garden_tools,North,0
2018-08-20,garden_tools,Northeast,1
2018-08-20,garden_tools,South,0
2018-08-20,garden_tools,Southeast,17
2018-08-20,health_beauty,Central-West,7
2018-08-20,health_beauty,North,0
2018-08-20,health_beauty,Northeast,7
2018-08-20,health_beauty,South,14
2018-08-20,health_beauty,Southeast,118
2018-08-20,housewares,Central-West,9
2018-08-20,housewares,North,0
2018-08-20,housewares,Northeast,1
2018-08-20,housewares,South,15
2018-08-20,housewares,Southeast,84
2018-08-20,sports_leisure,Central-West,3
2018-08-20,sports_leisure,North,0
2018-08-20,sports_leisure,Northeast,2
2018-08-20,sports_leisure,South,11
2018-08-20,sports_leisure,Southeast,63
2018-08-20,telephony,Central-West,3
2018-08-20,telephony,North,0
2018-08-20,telephony,Northeast,1
2018-08-20,telephony,South,3
2018-08-20,telephony,Southeast,28
2018-08-20,watches_gifts,Central-West,2
2018-08-20,watches_gifts,North,0
2018-08-20,watches_gifts,Northeast,3
2018-08-20,watches_gifts,South,8
2018-08-20,watches_gifts,Southeast,48
